time_ns,event_phase,event_origin_node,event_origin_sequence,ordinal,node_id,flow_id,cause,cause_flow_id,arrival_bytes,collective_id,algorithm,group_size,declared_total_bytes,rank,collective_phase,step,chunk_offset_bytes,chunk_bytes,packet_size_bytes,interval_ns,stop_time_ns,local_predecessor_flow_id,inbound_predecessor_flow_id,inbound_predecessor_bytes,before_local_complete,before_inbound_complete,before_inbound_bytes,activated,after_local_complete,after_inbound_complete,after_inbound_bytes,after_packets_emitted,after_bytes_emitted,after_status,after_next_time_ns,stage_kind,duration_ns,segment_sequence,segment_bytes,ack_number,cause_origin_ns,cause_delay_ns
2500,0,6,2,0,1,7,inbound_arrival,3,500,0,ring_allreduce,4,100000,2,reduce_scatter,2,25000,25000,500,0,60000000000,6,3,25000,0,0,0,0,0,0,500,0,0,blocked,0,tcp,0,0,500,0,0,0
2500,0,8,2,0,2,4,inbound_arrival,0,500,0,ring_allreduce,4,100000,1,reduce_scatter,2,0,25000,500,0,60000000000,3,0,25000,0,0,0,0,0,0,500,0,0,blocked,0,tcp,0,0,500,0,0,0
3000,0,4,2,0,0,1,inbound_arrival,9,500,0,ring_allreduce,4,100000,0,reduce_scatter,2,75000,25000,500,0,60000000000,0,9,25000,0,0,0,0,0,0,500,0,0,blocked,0,tcp,0,0,500,0,0,0
3000,0,10,2,0,3,10,inbound_arrival,6,500,0,ring_allreduce,4,100000,3,reduce_scatter,2,50000,25000,500,0,60000000000,9,6,25000,0,0,0,0,0,0,500,0,0,blocked,0,tcp,0,0,500,0,0,0
3500,0,6,5,0,1,7,inbound_arrival,3,500,0,ring_allreduce,4,100000,2,reduce_scatter,2,25000,25000,500,0,60000000000,6,3,25000,0,0,500,0,0,0,1000,0,0,blocked,0,tcp,0,500,500,0,0,0
3500,0,8,5,0,2,4,inbound_arrival,0,500,0,ring_allreduce,4,100000,1,reduce_scatter,2,0,25000,500,0,60000000000,3,0,25000,0,0,500,0,0,0,1000,0,0,blocked,0,tcp,0,500,500,0,0,0
4000,0,4,5,0,0,1,inbound_arrival,9,500,0,ring_allreduce,4,100000,0,reduce_scatter,2,75000,25000,500,0,60000000000,0,9,25000,0,0,500,0,0,0,1000,0,0,blocked,0,tcp,0,500,500,0,0,0
4000,0,10,5,0,3,10,inbound_arrival,6,500,0,ring_allreduce,4,100000,3,reduce_scatter,2,50000,25000,500,0,60000000000,9,6,25000,0,0,500,0,0,0,1000,0,0,blocked,0,tcp,0,500,500,0,0,0
6040,0,6,14,0,1,7,inbound_arrival,3,500,0,ring_allreduce,4,100000,2,reduce_scatter,2,25000,25000,500,0,60000000000,6,3,25000,0,0,1000,0,0,0,1500,0,0,blocked,0,tcp,0,1000,500,0,0,0
6040,0,10,14,0,3,10,inbound_arrival,6,500,0,ring_allreduce,4,100000,3,reduce_scatter,2,50000,25000,500,0,60000000000,9,6,25000,0,0,1000,0,0,0,1500,0,0,blocked,0,tcp,0,1000,500,0,0,0
6540,0,6,17,0,1,7,inbound_arrival,3,500,0,ring_allreduce,4,100000,2,reduce_scatter,2,25000,25000,500,0,60000000000,6,3,25000,0,0,1500,0,0,0,2000,0,0,blocked,0,tcp,0,1500,500,0,0,0
6540,0,8,14,0,2,4,inbound_arrival,0,500,0,ring_allreduce,4,100000,1,reduce_scatter,2,0,25000,500,0,60000000000,3,0,25000,0,0,1000,0,0,0,1500,0,0,blocked,0,tcp,0,1000,500,0,0,0
7040,0,4,14,0,0,1,inbound_arrival,9,500,0,ring_allreduce,4,100000,0,reduce_scatter,2,75000,25000,500,0,60000000000,0,9,25000,0,0,1000,0,0,0,1500,0,0,blocked,0,tcp,0,1000,500,0,0,0
7040,0,10,17,0,3,10,inbound_arrival,6,500,0,ring_allreduce,4,100000,3,reduce_scatter,2,50000,25000,500,0,60000000000,9,6,25000,0,0,1500,0,0,0,2000,0,0,blocked,0,tcp,0,1500,500,0,0,0
7540,0,6,20,0,1,7,inbound_arrival,3,500,0,ring_allreduce,4,100000,2,reduce_scatter,2,25000,25000,500,0,60000000000,6,3,25000,0,0,2000,0,0,0,2500,0,0,blocked,0,tcp,0,2000,500,0,0,0
7540,0,8,17,0,2,4,inbound_arrival,0,500,0,ring_allreduce,4,100000,1,reduce_scatter,2,0,25000,500,0,60000000000,3,0,25000,0,0,1500,0,0,0,2000,0,0,blocked,0,tcp,0,1500,500,0,0,0
8040,0,4,17,0,0,1,inbound_arrival,9,500,0,ring_allreduce,4,100000,0,reduce_scatter,2,75000,25000,500,0,60000000000,0,9,25000,0,0,1500,0,0,0,2000,0,0,blocked,0,tcp,0,1500,500,0,0,0
8040,0,10,20,0,3,10,inbound_arrival,6,500,0,ring_allreduce,4,100000,3,reduce_scatter,2,50000,25000,500,0,60000000000,9,6,25000,0,0,2000,0,0,0,2500,0,0,blocked,0,tcp,0,2000,500,0,0,0
8540,0,6,23,0,1,7,inbound_arrival,3,500,0,ring_allreduce,4,100000,2,reduce_scatter,2,25000,25000,500,0,60000000000,6,3,25000,0,0,2500,0,0,0,3000,0,0,blocked,0,tcp,0,2500,500,0,0,0
8540,0,8,20,0,2,4,inbound_arrival,0,500,0,ring_allreduce,4,100000,1,reduce_scatter,2,0,25000,500,0,60000000000,3,0,25000,0,0,2000,0,0,0,2500,0,0,blocked,0,tcp,0,2000,500,0,0,0
9040,0,4,20,0,0,1,inbound_arrival,9,500,0,ring_allreduce,4,100000,0,reduce_scatter,2,75000,25000,500,0,60000000000,0,9,25000,0,0,2000,0,0,0,2500,0,0,blocked,0,tcp,0,2000,500,0,0,0
9040,0,10,23,0,3,10,inbound_arrival,6,500,0,ring_allreduce,4,100000,3,reduce_scatter,2,50000,25000,500,0,60000000000,9,6,25000,0,0,2500,0,0,0,3000,0,0,blocked,0,tcp,0,2500,500,0,0,0
9540,0,4,23,0,0,1,inbound_arrival,9,500,0,ring_allreduce,4,100000,0,reduce_scatter,2,75000,25000,500,0,60000000000,0,9,25000,0,0,2500,0,0,0,3000,0,0,blocked,0,tcp,0,2500,500,0,0,0
11080,0,6,38,0,1,7,inbound_arrival,3,500,0,ring_allreduce,4,100000,2,reduce_scatter,2,25000,25000,500,0,60000000000,6,3,25000,0,0,3000,0,0,0,3500,0,0,blocked,0,tcp,0,3000,500,0,0,0
11160,0,10,38,0,3,10,inbound_arrival,6,500,0,ring_allreduce,4,100000,3,reduce_scatter,2,50000,25000,500,0,60000000000,9,6,25000,0,0,3000,0,0,0,3500,0,0,blocked,0,tcp,0,3000,500,0,0,0
11580,0,6,41,0,1,7,inbound_arrival,3,500,0,ring_allreduce,4,100000,2,reduce_scatter,2,25000,25000,500,0,60000000000,6,3,25000,0,0,3500,0,0,0,4000,0,0,blocked,0,tcp,0,3500,500,0,0,0
11660,0,10,41,0,3,10,inbound_arrival,6,500,0,ring_allreduce,4,100000,3,reduce_scatter,2,50000,25000,500,0,60000000000,9,6,25000,0,0,3500,0,0,0,4000,0,0,blocked,0,tcp,0,3500,500,0,0,0
12080,0,4,32,0,0,1,inbound_arrival,9,500,0,ring_allreduce,4,100000,0,reduce_scatter,2,75000,25000,500,0,60000000000,0,9,25000,0,0,3000,0,0,0,3500,0,0,blocked,0,tcp,0,3000,500,0,0,0
12160,0,8,35,0,2,4,inbound_arrival,0,0,0,ring_allreduce,4,100000,1,reduce_scatter,2,0,25000,500,0,60000000000,3,0,25000,0,0,2500,0,0,0,2500,0,0,blocked,0,tcp,0,3000,500,0,0,0
12580,0,6,44,0,1,7,inbound_arrival,3,500,0,ring_allreduce,4,100000,2,reduce_scatter,2,25000,25000,500,0,60000000000,6,3,25000,0,0,4000,0,0,0,4500,0,0,blocked,0,tcp,0,4000,500,0,0,0
12660,0,10,44,0,3,10,inbound_arrival,6,500,0,ring_allreduce,4,100000,3,reduce_scatter,2,50000,25000,500,0,60000000000,9,6,25000,0,0,4000,0,0,0,4500,0,0,blocked,0,tcp,0,4000,500,0,0,0
13080,0,4,35,0,0,1,inbound_arrival,9,500,0,ring_allreduce,4,100000,0,reduce_scatter,2,75000,25000,500,0,60000000000,0,9,25000,0,0,3500,0,0,0,4000,0,0,blocked,0,tcp,0,3500,500,0,0,0
13160,0,8,38,0,2,4,inbound_arrival,0,0,0,ring_allreduce,4,100000,1,reduce_scatter,2,0,25000,500,0,60000000000,3,0,25000,0,0,2500,0,0,0,2500,0,0,blocked,0,tcp,0,3500,500,0,0,0
13580,0,6,47,0,1,7,inbound_arrival,3,500,0,ring_allreduce,4,100000,2,reduce_scatter,2,25000,25000,500,0,60000000000,6,3,25000,0,0,4500,0,0,0,5000,0,0,blocked,0,tcp,0,4500,500,0,0,0
13660,0,10,47,0,3,10,inbound_arrival,6,500,0,ring_allreduce,4,100000,3,reduce_scatter,2,50000,25000,500,0,60000000000,9,6,25000,0,0,4500,0,0,0,5000,0,0,blocked,0,tcp,0,4500,500,0,0,0
14080,0,4,38,0,0,1,inbound_arrival,9,500,0,ring_allreduce,4,100000,0,reduce_scatter,2,75000,25000,500,0,60000000000,0,9,25000,0,0,4000,0,0,0,4500,0,0,blocked,0,tcp,0,4000,500,0,0,0
14160,0,8,41,0,2,4,inbound_arrival,0,0,0,ring_allreduce,4,100000,1,reduce_scatter,2,0,25000,500,0,60000000000,3,0,25000,0,0,2500,0,0,0,2500,0,0,blocked,0,tcp,0,4000,500,0,0,0
14580,0,6,50,0,1,7,inbound_arrival,3,500,0,ring_allreduce,4,100000,2,reduce_scatter,2,25000,25000,500,0,60000000000,6,3,25000,0,0,5000,0,0,0,5500,0,0,blocked,0,tcp,0,5000,500,0,0,0
14660,0,10,50,0,3,10,inbound_arrival,6,500,0,ring_allreduce,4,100000,3,reduce_scatter,2,50000,25000,500,0,60000000000,9,6,25000,0,0,5000,0,0,0,5500,0,0,blocked,0,tcp,0,5000,500,0,0,0
15080,0,6,53,0,1,7,inbound_arrival,3,500,0,ring_allreduce,4,100000,2,reduce_scatter,2,25000,25000,500,0,60000000000,6,3,25000,0,0,5500,0,0,0,6000,0,0,blocked,0,tcp,0,5500,500,0,0,0
15160,0,8,44,0,2,4,inbound_arrival,0,0,0,ring_allreduce,4,100000,1,reduce_scatter,2,0,25000,500,0,60000000000,3,0,25000,0,0,2500,0,0,0,2500,0,0,blocked,0,tcp,0,4500,500,0,0,0
15580,0,6,56,0,1,7,inbound_arrival,3,500,0,ring_allreduce,4,100000,2,reduce_scatter,2,25000,25000,500,0,60000000000,6,3,25000,0,0,6000,0,0,0,6500,0,0,blocked,0,tcp,0,6000,500,0,0,0
15660,0,8,47,0,2,4,inbound_arrival,0,0,0,ring_allreduce,4,100000,1,reduce_scatter,2,0,25000,500,0,60000000000,3,0,25000,0,0,2500,0,0,0,2500,0,0,blocked,0,tcp,0,5000,500,0,0,0
16080,0,6,59,0,1,7,inbound_arrival,3,500,0,ring_allreduce,4,100000,2,reduce_scatter,2,25000,25000,500,0,60000000000,6,3,25000,0,0,6500,0,0,0,7000,0,0,blocked,0,tcp,0,6500,500,0,0,0
17280,0,4,53,0,0,1,inbound_arrival,9,0,0,ring_allreduce,4,100000,0,reduce_scatter,2,75000,25000,500,0,60000000000,0,9,25000,0,0,4500,0,0,0,4500,0,0,blocked,0,tcp,0,7000,500,0,0,0
17780,0,4,56,0,0,1,inbound_arrival,9,0,0,ring_allreduce,4,100000,0,reduce_scatter,2,75000,25000,500,0,60000000000,0,9,25000,0,0,4500,0,0,0,4500,0,0,blocked,0,tcp,0,7500,500,0,0,0
17860,0,8,65,0,2,4,inbound_arrival,0,3000,0,ring_allreduce,4,100000,1,reduce_scatter,2,0,25000,500,0,60000000000,3,0,25000,0,0,2500,0,0,0,5500,0,0,blocked,0,tcp,0,2500,500,0,0,0
18280,0,6,68,0,1,7,inbound_arrival,3,500,0,ring_allreduce,4,100000,2,reduce_scatter,2,25000,25000,500,0,60000000000,6,3,25000,0,0,7000,0,0,0,7500,0,0,blocked,0,tcp,0,7000,500,0,0,0
18360,0,8,68,0,2,4,inbound_arrival,0,500,0,ring_allreduce,4,100000,1,reduce_scatter,2,0,25000,500,0,60000000000,3,0,25000,0,0,5500,0,0,0,6000,0,0,blocked,0,tcp,0,5500,500,0,0,0
18780,0,4,59,0,0,1,inbound_arrival,9,0,0,ring_allreduce,4,100000,0,reduce_scatter,2,75000,25000,500,0,60000000000,0,9,25000,0,0,4500,0,0,0,4500,0,0,blocked,0,tcp,0,8000,500,0,0,0
18860,0,10,59,0,3,10,inbound_arrival,6,0,0,ring_allreduce,4,100000,3,reduce_scatter,2,50000,25000,500,0,60000000000,9,6,25000,0,0,5500,0,0,0,5500,0,0,blocked,0,tcp,0,7000,500,0,0,0
19280,0,6,71,0,1,7,inbound_arrival,3,500,0,ring_allreduce,4,100000,2,reduce_scatter,2,25000,25000,500,0,60000000000,6,3,25000,0,0,7500,0,0,0,8000,0,0,blocked,0,tcp,0,7500,500,0,0,0
19400,0,10,65,0,3,10,inbound_arrival,6,0,0,ring_allreduce,4,100000,3,reduce_scatter,2,50000,25000,500,0,60000000000,9,6,25000,0,0,5500,0,0,0,5500,0,0,blocked,0,tcp,0,7500,500,0,0,0
19780,0,4,62,0,0,1,inbound_arrival,9,0,0,ring_allreduce,4,100000,0,reduce_scatter,2,75000,25000,500,0,60000000000,0,9,25000,0,0,4500,0,0,0,4500,0,0,blocked,0,tcp,0,8500,500,0,0,0
19940,0,10,71,0,3,10,inbound_arrival,6,0,0,ring_allreduce,4,100000,3,reduce_scatter,2,50000,25000,500,0,60000000000,9,6,25000,0,0,5500,0,0,0,5500,0,0,blocked,0,tcp,0,8000,500,0,0,0
20280,0,6,74,0,1,7,inbound_arrival,3,500,0,ring_allreduce,4,100000,2,reduce_scatter,2,25000,25000,500,0,60000000000,6,3,25000,0,0,8000,0,0,0,8500,0,0,blocked,0,tcp,0,8000,500,0,0,0
20440,0,10,74,0,3,10,inbound_arrival,6,0,0,ring_allreduce,4,100000,3,reduce_scatter,2,50000,25000,500,0,60000000000,9,6,25000,0,0,5500,0,0,0,5500,0,0,blocked,0,tcp,0,8500,500,0,0,0
20780,0,4,65,0,0,1,inbound_arrival,9,0,0,ring_allreduce,4,100000,0,reduce_scatter,2,75000,25000,500,0,60000000000,0,9,25000,0,0,4500,0,0,0,4500,0,0,blocked,0,tcp,0,9000,500,0,0,0
20980,0,10,80,0,3,10,inbound_arrival,6,0,0,ring_allreduce,4,100000,3,reduce_scatter,2,50000,25000,500,0,60000000000,9,6,25000,0,0,5500,0,0,0,5500,0,0,blocked,0,tcp,0,9000,500,0,0,0
21280,0,6,77,0,1,7,inbound_arrival,3,500,0,ring_allreduce,4,100000,2,reduce_scatter,2,25000,25000,500,0,60000000000,6,3,25000,0,0,8500,0,0,0,9000,0,0,blocked,0,tcp,0,8500,500,0,0,0
21480,0,10,83,0,3,10,inbound_arrival,6,0,0,ring_allreduce,4,100000,3,reduce_scatter,2,50000,25000,500,0,60000000000,9,6,25000,0,0,5500,0,0,0,5500,0,0,blocked,0,tcp,0,9500,500,0,0,0
21780,0,6,80,0,1,7,inbound_arrival,3,500,0,ring_allreduce,4,100000,2,reduce_scatter,2,25000,25000,500,0,60000000000,6,3,25000,0,0,9000,0,0,0,9500,0,0,blocked,0,tcp,0,9000,500,0,0,0
22020,0,10,89,0,3,10,inbound_arrival,6,0,0,ring_allreduce,4,100000,3,reduce_scatter,2,50000,25000,500,0,60000000000,9,6,25000,0,0,5500,0,0,0,5500,0,0,blocked,0,tcp,0,10000,500,0,0,0
22700,0,6,95,0,1,7,inbound_arrival,3,0,0,ring_allreduce,4,100000,2,reduce_scatter,2,25000,25000,500,0,60000000000,6,3,25000,0,0,9500,0,0,0,9500,0,0,blocked,0,tcp,0,11500,500,0,0,0
23200,0,4,68,0,0,1,inbound_arrival,9,500,0,ring_allreduce,4,100000,0,reduce_scatter,2,75000,25000,500,0,60000000000,0,9,25000,0,0,4500,0,0,0,5000,0,0,blocked,0,tcp,0,4500,500,0,0,0
23780,0,6,104,0,1,7,inbound_arrival,3,0,0,ring_allreduce,4,100000,2,reduce_scatter,2,25000,25000,500,0,60000000000,6,3,25000,0,0,9500,0,0,0,9500,0,0,blocked,0,tcp,0,12000,500,0,0,0
24320,0,6,110,0,1,7,inbound_arrival,3,0,0,ring_allreduce,4,100000,2,reduce_scatter,2,25000,25000,500,0,60000000000,6,3,25000,0,0,9500,0,0,0,9500,0,0,blocked,0,tcp,0,13000,500,0,0,0
24400,0,10,95,0,3,10,inbound_arrival,6,500,0,ring_allreduce,4,100000,3,reduce_scatter,2,50000,25000,500,0,60000000000,9,6,25000,0,0,5500,0,0,0,6000,0,0,blocked,0,tcp,0,5500,500,0,0,0
24900,0,6,113,0,1,7,inbound_arrival,3,0,0,ring_allreduce,4,100000,2,reduce_scatter,2,25000,25000,500,0,60000000000,6,3,25000,0,0,9500,0,0,0,9500,0,0,blocked,0,tcp,0,13500,500,0,0,0
25280,0,10,101,0,3,10,inbound_arrival,6,0,0,ring_allreduce,4,100000,3,reduce_scatter,2,50000,25000,500,0,60000000000,9,6,25000,0,0,6000,0,0,0,6000,0,0,blocked,0,tcp,0,10500,500,0,0,0
25400,0,6,116,0,1,7,inbound_arrival,3,0,0,ring_allreduce,4,100000,2,reduce_scatter,2,25000,25000,500,0,60000000000,6,3,25000,0,0,9500,0,0,0,9500,0,0,blocked,0,tcp,0,14000,500,0,0,0
25900,0,6,119,0,1,7,inbound_arrival,3,0,0,ring_allreduce,4,100000,2,reduce_scatter,2,25000,25000,500,0,60000000000,6,3,25000,0,0,9500,0,0,0,9500,0,0,blocked,0,tcp,0,14500,500,0,0,0
25940,0,8,89,0,2,4,inbound_arrival,0,500,0,ring_allreduce,4,100000,1,reduce_scatter,2,0,25000,500,0,60000000000,3,0,25000,0,0,6000,0,0,0,6500,0,0,blocked,0,tcp,0,6000,500,0,0,0
26440,0,6,125,0,1,7,inbound_arrival,3,0,0,ring_allreduce,4,100000,2,reduce_scatter,2,25000,25000,500,0,60000000000,6,3,25000,0,0,9500,0,0,0,9500,0,0,blocked,0,tcp,0,15000,500,0,0,0
26440,0,10,104,0,3,10,inbound_arrival,6,0,0,ring_allreduce,4,100000,3,reduce_scatter,2,50000,25000,500,0,60000000000,9,6,25000,0,0,6000,0,0,0,6000,0,0,blocked,0,tcp,0,11000,500,0,0,0
26940,0,6,128,0,1,7,inbound_arrival,3,0,0,ring_allreduce,4,100000,2,reduce_scatter,2,25000,25000,500,0,60000000000,6,3,25000,0,0,9500,0,0,0,9500,0,0,blocked,0,tcp,0,15500,500,0,0,0
26980,0,8,95,0,2,4,inbound_arrival,0,500,0,ring_allreduce,4,100000,1,reduce_scatter,2,0,25000,500,0,60000000000,3,0,25000,0,0,6500,0,0,0,7000,0,0,blocked,0,tcp,0,6500,500,0,0,0
27440,0,4,77,0,0,1,inbound_arrival,9,500,0,ring_allreduce,4,100000,0,reduce_scatter,2,75000,25000,500,0,60000000000,0,9,25000,0,0,5000,0,0,0,5500,0,0,blocked,0,tcp,0,5000,500,0,0,0
27520,0,8,101,0,2,4,inbound_arrival,0,500,0,ring_allreduce,4,100000,1,reduce_scatter,2,0,25000,500,0,60000000000,3,0,25000,0,0,7000,0,0,0,7500,0,0,blocked,0,tcp,0,7000,500,0,0,0
27980,0,6,134,0,1,7,inbound_arrival,3,0,0,ring_allreduce,4,100000,2,reduce_scatter,2,25000,25000,500,0,60000000000,6,3,25000,0,0,9500,0,0,0,9500,0,0,blocked,0,tcp,0,16000,500,0,0,0
28440,0,10,107,0,3,10,inbound_arrival,6,500,0,ring_allreduce,4,100000,3,reduce_scatter,2,50000,25000,500,0,60000000000,9,6,25000,0,0,6000,0,0,0,6500,0,0,blocked,0,tcp,0,6000,500,0,0,0
28480,0,6,137,0,1,7,inbound_arrival,3,0,0,ring_allreduce,4,100000,2,reduce_scatter,2,25000,25000,500,0,60000000000,6,3,25000,0,0,9500,0,0,0,9500,0,0,blocked,0,tcp,0,16500,500,0,0,0
29020,0,6,143,0,1,7,inbound_arrival,3,0,0,ring_allreduce,4,100000,2,reduce_scatter,2,25000,25000,500,0,60000000000,6,3,25000,0,0,9500,0,0,0,9500,0,0,blocked,0,tcp,0,17000,500,0,0,0
29520,0,6,146,0,1,7,inbound_arrival,3,0,0,ring_allreduce,4,100000,2,reduce_scatter,2,25000,25000,500,0,60000000000,6,3,25000,0,0,9500,0,0,0,9500,0,0,blocked,0,tcp,0,17500,500,0,0,0
30060,0,6,149,0,1,7,inbound_arrival,3,500,0,ring_allreduce,4,100000,2,reduce_scatter,2,25000,25000,500,0,60000000000,6,3,25000,0,0,9500,0,0,0,10000,0,0,blocked,0,tcp,0,9500,500,0,0,0
30350,0,6,155,0,1,7,inbound_arrival,3,0,0,ring_allreduce,4,100000,2,reduce_scatter,2,25000,25000,500,0,60000000000,6,3,25000,0,0,10000,0,0,0,10000,0,0,blocked,0,tcp,0,18000,250,0,0,0
30980,0,4,86,0,0,1,inbound_arrival,9,500,0,ring_allreduce,4,100000,0,reduce_scatter,2,75000,25000,500,0,60000000000,0,9,25000,0,0,5500,0,0,0,6000,0,0,blocked,0,tcp,0,5500,500,0,0,0
31140,0,8,128,0,2,4,inbound_arrival,0,500,0,ring_allreduce,4,100000,1,reduce_scatter,2,0,25000,500,0,60000000000,3,0,25000,0,0,7500,0,0,0,8000,0,0,blocked,0,tcp,0,7500,500,0,0,0
31480,0,6,158,0,1,7,inbound_arrival,3,0,0,ring_allreduce,4,100000,2,reduce_scatter,2,25000,25000,500,0,60000000000,6,3,25000,0,0,10000,0,0,0,10000,0,0,blocked,0,tcp,0,18250,500,0,0,0
31680,0,8,134,0,2,4,inbound_arrival,0,500,0,ring_allreduce,4,100000,1,reduce_scatter,2,0,25000,500,0,60000000000,3,0,25000,0,0,8000,0,0,0,8500,0,0,blocked,0,tcp,0,8000,500,0,0,0
31980,0,6,161,0,1,7,inbound_arrival,3,0,0,ring_allreduce,4,100000,2,reduce_scatter,2,25000,25000,500,0,60000000000,6,3,25000,0,0,10000,0,0,0,10000,0,0,blocked,0,tcp,0,18750,500,0,0,0
32180,0,8,137,0,2,4,inbound_arrival,0,500,0,ring_allreduce,4,100000,1,reduce_scatter,2,0,25000,500,0,60000000000,3,0,25000,0,0,8500,0,0,0,9000,0,0,blocked,0,tcp,0,8500,500,0,0,0
32480,0,6,164,0,1,7,inbound_arrival,3,0,0,ring_allreduce,4,100000,2,reduce_scatter,2,25000,25000,500,0,60000000000,6,3,25000,0,0,10000,0,0,0,10000,0,0,blocked,0,tcp,0,19250,500,0,0,0
32720,0,10,116,0,3,10,inbound_arrival,6,5000,0,ring_allreduce,4,100000,3,reduce_scatter,2,50000,25000,500,0,60000000000,9,6,25000,0,0,6500,0,0,0,11500,0,0,blocked,0,tcp,0,6500,500,0,0,0
33680,0,6,167,0,1,7,inbound_arrival,3,500,0,ring_allreduce,4,100000,2,reduce_scatter,2,25000,25000,500,0,60000000000,6,3,25000,0,0,10000,0,0,0,10500,0,0,blocked,0,tcp,0,10000,500,0,0,0
34100,0,8,152,0,2,4,inbound_arrival,0,500,0,ring_allreduce,4,100000,1,reduce_scatter,2,0,25000,500,0,60000000000,3,0,25000,0,0,9000,0,0,0,9500,0,0,blocked,0,tcp,0,9000,500,0,0,0
34260,0,4,98,0,0,1,inbound_arrival,9,500,0,ring_allreduce,4,100000,0,reduce_scatter,2,75000,25000,500,0,60000000000,0,9,25000,0,0,6000,0,0,0,6500,0,0,blocked,0,tcp,0,6000,500,0,0,0
34600,0,8,155,0,2,4,inbound_arrival,0,500,0,ring_allreduce,4,100000,1,reduce_scatter,2,0,25000,500,0,60000000000,3,0,25000,0,0,9500,0,0,0,10000,0,0,blocked,0,tcp,0,9500,500,0,0,0
34800,0,6,173,0,1,7,inbound_arrival,3,0,0,ring_allreduce,4,100000,2,reduce_scatter,2,25000,25000,500,0,60000000000,6,3,25000,0,0,10500,0,0,0,10500,0,0,blocked,0,tcp,0,10000,500,0,0,0
35300,0,8,161,0,2,4,inbound_arrival,0,500,0,ring_allreduce,4,100000,1,reduce_scatter,2,0,25000,500,0,60000000000,3,0,25000,0,0,10000,0,0,0,10500,0,0,blocked,0,tcp,0,10000,500,0,0,0
35800,0,8,164,0,2,4,inbound_arrival,0,500,0,ring_allreduce,4,100000,1,reduce_scatter,2,0,25000,500,0,60000000000,3,0,25000,0,0,10500,0,0,0,11000,0,0,blocked,0,tcp,0,10500,500,0,0,0
36300,0,10,119,0,3,10,inbound_arrival,6,500,0,ring_allreduce,4,100000,3,reduce_scatter,2,50000,25000,500,0,60000000000,9,6,25000,0,0,11500,0,0,0,12000,0,0,blocked,0,tcp,0,11500,500,0,0,0
36800,0,8,167,0,2,4,inbound_arrival,0,500,0,ring_allreduce,4,100000,1,reduce_scatter,2,0,25000,500,0,60000000000,3,0,25000,0,0,11000,0,0,0,11500,0,0,blocked,0,tcp,0,11000,500,0,0,0
37140,0,6,176,0,1,7,inbound_arrival,3,500,0,ring_allreduce,4,100000,2,reduce_scatter,2,25000,25000,500,0,60000000000,6,3,25000,0,0,10500,0,0,0,11000,0,0,blocked,0,tcp,0,10500,500,0,0,0
37340,0,10,125,0,3,10,inbound_arrival,6,500,0,ring_allreduce,4,100000,3,reduce_scatter,2,50000,25000,500,0,60000000000,9,6,25000,0,0,12000,0,0,0,12500,0,0,blocked,0,tcp,0,12000,500,0,0,0
37840,0,8,170,0,2,4,inbound_arrival,0,500,0,ring_allreduce,4,100000,1,reduce_scatter,2,0,25000,500,0,60000000000,3,0,25000,0,0,11500,0,0,0,12000,0,0,blocked,0,tcp,0,11500,500,0,0,0
38340,0,10,128,0,3,10,inbound_arrival,6,500,0,ring_allreduce,4,100000,3,reduce_scatter,2,50000,25000,500,0,60000000000,9,6,25000,0,0,12500,0,0,0,13000,0,0,blocked,0,tcp,0,12500,500,0,0,0
38840,0,4,116,0,0,1,inbound_arrival,9,3000,0,ring_allreduce,4,100000,0,reduce_scatter,2,75000,25000,500,0,60000000000,0,9,25000,0,0,6500,0,0,0,9500,0,0,blocked,0,tcp,0,6500,500,0,0,0
38840,0,8,173,0,2,4,inbound_arrival,0,500,0,ring_allreduce,4,100000,1,reduce_scatter,2,0,25000,500,0,60000000000,3,0,25000,0,0,12000,0,0,0,12500,0,0,blocked,0,tcp,0,12000,500,0,0,0
39340,0,10,131,0,3,10,inbound_arrival,6,500,0,ring_allreduce,4,100000,3,reduce_scatter,2,50000,25000,500,0,60000000000,9,6,25000,0,0,13000,0,0,0,13500,0,0,blocked,0,tcp,0,13000,500,0,0,0
39840,0,10,134,0,3,10,inbound_arrival,6,500,0,ring_allreduce,4,100000,3,reduce_scatter,2,50000,25000,500,0,60000000000,9,6,25000,0,0,13500,0,0,0,14000,0,0,blocked,0,tcp,0,13500,500,0,0,0
40380,0,8,179,0,2,4,inbound_arrival,0,0,0,ring_allreduce,4,100000,1,reduce_scatter,2,0,25000,500,0,60000000000,3,0,25000,0,0,12500,0,0,0,12500,0,0,blocked,0,tcp,0,13000,500,0,0,0
40880,0,10,137,0,3,10,inbound_arrival,6,500,0,ring_allreduce,4,100000,3,reduce_scatter,2,50000,25000,500,0,60000000000,9,6,25000,0,0,14000,0,0,0,14500,0,0,blocked,0,tcp,0,14000,500,0,0,0
41380,0,8,182,0,2,4,inbound_arrival,0,0,0,ring_allreduce,4,100000,1,reduce_scatter,2,0,25000,500,0,60000000000,3,0,25000,0,0,12500,0,0,0,12500,0,0,blocked,0,tcp,0,14000,500,0,0,0
41460,0,6,194,0,1,7,inbound_arrival,3,1500,0,ring_allreduce,4,100000,2,reduce_scatter,2,25000,25000,500,0,60000000000,6,3,25000,0,0,11000,0,0,0,12500,0,0,blocked,0,tcp,0,11000,500,0,0,0
41920,0,10,143,0,3,10,inbound_arrival,6,500,0,ring_allreduce,4,100000,3,reduce_scatter,2,50000,25000,500,0,60000000000,9,6,25000,0,0,14500,0,0,0,15000,0,0,blocked,0,tcp,0,14500,500,0,0,0
42420,0,10,146,0,3,10,inbound_arrival,6,500,0,ring_allreduce,4,100000,3,reduce_scatter,2,50000,25000,500,0,60000000000,9,6,25000,0,0,15000,0,0,0,15500,0,0,blocked,0,tcp,0,15000,500,0,0,0
42920,0,8,185,0,2,4,inbound_arrival,0,0,0,ring_allreduce,4,100000,1,reduce_scatter,2,0,25000,500,0,60000000000,3,0,25000,0,0,12500,0,0,0,12500,0,0,blocked,0,tcp,0,15000,500,0,0,0
43420,0,4,131,0,0,1,inbound_arrival,9,500,0,ring_allreduce,4,100000,0,reduce_scatter,2,75000,25000,500,0,60000000000,0,9,25000,0,0,9500,0,0,0,10000,0,0,blocked,0,tcp,0,9500,500,0,0,0
43420,0,10,149,0,3,10,inbound_arrival,6,500,0,ring_allreduce,4,100000,3,reduce_scatter,2,50000,25000,500,0,60000000000,9,6,25000,0,0,15500,0,0,0,16000,0,0,blocked,0,tcp,0,15500,500,0,0,0
43920,0,4,134,0,0,1,inbound_arrival,9,500,0,ring_allreduce,4,100000,0,reduce_scatter,2,75000,25000,500,0,60000000000,0,9,25000,0,0,10000,0,0,0,10500,0,0,blocked,0,tcp,0,10000,500,0,0,0
43920,0,10,152,0,3,10,inbound_arrival,6,500,0,ring_allreduce,4,100000,3,reduce_scatter,2,50000,25000,500,0,60000000000,9,6,25000,0,0,16000,0,0,0,16500,0,0,blocked,0,tcp,0,16000,500,0,0,0
44420,0,4,137,0,0,1,inbound_arrival,9,500,0,ring_allreduce,4,100000,0,reduce_scatter,2,75000,25000,500,0,60000000000,0,9,25000,0,0,10500,0,0,0,11000,0,0,blocked,0,tcp,0,10500,500,0,0,0
44420,0,10,155,0,3,10,inbound_arrival,6,500,0,ring_allreduce,4,100000,3,reduce_scatter,2,50000,25000,500,0,60000000000,9,6,25000,0,0,16500,0,0,0,17000,0,0,blocked,0,tcp,0,16500,500,0,0,0
44960,0,4,143,0,0,1,inbound_arrival,9,500,0,ring_allreduce,4,100000,0,reduce_scatter,2,75000,25000,500,0,60000000000,0,9,25000,0,0,11000,0,0,0,11500,0,0,blocked,0,tcp,0,11000,500,0,0,0
44960,0,10,158,0,3,10,inbound_arrival,6,500,0,ring_allreduce,4,100000,3,reduce_scatter,2,50000,25000,500,0,60000000000,9,6,25000,0,0,17000,0,0,0,17500,0,0,blocked,0,tcp,0,17000,500,0,0,0
45460,0,4,146,0,0,1,inbound_arrival,9,500,0,ring_allreduce,4,100000,0,reduce_scatter,2,75000,25000,500,0,60000000000,0,9,25000,0,0,11500,0,0,0,12000,0,0,blocked,0,tcp,0,11500,500,0,0,0
46160,0,6,215,0,1,7,inbound_arrival,3,7250,0,ring_allreduce,4,100000,2,reduce_scatter,2,25000,25000,500,0,60000000000,6,3,25000,0,0,12500,0,0,0,19750,0,0,blocked,0,tcp,0,12500,500,0,0,0
46960,0,8,191,0,2,4,inbound_arrival,0,1000,0,ring_allreduce,4,100000,1,reduce_scatter,2,0,25000,500,0,60000000000,3,0,25000,0,0,12500,0,0,0,13500,0,0,blocked,0,tcp,0,12500,500,0,0,0
47500,0,4,149,0,0,1,inbound_arrival,9,500,0,ring_allreduce,4,100000,0,reduce_scatter,2,75000,25000,500,0,60000000000,0,9,25000,0,0,12000,0,0,0,12500,0,0,blocked,0,tcp,0,12000,500,0,0,0
47540,0,10,176,0,3,10,inbound_arrival,6,500,0,ring_allreduce,4,100000,3,reduce_scatter,2,50000,25000,500,0,60000000000,9,6,25000,0,0,17500,0,0,0,18000,0,0,blocked,0,tcp,0,17500,500,0,0,0
48000,0,4,152,0,0,1,inbound_arrival,9,500,0,ring_allreduce,4,100000,0,reduce_scatter,2,75000,25000,500,0,60000000000,0,9,25000,0,0,12500,0,0,0,13000,0,0,blocked,0,tcp,0,12500,500,0,0,0
48040,0,10,179,0,3,10,inbound_arrival,6,500,0,ring_allreduce,4,100000,3,reduce_scatter,2,50000,25000,500,0,60000000000,9,6,25000,0,0,18000,0,0,0,18500,0,0,blocked,0,tcp,0,18000,500,0,0,0
48500,0,4,155,0,0,1,inbound_arrival,9,500,0,ring_allreduce,4,100000,0,reduce_scatter,2,75000,25000,500,0,60000000000,0,9,25000,0,0,13000,0,0,0,13500,0,0,blocked,0,tcp,0,13000,500,0,0,0
48540,0,10,182,0,3,10,inbound_arrival,6,500,0,ring_allreduce,4,100000,3,reduce_scatter,2,50000,25000,500,0,60000000000,9,6,25000,0,0,18500,0,0,0,19000,0,0,blocked,0,tcp,0,18500,500,0,0,0
49040,0,4,161,0,0,1,inbound_arrival,9,500,0,ring_allreduce,4,100000,0,reduce_scatter,2,75000,25000,500,0,60000000000,0,9,25000,0,0,13500,0,0,0,14000,0,0,blocked,0,tcp,0,13500,500,0,0,0
49040,0,10,185,0,3,10,inbound_arrival,6,500,0,ring_allreduce,4,100000,3,reduce_scatter,2,50000,25000,500,0,60000000000,9,6,25000,0,0,19000,0,0,0,19500,0,0,blocked,0,tcp,0,19000,500,0,0,0
49540,0,4,164,0,0,1,inbound_arrival,9,500,0,ring_allreduce,4,100000,0,reduce_scatter,2,75000,25000,500,0,60000000000,0,9,25000,0,0,14000,0,0,0,14500,0,0,blocked,0,tcp,0,14000,500,0,0,0
49580,0,10,191,0,3,10,inbound_arrival,6,500,0,ring_allreduce,4,100000,3,reduce_scatter,2,50000,25000,500,0,60000000000,9,6,25000,0,0,19500,0,0,0,20000,0,0,blocked,0,tcp,0,19500,500,0,0,0
50040,0,4,167,0,0,1,inbound_arrival,9,500,0,ring_allreduce,4,100000,0,reduce_scatter,2,75000,25000,500,0,60000000000,0,9,25000,0,0,14500,0,0,0,15000,0,0,blocked,0,tcp,0,14500,500,0,0,0
50120,0,10,197,0,3,10,inbound_arrival,6,500,0,ring_allreduce,4,100000,3,reduce_scatter,2,50000,25000,500,0,60000000000,9,6,25000,0,0,20000,0,0,0,20500,0,0,blocked,0,tcp,0,20000,500,0,0,0
50700,0,10,203,0,3,10,inbound_arrival,6,500,0,ring_allreduce,4,100000,3,reduce_scatter,2,50000,25000,500,0,60000000000,9,6,25000,0,0,20500,0,0,0,21000,0,0,blocked,0,tcp,0,20500,500,0,0,0
51200,0,8,197,0,2,4,inbound_arrival,0,1000,0,ring_allreduce,4,100000,1,reduce_scatter,2,0,25000,500,0,60000000000,3,0,25000,0,0,13500,0,0,0,14500,0,0,blocked,0,tcp,0,13500,500,0,0,0
51580,0,4,170,0,0,1,inbound_arrival,9,500,0,ring_allreduce,4,100000,0,reduce_scatter,2,75000,25000,500,0,60000000000,0,9,25000,0,0,15000,0,0,0,15500,0,0,blocked,0,tcp,0,15000,500,0,0,0
51820,0,10,215,0,3,10,inbound_arrival,6,500,0,ring_allreduce,4,100000,3,reduce_scatter,2,50000,25000,500,0,60000000000,9,6,25000,0,0,21000,0,0,0,21500,0,0,blocked,0,tcp,0,21000,500,0,0,0
52120,0,6,236,0,1,7,inbound_arrival,3,500,0,ring_allreduce,4,100000,2,reduce_scatter,2,25000,25000,500,0,60000000000,6,3,25000,0,0,19750,0,0,0,20250,0,0,blocked,0,tcp,0,19750,500,0,0,0
52320,0,10,218,0,3,10,inbound_arrival,6,500,0,ring_allreduce,4,100000,3,reduce_scatter,2,50000,25000,500,0,60000000000,9,6,25000,0,0,21500,0,0,0,22000,0,0,blocked,0,tcp,0,21500,500,0,0,0
52620,0,4,173,0,0,1,inbound_arrival,9,500,0,ring_allreduce,4,100000,0,reduce_scatter,2,75000,25000,500,0,60000000000,0,9,25000,0,0,15500,0,0,0,16000,0,0,blocked,0,tcp,0,15500,500,0,0,0
52820,0,10,221,0,3,10,inbound_arrival,6,500,0,ring_allreduce,4,100000,3,reduce_scatter,2,50000,25000,500,0,60000000000,9,6,25000,0,0,22000,0,0,0,22500,0,0,blocked,0,tcp,0,22000,500,0,0,0
53160,0,6,242,0,1,7,inbound_arrival,3,500,0,ring_allreduce,4,100000,2,reduce_scatter,2,25000,25000,500,0,60000000000,6,3,25000,0,0,20250,0,0,0,20750,0,0,blocked,0,tcp,0,20250,500,0,0,0
53360,0,10,227,0,3,10,inbound_arrival,6,500,0,ring_allreduce,4,100000,3,reduce_scatter,2,50000,25000,500,0,60000000000,9,6,25000,0,0,22500,0,0,0,23000,0,0,blocked,0,tcp,0,22500,500,0,0,0
53660,0,4,176,0,0,1,inbound_arrival,9,500,0,ring_allreduce,4,100000,0,reduce_scatter,2,75000,25000,500,0,60000000000,0,9,25000,0,0,16000,0,0,0,16500,0,0,blocked,0,tcp,0,16000,500,0,0,0
53860,0,10,230,0,3,10,inbound_arrival,6,500,0,ring_allreduce,4,100000,3,reduce_scatter,2,50000,25000,500,0,60000000000,9,6,25000,0,0,23000,0,0,0,23500,0,0,blocked,0,tcp,0,23000,500,0,0,0
54200,0,6,248,0,1,7,inbound_arrival,3,0,0,ring_allreduce,4,100000,2,reduce_scatter,2,25000,25000,500,0,60000000000,6,3,25000,0,0,20750,0,0,0,20750,0,0,blocked,0,tcp,0,21250,500,0,0,0
54660,0,10,236,0,3,10,inbound_arrival,6,500,0,ring_allreduce,4,100000,3,reduce_scatter,2,50000,25000,500,0,60000000000,9,6,25000,0,0,23500,0,0,0,24000,0,0,blocked,0,tcp,0,23500,500,0,0,0
54700,0,4,179,0,0,1,inbound_arrival,9,500,0,ring_allreduce,4,100000,0,reduce_scatter,2,75000,25000,500,0,60000000000,0,9,25000,0,0,16500,0,0,0,17000,0,0,blocked,0,tcp,0,16500,500,0,0,0
55160,0,10,239,0,3,10,inbound_arrival,6,500,0,ring_allreduce,4,100000,3,reduce_scatter,2,50000,25000,500,0,60000000000,9,6,25000,0,0,24000,0,0,0,24500,0,0,blocked,0,tcp,0,24000,500,0,0,0
55200,0,6,251,0,1,7,inbound_arrival,3,0,0,ring_allreduce,4,100000,2,reduce_scatter,2,25000,25000,500,0,60000000000,6,3,25000,0,0,20750,0,0,0,20750,0,0,blocked,0,tcp,0,21750,500,0,0,0
55700,0,6,254,0,1,7,inbound_arrival,3,0,0,ring_allreduce,4,100000,2,reduce_scatter,2,25000,25000,500,0,60000000000,6,3,25000,0,0,20750,0,0,0,20750,0,0,blocked,0,tcp,0,22250,500,0,0,0
55740,0,10,245,0,3,10,inbound_arrival,6,500,0,ring_allreduce,4,100000,3,reduce_scatter,2,50000,25000,500,0,60000000000,9,6,25000,0,0,24500,0,0,1,25000,0,0,blocked,0,tcp,0,24500,500,0,0,0
56200,0,4,182,0,0,1,inbound_arrival,9,0,0,ring_allreduce,4,100000,0,reduce_scatter,2,75000,25000,500,0,60000000000,0,9,25000,0,0,17000,0,0,0,17000,0,0,blocked,0,tcp,0,17500,500,0,0,0
56700,0,6,257,0,1,7,inbound_arrival,3,0,0,ring_allreduce,4,100000,2,reduce_scatter,2,25000,25000,500,0,60000000000,6,3,25000,0,0,20750,0,0,0,20750,0,0,blocked,0,tcp,0,22750,500,0,0,0
57200,0,6,260,0,1,7,inbound_arrival,3,0,0,ring_allreduce,4,100000,2,reduce_scatter,2,25000,25000,500,0,60000000000,6,3,25000,0,0,20750,0,0,0,20750,0,0,blocked,0,tcp,0,23250,500,0,0,0
57700,0,6,263,0,1,7,inbound_arrival,3,0,0,ring_allreduce,4,100000,2,reduce_scatter,2,25000,25000,500,0,60000000000,6,3,25000,0,0,20750,0,0,0,20750,0,0,blocked,0,tcp,0,23750,500,0,0,0
57860,0,6,269,0,1,7,local_completion,6,0,0,ring_allreduce,4,100000,2,reduce_scatter,2,25000,25000,500,0,60000000000,6,3,25000,0,0,20750,0,1,0,20750,0,0,blocked,0,tcp,0,0,0,25000,53200,2700
58200,0,4,185,0,0,1,inbound_arrival,9,0,0,ring_allreduce,4,100000,0,reduce_scatter,2,75000,25000,500,0,60000000000,0,9,25000,0,0,17000,0,0,0,17000,0,0,blocked,0,tcp,0,19000,500,0,0,0
58740,0,4,188,0,0,1,inbound_arrival,9,0,0,ring_allreduce,4,100000,0,reduce_scatter,2,75000,25000,500,0,60000000000,0,9,25000,0,0,17000,0,0,0,17000,0,0,blocked,0,tcp,0,19500,500,0,0,0
59280,0,4,191,0,0,1,inbound_arrival,9,0,0,ring_allreduce,4,100000,0,reduce_scatter,2,75000,25000,500,0,60000000000,0,9,25000,0,0,17000,0,0,0,17000,0,0,blocked,0,tcp,0,20000,500,0,0,0
61440,0,4,194,0,0,1,inbound_arrival,9,1000,0,ring_allreduce,4,100000,0,reduce_scatter,2,75000,25000,500,0,60000000000,0,9,25000,0,0,17000,0,0,0,18000,0,0,blocked,0,tcp,0,17000,500,0,0,0
61690,0,4,197,0,0,1,inbound_arrival,9,0,0,ring_allreduce,4,100000,0,reduce_scatter,2,75000,25000,500,0,60000000000,0,9,25000,0,0,18000,0,0,0,18000,0,0,blocked,0,tcp,0,20500,250,0,0,0
64140,0,4,200,0,0,1,inbound_arrival,9,500,0,ring_allreduce,4,100000,0,reduce_scatter,2,75000,25000,500,0,60000000000,0,9,25000,0,0,18000,0,0,0,18500,0,0,blocked,0,tcp,0,18000,500,0,0,0
66840,0,4,203,0,0,1,inbound_arrival,9,2250,0,ring_allreduce,4,100000,0,reduce_scatter,2,75000,25000,500,0,60000000000,0,9,25000,0,0,18500,0,0,0,20750,0,0,blocked,0,tcp,0,18500,500,0,0,0
69540,0,4,206,0,0,1,inbound_arrival,9,500,0,ring_allreduce,4,100000,0,reduce_scatter,2,75000,25000,500,0,60000000000,0,9,25000,0,0,20750,0,0,0,21250,0,0,blocked,0,tcp,0,20750,500,0,0,0
70040,0,4,209,0,0,1,inbound_arrival,9,500,0,ring_allreduce,4,100000,0,reduce_scatter,2,75000,25000,500,0,60000000000,0,9,25000,0,0,21250,0,0,0,21750,0,0,blocked,0,tcp,0,21250,500,0,0,0
70540,0,4,212,0,0,1,inbound_arrival,9,500,0,ring_allreduce,4,100000,0,reduce_scatter,2,75000,25000,500,0,60000000000,0,9,25000,0,0,21750,0,0,0,22250,0,0,blocked,0,tcp,0,21750,500,0,0,0
70790,0,4,215,0,0,1,inbound_arrival,9,250,0,ring_allreduce,4,100000,0,reduce_scatter,2,75000,25000,500,0,60000000000,0,9,25000,0,0,22250,0,0,0,22500,0,0,blocked,0,tcp,0,22250,250,0,0,0
72240,0,4,218,0,0,1,inbound_arrival,9,500,0,ring_allreduce,4,100000,0,reduce_scatter,2,75000,25000,500,0,60000000000,0,9,25000,0,0,22500,0,0,0,23000,0,0,blocked,0,tcp,0,22500,500,0,0,0
72740,0,4,221,0,0,1,inbound_arrival,9,500,0,ring_allreduce,4,100000,0,reduce_scatter,2,75000,25000,500,0,60000000000,0,9,25000,0,0,23000,0,0,0,23500,0,0,blocked,0,tcp,0,23000,500,0,0,0
73240,0,4,224,0,0,1,inbound_arrival,9,500,0,ring_allreduce,4,100000,0,reduce_scatter,2,75000,25000,500,0,60000000000,0,9,25000,0,0,23500,0,0,0,24000,0,0,blocked,0,tcp,0,23500,500,0,0,0
73740,0,4,227,0,0,1,inbound_arrival,9,500,0,ring_allreduce,4,100000,0,reduce_scatter,2,75000,25000,500,0,60000000000,0,9,25000,0,0,24000,0,0,0,24500,0,0,blocked,0,tcp,0,24000,500,0,0,0
73990,0,4,230,0,0,1,inbound_arrival,9,250,0,ring_allreduce,4,100000,0,reduce_scatter,2,75000,25000,500,0,60000000000,0,9,25000,0,0,24500,0,0,0,24750,0,0,blocked,0,tcp,0,24500,250,0,0,0
74240,0,4,233,0,0,1,inbound_arrival,9,250,0,ring_allreduce,4,100000,0,reduce_scatter,2,75000,25000,500,0,60000000000,0,9,25000,0,0,24750,0,0,1,25000,0,0,blocked,0,tcp,0,24750,250,0,0,0
74440,0,10,302,0,3,10,local_completion,9,0,0,ring_allreduce,4,100000,3,reduce_scatter,2,50000,25000,500,0,60000000000,9,6,25000,0,1,25000,1,1,1,25000,2,1000,blocked,0,tcp,0,0,0,25000,72440,1450
76940,0,4,236,0,0,2,inbound_arrival,10,500,0,ring_allreduce,4,100000,0,reduce_scatter,3,50000,25000,500,0,60000000000,1,10,25000,0,0,0,0,0,0,500,0,0,blocked,0,tcp,0,0,500,0,0,0
77440,0,4,239,0,0,2,inbound_arrival,10,500,0,ring_allreduce,4,100000,0,reduce_scatter,3,50000,25000,500,0,60000000000,1,10,25000,0,0,500,0,0,0,1000,0,0,blocked,0,tcp,0,500,500,0,0,0
79640,0,4,242,0,0,2,inbound_arrival,10,500,0,ring_allreduce,4,100000,0,reduce_scatter,3,50000,25000,500,0,60000000000,1,10,25000,0,0,1000,0,0,0,1500,0,0,blocked,0,tcp,0,1000,500,0,0,0
80140,0,4,245,0,0,2,inbound_arrival,10,500,0,ring_allreduce,4,100000,0,reduce_scatter,3,50000,25000,500,0,60000000000,1,10,25000,0,0,1500,0,0,0,2000,0,0,blocked,0,tcp,0,1500,500,0,0,0
80640,0,4,248,0,0,2,inbound_arrival,10,500,0,ring_allreduce,4,100000,0,reduce_scatter,3,50000,25000,500,0,60000000000,1,10,25000,0,0,2000,0,0,0,2500,0,0,blocked,0,tcp,0,2000,500,0,0,0
81140,0,4,251,0,0,2,inbound_arrival,10,500,0,ring_allreduce,4,100000,0,reduce_scatter,3,50000,25000,500,0,60000000000,1,10,25000,0,0,2500,0,0,0,3000,0,0,blocked,0,tcp,0,2500,500,0,0,0
82340,0,4,254,0,0,2,inbound_arrival,10,500,0,ring_allreduce,4,100000,0,reduce_scatter,3,50000,25000,500,0,60000000000,1,10,25000,0,0,3000,0,0,0,3500,0,0,blocked,0,tcp,0,3000,500,0,0,0
82840,0,4,257,0,0,2,inbound_arrival,10,500,0,ring_allreduce,4,100000,0,reduce_scatter,3,50000,25000,500,0,60000000000,1,10,25000,0,0,3500,0,0,0,4000,0,0,blocked,0,tcp,0,3500,500,0,0,0
83340,0,4,260,0,0,2,inbound_arrival,10,500,0,ring_allreduce,4,100000,0,reduce_scatter,3,50000,25000,500,0,60000000000,1,10,25000,0,0,4000,0,0,0,4500,0,0,blocked,0,tcp,0,4000,500,0,0,0
83840,0,4,263,0,0,2,inbound_arrival,10,500,0,ring_allreduce,4,100000,0,reduce_scatter,3,50000,25000,500,0,60000000000,1,10,25000,0,0,4500,0,0,0,5000,0,0,blocked,0,tcp,0,4500,500,0,0,0
84340,0,4,266,0,0,2,inbound_arrival,10,500,0,ring_allreduce,4,100000,0,reduce_scatter,3,50000,25000,500,0,60000000000,1,10,25000,0,0,5000,0,0,0,5500,0,0,blocked,0,tcp,0,5000,500,0,0,0
84840,0,4,269,0,0,2,inbound_arrival,10,500,0,ring_allreduce,4,100000,0,reduce_scatter,3,50000,25000,500,0,60000000000,1,10,25000,0,0,5500,0,0,0,6000,0,0,blocked,0,tcp,0,5500,500,0,0,0
85340,0,4,272,0,0,2,inbound_arrival,10,500,0,ring_allreduce,4,100000,0,reduce_scatter,3,50000,25000,500,0,60000000000,1,10,25000,0,0,6000,0,0,0,6500,0,0,blocked,0,tcp,0,6000,500,0,0,0
85840,0,4,275,0,0,2,inbound_arrival,10,500,0,ring_allreduce,4,100000,0,reduce_scatter,3,50000,25000,500,0,60000000000,1,10,25000,0,0,6500,0,0,0,7000,0,0,blocked,0,tcp,0,6500,500,0,0,0
86340,0,4,278,0,0,2,inbound_arrival,10,500,0,ring_allreduce,4,100000,0,reduce_scatter,3,50000,25000,500,0,60000000000,1,10,25000,0,0,7000,0,0,0,7500,0,0,blocked,0,tcp,0,7000,500,0,0,0
86840,0,4,281,0,0,2,inbound_arrival,10,500,0,ring_allreduce,4,100000,0,reduce_scatter,3,50000,25000,500,0,60000000000,1,10,25000,0,0,7500,0,0,0,8000,0,0,blocked,0,tcp,0,7500,500,0,0,0
87340,0,4,284,0,0,2,inbound_arrival,10,500,0,ring_allreduce,4,100000,0,reduce_scatter,3,50000,25000,500,0,60000000000,1,10,25000,0,0,8000,0,0,0,8500,0,0,blocked,0,tcp,0,8000,500,0,0,0
87840,0,4,287,0,0,2,inbound_arrival,10,500,0,ring_allreduce,4,100000,0,reduce_scatter,3,50000,25000,500,0,60000000000,1,10,25000,0,0,8500,0,0,0,9000,0,0,blocked,0,tcp,0,8500,500,0,0,0
88340,0,4,290,0,0,2,inbound_arrival,10,500,0,ring_allreduce,4,100000,0,reduce_scatter,3,50000,25000,500,0,60000000000,1,10,25000,0,0,9000,0,0,0,9500,0,0,blocked,0,tcp,0,9000,500,0,0,0
88840,0,4,293,0,0,2,inbound_arrival,10,500,0,ring_allreduce,4,100000,0,reduce_scatter,3,50000,25000,500,0,60000000000,1,10,25000,0,0,9500,0,0,0,10000,0,0,blocked,0,tcp,0,9500,500,0,0,0
89340,0,4,296,0,0,2,inbound_arrival,10,500,0,ring_allreduce,4,100000,0,reduce_scatter,3,50000,25000,500,0,60000000000,1,10,25000,0,0,10000,0,0,0,10500,0,0,blocked,0,tcp,0,10000,500,0,0,0
89840,0,4,299,0,0,2,inbound_arrival,10,500,0,ring_allreduce,4,100000,0,reduce_scatter,3,50000,25000,500,0,60000000000,1,10,25000,0,0,10500,0,0,0,11000,0,0,blocked,0,tcp,0,10500,500,0,0,0
90340,0,4,302,0,0,2,inbound_arrival,10,500,0,ring_allreduce,4,100000,0,reduce_scatter,3,50000,25000,500,0,60000000000,1,10,25000,0,0,11000,0,0,0,11500,0,0,blocked,0,tcp,0,11000,500,0,0,0
90840,0,4,305,0,0,2,inbound_arrival,10,500,0,ring_allreduce,4,100000,0,reduce_scatter,3,50000,25000,500,0,60000000000,1,10,25000,0,0,11500,0,0,0,12000,0,0,blocked,0,tcp,0,11500,500,0,0,0
91340,0,4,308,0,0,2,inbound_arrival,10,500,0,ring_allreduce,4,100000,0,reduce_scatter,3,50000,25000,500,0,60000000000,1,10,25000,0,0,12000,0,0,0,12500,0,0,blocked,0,tcp,0,12000,500,0,0,0
91840,0,4,311,0,0,2,inbound_arrival,10,500,0,ring_allreduce,4,100000,0,reduce_scatter,3,50000,25000,500,0,60000000000,1,10,25000,0,0,12500,0,0,0,13000,0,0,blocked,0,tcp,0,12500,500,0,0,0
92340,0,4,314,0,0,2,inbound_arrival,10,500,0,ring_allreduce,4,100000,0,reduce_scatter,3,50000,25000,500,0,60000000000,1,10,25000,0,0,13000,0,0,0,13500,0,0,blocked,0,tcp,0,13000,500,0,0,0
92840,0,4,317,0,0,2,inbound_arrival,10,500,0,ring_allreduce,4,100000,0,reduce_scatter,3,50000,25000,500,0,60000000000,1,10,25000,0,0,13500,0,0,0,14000,0,0,blocked,0,tcp,0,13500,500,0,0,0
93340,0,4,320,0,0,2,inbound_arrival,10,500,0,ring_allreduce,4,100000,0,reduce_scatter,3,50000,25000,500,0,60000000000,1,10,25000,0,0,14000,0,0,0,14500,0,0,blocked,0,tcp,0,14000,500,0,0,0
93840,0,4,323,0,0,2,inbound_arrival,10,500,0,ring_allreduce,4,100000,0,reduce_scatter,3,50000,25000,500,0,60000000000,1,10,25000,0,0,14500,0,0,0,15000,0,0,blocked,0,tcp,0,14500,500,0,0,0
94340,0,4,326,0,0,2,inbound_arrival,10,500,0,ring_allreduce,4,100000,0,reduce_scatter,3,50000,25000,500,0,60000000000,1,10,25000,0,0,15000,0,0,0,15500,0,0,blocked,0,tcp,0,15000,500,0,0,0
94840,0,4,329,0,0,2,inbound_arrival,10,500,0,ring_allreduce,4,100000,0,reduce_scatter,3,50000,25000,500,0,60000000000,1,10,25000,0,0,15500,0,0,0,16000,0,0,blocked,0,tcp,0,15500,500,0,0,0
95340,0,4,332,0,0,2,inbound_arrival,10,500,0,ring_allreduce,4,100000,0,reduce_scatter,3,50000,25000,500,0,60000000000,1,10,25000,0,0,16000,0,0,0,16500,0,0,blocked,0,tcp,0,16000,500,0,0,0
95840,0,4,335,0,0,2,inbound_arrival,10,500,0,ring_allreduce,4,100000,0,reduce_scatter,3,50000,25000,500,0,60000000000,1,10,25000,0,0,16500,0,0,0,17000,0,0,blocked,0,tcp,0,16500,500,0,0,0
96340,0,4,338,0,0,2,inbound_arrival,10,500,0,ring_allreduce,4,100000,0,reduce_scatter,3,50000,25000,500,0,60000000000,1,10,25000,0,0,17000,0,0,0,17500,0,0,blocked,0,tcp,0,17000,500,0,0,0
96840,0,4,341,0,0,2,inbound_arrival,10,500,0,ring_allreduce,4,100000,0,reduce_scatter,3,50000,25000,500,0,60000000000,1,10,25000,0,0,17500,0,0,0,18000,0,0,blocked,0,tcp,0,17500,500,0,0,0
97340,0,4,344,0,0,2,inbound_arrival,10,500,0,ring_allreduce,4,100000,0,reduce_scatter,3,50000,25000,500,0,60000000000,1,10,25000,0,0,18000,0,0,0,18500,0,0,blocked,0,tcp,0,18000,500,0,0,0
97840,0,4,347,0,0,2,inbound_arrival,10,500,0,ring_allreduce,4,100000,0,reduce_scatter,3,50000,25000,500,0,60000000000,1,10,25000,0,0,18500,0,0,0,19000,0,0,blocked,0,tcp,0,18500,500,0,0,0
98340,0,4,350,0,0,2,inbound_arrival,10,500,0,ring_allreduce,4,100000,0,reduce_scatter,3,50000,25000,500,0,60000000000,1,10,25000,0,0,19000,0,0,0,19500,0,0,blocked,0,tcp,0,19000,500,0,0,0
98840,0,4,353,0,0,2,inbound_arrival,10,500,0,ring_allreduce,4,100000,0,reduce_scatter,3,50000,25000,500,0,60000000000,1,10,25000,0,0,19500,0,0,0,20000,0,0,blocked,0,tcp,0,19500,500,0,0,0
99340,0,4,356,0,0,2,inbound_arrival,10,500,0,ring_allreduce,4,100000,0,reduce_scatter,3,50000,25000,500,0,60000000000,1,10,25000,0,0,20000,0,0,0,20500,0,0,blocked,0,tcp,0,20000,500,0,0,0
99840,0,4,359,0,0,2,inbound_arrival,10,500,0,ring_allreduce,4,100000,0,reduce_scatter,3,50000,25000,500,0,60000000000,1,10,25000,0,0,20500,0,0,0,21000,0,0,blocked,0,tcp,0,20500,500,0,0,0
100340,0,4,362,0,0,2,inbound_arrival,10,500,0,ring_allreduce,4,100000,0,reduce_scatter,3,50000,25000,500,0,60000000000,1,10,25000,0,0,21000,0,0,0,21500,0,0,blocked,0,tcp,0,21000,500,0,0,0
100840,0,4,365,0,0,2,inbound_arrival,10,500,0,ring_allreduce,4,100000,0,reduce_scatter,3,50000,25000,500,0,60000000000,1,10,25000,0,0,21500,0,0,0,22000,0,0,blocked,0,tcp,0,21500,500,0,0,0
101340,0,4,368,0,0,2,inbound_arrival,10,500,0,ring_allreduce,4,100000,0,reduce_scatter,3,50000,25000,500,0,60000000000,1,10,25000,0,0,22000,0,0,0,22500,0,0,blocked,0,tcp,0,22000,500,0,0,0
101840,0,4,371,0,0,2,inbound_arrival,10,500,0,ring_allreduce,4,100000,0,reduce_scatter,3,50000,25000,500,0,60000000000,1,10,25000,0,0,22500,0,0,0,23000,0,0,blocked,0,tcp,0,22500,500,0,0,0
102340,0,4,374,0,0,2,inbound_arrival,10,500,0,ring_allreduce,4,100000,0,reduce_scatter,3,50000,25000,500,0,60000000000,1,10,25000,0,0,23000,0,0,0,23500,0,0,blocked,0,tcp,0,23000,500,0,0,0
102840,0,4,377,0,0,2,inbound_arrival,10,500,0,ring_allreduce,4,100000,0,reduce_scatter,3,50000,25000,500,0,60000000000,1,10,25000,0,0,23500,0,0,0,24000,0,0,blocked,0,tcp,0,23500,500,0,0,0
103340,0,4,380,0,0,2,inbound_arrival,10,500,0,ring_allreduce,4,100000,0,reduce_scatter,3,50000,25000,500,0,60000000000,1,10,25000,0,0,24000,0,0,0,24500,0,0,blocked,0,tcp,0,24000,500,0,0,0
103840,0,4,383,0,0,2,inbound_arrival,10,500,0,ring_allreduce,4,100000,0,reduce_scatter,3,50000,25000,500,0,60000000000,1,10,25000,0,0,24500,0,0,1,25000,0,0,blocked,0,tcp,0,24500,500,0,0,0
104040,0,10,452,0,3,11,local_completion,10,0,0,ring_allreduce,4,100000,3,reduce_scatter,3,25000,25000,500,0,60000000000,10,7,25000,0,0,0,0,1,0,0,0,0,blocked,0,tcp,0,0,0,25000,91040,2700
1000051040,0,8,224,0,2,4,inbound_arrival,0,0,0,ring_allreduce,4,100000,1,reduce_scatter,2,0,25000,500,0,60000000000,3,0,25000,0,0,14500,0,0,0,14500,0,0,blocked,0,tcp,0,13500,500,0,0,0
1000058400,0,6,272,0,1,7,inbound_arrival,3,3500,0,ring_allreduce,4,100000,2,reduce_scatter,2,25000,25000,500,0,60000000000,6,3,25000,1,0,20750,0,1,0,24250,0,0,blocked,0,tcp,0,20750,500,0,0,0
2000053740,0,8,230,0,2,4,inbound_arrival,0,1000,0,ring_allreduce,4,100000,1,reduce_scatter,2,0,25000,500,0,60000000000,3,0,25000,0,0,14500,0,0,0,15500,0,0,blocked,0,tcp,0,14500,500,0,0,0
2000056440,0,8,233,0,2,4,inbound_arrival,0,500,0,ring_allreduce,4,100000,1,reduce_scatter,2,0,25000,500,0,60000000000,3,0,25000,0,0,15500,0,0,0,16000,0,0,blocked,0,tcp,0,15500,500,0,0,0
2000056940,0,8,236,0,2,4,inbound_arrival,0,500,0,ring_allreduce,4,100000,1,reduce_scatter,2,0,25000,500,0,60000000000,3,0,25000,0,0,16000,0,0,0,16500,0,0,blocked,0,tcp,0,16000,500,0,0,0
2000059140,0,8,239,0,2,4,inbound_arrival,0,500,0,ring_allreduce,4,100000,1,reduce_scatter,2,0,25000,500,0,60000000000,3,0,25000,0,0,16500,0,0,0,17000,0,0,blocked,0,tcp,0,16500,500,0,0,0
2000059640,0,8,242,0,2,4,inbound_arrival,0,500,0,ring_allreduce,4,100000,1,reduce_scatter,2,0,25000,500,0,60000000000,3,0,25000,0,0,17000,0,0,0,17500,0,0,blocked,0,tcp,0,17000,500,0,0,0
2000060140,0,8,245,0,2,4,inbound_arrival,0,500,0,ring_allreduce,4,100000,1,reduce_scatter,2,0,25000,500,0,60000000000,3,0,25000,0,0,17500,0,0,0,18000,0,0,blocked,0,tcp,0,17500,500,0,0,0
2000060475,0,6,275,0,1,7,inbound_arrival,3,375,0,ring_allreduce,4,100000,2,reduce_scatter,2,25000,25000,500,0,60000000000,6,3,25000,1,0,24250,0,1,0,24625,0,0,blocked,0,tcp,0,24250,375,0,0,0
2000062345,0,8,251,0,2,4,inbound_arrival,0,500,0,ring_allreduce,4,100000,1,reduce_scatter,2,0,25000,500,0,60000000000,3,0,25000,0,0,18000,0,0,0,18500,0,0,blocked,0,tcp,0,18000,500,0,0,0
2000062845,0,8,254,0,2,4,inbound_arrival,0,500,0,ring_allreduce,4,100000,1,reduce_scatter,2,0,25000,500,0,60000000000,3,0,25000,0,0,18500,0,0,0,19000,0,0,blocked,0,tcp,0,18500,500,0,0,0
2000063345,0,8,257,0,2,4,inbound_arrival,0,500,0,ring_allreduce,4,100000,1,reduce_scatter,2,0,25000,500,0,60000000000,3,0,25000,0,0,19000,0,0,0,19500,0,0,blocked,0,tcp,0,19000,500,0,0,0
2000063845,0,8,260,0,2,4,inbound_arrival,0,500,0,ring_allreduce,4,100000,1,reduce_scatter,2,0,25000,500,0,60000000000,3,0,25000,0,0,19500,0,0,0,20000,0,0,blocked,0,tcp,0,19500,500,0,0,0
2000065045,0,8,263,0,2,4,inbound_arrival,0,500,0,ring_allreduce,4,100000,1,reduce_scatter,2,0,25000,500,0,60000000000,3,0,25000,0,0,20000,0,0,0,20500,0,0,blocked,0,tcp,0,20000,500,0,0,0
2000065545,0,8,266,0,2,4,inbound_arrival,0,500,0,ring_allreduce,4,100000,1,reduce_scatter,2,0,25000,500,0,60000000000,3,0,25000,0,0,20500,0,0,0,21000,0,0,blocked,0,tcp,0,20500,500,0,0,0
2000066045,0,8,269,0,2,4,inbound_arrival,0,500,0,ring_allreduce,4,100000,1,reduce_scatter,2,0,25000,500,0,60000000000,3,0,25000,0,0,21000,0,0,0,21500,0,0,blocked,0,tcp,0,21000,500,0,0,0
2000066545,0,8,272,0,2,4,inbound_arrival,0,500,0,ring_allreduce,4,100000,1,reduce_scatter,2,0,25000,500,0,60000000000,3,0,25000,0,0,21500,0,0,0,22000,0,0,blocked,0,tcp,0,21500,500,0,0,0
2000067045,0,8,275,0,2,4,inbound_arrival,0,500,0,ring_allreduce,4,100000,1,reduce_scatter,2,0,25000,500,0,60000000000,3,0,25000,0,0,22000,0,0,0,22500,0,0,blocked,0,tcp,0,22000,500,0,0,0
2000067745,0,8,278,0,2,4,inbound_arrival,0,500,0,ring_allreduce,4,100000,1,reduce_scatter,2,0,25000,500,0,60000000000,3,0,25000,0,0,22500,0,0,0,23000,0,0,blocked,0,tcp,0,22500,500,0,0,0
2000068245,0,8,281,0,2,4,inbound_arrival,0,500,0,ring_allreduce,4,100000,1,reduce_scatter,2,0,25000,500,0,60000000000,3,0,25000,0,0,23000,0,0,0,23500,0,0,blocked,0,tcp,0,23000,500,0,0,0
2000068745,0,8,284,0,2,4,inbound_arrival,0,500,0,ring_allreduce,4,100000,1,reduce_scatter,2,0,25000,500,0,60000000000,3,0,25000,0,0,23500,0,0,0,24000,0,0,blocked,0,tcp,0,23500,500,0,0,0
2000069245,0,8,287,0,2,4,inbound_arrival,0,500,0,ring_allreduce,4,100000,1,reduce_scatter,2,0,25000,500,0,60000000000,3,0,25000,0,0,24000,0,0,0,24500,0,0,blocked,0,tcp,0,24000,500,0,0,0
2000069745,0,8,290,0,2,4,inbound_arrival,0,500,0,ring_allreduce,4,100000,1,reduce_scatter,2,0,25000,500,0,60000000000,3,0,25000,0,0,24500,0,0,1,25000,0,0,blocked,0,tcp,0,24500,500,0,0,0
2000069945,0,4,446,0,0,1,local_completion,0,0,0,ring_allreduce,4,100000,0,reduce_scatter,2,75000,25000,500,0,60000000000,0,9,25000,0,1,25000,1,1,1,25000,2,1000,blocked,0,tcp,0,0,0,25000,2000067245,2700
2000072445,0,8,293,0,2,5,inbound_arrival,1,500,0,ring_allreduce,4,100000,1,reduce_scatter,3,75000,25000,500,0,60000000000,4,1,25000,0,0,0,0,0,0,500,0,0,blocked,0,tcp,0,0,500,0,0,0
2000072945,0,8,296,0,2,5,inbound_arrival,1,500,0,ring_allreduce,4,100000,1,reduce_scatter,3,75000,25000,500,0,60000000000,4,1,25000,0,0,500,0,0,0,1000,0,0,blocked,0,tcp,0,500,500,0,0,0
2000075145,0,8,299,0,2,5,inbound_arrival,1,500,0,ring_allreduce,4,100000,1,reduce_scatter,3,75000,25000,500,0,60000000000,4,1,25000,0,0,1000,0,0,0,1500,0,0,blocked,0,tcp,0,1000,500,0,0,0
2000075645,0,8,302,0,2,5,inbound_arrival,1,500,0,ring_allreduce,4,100000,1,reduce_scatter,3,75000,25000,500,0,60000000000,4,1,25000,0,0,1500,0,0,0,2000,0,0,blocked,0,tcp,0,1500,500,0,0,0
2000076145,0,8,305,0,2,5,inbound_arrival,1,500,0,ring_allreduce,4,100000,1,reduce_scatter,3,75000,25000,500,0,60000000000,4,1,25000,0,0,2000,0,0,0,2500,0,0,blocked,0,tcp,0,2000,500,0,0,0
2000076645,0,8,308,0,2,5,inbound_arrival,1,500,0,ring_allreduce,4,100000,1,reduce_scatter,3,75000,25000,500,0,60000000000,4,1,25000,0,0,2500,0,0,0,3000,0,0,blocked,0,tcp,0,2500,500,0,0,0
2000077845,0,8,311,0,2,5,inbound_arrival,1,500,0,ring_allreduce,4,100000,1,reduce_scatter,3,75000,25000,500,0,60000000000,4,1,25000,0,0,3000,0,0,0,3500,0,0,blocked,0,tcp,0,3000,500,0,0,0
2000078345,0,8,314,0,2,5,inbound_arrival,1,500,0,ring_allreduce,4,100000,1,reduce_scatter,3,75000,25000,500,0,60000000000,4,1,25000,0,0,3500,0,0,0,4000,0,0,blocked,0,tcp,0,3500,500,0,0,0
2000078845,0,8,317,0,2,5,inbound_arrival,1,500,0,ring_allreduce,4,100000,1,reduce_scatter,3,75000,25000,500,0,60000000000,4,1,25000,0,0,4000,0,0,0,4500,0,0,blocked,0,tcp,0,4000,500,0,0,0
2000079345,0,8,320,0,2,5,inbound_arrival,1,500,0,ring_allreduce,4,100000,1,reduce_scatter,3,75000,25000,500,0,60000000000,4,1,25000,0,0,4500,0,0,0,5000,0,0,blocked,0,tcp,0,4500,500,0,0,0
2000079845,0,8,323,0,2,5,inbound_arrival,1,500,0,ring_allreduce,4,100000,1,reduce_scatter,3,75000,25000,500,0,60000000000,4,1,25000,0,0,5000,0,0,0,5500,0,0,blocked,0,tcp,0,5000,500,0,0,0
2000080345,0,8,326,0,2,5,inbound_arrival,1,500,0,ring_allreduce,4,100000,1,reduce_scatter,3,75000,25000,500,0,60000000000,4,1,25000,0,0,5500,0,0,0,6000,0,0,blocked,0,tcp,0,5500,500,0,0,0
2000080845,0,8,329,0,2,5,inbound_arrival,1,500,0,ring_allreduce,4,100000,1,reduce_scatter,3,75000,25000,500,0,60000000000,4,1,25000,0,0,6000,0,0,0,6500,0,0,blocked,0,tcp,0,6000,500,0,0,0
2000081345,0,8,332,0,2,5,inbound_arrival,1,500,0,ring_allreduce,4,100000,1,reduce_scatter,3,75000,25000,500,0,60000000000,4,1,25000,0,0,6500,0,0,0,7000,0,0,blocked,0,tcp,0,6500,500,0,0,0
2000081845,0,8,335,0,2,5,inbound_arrival,1,500,0,ring_allreduce,4,100000,1,reduce_scatter,3,75000,25000,500,0,60000000000,4,1,25000,0,0,7000,0,0,0,7500,0,0,blocked,0,tcp,0,7000,500,0,0,0
2000082345,0,8,338,0,2,5,inbound_arrival,1,500,0,ring_allreduce,4,100000,1,reduce_scatter,3,75000,25000,500,0,60000000000,4,1,25000,0,0,7500,0,0,0,8000,0,0,blocked,0,tcp,0,7500,500,0,0,0
2000082845,0,8,341,0,2,5,inbound_arrival,1,500,0,ring_allreduce,4,100000,1,reduce_scatter,3,75000,25000,500,0,60000000000,4,1,25000,0,0,8000,0,0,0,8500,0,0,blocked,0,tcp,0,8000,500,0,0,0
2000083345,0,8,344,0,2,5,inbound_arrival,1,500,0,ring_allreduce,4,100000,1,reduce_scatter,3,75000,25000,500,0,60000000000,4,1,25000,0,0,8500,0,0,0,9000,0,0,blocked,0,tcp,0,8500,500,0,0,0
2000083845,0,8,347,0,2,5,inbound_arrival,1,500,0,ring_allreduce,4,100000,1,reduce_scatter,3,75000,25000,500,0,60000000000,4,1,25000,0,0,9000,0,0,0,9500,0,0,blocked,0,tcp,0,9000,500,0,0,0
2000084345,0,8,350,0,2,5,inbound_arrival,1,500,0,ring_allreduce,4,100000,1,reduce_scatter,3,75000,25000,500,0,60000000000,4,1,25000,0,0,9500,0,0,0,10000,0,0,blocked,0,tcp,0,9500,500,0,0,0
2000084845,0,8,353,0,2,5,inbound_arrival,1,500,0,ring_allreduce,4,100000,1,reduce_scatter,3,75000,25000,500,0,60000000000,4,1,25000,0,0,10000,0,0,0,10500,0,0,blocked,0,tcp,0,10000,500,0,0,0
2000085345,0,8,356,0,2,5,inbound_arrival,1,500,0,ring_allreduce,4,100000,1,reduce_scatter,3,75000,25000,500,0,60000000000,4,1,25000,0,0,10500,0,0,0,11000,0,0,blocked,0,tcp,0,10500,500,0,0,0
2000085845,0,8,359,0,2,5,inbound_arrival,1,500,0,ring_allreduce,4,100000,1,reduce_scatter,3,75000,25000,500,0,60000000000,4,1,25000,0,0,11000,0,0,0,11500,0,0,blocked,0,tcp,0,11000,500,0,0,0
2000086345,0,8,362,0,2,5,inbound_arrival,1,500,0,ring_allreduce,4,100000,1,reduce_scatter,3,75000,25000,500,0,60000000000,4,1,25000,0,0,11500,0,0,0,12000,0,0,blocked,0,tcp,0,11500,500,0,0,0
2000086845,0,8,365,0,2,5,inbound_arrival,1,500,0,ring_allreduce,4,100000,1,reduce_scatter,3,75000,25000,500,0,60000000000,4,1,25000,0,0,12000,0,0,0,12500,0,0,blocked,0,tcp,0,12000,500,0,0,0
2000087345,0,8,368,0,2,5,inbound_arrival,1,500,0,ring_allreduce,4,100000,1,reduce_scatter,3,75000,25000,500,0,60000000000,4,1,25000,0,0,12500,0,0,0,13000,0,0,blocked,0,tcp,0,12500,500,0,0,0
2000087845,0,8,371,0,2,5,inbound_arrival,1,500,0,ring_allreduce,4,100000,1,reduce_scatter,3,75000,25000,500,0,60000000000,4,1,25000,0,0,13000,0,0,0,13500,0,0,blocked,0,tcp,0,13000,500,0,0,0
2000088345,0,8,374,0,2,5,inbound_arrival,1,500,0,ring_allreduce,4,100000,1,reduce_scatter,3,75000,25000,500,0,60000000000,4,1,25000,0,0,13500,0,0,0,14000,0,0,blocked,0,tcp,0,13500,500,0,0,0
2000088845,0,8,377,0,2,5,inbound_arrival,1,500,0,ring_allreduce,4,100000,1,reduce_scatter,3,75000,25000,500,0,60000000000,4,1,25000,0,0,14000,0,0,0,14500,0,0,blocked,0,tcp,0,14000,500,0,0,0
2000089345,0,8,380,0,2,5,inbound_arrival,1,500,0,ring_allreduce,4,100000,1,reduce_scatter,3,75000,25000,500,0,60000000000,4,1,25000,0,0,14500,0,0,0,15000,0,0,blocked,0,tcp,0,14500,500,0,0,0
2000089845,0,8,383,0,2,5,inbound_arrival,1,500,0,ring_allreduce,4,100000,1,reduce_scatter,3,75000,25000,500,0,60000000000,4,1,25000,0,0,15000,0,0,0,15500,0,0,blocked,0,tcp,0,15000,500,0,0,0
2000090345,0,8,386,0,2,5,inbound_arrival,1,500,0,ring_allreduce,4,100000,1,reduce_scatter,3,75000,25000,500,0,60000000000,4,1,25000,0,0,15500,0,0,0,16000,0,0,blocked,0,tcp,0,15500,500,0,0,0
2000090845,0,8,389,0,2,5,inbound_arrival,1,500,0,ring_allreduce,4,100000,1,reduce_scatter,3,75000,25000,500,0,60000000000,4,1,25000,0,0,16000,0,0,0,16500,0,0,blocked,0,tcp,0,16000,500,0,0,0
2000091345,0,8,392,0,2,5,inbound_arrival,1,500,0,ring_allreduce,4,100000,1,reduce_scatter,3,75000,25000,500,0,60000000000,4,1,25000,0,0,16500,0,0,0,17000,0,0,blocked,0,tcp,0,16500,500,0,0,0
2000091845,0,8,395,0,2,5,inbound_arrival,1,500,0,ring_allreduce,4,100000,1,reduce_scatter,3,75000,25000,500,0,60000000000,4,1,25000,0,0,17000,0,0,0,17500,0,0,blocked,0,tcp,0,17000,500,0,0,0
2000092345,0,8,398,0,2,5,inbound_arrival,1,500,0,ring_allreduce,4,100000,1,reduce_scatter,3,75000,25000,500,0,60000000000,4,1,25000,0,0,17500,0,0,0,18000,0,0,blocked,0,tcp,0,17500,500,0,0,0
2000092845,0,8,401,0,2,5,inbound_arrival,1,500,0,ring_allreduce,4,100000,1,reduce_scatter,3,75000,25000,500,0,60000000000,4,1,25000,0,0,18000,0,0,0,18500,0,0,blocked,0,tcp,0,18000,500,0,0,0
2000093345,0,8,404,0,2,5,inbound_arrival,1,500,0,ring_allreduce,4,100000,1,reduce_scatter,3,75000,25000,500,0,60000000000,4,1,25000,0,0,18500,0,0,0,19000,0,0,blocked,0,tcp,0,18500,500,0,0,0
2000093845,0,8,407,0,2,5,inbound_arrival,1,500,0,ring_allreduce,4,100000,1,reduce_scatter,3,75000,25000,500,0,60000000000,4,1,25000,0,0,19000,0,0,0,19500,0,0,blocked,0,tcp,0,19000,500,0,0,0
2000094345,0,8,410,0,2,5,inbound_arrival,1,500,0,ring_allreduce,4,100000,1,reduce_scatter,3,75000,25000,500,0,60000000000,4,1,25000,0,0,19500,0,0,0,20000,0,0,blocked,0,tcp,0,19500,500,0,0,0
2000094845,0,8,413,0,2,5,inbound_arrival,1,500,0,ring_allreduce,4,100000,1,reduce_scatter,3,75000,25000,500,0,60000000000,4,1,25000,0,0,20000,0,0,0,20500,0,0,blocked,0,tcp,0,20000,500,0,0,0
2000095345,0,8,416,0,2,5,inbound_arrival,1,500,0,ring_allreduce,4,100000,1,reduce_scatter,3,75000,25000,500,0,60000000000,4,1,25000,0,0,20500,0,0,0,21000,0,0,blocked,0,tcp,0,20500,500,0,0,0
2000095845,0,8,419,0,2,5,inbound_arrival,1,500,0,ring_allreduce,4,100000,1,reduce_scatter,3,75000,25000,500,0,60000000000,4,1,25000,0,0,21000,0,0,0,21500,0,0,blocked,0,tcp,0,21000,500,0,0,0
2000096345,0,8,422,0,2,5,inbound_arrival,1,500,0,ring_allreduce,4,100000,1,reduce_scatter,3,75000,25000,500,0,60000000000,4,1,25000,0,0,21500,0,0,0,22000,0,0,blocked,0,tcp,0,21500,500,0,0,0
2000096845,0,8,425,0,2,5,inbound_arrival,1,500,0,ring_allreduce,4,100000,1,reduce_scatter,3,75000,25000,500,0,60000000000,4,1,25000,0,0,22000,0,0,0,22500,0,0,blocked,0,tcp,0,22000,500,0,0,0
2000097345,0,8,428,0,2,5,inbound_arrival,1,500,0,ring_allreduce,4,100000,1,reduce_scatter,3,75000,25000,500,0,60000000000,4,1,25000,0,0,22500,0,0,0,23000,0,0,blocked,0,tcp,0,22500,500,0,0,0
2000097845,0,8,431,0,2,5,inbound_arrival,1,500,0,ring_allreduce,4,100000,1,reduce_scatter,3,75000,25000,500,0,60000000000,4,1,25000,0,0,23000,0,0,0,23500,0,0,blocked,0,tcp,0,23000,500,0,0,0
2000098345,0,8,434,0,2,5,inbound_arrival,1,500,0,ring_allreduce,4,100000,1,reduce_scatter,3,75000,25000,500,0,60000000000,4,1,25000,0,0,23500,0,0,0,24000,0,0,blocked,0,tcp,0,23500,500,0,0,0
2000098845,0,8,437,0,2,5,inbound_arrival,1,500,0,ring_allreduce,4,100000,1,reduce_scatter,3,75000,25000,500,0,60000000000,4,1,25000,0,0,24000,0,0,0,24500,0,0,blocked,0,tcp,0,24000,500,0,0,0
2000099345,0,8,440,0,2,5,inbound_arrival,1,500,0,ring_allreduce,4,100000,1,reduce_scatter,3,75000,25000,500,0,60000000000,4,1,25000,0,0,24500,0,0,1,25000,0,0,blocked,0,tcp,0,24500,500,0,0,0
2000099545,0,4,596,0,0,2,local_completion,1,0,0,ring_allreduce,4,100000,0,reduce_scatter,3,50000,25000,500,0,60000000000,1,10,25000,0,1,25000,1,1,1,25000,2,1000,blocked,0,tcp,0,0,0,25000,2000086545,2700
2000102045,0,8,443,0,2,15,inbound_arrival,2,500,0,ring_allreduce,4,100000,1,allgather,1,50000,25000,500,0,60000000000,5,2,25000,0,0,0,0,0,0,500,0,0,blocked,0,tcp,0,0,500,0,0,0
2000102545,0,8,446,0,2,15,inbound_arrival,2,500,0,ring_allreduce,4,100000,1,allgather,1,50000,25000,500,0,60000000000,5,2,25000,0,0,500,0,0,0,1000,0,0,blocked,0,tcp,0,500,500,0,0,0
2000104745,0,8,449,0,2,15,inbound_arrival,2,500,0,ring_allreduce,4,100000,1,allgather,1,50000,25000,500,0,60000000000,5,2,25000,0,0,1000,0,0,0,1500,0,0,blocked,0,tcp,0,1000,500,0,0,0
2000105245,0,8,452,0,2,15,inbound_arrival,2,500,0,ring_allreduce,4,100000,1,allgather,1,50000,25000,500,0,60000000000,5,2,25000,0,0,1500,0,0,0,2000,0,0,blocked,0,tcp,0,1500,500,0,0,0
2000105745,0,8,455,0,2,15,inbound_arrival,2,500,0,ring_allreduce,4,100000,1,allgather,1,50000,25000,500,0,60000000000,5,2,25000,0,0,2000,0,0,0,2500,0,0,blocked,0,tcp,0,2000,500,0,0,0
2000106245,0,8,458,0,2,15,inbound_arrival,2,500,0,ring_allreduce,4,100000,1,allgather,1,50000,25000,500,0,60000000000,5,2,25000,0,0,2500,0,0,0,3000,0,0,blocked,0,tcp,0,2500,500,0,0,0
2000107445,0,8,461,0,2,15,inbound_arrival,2,500,0,ring_allreduce,4,100000,1,allgather,1,50000,25000,500,0,60000000000,5,2,25000,0,0,3000,0,0,0,3500,0,0,blocked,0,tcp,0,3000,500,0,0,0
2000107945,0,8,464,0,2,15,inbound_arrival,2,500,0,ring_allreduce,4,100000,1,allgather,1,50000,25000,500,0,60000000000,5,2,25000,0,0,3500,0,0,0,4000,0,0,blocked,0,tcp,0,3500,500,0,0,0
2000108445,0,8,467,0,2,15,inbound_arrival,2,500,0,ring_allreduce,4,100000,1,allgather,1,50000,25000,500,0,60000000000,5,2,25000,0,0,4000,0,0,0,4500,0,0,blocked,0,tcp,0,4000,500,0,0,0
2000108945,0,8,470,0,2,15,inbound_arrival,2,500,0,ring_allreduce,4,100000,1,allgather,1,50000,25000,500,0,60000000000,5,2,25000,0,0,4500,0,0,0,5000,0,0,blocked,0,tcp,0,4500,500,0,0,0
2000109445,0,8,473,0,2,15,inbound_arrival,2,500,0,ring_allreduce,4,100000,1,allgather,1,50000,25000,500,0,60000000000,5,2,25000,0,0,5000,0,0,0,5500,0,0,blocked,0,tcp,0,5000,500,0,0,0
2000109945,0,8,476,0,2,15,inbound_arrival,2,500,0,ring_allreduce,4,100000,1,allgather,1,50000,25000,500,0,60000000000,5,2,25000,0,0,5500,0,0,0,6000,0,0,blocked,0,tcp,0,5500,500,0,0,0
2000110445,0,8,479,0,2,15,inbound_arrival,2,500,0,ring_allreduce,4,100000,1,allgather,1,50000,25000,500,0,60000000000,5,2,25000,0,0,6000,0,0,0,6500,0,0,blocked,0,tcp,0,6000,500,0,0,0
2000110945,0,8,482,0,2,15,inbound_arrival,2,500,0,ring_allreduce,4,100000,1,allgather,1,50000,25000,500,0,60000000000,5,2,25000,0,0,6500,0,0,0,7000,0,0,blocked,0,tcp,0,6500,500,0,0,0
2000111445,0,8,485,0,2,15,inbound_arrival,2,500,0,ring_allreduce,4,100000,1,allgather,1,50000,25000,500,0,60000000000,5,2,25000,0,0,7000,0,0,0,7500,0,0,blocked,0,tcp,0,7000,500,0,0,0
2000111945,0,8,488,0,2,15,inbound_arrival,2,500,0,ring_allreduce,4,100000,1,allgather,1,50000,25000,500,0,60000000000,5,2,25000,0,0,7500,0,0,0,8000,0,0,blocked,0,tcp,0,7500,500,0,0,0
2000112445,0,8,491,0,2,15,inbound_arrival,2,500,0,ring_allreduce,4,100000,1,allgather,1,50000,25000,500,0,60000000000,5,2,25000,0,0,8000,0,0,0,8500,0,0,blocked,0,tcp,0,8000,500,0,0,0
2000112945,0,8,494,0,2,15,inbound_arrival,2,500,0,ring_allreduce,4,100000,1,allgather,1,50000,25000,500,0,60000000000,5,2,25000,0,0,8500,0,0,0,9000,0,0,blocked,0,tcp,0,8500,500,0,0,0
2000113445,0,8,497,0,2,15,inbound_arrival,2,500,0,ring_allreduce,4,100000,1,allgather,1,50000,25000,500,0,60000000000,5,2,25000,0,0,9000,0,0,0,9500,0,0,blocked,0,tcp,0,9000,500,0,0,0
2000113945,0,8,500,0,2,15,inbound_arrival,2,500,0,ring_allreduce,4,100000,1,allgather,1,50000,25000,500,0,60000000000,5,2,25000,0,0,9500,0,0,0,10000,0,0,blocked,0,tcp,0,9500,500,0,0,0
2000114445,0,8,503,0,2,15,inbound_arrival,2,500,0,ring_allreduce,4,100000,1,allgather,1,50000,25000,500,0,60000000000,5,2,25000,0,0,10000,0,0,0,10500,0,0,blocked,0,tcp,0,10000,500,0,0,0
2000114945,0,8,506,0,2,15,inbound_arrival,2,500,0,ring_allreduce,4,100000,1,allgather,1,50000,25000,500,0,60000000000,5,2,25000,0,0,10500,0,0,0,11000,0,0,blocked,0,tcp,0,10500,500,0,0,0
2000115445,0,8,509,0,2,15,inbound_arrival,2,500,0,ring_allreduce,4,100000,1,allgather,1,50000,25000,500,0,60000000000,5,2,25000,0,0,11000,0,0,0,11500,0,0,blocked,0,tcp,0,11000,500,0,0,0
2000115945,0,8,512,0,2,15,inbound_arrival,2,500,0,ring_allreduce,4,100000,1,allgather,1,50000,25000,500,0,60000000000,5,2,25000,0,0,11500,0,0,0,12000,0,0,blocked,0,tcp,0,11500,500,0,0,0
2000116445,0,8,515,0,2,15,inbound_arrival,2,500,0,ring_allreduce,4,100000,1,allgather,1,50000,25000,500,0,60000000000,5,2,25000,0,0,12000,0,0,0,12500,0,0,blocked,0,tcp,0,12000,500,0,0,0
2000116945,0,8,518,0,2,15,inbound_arrival,2,500,0,ring_allreduce,4,100000,1,allgather,1,50000,25000,500,0,60000000000,5,2,25000,0,0,12500,0,0,0,13000,0,0,blocked,0,tcp,0,12500,500,0,0,0
2000117445,0,8,521,0,2,15,inbound_arrival,2,500,0,ring_allreduce,4,100000,1,allgather,1,50000,25000,500,0,60000000000,5,2,25000,0,0,13000,0,0,0,13500,0,0,blocked,0,tcp,0,13000,500,0,0,0
2000117945,0,8,524,0,2,15,inbound_arrival,2,500,0,ring_allreduce,4,100000,1,allgather,1,50000,25000,500,0,60000000000,5,2,25000,0,0,13500,0,0,0,14000,0,0,blocked,0,tcp,0,13500,500,0,0,0
2000118445,0,8,527,0,2,15,inbound_arrival,2,500,0,ring_allreduce,4,100000,1,allgather,1,50000,25000,500,0,60000000000,5,2,25000,0,0,14000,0,0,0,14500,0,0,blocked,0,tcp,0,14000,500,0,0,0
2000118945,0,8,530,0,2,15,inbound_arrival,2,500,0,ring_allreduce,4,100000,1,allgather,1,50000,25000,500,0,60000000000,5,2,25000,0,0,14500,0,0,0,15000,0,0,blocked,0,tcp,0,14500,500,0,0,0
2000119445,0,8,533,0,2,15,inbound_arrival,2,500,0,ring_allreduce,4,100000,1,allgather,1,50000,25000,500,0,60000000000,5,2,25000,0,0,15000,0,0,0,15500,0,0,blocked,0,tcp,0,15000,500,0,0,0
2000119945,0,8,536,0,2,15,inbound_arrival,2,500,0,ring_allreduce,4,100000,1,allgather,1,50000,25000,500,0,60000000000,5,2,25000,0,0,15500,0,0,0,16000,0,0,blocked,0,tcp,0,15500,500,0,0,0
2000120445,0,8,539,0,2,15,inbound_arrival,2,500,0,ring_allreduce,4,100000,1,allgather,1,50000,25000,500,0,60000000000,5,2,25000,0,0,16000,0,0,0,16500,0,0,blocked,0,tcp,0,16000,500,0,0,0
2000120945,0,8,542,0,2,15,inbound_arrival,2,500,0,ring_allreduce,4,100000,1,allgather,1,50000,25000,500,0,60000000000,5,2,25000,0,0,16500,0,0,0,17000,0,0,blocked,0,tcp,0,16500,500,0,0,0
2000121445,0,8,545,0,2,15,inbound_arrival,2,500,0,ring_allreduce,4,100000,1,allgather,1,50000,25000,500,0,60000000000,5,2,25000,0,0,17000,0,0,0,17500,0,0,blocked,0,tcp,0,17000,500,0,0,0
2000121945,0,8,548,0,2,15,inbound_arrival,2,500,0,ring_allreduce,4,100000,1,allgather,1,50000,25000,500,0,60000000000,5,2,25000,0,0,17500,0,0,0,18000,0,0,blocked,0,tcp,0,17500,500,0,0,0
2000122445,0,8,551,0,2,15,inbound_arrival,2,500,0,ring_allreduce,4,100000,1,allgather,1,50000,25000,500,0,60000000000,5,2,25000,0,0,18000,0,0,0,18500,0,0,blocked,0,tcp,0,18000,500,0,0,0
2000122945,0,8,554,0,2,15,inbound_arrival,2,500,0,ring_allreduce,4,100000,1,allgather,1,50000,25000,500,0,60000000000,5,2,25000,0,0,18500,0,0,0,19000,0,0,blocked,0,tcp,0,18500,500,0,0,0
2000123445,0,8,557,0,2,15,inbound_arrival,2,500,0,ring_allreduce,4,100000,1,allgather,1,50000,25000,500,0,60000000000,5,2,25000,0,0,19000,0,0,0,19500,0,0,blocked,0,tcp,0,19000,500,0,0,0
2000123945,0,8,560,0,2,15,inbound_arrival,2,500,0,ring_allreduce,4,100000,1,allgather,1,50000,25000,500,0,60000000000,5,2,25000,0,0,19500,0,0,0,20000,0,0,blocked,0,tcp,0,19500,500,0,0,0
2000124445,0,8,563,0,2,15,inbound_arrival,2,500,0,ring_allreduce,4,100000,1,allgather,1,50000,25000,500,0,60000000000,5,2,25000,0,0,20000,0,0,0,20500,0,0,blocked,0,tcp,0,20000,500,0,0,0
2000124945,0,8,566,0,2,15,inbound_arrival,2,500,0,ring_allreduce,4,100000,1,allgather,1,50000,25000,500,0,60000000000,5,2,25000,0,0,20500,0,0,0,21000,0,0,blocked,0,tcp,0,20500,500,0,0,0
2000125445,0,8,569,0,2,15,inbound_arrival,2,500,0,ring_allreduce,4,100000,1,allgather,1,50000,25000,500,0,60000000000,5,2,25000,0,0,21000,0,0,0,21500,0,0,blocked,0,tcp,0,21000,500,0,0,0
2000125945,0,8,572,0,2,15,inbound_arrival,2,500,0,ring_allreduce,4,100000,1,allgather,1,50000,25000,500,0,60000000000,5,2,25000,0,0,21500,0,0,0,22000,0,0,blocked,0,tcp,0,21500,500,0,0,0
2000126445,0,8,575,0,2,15,inbound_arrival,2,500,0,ring_allreduce,4,100000,1,allgather,1,50000,25000,500,0,60000000000,5,2,25000,0,0,22000,0,0,0,22500,0,0,blocked,0,tcp,0,22000,500,0,0,0
2000126945,0,8,578,0,2,15,inbound_arrival,2,500,0,ring_allreduce,4,100000,1,allgather,1,50000,25000,500,0,60000000000,5,2,25000,0,0,22500,0,0,0,23000,0,0,blocked,0,tcp,0,22500,500,0,0,0
2000127445,0,8,581,0,2,15,inbound_arrival,2,500,0,ring_allreduce,4,100000,1,allgather,1,50000,25000,500,0,60000000000,5,2,25000,0,0,23000,0,0,0,23500,0,0,blocked,0,tcp,0,23000,500,0,0,0
2000127945,0,8,584,0,2,15,inbound_arrival,2,500,0,ring_allreduce,4,100000,1,allgather,1,50000,25000,500,0,60000000000,5,2,25000,0,0,23500,0,0,0,24000,0,0,blocked,0,tcp,0,23500,500,0,0,0
2000128445,0,8,587,0,2,15,inbound_arrival,2,500,0,ring_allreduce,4,100000,1,allgather,1,50000,25000,500,0,60000000000,5,2,25000,0,0,24000,0,0,0,24500,0,0,blocked,0,tcp,0,24000,500,0,0,0
2000128945,0,8,590,0,2,15,inbound_arrival,2,500,0,ring_allreduce,4,100000,1,allgather,1,50000,25000,500,0,60000000000,5,2,25000,0,0,24500,0,0,1,25000,0,0,blocked,0,tcp,0,24500,500,0,0,0
2000129145,0,4,746,0,0,12,local_completion,2,0,0,ring_allreduce,4,100000,0,allgather,1,25000,25000,500,0,60000000000,2,11,25000,0,0,0,0,1,0,0,0,0,blocked,0,tcp,0,0,0,25000,2000116145,2700
3000062550,0,6,278,0,1,7,inbound_arrival,3,375,0,ring_allreduce,4,100000,2,reduce_scatter,2,25000,25000,500,0,60000000000,6,3,25000,1,0,24625,1,1,1,25000,2,1000,blocked,0,tcp,0,24625,375,0,0,0
3000062750,0,8,593,0,2,4,local_completion,3,0,0,ring_allreduce,4,100000,1,reduce_scatter,2,0,25000,500,0,60000000000,3,0,25000,0,1,25000,1,1,1,25000,2,1000,blocked,0,tcp,0,0,0,25000,3000060675,2075
3000065090,0,10,455,0,3,11,inbound_arrival,7,500,0,ring_allreduce,4,100000,3,reduce_scatter,3,25000,25000,500,0,60000000000,10,7,25000,1,0,0,0,1,0,500,0,0,blocked,0,tcp,0,0,500,0,0,0
3000065250,0,6,281,0,1,8,inbound_arrival,4,500,0,ring_allreduce,4,100000,2,reduce_scatter,3,0,25000,500,0,60000000000,7,4,25000,0,0,0,0,0,0,500,0,0,blocked,0,tcp,0,0,500,0,0,0
3000065590,0,10,458,0,3,11,inbound_arrival,7,500,0,ring_allreduce,4,100000,3,reduce_scatter,3,25000,25000,500,0,60000000000,10,7,25000,1,0,500,0,1,0,1000,0,0,blocked,0,tcp,0,500,500,0,0,0
3000065750,0,6,284,0,1,8,inbound_arrival,4,500,0,ring_allreduce,4,100000,2,reduce_scatter,3,0,25000,500,0,60000000000,7,4,25000,0,0,500,0,0,0,1000,0,0,blocked,0,tcp,0,500,500,0,0,0
3000067950,0,6,293,0,1,8,inbound_arrival,4,500,0,ring_allreduce,4,100000,2,reduce_scatter,3,0,25000,500,0,60000000000,7,4,25000,0,0,1000,0,0,0,1500,0,0,blocked,0,tcp,0,1000,500,0,0,0
3000068290,0,10,461,0,3,11,inbound_arrival,7,500,0,ring_allreduce,4,100000,3,reduce_scatter,3,25000,25000,500,0,60000000000,10,7,25000,1,0,1000,0,1,0,1500,0,0,blocked,0,tcp,0,1000,500,0,0,0
3000068450,0,6,296,0,1,8,inbound_arrival,4,500,0,ring_allreduce,4,100000,2,reduce_scatter,3,0,25000,500,0,60000000000,7,4,25000,0,0,1500,0,0,0,2000,0,0,blocked,0,tcp,0,1500,500,0,0,0
3000068790,0,10,464,0,3,11,inbound_arrival,7,500,0,ring_allreduce,4,100000,3,reduce_scatter,3,25000,25000,500,0,60000000000,10,7,25000,1,0,1500,0,1,0,2000,0,0,blocked,0,tcp,0,1500,500,0,0,0
3000068950,0,6,299,0,1,8,inbound_arrival,4,500,0,ring_allreduce,4,100000,2,reduce_scatter,3,0,25000,500,0,60000000000,7,4,25000,0,0,2000,0,0,0,2500,0,0,blocked,0,tcp,0,2000,500,0,0,0
3000069290,0,10,467,0,3,11,inbound_arrival,7,500,0,ring_allreduce,4,100000,3,reduce_scatter,3,25000,25000,500,0,60000000000,10,7,25000,1,0,2000,0,1,0,2500,0,0,blocked,0,tcp,0,2000,500,0,0,0
3000069450,0,6,302,0,1,8,inbound_arrival,4,500,0,ring_allreduce,4,100000,2,reduce_scatter,3,0,25000,500,0,60000000000,7,4,25000,0,0,2500,0,0,0,3000,0,0,blocked,0,tcp,0,2500,500,0,0,0
3000069790,0,10,470,0,3,11,inbound_arrival,7,500,0,ring_allreduce,4,100000,3,reduce_scatter,3,25000,25000,500,0,60000000000,10,7,25000,1,0,2500,0,1,0,3000,0,0,blocked,0,tcp,0,2500,500,0,0,0
3000071410,0,6,317,0,1,8,inbound_arrival,4,500,0,ring_allreduce,4,100000,2,reduce_scatter,3,0,25000,500,0,60000000000,7,4,25000,0,0,3000,0,0,0,3500,0,0,blocked,0,tcp,0,3000,500,0,0,0
3000071910,0,6,320,0,1,8,inbound_arrival,4,500,0,ring_allreduce,4,100000,2,reduce_scatter,3,0,25000,500,0,60000000000,7,4,25000,0,0,3500,0,0,0,4000,0,0,blocked,0,tcp,0,3500,500,0,0,0
3000071990,0,10,473,0,3,11,inbound_arrival,7,500,0,ring_allreduce,4,100000,3,reduce_scatter,3,25000,25000,500,0,60000000000,10,7,25000,1,0,3000,0,1,0,3500,0,0,blocked,0,tcp,0,3000,500,0,0,0
3000072410,0,6,323,0,1,8,inbound_arrival,4,500,0,ring_allreduce,4,100000,2,reduce_scatter,3,0,25000,500,0,60000000000,7,4,25000,0,0,4000,0,0,0,4500,0,0,blocked,0,tcp,0,4000,500,0,0,0
3000072490,0,10,476,0,3,11,inbound_arrival,7,500,0,ring_allreduce,4,100000,3,reduce_scatter,3,25000,25000,500,0,60000000000,10,7,25000,1,0,3500,0,1,0,4000,0,0,blocked,0,tcp,0,3500,500,0,0,0
3000072910,0,6,326,0,1,8,inbound_arrival,4,500,0,ring_allreduce,4,100000,2,reduce_scatter,3,0,25000,500,0,60000000000,7,4,25000,0,0,4500,0,0,0,5000,0,0,blocked,0,tcp,0,4500,500,0,0,0
3000072990,0,10,479,0,3,11,inbound_arrival,7,500,0,ring_allreduce,4,100000,3,reduce_scatter,3,25000,25000,500,0,60000000000,10,7,25000,1,0,4000,0,1,0,4500,0,0,blocked,0,tcp,0,4000,500,0,0,0
3000073410,0,6,329,0,1,8,inbound_arrival,4,500,0,ring_allreduce,4,100000,2,reduce_scatter,3,0,25000,500,0,60000000000,7,4,25000,0,0,5000,0,0,0,5500,0,0,blocked,0,tcp,0,5000,500,0,0,0
3000073490,0,10,482,0,3,11,inbound_arrival,7,500,0,ring_allreduce,4,100000,3,reduce_scatter,3,25000,25000,500,0,60000000000,10,7,25000,1,0,4500,0,1,0,5000,0,0,blocked,0,tcp,0,4500,500,0,0,0
3000073950,0,6,335,0,1,8,inbound_arrival,4,500,0,ring_allreduce,4,100000,2,reduce_scatter,3,0,25000,500,0,60000000000,7,4,25000,0,0,5500,0,0,0,6000,0,0,blocked,0,tcp,0,5500,500,0,0,0
3000073990,0,10,485,0,3,11,inbound_arrival,7,500,0,ring_allreduce,4,100000,3,reduce_scatter,3,25000,25000,500,0,60000000000,10,7,25000,1,0,5000,0,1,0,5500,0,0,blocked,0,tcp,0,5000,500,0,0,0
3000074490,0,6,341,0,1,8,inbound_arrival,4,500,0,ring_allreduce,4,100000,2,reduce_scatter,3,0,25000,500,0,60000000000,7,4,25000,0,0,6000,0,0,0,6500,0,0,blocked,0,tcp,0,6000,500,0,0,0
3000074490,0,10,488,0,3,11,inbound_arrival,7,500,0,ring_allreduce,4,100000,3,reduce_scatter,3,25000,25000,500,0,60000000000,10,7,25000,1,0,5500,0,1,0,6000,0,0,blocked,0,tcp,0,5500,500,0,0,0
3000074990,0,10,491,0,3,11,inbound_arrival,7,500,0,ring_allreduce,4,100000,3,reduce_scatter,3,25000,25000,500,0,60000000000,10,7,25000,1,0,6000,0,1,0,6500,0,0,blocked,0,tcp,0,6000,500,0,0,0
3000075030,0,6,347,0,1,8,inbound_arrival,4,500,0,ring_allreduce,4,100000,2,reduce_scatter,3,0,25000,500,0,60000000000,7,4,25000,0,0,6500,0,0,0,7000,0,0,blocked,0,tcp,0,6500,500,0,0,0
3000075490,0,10,494,0,3,11,inbound_arrival,7,500,0,ring_allreduce,4,100000,3,reduce_scatter,3,25000,25000,500,0,60000000000,10,7,25000,1,0,6500,0,1,0,7000,0,0,blocked,0,tcp,0,6500,500,0,0,0
3000076190,0,10,497,0,3,11,inbound_arrival,7,500,0,ring_allreduce,4,100000,3,reduce_scatter,3,25000,25000,500,0,60000000000,10,7,25000,1,0,7000,0,1,0,7500,0,0,blocked,0,tcp,0,7000,500,0,0,0
3000076690,0,10,500,0,3,11,inbound_arrival,7,500,0,ring_allreduce,4,100000,3,reduce_scatter,3,25000,25000,500,0,60000000000,10,7,25000,1,0,7500,0,1,0,8000,0,0,blocked,0,tcp,0,7500,500,0,0,0
3000077110,0,6,365,0,1,8,inbound_arrival,4,500,0,ring_allreduce,4,100000,2,reduce_scatter,3,0,25000,500,0,60000000000,7,4,25000,0,0,7000,0,0,0,7500,0,0,blocked,0,tcp,0,7000,500,0,0,0
3000077230,0,10,503,0,3,11,inbound_arrival,7,500,0,ring_allreduce,4,100000,3,reduce_scatter,3,25000,25000,500,0,60000000000,10,7,25000,1,0,8000,0,1,0,8500,0,0,blocked,0,tcp,0,8000,500,0,0,0
3000077610,0,6,368,0,1,8,inbound_arrival,4,500,0,ring_allreduce,4,100000,2,reduce_scatter,3,0,25000,500,0,60000000000,7,4,25000,0,0,7500,0,0,0,8000,0,0,blocked,0,tcp,0,7500,500,0,0,0
3000077730,0,10,506,0,3,11,inbound_arrival,7,500,0,ring_allreduce,4,100000,3,reduce_scatter,3,25000,25000,500,0,60000000000,10,7,25000,1,0,8500,0,1,0,9000,0,0,blocked,0,tcp,0,8500,500,0,0,0
3000078150,0,6,374,0,1,8,inbound_arrival,4,500,0,ring_allreduce,4,100000,2,reduce_scatter,3,0,25000,500,0,60000000000,7,4,25000,0,0,8000,0,0,0,8500,0,0,blocked,0,tcp,0,8000,500,0,0,0
3000078270,0,10,509,0,3,11,inbound_arrival,7,500,0,ring_allreduce,4,100000,3,reduce_scatter,3,25000,25000,500,0,60000000000,10,7,25000,1,0,9000,0,1,0,9500,0,0,blocked,0,tcp,0,9000,500,0,0,0
3000078690,0,6,380,0,1,8,inbound_arrival,4,500,0,ring_allreduce,4,100000,2,reduce_scatter,3,0,25000,500,0,60000000000,7,4,25000,0,0,8500,0,0,0,9000,0,0,blocked,0,tcp,0,8500,500,0,0,0
3000078770,0,10,512,0,3,11,inbound_arrival,7,500,0,ring_allreduce,4,100000,3,reduce_scatter,3,25000,25000,500,0,60000000000,10,7,25000,1,0,9500,0,1,0,10000,0,0,blocked,0,tcp,0,9500,500,0,0,0
3000079230,0,6,386,0,1,8,inbound_arrival,4,500,0,ring_allreduce,4,100000,2,reduce_scatter,3,0,25000,500,0,60000000000,7,4,25000,0,0,9000,0,0,0,9500,0,0,blocked,0,tcp,0,9000,500,0,0,0
3000079310,0,10,515,0,3,11,inbound_arrival,7,500,0,ring_allreduce,4,100000,3,reduce_scatter,3,25000,25000,500,0,60000000000,10,7,25000,1,0,10000,0,1,0,10500,0,0,blocked,0,tcp,0,10000,500,0,0,0
3000079770,0,6,392,0,1,8,inbound_arrival,4,500,0,ring_allreduce,4,100000,2,reduce_scatter,3,0,25000,500,0,60000000000,7,4,25000,0,0,9500,0,0,0,10000,0,0,blocked,0,tcp,0,9500,500,0,0,0
3000079810,0,10,518,0,3,11,inbound_arrival,7,500,0,ring_allreduce,4,100000,3,reduce_scatter,3,25000,25000,500,0,60000000000,10,7,25000,1,0,10500,0,1,0,11000,0,0,blocked,0,tcp,0,10500,500,0,0,0
3000080310,0,6,398,0,1,8,inbound_arrival,4,500,0,ring_allreduce,4,100000,2,reduce_scatter,3,0,25000,500,0,60000000000,7,4,25000,0,0,10000,0,0,0,10500,0,0,blocked,0,tcp,0,10000,500,0,0,0
3000080310,0,10,521,0,3,11,inbound_arrival,7,500,0,ring_allreduce,4,100000,3,reduce_scatter,3,25000,25000,500,0,60000000000,10,7,25000,1,0,11000,0,1,0,11500,0,0,blocked,0,tcp,0,11000,500,0,0,0
3000080810,0,10,524,0,3,11,inbound_arrival,7,500,0,ring_allreduce,4,100000,3,reduce_scatter,3,25000,25000,500,0,60000000000,10,7,25000,1,0,11500,0,1,0,12000,0,0,blocked,0,tcp,0,11500,500,0,0,0
3000080850,0,6,404,0,1,8,inbound_arrival,4,500,0,ring_allreduce,4,100000,2,reduce_scatter,3,0,25000,500,0,60000000000,7,4,25000,0,0,10500,0,0,0,11000,0,0,blocked,0,tcp,0,10500,500,0,0,0
3000081310,0,10,527,0,3,11,inbound_arrival,7,500,0,ring_allreduce,4,100000,3,reduce_scatter,3,25000,25000,500,0,60000000000,10,7,25000,1,0,12000,0,1,0,12500,0,0,blocked,0,tcp,0,12000,500,0,0,0
3000081390,0,6,410,0,1,8,inbound_arrival,4,500,0,ring_allreduce,4,100000,2,reduce_scatter,3,0,25000,500,0,60000000000,7,4,25000,0,0,11000,0,0,0,11500,0,0,blocked,0,tcp,0,11000,500,0,0,0
3000081810,0,10,530,0,3,11,inbound_arrival,7,500,0,ring_allreduce,4,100000,3,reduce_scatter,3,25000,25000,500,0,60000000000,10,7,25000,1,0,12500,0,1,0,13000,0,0,blocked,0,tcp,0,12500,500,0,0,0
3000081930,0,6,416,0,1,8,inbound_arrival,4,500,0,ring_allreduce,4,100000,2,reduce_scatter,3,0,25000,500,0,60000000000,7,4,25000,0,0,11500,0,0,0,12000,0,0,blocked,0,tcp,0,11500,500,0,0,0
3000082310,0,10,533,0,3,11,inbound_arrival,7,500,0,ring_allreduce,4,100000,3,reduce_scatter,3,25000,25000,500,0,60000000000,10,7,25000,1,0,13000,0,1,0,13500,0,0,blocked,0,tcp,0,13000,500,0,0,0
3000082470,0,6,422,0,1,8,inbound_arrival,4,500,0,ring_allreduce,4,100000,2,reduce_scatter,3,0,25000,500,0,60000000000,7,4,25000,0,0,12000,0,0,0,12500,0,0,blocked,0,tcp,0,12000,500,0,0,0
3000082810,0,10,536,0,3,11,inbound_arrival,7,500,0,ring_allreduce,4,100000,3,reduce_scatter,3,25000,25000,500,0,60000000000,10,7,25000,1,0,13500,0,1,0,14000,0,0,blocked,0,tcp,0,13500,500,0,0,0
3000083010,0,6,428,0,1,8,inbound_arrival,4,500,0,ring_allreduce,4,100000,2,reduce_scatter,3,0,25000,500,0,60000000000,7,4,25000,0,0,12500,0,0,0,13000,0,0,blocked,0,tcp,0,12500,500,0,0,0
3000083310,0,10,539,0,3,11,inbound_arrival,7,500,0,ring_allreduce,4,100000,3,reduce_scatter,3,25000,25000,500,0,60000000000,10,7,25000,1,0,14000,0,1,0,14500,0,0,blocked,0,tcp,0,14000,500,0,0,0
3000083550,0,6,434,0,1,8,inbound_arrival,4,500,0,ring_allreduce,4,100000,2,reduce_scatter,3,0,25000,500,0,60000000000,7,4,25000,0,0,13000,0,0,0,13500,0,0,blocked,0,tcp,0,13000,500,0,0,0
3000083810,0,10,542,0,3,11,inbound_arrival,7,500,0,ring_allreduce,4,100000,3,reduce_scatter,3,25000,25000,500,0,60000000000,10,7,25000,1,0,14500,0,1,0,15000,0,0,blocked,0,tcp,0,14500,500,0,0,0
3000084090,0,6,440,0,1,8,inbound_arrival,4,500,0,ring_allreduce,4,100000,2,reduce_scatter,3,0,25000,500,0,60000000000,7,4,25000,0,0,13500,0,0,0,14000,0,0,blocked,0,tcp,0,13500,500,0,0,0
3000084390,0,10,545,0,3,11,inbound_arrival,7,500,0,ring_allreduce,4,100000,3,reduce_scatter,3,25000,25000,500,0,60000000000,10,7,25000,1,0,15000,0,1,0,15500,0,0,blocked,0,tcp,0,15000,500,0,0,0
3000084630,0,6,446,0,1,8,inbound_arrival,4,500,0,ring_allreduce,4,100000,2,reduce_scatter,3,0,25000,500,0,60000000000,7,4,25000,0,0,14000,0,0,0,14500,0,0,blocked,0,tcp,0,14000,500,0,0,0
3000084890,0,10,548,0,3,11,inbound_arrival,7,500,0,ring_allreduce,4,100000,3,reduce_scatter,3,25000,25000,500,0,60000000000,10,7,25000,1,0,15500,0,1,0,16000,0,0,blocked,0,tcp,0,15500,500,0,0,0
3000085430,0,6,458,0,1,8,inbound_arrival,4,500,0,ring_allreduce,4,100000,2,reduce_scatter,3,0,25000,500,0,60000000000,7,4,25000,0,0,14500,0,0,0,15000,0,0,blocked,0,tcp,0,14500,500,0,0,0
3000085430,0,10,551,0,3,11,inbound_arrival,7,500,0,ring_allreduce,4,100000,3,reduce_scatter,3,25000,25000,500,0,60000000000,10,7,25000,1,0,16000,0,1,0,16500,0,0,blocked,0,tcp,0,16000,500,0,0,0
3000085930,0,6,461,0,1,8,inbound_arrival,4,500,0,ring_allreduce,4,100000,2,reduce_scatter,3,0,25000,500,0,60000000000,7,4,25000,0,0,15000,0,0,0,15500,0,0,blocked,0,tcp,0,15000,500,0,0,0
3000085930,0,10,554,0,3,11,inbound_arrival,7,500,0,ring_allreduce,4,100000,3,reduce_scatter,3,25000,25000,500,0,60000000000,10,7,25000,1,0,16500,0,1,0,17000,0,0,blocked,0,tcp,0,16500,500,0,0,0
3000086470,0,6,467,0,1,8,inbound_arrival,4,500,0,ring_allreduce,4,100000,2,reduce_scatter,3,0,25000,500,0,60000000000,7,4,25000,0,0,15500,0,0,0,16000,0,0,blocked,0,tcp,0,15500,500,0,0,0
3000086470,0,10,557,0,3,11,inbound_arrival,7,500,0,ring_allreduce,4,100000,3,reduce_scatter,3,25000,25000,500,0,60000000000,10,7,25000,1,0,17000,0,1,0,17500,0,0,blocked,0,tcp,0,17000,500,0,0,0
3000086970,0,10,560,0,3,11,inbound_arrival,7,500,0,ring_allreduce,4,100000,3,reduce_scatter,3,25000,25000,500,0,60000000000,10,7,25000,1,0,17500,0,1,0,18000,0,0,blocked,0,tcp,0,17500,500,0,0,0
3000087010,0,6,473,0,1,8,inbound_arrival,4,500,0,ring_allreduce,4,100000,2,reduce_scatter,3,0,25000,500,0,60000000000,7,4,25000,0,0,16000,0,0,0,16500,0,0,blocked,0,tcp,0,16000,500,0,0,0
3000087510,0,10,563,0,3,11,inbound_arrival,7,500,0,ring_allreduce,4,100000,3,reduce_scatter,3,25000,25000,500,0,60000000000,10,7,25000,1,0,18000,0,1,0,18500,0,0,blocked,0,tcp,0,18000,500,0,0,0
3000087550,0,6,479,0,1,8,inbound_arrival,4,500,0,ring_allreduce,4,100000,2,reduce_scatter,3,0,25000,500,0,60000000000,7,4,25000,0,0,16500,0,0,0,17000,0,0,blocked,0,tcp,0,16500,500,0,0,0
3000088010,0,10,566,0,3,11,inbound_arrival,7,500,0,ring_allreduce,4,100000,3,reduce_scatter,3,25000,25000,500,0,60000000000,10,7,25000,1,0,18500,0,1,0,19000,0,0,blocked,0,tcp,0,18500,500,0,0,0
3000088090,0,6,485,0,1,8,inbound_arrival,4,500,0,ring_allreduce,4,100000,2,reduce_scatter,3,0,25000,500,0,60000000000,7,4,25000,0,0,17000,0,0,0,17500,0,0,blocked,0,tcp,0,17000,500,0,0,0
3000088550,0,10,569,0,3,11,inbound_arrival,7,500,0,ring_allreduce,4,100000,3,reduce_scatter,3,25000,25000,500,0,60000000000,10,7,25000,1,0,19000,0,1,0,19500,0,0,blocked,0,tcp,0,19000,500,0,0,0
3000088630,0,6,491,0,1,8,inbound_arrival,4,500,0,ring_allreduce,4,100000,2,reduce_scatter,3,0,25000,500,0,60000000000,7,4,25000,0,0,17500,0,0,0,18000,0,0,blocked,0,tcp,0,17500,500,0,0,0
3000089050,0,10,572,0,3,11,inbound_arrival,7,500,0,ring_allreduce,4,100000,3,reduce_scatter,3,25000,25000,500,0,60000000000,10,7,25000,1,0,19500,0,1,0,20000,0,0,blocked,0,tcp,0,19500,500,0,0,0
3000089170,0,6,497,0,1,8,inbound_arrival,4,500,0,ring_allreduce,4,100000,2,reduce_scatter,3,0,25000,500,0,60000000000,7,4,25000,0,0,18000,0,0,0,18500,0,0,blocked,0,tcp,0,18000,500,0,0,0
3000089590,0,10,575,0,3,11,inbound_arrival,7,500,0,ring_allreduce,4,100000,3,reduce_scatter,3,25000,25000,500,0,60000000000,10,7,25000,1,0,20000,0,1,0,20500,0,0,blocked,0,tcp,0,20000,500,0,0,0
3000089710,0,6,503,0,1,8,inbound_arrival,4,500,0,ring_allreduce,4,100000,2,reduce_scatter,3,0,25000,500,0,60000000000,7,4,25000,0,0,18500,0,0,0,19000,0,0,blocked,0,tcp,0,18500,500,0,0,0
3000090090,0,10,578,0,3,11,inbound_arrival,7,500,0,ring_allreduce,4,100000,3,reduce_scatter,3,25000,25000,500,0,60000000000,10,7,25000,1,0,20500,0,1,0,21000,0,0,blocked,0,tcp,0,20500,500,0,0,0
3000090250,0,6,509,0,1,8,inbound_arrival,4,500,0,ring_allreduce,4,100000,2,reduce_scatter,3,0,25000,500,0,60000000000,7,4,25000,0,0,19000,0,0,0,19500,0,0,blocked,0,tcp,0,19000,500,0,0,0
3000090630,0,10,581,0,3,11,inbound_arrival,7,500,0,ring_allreduce,4,100000,3,reduce_scatter,3,25000,25000,500,0,60000000000,10,7,25000,1,0,21000,0,1,0,21500,0,0,blocked,0,tcp,0,21000,500,0,0,0
3000090790,0,6,515,0,1,8,inbound_arrival,4,500,0,ring_allreduce,4,100000,2,reduce_scatter,3,0,25000,500,0,60000000000,7,4,25000,0,0,19500,0,0,0,20000,0,0,blocked,0,tcp,0,19500,500,0,0,0
3000091130,0,10,584,0,3,11,inbound_arrival,7,500,0,ring_allreduce,4,100000,3,reduce_scatter,3,25000,25000,500,0,60000000000,10,7,25000,1,0,21500,0,1,0,22000,0,0,blocked,0,tcp,0,21500,500,0,0,0
3000091330,0,6,521,0,1,8,inbound_arrival,4,500,0,ring_allreduce,4,100000,2,reduce_scatter,3,0,25000,500,0,60000000000,7,4,25000,0,0,20000,0,0,0,20500,0,0,blocked,0,tcp,0,20000,500,0,0,0
3000091670,0,10,587,0,3,11,inbound_arrival,7,500,0,ring_allreduce,4,100000,3,reduce_scatter,3,25000,25000,500,0,60000000000,10,7,25000,1,0,22000,0,1,0,22500,0,0,blocked,0,tcp,0,22000,500,0,0,0
3000091870,0,6,527,0,1,8,inbound_arrival,4,500,0,ring_allreduce,4,100000,2,reduce_scatter,3,0,25000,500,0,60000000000,7,4,25000,0,0,20500,0,0,0,21000,0,0,blocked,0,tcp,0,20500,500,0,0,0
3000092170,0,10,590,0,3,11,inbound_arrival,7,500,0,ring_allreduce,4,100000,3,reduce_scatter,3,25000,25000,500,0,60000000000,10,7,25000,1,0,22500,0,1,0,23000,0,0,blocked,0,tcp,0,22500,500,0,0,0
3000092410,0,6,533,0,1,8,inbound_arrival,4,500,0,ring_allreduce,4,100000,2,reduce_scatter,3,0,25000,500,0,60000000000,7,4,25000,0,0,21000,0,0,0,21500,0,0,blocked,0,tcp,0,21000,500,0,0,0
3000092710,0,10,593,0,3,11,inbound_arrival,7,500,0,ring_allreduce,4,100000,3,reduce_scatter,3,25000,25000,500,0,60000000000,10,7,25000,1,0,23000,0,1,0,23500,0,0,blocked,0,tcp,0,23000,500,0,0,0
3000092950,0,6,539,0,1,8,inbound_arrival,4,500,0,ring_allreduce,4,100000,2,reduce_scatter,3,0,25000,500,0,60000000000,7,4,25000,0,0,21500,0,0,0,22000,0,0,blocked,0,tcp,0,21500,500,0,0,0
3000093210,0,10,596,0,3,11,inbound_arrival,7,500,0,ring_allreduce,4,100000,3,reduce_scatter,3,25000,25000,500,0,60000000000,10,7,25000,1,0,23500,0,1,0,24000,0,0,blocked,0,tcp,0,23500,500,0,0,0
3000093490,0,6,545,0,1,8,inbound_arrival,4,500,0,ring_allreduce,4,100000,2,reduce_scatter,3,0,25000,500,0,60000000000,7,4,25000,0,0,22000,0,0,0,22500,0,0,blocked,0,tcp,0,22000,500,0,0,0
3000093750,0,10,599,0,3,11,inbound_arrival,7,500,0,ring_allreduce,4,100000,3,reduce_scatter,3,25000,25000,500,0,60000000000,10,7,25000,1,0,24000,0,1,0,24500,0,0,blocked,0,tcp,0,24000,500,0,0,0
3000094030,0,6,551,0,1,8,inbound_arrival,4,500,0,ring_allreduce,4,100000,2,reduce_scatter,3,0,25000,500,0,60000000000,7,4,25000,0,0,22500,0,0,0,23000,0,0,blocked,0,tcp,0,22500,500,0,0,0
3000094250,0,10,602,0,3,11,inbound_arrival,7,500,0,ring_allreduce,4,100000,3,reduce_scatter,3,25000,25000,500,0,60000000000,10,7,25000,1,0,24500,1,1,1,25000,2,1000,blocked,0,tcp,0,24500,500,0,0,0
3000094570,0,6,557,0,1,8,inbound_arrival,4,500,0,ring_allreduce,4,100000,2,reduce_scatter,3,0,25000,500,0,60000000000,7,4,25000,0,0,23000,0,0,0,23500,0,0,blocked,0,tcp,0,23000,500,0,0,0
3000095110,0,6,563,0,1,8,inbound_arrival,4,500,0,ring_allreduce,4,100000,2,reduce_scatter,3,0,25000,500,0,60000000000,7,4,25000,0,0,23500,0,0,0,24000,0,0,blocked,0,tcp,0,23500,500,0,0,0
3000095650,0,6,569,0,1,8,inbound_arrival,4,500,0,ring_allreduce,4,100000,2,reduce_scatter,3,0,25000,500,0,60000000000,7,4,25000,0,0,24000,0,0,0,24500,0,0,blocked,0,tcp,0,24000,500,0,0,0
3000096190,0,6,575,0,1,8,inbound_arrival,4,500,0,ring_allreduce,4,100000,2,reduce_scatter,3,0,25000,500,0,60000000000,7,4,25000,0,0,24500,0,0,1,25000,0,0,blocked,0,tcp,0,24500,500,0,0,0
3000096230,0,6,578,0,1,8,local_completion,7,0,0,ring_allreduce,4,100000,2,reduce_scatter,3,0,25000,500,0,60000000000,7,4,25000,0,1,25000,1,1,1,25000,2,1000,blocked,0,tcp,0,0,0,25000,3000082510,2700
3000096390,0,8,695,0,2,5,local_completion,4,0,0,ring_allreduce,4,100000,1,reduce_scatter,3,75000,25000,500,0,60000000000,4,1,25000,0,1,25000,1,1,1,25000,2,1000,blocked,0,tcp,0,0,0,25000,3000092330,2700
3000096790,0,4,749,0,0,12,inbound_arrival,11,500,0,ring_allreduce,4,100000,0,allgather,1,25000,25000,500,0,60000000000,2,11,25000,1,0,0,0,1,0,500,0,0,blocked,0,tcp,0,0,500,0,0,0
3000097290,0,4,752,0,0,12,inbound_arrival,11,500,0,ring_allreduce,4,100000,0,allgather,1,25000,25000,500,0,60000000000,2,11,25000,1,0,500,0,1,0,1000,0,0,blocked,0,tcp,0,500,500,0,0,0
3000098730,0,10,608,0,3,21,inbound_arrival,8,500,0,ring_allreduce,4,100000,3,allgather,1,0,25000,500,0,60000000000,11,8,25000,0,0,0,0,0,0,500,0,0,blocked,0,tcp,0,0,500,0,0,0
3000098890,0,6,581,0,1,18,inbound_arrival,5,500,0,ring_allreduce,4,100000,2,allgather,1,75000,25000,500,0,60000000000,8,5,25000,0,0,0,0,0,0,500,0,0,blocked,0,tcp,0,0,500,0,0,0
3000099270,0,10,614,0,3,21,inbound_arrival,8,500,0,ring_allreduce,4,100000,3,allgather,1,0,25000,500,0,60000000000,11,8,25000,0,0,500,0,0,0,1000,0,0,blocked,0,tcp,0,500,500,0,0,0
3000099390,0,6,584,0,1,18,inbound_arrival,5,500,0,ring_allreduce,4,100000,2,allgather,1,75000,25000,500,0,60000000000,8,5,25000,0,0,500,0,0,0,1000,0,0,blocked,0,tcp,0,500,500,0,0,0
3000099890,0,4,755,0,0,12,inbound_arrival,11,500,0,ring_allreduce,4,100000,0,allgather,1,25000,25000,500,0,60000000000,2,11,25000,1,0,1000,0,1,0,1500,0,0,blocked,0,tcp,0,1000,500,0,0,0
3000100390,0,4,758,0,0,12,inbound_arrival,11,500,0,ring_allreduce,4,100000,0,allgather,1,25000,25000,500,0,60000000000,2,11,25000,1,0,1500,0,1,0,2000,0,0,blocked,0,tcp,0,1500,500,0,0,0
3000101270,0,4,761,0,0,12,inbound_arrival,11,500,0,ring_allreduce,4,100000,0,allgather,1,25000,25000,500,0,60000000000,2,11,25000,1,0,2000,0,1,0,2500,0,0,blocked,0,tcp,0,2000,500,0,0,0
3000101770,0,6,590,0,1,18,inbound_arrival,5,500,0,ring_allreduce,4,100000,2,allgather,1,75000,25000,500,0,60000000000,8,5,25000,0,0,1000,0,0,0,1500,0,0,blocked,0,tcp,0,1000,500,0,0,0
3000102010,0,10,623,0,3,21,inbound_arrival,8,500,0,ring_allreduce,4,100000,3,allgather,1,0,25000,500,0,60000000000,11,8,25000,0,0,1000,0,0,0,1500,0,0,blocked,0,tcp,0,1000,500,0,0,0
3000102270,0,4,764,0,0,12,inbound_arrival,11,500,0,ring_allreduce,4,100000,0,allgather,1,25000,25000,500,0,60000000000,2,11,25000,1,0,2500,0,1,0,3000,0,0,blocked,0,tcp,0,2500,500,0,0,0
3000102510,0,10,626,0,3,21,inbound_arrival,8,500,0,ring_allreduce,4,100000,3,allgather,1,0,25000,500,0,60000000000,11,8,25000,0,0,1500,0,0,0,2000,0,0,blocked,0,tcp,0,1500,500,0,0,0
3000102810,0,6,596,0,1,18,inbound_arrival,5,500,0,ring_allreduce,4,100000,2,allgather,1,75000,25000,500,0,60000000000,8,5,25000,0,0,1500,0,0,0,2000,0,0,blocked,0,tcp,0,1500,500,0,0,0
3000103310,0,6,599,0,1,18,inbound_arrival,5,500,0,ring_allreduce,4,100000,2,allgather,1,75000,25000,500,0,60000000000,8,5,25000,0,0,2000,0,0,0,2500,0,0,blocked,0,tcp,0,2000,500,0,0,0
3000103810,0,4,767,0,0,12,inbound_arrival,11,500,0,ring_allreduce,4,100000,0,allgather,1,25000,25000,500,0,60000000000,2,11,25000,1,0,3000,0,1,0,3500,0,0,blocked,0,tcp,0,3000,500,0,0,0
3000104310,0,6,602,0,1,18,inbound_arrival,5,500,0,ring_allreduce,4,100000,2,allgather,1,75000,25000,500,0,60000000000,8,5,25000,0,0,2500,0,0,0,3000,0,0,blocked,0,tcp,0,2500,500,0,0,0
3000104310,0,10,635,0,3,21,inbound_arrival,8,500,0,ring_allreduce,4,100000,3,allgather,1,0,25000,500,0,60000000000,11,8,25000,0,0,2000,0,0,0,2500,0,0,blocked,0,tcp,0,2000,500,0,0,0
3000104810,0,4,770,0,0,12,inbound_arrival,11,500,0,ring_allreduce,4,100000,0,allgather,1,25000,25000,500,0,60000000000,2,11,25000,1,0,3500,0,1,0,4000,0,0,blocked,0,tcp,0,3500,500,0,0,0
3000104810,0,10,638,0,3,21,inbound_arrival,8,500,0,ring_allreduce,4,100000,3,allgather,1,0,25000,500,0,60000000000,11,8,25000,0,0,2500,0,0,0,3000,0,0,blocked,0,tcp,0,2500,500,0,0,0
3000105310,0,4,773,0,0,12,inbound_arrival,11,500,0,ring_allreduce,4,100000,0,allgather,1,25000,25000,500,0,60000000000,2,11,25000,1,0,4000,0,1,0,4500,0,0,blocked,0,tcp,0,4000,500,0,0,0
3000105810,0,4,776,0,0,12,inbound_arrival,11,500,0,ring_allreduce,4,100000,0,allgather,1,25000,25000,500,0,60000000000,2,11,25000,1,0,4500,0,1,0,5000,0,0,blocked,0,tcp,0,4500,500,0,0,0
3000106310,0,6,605,0,1,18,inbound_arrival,5,500,0,ring_allreduce,4,100000,2,allgather,1,75000,25000,500,0,60000000000,8,5,25000,0,0,3000,0,0,0,3500,0,0,blocked,0,tcp,0,3000,500,0,0,0
3000106810,0,6,608,0,1,18,inbound_arrival,5,500,0,ring_allreduce,4,100000,2,allgather,1,75000,25000,500,0,60000000000,8,5,25000,0,0,3500,0,0,0,4000,0,0,blocked,0,tcp,0,3500,500,0,0,0
3000107310,0,4,779,0,0,12,inbound_arrival,11,0,0,ring_allreduce,4,100000,0,allgather,1,25000,25000,500,0,60000000000,2,11,25000,1,0,5000,0,1,0,5000,0,0,blocked,0,tcp,0,5500,500,0,0,0
3000107810,0,4,782,0,0,12,inbound_arrival,11,0,0,ring_allreduce,4,100000,0,allgather,1,25000,25000,500,0,60000000000,2,11,25000,1,0,5000,0,1,0,5000,0,0,blocked,0,tcp,0,6000,500,0,0,0
3000108310,0,6,611,0,1,18,inbound_arrival,5,500,0,ring_allreduce,4,100000,2,allgather,1,75000,25000,500,0,60000000000,8,5,25000,0,0,4000,0,0,0,4500,0,0,blocked,0,tcp,0,4000,500,0,0,0
3000108810,0,6,614,0,1,18,inbound_arrival,5,500,0,ring_allreduce,4,100000,2,allgather,1,75000,25000,500,0,60000000000,8,5,25000,0,0,4500,0,0,0,5000,0,0,blocked,0,tcp,0,4500,500,0,0,0
3000109310,0,4,785,0,0,12,inbound_arrival,11,0,0,ring_allreduce,4,100000,0,allgather,1,25000,25000,500,0,60000000000,2,11,25000,1,0,5000,0,1,0,5000,0,0,blocked,0,tcp,0,7000,500,0,0,0
3000109810,0,4,788,0,0,12,inbound_arrival,11,0,0,ring_allreduce,4,100000,0,allgather,1,25000,25000,500,0,60000000000,2,11,25000,1,0,5000,0,1,0,5000,0,0,blocked,0,tcp,0,7500,500,0,0,0
3000110310,0,4,791,0,0,12,inbound_arrival,11,0,0,ring_allreduce,4,100000,0,allgather,1,25000,25000,500,0,60000000000,2,11,25000,1,0,5000,0,1,0,5000,0,0,blocked,0,tcp,0,8000,500,0,0,0
3000110810,0,4,794,0,0,12,inbound_arrival,11,0,0,ring_allreduce,4,100000,0,allgather,1,25000,25000,500,0,60000000000,2,11,25000,1,0,5000,0,1,0,5000,0,0,blocked,0,tcp,0,8500,500,0,0,0
3000111310,0,4,797,0,0,12,inbound_arrival,11,0,0,ring_allreduce,4,100000,0,allgather,1,25000,25000,500,0,60000000000,2,11,25000,1,0,5000,0,1,0,5000,0,0,blocked,0,tcp,0,9000,500,0,0,0
3000111810,0,4,800,0,0,12,inbound_arrival,11,0,0,ring_allreduce,4,100000,0,allgather,1,25000,25000,500,0,60000000000,2,11,25000,1,0,5000,0,1,0,5000,0,0,blocked,0,tcp,0,9500,500,0,0,0
3000112310,0,4,803,0,0,12,inbound_arrival,11,0,0,ring_allreduce,4,100000,0,allgather,1,25000,25000,500,0,60000000000,2,11,25000,1,0,5000,0,1,0,5000,0,0,blocked,0,tcp,0,10000,500,0,0,0
3000112810,0,4,806,0,0,12,inbound_arrival,11,0,0,ring_allreduce,4,100000,0,allgather,1,25000,25000,500,0,60000000000,2,11,25000,1,0,5000,0,1,0,5000,0,0,blocked,0,tcp,0,10500,500,0,0,0
3000113310,0,6,617,0,1,18,inbound_arrival,5,0,0,ring_allreduce,4,100000,2,allgather,1,75000,25000,500,0,60000000000,8,5,25000,0,0,5000,0,0,0,5000,0,0,blocked,0,tcp,0,9000,500,0,0,0
3000113810,0,6,620,0,1,18,inbound_arrival,5,0,0,ring_allreduce,4,100000,2,allgather,1,75000,25000,500,0,60000000000,8,5,25000,0,0,5000,0,0,0,5000,0,0,blocked,0,tcp,0,9500,500,0,0,0
3000114310,0,6,623,0,1,18,inbound_arrival,5,0,0,ring_allreduce,4,100000,2,allgather,1,75000,25000,500,0,60000000000,8,5,25000,0,0,5000,0,0,0,5000,0,0,blocked,0,tcp,0,10000,500,0,0,0
3000114810,0,6,626,0,1,18,inbound_arrival,5,0,0,ring_allreduce,4,100000,2,allgather,1,75000,25000,500,0,60000000000,8,5,25000,0,0,5000,0,0,0,5000,0,0,blocked,0,tcp,0,10500,500,0,0,0
3000115310,0,4,809,0,0,12,inbound_arrival,11,0,0,ring_allreduce,4,100000,0,allgather,1,25000,25000,500,0,60000000000,2,11,25000,1,0,5000,0,1,0,5000,0,0,blocked,0,tcp,0,11000,500,0,0,0
3000115810,0,4,812,0,0,12,inbound_arrival,11,0,0,ring_allreduce,4,100000,0,allgather,1,25000,25000,500,0,60000000000,2,11,25000,1,0,5000,0,1,0,5000,0,0,blocked,0,tcp,0,11500,500,0,0,0
3000116310,0,4,815,0,0,12,inbound_arrival,11,0,0,ring_allreduce,4,100000,0,allgather,1,25000,25000,500,0,60000000000,2,11,25000,1,0,5000,0,1,0,5000,0,0,blocked,0,tcp,0,12000,500,0,0,0
3000116810,0,4,818,0,0,12,inbound_arrival,11,0,0,ring_allreduce,4,100000,0,allgather,1,25000,25000,500,0,60000000000,2,11,25000,1,0,5000,0,1,0,5000,0,0,blocked,0,tcp,0,12500,500,0,0,0
3000117310,0,6,629,0,1,18,inbound_arrival,5,500,0,ring_allreduce,4,100000,2,allgather,1,75000,25000,500,0,60000000000,8,5,25000,0,0,5000,0,0,0,5500,0,0,blocked,0,tcp,0,5000,500,0,0,0
3000118010,0,4,821,0,0,12,inbound_arrival,11,0,0,ring_allreduce,4,100000,0,allgather,1,25000,25000,500,0,60000000000,2,11,25000,1,0,5000,0,1,0,5000,0,0,blocked,0,tcp,0,13000,500,0,0,0
3000118510,0,4,824,0,0,12,inbound_arrival,11,0,0,ring_allreduce,4,100000,0,allgather,1,25000,25000,500,0,60000000000,2,11,25000,1,0,5000,0,1,0,5000,0,0,blocked,0,tcp,0,13500,500,0,0,0
3000119010,0,4,827,0,0,12,inbound_arrival,11,0,0,ring_allreduce,4,100000,0,allgather,1,25000,25000,500,0,60000000000,2,11,25000,1,0,5000,0,1,0,5000,0,0,blocked,0,tcp,0,14000,500,0,0,0
3000119510,0,4,830,0,0,12,inbound_arrival,11,0,0,ring_allreduce,4,100000,0,allgather,1,25000,25000,500,0,60000000000,2,11,25000,1,0,5000,0,1,0,5000,0,0,blocked,0,tcp,0,14500,500,0,0,0
3000120010,0,6,632,0,1,18,inbound_arrival,5,500,0,ring_allreduce,4,100000,2,allgather,1,75000,25000,500,0,60000000000,8,5,25000,0,0,5500,0,0,0,6000,0,0,blocked,0,tcp,0,5500,500,0,0,0
3000120710,0,4,833,0,0,12,inbound_arrival,11,0,0,ring_allreduce,4,100000,0,allgather,1,25000,25000,500,0,60000000000,2,11,25000,1,0,5000,0,1,0,5000,0,0,blocked,0,tcp,0,15000,500,0,0,0
3000121210,0,4,836,0,0,12,inbound_arrival,11,0,0,ring_allreduce,4,100000,0,allgather,1,25000,25000,500,0,60000000000,2,11,25000,1,0,5000,0,1,0,5000,0,0,blocked,0,tcp,0,15500,500,0,0,0
3000121710,0,4,839,0,0,12,inbound_arrival,11,0,0,ring_allreduce,4,100000,0,allgather,1,25000,25000,500,0,60000000000,2,11,25000,1,0,5000,0,1,0,5000,0,0,blocked,0,tcp,0,16000,500,0,0,0
3000122210,0,4,842,0,0,12,inbound_arrival,11,0,0,ring_allreduce,4,100000,0,allgather,1,25000,25000,500,0,60000000000,2,11,25000,1,0,5000,0,1,0,5000,0,0,blocked,0,tcp,0,16500,500,0,0,0
3000122710,0,6,635,0,1,18,inbound_arrival,5,500,0,ring_allreduce,4,100000,2,allgather,1,75000,25000,500,0,60000000000,8,5,25000,0,0,6000,0,0,0,6500,0,0,blocked,0,tcp,0,6000,500,0,0,0
3000123410,0,4,845,0,0,12,inbound_arrival,11,0,0,ring_allreduce,4,100000,0,allgather,1,25000,25000,500,0,60000000000,2,11,25000,1,0,5000,0,1,0,5000,0,0,blocked,0,tcp,0,17000,500,0,0,0
3000123910,0,4,848,0,0,12,inbound_arrival,11,0,0,ring_allreduce,4,100000,0,allgather,1,25000,25000,500,0,60000000000,2,11,25000,1,0,5000,0,1,0,5000,0,0,blocked,0,tcp,0,17500,500,0,0,0
3000124410,0,4,851,0,0,12,inbound_arrival,11,0,0,ring_allreduce,4,100000,0,allgather,1,25000,25000,500,0,60000000000,2,11,25000,1,0,5000,0,1,0,5000,0,0,blocked,0,tcp,0,18000,500,0,0,0
3000124910,0,4,854,0,0,12,inbound_arrival,11,0,0,ring_allreduce,4,100000,0,allgather,1,25000,25000,500,0,60000000000,2,11,25000,1,0,5000,0,1,0,5000,0,0,blocked,0,tcp,0,18500,500,0,0,0
3000125410,0,6,638,0,1,18,inbound_arrival,5,500,0,ring_allreduce,4,100000,2,allgather,1,75000,25000,500,0,60000000000,8,5,25000,0,0,6500,0,0,0,7000,0,0,blocked,0,tcp,0,6500,500,0,0,0
3000126110,0,4,857,0,0,12,inbound_arrival,11,0,0,ring_allreduce,4,100000,0,allgather,1,25000,25000,500,0,60000000000,2,11,25000,1,0,5000,0,1,0,5000,0,0,blocked,0,tcp,0,19000,500,0,0,0
3000126610,0,4,860,0,0,12,inbound_arrival,11,0,0,ring_allreduce,4,100000,0,allgather,1,25000,25000,500,0,60000000000,2,11,25000,1,0,5000,0,1,0,5000,0,0,blocked,0,tcp,0,19500,500,0,0,0
3000127110,0,4,863,0,0,12,inbound_arrival,11,0,0,ring_allreduce,4,100000,0,allgather,1,25000,25000,500,0,60000000000,2,11,25000,1,0,5000,0,1,0,5000,0,0,blocked,0,tcp,0,20000,500,0,0,0
3000127610,0,4,866,0,0,12,inbound_arrival,11,0,0,ring_allreduce,4,100000,0,allgather,1,25000,25000,500,0,60000000000,2,11,25000,1,0,5000,0,1,0,5000,0,0,blocked,0,tcp,0,20500,500,0,0,0
3000128110,0,6,641,0,1,18,inbound_arrival,5,500,0,ring_allreduce,4,100000,2,allgather,1,75000,25000,500,0,60000000000,8,5,25000,0,0,7000,0,0,0,7500,0,0,blocked,0,tcp,0,7000,500,0,0,0
3000128810,0,4,869,0,0,12,inbound_arrival,11,0,0,ring_allreduce,4,100000,0,allgather,1,25000,25000,500,0,60000000000,2,11,25000,1,0,5000,0,1,0,5000,0,0,blocked,0,tcp,0,21000,500,0,0,0
3000129310,0,4,872,0,0,12,inbound_arrival,11,0,0,ring_allreduce,4,100000,0,allgather,1,25000,25000,500,0,60000000000,2,11,25000,1,0,5000,0,1,0,5000,0,0,blocked,0,tcp,0,21500,500,0,0,0
3000129810,0,4,875,0,0,12,inbound_arrival,11,0,0,ring_allreduce,4,100000,0,allgather,1,25000,25000,500,0,60000000000,2,11,25000,1,0,5000,0,1,0,5000,0,0,blocked,0,tcp,0,22000,500,0,0,0
3000130310,0,4,878,0,0,12,inbound_arrival,11,0,0,ring_allreduce,4,100000,0,allgather,1,25000,25000,500,0,60000000000,2,11,25000,1,0,5000,0,1,0,5000,0,0,blocked,0,tcp,0,22500,500,0,0,0
3000130810,0,6,644,0,1,18,inbound_arrival,5,500,0,ring_allreduce,4,100000,2,allgather,1,75000,25000,500,0,60000000000,8,5,25000,0,0,7500,0,0,0,8000,0,0,blocked,0,tcp,0,7500,500,0,0,0
3000131510,0,4,881,0,0,12,inbound_arrival,11,0,0,ring_allreduce,4,100000,0,allgather,1,25000,25000,500,0,60000000000,2,11,25000,1,0,5000,0,1,0,5000,0,0,blocked,0,tcp,0,23000,500,0,0,0
3000132010,0,4,884,0,0,12,inbound_arrival,11,0,0,ring_allreduce,4,100000,0,allgather,1,25000,25000,500,0,60000000000,2,11,25000,1,0,5000,0,1,0,5000,0,0,blocked,0,tcp,0,23500,500,0,0,0
3000132510,0,4,887,0,0,12,inbound_arrival,11,0,0,ring_allreduce,4,100000,0,allgather,1,25000,25000,500,0,60000000000,2,11,25000,1,0,5000,0,1,0,5000,0,0,blocked,0,tcp,0,24000,500,0,0,0
3000133010,0,4,890,0,0,12,inbound_arrival,11,0,0,ring_allreduce,4,100000,0,allgather,1,25000,25000,500,0,60000000000,2,11,25000,1,0,5000,0,1,0,5000,0,0,blocked,0,tcp,0,24500,500,0,0,0
3000133510,0,6,647,0,1,18,inbound_arrival,5,500,0,ring_allreduce,4,100000,2,allgather,1,75000,25000,500,0,60000000000,8,5,25000,0,0,8000,0,0,0,8500,0,0,blocked,0,tcp,0,8000,500,0,0,0
3000134010,0,6,650,0,1,18,inbound_arrival,5,0,0,ring_allreduce,4,100000,2,allgather,1,75000,25000,500,0,60000000000,8,5,25000,0,0,8500,0,0,0,8500,0,0,blocked,0,tcp,0,11000,500,0,0,0
3000136210,0,6,653,0,1,18,inbound_arrival,5,3000,0,ring_allreduce,4,100000,2,allgather,1,75000,25000,500,0,60000000000,8,5,25000,0,0,8500,0,0,0,11500,0,0,blocked,0,tcp,0,8500,500,0,0,0
3000136710,0,6,656,0,1,18,inbound_arrival,5,500,0,ring_allreduce,4,100000,2,allgather,1,75000,25000,500,0,60000000000,8,5,25000,0,0,11500,0,0,0,12000,0,0,blocked,0,tcp,0,11500,500,0,0,0
3000138910,0,6,659,0,1,18,inbound_arrival,5,500,0,ring_allreduce,4,100000,2,allgather,1,75000,25000,500,0,60000000000,8,5,25000,0,0,12000,0,0,0,12500,0,0,blocked,0,tcp,0,12000,500,0,0,0
3000139410,0,6,662,0,1,18,inbound_arrival,5,500,0,ring_allreduce,4,100000,2,allgather,1,75000,25000,500,0,60000000000,8,5,25000,0,0,12500,0,0,0,13000,0,0,blocked,0,tcp,0,12500,500,0,0,0
3000139910,0,6,665,0,1,18,inbound_arrival,5,500,0,ring_allreduce,4,100000,2,allgather,1,75000,25000,500,0,60000000000,8,5,25000,0,0,13000,0,0,0,13500,0,0,blocked,0,tcp,0,13000,500,0,0,0
3000140410,0,6,668,0,1,18,inbound_arrival,5,500,0,ring_allreduce,4,100000,2,allgather,1,75000,25000,500,0,60000000000,8,5,25000,0,0,13500,0,0,0,14000,0,0,blocked,0,tcp,0,13500,500,0,0,0
3000140910,0,6,671,0,1,18,inbound_arrival,5,500,0,ring_allreduce,4,100000,2,allgather,1,75000,25000,500,0,60000000000,8,5,25000,0,0,14000,0,0,0,14500,0,0,blocked,0,tcp,0,14000,500,0,0,0
3000141410,0,6,674,0,1,18,inbound_arrival,5,500,0,ring_allreduce,4,100000,2,allgather,1,75000,25000,500,0,60000000000,8,5,25000,0,0,14500,0,0,0,15000,0,0,blocked,0,tcp,0,14500,500,0,0,0
3000141910,0,6,677,0,1,18,inbound_arrival,5,500,0,ring_allreduce,4,100000,2,allgather,1,75000,25000,500,0,60000000000,8,5,25000,0,0,15000,0,0,0,15500,0,0,blocked,0,tcp,0,15000,500,0,0,0
3000142410,0,6,680,0,1,18,inbound_arrival,5,500,0,ring_allreduce,4,100000,2,allgather,1,75000,25000,500,0,60000000000,8,5,25000,0,0,15500,0,0,0,16000,0,0,blocked,0,tcp,0,15500,500,0,0,0
3000142910,0,6,683,0,1,18,inbound_arrival,5,500,0,ring_allreduce,4,100000,2,allgather,1,75000,25000,500,0,60000000000,8,5,25000,0,0,16000,0,0,0,16500,0,0,blocked,0,tcp,0,16000,500,0,0,0
3000143410,0,6,686,0,1,18,inbound_arrival,5,500,0,ring_allreduce,4,100000,2,allgather,1,75000,25000,500,0,60000000000,8,5,25000,0,0,16500,0,0,0,17000,0,0,blocked,0,tcp,0,16500,500,0,0,0
3000143910,0,6,689,0,1,18,inbound_arrival,5,500,0,ring_allreduce,4,100000,2,allgather,1,75000,25000,500,0,60000000000,8,5,25000,0,0,17000,0,0,0,17500,0,0,blocked,0,tcp,0,17000,500,0,0,0
3000144410,0,6,692,0,1,18,inbound_arrival,5,500,0,ring_allreduce,4,100000,2,allgather,1,75000,25000,500,0,60000000000,8,5,25000,0,0,17500,0,0,0,18000,0,0,blocked,0,tcp,0,17500,500,0,0,0
3000144910,0,6,695,0,1,18,inbound_arrival,5,500,0,ring_allreduce,4,100000,2,allgather,1,75000,25000,500,0,60000000000,8,5,25000,0,0,18000,0,0,0,18500,0,0,blocked,0,tcp,0,18000,500,0,0,0
3000145410,0,6,698,0,1,18,inbound_arrival,5,500,0,ring_allreduce,4,100000,2,allgather,1,75000,25000,500,0,60000000000,8,5,25000,0,0,18500,0,0,0,19000,0,0,blocked,0,tcp,0,18500,500,0,0,0
3000145910,0,6,701,0,1,18,inbound_arrival,5,500,0,ring_allreduce,4,100000,2,allgather,1,75000,25000,500,0,60000000000,8,5,25000,0,0,19000,0,0,0,19500,0,0,blocked,0,tcp,0,19000,500,0,0,0
3000146410,0,6,704,0,1,18,inbound_arrival,5,500,0,ring_allreduce,4,100000,2,allgather,1,75000,25000,500,0,60000000000,8,5,25000,0,0,19500,0,0,0,20000,0,0,blocked,0,tcp,0,19500,500,0,0,0
3000146910,0,6,707,0,1,18,inbound_arrival,5,500,0,ring_allreduce,4,100000,2,allgather,1,75000,25000,500,0,60000000000,8,5,25000,0,0,20000,0,0,0,20500,0,0,blocked,0,tcp,0,20000,500,0,0,0
3000147410,0,6,710,0,1,18,inbound_arrival,5,500,0,ring_allreduce,4,100000,2,allgather,1,75000,25000,500,0,60000000000,8,5,25000,0,0,20500,0,0,0,21000,0,0,blocked,0,tcp,0,20500,500,0,0,0
3000147910,0,6,713,0,1,18,inbound_arrival,5,500,0,ring_allreduce,4,100000,2,allgather,1,75000,25000,500,0,60000000000,8,5,25000,0,0,21000,0,0,0,21500,0,0,blocked,0,tcp,0,21000,500,0,0,0
3000148410,0,6,716,0,1,18,inbound_arrival,5,500,0,ring_allreduce,4,100000,2,allgather,1,75000,25000,500,0,60000000000,8,5,25000,0,0,21500,0,0,0,22000,0,0,blocked,0,tcp,0,21500,500,0,0,0
3000148910,0,6,719,0,1,18,inbound_arrival,5,500,0,ring_allreduce,4,100000,2,allgather,1,75000,25000,500,0,60000000000,8,5,25000,0,0,22000,0,0,0,22500,0,0,blocked,0,tcp,0,22000,500,0,0,0
3000149410,0,6,722,0,1,18,inbound_arrival,5,500,0,ring_allreduce,4,100000,2,allgather,1,75000,25000,500,0,60000000000,8,5,25000,0,0,22500,0,0,0,23000,0,0,blocked,0,tcp,0,22500,500,0,0,0
3000149910,0,6,725,0,1,18,inbound_arrival,5,500,0,ring_allreduce,4,100000,2,allgather,1,75000,25000,500,0,60000000000,8,5,25000,0,0,23000,0,0,0,23500,0,0,blocked,0,tcp,0,23000,500,0,0,0
3000150410,0,6,728,0,1,18,inbound_arrival,5,500,0,ring_allreduce,4,100000,2,allgather,1,75000,25000,500,0,60000000000,8,5,25000,0,0,23500,0,0,0,24000,0,0,blocked,0,tcp,0,23500,500,0,0,0
3000150910,0,6,731,0,1,18,inbound_arrival,5,500,0,ring_allreduce,4,100000,2,allgather,1,75000,25000,500,0,60000000000,8,5,25000,0,0,24000,0,0,0,24500,0,0,blocked,0,tcp,0,24000,500,0,0,0
3000151410,0,6,734,0,1,18,inbound_arrival,5,500,0,ring_allreduce,4,100000,2,allgather,1,75000,25000,500,0,60000000000,8,5,25000,0,0,24500,0,0,1,25000,0,0,blocked,0,tcp,0,24500,500,0,0,0
3000151610,0,8,845,0,2,15,local_completion,5,0,0,ring_allreduce,4,100000,1,allgather,1,50000,25000,500,0,60000000000,5,2,25000,0,1,25000,1,1,1,25000,2,1000,blocked,0,tcp,0,0,0,25000,3000147610,2700
3000154110,0,6,737,0,1,19,inbound_arrival,15,500,0,ring_allreduce,4,100000,2,allgather,2,50000,25000,500,0,60000000000,18,15,25000,0,0,0,0,0,0,500,0,0,blocked,0,tcp,0,0,500,0,0,0
3000154610,0,6,740,0,1,19,inbound_arrival,15,500,0,ring_allreduce,4,100000,2,allgather,2,50000,25000,500,0,60000000000,18,15,25000,0,0,500,0,0,0,1000,0,0,blocked,0,tcp,0,500,500,0,0,0
3000156810,0,6,743,0,1,19,inbound_arrival,15,500,0,ring_allreduce,4,100000,2,allgather,2,50000,25000,500,0,60000000000,18,15,25000,0,0,1000,0,0,0,1500,0,0,blocked,0,tcp,0,1000,500,0,0,0
3000157310,0,6,746,0,1,19,inbound_arrival,15,500,0,ring_allreduce,4,100000,2,allgather,2,50000,25000,500,0,60000000000,18,15,25000,0,0,1500,0,0,0,2000,0,0,blocked,0,tcp,0,1500,500,0,0,0
3000157810,0,6,749,0,1,19,inbound_arrival,15,500,0,ring_allreduce,4,100000,2,allgather,2,50000,25000,500,0,60000000000,18,15,25000,0,0,2000,0,0,0,2500,0,0,blocked,0,tcp,0,2000,500,0,0,0
3000158310,0,6,752,0,1,19,inbound_arrival,15,500,0,ring_allreduce,4,100000,2,allgather,2,50000,25000,500,0,60000000000,18,15,25000,0,0,2500,0,0,0,3000,0,0,blocked,0,tcp,0,2500,500,0,0,0
3000159510,0,6,755,0,1,19,inbound_arrival,15,500,0,ring_allreduce,4,100000,2,allgather,2,50000,25000,500,0,60000000000,18,15,25000,0,0,3000,0,0,0,3500,0,0,blocked,0,tcp,0,3000,500,0,0,0
3000160010,0,6,758,0,1,19,inbound_arrival,15,500,0,ring_allreduce,4,100000,2,allgather,2,50000,25000,500,0,60000000000,18,15,25000,0,0,3500,0,0,0,4000,0,0,blocked,0,tcp,0,3500,500,0,0,0
3000160510,0,6,761,0,1,19,inbound_arrival,15,500,0,ring_allreduce,4,100000,2,allgather,2,50000,25000,500,0,60000000000,18,15,25000,0,0,4000,0,0,0,4500,0,0,blocked,0,tcp,0,4000,500,0,0,0
3000161010,0,6,764,0,1,19,inbound_arrival,15,500,0,ring_allreduce,4,100000,2,allgather,2,50000,25000,500,0,60000000000,18,15,25000,0,0,4500,0,0,0,5000,0,0,blocked,0,tcp,0,4500,500,0,0,0
3000161510,0,6,767,0,1,19,inbound_arrival,15,500,0,ring_allreduce,4,100000,2,allgather,2,50000,25000,500,0,60000000000,18,15,25000,0,0,5000,0,0,0,5500,0,0,blocked,0,tcp,0,5000,500,0,0,0
3000162010,0,6,770,0,1,19,inbound_arrival,15,500,0,ring_allreduce,4,100000,2,allgather,2,50000,25000,500,0,60000000000,18,15,25000,0,0,5500,0,0,0,6000,0,0,blocked,0,tcp,0,5500,500,0,0,0
3000162510,0,6,773,0,1,19,inbound_arrival,15,500,0,ring_allreduce,4,100000,2,allgather,2,50000,25000,500,0,60000000000,18,15,25000,0,0,6000,0,0,0,6500,0,0,blocked,0,tcp,0,6000,500,0,0,0
3000163010,0,6,776,0,1,19,inbound_arrival,15,500,0,ring_allreduce,4,100000,2,allgather,2,50000,25000,500,0,60000000000,18,15,25000,0,0,6500,0,0,0,7000,0,0,blocked,0,tcp,0,6500,500,0,0,0
3000163510,0,6,779,0,1,19,inbound_arrival,15,500,0,ring_allreduce,4,100000,2,allgather,2,50000,25000,500,0,60000000000,18,15,25000,0,0,7000,0,0,0,7500,0,0,blocked,0,tcp,0,7000,500,0,0,0
3000164010,0,6,782,0,1,19,inbound_arrival,15,500,0,ring_allreduce,4,100000,2,allgather,2,50000,25000,500,0,60000000000,18,15,25000,0,0,7500,0,0,0,8000,0,0,blocked,0,tcp,0,7500,500,0,0,0
3000164510,0,6,785,0,1,19,inbound_arrival,15,500,0,ring_allreduce,4,100000,2,allgather,2,50000,25000,500,0,60000000000,18,15,25000,0,0,8000,0,0,0,8500,0,0,blocked,0,tcp,0,8000,500,0,0,0
3000165010,0,6,788,0,1,19,inbound_arrival,15,500,0,ring_allreduce,4,100000,2,allgather,2,50000,25000,500,0,60000000000,18,15,25000,0,0,8500,0,0,0,9000,0,0,blocked,0,tcp,0,8500,500,0,0,0
3000165510,0,6,791,0,1,19,inbound_arrival,15,500,0,ring_allreduce,4,100000,2,allgather,2,50000,25000,500,0,60000000000,18,15,25000,0,0,9000,0,0,0,9500,0,0,blocked,0,tcp,0,9000,500,0,0,0
3000166010,0,6,794,0,1,19,inbound_arrival,15,500,0,ring_allreduce,4,100000,2,allgather,2,50000,25000,500,0,60000000000,18,15,25000,0,0,9500,0,0,0,10000,0,0,blocked,0,tcp,0,9500,500,0,0,0
3000166510,0,6,797,0,1,19,inbound_arrival,15,500,0,ring_allreduce,4,100000,2,allgather,2,50000,25000,500,0,60000000000,18,15,25000,0,0,10000,0,0,0,10500,0,0,blocked,0,tcp,0,10000,500,0,0,0
3000167010,0,6,800,0,1,19,inbound_arrival,15,500,0,ring_allreduce,4,100000,2,allgather,2,50000,25000,500,0,60000000000,18,15,25000,0,0,10500,0,0,0,11000,0,0,blocked,0,tcp,0,10500,500,0,0,0
3000167510,0,6,803,0,1,19,inbound_arrival,15,500,0,ring_allreduce,4,100000,2,allgather,2,50000,25000,500,0,60000000000,18,15,25000,0,0,11000,0,0,0,11500,0,0,blocked,0,tcp,0,11000,500,0,0,0
3000168010,0,6,806,0,1,19,inbound_arrival,15,500,0,ring_allreduce,4,100000,2,allgather,2,50000,25000,500,0,60000000000,18,15,25000,0,0,11500,0,0,0,12000,0,0,blocked,0,tcp,0,11500,500,0,0,0
3000168510,0,6,809,0,1,19,inbound_arrival,15,500,0,ring_allreduce,4,100000,2,allgather,2,50000,25000,500,0,60000000000,18,15,25000,0,0,12000,0,0,0,12500,0,0,blocked,0,tcp,0,12000,500,0,0,0
3000169010,0,6,812,0,1,19,inbound_arrival,15,500,0,ring_allreduce,4,100000,2,allgather,2,50000,25000,500,0,60000000000,18,15,25000,0,0,12500,0,0,0,13000,0,0,blocked,0,tcp,0,12500,500,0,0,0
3000169510,0,6,815,0,1,19,inbound_arrival,15,500,0,ring_allreduce,4,100000,2,allgather,2,50000,25000,500,0,60000000000,18,15,25000,0,0,13000,0,0,0,13500,0,0,blocked,0,tcp,0,13000,500,0,0,0
3000170010,0,6,818,0,1,19,inbound_arrival,15,500,0,ring_allreduce,4,100000,2,allgather,2,50000,25000,500,0,60000000000,18,15,25000,0,0,13500,0,0,0,14000,0,0,blocked,0,tcp,0,13500,500,0,0,0
3000170510,0,6,821,0,1,19,inbound_arrival,15,500,0,ring_allreduce,4,100000,2,allgather,2,50000,25000,500,0,60000000000,18,15,25000,0,0,14000,0,0,0,14500,0,0,blocked,0,tcp,0,14000,500,0,0,0
3000171010,0,6,824,0,1,19,inbound_arrival,15,500,0,ring_allreduce,4,100000,2,allgather,2,50000,25000,500,0,60000000000,18,15,25000,0,0,14500,0,0,0,15000,0,0,blocked,0,tcp,0,14500,500,0,0,0
3000171510,0,6,827,0,1,19,inbound_arrival,15,500,0,ring_allreduce,4,100000,2,allgather,2,50000,25000,500,0,60000000000,18,15,25000,0,0,15000,0,0,0,15500,0,0,blocked,0,tcp,0,15000,500,0,0,0
3000172010,0,6,830,0,1,19,inbound_arrival,15,500,0,ring_allreduce,4,100000,2,allgather,2,50000,25000,500,0,60000000000,18,15,25000,0,0,15500,0,0,0,16000,0,0,blocked,0,tcp,0,15500,500,0,0,0
3000172510,0,6,833,0,1,19,inbound_arrival,15,500,0,ring_allreduce,4,100000,2,allgather,2,50000,25000,500,0,60000000000,18,15,25000,0,0,16000,0,0,0,16500,0,0,blocked,0,tcp,0,16000,500,0,0,0
3000173010,0,6,836,0,1,19,inbound_arrival,15,500,0,ring_allreduce,4,100000,2,allgather,2,50000,25000,500,0,60000000000,18,15,25000,0,0,16500,0,0,0,17000,0,0,blocked,0,tcp,0,16500,500,0,0,0
3000173510,0,6,839,0,1,19,inbound_arrival,15,500,0,ring_allreduce,4,100000,2,allgather,2,50000,25000,500,0,60000000000,18,15,25000,0,0,17000,0,0,0,17500,0,0,blocked,0,tcp,0,17000,500,0,0,0
3000174010,0,6,842,0,1,19,inbound_arrival,15,500,0,ring_allreduce,4,100000,2,allgather,2,50000,25000,500,0,60000000000,18,15,25000,0,0,17500,0,0,0,18000,0,0,blocked,0,tcp,0,17500,500,0,0,0
3000174510,0,6,845,0,1,19,inbound_arrival,15,500,0,ring_allreduce,4,100000,2,allgather,2,50000,25000,500,0,60000000000,18,15,25000,0,0,18000,0,0,0,18500,0,0,blocked,0,tcp,0,18000,500,0,0,0
3000175010,0,6,848,0,1,19,inbound_arrival,15,500,0,ring_allreduce,4,100000,2,allgather,2,50000,25000,500,0,60000000000,18,15,25000,0,0,18500,0,0,0,19000,0,0,blocked,0,tcp,0,18500,500,0,0,0
3000175510,0,6,851,0,1,19,inbound_arrival,15,500,0,ring_allreduce,4,100000,2,allgather,2,50000,25000,500,0,60000000000,18,15,25000,0,0,19000,0,0,0,19500,0,0,blocked,0,tcp,0,19000,500,0,0,0
3000176010,0,6,854,0,1,19,inbound_arrival,15,500,0,ring_allreduce,4,100000,2,allgather,2,50000,25000,500,0,60000000000,18,15,25000,0,0,19500,0,0,0,20000,0,0,blocked,0,tcp,0,19500,500,0,0,0
3000176510,0,6,857,0,1,19,inbound_arrival,15,500,0,ring_allreduce,4,100000,2,allgather,2,50000,25000,500,0,60000000000,18,15,25000,0,0,20000,0,0,0,20500,0,0,blocked,0,tcp,0,20000,500,0,0,0
3000177010,0,6,860,0,1,19,inbound_arrival,15,500,0,ring_allreduce,4,100000,2,allgather,2,50000,25000,500,0,60000000000,18,15,25000,0,0,20500,0,0,0,21000,0,0,blocked,0,tcp,0,20500,500,0,0,0
3000177510,0,6,863,0,1,19,inbound_arrival,15,500,0,ring_allreduce,4,100000,2,allgather,2,50000,25000,500,0,60000000000,18,15,25000,0,0,21000,0,0,0,21500,0,0,blocked,0,tcp,0,21000,500,0,0,0
3000178010,0,6,866,0,1,19,inbound_arrival,15,500,0,ring_allreduce,4,100000,2,allgather,2,50000,25000,500,0,60000000000,18,15,25000,0,0,21500,0,0,0,22000,0,0,blocked,0,tcp,0,21500,500,0,0,0
3000178510,0,6,869,0,1,19,inbound_arrival,15,500,0,ring_allreduce,4,100000,2,allgather,2,50000,25000,500,0,60000000000,18,15,25000,0,0,22000,0,0,0,22500,0,0,blocked,0,tcp,0,22000,500,0,0,0
3000179010,0,6,872,0,1,19,inbound_arrival,15,500,0,ring_allreduce,4,100000,2,allgather,2,50000,25000,500,0,60000000000,18,15,25000,0,0,22500,0,0,0,23000,0,0,blocked,0,tcp,0,22500,500,0,0,0
3000179510,0,6,875,0,1,19,inbound_arrival,15,500,0,ring_allreduce,4,100000,2,allgather,2,50000,25000,500,0,60000000000,18,15,25000,0,0,23000,0,0,0,23500,0,0,blocked,0,tcp,0,23000,500,0,0,0
3000180010,0,6,878,0,1,19,inbound_arrival,15,500,0,ring_allreduce,4,100000,2,allgather,2,50000,25000,500,0,60000000000,18,15,25000,0,0,23500,0,0,0,24000,0,0,blocked,0,tcp,0,23500,500,0,0,0
3000180510,0,6,881,0,1,19,inbound_arrival,15,500,0,ring_allreduce,4,100000,2,allgather,2,50000,25000,500,0,60000000000,18,15,25000,0,0,24000,0,0,0,24500,0,0,blocked,0,tcp,0,24000,500,0,0,0
3000181010,0,6,884,0,1,19,inbound_arrival,15,500,0,ring_allreduce,4,100000,2,allgather,2,50000,25000,500,0,60000000000,18,15,25000,0,0,24500,0,0,1,25000,0,0,blocked,0,tcp,0,24500,500,0,0,0
3000181210,0,8,995,0,2,16,local_completion,15,0,0,ring_allreduce,4,100000,1,allgather,2,25000,25000,500,0,60000000000,15,12,25000,0,0,0,0,1,0,0,0,0,blocked,0,tcp,0,0,0,25000,3000168210,2700
4000104310,0,10,767,0,3,21,inbound_arrival,8,0,0,ring_allreduce,4,100000,3,allgather,1,0,25000,500,0,60000000000,11,8,25000,0,0,3000,0,0,0,3000,0,0,blocked,0,tcp,0,1000,500,0,0,0
4000107010,0,10,770,0,3,21,inbound_arrival,8,500,0,ring_allreduce,4,100000,3,allgather,1,0,25000,500,0,60000000000,11,8,25000,0,0,3000,0,0,0,3500,0,0,blocked,0,tcp,0,3000,500,0,0,0
4000107510,0,10,773,0,3,21,inbound_arrival,8,500,0,ring_allreduce,4,100000,3,allgather,1,0,25000,500,0,60000000000,11,8,25000,0,0,3500,0,0,0,4000,0,0,blocked,0,tcp,0,3500,500,0,0,0
4000109710,0,10,776,0,3,21,inbound_arrival,8,500,0,ring_allreduce,4,100000,3,allgather,1,0,25000,500,0,60000000000,11,8,25000,0,0,4000,0,0,0,4500,0,0,blocked,0,tcp,0,4000,500,0,0,0
4000110210,0,10,779,0,3,21,inbound_arrival,8,500,0,ring_allreduce,4,100000,3,allgather,1,0,25000,500,0,60000000000,11,8,25000,0,0,4500,0,0,0,5000,0,0,blocked,0,tcp,0,4500,500,0,0,0
4000110710,0,10,782,0,3,21,inbound_arrival,8,500,0,ring_allreduce,4,100000,3,allgather,1,0,25000,500,0,60000000000,11,8,25000,0,0,5000,0,0,0,5500,0,0,blocked,0,tcp,0,5000,500,0,0,0
4000112010,0,4,893,0,0,12,inbound_arrival,11,1500,0,ring_allreduce,4,100000,0,allgather,1,25000,25000,500,0,60000000000,2,11,25000,1,0,5000,0,1,0,6500,0,0,blocked,0,tcp,0,5000,500,0,0,0
4000113630,0,10,788,0,3,21,inbound_arrival,8,500,0,ring_allreduce,4,100000,3,allgather,1,0,25000,500,0,60000000000,11,8,25000,0,0,5500,0,0,0,6000,0,0,blocked,0,tcp,0,5500,500,0,0,0
4000114130,0,10,791,0,3,21,inbound_arrival,8,500,0,ring_allreduce,4,100000,3,allgather,1,0,25000,500,0,60000000000,11,8,25000,0,0,6000,0,0,0,6500,0,0,blocked,0,tcp,0,6000,500,0,0,0
4000114630,0,10,794,0,3,21,inbound_arrival,8,500,0,ring_allreduce,4,100000,3,allgather,1,0,25000,500,0,60000000000,11,8,25000,0,0,6500,0,0,0,7000,0,0,blocked,0,tcp,0,6500,500,0,0,0
4000115130,0,10,797,0,3,21,inbound_arrival,8,500,0,ring_allreduce,4,100000,3,allgather,1,0,25000,500,0,60000000000,11,8,25000,0,0,7000,0,0,0,7500,0,0,blocked,0,tcp,0,7000,500,0,0,0
4000116330,0,10,800,0,3,21,inbound_arrival,8,500,0,ring_allreduce,4,100000,3,allgather,1,0,25000,500,0,60000000000,11,8,25000,0,0,7500,0,0,0,8000,0,0,blocked,0,tcp,0,7500,500,0,0,0
4000116830,0,10,803,0,3,21,inbound_arrival,8,500,0,ring_allreduce,4,100000,3,allgather,1,0,25000,500,0,60000000000,11,8,25000,0,0,8000,0,0,0,8500,0,0,blocked,0,tcp,0,8000,500,0,0,0
4000117330,0,10,806,0,3,21,inbound_arrival,8,500,0,ring_allreduce,4,100000,3,allgather,1,0,25000,500,0,60000000000,11,8,25000,0,0,8500,0,0,0,9000,0,0,blocked,0,tcp,0,8500,500,0,0,0
4000117830,0,10,809,0,3,21,inbound_arrival,8,500,0,ring_allreduce,4,100000,3,allgather,1,0,25000,500,0,60000000000,11,8,25000,0,0,9000,0,0,0,9500,0,0,blocked,0,tcp,0,9000,500,0,0,0
4000118330,0,10,812,0,3,21,inbound_arrival,8,500,0,ring_allreduce,4,100000,3,allgather,1,0,25000,500,0,60000000000,11,8,25000,0,0,9500,0,0,0,10000,0,0,blocked,0,tcp,0,9500,500,0,0,0
4000119030,0,10,815,0,3,21,inbound_arrival,8,500,0,ring_allreduce,4,100000,3,allgather,1,0,25000,500,0,60000000000,11,8,25000,0,0,10000,0,0,0,10500,0,0,blocked,0,tcp,0,10000,500,0,0,0
4000119530,0,10,818,0,3,21,inbound_arrival,8,500,0,ring_allreduce,4,100000,3,allgather,1,0,25000,500,0,60000000000,11,8,25000,0,0,10500,0,0,0,11000,0,0,blocked,0,tcp,0,10500,500,0,0,0
4000120030,0,10,821,0,3,21,inbound_arrival,8,500,0,ring_allreduce,4,100000,3,allgather,1,0,25000,500,0,60000000000,11,8,25000,0,0,11000,0,0,0,11500,0,0,blocked,0,tcp,0,11000,500,0,0,0
4000120530,0,10,824,0,3,21,inbound_arrival,8,500,0,ring_allreduce,4,100000,3,allgather,1,0,25000,500,0,60000000000,11,8,25000,0,0,11500,0,0,0,12000,0,0,blocked,0,tcp,0,11500,500,0,0,0
4000121030,0,10,827,0,3,21,inbound_arrival,8,500,0,ring_allreduce,4,100000,3,allgather,1,0,25000,500,0,60000000000,11,8,25000,0,0,12000,0,0,0,12500,0,0,blocked,0,tcp,0,12000,500,0,0,0
4000121530,0,10,830,0,3,21,inbound_arrival,8,500,0,ring_allreduce,4,100000,3,allgather,1,0,25000,500,0,60000000000,11,8,25000,0,0,12500,0,0,0,13000,0,0,blocked,0,tcp,0,12500,500,0,0,0
4000122030,0,10,833,0,3,21,inbound_arrival,8,500,0,ring_allreduce,4,100000,3,allgather,1,0,25000,500,0,60000000000,11,8,25000,0,0,13000,0,0,0,13500,0,0,blocked,0,tcp,0,13000,500,0,0,0
4000122530,0,10,836,0,3,21,inbound_arrival,8,500,0,ring_allreduce,4,100000,3,allgather,1,0,25000,500,0,60000000000,11,8,25000,0,0,13500,0,0,0,14000,0,0,blocked,0,tcp,0,13500,500,0,0,0
4000123030,0,10,839,0,3,21,inbound_arrival,8,500,0,ring_allreduce,4,100000,3,allgather,1,0,25000,500,0,60000000000,11,8,25000,0,0,14000,0,0,0,14500,0,0,blocked,0,tcp,0,14000,500,0,0,0
4000123530,0,10,842,0,3,21,inbound_arrival,8,500,0,ring_allreduce,4,100000,3,allgather,1,0,25000,500,0,60000000000,11,8,25000,0,0,14500,0,0,0,15000,0,0,blocked,0,tcp,0,14500,500,0,0,0
4000124030,0,10,845,0,3,21,inbound_arrival,8,500,0,ring_allreduce,4,100000,3,allgather,1,0,25000,500,0,60000000000,11,8,25000,0,0,15000,0,0,0,15500,0,0,blocked,0,tcp,0,15000,500,0,0,0
4000124530,0,10,848,0,3,21,inbound_arrival,8,500,0,ring_allreduce,4,100000,3,allgather,1,0,25000,500,0,60000000000,11,8,25000,0,0,15500,0,0,0,16000,0,0,blocked,0,tcp,0,15500,500,0,0,0
4000125030,0,10,851,0,3,21,inbound_arrival,8,500,0,ring_allreduce,4,100000,3,allgather,1,0,25000,500,0,60000000000,11,8,25000,0,0,16000,0,0,0,16500,0,0,blocked,0,tcp,0,16000,500,0,0,0
4000125530,0,10,854,0,3,21,inbound_arrival,8,500,0,ring_allreduce,4,100000,3,allgather,1,0,25000,500,0,60000000000,11,8,25000,0,0,16500,0,0,0,17000,0,0,blocked,0,tcp,0,16500,500,0,0,0
4000126030,0,10,857,0,3,21,inbound_arrival,8,500,0,ring_allreduce,4,100000,3,allgather,1,0,25000,500,0,60000000000,11,8,25000,0,0,17000,0,0,0,17500,0,0,blocked,0,tcp,0,17000,500,0,0,0
4000126530,0,10,860,0,3,21,inbound_arrival,8,500,0,ring_allreduce,4,100000,3,allgather,1,0,25000,500,0,60000000000,11,8,25000,0,0,17500,0,0,0,18000,0,0,blocked,0,tcp,0,17500,500,0,0,0
4000127030,0,10,863,0,3,21,inbound_arrival,8,500,0,ring_allreduce,4,100000,3,allgather,1,0,25000,500,0,60000000000,11,8,25000,0,0,18000,0,0,0,18500,0,0,blocked,0,tcp,0,18000,500,0,0,0
4000127530,0,10,866,0,3,21,inbound_arrival,8,500,0,ring_allreduce,4,100000,3,allgather,1,0,25000,500,0,60000000000,11,8,25000,0,0,18500,0,0,0,19000,0,0,blocked,0,tcp,0,18500,500,0,0,0
4000128030,0,10,869,0,3,21,inbound_arrival,8,500,0,ring_allreduce,4,100000,3,allgather,1,0,25000,500,0,60000000000,11,8,25000,0,0,19000,0,0,0,19500,0,0,blocked,0,tcp,0,19000,500,0,0,0
4000128530,0,10,872,0,3,21,inbound_arrival,8,500,0,ring_allreduce,4,100000,3,allgather,1,0,25000,500,0,60000000000,11,8,25000,0,0,19500,0,0,0,20000,0,0,blocked,0,tcp,0,19500,500,0,0,0
4000129030,0,10,875,0,3,21,inbound_arrival,8,500,0,ring_allreduce,4,100000,3,allgather,1,0,25000,500,0,60000000000,11,8,25000,0,0,20000,0,0,0,20500,0,0,blocked,0,tcp,0,20000,500,0,0,0
4000129530,0,10,878,0,3,21,inbound_arrival,8,500,0,ring_allreduce,4,100000,3,allgather,1,0,25000,500,0,60000000000,11,8,25000,0,0,20500,0,0,0,21000,0,0,blocked,0,tcp,0,20500,500,0,0,0
4000130030,0,10,881,0,3,21,inbound_arrival,8,500,0,ring_allreduce,4,100000,3,allgather,1,0,25000,500,0,60000000000,11,8,25000,0,0,21000,0,0,0,21500,0,0,blocked,0,tcp,0,21000,500,0,0,0
4000130530,0,10,884,0,3,21,inbound_arrival,8,500,0,ring_allreduce,4,100000,3,allgather,1,0,25000,500,0,60000000000,11,8,25000,0,0,21500,0,0,0,22000,0,0,blocked,0,tcp,0,21500,500,0,0,0
4000131030,0,10,887,0,3,21,inbound_arrival,8,500,0,ring_allreduce,4,100000,3,allgather,1,0,25000,500,0,60000000000,11,8,25000,0,0,22000,0,0,0,22500,0,0,blocked,0,tcp,0,22000,500,0,0,0
4000131530,0,10,890,0,3,21,inbound_arrival,8,500,0,ring_allreduce,4,100000,3,allgather,1,0,25000,500,0,60000000000,11,8,25000,0,0,22500,0,0,0,23000,0,0,blocked,0,tcp,0,22500,500,0,0,0
4000132030,0,10,893,0,3,21,inbound_arrival,8,500,0,ring_allreduce,4,100000,3,allgather,1,0,25000,500,0,60000000000,11,8,25000,0,0,23000,0,0,0,23500,0,0,blocked,0,tcp,0,23000,500,0,0,0
4000132530,0,10,896,0,3,21,inbound_arrival,8,500,0,ring_allreduce,4,100000,3,allgather,1,0,25000,500,0,60000000000,11,8,25000,0,0,23500,0,0,0,24000,0,0,blocked,0,tcp,0,23500,500,0,0,0
4000133030,0,10,899,0,3,21,inbound_arrival,8,500,0,ring_allreduce,4,100000,3,allgather,1,0,25000,500,0,60000000000,11,8,25000,0,0,24000,0,0,0,24500,0,0,blocked,0,tcp,0,24000,500,0,0,0
4000133530,0,10,902,0,3,21,inbound_arrival,8,500,0,ring_allreduce,4,100000,3,allgather,1,0,25000,500,0,60000000000,11,8,25000,0,0,24500,0,0,1,25000,0,0,blocked,0,tcp,0,24500,500,0,0,0
4000133730,0,6,1019,0,1,18,local_completion,8,0,0,ring_allreduce,4,100000,2,allgather,1,75000,25000,500,0,60000000000,8,5,25000,0,1,25000,1,1,1,25000,2,1000,blocked,0,tcp,0,0,0,25000,4000129230,2700
4000136230,0,10,905,0,3,22,inbound_arrival,18,500,0,ring_allreduce,4,100000,3,allgather,2,75000,25000,500,0,60000000000,21,18,25000,0,0,0,0,0,0,500,0,0,blocked,0,tcp,0,0,500,0,0,0
4000136730,0,10,908,0,3,22,inbound_arrival,18,500,0,ring_allreduce,4,100000,3,allgather,2,75000,25000,500,0,60000000000,21,18,25000,0,0,500,0,0,0,1000,0,0,blocked,0,tcp,0,500,500,0,0,0
4000138930,0,10,911,0,3,22,inbound_arrival,18,500,0,ring_allreduce,4,100000,3,allgather,2,75000,25000,500,0,60000000000,21,18,25000,0,0,1000,0,0,0,1500,0,0,blocked,0,tcp,0,1000,500,0,0,0
4000139430,0,10,914,0,3,22,inbound_arrival,18,500,0,ring_allreduce,4,100000,3,allgather,2,75000,25000,500,0,60000000000,21,18,25000,0,0,1500,0,0,0,2000,0,0,blocked,0,tcp,0,1500,500,0,0,0
4000139930,0,10,917,0,3,22,inbound_arrival,18,500,0,ring_allreduce,4,100000,3,allgather,2,75000,25000,500,0,60000000000,21,18,25000,0,0,2000,0,0,0,2500,0,0,blocked,0,tcp,0,2000,500,0,0,0
4000140430,0,10,920,0,3,22,inbound_arrival,18,500,0,ring_allreduce,4,100000,3,allgather,2,75000,25000,500,0,60000000000,21,18,25000,0,0,2500,0,0,0,3000,0,0,blocked,0,tcp,0,2500,500,0,0,0
4000141630,0,10,923,0,3,22,inbound_arrival,18,500,0,ring_allreduce,4,100000,3,allgather,2,75000,25000,500,0,60000000000,21,18,25000,0,0,3000,0,0,0,3500,0,0,blocked,0,tcp,0,3000,500,0,0,0
4000142130,0,10,926,0,3,22,inbound_arrival,18,500,0,ring_allreduce,4,100000,3,allgather,2,75000,25000,500,0,60000000000,21,18,25000,0,0,3500,0,0,0,4000,0,0,blocked,0,tcp,0,3500,500,0,0,0
4000142630,0,10,929,0,3,22,inbound_arrival,18,500,0,ring_allreduce,4,100000,3,allgather,2,75000,25000,500,0,60000000000,21,18,25000,0,0,4000,0,0,0,4500,0,0,blocked,0,tcp,0,4000,500,0,0,0
4000143130,0,10,932,0,3,22,inbound_arrival,18,500,0,ring_allreduce,4,100000,3,allgather,2,75000,25000,500,0,60000000000,21,18,25000,0,0,4500,0,0,0,5000,0,0,blocked,0,tcp,0,4500,500,0,0,0
4000143630,0,10,935,0,3,22,inbound_arrival,18,500,0,ring_allreduce,4,100000,3,allgather,2,75000,25000,500,0,60000000000,21,18,25000,0,0,5000,0,0,0,5500,0,0,blocked,0,tcp,0,5000,500,0,0,0
4000144130,0,10,938,0,3,22,inbound_arrival,18,500,0,ring_allreduce,4,100000,3,allgather,2,75000,25000,500,0,60000000000,21,18,25000,0,0,5500,0,0,0,6000,0,0,blocked,0,tcp,0,5500,500,0,0,0
4000144630,0,10,941,0,3,22,inbound_arrival,18,500,0,ring_allreduce,4,100000,3,allgather,2,75000,25000,500,0,60000000000,21,18,25000,0,0,6000,0,0,0,6500,0,0,blocked,0,tcp,0,6000,500,0,0,0
4000145130,0,10,944,0,3,22,inbound_arrival,18,500,0,ring_allreduce,4,100000,3,allgather,2,75000,25000,500,0,60000000000,21,18,25000,0,0,6500,0,0,0,7000,0,0,blocked,0,tcp,0,6500,500,0,0,0
4000145630,0,10,947,0,3,22,inbound_arrival,18,500,0,ring_allreduce,4,100000,3,allgather,2,75000,25000,500,0,60000000000,21,18,25000,0,0,7000,0,0,0,7500,0,0,blocked,0,tcp,0,7000,500,0,0,0
4000146130,0,10,950,0,3,22,inbound_arrival,18,500,0,ring_allreduce,4,100000,3,allgather,2,75000,25000,500,0,60000000000,21,18,25000,0,0,7500,0,0,0,8000,0,0,blocked,0,tcp,0,7500,500,0,0,0
4000146630,0,10,953,0,3,22,inbound_arrival,18,500,0,ring_allreduce,4,100000,3,allgather,2,75000,25000,500,0,60000000000,21,18,25000,0,0,8000,0,0,0,8500,0,0,blocked,0,tcp,0,8000,500,0,0,0
4000147130,0,10,956,0,3,22,inbound_arrival,18,500,0,ring_allreduce,4,100000,3,allgather,2,75000,25000,500,0,60000000000,21,18,25000,0,0,8500,0,0,0,9000,0,0,blocked,0,tcp,0,8500,500,0,0,0
4000147630,0,10,959,0,3,22,inbound_arrival,18,500,0,ring_allreduce,4,100000,3,allgather,2,75000,25000,500,0,60000000000,21,18,25000,0,0,9000,0,0,0,9500,0,0,blocked,0,tcp,0,9000,500,0,0,0
4000148130,0,10,962,0,3,22,inbound_arrival,18,500,0,ring_allreduce,4,100000,3,allgather,2,75000,25000,500,0,60000000000,21,18,25000,0,0,9500,0,0,0,10000,0,0,blocked,0,tcp,0,9500,500,0,0,0
4000148630,0,10,965,0,3,22,inbound_arrival,18,500,0,ring_allreduce,4,100000,3,allgather,2,75000,25000,500,0,60000000000,21,18,25000,0,0,10000,0,0,0,10500,0,0,blocked,0,tcp,0,10000,500,0,0,0
4000149130,0,10,968,0,3,22,inbound_arrival,18,500,0,ring_allreduce,4,100000,3,allgather,2,75000,25000,500,0,60000000000,21,18,25000,0,0,10500,0,0,0,11000,0,0,blocked,0,tcp,0,10500,500,0,0,0
4000149630,0,10,971,0,3,22,inbound_arrival,18,500,0,ring_allreduce,4,100000,3,allgather,2,75000,25000,500,0,60000000000,21,18,25000,0,0,11000,0,0,0,11500,0,0,blocked,0,tcp,0,11000,500,0,0,0
4000150130,0,10,974,0,3,22,inbound_arrival,18,500,0,ring_allreduce,4,100000,3,allgather,2,75000,25000,500,0,60000000000,21,18,25000,0,0,11500,0,0,0,12000,0,0,blocked,0,tcp,0,11500,500,0,0,0
4000150630,0,10,977,0,3,22,inbound_arrival,18,500,0,ring_allreduce,4,100000,3,allgather,2,75000,25000,500,0,60000000000,21,18,25000,0,0,12000,0,0,0,12500,0,0,blocked,0,tcp,0,12000,500,0,0,0
4000151130,0,10,980,0,3,22,inbound_arrival,18,500,0,ring_allreduce,4,100000,3,allgather,2,75000,25000,500,0,60000000000,21,18,25000,0,0,12500,0,0,0,13000,0,0,blocked,0,tcp,0,12500,500,0,0,0
4000151630,0,10,983,0,3,22,inbound_arrival,18,500,0,ring_allreduce,4,100000,3,allgather,2,75000,25000,500,0,60000000000,21,18,25000,0,0,13000,0,0,0,13500,0,0,blocked,0,tcp,0,13000,500,0,0,0
4000152130,0,10,986,0,3,22,inbound_arrival,18,500,0,ring_allreduce,4,100000,3,allgather,2,75000,25000,500,0,60000000000,21,18,25000,0,0,13500,0,0,0,14000,0,0,blocked,0,tcp,0,13500,500,0,0,0
4000152630,0,10,989,0,3,22,inbound_arrival,18,500,0,ring_allreduce,4,100000,3,allgather,2,75000,25000,500,0,60000000000,21,18,25000,0,0,14000,0,0,0,14500,0,0,blocked,0,tcp,0,14000,500,0,0,0
4000153130,0,10,992,0,3,22,inbound_arrival,18,500,0,ring_allreduce,4,100000,3,allgather,2,75000,25000,500,0,60000000000,21,18,25000,0,0,14500,0,0,0,15000,0,0,blocked,0,tcp,0,14500,500,0,0,0
4000153630,0,10,995,0,3,22,inbound_arrival,18,500,0,ring_allreduce,4,100000,3,allgather,2,75000,25000,500,0,60000000000,21,18,25000,0,0,15000,0,0,0,15500,0,0,blocked,0,tcp,0,15000,500,0,0,0
4000154130,0,10,998,0,3,22,inbound_arrival,18,500,0,ring_allreduce,4,100000,3,allgather,2,75000,25000,500,0,60000000000,21,18,25000,0,0,15500,0,0,0,16000,0,0,blocked,0,tcp,0,15500,500,0,0,0
4000154630,0,10,1001,0,3,22,inbound_arrival,18,500,0,ring_allreduce,4,100000,3,allgather,2,75000,25000,500,0,60000000000,21,18,25000,0,0,16000,0,0,0,16500,0,0,blocked,0,tcp,0,16000,500,0,0,0
4000155130,0,10,1004,0,3,22,inbound_arrival,18,500,0,ring_allreduce,4,100000,3,allgather,2,75000,25000,500,0,60000000000,21,18,25000,0,0,16500,0,0,0,17000,0,0,blocked,0,tcp,0,16500,500,0,0,0
4000155630,0,10,1007,0,3,22,inbound_arrival,18,500,0,ring_allreduce,4,100000,3,allgather,2,75000,25000,500,0,60000000000,21,18,25000,0,0,17000,0,0,0,17500,0,0,blocked,0,tcp,0,17000,500,0,0,0
4000156130,0,10,1010,0,3,22,inbound_arrival,18,500,0,ring_allreduce,4,100000,3,allgather,2,75000,25000,500,0,60000000000,21,18,25000,0,0,17500,0,0,0,18000,0,0,blocked,0,tcp,0,17500,500,0,0,0
4000156630,0,10,1013,0,3,22,inbound_arrival,18,500,0,ring_allreduce,4,100000,3,allgather,2,75000,25000,500,0,60000000000,21,18,25000,0,0,18000,0,0,0,18500,0,0,blocked,0,tcp,0,18000,500,0,0,0
4000157130,0,10,1016,0,3,22,inbound_arrival,18,500,0,ring_allreduce,4,100000,3,allgather,2,75000,25000,500,0,60000000000,21,18,25000,0,0,18500,0,0,0,19000,0,0,blocked,0,tcp,0,18500,500,0,0,0
4000157630,0,10,1019,0,3,22,inbound_arrival,18,500,0,ring_allreduce,4,100000,3,allgather,2,75000,25000,500,0,60000000000,21,18,25000,0,0,19000,0,0,0,19500,0,0,blocked,0,tcp,0,19000,500,0,0,0
4000158130,0,10,1022,0,3,22,inbound_arrival,18,500,0,ring_allreduce,4,100000,3,allgather,2,75000,25000,500,0,60000000000,21,18,25000,0,0,19500,0,0,0,20000,0,0,blocked,0,tcp,0,19500,500,0,0,0
4000158630,0,10,1025,0,3,22,inbound_arrival,18,500,0,ring_allreduce,4,100000,3,allgather,2,75000,25000,500,0,60000000000,21,18,25000,0,0,20000,0,0,0,20500,0,0,blocked,0,tcp,0,20000,500,0,0,0
4000159130,0,10,1028,0,3,22,inbound_arrival,18,500,0,ring_allreduce,4,100000,3,allgather,2,75000,25000,500,0,60000000000,21,18,25000,0,0,20500,0,0,0,21000,0,0,blocked,0,tcp,0,20500,500,0,0,0
4000159630,0,10,1031,0,3,22,inbound_arrival,18,500,0,ring_allreduce,4,100000,3,allgather,2,75000,25000,500,0,60000000000,21,18,25000,0,0,21000,0,0,0,21500,0,0,blocked,0,tcp,0,21000,500,0,0,0
4000160130,0,10,1034,0,3,22,inbound_arrival,18,500,0,ring_allreduce,4,100000,3,allgather,2,75000,25000,500,0,60000000000,21,18,25000,0,0,21500,0,0,0,22000,0,0,blocked,0,tcp,0,21500,500,0,0,0
4000160630,0,10,1037,0,3,22,inbound_arrival,18,500,0,ring_allreduce,4,100000,3,allgather,2,75000,25000,500,0,60000000000,21,18,25000,0,0,22000,0,0,0,22500,0,0,blocked,0,tcp,0,22000,500,0,0,0
4000161130,0,10,1040,0,3,22,inbound_arrival,18,500,0,ring_allreduce,4,100000,3,allgather,2,75000,25000,500,0,60000000000,21,18,25000,0,0,22500,0,0,0,23000,0,0,blocked,0,tcp,0,22500,500,0,0,0
4000161630,0,10,1043,0,3,22,inbound_arrival,18,500,0,ring_allreduce,4,100000,3,allgather,2,75000,25000,500,0,60000000000,21,18,25000,0,0,23000,0,0,0,23500,0,0,blocked,0,tcp,0,23000,500,0,0,0
4000162130,0,10,1046,0,3,22,inbound_arrival,18,500,0,ring_allreduce,4,100000,3,allgather,2,75000,25000,500,0,60000000000,21,18,25000,0,0,23500,0,0,0,24000,0,0,blocked,0,tcp,0,23500,500,0,0,0
4000162630,0,10,1049,0,3,22,inbound_arrival,18,500,0,ring_allreduce,4,100000,3,allgather,2,75000,25000,500,0,60000000000,21,18,25000,0,0,24000,0,0,0,24500,0,0,blocked,0,tcp,0,24000,500,0,0,0
4000163130,0,10,1052,0,3,22,inbound_arrival,18,500,0,ring_allreduce,4,100000,3,allgather,2,75000,25000,500,0,60000000000,21,18,25000,0,0,24500,0,0,1,25000,0,0,blocked,0,tcp,0,24500,500,0,0,0
4000163330,0,6,1169,0,1,19,local_completion,18,0,0,ring_allreduce,4,100000,2,allgather,2,50000,25000,500,0,60000000000,18,15,25000,0,1,25000,1,1,1,25000,2,1000,blocked,0,tcp,0,0,0,25000,4000150330,2700
4000165830,0,10,1055,0,3,23,inbound_arrival,19,500,0,ring_allreduce,4,100000,3,allgather,3,50000,25000,500,0,60000000000,22,19,25000,0,0,0,0,0,0,500,0,0,blocked,0,tcp,0,0,500,0,0,0
4000166330,0,10,1058,0,3,23,inbound_arrival,19,500,0,ring_allreduce,4,100000,3,allgather,3,50000,25000,500,0,60000000000,22,19,25000,0,0,500,0,0,0,1000,0,0,blocked,0,tcp,0,500,500,0,0,0
4000168530,0,10,1061,0,3,23,inbound_arrival,19,500,0,ring_allreduce,4,100000,3,allgather,3,50000,25000,500,0,60000000000,22,19,25000,0,0,1000,0,0,0,1500,0,0,blocked,0,tcp,0,1000,500,0,0,0
4000169030,0,10,1064,0,3,23,inbound_arrival,19,500,0,ring_allreduce,4,100000,3,allgather,3,50000,25000,500,0,60000000000,22,19,25000,0,0,1500,0,0,0,2000,0,0,blocked,0,tcp,0,1500,500,0,0,0
4000169530,0,10,1067,0,3,23,inbound_arrival,19,500,0,ring_allreduce,4,100000,3,allgather,3,50000,25000,500,0,60000000000,22,19,25000,0,0,2000,0,0,0,2500,0,0,blocked,0,tcp,0,2000,500,0,0,0
4000170030,0,10,1070,0,3,23,inbound_arrival,19,500,0,ring_allreduce,4,100000,3,allgather,3,50000,25000,500,0,60000000000,22,19,25000,0,0,2500,0,0,0,3000,0,0,blocked,0,tcp,0,2500,500,0,0,0
4000171230,0,10,1073,0,3,23,inbound_arrival,19,500,0,ring_allreduce,4,100000,3,allgather,3,50000,25000,500,0,60000000000,22,19,25000,0,0,3000,0,0,0,3500,0,0,blocked,0,tcp,0,3000,500,0,0,0
4000171730,0,10,1076,0,3,23,inbound_arrival,19,500,0,ring_allreduce,4,100000,3,allgather,3,50000,25000,500,0,60000000000,22,19,25000,0,0,3500,0,0,0,4000,0,0,blocked,0,tcp,0,3500,500,0,0,0
4000172230,0,10,1079,0,3,23,inbound_arrival,19,500,0,ring_allreduce,4,100000,3,allgather,3,50000,25000,500,0,60000000000,22,19,25000,0,0,4000,0,0,0,4500,0,0,blocked,0,tcp,0,4000,500,0,0,0
4000172730,0,10,1082,0,3,23,inbound_arrival,19,500,0,ring_allreduce,4,100000,3,allgather,3,50000,25000,500,0,60000000000,22,19,25000,0,0,4500,0,0,0,5000,0,0,blocked,0,tcp,0,4500,500,0,0,0
4000173230,0,10,1085,0,3,23,inbound_arrival,19,500,0,ring_allreduce,4,100000,3,allgather,3,50000,25000,500,0,60000000000,22,19,25000,0,0,5000,0,0,0,5500,0,0,blocked,0,tcp,0,5000,500,0,0,0
4000173730,0,10,1088,0,3,23,inbound_arrival,19,500,0,ring_allreduce,4,100000,3,allgather,3,50000,25000,500,0,60000000000,22,19,25000,0,0,5500,0,0,0,6000,0,0,blocked,0,tcp,0,5500,500,0,0,0
4000174230,0,10,1091,0,3,23,inbound_arrival,19,500,0,ring_allreduce,4,100000,3,allgather,3,50000,25000,500,0,60000000000,22,19,25000,0,0,6000,0,0,0,6500,0,0,blocked,0,tcp,0,6000,500,0,0,0
4000174730,0,10,1094,0,3,23,inbound_arrival,19,500,0,ring_allreduce,4,100000,3,allgather,3,50000,25000,500,0,60000000000,22,19,25000,0,0,6500,0,0,0,7000,0,0,blocked,0,tcp,0,6500,500,0,0,0
4000175230,0,10,1097,0,3,23,inbound_arrival,19,500,0,ring_allreduce,4,100000,3,allgather,3,50000,25000,500,0,60000000000,22,19,25000,0,0,7000,0,0,0,7500,0,0,blocked,0,tcp,0,7000,500,0,0,0
4000175730,0,10,1100,0,3,23,inbound_arrival,19,500,0,ring_allreduce,4,100000,3,allgather,3,50000,25000,500,0,60000000000,22,19,25000,0,0,7500,0,0,0,8000,0,0,blocked,0,tcp,0,7500,500,0,0,0
4000176230,0,10,1103,0,3,23,inbound_arrival,19,500,0,ring_allreduce,4,100000,3,allgather,3,50000,25000,500,0,60000000000,22,19,25000,0,0,8000,0,0,0,8500,0,0,blocked,0,tcp,0,8000,500,0,0,0
4000176730,0,10,1106,0,3,23,inbound_arrival,19,500,0,ring_allreduce,4,100000,3,allgather,3,50000,25000,500,0,60000000000,22,19,25000,0,0,8500,0,0,0,9000,0,0,blocked,0,tcp,0,8500,500,0,0,0
4000177230,0,10,1109,0,3,23,inbound_arrival,19,500,0,ring_allreduce,4,100000,3,allgather,3,50000,25000,500,0,60000000000,22,19,25000,0,0,9000,0,0,0,9500,0,0,blocked,0,tcp,0,9000,500,0,0,0
4000177730,0,10,1112,0,3,23,inbound_arrival,19,500,0,ring_allreduce,4,100000,3,allgather,3,50000,25000,500,0,60000000000,22,19,25000,0,0,9500,0,0,0,10000,0,0,blocked,0,tcp,0,9500,500,0,0,0
4000178230,0,10,1115,0,3,23,inbound_arrival,19,500,0,ring_allreduce,4,100000,3,allgather,3,50000,25000,500,0,60000000000,22,19,25000,0,0,10000,0,0,0,10500,0,0,blocked,0,tcp,0,10000,500,0,0,0
4000178730,0,10,1118,0,3,23,inbound_arrival,19,500,0,ring_allreduce,4,100000,3,allgather,3,50000,25000,500,0,60000000000,22,19,25000,0,0,10500,0,0,0,11000,0,0,blocked,0,tcp,0,10500,500,0,0,0
4000179230,0,10,1121,0,3,23,inbound_arrival,19,500,0,ring_allreduce,4,100000,3,allgather,3,50000,25000,500,0,60000000000,22,19,25000,0,0,11000,0,0,0,11500,0,0,blocked,0,tcp,0,11000,500,0,0,0
4000179730,0,10,1124,0,3,23,inbound_arrival,19,500,0,ring_allreduce,4,100000,3,allgather,3,50000,25000,500,0,60000000000,22,19,25000,0,0,11500,0,0,0,12000,0,0,blocked,0,tcp,0,11500,500,0,0,0
4000180230,0,10,1127,0,3,23,inbound_arrival,19,500,0,ring_allreduce,4,100000,3,allgather,3,50000,25000,500,0,60000000000,22,19,25000,0,0,12000,0,0,0,12500,0,0,blocked,0,tcp,0,12000,500,0,0,0
4000180730,0,10,1130,0,3,23,inbound_arrival,19,500,0,ring_allreduce,4,100000,3,allgather,3,50000,25000,500,0,60000000000,22,19,25000,0,0,12500,0,0,0,13000,0,0,blocked,0,tcp,0,12500,500,0,0,0
4000181230,0,10,1133,0,3,23,inbound_arrival,19,500,0,ring_allreduce,4,100000,3,allgather,3,50000,25000,500,0,60000000000,22,19,25000,0,0,13000,0,0,0,13500,0,0,blocked,0,tcp,0,13000,500,0,0,0
4000181730,0,10,1136,0,3,23,inbound_arrival,19,500,0,ring_allreduce,4,100000,3,allgather,3,50000,25000,500,0,60000000000,22,19,25000,0,0,13500,0,0,0,14000,0,0,blocked,0,tcp,0,13500,500,0,0,0
4000182230,0,10,1139,0,3,23,inbound_arrival,19,500,0,ring_allreduce,4,100000,3,allgather,3,50000,25000,500,0,60000000000,22,19,25000,0,0,14000,0,0,0,14500,0,0,blocked,0,tcp,0,14000,500,0,0,0
4000182730,0,10,1142,0,3,23,inbound_arrival,19,500,0,ring_allreduce,4,100000,3,allgather,3,50000,25000,500,0,60000000000,22,19,25000,0,0,14500,0,0,0,15000,0,0,blocked,0,tcp,0,14500,500,0,0,0
4000183230,0,10,1145,0,3,23,inbound_arrival,19,500,0,ring_allreduce,4,100000,3,allgather,3,50000,25000,500,0,60000000000,22,19,25000,0,0,15000,0,0,0,15500,0,0,blocked,0,tcp,0,15000,500,0,0,0
4000183730,0,10,1148,0,3,23,inbound_arrival,19,500,0,ring_allreduce,4,100000,3,allgather,3,50000,25000,500,0,60000000000,22,19,25000,0,0,15500,0,0,0,16000,0,0,blocked,0,tcp,0,15500,500,0,0,0
4000184230,0,10,1151,0,3,23,inbound_arrival,19,500,0,ring_allreduce,4,100000,3,allgather,3,50000,25000,500,0,60000000000,22,19,25000,0,0,16000,0,0,0,16500,0,0,blocked,0,tcp,0,16000,500,0,0,0
4000184730,0,10,1154,0,3,23,inbound_arrival,19,500,0,ring_allreduce,4,100000,3,allgather,3,50000,25000,500,0,60000000000,22,19,25000,0,0,16500,0,0,0,17000,0,0,blocked,0,tcp,0,16500,500,0,0,0
4000185230,0,10,1157,0,3,23,inbound_arrival,19,500,0,ring_allreduce,4,100000,3,allgather,3,50000,25000,500,0,60000000000,22,19,25000,0,0,17000,0,0,0,17500,0,0,blocked,0,tcp,0,17000,500,0,0,0
4000185730,0,10,1160,0,3,23,inbound_arrival,19,500,0,ring_allreduce,4,100000,3,allgather,3,50000,25000,500,0,60000000000,22,19,25000,0,0,17500,0,0,0,18000,0,0,blocked,0,tcp,0,17500,500,0,0,0
4000186230,0,10,1163,0,3,23,inbound_arrival,19,500,0,ring_allreduce,4,100000,3,allgather,3,50000,25000,500,0,60000000000,22,19,25000,0,0,18000,0,0,0,18500,0,0,blocked,0,tcp,0,18000,500,0,0,0
4000186730,0,10,1166,0,3,23,inbound_arrival,19,500,0,ring_allreduce,4,100000,3,allgather,3,50000,25000,500,0,60000000000,22,19,25000,0,0,18500,0,0,0,19000,0,0,blocked,0,tcp,0,18500,500,0,0,0
4000187230,0,10,1169,0,3,23,inbound_arrival,19,500,0,ring_allreduce,4,100000,3,allgather,3,50000,25000,500,0,60000000000,22,19,25000,0,0,19000,0,0,0,19500,0,0,blocked,0,tcp,0,19000,500,0,0,0
4000187730,0,10,1172,0,3,23,inbound_arrival,19,500,0,ring_allreduce,4,100000,3,allgather,3,50000,25000,500,0,60000000000,22,19,25000,0,0,19500,0,0,0,20000,0,0,blocked,0,tcp,0,19500,500,0,0,0
4000188230,0,10,1175,0,3,23,inbound_arrival,19,500,0,ring_allreduce,4,100000,3,allgather,3,50000,25000,500,0,60000000000,22,19,25000,0,0,20000,0,0,0,20500,0,0,blocked,0,tcp,0,20000,500,0,0,0
4000188730,0,10,1178,0,3,23,inbound_arrival,19,500,0,ring_allreduce,4,100000,3,allgather,3,50000,25000,500,0,60000000000,22,19,25000,0,0,20500,0,0,0,21000,0,0,blocked,0,tcp,0,20500,500,0,0,0
4000189230,0,10,1181,0,3,23,inbound_arrival,19,500,0,ring_allreduce,4,100000,3,allgather,3,50000,25000,500,0,60000000000,22,19,25000,0,0,21000,0,0,0,21500,0,0,blocked,0,tcp,0,21000,500,0,0,0
4000189730,0,10,1184,0,3,23,inbound_arrival,19,500,0,ring_allreduce,4,100000,3,allgather,3,50000,25000,500,0,60000000000,22,19,25000,0,0,21500,0,0,0,22000,0,0,blocked,0,tcp,0,21500,500,0,0,0
4000190230,0,10,1187,0,3,23,inbound_arrival,19,500,0,ring_allreduce,4,100000,3,allgather,3,50000,25000,500,0,60000000000,22,19,25000,0,0,22000,0,0,0,22500,0,0,blocked,0,tcp,0,22000,500,0,0,0
4000190730,0,10,1190,0,3,23,inbound_arrival,19,500,0,ring_allreduce,4,100000,3,allgather,3,50000,25000,500,0,60000000000,22,19,25000,0,0,22500,0,0,0,23000,0,0,blocked,0,tcp,0,22500,500,0,0,0
4000191230,0,10,1193,0,3,23,inbound_arrival,19,500,0,ring_allreduce,4,100000,3,allgather,3,50000,25000,500,0,60000000000,22,19,25000,0,0,23000,0,0,0,23500,0,0,blocked,0,tcp,0,23000,500,0,0,0
4000191730,0,10,1196,0,3,23,inbound_arrival,19,500,0,ring_allreduce,4,100000,3,allgather,3,50000,25000,500,0,60000000000,22,19,25000,0,0,23500,0,0,0,24000,0,0,blocked,0,tcp,0,23500,500,0,0,0
4000192230,0,10,1199,0,3,23,inbound_arrival,19,500,0,ring_allreduce,4,100000,3,allgather,3,50000,25000,500,0,60000000000,22,19,25000,0,0,24000,0,0,0,24500,0,0,blocked,0,tcp,0,24000,500,0,0,0
4000192730,0,10,1202,0,3,23,inbound_arrival,19,500,0,ring_allreduce,4,100000,3,allgather,3,50000,25000,500,0,60000000000,22,19,25000,0,0,24500,0,0,1,25000,0,0,blocked,0,tcp,0,24500,500,0,0,0
4000192930,0,6,1319,0,1,20,local_completion,19,0,0,ring_allreduce,4,100000,2,allgather,3,25000,25000,500,0,60000000000,19,16,25000,0,0,0,0,1,0,0,0,0,blocked,0,tcp,0,0,0,25000,4000179930,2700
5000114710,0,4,896,0,0,12,inbound_arrival,11,18500,0,ring_allreduce,4,100000,0,allgather,1,25000,25000,500,0,60000000000,2,11,25000,1,0,6500,1,1,1,25000,2,1000,blocked,0,tcp,0,6500,500,0,0,0
5000114910,0,10,1205,0,3,21,local_completion,11,0,0,ring_allreduce,4,100000,3,allgather,1,0,25000,500,0,60000000000,11,8,25000,0,1,25000,1,1,1,25000,2,1000,blocked,0,tcp,0,0,0,25000,5000112210,2700
5000117250,0,8,998,0,2,16,inbound_arrival,12,500,0,ring_allreduce,4,100000,1,allgather,2,25000,25000,500,0,60000000000,15,12,25000,1,0,0,0,1,0,500,0,0,blocked,0,tcp,0,0,500,0,0,0
5000117410,0,4,899,0,0,13,inbound_arrival,21,500,0,ring_allreduce,4,100000,0,allgather,2,0,25000,500,0,60000000000,12,21,25000,0,0,0,0,0,0,500,0,0,blocked,0,tcp,0,0,500,0,0,0
5000117750,0,8,1001,0,2,16,inbound_arrival,12,500,0,ring_allreduce,4,100000,1,allgather,2,25000,25000,500,0,60000000000,15,12,25000,1,0,500,0,1,0,1000,0,0,blocked,0,tcp,0,500,500,0,0,0
5000117910,0,4,902,0,0,13,inbound_arrival,21,500,0,ring_allreduce,4,100000,0,allgather,2,0,25000,500,0,60000000000,12,21,25000,0,0,500,0,0,0,1000,0,0,blocked,0,tcp,0,500,500,0,0,0
5000120110,0,4,911,0,0,13,inbound_arrival,21,500,0,ring_allreduce,4,100000,0,allgather,2,0,25000,500,0,60000000000,12,21,25000,0,0,1000,0,0,0,1500,0,0,blocked,0,tcp,0,1000,500,0,0,0
5000120450,0,8,1004,0,2,16,inbound_arrival,12,500,0,ring_allreduce,4,100000,1,allgather,2,25000,25000,500,0,60000000000,15,12,25000,1,0,1000,0,1,0,1500,0,0,blocked,0,tcp,0,1000,500,0,0,0
5000120610,0,4,914,0,0,13,inbound_arrival,21,500,0,ring_allreduce,4,100000,0,allgather,2,0,25000,500,0,60000000000,12,21,25000,0,0,1500,0,0,0,2000,0,0,blocked,0,tcp,0,1500,500,0,0,0
5000120950,0,8,1007,0,2,16,inbound_arrival,12,500,0,ring_allreduce,4,100000,1,allgather,2,25000,25000,500,0,60000000000,15,12,25000,1,0,1500,0,1,0,2000,0,0,blocked,0,tcp,0,1500,500,0,0,0
5000121110,0,4,917,0,0,13,inbound_arrival,21,500,0,ring_allreduce,4,100000,0,allgather,2,0,25000,500,0,60000000000,12,21,25000,0,0,2000,0,0,0,2500,0,0,blocked,0,tcp,0,2000,500,0,0,0
5000121450,0,8,1010,0,2,16,inbound_arrival,12,500,0,ring_allreduce,4,100000,1,allgather,2,25000,25000,500,0,60000000000,15,12,25000,1,0,2000,0,1,0,2500,0,0,blocked,0,tcp,0,2000,500,0,0,0
5000121610,0,4,920,0,0,13,inbound_arrival,21,500,0,ring_allreduce,4,100000,0,allgather,2,0,25000,500,0,60000000000,12,21,25000,0,0,2500,0,0,0,3000,0,0,blocked,0,tcp,0,2500,500,0,0,0
5000121950,0,8,1013,0,2,16,inbound_arrival,12,500,0,ring_allreduce,4,100000,1,allgather,2,25000,25000,500,0,60000000000,15,12,25000,1,0,2500,0,1,0,3000,0,0,blocked,0,tcp,0,2500,500,0,0,0
5000123570,0,4,935,0,0,13,inbound_arrival,21,500,0,ring_allreduce,4,100000,0,allgather,2,0,25000,500,0,60000000000,12,21,25000,0,0,3000,0,0,0,3500,0,0,blocked,0,tcp,0,3000,500,0,0,0
5000124070,0,4,938,0,0,13,inbound_arrival,21,500,0,ring_allreduce,4,100000,0,allgather,2,0,25000,500,0,60000000000,12,21,25000,0,0,3500,0,0,0,4000,0,0,blocked,0,tcp,0,3500,500,0,0,0
5000124150,0,8,1016,0,2,16,inbound_arrival,12,500,0,ring_allreduce,4,100000,1,allgather,2,25000,25000,500,0,60000000000,15,12,25000,1,0,3000,0,1,0,3500,0,0,blocked,0,tcp,0,3000,500,0,0,0
5000124570,0,4,941,0,0,13,inbound_arrival,21,500,0,ring_allreduce,4,100000,0,allgather,2,0,25000,500,0,60000000000,12,21,25000,0,0,4000,0,0,0,4500,0,0,blocked,0,tcp,0,4000,500,0,0,0
5000124650,0,8,1019,0,2,16,inbound_arrival,12,500,0,ring_allreduce,4,100000,1,allgather,2,25000,25000,500,0,60000000000,15,12,25000,1,0,3500,0,1,0,4000,0,0,blocked,0,tcp,0,3500,500,0,0,0
5000125070,0,4,944,0,0,13,inbound_arrival,21,500,0,ring_allreduce,4,100000,0,allgather,2,0,25000,500,0,60000000000,12,21,25000,0,0,4500,0,0,0,5000,0,0,blocked,0,tcp,0,4500,500,0,0,0
5000125150,0,8,1022,0,2,16,inbound_arrival,12,500,0,ring_allreduce,4,100000,1,allgather,2,25000,25000,500,0,60000000000,15,12,25000,1,0,4000,0,1,0,4500,0,0,blocked,0,tcp,0,4000,500,0,0,0
5000125570,0,4,947,0,0,13,inbound_arrival,21,500,0,ring_allreduce,4,100000,0,allgather,2,0,25000,500,0,60000000000,12,21,25000,0,0,5000,0,0,0,5500,0,0,blocked,0,tcp,0,5000,500,0,0,0
5000125650,0,8,1025,0,2,16,inbound_arrival,12,500,0,ring_allreduce,4,100000,1,allgather,2,25000,25000,500,0,60000000000,15,12,25000,1,0,4500,0,1,0,5000,0,0,blocked,0,tcp,0,4500,500,0,0,0
5000126110,0,4,953,0,0,13,inbound_arrival,21,500,0,ring_allreduce,4,100000,0,allgather,2,0,25000,500,0,60000000000,12,21,25000,0,0,5500,0,0,0,6000,0,0,blocked,0,tcp,0,5500,500,0,0,0
5000126150,0,8,1028,0,2,16,inbound_arrival,12,500,0,ring_allreduce,4,100000,1,allgather,2,25000,25000,500,0,60000000000,15,12,25000,1,0,5000,0,1,0,5500,0,0,blocked,0,tcp,0,5000,500,0,0,0
5000126650,0,4,959,0,0,13,inbound_arrival,21,500,0,ring_allreduce,4,100000,0,allgather,2,0,25000,500,0,60000000000,12,21,25000,0,0,6000,0,0,0,6500,0,0,blocked,0,tcp,0,6000,500,0,0,0
5000126650,0,8,1031,0,2,16,inbound_arrival,12,500,0,ring_allreduce,4,100000,1,allgather,2,25000,25000,500,0,60000000000,15,12,25000,1,0,5500,0,1,0,6000,0,0,blocked,0,tcp,0,5500,500,0,0,0
5000127150,0,8,1034,0,2,16,inbound_arrival,12,500,0,ring_allreduce,4,100000,1,allgather,2,25000,25000,500,0,60000000000,15,12,25000,1,0,6000,0,1,0,6500,0,0,blocked,0,tcp,0,6000,500,0,0,0
5000127190,0,4,965,0,0,13,inbound_arrival,21,500,0,ring_allreduce,4,100000,0,allgather,2,0,25000,500,0,60000000000,12,21,25000,0,0,6500,0,0,0,7000,0,0,blocked,0,tcp,0,6500,500,0,0,0
5000127650,0,8,1037,0,2,16,inbound_arrival,12,500,0,ring_allreduce,4,100000,1,allgather,2,25000,25000,500,0,60000000000,15,12,25000,1,0,6500,0,1,0,7000,0,0,blocked,0,tcp,0,6500,500,0,0,0
5000128350,0,8,1040,0,2,16,inbound_arrival,12,500,0,ring_allreduce,4,100000,1,allgather,2,25000,25000,500,0,60000000000,15,12,25000,1,0,7000,0,1,0,7500,0,0,blocked,0,tcp,0,7000,500,0,0,0
5000128850,0,8,1043,0,2,16,inbound_arrival,12,500,0,ring_allreduce,4,100000,1,allgather,2,25000,25000,500,0,60000000000,15,12,25000,1,0,7500,0,1,0,8000,0,0,blocked,0,tcp,0,7500,500,0,0,0
5000129270,0,4,983,0,0,13,inbound_arrival,21,500,0,ring_allreduce,4,100000,0,allgather,2,0,25000,500,0,60000000000,12,21,25000,0,0,7000,0,0,0,7500,0,0,blocked,0,tcp,0,7000,500,0,0,0
5000129390,0,8,1046,0,2,16,inbound_arrival,12,500,0,ring_allreduce,4,100000,1,allgather,2,25000,25000,500,0,60000000000,15,12,25000,1,0,8000,0,1,0,8500,0,0,blocked,0,tcp,0,8000,500,0,0,0
5000129770,0,4,986,0,0,13,inbound_arrival,21,500,0,ring_allreduce,4,100000,0,allgather,2,0,25000,500,0,60000000000,12,21,25000,0,0,7500,0,0,0,8000,0,0,blocked,0,tcp,0,7500,500,0,0,0
5000129890,0,8,1049,0,2,16,inbound_arrival,12,500,0,ring_allreduce,4,100000,1,allgather,2,25000,25000,500,0,60000000000,15,12,25000,1,0,8500,0,1,0,9000,0,0,blocked,0,tcp,0,8500,500,0,0,0
5000130310,0,4,992,0,0,13,inbound_arrival,21,500,0,ring_allreduce,4,100000,0,allgather,2,0,25000,500,0,60000000000,12,21,25000,0,0,8000,0,0,0,8500,0,0,blocked,0,tcp,0,8000,500,0,0,0
5000130430,0,8,1052,0,2,16,inbound_arrival,12,500,0,ring_allreduce,4,100000,1,allgather,2,25000,25000,500,0,60000000000,15,12,25000,1,0,9000,0,1,0,9500,0,0,blocked,0,tcp,0,9000,500,0,0,0
5000130850,0,4,998,0,0,13,inbound_arrival,21,500,0,ring_allreduce,4,100000,0,allgather,2,0,25000,500,0,60000000000,12,21,25000,0,0,8500,0,0,0,9000,0,0,blocked,0,tcp,0,8500,500,0,0,0
5000130930,0,8,1055,0,2,16,inbound_arrival,12,500,0,ring_allreduce,4,100000,1,allgather,2,25000,25000,500,0,60000000000,15,12,25000,1,0,9500,0,1,0,10000,0,0,blocked,0,tcp,0,9500,500,0,0,0
5000131390,0,4,1004,0,0,13,inbound_arrival,21,500,0,ring_allreduce,4,100000,0,allgather,2,0,25000,500,0,60000000000,12,21,25000,0,0,9000,0,0,0,9500,0,0,blocked,0,tcp,0,9000,500,0,0,0
5000131470,0,8,1058,0,2,16,inbound_arrival,12,500,0,ring_allreduce,4,100000,1,allgather,2,25000,25000,500,0,60000000000,15,12,25000,1,0,10000,0,1,0,10500,0,0,blocked,0,tcp,0,10000,500,0,0,0
5000131930,0,4,1010,0,0,13,inbound_arrival,21,500,0,ring_allreduce,4,100000,0,allgather,2,0,25000,500,0,60000000000,12,21,25000,0,0,9500,0,0,0,10000,0,0,blocked,0,tcp,0,9500,500,0,0,0
5000131970,0,8,1061,0,2,16,inbound_arrival,12,500,0,ring_allreduce,4,100000,1,allgather,2,25000,25000,500,0,60000000000,15,12,25000,1,0,10500,0,1,0,11000,0,0,blocked,0,tcp,0,10500,500,0,0,0
5000132470,0,4,1016,0,0,13,inbound_arrival,21,500,0,ring_allreduce,4,100000,0,allgather,2,0,25000,500,0,60000000000,12,21,25000,0,0,10000,0,0,0,10500,0,0,blocked,0,tcp,0,10000,500,0,0,0
5000132470,0,8,1064,0,2,16,inbound_arrival,12,500,0,ring_allreduce,4,100000,1,allgather,2,25000,25000,500,0,60000000000,15,12,25000,1,0,11000,0,1,0,11500,0,0,blocked,0,tcp,0,11000,500,0,0,0
5000132970,0,8,1067,0,2,16,inbound_arrival,12,500,0,ring_allreduce,4,100000,1,allgather,2,25000,25000,500,0,60000000000,15,12,25000,1,0,11500,0,1,0,12000,0,0,blocked,0,tcp,0,11500,500,0,0,0
5000133010,0,4,1022,0,0,13,inbound_arrival,21,500,0,ring_allreduce,4,100000,0,allgather,2,0,25000,500,0,60000000000,12,21,25000,0,0,10500,0,0,0,11000,0,0,blocked,0,tcp,0,10500,500,0,0,0
5000133470,0,8,1070,0,2,16,inbound_arrival,12,500,0,ring_allreduce,4,100000,1,allgather,2,25000,25000,500,0,60000000000,15,12,25000,1,0,12000,0,1,0,12500,0,0,blocked,0,tcp,0,12000,500,0,0,0
5000133550,0,4,1028,0,0,13,inbound_arrival,21,500,0,ring_allreduce,4,100000,0,allgather,2,0,25000,500,0,60000000000,12,21,25000,0,0,11000,0,0,0,11500,0,0,blocked,0,tcp,0,11000,500,0,0,0
5000133970,0,8,1073,0,2,16,inbound_arrival,12,500,0,ring_allreduce,4,100000,1,allgather,2,25000,25000,500,0,60000000000,15,12,25000,1,0,12500,0,1,0,13000,0,0,blocked,0,tcp,0,12500,500,0,0,0
5000134090,0,4,1034,0,0,13,inbound_arrival,21,500,0,ring_allreduce,4,100000,0,allgather,2,0,25000,500,0,60000000000,12,21,25000,0,0,11500,0,0,0,12000,0,0,blocked,0,tcp,0,11500,500,0,0,0
5000134470,0,8,1076,0,2,16,inbound_arrival,12,500,0,ring_allreduce,4,100000,1,allgather,2,25000,25000,500,0,60000000000,15,12,25000,1,0,13000,0,1,0,13500,0,0,blocked,0,tcp,0,13000,500,0,0,0
5000134630,0,4,1040,0,0,13,inbound_arrival,21,500,0,ring_allreduce,4,100000,0,allgather,2,0,25000,500,0,60000000000,12,21,25000,0,0,12000,0,0,0,12500,0,0,blocked,0,tcp,0,12000,500,0,0,0
5000134970,0,8,1079,0,2,16,inbound_arrival,12,500,0,ring_allreduce,4,100000,1,allgather,2,25000,25000,500,0,60000000000,15,12,25000,1,0,13500,0,1,0,14000,0,0,blocked,0,tcp,0,13500,500,0,0,0
5000135170,0,4,1046,0,0,13,inbound_arrival,21,500,0,ring_allreduce,4,100000,0,allgather,2,0,25000,500,0,60000000000,12,21,25000,0,0,12500,0,0,0,13000,0,0,blocked,0,tcp,0,12500,500,0,0,0
5000135470,0,8,1082,0,2,16,inbound_arrival,12,500,0,ring_allreduce,4,100000,1,allgather,2,25000,25000,500,0,60000000000,15,12,25000,1,0,14000,0,1,0,14500,0,0,blocked,0,tcp,0,14000,500,0,0,0
5000135710,0,4,1052,0,0,13,inbound_arrival,21,500,0,ring_allreduce,4,100000,0,allgather,2,0,25000,500,0,60000000000,12,21,25000,0,0,13000,0,0,0,13500,0,0,blocked,0,tcp,0,13000,500,0,0,0
5000135970,0,8,1085,0,2,16,inbound_arrival,12,500,0,ring_allreduce,4,100000,1,allgather,2,25000,25000,500,0,60000000000,15,12,25000,1,0,14500,0,1,0,15000,0,0,blocked,0,tcp,0,14500,500,0,0,0
5000136250,0,4,1058,0,0,13,inbound_arrival,21,500,0,ring_allreduce,4,100000,0,allgather,2,0,25000,500,0,60000000000,12,21,25000,0,0,13500,0,0,0,14000,0,0,blocked,0,tcp,0,13500,500,0,0,0
5000136550,0,8,1088,0,2,16,inbound_arrival,12,500,0,ring_allreduce,4,100000,1,allgather,2,25000,25000,500,0,60000000000,15,12,25000,1,0,15000,0,1,0,15500,0,0,blocked,0,tcp,0,15000,500,0,0,0
5000136790,0,4,1064,0,0,13,inbound_arrival,21,500,0,ring_allreduce,4,100000,0,allgather,2,0,25000,500,0,60000000000,12,21,25000,0,0,14000,0,0,0,14500,0,0,blocked,0,tcp,0,14000,500,0,0,0
5000137050,0,8,1091,0,2,16,inbound_arrival,12,500,0,ring_allreduce,4,100000,1,allgather,2,25000,25000,500,0,60000000000,15,12,25000,1,0,15500,0,1,0,16000,0,0,blocked,0,tcp,0,15500,500,0,0,0
5000137590,0,4,1076,0,0,13,inbound_arrival,21,500,0,ring_allreduce,4,100000,0,allgather,2,0,25000,500,0,60000000000,12,21,25000,0,0,14500,0,0,0,15000,0,0,blocked,0,tcp,0,14500,500,0,0,0
5000137590,0,8,1094,0,2,16,inbound_arrival,12,500,0,ring_allreduce,4,100000,1,allgather,2,25000,25000,500,0,60000000000,15,12,25000,1,0,16000,0,1,0,16500,0,0,blocked,0,tcp,0,16000,500,0,0,0
5000138090,0,4,1079,0,0,13,inbound_arrival,21,500,0,ring_allreduce,4,100000,0,allgather,2,0,25000,500,0,60000000000,12,21,25000,0,0,15000,0,0,0,15500,0,0,blocked,0,tcp,0,15000,500,0,0,0
5000138090,0,8,1097,0,2,16,inbound_arrival,12,500,0,ring_allreduce,4,100000,1,allgather,2,25000,25000,500,0,60000000000,15,12,25000,1,0,16500,0,1,0,17000,0,0,blocked,0,tcp,0,16500,500,0,0,0
5000138630,0,4,1085,0,0,13,inbound_arrival,21,500,0,ring_allreduce,4,100000,0,allgather,2,0,25000,500,0,60000000000,12,21,25000,0,0,15500,0,0,0,16000,0,0,blocked,0,tcp,0,15500,500,0,0,0
5000138630,0,8,1100,0,2,16,inbound_arrival,12,500,0,ring_allreduce,4,100000,1,allgather,2,25000,25000,500,0,60000000000,15,12,25000,1,0,17000,0,1,0,17500,0,0,blocked,0,tcp,0,17000,500,0,0,0
5000139130,0,8,1103,0,2,16,inbound_arrival,12,500,0,ring_allreduce,4,100000,1,allgather,2,25000,25000,500,0,60000000000,15,12,25000,1,0,17500,0,1,0,18000,0,0,blocked,0,tcp,0,17500,500,0,0,0
5000139170,0,4,1091,0,0,13,inbound_arrival,21,500,0,ring_allreduce,4,100000,0,allgather,2,0,25000,500,0,60000000000,12,21,25000,0,0,16000,0,0,0,16500,0,0,blocked,0,tcp,0,16000,500,0,0,0
5000139670,0,8,1106,0,2,16,inbound_arrival,12,500,0,ring_allreduce,4,100000,1,allgather,2,25000,25000,500,0,60000000000,15,12,25000,1,0,18000,0,1,0,18500,0,0,blocked,0,tcp,0,18000,500,0,0,0
5000139710,0,4,1097,0,0,13,inbound_arrival,21,500,0,ring_allreduce,4,100000,0,allgather,2,0,25000,500,0,60000000000,12,21,25000,0,0,16500,0,0,0,17000,0,0,blocked,0,tcp,0,16500,500,0,0,0
5000140170,0,8,1109,0,2,16,inbound_arrival,12,500,0,ring_allreduce,4,100000,1,allgather,2,25000,25000,500,0,60000000000,15,12,25000,1,0,18500,0,1,0,19000,0,0,blocked,0,tcp,0,18500,500,0,0,0
5000140250,0,4,1103,0,0,13,inbound_arrival,21,500,0,ring_allreduce,4,100000,0,allgather,2,0,25000,500,0,60000000000,12,21,25000,0,0,17000,0,0,0,17500,0,0,blocked,0,tcp,0,17000,500,0,0,0
5000140710,0,8,1112,0,2,16,inbound_arrival,12,500,0,ring_allreduce,4,100000,1,allgather,2,25000,25000,500,0,60000000000,15,12,25000,1,0,19000,0,1,0,19500,0,0,blocked,0,tcp,0,19000,500,0,0,0
5000140790,0,4,1109,0,0,13,inbound_arrival,21,500,0,ring_allreduce,4,100000,0,allgather,2,0,25000,500,0,60000000000,12,21,25000,0,0,17500,0,0,0,18000,0,0,blocked,0,tcp,0,17500,500,0,0,0
5000141210,0,8,1115,0,2,16,inbound_arrival,12,500,0,ring_allreduce,4,100000,1,allgather,2,25000,25000,500,0,60000000000,15,12,25000,1,0,19500,0,1,0,20000,0,0,blocked,0,tcp,0,19500,500,0,0,0
5000141330,0,4,1115,0,0,13,inbound_arrival,21,500,0,ring_allreduce,4,100000,0,allgather,2,0,25000,500,0,60000000000,12,21,25000,0,0,18000,0,0,0,18500,0,0,blocked,0,tcp,0,18000,500,0,0,0
5000141750,0,8,1118,0,2,16,inbound_arrival,12,500,0,ring_allreduce,4,100000,1,allgather,2,25000,25000,500,0,60000000000,15,12,25000,1,0,20000,0,1,0,20500,0,0,blocked,0,tcp,0,20000,500,0,0,0
5000141870,0,4,1121,0,0,13,inbound_arrival,21,500,0,ring_allreduce,4,100000,0,allgather,2,0,25000,500,0,60000000000,12,21,25000,0,0,18500,0,0,0,19000,0,0,blocked,0,tcp,0,18500,500,0,0,0
5000142250,0,8,1121,0,2,16,inbound_arrival,12,500,0,ring_allreduce,4,100000,1,allgather,2,25000,25000,500,0,60000000000,15,12,25000,1,0,20500,0,1,0,21000,0,0,blocked,0,tcp,0,20500,500,0,0,0
5000142410,0,4,1127,0,0,13,inbound_arrival,21,500,0,ring_allreduce,4,100000,0,allgather,2,0,25000,500,0,60000000000,12,21,25000,0,0,19000,0,0,0,19500,0,0,blocked,0,tcp,0,19000,500,0,0,0
5000142790,0,8,1124,0,2,16,inbound_arrival,12,500,0,ring_allreduce,4,100000,1,allgather,2,25000,25000,500,0,60000000000,15,12,25000,1,0,21000,0,1,0,21500,0,0,blocked,0,tcp,0,21000,500,0,0,0
5000142950,0,4,1133,0,0,13,inbound_arrival,21,500,0,ring_allreduce,4,100000,0,allgather,2,0,25000,500,0,60000000000,12,21,25000,0,0,19500,0,0,0,20000,0,0,blocked,0,tcp,0,19500,500,0,0,0
5000143290,0,8,1127,0,2,16,inbound_arrival,12,500,0,ring_allreduce,4,100000,1,allgather,2,25000,25000,500,0,60000000000,15,12,25000,1,0,21500,0,1,0,22000,0,0,blocked,0,tcp,0,21500,500,0,0,0
5000143490,0,4,1139,0,0,13,inbound_arrival,21,500,0,ring_allreduce,4,100000,0,allgather,2,0,25000,500,0,60000000000,12,21,25000,0,0,20000,0,0,0,20500,0,0,blocked,0,tcp,0,20000,500,0,0,0
5000143830,0,8,1130,0,2,16,inbound_arrival,12,500,0,ring_allreduce,4,100000,1,allgather,2,25000,25000,500,0,60000000000,15,12,25000,1,0,22000,0,1,0,22500,0,0,blocked,0,tcp,0,22000,500,0,0,0
5000144030,0,4,1145,0,0,13,inbound_arrival,21,500,0,ring_allreduce,4,100000,0,allgather,2,0,25000,500,0,60000000000,12,21,25000,0,0,20500,0,0,0,21000,0,0,blocked,0,tcp,0,20500,500,0,0,0
5000144330,0,8,1133,0,2,16,inbound_arrival,12,500,0,ring_allreduce,4,100000,1,allgather,2,25000,25000,500,0,60000000000,15,12,25000,1,0,22500,0,1,0,23000,0,0,blocked,0,tcp,0,22500,500,0,0,0
5000144570,0,4,1151,0,0,13,inbound_arrival,21,500,0,ring_allreduce,4,100000,0,allgather,2,0,25000,500,0,60000000000,12,21,25000,0,0,21000,0,0,0,21500,0,0,blocked,0,tcp,0,21000,500,0,0,0
5000144870,0,8,1136,0,2,16,inbound_arrival,12,500,0,ring_allreduce,4,100000,1,allgather,2,25000,25000,500,0,60000000000,15,12,25000,1,0,23000,0,1,0,23500,0,0,blocked,0,tcp,0,23000,500,0,0,0
5000145110,0,4,1157,0,0,13,inbound_arrival,21,500,0,ring_allreduce,4,100000,0,allgather,2,0,25000,500,0,60000000000,12,21,25000,0,0,21500,0,0,0,22000,0,0,blocked,0,tcp,0,21500,500,0,0,0
5000145370,0,8,1139,0,2,16,inbound_arrival,12,500,0,ring_allreduce,4,100000,1,allgather,2,25000,25000,500,0,60000000000,15,12,25000,1,0,23500,0,1,0,24000,0,0,blocked,0,tcp,0,23500,500,0,0,0
5000145650,0,4,1163,0,0,13,inbound_arrival,21,500,0,ring_allreduce,4,100000,0,allgather,2,0,25000,500,0,60000000000,12,21,25000,0,0,22000,0,0,0,22500,0,0,blocked,0,tcp,0,22000,500,0,0,0
5000145910,0,8,1142,0,2,16,inbound_arrival,12,500,0,ring_allreduce,4,100000,1,allgather,2,25000,25000,500,0,60000000000,15,12,25000,1,0,24000,0,1,0,24500,0,0,blocked,0,tcp,0,24000,500,0,0,0
5000146190,0,4,1169,0,0,13,inbound_arrival,21,500,0,ring_allreduce,4,100000,0,allgather,2,0,25000,500,0,60000000000,12,21,25000,0,0,22500,0,0,0,23000,0,0,blocked,0,tcp,0,22500,500,0,0,0
5000146410,0,8,1145,0,2,16,inbound_arrival,12,500,0,ring_allreduce,4,100000,1,allgather,2,25000,25000,500,0,60000000000,15,12,25000,1,0,24500,1,1,1,25000,2,1000,blocked,0,tcp,0,24500,500,0,0,0
5000146730,0,4,1175,0,0,13,inbound_arrival,21,500,0,ring_allreduce,4,100000,0,allgather,2,0,25000,500,0,60000000000,12,21,25000,0,0,23000,0,0,0,23500,0,0,blocked,0,tcp,0,23000,500,0,0,0
5000147270,0,4,1181,0,0,13,inbound_arrival,21,500,0,ring_allreduce,4,100000,0,allgather,2,0,25000,500,0,60000000000,12,21,25000,0,0,23500,0,0,0,24000,0,0,blocked,0,tcp,0,23500,500,0,0,0
5000147810,0,4,1187,0,0,13,inbound_arrival,21,500,0,ring_allreduce,4,100000,0,allgather,2,0,25000,500,0,60000000000,12,21,25000,0,0,24000,0,0,0,24500,0,0,blocked,0,tcp,0,24000,500,0,0,0
5000148350,0,4,1193,0,0,13,inbound_arrival,21,500,0,ring_allreduce,4,100000,0,allgather,2,0,25000,500,0,60000000000,12,21,25000,0,0,24500,0,0,1,25000,0,0,blocked,0,tcp,0,24500,500,0,0,0
5000148390,0,4,1196,0,0,13,local_completion,12,0,0,ring_allreduce,4,100000,0,allgather,2,0,25000,500,0,60000000000,12,21,25000,0,1,25000,1,1,1,25000,2,1000,blocked,0,tcp,0,0,0,25000,5000134670,2700
5000148550,0,10,1307,0,3,22,local_completion,21,0,0,ring_allreduce,4,100000,3,allgather,2,75000,25000,500,0,60000000000,21,18,25000,0,1,25000,1,1,1,25000,2,1000,blocked,0,tcp,0,0,0,25000,5000144490,2700
5000148950,0,6,1322,0,1,20,inbound_arrival,16,500,0,ring_allreduce,4,100000,2,allgather,3,25000,25000,500,0,60000000000,19,16,25000,1,0,0,0,1,0,500,0,0,blocked,0,tcp,0,0,500,0,0,0
5000149450,0,6,1325,0,1,20,inbound_arrival,16,500,0,ring_allreduce,4,100000,2,allgather,3,25000,25000,500,0,60000000000,19,16,25000,1,0,500,0,1,0,1000,0,0,blocked,0,tcp,0,500,500,0,0,0
5000150890,0,8,1151,0,2,17,inbound_arrival,13,500,0,ring_allreduce,4,100000,1,allgather,3,0,25000,500,0,60000000000,16,13,25000,0,0,0,0,0,0,500,0,0,blocked,0,tcp,0,0,500,0,0,0
5000151050,0,4,1199,0,0,14,inbound_arrival,22,500,0,ring_allreduce,4,100000,0,allgather,3,75000,25000,500,0,60000000000,13,22,25000,0,0,0,0,0,0,500,0,0,blocked,0,tcp,0,0,500,0,0,0
5000151430,0,8,1157,0,2,17,inbound_arrival,13,500,0,ring_allreduce,4,100000,1,allgather,3,0,25000,500,0,60000000000,16,13,25000,0,0,500,0,0,0,1000,0,0,blocked,0,tcp,0,500,500,0,0,0
5000151550,0,4,1202,0,0,14,inbound_arrival,22,500,0,ring_allreduce,4,100000,0,allgather,3,75000,25000,500,0,60000000000,13,22,25000,0,0,500,0,0,0,1000,0,0,blocked,0,tcp,0,500,500,0,0,0
5000152050,0,6,1328,0,1,20,inbound_arrival,16,500,0,ring_allreduce,4,100000,2,allgather,3,25000,25000,500,0,60000000000,19,16,25000,1,0,1000,0,1,0,1500,0,0,blocked,0,tcp,0,1000,500,0,0,0
5000152550,0,6,1331,0,1,20,inbound_arrival,16,500,0,ring_allreduce,4,100000,2,allgather,3,25000,25000,500,0,60000000000,19,16,25000,1,0,1500,0,1,0,2000,0,0,blocked,0,tcp,0,1500,500,0,0,0
5000153430,0,6,1334,0,1,20,inbound_arrival,16,500,0,ring_allreduce,4,100000,2,allgather,3,25000,25000,500,0,60000000000,19,16,25000,1,0,2000,0,1,0,2500,0,0,blocked,0,tcp,0,2000,500,0,0,0
5000153930,0,4,1208,0,0,14,inbound_arrival,22,500,0,ring_allreduce,4,100000,0,allgather,3,75000,25000,500,0,60000000000,13,22,25000,0,0,1000,0,0,0,1500,0,0,blocked,0,tcp,0,1000,500,0,0,0
5000154170,0,8,1166,0,2,17,inbound_arrival,13,500,0,ring_allreduce,4,100000,1,allgather,3,0,25000,500,0,60000000000,16,13,25000,0,0,1000,0,0,0,1500,0,0,blocked,0,tcp,0,1000,500,0,0,0
5000154430,0,6,1337,0,1,20,inbound_arrival,16,500,0,ring_allreduce,4,100000,2,allgather,3,25000,25000,500,0,60000000000,19,16,25000,1,0,2500,0,1,0,3000,0,0,blocked,0,tcp,0,2500,500,0,0,0
5000154670,0,8,1169,0,2,17,inbound_arrival,13,500,0,ring_allreduce,4,100000,1,allgather,3,0,25000,500,0,60000000000,16,13,25000,0,0,1500,0,0,0,2000,0,0,blocked,0,tcp,0,1500,500,0,0,0
5000154970,0,4,1214,0,0,14,inbound_arrival,22,500,0,ring_allreduce,4,100000,0,allgather,3,75000,25000,500,0,60000000000,13,22,25000,0,0,1500,0,0,0,2000,0,0,blocked,0,tcp,0,1500,500,0,0,0
5000155470,0,6,1340,0,1,20,inbound_arrival,16,500,0,ring_allreduce,4,100000,2,allgather,3,25000,25000,500,0,60000000000,19,16,25000,1,0,3000,0,1,0,3500,0,0,blocked,0,tcp,0,3000,500,0,0,0
5000155970,0,4,1217,0,0,14,inbound_arrival,22,500,0,ring_allreduce,4,100000,0,allgather,3,75000,25000,500,0,60000000000,13,22,25000,0,0,2000,0,0,0,2500,0,0,blocked,0,tcp,0,2000,500,0,0,0
5000156470,0,6,1343,0,1,20,inbound_arrival,16,500,0,ring_allreduce,4,100000,2,allgather,3,25000,25000,500,0,60000000000,19,16,25000,1,0,3500,0,1,0,4000,0,0,blocked,0,tcp,0,3500,500,0,0,0
5000156470,0,8,1178,0,2,17,inbound_arrival,13,500,0,ring_allreduce,4,100000,1,allgather,3,0,25000,500,0,60000000000,16,13,25000,0,0,2000,0,0,0,2500,0,0,blocked,0,tcp,0,2000,500,0,0,0
5000156970,0,4,1220,0,0,14,inbound_arrival,22,500,0,ring_allreduce,4,100000,0,allgather,3,75000,25000,500,0,60000000000,13,22,25000,0,0,2500,0,0,0,3000,0,0,blocked,0,tcp,0,2500,500,0,0,0
5000156970,0,8,1181,0,2,17,inbound_arrival,13,500,0,ring_allreduce,4,100000,1,allgather,3,0,25000,500,0,60000000000,16,13,25000,0,0,2500,0,0,0,3000,0,0,blocked,0,tcp,0,2500,500,0,0,0
5000157470,0,6,1346,0,1,20,inbound_arrival,16,500,0,ring_allreduce,4,100000,2,allgather,3,25000,25000,500,0,60000000000,19,16,25000,1,0,4000,0,1,0,4500,0,0,blocked,0,tcp,0,4000,500,0,0,0
5000157970,0,6,1349,0,1,20,inbound_arrival,16,500,0,ring_allreduce,4,100000,2,allgather,3,25000,25000,500,0,60000000000,19,16,25000,1,0,4500,0,1,0,5000,0,0,blocked,0,tcp,0,4500,500,0,0,0
5000158470,0,4,1223,0,0,14,inbound_arrival,22,500,0,ring_allreduce,4,100000,0,allgather,3,75000,25000,500,0,60000000000,13,22,25000,0,0,3000,0,0,0,3500,0,0,blocked,0,tcp,0,3000,500,0,0,0
5000158970,0,4,1226,0,0,14,inbound_arrival,22,500,0,ring_allreduce,4,100000,0,allgather,3,75000,25000,500,0,60000000000,13,22,25000,0,0,3500,0,0,0,4000,0,0,blocked,0,tcp,0,3500,500,0,0,0
5000159470,0,6,1352,0,1,20,inbound_arrival,16,0,0,ring_allreduce,4,100000,2,allgather,3,25000,25000,500,0,60000000000,19,16,25000,1,0,5000,0,1,0,5000,0,0,blocked,0,tcp,0,5500,500,0,0,0
5000159970,0,6,1355,0,1,20,inbound_arrival,16,0,0,ring_allreduce,4,100000,2,allgather,3,25000,25000,500,0,60000000000,19,16,25000,1,0,5000,0,1,0,5000,0,0,blocked,0,tcp,0,6000,500,0,0,0
5000160470,0,4,1229,0,0,14,inbound_arrival,22,500,0,ring_allreduce,4,100000,0,allgather,3,75000,25000,500,0,60000000000,13,22,25000,0,0,4000,0,0,0,4500,0,0,blocked,0,tcp,0,4000,500,0,0,0
5000160970,0,4,1232,0,0,14,inbound_arrival,22,500,0,ring_allreduce,4,100000,0,allgather,3,75000,25000,500,0,60000000000,13,22,25000,0,0,4500,0,0,0,5000,0,0,blocked,0,tcp,0,4500,500,0,0,0
5000161470,0,6,1358,0,1,20,inbound_arrival,16,0,0,ring_allreduce,4,100000,2,allgather,3,25000,25000,500,0,60000000000,19,16,25000,1,0,5000,0,1,0,5000,0,0,blocked,0,tcp,0,7000,500,0,0,0
5000161970,0,6,1361,0,1,20,inbound_arrival,16,0,0,ring_allreduce,4,100000,2,allgather,3,25000,25000,500,0,60000000000,19,16,25000,1,0,5000,0,1,0,5000,0,0,blocked,0,tcp,0,7500,500,0,0,0
5000162470,0,6,1364,0,1,20,inbound_arrival,16,0,0,ring_allreduce,4,100000,2,allgather,3,25000,25000,500,0,60000000000,19,16,25000,1,0,5000,0,1,0,5000,0,0,blocked,0,tcp,0,8000,500,0,0,0
5000162970,0,6,1367,0,1,20,inbound_arrival,16,0,0,ring_allreduce,4,100000,2,allgather,3,25000,25000,500,0,60000000000,19,16,25000,1,0,5000,0,1,0,5000,0,0,blocked,0,tcp,0,8500,500,0,0,0
5000163470,0,6,1370,0,1,20,inbound_arrival,16,0,0,ring_allreduce,4,100000,2,allgather,3,25000,25000,500,0,60000000000,19,16,25000,1,0,5000,0,1,0,5000,0,0,blocked,0,tcp,0,9000,500,0,0,0
5000163970,0,6,1373,0,1,20,inbound_arrival,16,0,0,ring_allreduce,4,100000,2,allgather,3,25000,25000,500,0,60000000000,19,16,25000,1,0,5000,0,1,0,5000,0,0,blocked,0,tcp,0,9500,500,0,0,0
5000164470,0,6,1376,0,1,20,inbound_arrival,16,0,0,ring_allreduce,4,100000,2,allgather,3,25000,25000,500,0,60000000000,19,16,25000,1,0,5000,0,1,0,5000,0,0,blocked,0,tcp,0,10000,500,0,0,0
5000164970,0,6,1379,0,1,20,inbound_arrival,16,0,0,ring_allreduce,4,100000,2,allgather,3,25000,25000,500,0,60000000000,19,16,25000,1,0,5000,0,1,0,5000,0,0,blocked,0,tcp,0,10500,500,0,0,0
5000165470,0,4,1235,0,0,14,inbound_arrival,22,0,0,ring_allreduce,4,100000,0,allgather,3,75000,25000,500,0,60000000000,13,22,25000,0,0,5000,0,0,0,5000,0,0,blocked,0,tcp,0,9000,500,0,0,0
5000165970,0,4,1238,0,0,14,inbound_arrival,22,0,0,ring_allreduce,4,100000,0,allgather,3,75000,25000,500,0,60000000000,13,22,25000,0,0,5000,0,0,0,5000,0,0,blocked,0,tcp,0,9500,500,0,0,0
5000166470,0,4,1241,0,0,14,inbound_arrival,22,0,0,ring_allreduce,4,100000,0,allgather,3,75000,25000,500,0,60000000000,13,22,25000,0,0,5000,0,0,0,5000,0,0,blocked,0,tcp,0,10000,500,0,0,0
5000166970,0,4,1244,0,0,14,inbound_arrival,22,0,0,ring_allreduce,4,100000,0,allgather,3,75000,25000,500,0,60000000000,13,22,25000,0,0,5000,0,0,0,5000,0,0,blocked,0,tcp,0,10500,500,0,0,0
5000167470,0,6,1382,0,1,20,inbound_arrival,16,0,0,ring_allreduce,4,100000,2,allgather,3,25000,25000,500,0,60000000000,19,16,25000,1,0,5000,0,1,0,5000,0,0,blocked,0,tcp,0,11000,500,0,0,0
5000167970,0,6,1385,0,1,20,inbound_arrival,16,0,0,ring_allreduce,4,100000,2,allgather,3,25000,25000,500,0,60000000000,19,16,25000,1,0,5000,0,1,0,5000,0,0,blocked,0,tcp,0,11500,500,0,0,0
5000168470,0,6,1388,0,1,20,inbound_arrival,16,0,0,ring_allreduce,4,100000,2,allgather,3,25000,25000,500,0,60000000000,19,16,25000,1,0,5000,0,1,0,5000,0,0,blocked,0,tcp,0,12000,500,0,0,0
5000168970,0,6,1391,0,1,20,inbound_arrival,16,0,0,ring_allreduce,4,100000,2,allgather,3,25000,25000,500,0,60000000000,19,16,25000,1,0,5000,0,1,0,5000,0,0,blocked,0,tcp,0,12500,500,0,0,0
5000169470,0,4,1247,0,0,14,inbound_arrival,22,500,0,ring_allreduce,4,100000,0,allgather,3,75000,25000,500,0,60000000000,13,22,25000,0,0,5000,0,0,0,5500,0,0,blocked,0,tcp,0,5000,500,0,0,0
5000170170,0,6,1394,0,1,20,inbound_arrival,16,0,0,ring_allreduce,4,100000,2,allgather,3,25000,25000,500,0,60000000000,19,16,25000,1,0,5000,0,1,0,5000,0,0,blocked,0,tcp,0,13000,500,0,0,0
5000170670,0,6,1397,0,1,20,inbound_arrival,16,0,0,ring_allreduce,4,100000,2,allgather,3,25000,25000,500,0,60000000000,19,16,25000,1,0,5000,0,1,0,5000,0,0,blocked,0,tcp,0,13500,500,0,0,0
5000171170,0,6,1400,0,1,20,inbound_arrival,16,0,0,ring_allreduce,4,100000,2,allgather,3,25000,25000,500,0,60000000000,19,16,25000,1,0,5000,0,1,0,5000,0,0,blocked,0,tcp,0,14000,500,0,0,0
5000171670,0,6,1403,0,1,20,inbound_arrival,16,0,0,ring_allreduce,4,100000,2,allgather,3,25000,25000,500,0,60000000000,19,16,25000,1,0,5000,0,1,0,5000,0,0,blocked,0,tcp,0,14500,500,0,0,0
5000172170,0,4,1250,0,0,14,inbound_arrival,22,500,0,ring_allreduce,4,100000,0,allgather,3,75000,25000,500,0,60000000000,13,22,25000,0,0,5500,0,0,0,6000,0,0,blocked,0,tcp,0,5500,500,0,0,0
5000172870,0,6,1406,0,1,20,inbound_arrival,16,0,0,ring_allreduce,4,100000,2,allgather,3,25000,25000,500,0,60000000000,19,16,25000,1,0,5000,0,1,0,5000,0,0,blocked,0,tcp,0,15000,500,0,0,0
5000173370,0,6,1409,0,1,20,inbound_arrival,16,0,0,ring_allreduce,4,100000,2,allgather,3,25000,25000,500,0,60000000000,19,16,25000,1,0,5000,0,1,0,5000,0,0,blocked,0,tcp,0,15500,500,0,0,0
5000173870,0,6,1412,0,1,20,inbound_arrival,16,0,0,ring_allreduce,4,100000,2,allgather,3,25000,25000,500,0,60000000000,19,16,25000,1,0,5000,0,1,0,5000,0,0,blocked,0,tcp,0,16000,500,0,0,0
5000174370,0,6,1415,0,1,20,inbound_arrival,16,0,0,ring_allreduce,4,100000,2,allgather,3,25000,25000,500,0,60000000000,19,16,25000,1,0,5000,0,1,0,5000,0,0,blocked,0,tcp,0,16500,500,0,0,0
5000174870,0,4,1253,0,0,14,inbound_arrival,22,500,0,ring_allreduce,4,100000,0,allgather,3,75000,25000,500,0,60000000000,13,22,25000,0,0,6000,0,0,0,6500,0,0,blocked,0,tcp,0,6000,500,0,0,0
5000175570,0,6,1418,0,1,20,inbound_arrival,16,0,0,ring_allreduce,4,100000,2,allgather,3,25000,25000,500,0,60000000000,19,16,25000,1,0,5000,0,1,0,5000,0,0,blocked,0,tcp,0,17000,500,0,0,0
5000176070,0,6,1421,0,1,20,inbound_arrival,16,0,0,ring_allreduce,4,100000,2,allgather,3,25000,25000,500,0,60000000000,19,16,25000,1,0,5000,0,1,0,5000,0,0,blocked,0,tcp,0,17500,500,0,0,0
5000176570,0,6,1424,0,1,20,inbound_arrival,16,0,0,ring_allreduce,4,100000,2,allgather,3,25000,25000,500,0,60000000000,19,16,25000,1,0,5000,0,1,0,5000,0,0,blocked,0,tcp,0,18000,500,0,0,0
5000177070,0,6,1427,0,1,20,inbound_arrival,16,0,0,ring_allreduce,4,100000,2,allgather,3,25000,25000,500,0,60000000000,19,16,25000,1,0,5000,0,1,0,5000,0,0,blocked,0,tcp,0,18500,500,0,0,0
5000177570,0,4,1256,0,0,14,inbound_arrival,22,500,0,ring_allreduce,4,100000,0,allgather,3,75000,25000,500,0,60000000000,13,22,25000,0,0,6500,0,0,0,7000,0,0,blocked,0,tcp,0,6500,500,0,0,0
5000178270,0,6,1430,0,1,20,inbound_arrival,16,0,0,ring_allreduce,4,100000,2,allgather,3,25000,25000,500,0,60000000000,19,16,25000,1,0,5000,0,1,0,5000,0,0,blocked,0,tcp,0,19000,500,0,0,0
5000178770,0,6,1433,0,1,20,inbound_arrival,16,0,0,ring_allreduce,4,100000,2,allgather,3,25000,25000,500,0,60000000000,19,16,25000,1,0,5000,0,1,0,5000,0,0,blocked,0,tcp,0,19500,500,0,0,0
5000179270,0,6,1436,0,1,20,inbound_arrival,16,0,0,ring_allreduce,4,100000,2,allgather,3,25000,25000,500,0,60000000000,19,16,25000,1,0,5000,0,1,0,5000,0,0,blocked,0,tcp,0,20000,500,0,0,0
5000179770,0,6,1439,0,1,20,inbound_arrival,16,0,0,ring_allreduce,4,100000,2,allgather,3,25000,25000,500,0,60000000000,19,16,25000,1,0,5000,0,1,0,5000,0,0,blocked,0,tcp,0,20500,500,0,0,0
5000180270,0,4,1259,0,0,14,inbound_arrival,22,500,0,ring_allreduce,4,100000,0,allgather,3,75000,25000,500,0,60000000000,13,22,25000,0,0,7000,0,0,0,7500,0,0,blocked,0,tcp,0,7000,500,0,0,0
5000180970,0,6,1442,0,1,20,inbound_arrival,16,0,0,ring_allreduce,4,100000,2,allgather,3,25000,25000,500,0,60000000000,19,16,25000,1,0,5000,0,1,0,5000,0,0,blocked,0,tcp,0,21000,500,0,0,0
5000181470,0,6,1445,0,1,20,inbound_arrival,16,0,0,ring_allreduce,4,100000,2,allgather,3,25000,25000,500,0,60000000000,19,16,25000,1,0,5000,0,1,0,5000,0,0,blocked,0,tcp,0,21500,500,0,0,0
5000181970,0,6,1448,0,1,20,inbound_arrival,16,0,0,ring_allreduce,4,100000,2,allgather,3,25000,25000,500,0,60000000000,19,16,25000,1,0,5000,0,1,0,5000,0,0,blocked,0,tcp,0,22000,500,0,0,0
5000182470,0,6,1451,0,1,20,inbound_arrival,16,0,0,ring_allreduce,4,100000,2,allgather,3,25000,25000,500,0,60000000000,19,16,25000,1,0,5000,0,1,0,5000,0,0,blocked,0,tcp,0,22500,500,0,0,0
5000182970,0,4,1262,0,0,14,inbound_arrival,22,500,0,ring_allreduce,4,100000,0,allgather,3,75000,25000,500,0,60000000000,13,22,25000,0,0,7500,0,0,0,8000,0,0,blocked,0,tcp,0,7500,500,0,0,0
5000183670,0,6,1454,0,1,20,inbound_arrival,16,0,0,ring_allreduce,4,100000,2,allgather,3,25000,25000,500,0,60000000000,19,16,25000,1,0,5000,0,1,0,5000,0,0,blocked,0,tcp,0,23000,500,0,0,0
5000184170,0,6,1457,0,1,20,inbound_arrival,16,0,0,ring_allreduce,4,100000,2,allgather,3,25000,25000,500,0,60000000000,19,16,25000,1,0,5000,0,1,0,5000,0,0,blocked,0,tcp,0,23500,500,0,0,0
5000184670,0,6,1460,0,1,20,inbound_arrival,16,0,0,ring_allreduce,4,100000,2,allgather,3,25000,25000,500,0,60000000000,19,16,25000,1,0,5000,0,1,0,5000,0,0,blocked,0,tcp,0,24000,500,0,0,0
5000185170,0,6,1463,0,1,20,inbound_arrival,16,0,0,ring_allreduce,4,100000,2,allgather,3,25000,25000,500,0,60000000000,19,16,25000,1,0,5000,0,1,0,5000,0,0,blocked,0,tcp,0,24500,500,0,0,0
5000185670,0,4,1265,0,0,14,inbound_arrival,22,500,0,ring_allreduce,4,100000,0,allgather,3,75000,25000,500,0,60000000000,13,22,25000,0,0,8000,0,0,0,8500,0,0,blocked,0,tcp,0,8000,500,0,0,0
5000186170,0,4,1268,0,0,14,inbound_arrival,22,0,0,ring_allreduce,4,100000,0,allgather,3,75000,25000,500,0,60000000000,13,22,25000,0,0,8500,0,0,0,8500,0,0,blocked,0,tcp,0,11000,500,0,0,0
5000188370,0,4,1271,0,0,14,inbound_arrival,22,3000,0,ring_allreduce,4,100000,0,allgather,3,75000,25000,500,0,60000000000,13,22,25000,0,0,8500,0,0,0,11500,0,0,blocked,0,tcp,0,8500,500,0,0,0
5000188870,0,4,1274,0,0,14,inbound_arrival,22,500,0,ring_allreduce,4,100000,0,allgather,3,75000,25000,500,0,60000000000,13,22,25000,0,0,11500,0,0,0,12000,0,0,blocked,0,tcp,0,11500,500,0,0,0
5000191070,0,4,1277,0,0,14,inbound_arrival,22,500,0,ring_allreduce,4,100000,0,allgather,3,75000,25000,500,0,60000000000,13,22,25000,0,0,12000,0,0,0,12500,0,0,blocked,0,tcp,0,12000,500,0,0,0
5000191570,0,4,1280,0,0,14,inbound_arrival,22,500,0,ring_allreduce,4,100000,0,allgather,3,75000,25000,500,0,60000000000,13,22,25000,0,0,12500,0,0,0,13000,0,0,blocked,0,tcp,0,12500,500,0,0,0
5000192070,0,4,1283,0,0,14,inbound_arrival,22,500,0,ring_allreduce,4,100000,0,allgather,3,75000,25000,500,0,60000000000,13,22,25000,0,0,13000,0,0,0,13500,0,0,blocked,0,tcp,0,13000,500,0,0,0
5000192570,0,4,1286,0,0,14,inbound_arrival,22,500,0,ring_allreduce,4,100000,0,allgather,3,75000,25000,500,0,60000000000,13,22,25000,0,0,13500,0,0,0,14000,0,0,blocked,0,tcp,0,13500,500,0,0,0
5000193070,0,4,1289,0,0,14,inbound_arrival,22,500,0,ring_allreduce,4,100000,0,allgather,3,75000,25000,500,0,60000000000,13,22,25000,0,0,14000,0,0,0,14500,0,0,blocked,0,tcp,0,14000,500,0,0,0
5000193570,0,4,1292,0,0,14,inbound_arrival,22,500,0,ring_allreduce,4,100000,0,allgather,3,75000,25000,500,0,60000000000,13,22,25000,0,0,14500,0,0,0,15000,0,0,blocked,0,tcp,0,14500,500,0,0,0
5000194070,0,4,1295,0,0,14,inbound_arrival,22,500,0,ring_allreduce,4,100000,0,allgather,3,75000,25000,500,0,60000000000,13,22,25000,0,0,15000,0,0,0,15500,0,0,blocked,0,tcp,0,15000,500,0,0,0
5000194570,0,4,1298,0,0,14,inbound_arrival,22,500,0,ring_allreduce,4,100000,0,allgather,3,75000,25000,500,0,60000000000,13,22,25000,0,0,15500,0,0,0,16000,0,0,blocked,0,tcp,0,15500,500,0,0,0
5000195070,0,4,1301,0,0,14,inbound_arrival,22,500,0,ring_allreduce,4,100000,0,allgather,3,75000,25000,500,0,60000000000,13,22,25000,0,0,16000,0,0,0,16500,0,0,blocked,0,tcp,0,16000,500,0,0,0
5000195570,0,4,1304,0,0,14,inbound_arrival,22,500,0,ring_allreduce,4,100000,0,allgather,3,75000,25000,500,0,60000000000,13,22,25000,0,0,16500,0,0,0,17000,0,0,blocked,0,tcp,0,16500,500,0,0,0
5000196070,0,4,1307,0,0,14,inbound_arrival,22,500,0,ring_allreduce,4,100000,0,allgather,3,75000,25000,500,0,60000000000,13,22,25000,0,0,17000,0,0,0,17500,0,0,blocked,0,tcp,0,17000,500,0,0,0
5000196570,0,4,1310,0,0,14,inbound_arrival,22,500,0,ring_allreduce,4,100000,0,allgather,3,75000,25000,500,0,60000000000,13,22,25000,0,0,17500,0,0,0,18000,0,0,blocked,0,tcp,0,17500,500,0,0,0
5000197070,0,4,1313,0,0,14,inbound_arrival,22,500,0,ring_allreduce,4,100000,0,allgather,3,75000,25000,500,0,60000000000,13,22,25000,0,0,18000,0,0,0,18500,0,0,blocked,0,tcp,0,18000,500,0,0,0
5000197570,0,4,1316,0,0,14,inbound_arrival,22,500,0,ring_allreduce,4,100000,0,allgather,3,75000,25000,500,0,60000000000,13,22,25000,0,0,18500,0,0,0,19000,0,0,blocked,0,tcp,0,18500,500,0,0,0
5000198070,0,4,1319,0,0,14,inbound_arrival,22,500,0,ring_allreduce,4,100000,0,allgather,3,75000,25000,500,0,60000000000,13,22,25000,0,0,19000,0,0,0,19500,0,0,blocked,0,tcp,0,19000,500,0,0,0
5000198570,0,4,1322,0,0,14,inbound_arrival,22,500,0,ring_allreduce,4,100000,0,allgather,3,75000,25000,500,0,60000000000,13,22,25000,0,0,19500,0,0,0,20000,0,0,blocked,0,tcp,0,19500,500,0,0,0
5000199070,0,4,1325,0,0,14,inbound_arrival,22,500,0,ring_allreduce,4,100000,0,allgather,3,75000,25000,500,0,60000000000,13,22,25000,0,0,20000,0,0,0,20500,0,0,blocked,0,tcp,0,20000,500,0,0,0
5000199570,0,4,1328,0,0,14,inbound_arrival,22,500,0,ring_allreduce,4,100000,0,allgather,3,75000,25000,500,0,60000000000,13,22,25000,0,0,20500,0,0,0,21000,0,0,blocked,0,tcp,0,20500,500,0,0,0
5000200070,0,4,1331,0,0,14,inbound_arrival,22,500,0,ring_allreduce,4,100000,0,allgather,3,75000,25000,500,0,60000000000,13,22,25000,0,0,21000,0,0,0,21500,0,0,blocked,0,tcp,0,21000,500,0,0,0
5000200570,0,4,1334,0,0,14,inbound_arrival,22,500,0,ring_allreduce,4,100000,0,allgather,3,75000,25000,500,0,60000000000,13,22,25000,0,0,21500,0,0,0,22000,0,0,blocked,0,tcp,0,21500,500,0,0,0
5000201070,0,4,1337,0,0,14,inbound_arrival,22,500,0,ring_allreduce,4,100000,0,allgather,3,75000,25000,500,0,60000000000,13,22,25000,0,0,22000,0,0,0,22500,0,0,blocked,0,tcp,0,22000,500,0,0,0
5000201570,0,4,1340,0,0,14,inbound_arrival,22,500,0,ring_allreduce,4,100000,0,allgather,3,75000,25000,500,0,60000000000,13,22,25000,0,0,22500,0,0,0,23000,0,0,blocked,0,tcp,0,22500,500,0,0,0
5000202070,0,4,1343,0,0,14,inbound_arrival,22,500,0,ring_allreduce,4,100000,0,allgather,3,75000,25000,500,0,60000000000,13,22,25000,0,0,23000,0,0,0,23500,0,0,blocked,0,tcp,0,23000,500,0,0,0
5000202570,0,4,1346,0,0,14,inbound_arrival,22,500,0,ring_allreduce,4,100000,0,allgather,3,75000,25000,500,0,60000000000,13,22,25000,0,0,23500,0,0,0,24000,0,0,blocked,0,tcp,0,23500,500,0,0,0
5000203070,0,4,1349,0,0,14,inbound_arrival,22,500,0,ring_allreduce,4,100000,0,allgather,3,75000,25000,500,0,60000000000,13,22,25000,0,0,24000,0,0,0,24500,0,0,blocked,0,tcp,0,24000,500,0,0,0
5000203570,0,4,1352,0,0,14,inbound_arrival,22,500,0,ring_allreduce,4,100000,0,allgather,3,75000,25000,500,0,60000000000,13,22,25000,0,0,24500,0,0,1,25000,0,0,blocked,0,tcp,0,24500,500,0,0,0
5000203770,0,10,1457,0,3,23,local_completion,22,0,0,ring_allreduce,4,100000,3,allgather,3,50000,25000,500,0,60000000000,22,19,25000,0,1,25000,1,1,1,25000,2,1000,blocked,0,tcp,0,0,0,25000,5000199770,2700
6000156470,0,8,1310,0,2,17,inbound_arrival,13,0,0,ring_allreduce,4,100000,1,allgather,3,0,25000,500,0,60000000000,16,13,25000,0,0,3000,0,0,0,3000,0,0,blocked,0,tcp,0,1000,500,0,0,0
6000159170,0,8,1313,0,2,17,inbound_arrival,13,500,0,ring_allreduce,4,100000,1,allgather,3,0,25000,500,0,60000000000,16,13,25000,0,0,3000,0,0,0,3500,0,0,blocked,0,tcp,0,3000,500,0,0,0
6000159670,0,8,1316,0,2,17,inbound_arrival,13,500,0,ring_allreduce,4,100000,1,allgather,3,0,25000,500,0,60000000000,16,13,25000,0,0,3500,0,0,0,4000,0,0,blocked,0,tcp,0,3500,500,0,0,0
6000161870,0,8,1319,0,2,17,inbound_arrival,13,500,0,ring_allreduce,4,100000,1,allgather,3,0,25000,500,0,60000000000,16,13,25000,0,0,4000,0,0,0,4500,0,0,blocked,0,tcp,0,4000,500,0,0,0
6000162370,0,8,1322,0,2,17,inbound_arrival,13,500,0,ring_allreduce,4,100000,1,allgather,3,0,25000,500,0,60000000000,16,13,25000,0,0,4500,0,0,0,5000,0,0,blocked,0,tcp,0,4500,500,0,0,0
6000162870,0,8,1325,0,2,17,inbound_arrival,13,500,0,ring_allreduce,4,100000,1,allgather,3,0,25000,500,0,60000000000,16,13,25000,0,0,5000,0,0,0,5500,0,0,blocked,0,tcp,0,5000,500,0,0,0
6000164170,0,6,1466,0,1,20,inbound_arrival,16,1500,0,ring_allreduce,4,100000,2,allgather,3,25000,25000,500,0,60000000000,19,16,25000,1,0,5000,0,1,0,6500,0,0,blocked,0,tcp,0,5000,500,0,0,0
6000165790,0,8,1331,0,2,17,inbound_arrival,13,500,0,ring_allreduce,4,100000,1,allgather,3,0,25000,500,0,60000000000,16,13,25000,0,0,5500,0,0,0,6000,0,0,blocked,0,tcp,0,5500,500,0,0,0
6000166290,0,8,1334,0,2,17,inbound_arrival,13,500,0,ring_allreduce,4,100000,1,allgather,3,0,25000,500,0,60000000000,16,13,25000,0,0,6000,0,0,0,6500,0,0,blocked,0,tcp,0,6000,500,0,0,0
6000166790,0,8,1337,0,2,17,inbound_arrival,13,500,0,ring_allreduce,4,100000,1,allgather,3,0,25000,500,0,60000000000,16,13,25000,0,0,6500,0,0,0,7000,0,0,blocked,0,tcp,0,6500,500,0,0,0
6000167290,0,8,1340,0,2,17,inbound_arrival,13,500,0,ring_allreduce,4,100000,1,allgather,3,0,25000,500,0,60000000000,16,13,25000,0,0,7000,0,0,0,7500,0,0,blocked,0,tcp,0,7000,500,0,0,0
6000168490,0,8,1343,0,2,17,inbound_arrival,13,500,0,ring_allreduce,4,100000,1,allgather,3,0,25000,500,0,60000000000,16,13,25000,0,0,7500,0,0,0,8000,0,0,blocked,0,tcp,0,7500,500,0,0,0
6000168990,0,8,1346,0,2,17,inbound_arrival,13,500,0,ring_allreduce,4,100000,1,allgather,3,0,25000,500,0,60000000000,16,13,25000,0,0,8000,0,0,0,8500,0,0,blocked,0,tcp,0,8000,500,0,0,0
6000169490,0,8,1349,0,2,17,inbound_arrival,13,500,0,ring_allreduce,4,100000,1,allgather,3,0,25000,500,0,60000000000,16,13,25000,0,0,8500,0,0,0,9000,0,0,blocked,0,tcp,0,8500,500,0,0,0
6000169990,0,8,1352,0,2,17,inbound_arrival,13,500,0,ring_allreduce,4,100000,1,allgather,3,0,25000,500,0,60000000000,16,13,25000,0,0,9000,0,0,0,9500,0,0,blocked,0,tcp,0,9000,500,0,0,0
6000170490,0,8,1355,0,2,17,inbound_arrival,13,500,0,ring_allreduce,4,100000,1,allgather,3,0,25000,500,0,60000000000,16,13,25000,0,0,9500,0,0,0,10000,0,0,blocked,0,tcp,0,9500,500,0,0,0
6000171190,0,8,1358,0,2,17,inbound_arrival,13,500,0,ring_allreduce,4,100000,1,allgather,3,0,25000,500,0,60000000000,16,13,25000,0,0,10000,0,0,0,10500,0,0,blocked,0,tcp,0,10000,500,0,0,0
6000171690,0,8,1361,0,2,17,inbound_arrival,13,500,0,ring_allreduce,4,100000,1,allgather,3,0,25000,500,0,60000000000,16,13,25000,0,0,10500,0,0,0,11000,0,0,blocked,0,tcp,0,10500,500,0,0,0
6000172190,0,8,1364,0,2,17,inbound_arrival,13,500,0,ring_allreduce,4,100000,1,allgather,3,0,25000,500,0,60000000000,16,13,25000,0,0,11000,0,0,0,11500,0,0,blocked,0,tcp,0,11000,500,0,0,0
6000172690,0,8,1367,0,2,17,inbound_arrival,13,500,0,ring_allreduce,4,100000,1,allgather,3,0,25000,500,0,60000000000,16,13,25000,0,0,11500,0,0,0,12000,0,0,blocked,0,tcp,0,11500,500,0,0,0
6000173190,0,8,1370,0,2,17,inbound_arrival,13,500,0,ring_allreduce,4,100000,1,allgather,3,0,25000,500,0,60000000000,16,13,25000,0,0,12000,0,0,0,12500,0,0,blocked,0,tcp,0,12000,500,0,0,0
6000173690,0,8,1373,0,2,17,inbound_arrival,13,500,0,ring_allreduce,4,100000,1,allgather,3,0,25000,500,0,60000000000,16,13,25000,0,0,12500,0,0,0,13000,0,0,blocked,0,tcp,0,12500,500,0,0,0
6000174190,0,8,1376,0,2,17,inbound_arrival,13,500,0,ring_allreduce,4,100000,1,allgather,3,0,25000,500,0,60000000000,16,13,25000,0,0,13000,0,0,0,13500,0,0,blocked,0,tcp,0,13000,500,0,0,0
6000174690,0,8,1379,0,2,17,inbound_arrival,13,500,0,ring_allreduce,4,100000,1,allgather,3,0,25000,500,0,60000000000,16,13,25000,0,0,13500,0,0,0,14000,0,0,blocked,0,tcp,0,13500,500,0,0,0
6000175190,0,8,1382,0,2,17,inbound_arrival,13,500,0,ring_allreduce,4,100000,1,allgather,3,0,25000,500,0,60000000000,16,13,25000,0,0,14000,0,0,0,14500,0,0,blocked,0,tcp,0,14000,500,0,0,0
6000175690,0,8,1385,0,2,17,inbound_arrival,13,500,0,ring_allreduce,4,100000,1,allgather,3,0,25000,500,0,60000000000,16,13,25000,0,0,14500,0,0,0,15000,0,0,blocked,0,tcp,0,14500,500,0,0,0
6000176190,0,8,1388,0,2,17,inbound_arrival,13,500,0,ring_allreduce,4,100000,1,allgather,3,0,25000,500,0,60000000000,16,13,25000,0,0,15000,0,0,0,15500,0,0,blocked,0,tcp,0,15000,500,0,0,0
6000176690,0,8,1391,0,2,17,inbound_arrival,13,500,0,ring_allreduce,4,100000,1,allgather,3,0,25000,500,0,60000000000,16,13,25000,0,0,15500,0,0,0,16000,0,0,blocked,0,tcp,0,15500,500,0,0,0
6000177190,0,8,1394,0,2,17,inbound_arrival,13,500,0,ring_allreduce,4,100000,1,allgather,3,0,25000,500,0,60000000000,16,13,25000,0,0,16000,0,0,0,16500,0,0,blocked,0,tcp,0,16000,500,0,0,0
6000177690,0,8,1397,0,2,17,inbound_arrival,13,500,0,ring_allreduce,4,100000,1,allgather,3,0,25000,500,0,60000000000,16,13,25000,0,0,16500,0,0,0,17000,0,0,blocked,0,tcp,0,16500,500,0,0,0
6000178190,0,8,1400,0,2,17,inbound_arrival,13,500,0,ring_allreduce,4,100000,1,allgather,3,0,25000,500,0,60000000000,16,13,25000,0,0,17000,0,0,0,17500,0,0,blocked,0,tcp,0,17000,500,0,0,0
6000178690,0,8,1403,0,2,17,inbound_arrival,13,500,0,ring_allreduce,4,100000,1,allgather,3,0,25000,500,0,60000000000,16,13,25000,0,0,17500,0,0,0,18000,0,0,blocked,0,tcp,0,17500,500,0,0,0
6000179190,0,8,1406,0,2,17,inbound_arrival,13,500,0,ring_allreduce,4,100000,1,allgather,3,0,25000,500,0,60000000000,16,13,25000,0,0,18000,0,0,0,18500,0,0,blocked,0,tcp,0,18000,500,0,0,0
6000179690,0,8,1409,0,2,17,inbound_arrival,13,500,0,ring_allreduce,4,100000,1,allgather,3,0,25000,500,0,60000000000,16,13,25000,0,0,18500,0,0,0,19000,0,0,blocked,0,tcp,0,18500,500,0,0,0
6000180190,0,8,1412,0,2,17,inbound_arrival,13,500,0,ring_allreduce,4,100000,1,allgather,3,0,25000,500,0,60000000000,16,13,25000,0,0,19000,0,0,0,19500,0,0,blocked,0,tcp,0,19000,500,0,0,0
6000180690,0,8,1415,0,2,17,inbound_arrival,13,500,0,ring_allreduce,4,100000,1,allgather,3,0,25000,500,0,60000000000,16,13,25000,0,0,19500,0,0,0,20000,0,0,blocked,0,tcp,0,19500,500,0,0,0
6000181190,0,8,1418,0,2,17,inbound_arrival,13,500,0,ring_allreduce,4,100000,1,allgather,3,0,25000,500,0,60000000000,16,13,25000,0,0,20000,0,0,0,20500,0,0,blocked,0,tcp,0,20000,500,0,0,0
6000181690,0,8,1421,0,2,17,inbound_arrival,13,500,0,ring_allreduce,4,100000,1,allgather,3,0,25000,500,0,60000000000,16,13,25000,0,0,20500,0,0,0,21000,0,0,blocked,0,tcp,0,20500,500,0,0,0
6000182190,0,8,1424,0,2,17,inbound_arrival,13,500,0,ring_allreduce,4,100000,1,allgather,3,0,25000,500,0,60000000000,16,13,25000,0,0,21000,0,0,0,21500,0,0,blocked,0,tcp,0,21000,500,0,0,0
6000182690,0,8,1427,0,2,17,inbound_arrival,13,500,0,ring_allreduce,4,100000,1,allgather,3,0,25000,500,0,60000000000,16,13,25000,0,0,21500,0,0,0,22000,0,0,blocked,0,tcp,0,21500,500,0,0,0
6000183190,0,8,1430,0,2,17,inbound_arrival,13,500,0,ring_allreduce,4,100000,1,allgather,3,0,25000,500,0,60000000000,16,13,25000,0,0,22000,0,0,0,22500,0,0,blocked,0,tcp,0,22000,500,0,0,0
6000183690,0,8,1433,0,2,17,inbound_arrival,13,500,0,ring_allreduce,4,100000,1,allgather,3,0,25000,500,0,60000000000,16,13,25000,0,0,22500,0,0,0,23000,0,0,blocked,0,tcp,0,22500,500,0,0,0
6000184190,0,8,1436,0,2,17,inbound_arrival,13,500,0,ring_allreduce,4,100000,1,allgather,3,0,25000,500,0,60000000000,16,13,25000,0,0,23000,0,0,0,23500,0,0,blocked,0,tcp,0,23000,500,0,0,0
6000184690,0,8,1439,0,2,17,inbound_arrival,13,500,0,ring_allreduce,4,100000,1,allgather,3,0,25000,500,0,60000000000,16,13,25000,0,0,23500,0,0,0,24000,0,0,blocked,0,tcp,0,23500,500,0,0,0
6000185190,0,8,1442,0,2,17,inbound_arrival,13,500,0,ring_allreduce,4,100000,1,allgather,3,0,25000,500,0,60000000000,16,13,25000,0,0,24000,0,0,0,24500,0,0,blocked,0,tcp,0,24000,500,0,0,0
6000185690,0,8,1445,0,2,17,inbound_arrival,13,500,0,ring_allreduce,4,100000,1,allgather,3,0,25000,500,0,60000000000,16,13,25000,0,0,24500,0,0,1,25000,0,0,blocked,0,tcp,0,24500,500,0,0,0
6000185890,0,4,1637,0,0,14,local_completion,13,0,0,ring_allreduce,4,100000,0,allgather,3,75000,25000,500,0,60000000000,13,22,25000,0,1,25000,1,1,1,25000,2,1000,blocked,0,tcp,0,0,0,25000,6000181390,2700
7000166870,0,6,1469,0,1,20,inbound_arrival,16,18500,0,ring_allreduce,4,100000,2,allgather,3,25000,25000,500,0,60000000000,19,16,25000,1,0,6500,1,1,1,25000,2,1000,blocked,0,tcp,0,6500,500,0,0,0
7000167070,0,8,1598,0,2,17,local_completion,16,0,0,ring_allreduce,4,100000,1,allgather,3,0,25000,500,0,60000000000,16,13,25000,0,1,25000,1,1,1,25000,2,1000,blocked,0,tcp,0,0,0,25000,7000164370,2700
