time_ns,event_phase,event_origin_node,event_origin_sequence,ordinal,node_id,flow_id,cause,cause_flow_id,arrival_bytes,collective_id,algorithm,group_size,declared_total_bytes,rank,collective_phase,step,chunk_offset_bytes,chunk_bytes,packet_size_bytes,interval_ns,stop_time_ns,inbound_predecessor_bytes,before_local_complete,before_inbound_complete,before_inbound_bytes,activated,after_local_complete,after_inbound_complete,after_inbound_bytes,after_packets_emitted,after_bytes_emitted,after_status,after_next_time_ns,stage_kind,duration_ns,segment_sequence,segment_bytes,ack_number,cause_origin_ns,cause_delay_ns,channel,chunk_policy,channel_policy,local_predecessors,inbound_predecessors,local_required,before_local_completed,after_local_completed,cause_total_bytes,group_stages,seeded_matrix,cause_kind
31000,0,6,2,0,1,7,inbound_arrival,3,1000,0,ring_allreduce,4,150000,2,reduce_scatter,2,37500,37500,1000,1000,50000000,37500,0,0,0,0,0,0,1000,0,0,blocked,0,roce,0,0,1000,0,0,0,0,equal_remainder_last,ring_next,6,3,1,0,0,37500,24,,roce
39000,0,6,5,0,1,7,inbound_arrival,3,1000,0,ring_allreduce,4,150000,2,reduce_scatter,2,37500,37500,1000,1000,50000000,37500,0,0,1000,0,0,0,2000,0,0,blocked,0,roce,0,1000,1000,0,0,0,0,equal_remainder_last,ring_next,6,3,1,0,0,37500,24,,roce
39000,0,12,2,0,3,10,inbound_arrival,6,1000,0,ring_allreduce,4,150000,3,reduce_scatter,2,75000,37500,1000,1000,50000000,37500,0,0,0,0,0,0,1000,0,0,blocked,0,roce,0,0,1000,0,0,0,0,equal_remainder_last,ring_next,9,6,1,0,0,37500,24,,roce
47000,0,9,2,0,2,4,inbound_arrival,0,1000,0,ring_allreduce,4,150000,1,reduce_scatter,2,0,37500,1000,1000,50000000,37500,0,0,0,0,0,0,1000,0,0,blocked,0,roce,0,0,1000,0,0,0,0,equal_remainder_last,ring_next,3,0,1,0,0,37500,24,,roce
47000,0,12,5,0,3,10,inbound_arrival,6,1000,0,ring_allreduce,4,150000,3,reduce_scatter,2,75000,37500,1000,1000,50000000,37500,0,0,1000,0,0,0,2000,0,0,blocked,0,roce,0,1000,1000,0,0,0,0,equal_remainder_last,ring_next,9,6,1,0,0,37500,24,,roce
55000,0,4,2,0,0,1,inbound_arrival,9,1000,0,ring_allreduce,4,150000,0,reduce_scatter,2,112500,37500,1000,1000,50000000,37500,0,0,0,0,0,0,1000,0,0,blocked,0,roce,0,0,1000,0,0,0,0,equal_remainder_last,ring_next,0,9,1,0,0,37500,24,,roce
55000,0,6,8,0,1,7,inbound_arrival,3,1000,0,ring_allreduce,4,150000,2,reduce_scatter,2,37500,37500,1000,1000,50000000,37500,0,0,2000,0,0,0,3000,0,0,blocked,0,roce,0,2000,1000,0,0,0,0,equal_remainder_last,ring_next,6,3,1,0,0,37500,24,,roce
63000,0,9,5,0,2,4,inbound_arrival,0,1000,0,ring_allreduce,4,150000,1,reduce_scatter,2,0,37500,1000,1000,50000000,37500,0,0,1000,0,0,0,2000,0,0,blocked,0,roce,0,1000,1000,0,0,0,0,equal_remainder_last,ring_next,3,0,1,0,0,37500,24,,roce
63000,0,12,8,0,3,10,inbound_arrival,6,1000,0,ring_allreduce,4,150000,3,reduce_scatter,2,75000,37500,1000,1000,50000000,37500,0,0,2000,0,0,0,3000,0,0,blocked,0,roce,0,2000,1000,0,0,0,0,equal_remainder_last,ring_next,9,6,1,0,0,37500,24,,roce
71000,0,4,5,0,0,1,inbound_arrival,9,1000,0,ring_allreduce,4,150000,0,reduce_scatter,2,112500,37500,1000,1000,50000000,37500,0,0,1000,0,0,0,2000,0,0,blocked,0,roce,0,1000,1000,0,0,0,0,equal_remainder_last,ring_next,0,9,1,0,0,37500,24,,roce
71000,0,6,11,0,1,7,inbound_arrival,3,1000,0,ring_allreduce,4,150000,2,reduce_scatter,2,37500,37500,1000,1000,50000000,37500,0,0,3000,0,0,0,4000,0,0,blocked,0,roce,0,3000,1000,0,0,0,0,equal_remainder_last,ring_next,6,3,1,0,0,37500,24,,roce
71512,0,9,11,0,2,4,inbound_arrival,0,1000,0,ring_allreduce,4,150000,1,reduce_scatter,2,0,37500,1000,1000,50000000,37500,0,0,2000,0,0,0,3000,0,0,blocked,0,roce,0,2000,1000,0,0,0,0,equal_remainder_last,ring_next,3,0,1,0,0,37500,24,,roce
87000,0,4,8,0,0,1,inbound_arrival,9,1000,0,ring_allreduce,4,150000,0,reduce_scatter,2,112500,37500,1000,1000,50000000,37500,0,0,2000,0,0,0,3000,0,0,blocked,0,roce,0,2000,1000,0,0,0,0,equal_remainder_last,ring_next,0,9,1,0,0,37500,24,,roce
87000,0,6,14,0,1,7,inbound_arrival,3,1000,0,ring_allreduce,4,150000,2,reduce_scatter,2,37500,37500,1000,1000,50000000,37500,0,0,4000,0,0,0,5000,0,0,blocked,0,roce,0,4000,1000,0,0,0,0,equal_remainder_last,ring_next,6,3,1,0,0,37500,24,,roce
87512,0,12,11,0,3,10,inbound_arrival,6,1000,0,ring_allreduce,4,150000,3,reduce_scatter,2,75000,37500,1000,1000,50000000,37500,0,0,3000,0,0,0,4000,0,0,blocked,0,roce,0,3000,1000,0,0,0,0,equal_remainder_last,ring_next,9,6,1,0,0,37500,24,,roce
88024,0,9,17,0,2,4,inbound_arrival,0,1000,0,ring_allreduce,4,150000,1,reduce_scatter,2,0,37500,1000,1000,50000000,37500,0,0,3000,0,0,0,4000,0,0,blocked,0,roce,0,3000,1000,0,0,0,0,equal_remainder_last,ring_next,3,0,1,0,0,37500,24,,roce
103000,0,4,11,0,0,1,inbound_arrival,9,1000,0,ring_allreduce,4,150000,0,reduce_scatter,2,112500,37500,1000,1000,50000000,37500,0,0,3000,0,0,0,4000,0,0,blocked,0,roce,0,3000,1000,0,0,0,0,equal_remainder_last,ring_next,0,9,1,0,0,37500,24,,roce
104024,0,6,20,0,1,7,inbound_arrival,3,1000,0,ring_allreduce,4,150000,2,reduce_scatter,2,37500,37500,1000,1000,50000000,37500,0,0,5000,0,0,0,6000,0,0,blocked,0,roce,0,5000,1000,0,0,0,0,equal_remainder_last,ring_next,6,3,1,0,0,37500,24,,roce
104024,0,9,20,0,2,4,inbound_arrival,0,1000,0,ring_allreduce,4,150000,1,reduce_scatter,2,0,37500,1000,1000,50000000,37500,0,0,4000,0,0,0,5000,0,0,blocked,0,roce,0,4000,1000,0,0,0,0,equal_remainder_last,ring_next,3,0,1,0,0,37500,24,,roce
104024,0,12,14,0,3,10,inbound_arrival,6,1000,0,ring_allreduce,4,150000,3,reduce_scatter,2,75000,37500,1000,1000,50000000,37500,0,0,4000,0,0,0,5000,0,0,blocked,0,roce,0,4000,1000,0,0,0,0,equal_remainder_last,ring_next,9,6,1,0,0,37500,24,,roce
120024,0,4,17,0,0,1,inbound_arrival,9,1000,0,ring_allreduce,4,150000,0,reduce_scatter,2,112500,37500,1000,1000,50000000,37500,0,0,4000,0,0,0,5000,0,0,blocked,0,roce,0,4000,1000,0,0,0,0,equal_remainder_last,ring_next,0,9,1,0,0,37500,24,,roce
120024,0,12,17,0,3,10,inbound_arrival,6,1000,0,ring_allreduce,4,150000,3,reduce_scatter,2,75000,37500,1000,1000,50000000,37500,0,0,5000,0,0,0,6000,0,0,blocked,0,roce,0,5000,1000,0,0,0,0,equal_remainder_last,ring_next,9,6,1,0,0,37500,24,,roce
120536,0,6,26,0,1,7,inbound_arrival,3,1000,0,ring_allreduce,4,150000,2,reduce_scatter,2,37500,37500,1000,1000,50000000,37500,0,0,6000,0,0,0,7000,0,0,blocked,0,roce,0,6000,1000,0,0,0,0,equal_remainder_last,ring_next,6,3,1,0,0,37500,24,,roce
120536,0,9,26,0,2,4,inbound_arrival,0,1000,0,ring_allreduce,4,150000,1,reduce_scatter,2,0,37500,1000,1000,50000000,37500,0,0,5000,0,0,0,6000,0,0,blocked,0,roce,0,5000,1000,0,0,0,0,equal_remainder_last,ring_next,3,0,1,0,0,37500,24,,roce
128536,0,6,29,0,1,7,inbound_arrival,3,1000,0,ring_allreduce,4,150000,2,reduce_scatter,2,37500,37500,1000,1000,50000000,37500,0,0,7000,0,0,0,8000,0,0,blocked,0,roce,0,7000,1000,0,0,0,0,equal_remainder_last,ring_next,6,3,1,0,0,37500,24,,roce
136536,0,6,32,0,1,7,inbound_arrival,3,1000,0,ring_allreduce,4,150000,2,reduce_scatter,2,37500,37500,1000,1000,50000000,37500,0,0,8000,0,0,0,9000,0,0,blocked,0,roce,0,8000,1000,0,0,0,0,equal_remainder_last,ring_next,6,3,1,0,0,37500,24,,roce
136536,0,12,20,0,3,10,inbound_arrival,6,1000,0,ring_allreduce,4,150000,3,reduce_scatter,2,75000,37500,1000,1000,50000000,37500,0,0,6000,0,0,0,7000,0,0,blocked,0,roce,0,6000,1000,0,0,0,0,equal_remainder_last,ring_next,9,6,1,0,0,37500,24,,roce
144536,0,6,35,0,1,7,inbound_arrival,3,1000,0,ring_allreduce,4,150000,2,reduce_scatter,2,37500,37500,1000,1000,50000000,37500,0,0,9000,0,0,0,10000,0,0,blocked,0,roce,0,9000,1000,0,0,0,0,equal_remainder_last,ring_next,6,3,1,0,0,37500,24,,roce
144536,0,12,23,0,3,10,inbound_arrival,6,1000,0,ring_allreduce,4,150000,3,reduce_scatter,2,75000,37500,1000,1000,50000000,37500,0,0,7000,0,0,0,8000,0,0,blocked,0,roce,0,7000,1000,0,0,0,0,equal_remainder_last,ring_next,9,6,1,0,0,37500,24,,roce
153048,0,12,26,0,3,10,inbound_arrival,6,1000,0,ring_allreduce,4,150000,3,reduce_scatter,2,75000,37500,1000,1000,50000000,37500,0,0,8000,0,0,0,9000,0,0,blocked,0,roce,0,8000,1000,0,0,0,0,equal_remainder_last,ring_next,9,6,1,0,0,37500,24,,roce
160536,0,4,20,0,0,1,inbound_arrival,9,0,0,ring_allreduce,4,150000,0,reduce_scatter,2,112500,37500,1000,1000,50000000,37500,0,0,5000,0,0,0,5000,0,0,blocked,0,roce,0,8000,1000,0,0,0,0,equal_remainder_last,ring_next,0,9,1,0,0,37500,24,,roce
160536,0,6,38,0,1,7,inbound_arrival,3,1000,0,ring_allreduce,4,150000,2,reduce_scatter,2,37500,37500,1000,1000,50000000,37500,0,0,10000,0,0,0,11000,0,0,blocked,0,roce,0,10000,1000,0,0,0,0,equal_remainder_last,ring_next,6,3,1,0,0,37500,24,,roce
161048,0,12,29,0,3,10,inbound_arrival,6,1000,0,ring_allreduce,4,150000,3,reduce_scatter,2,75000,37500,1000,1000,50000000,37500,0,0,9000,0,0,0,10000,0,0,blocked,0,roce,0,9000,1000,0,0,0,0,equal_remainder_last,ring_next,9,6,1,0,0,37500,24,,roce
169048,0,12,32,0,3,10,inbound_arrival,6,1000,0,ring_allreduce,4,150000,3,reduce_scatter,2,75000,37500,1000,1000,50000000,37500,0,0,10000,0,0,0,11000,0,0,blocked,0,roce,0,10000,1000,0,0,0,0,equal_remainder_last,ring_next,9,6,1,0,0,37500,24,,roce
176536,0,4,23,0,0,1,inbound_arrival,9,0,0,ring_allreduce,4,150000,0,reduce_scatter,2,112500,37500,1000,1000,50000000,37500,0,0,5000,0,0,0,5000,0,0,blocked,0,roce,0,9000,1000,0,0,0,0,equal_remainder_last,ring_next,0,9,1,0,0,37500,24,,roce
177560,0,12,38,0,3,10,inbound_arrival,6,1000,0,ring_allreduce,4,150000,3,reduce_scatter,2,75000,37500,1000,1000,50000000,37500,0,0,11000,0,0,0,12000,0,0,blocked,0,roce,0,11000,1000,0,0,0,0,equal_remainder_last,ring_next,9,6,1,0,0,37500,24,,roce
184536,0,4,26,0,0,1,inbound_arrival,9,0,0,ring_allreduce,4,150000,0,reduce_scatter,2,112500,37500,1000,1000,50000000,37500,0,0,5000,0,0,0,5000,0,0,blocked,0,roce,0,10000,1000,0,0,0,0,equal_remainder_last,ring_next,0,9,1,0,0,37500,24,,roce
184536,0,6,41,0,1,7,inbound_arrival,3,1000,0,ring_allreduce,4,150000,2,reduce_scatter,2,37500,37500,1000,1000,50000000,37500,0,0,11000,0,0,0,12000,0,0,blocked,0,roce,0,11000,1000,0,0,0,0,equal_remainder_last,ring_next,6,3,1,0,0,37500,24,,roce
185560,0,12,41,0,3,10,inbound_arrival,6,1000,0,ring_allreduce,4,150000,3,reduce_scatter,2,75000,37500,1000,1000,50000000,37500,0,0,12000,0,0,0,13000,0,0,blocked,0,roce,0,12000,1000,0,0,0,0,equal_remainder_last,ring_next,9,6,1,0,0,37500,24,,roce
186072,0,9,32,0,2,4,inbound_arrival,0,0,0,ring_allreduce,4,150000,1,reduce_scatter,2,0,37500,1000,1000,50000000,37500,0,0,6000,0,0,0,6000,0,0,blocked,0,roce,0,13000,1000,0,0,0,0,equal_remainder_last,ring_next,3,0,1,0,0,37500,24,,roce
192536,0,6,44,0,1,7,inbound_arrival,3,1000,0,ring_allreduce,4,150000,2,reduce_scatter,2,37500,37500,1000,1000,50000000,37500,0,0,12000,0,0,0,13000,0,0,blocked,0,roce,0,12000,1000,0,0,0,0,equal_remainder_last,ring_next,6,3,1,0,0,37500,24,,roce
202072,0,12,47,0,3,10,inbound_arrival,6,0,0,ring_allreduce,4,150000,3,reduce_scatter,2,75000,37500,1000,1000,50000000,37500,0,0,13000,0,0,0,13000,0,0,blocked,0,roce,0,14000,1000,0,0,0,0,equal_remainder_last,ring_next,9,6,1,0,0,37500,24,,roce
202584,0,9,35,0,2,4,inbound_arrival,0,0,0,ring_allreduce,4,150000,1,reduce_scatter,2,0,37500,1000,1000,50000000,37500,0,0,6000,0,0,0,6000,0,0,blocked,0,roce,0,15000,1000,0,0,0,0,equal_remainder_last,ring_next,3,0,1,0,0,37500,24,,roce
208536,0,4,29,0,0,1,inbound_arrival,9,0,0,ring_allreduce,4,150000,0,reduce_scatter,2,112500,37500,1000,1000,50000000,37500,0,0,5000,0,0,0,5000,0,0,blocked,0,roce,0,12000,1000,0,0,0,0,equal_remainder_last,ring_next,0,9,1,0,0,37500,24,,roce
208536,0,6,47,0,1,7,inbound_arrival,3,0,0,ring_allreduce,4,150000,2,reduce_scatter,2,37500,37500,1000,1000,50000000,37500,0,0,13000,0,0,0,13000,0,0,blocked,0,roce,0,14000,1000,0,0,0,0,equal_remainder_last,ring_next,6,3,1,0,0,37500,24,,roce
210584,0,9,38,0,2,4,inbound_arrival,0,0,0,ring_allreduce,4,150000,1,reduce_scatter,2,0,37500,1000,1000,50000000,37500,0,0,6000,0,0,0,6000,0,0,blocked,0,roce,0,16000,1000,0,0,0,0,equal_remainder_last,ring_next,3,0,1,0,0,37500,24,,roce
224536,0,4,32,0,0,1,inbound_arrival,9,0,0,ring_allreduce,4,150000,0,reduce_scatter,2,112500,37500,1000,1000,50000000,37500,0,0,5000,0,0,0,5000,0,0,blocked,0,roce,0,14000,1000,0,0,0,0,equal_remainder_last,ring_next,0,9,1,0,0,37500,24,,roce
224536,0,6,50,0,1,7,inbound_arrival,3,0,0,ring_allreduce,4,150000,2,reduce_scatter,2,37500,37500,1000,1000,50000000,37500,0,0,13000,0,0,0,13000,0,0,blocked,0,roce,0,16000,1000,0,0,0,0,equal_remainder_last,ring_next,6,3,1,0,0,37500,24,,roce
226584,0,12,53,0,3,10,inbound_arrival,6,0,0,ring_allreduce,4,150000,3,reduce_scatter,2,75000,37500,1000,1000,50000000,37500,0,0,13000,0,0,0,13000,0,0,blocked,0,roce,0,17000,1000,0,0,0,0,equal_remainder_last,ring_next,9,6,1,0,0,37500,24,,roce
232536,0,6,53,0,1,7,inbound_arrival,3,0,0,ring_allreduce,4,150000,2,reduce_scatter,2,37500,37500,1000,1000,50000000,37500,0,0,13000,0,0,0,13000,0,0,blocked,0,roce,0,17000,1000,0,0,0,0,equal_remainder_last,ring_next,6,3,1,0,0,37500,24,,roce
234584,0,12,56,0,3,10,inbound_arrival,6,0,0,ring_allreduce,4,150000,3,reduce_scatter,2,75000,37500,1000,1000,50000000,37500,0,0,13000,0,0,0,13000,0,0,blocked,0,roce,0,18000,1000,0,0,0,0,equal_remainder_last,ring_next,9,6,1,0,0,37500,24,,roce
240536,0,6,56,0,1,7,inbound_arrival,3,0,0,ring_allreduce,4,150000,2,reduce_scatter,2,37500,37500,1000,1000,50000000,37500,0,0,13000,0,0,0,13000,0,0,blocked,0,roce,0,18000,1000,0,0,0,0,equal_remainder_last,ring_next,6,3,1,0,0,37500,24,,roce
242584,0,12,59,0,3,10,inbound_arrival,6,0,0,ring_allreduce,4,150000,3,reduce_scatter,2,75000,37500,1000,1000,50000000,37500,0,0,13000,0,0,0,13000,0,0,blocked,0,roce,0,19000,1000,0,0,0,0,equal_remainder_last,ring_next,9,6,1,0,0,37500,24,,roce
248536,0,6,59,0,1,7,inbound_arrival,3,0,0,ring_allreduce,4,150000,2,reduce_scatter,2,37500,37500,1000,1000,50000000,37500,0,0,13000,0,0,0,13000,0,0,blocked,0,roce,0,19000,1000,0,0,0,0,equal_remainder_last,ring_next,6,3,1,0,0,37500,24,,roce
251096,0,12,62,0,3,10,inbound_arrival,6,0,0,ring_allreduce,4,150000,3,reduce_scatter,2,75000,37500,1000,1000,50000000,37500,0,0,13000,0,0,0,13000,0,0,blocked,0,roce,0,20000,1000,0,0,0,0,equal_remainder_last,ring_next,9,6,1,0,0,37500,24,,roce
256536,0,6,62,0,1,7,inbound_arrival,3,0,0,ring_allreduce,4,150000,2,reduce_scatter,2,37500,37500,1000,1000,50000000,37500,0,0,13000,0,0,0,13000,0,0,blocked,0,roce,0,20000,1000,0,0,0,0,equal_remainder_last,ring_next,6,3,1,0,0,37500,24,,roce
259096,0,9,44,0,2,4,inbound_arrival,0,0,0,ring_allreduce,4,150000,1,reduce_scatter,2,0,37500,1000,1000,50000000,37500,0,0,6000,0,0,0,6000,0,0,blocked,0,roce,0,21000,1000,0,0,0,0,equal_remainder_last,ring_next,3,0,1,0,0,37500,24,,roce
259096,0,12,65,0,3,10,inbound_arrival,6,0,0,ring_allreduce,4,150000,3,reduce_scatter,2,75000,37500,1000,1000,50000000,37500,0,0,13000,0,0,0,13000,0,0,blocked,0,roce,0,21000,1000,0,0,0,0,equal_remainder_last,ring_next,9,6,1,0,0,37500,24,,roce
264536,0,6,65,0,1,7,inbound_arrival,3,0,0,ring_allreduce,4,150000,2,reduce_scatter,2,37500,37500,1000,1000,50000000,37500,0,0,13000,0,0,0,13000,0,0,blocked,0,roce,0,21000,1000,0,0,0,0,equal_remainder_last,ring_next,6,3,1,0,0,37500,24,,roce
272536,0,6,68,0,1,7,inbound_arrival,3,0,0,ring_allreduce,4,150000,2,reduce_scatter,2,37500,37500,1000,1000,50000000,37500,0,0,13000,0,0,0,13000,0,0,blocked,0,roce,0,22000,1000,0,0,0,0,equal_remainder_last,ring_next,6,3,1,0,0,37500,24,,roce
275096,0,12,68,0,3,10,inbound_arrival,6,0,0,ring_allreduce,4,150000,3,reduce_scatter,2,75000,37500,1000,1000,50000000,37500,0,0,13000,0,0,0,13000,0,0,blocked,0,roce,0,22000,1000,0,0,0,0,equal_remainder_last,ring_next,9,6,1,0,0,37500,24,,roce
280536,0,6,71,0,1,7,inbound_arrival,3,0,0,ring_allreduce,4,150000,2,reduce_scatter,2,37500,37500,1000,1000,50000000,37500,0,0,13000,0,0,0,13000,0,0,blocked,0,roce,0,23000,1000,0,0,0,0,equal_remainder_last,ring_next,6,3,1,0,0,37500,24,,roce
283096,0,12,71,0,3,10,inbound_arrival,6,0,0,ring_allreduce,4,150000,3,reduce_scatter,2,75000,37500,1000,1000,50000000,37500,0,0,13000,0,0,0,13000,0,0,blocked,0,roce,0,23000,1000,0,0,0,0,equal_remainder_last,ring_next,9,6,1,0,0,37500,24,,roce
288536,0,6,74,0,1,7,inbound_arrival,3,0,0,ring_allreduce,4,150000,2,reduce_scatter,2,37500,37500,1000,1000,50000000,37500,0,0,13000,0,0,0,13000,0,0,blocked,0,roce,0,24000,1000,0,0,0,0,equal_remainder_last,ring_next,6,3,1,0,0,37500,24,,roce
291096,0,12,74,0,3,10,inbound_arrival,6,0,0,ring_allreduce,4,150000,3,reduce_scatter,2,75000,37500,1000,1000,50000000,37500,0,0,13000,0,0,0,13000,0,0,blocked,0,roce,0,24000,1000,0,0,0,0,equal_remainder_last,ring_next,9,6,1,0,0,37500,24,,roce
296536,0,6,77,0,1,7,inbound_arrival,3,0,0,ring_allreduce,4,150000,2,reduce_scatter,2,37500,37500,1000,1000,50000000,37500,0,0,13000,0,0,0,13000,0,0,blocked,0,roce,0,25000,1000,0,0,0,0,equal_remainder_last,ring_next,6,3,1,0,0,37500,24,,roce
299096,0,12,77,0,3,10,inbound_arrival,6,0,0,ring_allreduce,4,150000,3,reduce_scatter,2,75000,37500,1000,1000,50000000,37500,0,0,13000,0,0,0,13000,0,0,blocked,0,roce,0,25000,1000,0,0,0,0,equal_remainder_last,ring_next,9,6,1,0,0,37500,24,,roce
304536,0,6,80,0,1,7,inbound_arrival,3,0,0,ring_allreduce,4,150000,2,reduce_scatter,2,37500,37500,1000,1000,50000000,37500,0,0,13000,0,0,0,13000,0,0,blocked,0,roce,0,26000,1000,0,0,0,0,equal_remainder_last,ring_next,6,3,1,0,0,37500,24,,roce
307096,0,9,47,0,2,4,inbound_arrival,0,0,0,ring_allreduce,4,150000,1,reduce_scatter,2,0,37500,1000,1000,50000000,37500,0,0,6000,0,0,0,6000,0,0,blocked,0,roce,0,26000,1000,0,0,0,0,equal_remainder_last,ring_next,3,0,1,0,0,37500,24,,roce
307096,0,12,80,0,3,10,inbound_arrival,6,0,0,ring_allreduce,4,150000,3,reduce_scatter,2,75000,37500,1000,1000,50000000,37500,0,0,13000,0,0,0,13000,0,0,blocked,0,roce,0,26000,1000,0,0,0,0,equal_remainder_last,ring_next,9,6,1,0,0,37500,24,,roce
312536,0,6,83,0,1,7,inbound_arrival,3,0,0,ring_allreduce,4,150000,2,reduce_scatter,2,37500,37500,1000,1000,50000000,37500,0,0,13000,0,0,0,13000,0,0,blocked,0,roce,0,27000,1000,0,0,0,0,equal_remainder_last,ring_next,6,3,1,0,0,37500,24,,roce
320536,0,6,86,0,1,7,inbound_arrival,3,0,0,ring_allreduce,4,150000,2,reduce_scatter,2,37500,37500,1000,1000,50000000,37500,0,0,13000,0,0,0,13000,0,0,blocked,0,roce,0,28000,1000,0,0,0,0,equal_remainder_last,ring_next,6,3,1,0,0,37500,24,,roce
323096,0,12,83,0,3,10,inbound_arrival,6,0,0,ring_allreduce,4,150000,3,reduce_scatter,2,75000,37500,1000,1000,50000000,37500,0,0,13000,0,0,0,13000,0,0,blocked,0,roce,0,27000,1000,0,0,0,0,equal_remainder_last,ring_next,9,6,1,0,0,37500,24,,roce
328536,0,6,89,0,1,7,inbound_arrival,3,0,0,ring_allreduce,4,150000,2,reduce_scatter,2,37500,37500,1000,1000,50000000,37500,0,0,13000,0,0,0,13000,0,0,blocked,0,roce,0,29000,1000,0,0,0,0,equal_remainder_last,ring_next,6,3,1,0,0,37500,24,,roce
331096,0,12,86,0,3,10,inbound_arrival,6,0,0,ring_allreduce,4,150000,3,reduce_scatter,2,75000,37500,1000,1000,50000000,37500,0,0,13000,0,0,0,13000,0,0,blocked,0,roce,0,28000,1000,0,0,0,0,equal_remainder_last,ring_next,9,6,1,0,0,37500,24,,roce
336536,0,6,92,0,1,7,inbound_arrival,3,0,0,ring_allreduce,4,150000,2,reduce_scatter,2,37500,37500,1000,1000,50000000,37500,0,0,13000,0,0,0,13000,0,0,blocked,0,roce,0,30000,1000,0,0,0,0,equal_remainder_last,ring_next,6,3,1,0,0,37500,24,,roce
339096,0,12,89,0,3,10,inbound_arrival,6,0,0,ring_allreduce,4,150000,3,reduce_scatter,2,75000,37500,1000,1000,50000000,37500,0,0,13000,0,0,0,13000,0,0,blocked,0,roce,0,29000,1000,0,0,0,0,equal_remainder_last,ring_next,9,6,1,0,0,37500,24,,roce
344536,0,6,95,0,1,7,inbound_arrival,3,0,0,ring_allreduce,4,150000,2,reduce_scatter,2,37500,37500,1000,1000,50000000,37500,0,0,13000,0,0,0,13000,0,0,blocked,0,roce,0,31000,1000,0,0,0,0,equal_remainder_last,ring_next,6,3,1,0,0,37500,24,,roce
347096,0,12,92,0,3,10,inbound_arrival,6,0,0,ring_allreduce,4,150000,3,reduce_scatter,2,75000,37500,1000,1000,50000000,37500,0,0,13000,0,0,0,13000,0,0,blocked,0,roce,0,30000,1000,0,0,0,0,equal_remainder_last,ring_next,9,6,1,0,0,37500,24,,roce
352536,0,6,98,0,1,7,inbound_arrival,3,0,0,ring_allreduce,4,150000,2,reduce_scatter,2,37500,37500,1000,1000,50000000,37500,0,0,13000,0,0,0,13000,0,0,blocked,0,roce,0,32000,1000,0,0,0,0,equal_remainder_last,ring_next,6,3,1,0,0,37500,24,,roce
355096,0,12,95,0,3,10,inbound_arrival,6,0,0,ring_allreduce,4,150000,3,reduce_scatter,2,75000,37500,1000,1000,50000000,37500,0,0,13000,0,0,0,13000,0,0,blocked,0,roce,0,31000,1000,0,0,0,0,equal_remainder_last,ring_next,9,6,1,0,0,37500,24,,roce
360536,0,6,101,0,1,7,inbound_arrival,3,0,0,ring_allreduce,4,150000,2,reduce_scatter,2,37500,37500,1000,1000,50000000,37500,0,0,13000,0,0,0,13000,0,0,blocked,0,roce,0,33000,1000,0,0,0,0,equal_remainder_last,ring_next,6,3,1,0,0,37500,24,,roce
363096,0,12,98,0,3,10,inbound_arrival,6,0,0,ring_allreduce,4,150000,3,reduce_scatter,2,75000,37500,1000,1000,50000000,37500,0,0,13000,0,0,0,13000,0,0,blocked,0,roce,0,32000,1000,0,0,0,0,equal_remainder_last,ring_next,9,6,1,0,0,37500,24,,roce
368536,0,6,104,0,1,7,inbound_arrival,3,0,0,ring_allreduce,4,150000,2,reduce_scatter,2,37500,37500,1000,1000,50000000,37500,0,0,13000,0,0,0,13000,0,0,blocked,0,roce,0,34000,1000,0,0,0,0,equal_remainder_last,ring_next,6,3,1,0,0,37500,24,,roce
371096,0,12,101,0,3,10,inbound_arrival,6,0,0,ring_allreduce,4,150000,3,reduce_scatter,2,75000,37500,1000,1000,50000000,37500,0,0,13000,0,0,0,13000,0,0,blocked,0,roce,0,33000,1000,0,0,0,0,equal_remainder_last,ring_next,9,6,1,0,0,37500,24,,roce
376536,0,6,107,0,1,7,inbound_arrival,3,0,0,ring_allreduce,4,150000,2,reduce_scatter,2,37500,37500,1000,1000,50000000,37500,0,0,13000,0,0,0,13000,0,0,blocked,0,roce,0,35000,1000,0,0,0,0,equal_remainder_last,ring_next,6,3,1,0,0,37500,24,,roce
379096,0,12,104,0,3,10,inbound_arrival,6,0,0,ring_allreduce,4,150000,3,reduce_scatter,2,75000,37500,1000,1000,50000000,37500,0,0,13000,0,0,0,13000,0,0,blocked,0,roce,0,34000,1000,0,0,0,0,equal_remainder_last,ring_next,9,6,1,0,0,37500,24,,roce
384536,0,6,110,0,1,7,inbound_arrival,3,0,0,ring_allreduce,4,150000,2,reduce_scatter,2,37500,37500,1000,1000,50000000,37500,0,0,13000,0,0,0,13000,0,0,blocked,0,roce,0,36000,1000,0,0,0,0,equal_remainder_last,ring_next,6,3,1,0,0,37500,24,,roce
387096,0,9,50,0,2,4,inbound_arrival,0,0,0,ring_allreduce,4,150000,1,reduce_scatter,2,0,37500,1000,1000,50000000,37500,0,0,6000,0,0,0,6000,0,0,blocked,0,roce,0,37000,500,0,0,0,0,equal_remainder_last,ring_next,3,0,1,0,0,37500,24,,roce
387096,0,12,107,0,3,10,inbound_arrival,6,0,0,ring_allreduce,4,150000,3,reduce_scatter,2,75000,37500,1000,1000,50000000,37500,0,0,13000,0,0,0,13000,0,0,blocked,0,roce,0,35000,1000,0,0,0,0,equal_remainder_last,ring_next,9,6,1,0,0,37500,24,,roce
395096,0,12,110,0,3,10,inbound_arrival,6,0,0,ring_allreduce,4,150000,3,reduce_scatter,2,75000,37500,1000,1000,50000000,37500,0,0,13000,0,0,0,13000,0,0,blocked,0,roce,0,36000,1000,0,0,0,0,equal_remainder_last,ring_next,9,6,1,0,0,37500,24,,roce
400536,0,4,35,0,0,1,inbound_arrival,9,0,0,ring_allreduce,4,150000,0,reduce_scatter,2,112500,37500,1000,1000,50000000,37500,0,0,5000,0,0,0,5000,0,0,blocked,0,roce,0,36000,1000,0,0,0,0,equal_remainder_last,ring_next,0,9,1,0,0,37500,24,,roce
404536,0,4,38,0,0,1,inbound_arrival,9,0,0,ring_allreduce,4,150000,0,reduce_scatter,2,112500,37500,1000,1000,50000000,37500,0,0,5000,0,0,0,5000,0,0,blocked,0,roce,0,37000,500,0,0,0,0,equal_remainder_last,ring_next,0,9,1,0,0,37500,24,,roce
1145000,0,9,53,0,2,4,inbound_arrival,0,0,0,ring_allreduce,4,150000,1,reduce_scatter,2,0,37500,1000,1000,50000000,37500,0,0,6000,0,0,0,6000,0,0,blocked,0,roce,0,1000,1000,0,0,0,0,equal_remainder_last,ring_next,3,0,1,0,0,37500,24,,roce
1145000,0,12,113,0,3,10,inbound_arrival,6,0,0,ring_allreduce,4,150000,3,reduce_scatter,2,75000,37500,1000,1000,50000000,37500,0,0,13000,0,0,0,13000,0,0,blocked,0,roce,0,2000,1000,0,0,0,0,equal_remainder_last,ring_next,9,6,1,0,0,37500,24,,roce
1161000,0,9,56,0,2,4,inbound_arrival,0,0,0,ring_allreduce,4,150000,1,reduce_scatter,2,0,37500,1000,1000,50000000,37500,0,0,6000,0,0,0,6000,0,0,blocked,0,roce,0,2000,1000,0,0,0,0,equal_remainder_last,ring_next,3,0,1,0,0,37500,24,,roce
1161000,0,12,116,0,3,10,inbound_arrival,6,0,0,ring_allreduce,4,150000,3,reduce_scatter,2,75000,37500,1000,1000,50000000,37500,0,0,13000,0,0,0,13000,0,0,blocked,0,roce,0,3000,1000,0,0,0,0,equal_remainder_last,ring_next,9,6,1,0,0,37500,24,,roce
1177000,0,9,59,0,2,4,inbound_arrival,0,0,0,ring_allreduce,4,150000,1,reduce_scatter,2,0,37500,1000,1000,50000000,37500,0,0,6000,0,0,0,6000,0,0,blocked,0,roce,0,3000,1000,0,0,0,0,equal_remainder_last,ring_next,3,0,1,0,0,37500,24,,roce
1177000,0,12,119,0,3,10,inbound_arrival,6,0,0,ring_allreduce,4,150000,3,reduce_scatter,2,75000,37500,1000,1000,50000000,37500,0,0,13000,0,0,0,13000,0,0,blocked,0,roce,0,4000,1000,0,0,0,0,equal_remainder_last,ring_next,9,6,1,0,0,37500,24,,roce
1193000,0,9,62,0,2,4,inbound_arrival,0,0,0,ring_allreduce,4,150000,1,reduce_scatter,2,0,37500,1000,1000,50000000,37500,0,0,6000,0,0,0,6000,0,0,blocked,0,roce,0,4000,1000,0,0,0,0,equal_remainder_last,ring_next,3,0,1,0,0,37500,24,,roce
1193000,0,12,122,0,3,10,inbound_arrival,6,0,0,ring_allreduce,4,150000,3,reduce_scatter,2,75000,37500,1000,1000,50000000,37500,0,0,13000,0,0,0,13000,0,0,blocked,0,roce,0,5000,1000,0,0,0,0,equal_remainder_last,ring_next,9,6,1,0,0,37500,24,,roce
1209000,0,9,65,0,2,4,inbound_arrival,0,0,0,ring_allreduce,4,150000,1,reduce_scatter,2,0,37500,1000,1000,50000000,37500,0,0,6000,0,0,0,6000,0,0,blocked,0,roce,0,5000,1000,0,0,0,0,equal_remainder_last,ring_next,3,0,1,0,0,37500,24,,roce
1209000,0,12,125,0,3,10,inbound_arrival,6,0,0,ring_allreduce,4,150000,3,reduce_scatter,2,75000,37500,1000,1000,50000000,37500,0,0,13000,0,0,0,13000,0,0,blocked,0,roce,0,6000,1000,0,0,0,0,equal_remainder_last,ring_next,9,6,1,0,0,37500,24,,roce
1225000,0,9,68,0,2,4,inbound_arrival,0,1000,0,ring_allreduce,4,150000,1,reduce_scatter,2,0,37500,1000,1000,50000000,37500,0,0,6000,0,0,0,7000,0,0,blocked,0,roce,0,6000,1000,0,0,0,0,equal_remainder_last,ring_next,3,0,1,0,0,37500,24,,roce
1225000,0,12,128,0,3,10,inbound_arrival,6,1000,0,ring_allreduce,4,150000,3,reduce_scatter,2,75000,37500,1000,1000,50000000,37500,0,0,13000,0,0,0,14000,0,0,blocked,0,roce,0,13000,1000,0,0,0,0,equal_remainder_last,ring_next,9,6,1,0,0,37500,24,,roce
1241000,0,9,71,0,2,4,inbound_arrival,0,1000,0,ring_allreduce,4,150000,1,reduce_scatter,2,0,37500,1000,1000,50000000,37500,0,0,7000,0,0,0,8000,0,0,blocked,0,roce,0,7000,1000,0,0,0,0,equal_remainder_last,ring_next,3,0,1,0,0,37500,24,,roce
1241000,0,12,131,0,3,10,inbound_arrival,6,1000,0,ring_allreduce,4,150000,3,reduce_scatter,2,75000,37500,1000,1000,50000000,37500,0,0,14000,0,0,0,15000,0,0,blocked,0,roce,0,14000,1000,0,0,0,0,equal_remainder_last,ring_next,9,6,1,0,0,37500,24,,roce
1250024,0,4,59,0,0,1,inbound_arrival,9,1000,0,ring_allreduce,4,150000,0,reduce_scatter,2,112500,37500,1000,1000,50000000,37500,0,0,5000,0,0,0,6000,0,0,blocked,0,roce,0,5000,1000,0,0,0,0,equal_remainder_last,ring_next,0,9,1,0,0,37500,24,,roce
1257000,0,9,74,0,2,4,inbound_arrival,0,1000,0,ring_allreduce,4,150000,1,reduce_scatter,2,0,37500,1000,1000,50000000,37500,0,0,8000,0,0,0,9000,0,0,blocked,0,roce,0,8000,1000,0,0,0,0,equal_remainder_last,ring_next,3,0,1,0,0,37500,24,,roce
1257000,0,12,134,0,3,10,inbound_arrival,6,1000,0,ring_allreduce,4,150000,3,reduce_scatter,2,75000,37500,1000,1000,50000000,37500,0,0,15000,0,0,0,16000,0,0,blocked,0,roce,0,15000,1000,0,0,0,0,equal_remainder_last,ring_next,9,6,1,0,0,37500,24,,roce
1258024,0,4,62,0,0,1,inbound_arrival,9,1000,0,ring_allreduce,4,150000,0,reduce_scatter,2,112500,37500,1000,1000,50000000,37500,0,0,6000,0,0,0,7000,0,0,blocked,0,roce,0,6000,1000,0,0,0,0,equal_remainder_last,ring_next,0,9,1,0,0,37500,24,,roce
1265000,0,9,77,0,2,4,inbound_arrival,0,1000,0,ring_allreduce,4,150000,1,reduce_scatter,2,0,37500,1000,1000,50000000,37500,0,0,9000,0,0,0,10000,0,0,blocked,0,roce,0,9000,1000,0,0,0,0,equal_remainder_last,ring_next,3,0,1,0,0,37500,24,,roce
1266536,0,4,65,0,0,1,inbound_arrival,9,1000,0,ring_allreduce,4,150000,0,reduce_scatter,2,112500,37500,1000,1000,50000000,37500,0,0,7000,0,0,0,8000,0,0,blocked,0,roce,0,7000,1000,0,0,0,0,equal_remainder_last,ring_next,0,9,1,0,0,37500,24,,roce
1266536,0,6,131,0,1,7,inbound_arrival,3,0,0,ring_allreduce,4,150000,2,reduce_scatter,2,37500,37500,1000,1000,50000000,37500,0,0,13000,0,0,0,13000,0,0,blocked,0,roce,0,11000,1000,0,0,0,0,equal_remainder_last,ring_next,6,3,1,0,0,37500,24,,roce
1273000,0,9,80,0,2,4,inbound_arrival,0,1000,0,ring_allreduce,4,150000,1,reduce_scatter,2,0,37500,1000,1000,50000000,37500,0,0,10000,0,0,0,11000,0,0,blocked,0,roce,0,10000,1000,0,0,0,0,equal_remainder_last,ring_next,3,0,1,0,0,37500,24,,roce
1281000,0,9,83,0,2,4,inbound_arrival,0,1000,0,ring_allreduce,4,150000,1,reduce_scatter,2,0,37500,1000,1000,50000000,37500,0,0,11000,0,0,0,12000,0,0,blocked,0,roce,0,11000,1000,0,0,0,0,equal_remainder_last,ring_next,3,0,1,0,0,37500,24,,roce
1283048,0,4,71,0,0,1,inbound_arrival,9,1000,0,ring_allreduce,4,150000,0,reduce_scatter,2,112500,37500,1000,1000,50000000,37500,0,0,8000,0,0,0,9000,0,0,blocked,0,roce,0,8000,1000,0,0,0,0,equal_remainder_last,ring_next,0,9,1,0,0,37500,24,,roce
1283560,0,6,137,0,1,7,inbound_arrival,3,0,0,ring_allreduce,4,150000,2,reduce_scatter,2,37500,37500,1000,1000,50000000,37500,0,0,13000,0,0,0,13000,0,0,blocked,0,roce,0,12000,1000,0,0,0,0,equal_remainder_last,ring_next,6,3,1,0,0,37500,24,,roce
1289000,0,9,86,0,2,4,inbound_arrival,0,1000,0,ring_allreduce,4,150000,1,reduce_scatter,2,0,37500,1000,1000,50000000,37500,0,0,12000,0,0,0,13000,0,0,blocked,0,roce,0,12000,1000,0,0,0,0,equal_remainder_last,ring_next,3,0,1,0,0,37500,24,,roce
1297000,0,9,89,0,2,4,inbound_arrival,0,1000,0,ring_allreduce,4,150000,1,reduce_scatter,2,0,37500,1000,1000,50000000,37500,0,0,13000,0,0,0,14000,0,0,blocked,0,roce,0,13000,1000,0,0,0,0,equal_remainder_last,ring_next,3,0,1,0,0,37500,24,,roce
1299560,0,4,74,0,0,1,inbound_arrival,9,1000,0,ring_allreduce,4,150000,0,reduce_scatter,2,112500,37500,1000,1000,50000000,37500,0,0,9000,0,0,0,10000,0,0,blocked,0,roce,0,9000,1000,0,0,0,0,equal_remainder_last,ring_next,0,9,1,0,0,37500,24,,roce
1299560,0,6,140,0,1,7,inbound_arrival,3,1000,0,ring_allreduce,4,150000,2,reduce_scatter,2,37500,37500,1000,1000,50000000,37500,0,0,13000,0,0,0,14000,0,0,blocked,0,roce,0,13000,1000,0,0,0,0,equal_remainder_last,ring_next,6,3,1,0,0,37500,24,,roce
1305000,0,9,92,0,2,4,inbound_arrival,0,1000,0,ring_allreduce,4,150000,1,reduce_scatter,2,0,37500,1000,1000,50000000,37500,0,0,14000,0,0,0,15000,0,0,blocked,0,roce,0,14000,1000,0,0,0,0,equal_remainder_last,ring_next,3,0,1,0,0,37500,24,,roce
1313000,0,9,95,0,2,4,inbound_arrival,0,1000,0,ring_allreduce,4,150000,1,reduce_scatter,2,0,37500,1000,1000,50000000,37500,0,0,15000,0,0,0,16000,0,0,blocked,0,roce,0,15000,1000,0,0,0,0,equal_remainder_last,ring_next,3,0,1,0,0,37500,24,,roce
1316072,0,4,80,0,0,1,inbound_arrival,9,1000,0,ring_allreduce,4,150000,0,reduce_scatter,2,112500,37500,1000,1000,50000000,37500,0,0,10000,0,0,0,11000,0,0,blocked,0,roce,0,10000,1000,0,0,0,0,equal_remainder_last,ring_next,0,9,1,0,0,37500,24,,roce
1316584,0,6,146,0,1,7,inbound_arrival,3,1000,0,ring_allreduce,4,150000,2,reduce_scatter,2,37500,37500,1000,1000,50000000,37500,0,0,14000,0,0,0,15000,0,0,blocked,0,roce,0,14000,1000,0,0,0,0,equal_remainder_last,ring_next,6,3,1,0,0,37500,24,,roce
1321000,0,9,98,0,2,4,inbound_arrival,0,1000,0,ring_allreduce,4,150000,1,reduce_scatter,2,0,37500,1000,1000,50000000,37500,0,0,16000,0,0,0,17000,0,0,blocked,0,roce,0,16000,1000,0,0,0,0,equal_remainder_last,ring_next,3,0,1,0,0,37500,24,,roce
1329000,0,9,101,0,2,4,inbound_arrival,0,1000,0,ring_allreduce,4,150000,1,reduce_scatter,2,0,37500,1000,1000,50000000,37500,0,0,17000,0,0,0,18000,0,0,blocked,0,roce,0,17000,1000,0,0,0,0,equal_remainder_last,ring_next,3,0,1,0,0,37500,24,,roce
1333096,0,4,86,0,0,1,inbound_arrival,9,1000,0,ring_allreduce,4,150000,0,reduce_scatter,2,112500,37500,1000,1000,50000000,37500,0,0,11000,0,0,0,12000,0,0,blocked,0,roce,0,11000,1000,0,0,0,0,equal_remainder_last,ring_next,0,9,1,0,0,37500,24,,roce
1333096,0,6,149,0,1,7,inbound_arrival,3,1000,0,ring_allreduce,4,150000,2,reduce_scatter,2,37500,37500,1000,1000,50000000,37500,0,0,15000,0,0,0,16000,0,0,blocked,0,roce,0,15000,1000,0,0,0,0,equal_remainder_last,ring_next,6,3,1,0,0,37500,24,,roce
1337000,0,9,104,0,2,4,inbound_arrival,0,1000,0,ring_allreduce,4,150000,1,reduce_scatter,2,0,37500,1000,1000,50000000,37500,0,0,18000,0,0,0,19000,0,0,blocked,0,roce,0,18000,1000,0,0,0,0,equal_remainder_last,ring_next,3,0,1,0,0,37500,24,,roce
1341096,0,6,152,0,1,7,inbound_arrival,3,1000,0,ring_allreduce,4,150000,2,reduce_scatter,2,37500,37500,1000,1000,50000000,37500,0,0,16000,0,0,0,17000,0,0,blocked,0,roce,0,16000,1000,0,0,0,0,equal_remainder_last,ring_next,6,3,1,0,0,37500,24,,roce
1345000,0,9,107,0,2,4,inbound_arrival,0,1000,0,ring_allreduce,4,150000,1,reduce_scatter,2,0,37500,1000,1000,50000000,37500,0,0,19000,0,0,0,20000,0,0,blocked,0,roce,0,19000,1000,0,0,0,0,equal_remainder_last,ring_next,3,0,1,0,0,37500,24,,roce
1349096,0,6,155,0,1,7,inbound_arrival,3,1000,0,ring_allreduce,4,150000,2,reduce_scatter,2,37500,37500,1000,1000,50000000,37500,0,0,17000,0,0,0,18000,0,0,blocked,0,roce,0,17000,1000,0,0,0,0,equal_remainder_last,ring_next,6,3,1,0,0,37500,24,,roce
1357608,0,6,158,0,1,7,inbound_arrival,3,1000,0,ring_allreduce,4,150000,2,reduce_scatter,2,37500,37500,1000,1000,50000000,37500,0,0,18000,0,0,0,19000,0,0,blocked,0,roce,0,18000,1000,0,0,0,0,equal_remainder_last,ring_next,6,3,1,0,0,37500,24,,roce
1361512,0,12,137,0,3,10,inbound_arrival,6,0,0,ring_allreduce,4,150000,3,reduce_scatter,2,75000,37500,1000,1000,50000000,37500,0,0,16000,0,0,0,16000,0,0,blocked,0,roce,0,28000,1000,0,0,0,0,equal_remainder_last,ring_next,9,6,1,0,0,37500,24,,roce
1366120,0,6,161,0,1,7,inbound_arrival,3,1000,0,ring_allreduce,4,150000,2,reduce_scatter,2,37500,37500,1000,1000,50000000,37500,0,0,19000,0,0,0,20000,0,0,blocked,0,roce,0,19000,1000,0,0,0,0,equal_remainder_last,ring_next,6,3,1,0,0,37500,24,,roce
1369512,0,12,140,0,3,10,inbound_arrival,6,0,0,ring_allreduce,4,150000,3,reduce_scatter,2,75000,37500,1000,1000,50000000,37500,0,0,16000,0,0,0,16000,0,0,blocked,0,roce,0,29000,1000,0,0,0,0,equal_remainder_last,ring_next,9,6,1,0,0,37500,24,,roce
1370024,0,9,113,0,2,4,inbound_arrival,0,0,0,ring_allreduce,4,150000,1,reduce_scatter,2,0,37500,1000,1000,50000000,37500,0,0,20000,0,0,0,20000,0,0,blocked,0,roce,0,23000,1000,0,0,0,0,equal_remainder_last,ring_next,3,0,1,0,0,37500,24,,roce
1374632,0,6,164,0,1,7,inbound_arrival,3,1000,0,ring_allreduce,4,150000,2,reduce_scatter,2,37500,37500,1000,1000,50000000,37500,0,0,20000,0,0,0,21000,0,0,blocked,0,roce,0,20000,1000,0,0,0,0,equal_remainder_last,ring_next,6,3,1,0,0,37500,24,,roce
1378024,0,9,116,0,2,4,inbound_arrival,0,0,0,ring_allreduce,4,150000,1,reduce_scatter,2,0,37500,1000,1000,50000000,37500,0,0,20000,0,0,0,20000,0,0,blocked,0,roce,0,24000,1000,0,0,0,0,equal_remainder_last,ring_next,3,0,1,0,0,37500,24,,roce
1382632,0,6,167,0,1,7,inbound_arrival,3,1000,0,ring_allreduce,4,150000,2,reduce_scatter,2,37500,37500,1000,1000,50000000,37500,0,0,21000,0,0,0,22000,0,0,blocked,0,roce,0,21000,1000,0,0,0,0,equal_remainder_last,ring_next,6,3,1,0,0,37500,24,,roce
1386024,0,9,119,0,2,4,inbound_arrival,0,0,0,ring_allreduce,4,150000,1,reduce_scatter,2,0,37500,1000,1000,50000000,37500,0,0,20000,0,0,0,20000,0,0,blocked,0,roce,0,25000,1000,0,0,0,0,equal_remainder_last,ring_next,3,0,1,0,0,37500,24,,roce
1390632,0,6,170,0,1,7,inbound_arrival,3,1000,0,ring_allreduce,4,150000,2,reduce_scatter,2,37500,37500,1000,1000,50000000,37500,0,0,22000,0,0,0,23000,0,0,blocked,0,roce,0,22000,1000,0,0,0,0,equal_remainder_last,ring_next,6,3,1,0,0,37500,24,,roce
1398632,0,6,173,0,1,7,inbound_arrival,3,1000,0,ring_allreduce,4,150000,2,reduce_scatter,2,37500,37500,1000,1000,50000000,37500,0,0,23000,0,0,0,24000,0,0,blocked,0,roce,0,23000,1000,0,0,0,0,equal_remainder_last,ring_next,6,3,1,0,0,37500,24,,roce
1402536,0,12,146,0,3,10,inbound_arrival,6,0,0,ring_allreduce,4,150000,3,reduce_scatter,2,75000,37500,1000,1000,50000000,37500,0,0,16000,0,0,0,16000,0,0,blocked,0,roce,0,34000,1000,0,0,0,0,equal_remainder_last,ring_next,9,6,1,0,0,37500,24,,roce
1407144,0,6,176,0,1,7,inbound_arrival,3,1000,0,ring_allreduce,4,150000,2,reduce_scatter,2,37500,37500,1000,1000,50000000,37500,0,0,24000,0,0,0,25000,0,0,blocked,0,roce,0,24000,1000,0,0,0,0,equal_remainder_last,ring_next,6,3,1,0,0,37500,24,,roce
1411560,0,12,149,0,3,10,inbound_arrival,6,0,0,ring_allreduce,4,150000,3,reduce_scatter,2,75000,37500,1000,1000,50000000,37500,0,0,16000,0,0,0,16000,0,0,blocked,0,roce,0,35000,1000,0,0,0,0,equal_remainder_last,ring_next,9,6,1,0,0,37500,24,,roce
1412072,0,9,134,0,2,4,inbound_arrival,0,0,0,ring_allreduce,4,150000,1,reduce_scatter,2,0,37500,1000,1000,50000000,37500,0,0,20000,0,0,0,20000,0,0,blocked,0,roce,0,27000,1000,0,0,0,0,equal_remainder_last,ring_next,3,0,1,0,0,37500,24,,roce
1415656,0,6,179,0,1,7,inbound_arrival,3,1000,0,ring_allreduce,4,150000,2,reduce_scatter,2,37500,37500,1000,1000,50000000,37500,0,0,25000,0,0,0,26000,0,0,blocked,0,roce,0,25000,1000,0,0,0,0,equal_remainder_last,ring_next,6,3,1,0,0,37500,24,,roce
1428072,0,12,152,0,3,10,inbound_arrival,6,0,0,ring_allreduce,4,150000,3,reduce_scatter,2,75000,37500,1000,1000,50000000,37500,0,0,16000,0,0,0,16000,0,0,blocked,0,roce,0,36000,1000,0,0,0,0,equal_remainder_last,ring_next,9,6,1,0,0,37500,24,,roce
1431656,0,4,104,0,0,1,inbound_arrival,9,0,0,ring_allreduce,4,150000,0,reduce_scatter,2,112500,37500,1000,1000,50000000,37500,0,0,12000,0,0,0,12000,0,0,blocked,0,roce,0,22000,1000,0,0,0,0,equal_remainder_last,ring_next,0,9,1,0,0,37500,24,,roce
1431656,0,6,182,0,1,7,inbound_arrival,3,1000,0,ring_allreduce,4,150000,2,reduce_scatter,2,37500,37500,1000,1000,50000000,37500,0,0,26000,0,0,0,27000,0,0,blocked,0,roce,0,26000,1000,0,0,0,0,equal_remainder_last,ring_next,6,3,1,0,0,37500,24,,roce
1439656,0,6,185,0,1,7,inbound_arrival,3,1000,0,ring_allreduce,4,150000,2,reduce_scatter,2,37500,37500,1000,1000,50000000,37500,0,0,27000,0,0,0,28000,0,0,blocked,0,roce,0,27000,1000,0,0,0,0,equal_remainder_last,ring_next,6,3,1,0,0,37500,24,,roce
1447656,0,6,188,0,1,7,inbound_arrival,3,1000,0,ring_allreduce,4,150000,2,reduce_scatter,2,37500,37500,1000,1000,50000000,37500,0,0,28000,0,0,0,29000,0,0,blocked,0,roce,0,28000,1000,0,0,0,0,equal_remainder_last,ring_next,6,3,1,0,0,37500,24,,roce
1455656,0,6,191,0,1,7,inbound_arrival,3,1000,0,ring_allreduce,4,150000,2,reduce_scatter,2,37500,37500,1000,1000,50000000,37500,0,0,29000,0,0,0,30000,0,0,blocked,0,roce,0,29000,1000,0,0,0,0,equal_remainder_last,ring_next,6,3,1,0,0,37500,24,,roce
1471656,0,4,107,0,0,1,inbound_arrival,9,0,0,ring_allreduce,4,150000,0,reduce_scatter,2,112500,37500,1000,1000,50000000,37500,0,0,12000,0,0,0,12000,0,0,blocked,0,roce,0,26000,1000,0,0,0,0,equal_remainder_last,ring_next,0,9,1,0,0,37500,24,,roce
1471656,0,6,194,0,1,7,inbound_arrival,3,1000,0,ring_allreduce,4,150000,2,reduce_scatter,2,37500,37500,1000,1000,50000000,37500,0,0,30000,0,0,0,31000,0,0,blocked,0,roce,0,30000,1000,0,0,0,0,equal_remainder_last,ring_next,6,3,1,0,0,37500,24,,roce
1487656,0,4,110,0,0,1,inbound_arrival,9,0,0,ring_allreduce,4,150000,0,reduce_scatter,2,112500,37500,1000,1000,50000000,37500,0,0,12000,0,0,0,12000,0,0,blocked,0,roce,0,27000,1000,0,0,0,0,equal_remainder_last,ring_next,0,9,1,0,0,37500,24,,roce
1487656,0,6,197,0,1,7,inbound_arrival,3,1000,0,ring_allreduce,4,150000,2,reduce_scatter,2,37500,37500,1000,1000,50000000,37500,0,0,31000,0,0,0,32000,0,0,blocked,0,roce,0,31000,1000,0,0,0,0,equal_remainder_last,ring_next,6,3,1,0,0,37500,24,,roce
1492000,0,9,167,0,2,4,inbound_arrival,0,0,0,ring_allreduce,4,150000,1,reduce_scatter,2,0,37500,1000,1000,50000000,37500,0,0,20000,0,0,0,20000,0,0,blocked,0,roce,0,28000,1000,0,0,0,0,equal_remainder_last,ring_next,3,0,1,0,0,37500,24,,roce
1503656,0,4,113,0,0,1,inbound_arrival,9,0,0,ring_allreduce,4,150000,0,reduce_scatter,2,112500,37500,1000,1000,50000000,37500,0,0,12000,0,0,0,12000,0,0,blocked,0,roce,0,29000,1000,0,0,0,0,equal_remainder_last,ring_next,0,9,1,0,0,37500,24,,roce
1503656,0,6,200,0,1,7,inbound_arrival,3,1000,0,ring_allreduce,4,150000,2,reduce_scatter,2,37500,37500,1000,1000,50000000,37500,0,0,32000,0,0,0,33000,0,0,blocked,0,roce,0,32000,1000,0,0,0,0,equal_remainder_last,ring_next,6,3,1,0,0,37500,24,,roce
1508000,0,9,173,0,2,4,inbound_arrival,0,0,0,ring_allreduce,4,150000,1,reduce_scatter,2,0,37500,1000,1000,50000000,37500,0,0,20000,0,0,0,20000,0,0,blocked,0,roce,0,29000,1000,0,0,0,0,equal_remainder_last,ring_next,3,0,1,0,0,37500,24,,roce
1519656,0,4,116,0,0,1,inbound_arrival,9,0,0,ring_allreduce,4,150000,0,reduce_scatter,2,112500,37500,1000,1000,50000000,37500,0,0,12000,0,0,0,12000,0,0,blocked,0,roce,0,31000,1000,0,0,0,0,equal_remainder_last,ring_next,0,9,1,0,0,37500,24,,roce
1524000,0,9,179,0,2,4,inbound_arrival,0,0,0,ring_allreduce,4,150000,1,reduce_scatter,2,0,37500,1000,1000,50000000,37500,0,0,20000,0,0,0,20000,0,0,blocked,0,roce,0,30000,1000,0,0,0,0,equal_remainder_last,ring_next,3,0,1,0,0,37500,24,,roce
1527656,0,4,119,0,0,1,inbound_arrival,9,0,0,ring_allreduce,4,150000,0,reduce_scatter,2,112500,37500,1000,1000,50000000,37500,0,0,12000,0,0,0,12000,0,0,blocked,0,roce,0,32000,1000,0,0,0,0,equal_remainder_last,ring_next,0,9,1,0,0,37500,24,,roce
1535656,0,4,122,0,0,1,inbound_arrival,9,0,0,ring_allreduce,4,150000,0,reduce_scatter,2,112500,37500,1000,1000,50000000,37500,0,0,12000,0,0,0,12000,0,0,blocked,0,roce,0,33000,1000,0,0,0,0,equal_remainder_last,ring_next,0,9,1,0,0,37500,24,,roce
1538000,0,9,182,0,2,4,inbound_arrival,0,0,0,ring_allreduce,4,150000,1,reduce_scatter,2,0,37500,1000,1000,50000000,37500,0,0,20000,0,0,0,20000,0,0,blocked,0,roce,0,31000,1000,0,0,0,0,equal_remainder_last,ring_next,3,0,1,0,0,37500,24,,roce
1543656,0,4,125,0,0,1,inbound_arrival,9,1000,0,ring_allreduce,4,150000,0,reduce_scatter,2,112500,37500,1000,1000,50000000,37500,0,0,12000,0,0,0,13000,0,0,blocked,0,roce,0,12000,1000,0,0,0,0,equal_remainder_last,ring_next,0,9,1,0,0,37500,24,,roce
1549000,0,9,185,0,2,4,inbound_arrival,0,0,0,ring_allreduce,4,150000,1,reduce_scatter,2,0,37500,1000,1000,50000000,37500,0,0,20000,0,0,0,20000,0,0,blocked,0,roce,0,32000,1000,0,0,0,0,equal_remainder_last,ring_next,3,0,1,0,0,37500,24,,roce
1551656,0,4,128,0,0,1,inbound_arrival,9,1000,0,ring_allreduce,4,150000,0,reduce_scatter,2,112500,37500,1000,1000,50000000,37500,0,0,13000,0,0,0,14000,0,0,blocked,0,roce,0,13000,1000,0,0,0,0,equal_remainder_last,ring_next,0,9,1,0,0,37500,24,,roce
1551656,0,6,203,0,1,7,inbound_arrival,3,1000,0,ring_allreduce,4,150000,2,reduce_scatter,2,37500,37500,1000,1000,50000000,37500,0,0,33000,0,0,0,34000,0,0,blocked,0,roce,0,33000,1000,0,0,0,0,equal_remainder_last,ring_next,6,3,1,0,0,37500,24,,roce
1559000,0,9,188,0,2,4,inbound_arrival,0,0,0,ring_allreduce,4,150000,1,reduce_scatter,2,0,37500,1000,1000,50000000,37500,0,0,20000,0,0,0,20000,0,0,blocked,0,roce,0,33000,1000,0,0,0,0,equal_remainder_last,ring_next,3,0,1,0,0,37500,24,,roce
1567656,0,4,131,0,0,1,inbound_arrival,9,1000,0,ring_allreduce,4,150000,0,reduce_scatter,2,112500,37500,1000,1000,50000000,37500,0,0,14000,0,0,0,15000,0,0,blocked,0,roce,0,14000,1000,0,0,0,0,equal_remainder_last,ring_next,0,9,1,0,0,37500,24,,roce
1570000,0,9,194,0,2,4,inbound_arrival,0,0,0,ring_allreduce,4,150000,1,reduce_scatter,2,0,37500,1000,1000,50000000,37500,0,0,20000,0,0,0,20000,0,0,blocked,0,roce,0,34000,1000,0,0,0,0,equal_remainder_last,ring_next,3,0,1,0,0,37500,24,,roce
1575656,0,4,134,0,0,1,inbound_arrival,9,1000,0,ring_allreduce,4,150000,0,reduce_scatter,2,112500,37500,1000,1000,50000000,37500,0,0,15000,0,0,0,16000,0,0,blocked,0,roce,0,15000,1000,0,0,0,0,equal_remainder_last,ring_next,0,9,1,0,0,37500,24,,roce
1581000,0,9,197,0,2,4,inbound_arrival,0,0,0,ring_allreduce,4,150000,1,reduce_scatter,2,0,37500,1000,1000,50000000,37500,0,0,20000,0,0,0,20000,0,0,blocked,0,roce,0,35000,1000,0,0,0,0,equal_remainder_last,ring_next,3,0,1,0,0,37500,24,,roce
1583656,0,4,137,0,0,1,inbound_arrival,9,1000,0,ring_allreduce,4,150000,0,reduce_scatter,2,112500,37500,1000,1000,50000000,37500,0,0,16000,0,0,0,17000,0,0,blocked,0,roce,0,16000,1000,0,0,0,0,equal_remainder_last,ring_next,0,9,1,0,0,37500,24,,roce
1591000,0,9,200,0,2,4,inbound_arrival,0,0,0,ring_allreduce,4,150000,1,reduce_scatter,2,0,37500,1000,1000,50000000,37500,0,0,20000,0,0,0,20000,0,0,blocked,0,roce,0,36000,1000,0,0,0,0,equal_remainder_last,ring_next,3,0,1,0,0,37500,24,,roce
1591656,0,4,140,0,0,1,inbound_arrival,9,1000,0,ring_allreduce,4,150000,0,reduce_scatter,2,112500,37500,1000,1000,50000000,37500,0,0,17000,0,0,0,18000,0,0,blocked,0,roce,0,17000,1000,0,0,0,0,equal_remainder_last,ring_next,0,9,1,0,0,37500,24,,roce
1595000,0,9,203,0,2,4,inbound_arrival,0,0,0,ring_allreduce,4,150000,1,reduce_scatter,2,0,37500,1000,1000,50000000,37500,0,0,20000,0,0,0,20000,0,0,blocked,0,roce,0,37000,500,0,0,0,0,equal_remainder_last,ring_next,3,0,1,0,0,37500,24,,roce
1599656,0,4,143,0,0,1,inbound_arrival,9,1000,0,ring_allreduce,4,150000,0,reduce_scatter,2,112500,37500,1000,1000,50000000,37500,0,0,18000,0,0,0,19000,0,0,blocked,0,roce,0,18000,1000,0,0,0,0,equal_remainder_last,ring_next,0,9,1,0,0,37500,24,,roce
1607656,0,4,146,0,0,1,inbound_arrival,9,1000,0,ring_allreduce,4,150000,0,reduce_scatter,2,112500,37500,1000,1000,50000000,37500,0,0,19000,0,0,0,20000,0,0,blocked,0,roce,0,19000,1000,0,0,0,0,equal_remainder_last,ring_next,0,9,1,0,0,37500,24,,roce
1615656,0,4,149,0,0,1,inbound_arrival,9,1000,0,ring_allreduce,4,150000,0,reduce_scatter,2,112500,37500,1000,1000,50000000,37500,0,0,20000,0,0,0,21000,0,0,blocked,0,roce,0,20000,1000,0,0,0,0,equal_remainder_last,ring_next,0,9,1,0,0,37500,24,,roce
1623656,0,4,152,0,0,1,inbound_arrival,9,1000,0,ring_allreduce,4,150000,0,reduce_scatter,2,112500,37500,1000,1000,50000000,37500,0,0,21000,0,0,0,22000,0,0,blocked,0,roce,0,21000,1000,0,0,0,0,equal_remainder_last,ring_next,0,9,1,0,0,37500,24,,roce
1623656,0,6,206,0,1,7,inbound_arrival,3,1000,0,ring_allreduce,4,150000,2,reduce_scatter,2,37500,37500,1000,1000,50000000,37500,0,0,34000,0,0,0,35000,0,0,blocked,0,roce,0,34000,1000,0,0,0,0,equal_remainder_last,ring_next,6,3,1,0,0,37500,24,,roce
1639656,0,4,155,0,0,1,inbound_arrival,9,1000,0,ring_allreduce,4,150000,0,reduce_scatter,2,112500,37500,1000,1000,50000000,37500,0,0,22000,0,0,0,23000,0,0,blocked,0,roce,0,22000,1000,0,0,0,0,equal_remainder_last,ring_next,0,9,1,0,0,37500,24,,roce
1647656,0,4,158,0,0,1,inbound_arrival,9,1000,0,ring_allreduce,4,150000,0,reduce_scatter,2,112500,37500,1000,1000,50000000,37500,0,0,23000,0,0,0,24000,0,0,blocked,0,roce,0,23000,1000,0,0,0,0,equal_remainder_last,ring_next,0,9,1,0,0,37500,24,,roce
1647656,0,6,209,0,1,7,inbound_arrival,3,1000,0,ring_allreduce,4,150000,2,reduce_scatter,2,37500,37500,1000,1000,50000000,37500,0,0,35000,0,0,0,36000,0,0,blocked,0,roce,0,35000,1000,0,0,0,0,equal_remainder_last,ring_next,6,3,1,0,0,37500,24,,roce
1663656,0,4,161,0,0,1,inbound_arrival,9,1000,0,ring_allreduce,4,150000,0,reduce_scatter,2,112500,37500,1000,1000,50000000,37500,0,0,24000,0,0,0,25000,0,0,blocked,0,roce,0,24000,1000,0,0,0,0,equal_remainder_last,ring_next,0,9,1,0,0,37500,24,,roce
1663656,0,6,212,0,1,7,inbound_arrival,3,1000,0,ring_allreduce,4,150000,2,reduce_scatter,2,37500,37500,1000,1000,50000000,37500,0,0,36000,0,0,0,37000,0,0,blocked,0,roce,0,36000,1000,0,0,0,0,equal_remainder_last,ring_next,6,3,1,0,0,37500,24,,roce
1667656,0,6,215,0,1,7,inbound_arrival,3,500,0,ring_allreduce,4,150000,2,reduce_scatter,2,37500,37500,1000,1000,50000000,37500,0,0,37000,0,0,1,37500,0,0,blocked,0,roce,0,37000,500,0,0,0,0,equal_remainder_last,ring_next,6,3,1,0,0,37500,24,,roce
1669192,0,9,215,0,2,4,local_completion,3,0,0,ring_allreduce,4,150000,1,reduce_scatter,2,0,37500,1000,1000,50000000,37500,0,0,20000,0,1,0,20000,0,0,blocked,0,roce,0,0,0,37500,1609000,13536,0,equal_remainder_last,ring_next,3,0,1,0,1,37500,24,,roce
1683656,0,4,164,0,0,1,inbound_arrival,9,1000,0,ring_allreduce,4,150000,0,reduce_scatter,2,112500,37500,1000,1000,50000000,37500,0,0,25000,0,0,0,26000,0,0,blocked,0,roce,0,25000,1000,0,0,0,0,equal_remainder_last,ring_next,0,9,1,0,0,37500,24,,roce
1691656,0,4,167,0,0,1,inbound_arrival,9,1000,0,ring_allreduce,4,150000,0,reduce_scatter,2,112500,37500,1000,1000,50000000,37500,0,0,26000,0,0,0,27000,0,0,blocked,0,roce,0,26000,1000,0,0,0,0,equal_remainder_last,ring_next,0,9,1,0,0,37500,24,,roce
1699656,0,4,170,0,0,1,inbound_arrival,9,1000,0,ring_allreduce,4,150000,0,reduce_scatter,2,112500,37500,1000,1000,50000000,37500,0,0,27000,0,0,0,28000,0,0,blocked,0,roce,0,27000,1000,0,0,0,0,equal_remainder_last,ring_next,0,9,1,0,0,37500,24,,roce
1707656,0,4,173,0,0,1,inbound_arrival,9,1000,0,ring_allreduce,4,150000,0,reduce_scatter,2,112500,37500,1000,1000,50000000,37500,0,0,28000,0,0,0,29000,0,0,blocked,0,roce,0,28000,1000,0,0,0,0,equal_remainder_last,ring_next,0,9,1,0,0,37500,24,,roce
1715656,0,4,176,0,0,1,inbound_arrival,9,1000,0,ring_allreduce,4,150000,0,reduce_scatter,2,112500,37500,1000,1000,50000000,37500,0,0,29000,0,0,0,30000,0,0,blocked,0,roce,0,29000,1000,0,0,0,0,equal_remainder_last,ring_next,0,9,1,0,0,37500,24,,roce
1723656,0,4,179,0,0,1,inbound_arrival,9,1000,0,ring_allreduce,4,150000,0,reduce_scatter,2,112500,37500,1000,1000,50000000,37500,0,0,30000,0,0,0,31000,0,0,blocked,0,roce,0,30000,1000,0,0,0,0,equal_remainder_last,ring_next,0,9,1,0,0,37500,24,,roce
1731656,0,4,182,0,0,1,inbound_arrival,9,1000,0,ring_allreduce,4,150000,0,reduce_scatter,2,112500,37500,1000,1000,50000000,37500,0,0,31000,0,0,0,32000,0,0,blocked,0,roce,0,31000,1000,0,0,0,0,equal_remainder_last,ring_next,0,9,1,0,0,37500,24,,roce
1739656,0,4,185,0,0,1,inbound_arrival,9,1000,0,ring_allreduce,4,150000,0,reduce_scatter,2,112500,37500,1000,1000,50000000,37500,0,0,32000,0,0,0,33000,0,0,blocked,0,roce,0,32000,1000,0,0,0,0,equal_remainder_last,ring_next,0,9,1,0,0,37500,24,,roce
1747656,0,4,188,0,0,1,inbound_arrival,9,1000,0,ring_allreduce,4,150000,0,reduce_scatter,2,112500,37500,1000,1000,50000000,37500,0,0,33000,0,0,0,34000,0,0,blocked,0,roce,0,33000,1000,0,0,0,0,equal_remainder_last,ring_next,0,9,1,0,0,37500,24,,roce
1755656,0,4,191,0,0,1,inbound_arrival,9,1000,0,ring_allreduce,4,150000,0,reduce_scatter,2,112500,37500,1000,1000,50000000,37500,0,0,34000,0,0,0,35000,0,0,blocked,0,roce,0,34000,1000,0,0,0,0,equal_remainder_last,ring_next,0,9,1,0,0,37500,24,,roce
1763656,0,4,194,0,0,1,inbound_arrival,9,1000,0,ring_allreduce,4,150000,0,reduce_scatter,2,112500,37500,1000,1000,50000000,37500,0,0,35000,0,0,0,36000,0,0,blocked,0,roce,0,35000,1000,0,0,0,0,equal_remainder_last,ring_next,0,9,1,0,0,37500,24,,roce
1771656,0,4,197,0,0,1,inbound_arrival,9,1000,0,ring_allreduce,4,150000,0,reduce_scatter,2,112500,37500,1000,1000,50000000,37500,0,0,36000,0,0,0,37000,0,0,blocked,0,roce,0,36000,1000,0,0,0,0,equal_remainder_last,ring_next,0,9,1,0,0,37500,24,,roce
1775656,0,4,200,0,0,1,inbound_arrival,9,500,0,ring_allreduce,4,150000,0,reduce_scatter,2,112500,37500,1000,1000,50000000,37500,0,0,37000,0,0,1,37500,0,0,blocked,0,roce,0,37000,500,0,0,0,0,equal_remainder_last,ring_next,0,9,1,0,0,37500,24,,roce
1778216,0,12,233,0,3,10,local_completion,9,0,0,ring_allreduce,4,150000,3,reduce_scatter,2,75000,37500,1000,1000,50000000,37500,0,0,16000,0,1,0,16000,0,0,blocked,0,roce,0,0,0,37500,1721000,22560,0,equal_remainder_last,ring_next,9,6,1,0,1,37500,24,,roce
2341000,0,12,236,0,3,10,inbound_arrival,6,1000,0,ring_allreduce,4,150000,3,reduce_scatter,2,75000,37500,1000,1000,50000000,37500,1,0,16000,0,1,0,17000,0,0,blocked,0,roce,0,16000,1000,0,0,0,0,equal_remainder_last,ring_next,9,6,1,1,1,37500,24,,roce
2349000,0,12,239,0,3,10,inbound_arrival,6,1000,0,ring_allreduce,4,150000,3,reduce_scatter,2,75000,37500,1000,1000,50000000,37500,1,0,17000,0,1,0,18000,0,0,blocked,0,roce,0,17000,1000,0,0,0,0,equal_remainder_last,ring_next,9,6,1,1,1,37500,24,,roce
2357000,0,12,242,0,3,10,inbound_arrival,6,1000,0,ring_allreduce,4,150000,3,reduce_scatter,2,75000,37500,1000,1000,50000000,37500,1,0,18000,0,1,0,19000,0,0,blocked,0,roce,0,18000,1000,0,0,0,0,equal_remainder_last,ring_next,9,6,1,1,1,37500,24,,roce
2365000,0,12,245,0,3,10,inbound_arrival,6,1000,0,ring_allreduce,4,150000,3,reduce_scatter,2,75000,37500,1000,1000,50000000,37500,1,0,19000,0,1,0,20000,0,0,blocked,0,roce,0,19000,1000,0,0,0,0,equal_remainder_last,ring_next,9,6,1,1,1,37500,24,,roce
2373000,0,12,248,0,3,10,inbound_arrival,6,1000,0,ring_allreduce,4,150000,3,reduce_scatter,2,75000,37500,1000,1000,50000000,37500,1,0,20000,0,1,0,21000,0,0,blocked,0,roce,0,20000,1000,0,0,0,0,equal_remainder_last,ring_next,9,6,1,1,1,37500,24,,roce
2381000,0,12,251,0,3,10,inbound_arrival,6,1000,0,ring_allreduce,4,150000,3,reduce_scatter,2,75000,37500,1000,1000,50000000,37500,1,0,21000,0,1,0,22000,0,0,blocked,0,roce,0,21000,1000,0,0,0,0,equal_remainder_last,ring_next,9,6,1,1,1,37500,24,,roce
2389000,0,12,254,0,3,10,inbound_arrival,6,1000,0,ring_allreduce,4,150000,3,reduce_scatter,2,75000,37500,1000,1000,50000000,37500,1,0,22000,0,1,0,23000,0,0,blocked,0,roce,0,22000,1000,0,0,0,0,equal_remainder_last,ring_next,9,6,1,1,1,37500,24,,roce
2397000,0,12,257,0,3,10,inbound_arrival,6,1000,0,ring_allreduce,4,150000,3,reduce_scatter,2,75000,37500,1000,1000,50000000,37500,1,0,23000,0,1,0,24000,0,0,blocked,0,roce,0,23000,1000,0,0,0,0,equal_remainder_last,ring_next,9,6,1,1,1,37500,24,,roce
2405000,0,12,260,0,3,10,inbound_arrival,6,1000,0,ring_allreduce,4,150000,3,reduce_scatter,2,75000,37500,1000,1000,50000000,37500,1,0,24000,0,1,0,25000,0,0,blocked,0,roce,0,24000,1000,0,0,0,0,equal_remainder_last,ring_next,9,6,1,1,1,37500,24,,roce
2413000,0,12,263,0,3,10,inbound_arrival,6,1000,0,ring_allreduce,4,150000,3,reduce_scatter,2,75000,37500,1000,1000,50000000,37500,1,0,25000,0,1,0,26000,0,0,blocked,0,roce,0,25000,1000,0,0,0,0,equal_remainder_last,ring_next,9,6,1,1,1,37500,24,,roce
2421000,0,12,266,0,3,10,inbound_arrival,6,1000,0,ring_allreduce,4,150000,3,reduce_scatter,2,75000,37500,1000,1000,50000000,37500,1,0,26000,0,1,0,27000,0,0,blocked,0,roce,0,26000,1000,0,0,0,0,equal_remainder_last,ring_next,9,6,1,1,1,37500,24,,roce
2429000,0,12,269,0,3,10,inbound_arrival,6,1000,0,ring_allreduce,4,150000,3,reduce_scatter,2,75000,37500,1000,1000,50000000,37500,1,0,27000,0,1,0,28000,0,0,blocked,0,roce,0,27000,1000,0,0,0,0,equal_remainder_last,ring_next,9,6,1,1,1,37500,24,,roce
2437000,0,12,272,0,3,10,inbound_arrival,6,1000,0,ring_allreduce,4,150000,3,reduce_scatter,2,75000,37500,1000,1000,50000000,37500,1,0,28000,0,1,0,29000,0,0,blocked,0,roce,0,28000,1000,0,0,0,0,equal_remainder_last,ring_next,9,6,1,1,1,37500,24,,roce
2445000,0,9,218,0,2,4,inbound_arrival,0,1000,0,ring_allreduce,4,150000,1,reduce_scatter,2,0,37500,1000,1000,50000000,37500,1,0,20000,0,1,0,21000,0,0,blocked,0,roce,0,20000,1000,0,0,0,0,equal_remainder_last,ring_next,3,0,1,1,1,37500,24,,roce
2445000,0,12,275,0,3,10,inbound_arrival,6,1000,0,ring_allreduce,4,150000,3,reduce_scatter,2,75000,37500,1000,1000,50000000,37500,1,0,29000,0,1,0,30000,0,0,blocked,0,roce,0,29000,1000,0,0,0,0,equal_remainder_last,ring_next,9,6,1,1,1,37500,24,,roce
2461000,0,9,221,0,2,4,inbound_arrival,0,1000,0,ring_allreduce,4,150000,1,reduce_scatter,2,0,37500,1000,1000,50000000,37500,1,0,21000,0,1,0,22000,0,0,blocked,0,roce,0,21000,1000,0,0,0,0,equal_remainder_last,ring_next,3,0,1,1,1,37500,24,,roce
2461000,0,12,278,0,3,10,inbound_arrival,6,1000,0,ring_allreduce,4,150000,3,reduce_scatter,2,75000,37500,1000,1000,50000000,37500,1,0,30000,0,1,0,31000,0,0,blocked,0,roce,0,30000,1000,0,0,0,0,equal_remainder_last,ring_next,9,6,1,1,1,37500,24,,roce
2477000,0,9,224,0,2,4,inbound_arrival,0,1000,0,ring_allreduce,4,150000,1,reduce_scatter,2,0,37500,1000,1000,50000000,37500,1,0,22000,0,1,0,23000,0,0,blocked,0,roce,0,22000,1000,0,0,0,0,equal_remainder_last,ring_next,3,0,1,1,1,37500,24,,roce
2477000,0,12,281,0,3,10,inbound_arrival,6,1000,0,ring_allreduce,4,150000,3,reduce_scatter,2,75000,37500,1000,1000,50000000,37500,1,0,31000,0,1,0,32000,0,0,blocked,0,roce,0,31000,1000,0,0,0,0,equal_remainder_last,ring_next,9,6,1,1,1,37500,24,,roce
2493000,0,9,227,0,2,4,inbound_arrival,0,1000,0,ring_allreduce,4,150000,1,reduce_scatter,2,0,37500,1000,1000,50000000,37500,1,0,23000,0,1,0,24000,0,0,blocked,0,roce,0,23000,1000,0,0,0,0,equal_remainder_last,ring_next,3,0,1,1,1,37500,24,,roce
2493000,0,12,284,0,3,10,inbound_arrival,6,1000,0,ring_allreduce,4,150000,3,reduce_scatter,2,75000,37500,1000,1000,50000000,37500,1,0,32000,0,1,0,33000,0,0,blocked,0,roce,0,32000,1000,0,0,0,0,equal_remainder_last,ring_next,9,6,1,1,1,37500,24,,roce
2509000,0,9,230,0,2,4,inbound_arrival,0,1000,0,ring_allreduce,4,150000,1,reduce_scatter,2,0,37500,1000,1000,50000000,37500,1,0,24000,0,1,0,25000,0,0,blocked,0,roce,0,24000,1000,0,0,0,0,equal_remainder_last,ring_next,3,0,1,1,1,37500,24,,roce
2509000,0,12,287,0,3,10,inbound_arrival,6,1000,0,ring_allreduce,4,150000,3,reduce_scatter,2,75000,37500,1000,1000,50000000,37500,1,0,33000,0,1,0,34000,0,0,blocked,0,roce,0,33000,1000,0,0,0,0,equal_remainder_last,ring_next,9,6,1,1,1,37500,24,,roce
2525000,0,9,233,0,2,4,inbound_arrival,0,1000,0,ring_allreduce,4,150000,1,reduce_scatter,2,0,37500,1000,1000,50000000,37500,1,0,25000,0,1,0,26000,0,0,blocked,0,roce,0,25000,1000,0,0,0,0,equal_remainder_last,ring_next,3,0,1,1,1,37500,24,,roce
2525000,0,12,290,0,3,10,inbound_arrival,6,1000,0,ring_allreduce,4,150000,3,reduce_scatter,2,75000,37500,1000,1000,50000000,37500,1,0,34000,0,1,0,35000,0,0,blocked,0,roce,0,34000,1000,0,0,0,0,equal_remainder_last,ring_next,9,6,1,1,1,37500,24,,roce
2541000,0,9,236,0,2,4,inbound_arrival,0,1000,0,ring_allreduce,4,150000,1,reduce_scatter,2,0,37500,1000,1000,50000000,37500,1,0,26000,0,1,0,27000,0,0,blocked,0,roce,0,26000,1000,0,0,0,0,equal_remainder_last,ring_next,3,0,1,1,1,37500,24,,roce
2541000,0,12,293,0,3,10,inbound_arrival,6,1000,0,ring_allreduce,4,150000,3,reduce_scatter,2,75000,37500,1000,1000,50000000,37500,1,0,35000,0,1,0,36000,0,0,blocked,0,roce,0,35000,1000,0,0,0,0,equal_remainder_last,ring_next,9,6,1,1,1,37500,24,,roce
2557000,0,9,239,0,2,4,inbound_arrival,0,1000,0,ring_allreduce,4,150000,1,reduce_scatter,2,0,37500,1000,1000,50000000,37500,1,0,27000,0,1,0,28000,0,0,blocked,0,roce,0,27000,1000,0,0,0,0,equal_remainder_last,ring_next,3,0,1,1,1,37500,24,,roce
2557000,0,12,296,0,3,10,inbound_arrival,6,1000,0,ring_allreduce,4,150000,3,reduce_scatter,2,75000,37500,1000,1000,50000000,37500,1,0,36000,0,1,0,37000,0,0,blocked,0,roce,0,36000,1000,0,0,0,0,equal_remainder_last,ring_next,9,6,1,1,1,37500,24,,roce
2565000,0,9,242,0,2,4,inbound_arrival,0,1000,0,ring_allreduce,4,150000,1,reduce_scatter,2,0,37500,1000,1000,50000000,37500,1,0,28000,0,1,0,29000,0,0,blocked,0,roce,0,28000,1000,0,0,0,0,equal_remainder_last,ring_next,3,0,1,1,1,37500,24,,roce
2573000,0,9,245,0,2,4,inbound_arrival,0,1000,0,ring_allreduce,4,150000,1,reduce_scatter,2,0,37500,1000,1000,50000000,37500,1,0,29000,0,1,0,30000,0,0,blocked,0,roce,0,29000,1000,0,0,0,0,equal_remainder_last,ring_next,3,0,1,1,1,37500,24,,roce
2581000,0,9,248,0,2,4,inbound_arrival,0,1000,0,ring_allreduce,4,150000,1,reduce_scatter,2,0,37500,1000,1000,50000000,37500,1,0,30000,0,1,0,31000,0,0,blocked,0,roce,0,30000,1000,0,0,0,0,equal_remainder_last,ring_next,3,0,1,1,1,37500,24,,roce
2589000,0,9,251,0,2,4,inbound_arrival,0,1000,0,ring_allreduce,4,150000,1,reduce_scatter,2,0,37500,1000,1000,50000000,37500,1,0,31000,0,1,0,32000,0,0,blocked,0,roce,0,31000,1000,0,0,0,0,equal_remainder_last,ring_next,3,0,1,1,1,37500,24,,roce
2597000,0,9,254,0,2,4,inbound_arrival,0,1000,0,ring_allreduce,4,150000,1,reduce_scatter,2,0,37500,1000,1000,50000000,37500,1,0,32000,0,1,0,33000,0,0,blocked,0,roce,0,32000,1000,0,0,0,0,equal_remainder_last,ring_next,3,0,1,1,1,37500,24,,roce
2605000,0,9,257,0,2,4,inbound_arrival,0,1000,0,ring_allreduce,4,150000,1,reduce_scatter,2,0,37500,1000,1000,50000000,37500,1,0,33000,0,1,0,34000,0,0,blocked,0,roce,0,33000,1000,0,0,0,0,equal_remainder_last,ring_next,3,0,1,1,1,37500,24,,roce
2613000,0,9,260,0,2,4,inbound_arrival,0,1000,0,ring_allreduce,4,150000,1,reduce_scatter,2,0,37500,1000,1000,50000000,37500,1,0,34000,0,1,0,35000,0,0,blocked,0,roce,0,34000,1000,0,0,0,0,equal_remainder_last,ring_next,3,0,1,1,1,37500,24,,roce
2621000,0,9,263,0,2,4,inbound_arrival,0,1000,0,ring_allreduce,4,150000,1,reduce_scatter,2,0,37500,1000,1000,50000000,37500,1,0,35000,0,1,0,36000,0,0,blocked,0,roce,0,35000,1000,0,0,0,0,equal_remainder_last,ring_next,3,0,1,1,1,37500,24,,roce
2629000,0,9,266,0,2,4,inbound_arrival,0,1000,0,ring_allreduce,4,150000,1,reduce_scatter,2,0,37500,1000,1000,50000000,37500,1,0,36000,0,1,0,37000,0,0,blocked,0,roce,0,36000,1000,0,0,0,0,equal_remainder_last,ring_next,3,0,1,1,1,37500,24,,roce
3579000,0,12,299,0,3,10,inbound_arrival,6,500,0,ring_allreduce,4,150000,3,reduce_scatter,2,75000,37500,1000,1000,50000000,37500,1,0,37000,1,1,1,37500,0,0,blocked,3579000,roce,0,37000,500,0,0,0,0,equal_remainder_last,ring_next,9,6,1,1,1,37500,24,,roce
3581048,0,6,281,0,1,7,local_completion,6,0,0,ring_allreduce,4,150000,2,reduce_scatter,2,37500,37500,1000,1000,50000000,37500,0,1,37500,1,1,1,37500,0,0,blocked,3581048,roce,0,0,0,37500,3563000,18048,0,equal_remainder_last,ring_next,6,3,1,0,1,37500,24,,roce
3620048,0,12,302,0,3,11,inbound_arrival,7,1000,0,ring_allreduce,4,150000,3,reduce_scatter,3,37500,37500,1000,1000,50000000,37500,0,0,0,0,0,0,1000,0,0,blocked,0,roce,0,0,1000,0,0,0,0,equal_remainder_last,ring_next,10,7,1,0,0,37500,24,,roce
3626000,0,4,254,0,0,2,inbound_arrival,10,1000,0,ring_allreduce,4,150000,0,reduce_scatter,3,75000,37500,1000,1000,50000000,37500,0,0,0,0,0,0,1000,0,0,blocked,0,roce,0,0,1000,0,0,0,0,equal_remainder_last,ring_next,1,10,1,0,0,37500,24,,roce
3628048,0,12,305,0,3,11,inbound_arrival,7,1000,0,ring_allreduce,4,150000,3,reduce_scatter,3,37500,37500,1000,1000,50000000,37500,0,0,1000,0,0,0,2000,0,0,blocked,0,roce,0,1000,1000,0,0,0,0,equal_remainder_last,ring_next,10,7,1,0,0,37500,24,,roce
3634000,0,4,257,0,0,2,inbound_arrival,10,1000,0,ring_allreduce,4,150000,0,reduce_scatter,3,75000,37500,1000,1000,50000000,37500,0,0,1000,0,0,0,2000,0,0,blocked,0,roce,0,1000,1000,0,0,0,0,equal_remainder_last,ring_next,1,10,1,0,0,37500,24,,roce
3636048,0,12,308,0,3,11,inbound_arrival,7,1000,0,ring_allreduce,4,150000,3,reduce_scatter,3,37500,37500,1000,1000,50000000,37500,0,0,2000,0,0,0,3000,0,0,blocked,0,roce,0,2000,1000,0,0,0,0,equal_remainder_last,ring_next,10,7,1,0,0,37500,24,,roce
3642000,0,4,260,0,0,2,inbound_arrival,10,1000,0,ring_allreduce,4,150000,0,reduce_scatter,3,75000,37500,1000,1000,50000000,37500,0,0,2000,0,0,0,3000,0,0,blocked,0,roce,0,2000,1000,0,0,0,0,equal_remainder_last,ring_next,1,10,1,0,0,37500,24,,roce
3644048,0,12,311,0,3,11,inbound_arrival,7,1000,0,ring_allreduce,4,150000,3,reduce_scatter,3,37500,37500,1000,1000,50000000,37500,0,0,3000,0,0,0,4000,0,0,blocked,0,roce,0,3000,1000,0,0,0,0,equal_remainder_last,ring_next,10,7,1,0,0,37500,24,,roce
3650000,0,4,263,0,0,2,inbound_arrival,10,1000,0,ring_allreduce,4,150000,0,reduce_scatter,3,75000,37500,1000,1000,50000000,37500,0,0,3000,0,0,0,4000,0,0,blocked,0,roce,0,3000,1000,0,0,0,0,equal_remainder_last,ring_next,1,10,1,0,0,37500,24,,roce
3652560,0,12,317,0,3,11,inbound_arrival,7,1000,0,ring_allreduce,4,150000,3,reduce_scatter,3,37500,37500,1000,1000,50000000,37500,0,0,4000,0,0,0,5000,0,0,blocked,0,roce,0,4000,1000,0,0,0,0,equal_remainder_last,ring_next,10,7,1,0,0,37500,24,,roce
3653072,0,9,269,0,2,4,inbound_arrival,0,500,0,ring_allreduce,4,150000,1,reduce_scatter,2,0,37500,1000,1000,50000000,37500,1,0,37000,1,1,1,37500,0,0,blocked,3653072,roce,0,37000,500,0,0,0,0,equal_remainder_last,ring_next,3,0,1,1,1,37500,24,,roce
3658000,0,4,266,0,0,2,inbound_arrival,10,1000,0,ring_allreduce,4,150000,0,reduce_scatter,3,75000,37500,1000,1000,50000000,37500,0,0,4000,0,0,0,5000,0,0,blocked,0,roce,0,4000,1000,0,0,0,0,equal_remainder_last,ring_next,1,10,1,0,0,37500,24,,roce
3661072,0,12,323,0,3,11,inbound_arrival,7,1000,0,ring_allreduce,4,150000,3,reduce_scatter,3,37500,37500,1000,1000,50000000,37500,0,0,5000,0,0,0,6000,0,0,blocked,0,roce,0,5000,1000,0,0,0,0,equal_remainder_last,ring_next,10,7,1,0,0,37500,24,,roce
3666512,0,4,269,0,0,2,inbound_arrival,10,1000,0,ring_allreduce,4,150000,0,reduce_scatter,3,75000,37500,1000,1000,50000000,37500,0,0,5000,0,0,0,6000,0,0,blocked,0,roce,0,5000,1000,0,0,0,0,equal_remainder_last,ring_next,1,10,1,0,0,37500,24,,roce
3673584,0,12,329,0,3,11,inbound_arrival,7,1000,0,ring_allreduce,4,150000,3,reduce_scatter,3,37500,37500,1000,1000,50000000,37500,0,0,6000,0,0,0,7000,0,0,blocked,0,roce,0,6000,1000,0,0,0,0,equal_remainder_last,ring_next,10,7,1,0,0,37500,24,,roce
3675024,0,4,272,0,0,2,inbound_arrival,10,1000,0,ring_allreduce,4,150000,0,reduce_scatter,3,75000,37500,1000,1000,50000000,37500,0,0,6000,0,0,0,7000,0,0,blocked,0,roce,0,6000,1000,0,0,0,0,equal_remainder_last,ring_next,1,10,1,0,0,37500,24,,roce
3675536,0,4,275,0,0,1,local_completion,0,0,0,ring_allreduce,4,150000,0,reduce_scatter,2,112500,37500,1000,1000,50000000,37500,0,1,37500,1,1,1,37500,0,0,blocked,3675536,roce,0,0,0,37500,3635000,18048,0,equal_remainder_last,ring_next,0,9,1,0,1,37500,24,,roce
3682096,0,12,335,0,3,11,inbound_arrival,7,1000,0,ring_allreduce,4,150000,3,reduce_scatter,3,37500,37500,1000,1000,50000000,37500,0,0,7000,0,0,0,8000,0,0,blocked,0,roce,0,7000,1000,0,0,0,0,equal_remainder_last,ring_next,10,7,1,0,0,37500,24,,roce
3684048,0,4,278,0,0,2,inbound_arrival,10,1000,0,ring_allreduce,4,150000,0,reduce_scatter,3,75000,37500,1000,1000,50000000,37500,0,0,7000,0,0,0,8000,0,0,blocked,0,roce,0,7000,1000,0,0,0,0,equal_remainder_last,ring_next,1,10,1,0,0,37500,24,,roce
3690608,0,12,341,0,3,11,inbound_arrival,7,1000,0,ring_allreduce,4,150000,3,reduce_scatter,3,37500,37500,1000,1000,50000000,37500,0,0,8000,0,0,0,9000,0,0,blocked,0,roce,0,8000,1000,0,0,0,0,equal_remainder_last,ring_next,10,7,1,0,0,37500,24,,roce
3692560,0,4,281,0,0,2,inbound_arrival,10,1000,0,ring_allreduce,4,150000,0,reduce_scatter,3,75000,37500,1000,1000,50000000,37500,0,0,8000,0,0,0,9000,0,0,blocked,0,roce,0,8000,1000,0,0,0,0,equal_remainder_last,ring_next,1,10,1,0,0,37500,24,,roce
3692560,0,6,296,0,1,8,inbound_arrival,4,1000,0,ring_allreduce,4,150000,2,reduce_scatter,3,0,37500,1000,1000,50000000,37500,0,0,0,0,0,0,1000,0,0,blocked,0,roce,0,0,1000,0,0,0,0,equal_remainder_last,ring_next,7,4,1,0,0,37500,24,,roce
3699120,0,12,347,0,3,11,inbound_arrival,7,1000,0,ring_allreduce,4,150000,3,reduce_scatter,3,37500,37500,1000,1000,50000000,37500,0,0,9000,0,0,0,10000,0,0,blocked,0,roce,0,9000,1000,0,0,0,0,equal_remainder_last,ring_next,10,7,1,0,0,37500,24,,roce
3701072,0,6,302,0,1,8,inbound_arrival,4,1000,0,ring_allreduce,4,150000,2,reduce_scatter,3,0,37500,1000,1000,50000000,37500,0,0,1000,0,0,0,2000,0,0,blocked,0,roce,0,1000,1000,0,0,0,0,equal_remainder_last,ring_next,7,4,1,0,0,37500,24,,roce
3707120,0,12,350,0,3,11,inbound_arrival,7,1000,0,ring_allreduce,4,150000,3,reduce_scatter,3,37500,37500,1000,1000,50000000,37500,0,0,10000,0,0,0,11000,0,0,blocked,0,roce,0,10000,1000,0,0,0,0,equal_remainder_last,ring_next,10,7,1,0,0,37500,24,,roce
3715632,0,12,356,0,3,11,inbound_arrival,7,1000,0,ring_allreduce,4,150000,3,reduce_scatter,3,37500,37500,1000,1000,50000000,37500,0,0,11000,0,0,0,12000,0,0,blocked,0,roce,0,11000,1000,0,0,0,0,equal_remainder_last,ring_next,10,7,1,0,0,37500,24,,roce
3717072,0,4,284,0,0,2,inbound_arrival,10,1000,0,ring_allreduce,4,150000,0,reduce_scatter,3,75000,37500,1000,1000,50000000,37500,0,0,9000,0,0,0,10000,0,0,blocked,0,roce,0,9000,1000,0,0,0,0,equal_remainder_last,ring_next,1,10,1,0,0,37500,24,,roce
3717584,0,6,308,0,1,8,inbound_arrival,4,1000,0,ring_allreduce,4,150000,2,reduce_scatter,3,0,37500,1000,1000,50000000,37500,0,0,2000,0,0,0,3000,0,0,blocked,0,roce,0,2000,1000,0,0,0,0,equal_remainder_last,ring_next,7,4,1,0,0,37500,24,,roce
3723632,0,9,272,0,2,5,inbound_arrival,1,1000,0,ring_allreduce,4,150000,1,reduce_scatter,3,112500,37500,1000,1000,50000000,37500,0,0,0,0,0,0,1000,0,0,blocked,0,roce,0,0,1000,0,0,0,0,equal_remainder_last,ring_next,4,1,1,0,0,37500,24,,roce
3723632,0,12,359,0,3,11,inbound_arrival,7,1000,0,ring_allreduce,4,150000,3,reduce_scatter,3,37500,37500,1000,1000,50000000,37500,0,0,12000,0,0,0,13000,0,0,blocked,0,roce,0,12000,1000,0,0,0,0,equal_remainder_last,ring_next,10,7,1,0,0,37500,24,,roce
3733584,0,4,287,0,0,2,inbound_arrival,10,1000,0,ring_allreduce,4,150000,0,reduce_scatter,3,75000,37500,1000,1000,50000000,37500,0,0,10000,0,0,0,11000,0,0,blocked,0,roce,0,10000,1000,0,0,0,0,equal_remainder_last,ring_next,1,10,1,0,0,37500,24,,roce
3734096,0,6,314,0,1,8,inbound_arrival,4,1000,0,ring_allreduce,4,150000,2,reduce_scatter,3,0,37500,1000,1000,50000000,37500,0,0,3000,0,0,0,4000,0,0,blocked,0,roce,0,3000,1000,0,0,0,0,equal_remainder_last,ring_next,7,4,1,0,0,37500,24,,roce
3740144,0,12,365,0,3,11,inbound_arrival,7,1000,0,ring_allreduce,4,150000,3,reduce_scatter,3,37500,37500,1000,1000,50000000,37500,0,0,13000,0,0,0,14000,0,0,blocked,0,roce,0,13000,1000,0,0,0,0,equal_remainder_last,ring_next,10,7,1,0,0,37500,24,,roce
3740656,0,9,278,0,2,5,inbound_arrival,1,1000,0,ring_allreduce,4,150000,1,reduce_scatter,3,112500,37500,1000,1000,50000000,37500,0,0,1000,0,0,0,2000,0,0,blocked,0,roce,0,1000,1000,0,0,0,0,equal_remainder_last,ring_next,4,1,1,0,0,37500,24,,roce
3750096,0,4,290,0,0,2,inbound_arrival,10,1000,0,ring_allreduce,4,150000,0,reduce_scatter,3,75000,37500,1000,1000,50000000,37500,0,0,11000,0,0,0,12000,0,0,blocked,0,roce,0,11000,1000,0,0,0,0,equal_remainder_last,ring_next,1,10,1,0,0,37500,24,,roce
3750096,0,6,317,0,1,8,inbound_arrival,4,1000,0,ring_allreduce,4,150000,2,reduce_scatter,3,0,37500,1000,1000,50000000,37500,0,0,4000,0,0,0,5000,0,0,blocked,0,roce,0,4000,1000,0,0,0,0,equal_remainder_last,ring_next,7,4,1,0,0,37500,24,,roce
3757168,0,12,371,0,3,11,inbound_arrival,7,1000,0,ring_allreduce,4,150000,3,reduce_scatter,3,37500,37500,1000,1000,50000000,37500,0,0,14000,0,0,0,15000,0,0,blocked,0,roce,0,14000,1000,0,0,0,0,equal_remainder_last,ring_next,10,7,1,0,0,37500,24,,roce
3757680,0,9,284,0,2,5,inbound_arrival,1,1000,0,ring_allreduce,4,150000,1,reduce_scatter,3,112500,37500,1000,1000,50000000,37500,0,0,2000,0,0,0,3000,0,0,blocked,0,roce,0,2000,1000,0,0,0,0,equal_remainder_last,ring_next,4,1,1,0,0,37500,24,,roce
3766096,0,4,293,0,0,2,inbound_arrival,10,1000,0,ring_allreduce,4,150000,0,reduce_scatter,3,75000,37500,1000,1000,50000000,37500,0,0,12000,0,0,0,13000,0,0,blocked,0,roce,0,12000,1000,0,0,0,0,equal_remainder_last,ring_next,1,10,1,0,0,37500,24,,roce
3766608,0,6,323,0,1,8,inbound_arrival,4,1000,0,ring_allreduce,4,150000,2,reduce_scatter,3,0,37500,1000,1000,50000000,37500,0,0,5000,0,0,0,6000,0,0,blocked,0,roce,0,5000,1000,0,0,0,0,equal_remainder_last,ring_next,7,4,1,0,0,37500,24,,roce
3773680,0,9,287,0,2,5,inbound_arrival,1,1000,0,ring_allreduce,4,150000,1,reduce_scatter,3,112500,37500,1000,1000,50000000,37500,0,0,3000,0,0,0,4000,0,0,blocked,0,roce,0,3000,1000,0,0,0,0,equal_remainder_last,ring_next,4,1,1,0,0,37500,24,,roce
3773680,0,12,374,0,3,11,inbound_arrival,7,1000,0,ring_allreduce,4,150000,3,reduce_scatter,3,37500,37500,1000,1000,50000000,37500,0,0,15000,0,0,0,16000,0,0,blocked,0,roce,0,15000,1000,0,0,0,0,equal_remainder_last,ring_next,10,7,1,0,0,37500,24,,roce
3782608,0,4,296,0,0,2,inbound_arrival,10,1000,0,ring_allreduce,4,150000,0,reduce_scatter,3,75000,37500,1000,1000,50000000,37500,0,0,13000,0,0,0,14000,0,0,blocked,0,roce,0,13000,1000,0,0,0,0,equal_remainder_last,ring_next,1,10,1,0,0,37500,24,,roce
3789680,0,12,377,0,3,11,inbound_arrival,7,1000,0,ring_allreduce,4,150000,3,reduce_scatter,3,37500,37500,1000,1000,50000000,37500,0,0,16000,0,0,0,17000,0,0,blocked,0,roce,0,16000,1000,0,0,0,0,equal_remainder_last,ring_next,10,7,1,0,0,37500,24,,roce
3790608,0,4,299,0,0,2,inbound_arrival,10,1000,0,ring_allreduce,4,150000,0,reduce_scatter,3,75000,37500,1000,1000,50000000,37500,0,0,14000,0,0,0,15000,0,0,blocked,0,roce,0,14000,1000,0,0,0,0,equal_remainder_last,ring_next,1,10,1,0,0,37500,24,,roce
3798192,0,9,293,0,2,5,inbound_arrival,1,0,0,ring_allreduce,4,150000,1,reduce_scatter,3,112500,37500,1000,1000,50000000,37500,0,0,4000,0,0,0,4000,0,0,blocked,0,roce,0,5000,1000,0,0,0,0,equal_remainder_last,ring_next,4,1,1,0,0,37500,24,,roce
3798192,0,12,380,0,3,11,inbound_arrival,7,1000,0,ring_allreduce,4,150000,3,reduce_scatter,3,37500,37500,1000,1000,50000000,37500,0,0,17000,0,0,0,18000,0,0,blocked,0,roce,0,17000,1000,0,0,0,0,equal_remainder_last,ring_next,10,7,1,0,0,37500,24,,roce
3799120,0,4,302,0,0,2,inbound_arrival,10,1000,0,ring_allreduce,4,150000,0,reduce_scatter,3,75000,37500,1000,1000,50000000,37500,0,0,15000,0,0,0,16000,0,0,blocked,0,roce,0,15000,1000,0,0,0,0,equal_remainder_last,ring_next,1,10,1,0,0,37500,24,,roce
3807120,0,4,305,0,0,2,inbound_arrival,10,1000,0,ring_allreduce,4,150000,0,reduce_scatter,3,75000,37500,1000,1000,50000000,37500,0,0,16000,0,0,0,17000,0,0,blocked,0,roce,0,16000,1000,0,0,0,0,equal_remainder_last,ring_next,1,10,1,0,0,37500,24,,roce
3814192,0,12,383,0,3,11,inbound_arrival,7,1000,0,ring_allreduce,4,150000,3,reduce_scatter,3,37500,37500,1000,1000,50000000,37500,0,0,18000,0,0,0,19000,0,0,blocked,0,roce,0,18000,1000,0,0,0,0,equal_remainder_last,ring_next,10,7,1,0,0,37500,24,,roce
3815120,0,4,308,0,0,2,inbound_arrival,10,1000,0,ring_allreduce,4,150000,0,reduce_scatter,3,75000,37500,1000,1000,50000000,37500,0,0,17000,0,0,0,18000,0,0,blocked,0,roce,0,17000,1000,0,0,0,0,equal_remainder_last,ring_next,1,10,1,0,0,37500,24,,roce
3822704,0,12,386,0,3,11,inbound_arrival,7,1000,0,ring_allreduce,4,150000,3,reduce_scatter,3,37500,37500,1000,1000,50000000,37500,0,0,19000,0,0,0,20000,0,0,blocked,0,roce,0,19000,1000,0,0,0,0,equal_remainder_last,ring_next,10,7,1,0,0,37500,24,,roce
3823120,0,4,311,0,0,2,inbound_arrival,10,1000,0,ring_allreduce,4,150000,0,reduce_scatter,3,75000,37500,1000,1000,50000000,37500,0,0,18000,0,0,0,19000,0,0,blocked,0,roce,0,18000,1000,0,0,0,0,equal_remainder_last,ring_next,1,10,1,0,0,37500,24,,roce
3823120,0,6,329,0,1,8,inbound_arrival,4,0,0,ring_allreduce,4,150000,2,reduce_scatter,3,0,37500,1000,1000,50000000,37500,0,0,6000,0,0,0,6000,0,0,blocked,0,roce,0,11000,1000,0,0,0,0,equal_remainder_last,ring_next,7,4,1,0,0,37500,24,,roce
3830704,0,12,389,0,3,11,inbound_arrival,7,1000,0,ring_allreduce,4,150000,3,reduce_scatter,3,37500,37500,1000,1000,50000000,37500,0,0,20000,0,0,0,21000,0,0,blocked,0,roce,0,20000,1000,0,0,0,0,equal_remainder_last,ring_next,10,7,1,0,0,37500,24,,roce
3838704,0,12,392,0,3,11,inbound_arrival,7,1000,0,ring_allreduce,4,150000,3,reduce_scatter,3,37500,37500,1000,1000,50000000,37500,0,0,21000,0,0,0,22000,0,0,blocked,0,roce,0,21000,1000,0,0,0,0,equal_remainder_last,ring_next,10,7,1,0,0,37500,24,,roce
3839120,0,4,314,0,0,2,inbound_arrival,10,1000,0,ring_allreduce,4,150000,0,reduce_scatter,3,75000,37500,1000,1000,50000000,37500,0,0,19000,0,0,0,20000,0,0,blocked,0,roce,0,19000,1000,0,0,0,0,equal_remainder_last,ring_next,1,10,1,0,0,37500,24,,roce
3846704,0,12,395,0,3,11,inbound_arrival,7,1000,0,ring_allreduce,4,150000,3,reduce_scatter,3,37500,37500,1000,1000,50000000,37500,0,0,22000,0,0,0,23000,0,0,blocked,0,roce,0,22000,1000,0,0,0,0,equal_remainder_last,ring_next,10,7,1,0,0,37500,24,,roce
3847120,0,4,317,0,0,2,inbound_arrival,10,1000,0,ring_allreduce,4,150000,0,reduce_scatter,3,75000,37500,1000,1000,50000000,37500,0,0,20000,0,0,0,21000,0,0,blocked,0,roce,0,20000,1000,0,0,0,0,equal_remainder_last,ring_next,1,10,1,0,0,37500,24,,roce
3855120,0,4,320,0,0,2,inbound_arrival,10,1000,0,ring_allreduce,4,150000,0,reduce_scatter,3,75000,37500,1000,1000,50000000,37500,0,0,21000,0,0,0,22000,0,0,blocked,0,roce,0,21000,1000,0,0,0,0,equal_remainder_last,ring_next,1,10,1,0,0,37500,24,,roce
3855216,0,12,398,0,3,11,inbound_arrival,7,1000,0,ring_allreduce,4,150000,3,reduce_scatter,3,37500,37500,1000,1000,50000000,37500,0,0,23000,0,0,0,24000,0,0,blocked,0,roce,0,23000,1000,0,0,0,0,equal_remainder_last,ring_next,10,7,1,0,0,37500,24,,roce
3863216,0,12,401,0,3,11,inbound_arrival,7,1000,0,ring_allreduce,4,150000,3,reduce_scatter,3,37500,37500,1000,1000,50000000,37500,0,0,24000,0,0,0,25000,0,0,blocked,0,roce,0,24000,1000,0,0,0,0,equal_remainder_last,ring_next,10,7,1,0,0,37500,24,,roce
3863632,0,4,323,0,0,2,inbound_arrival,10,1000,0,ring_allreduce,4,150000,0,reduce_scatter,3,75000,37500,1000,1000,50000000,37500,0,0,22000,0,0,0,23000,0,0,blocked,0,roce,0,22000,1000,0,0,0,0,equal_remainder_last,ring_next,1,10,1,0,0,37500,24,,roce
3871216,0,9,302,0,2,5,inbound_arrival,1,0,0,ring_allreduce,4,150000,1,reduce_scatter,3,112500,37500,1000,1000,50000000,37500,0,0,4000,0,0,0,4000,0,0,blocked,0,roce,0,13000,1000,0,0,0,0,equal_remainder_last,ring_next,4,1,1,0,0,37500,24,,roce
3871216,0,12,404,0,3,11,inbound_arrival,7,1000,0,ring_allreduce,4,150000,3,reduce_scatter,3,37500,37500,1000,1000,50000000,37500,0,0,25000,0,0,0,26000,0,0,blocked,0,roce,0,25000,1000,0,0,0,0,equal_remainder_last,ring_next,10,7,1,0,0,37500,24,,roce
3871632,0,4,326,0,0,2,inbound_arrival,10,1000,0,ring_allreduce,4,150000,0,reduce_scatter,3,75000,37500,1000,1000,50000000,37500,0,0,23000,0,0,0,24000,0,0,blocked,0,roce,0,23000,1000,0,0,0,0,equal_remainder_last,ring_next,1,10,1,0,0,37500,24,,roce
3879632,0,4,329,0,0,2,inbound_arrival,10,1000,0,ring_allreduce,4,150000,0,reduce_scatter,3,75000,37500,1000,1000,50000000,37500,0,0,24000,0,0,0,25000,0,0,blocked,0,roce,0,24000,1000,0,0,0,0,equal_remainder_last,ring_next,1,10,1,0,0,37500,24,,roce
3887216,0,12,407,0,3,11,inbound_arrival,7,1000,0,ring_allreduce,4,150000,3,reduce_scatter,3,37500,37500,1000,1000,50000000,37500,0,0,26000,0,0,0,27000,0,0,blocked,0,roce,0,26000,1000,0,0,0,0,equal_remainder_last,ring_next,10,7,1,0,0,37500,24,,roce
3887632,0,4,332,0,0,2,inbound_arrival,10,1000,0,ring_allreduce,4,150000,0,reduce_scatter,3,75000,37500,1000,1000,50000000,37500,0,0,25000,0,0,0,26000,0,0,blocked,0,roce,0,25000,1000,0,0,0,0,equal_remainder_last,ring_next,1,10,1,0,0,37500,24,,roce
3895216,0,12,410,0,3,11,inbound_arrival,7,1000,0,ring_allreduce,4,150000,3,reduce_scatter,3,37500,37500,1000,1000,50000000,37500,0,0,27000,0,0,0,28000,0,0,blocked,0,roce,0,27000,1000,0,0,0,0,equal_remainder_last,ring_next,10,7,1,0,0,37500,24,,roce
3895632,0,4,335,0,0,2,inbound_arrival,10,1000,0,ring_allreduce,4,150000,0,reduce_scatter,3,75000,37500,1000,1000,50000000,37500,0,0,26000,0,0,0,27000,0,0,blocked,0,roce,0,26000,1000,0,0,0,0,equal_remainder_last,ring_next,1,10,1,0,0,37500,24,,roce
3903216,0,12,413,0,3,11,inbound_arrival,7,1000,0,ring_allreduce,4,150000,3,reduce_scatter,3,37500,37500,1000,1000,50000000,37500,0,0,28000,0,0,0,29000,0,0,blocked,0,roce,0,28000,1000,0,0,0,0,equal_remainder_last,ring_next,10,7,1,0,0,37500,24,,roce
3903632,0,4,338,0,0,2,inbound_arrival,10,1000,0,ring_allreduce,4,150000,0,reduce_scatter,3,75000,37500,1000,1000,50000000,37500,0,0,27000,0,0,0,28000,0,0,blocked,0,roce,0,27000,1000,0,0,0,0,equal_remainder_last,ring_next,1,10,1,0,0,37500,24,,roce
3911216,0,12,416,0,3,11,inbound_arrival,7,1000,0,ring_allreduce,4,150000,3,reduce_scatter,3,37500,37500,1000,1000,50000000,37500,0,0,29000,0,0,0,30000,0,0,blocked,0,roce,0,29000,1000,0,0,0,0,equal_remainder_last,ring_next,10,7,1,0,0,37500,24,,roce
3911632,0,4,341,0,0,2,inbound_arrival,10,1000,0,ring_allreduce,4,150000,0,reduce_scatter,3,75000,37500,1000,1000,50000000,37500,0,0,28000,0,0,0,29000,0,0,blocked,0,roce,0,28000,1000,0,0,0,0,equal_remainder_last,ring_next,1,10,1,0,0,37500,24,,roce
3919632,0,4,344,0,0,2,inbound_arrival,10,1000,0,ring_allreduce,4,150000,0,reduce_scatter,3,75000,37500,1000,1000,50000000,37500,0,0,29000,0,0,0,30000,0,0,blocked,0,roce,0,29000,1000,0,0,0,0,equal_remainder_last,ring_next,1,10,1,0,0,37500,24,,roce
3919728,0,12,419,0,3,11,inbound_arrival,7,1000,0,ring_allreduce,4,150000,3,reduce_scatter,3,37500,37500,1000,1000,50000000,37500,0,0,30000,0,0,0,31000,0,0,blocked,0,roce,0,30000,1000,0,0,0,0,equal_remainder_last,ring_next,10,7,1,0,0,37500,24,,roce
3927728,0,12,422,0,3,11,inbound_arrival,7,1000,0,ring_allreduce,4,150000,3,reduce_scatter,3,37500,37500,1000,1000,50000000,37500,0,0,31000,0,0,0,32000,0,0,blocked,0,roce,0,31000,1000,0,0,0,0,equal_remainder_last,ring_next,10,7,1,0,0,37500,24,,roce
3928144,0,4,347,0,0,2,inbound_arrival,10,1000,0,ring_allreduce,4,150000,0,reduce_scatter,3,75000,37500,1000,1000,50000000,37500,0,0,30000,0,0,0,31000,0,0,blocked,0,roce,0,30000,1000,0,0,0,0,equal_remainder_last,ring_next,1,10,1,0,0,37500,24,,roce
3935728,0,12,425,0,3,11,inbound_arrival,7,1000,0,ring_allreduce,4,150000,3,reduce_scatter,3,37500,37500,1000,1000,50000000,37500,0,0,32000,0,0,0,33000,0,0,blocked,0,roce,0,32000,1000,0,0,0,0,equal_remainder_last,ring_next,10,7,1,0,0,37500,24,,roce
3936144,0,4,350,0,0,2,inbound_arrival,10,1000,0,ring_allreduce,4,150000,0,reduce_scatter,3,75000,37500,1000,1000,50000000,37500,0,0,31000,0,0,0,32000,0,0,blocked,0,roce,0,31000,1000,0,0,0,0,equal_remainder_last,ring_next,1,10,1,0,0,37500,24,,roce
3943728,0,12,428,0,3,11,inbound_arrival,7,1000,0,ring_allreduce,4,150000,3,reduce_scatter,3,37500,37500,1000,1000,50000000,37500,0,0,33000,0,0,0,34000,0,0,blocked,0,roce,0,33000,1000,0,0,0,0,equal_remainder_last,ring_next,10,7,1,0,0,37500,24,,roce
3944144,0,4,353,0,0,2,inbound_arrival,10,1000,0,ring_allreduce,4,150000,0,reduce_scatter,3,75000,37500,1000,1000,50000000,37500,0,0,32000,0,0,0,33000,0,0,blocked,0,roce,0,32000,1000,0,0,0,0,equal_remainder_last,ring_next,1,10,1,0,0,37500,24,,roce
3944144,0,6,338,0,1,8,inbound_arrival,4,0,0,ring_allreduce,4,150000,2,reduce_scatter,3,0,37500,1000,1000,50000000,37500,0,0,6000,0,0,0,6000,0,0,blocked,0,roce,0,24000,1000,0,0,0,0,equal_remainder_last,ring_next,7,4,1,0,0,37500,24,,roce
3951728,0,12,431,0,3,11,inbound_arrival,7,1000,0,ring_allreduce,4,150000,3,reduce_scatter,3,37500,37500,1000,1000,50000000,37500,0,0,34000,0,0,0,35000,0,0,blocked,0,roce,0,34000,1000,0,0,0,0,equal_remainder_last,ring_next,10,7,1,0,0,37500,24,,roce
3959728,0,12,434,0,3,11,inbound_arrival,7,1000,0,ring_allreduce,4,150000,3,reduce_scatter,3,37500,37500,1000,1000,50000000,37500,0,0,35000,0,0,0,36000,0,0,blocked,0,roce,0,35000,1000,0,0,0,0,equal_remainder_last,ring_next,10,7,1,0,0,37500,24,,roce
3960144,0,4,356,0,0,2,inbound_arrival,10,0,0,ring_allreduce,4,150000,0,reduce_scatter,3,75000,37500,1000,1000,50000000,37500,0,0,33000,0,0,0,33000,0,0,blocked,0,roce,0,34000,1000,0,0,0,0,equal_remainder_last,ring_next,1,10,1,0,0,37500,24,,roce
3960144,0,6,341,0,1,8,inbound_arrival,4,0,0,ring_allreduce,4,150000,2,reduce_scatter,3,0,37500,1000,1000,50000000,37500,0,0,6000,0,0,0,6000,0,0,blocked,0,roce,0,25000,1000,0,0,0,0,equal_remainder_last,ring_next,7,4,1,0,0,37500,24,,roce
3967728,0,9,308,0,2,5,inbound_arrival,1,0,0,ring_allreduce,4,150000,1,reduce_scatter,3,112500,37500,1000,1000,50000000,37500,0,0,4000,0,0,0,4000,0,0,blocked,0,roce,0,24000,1000,0,0,0,0,equal_remainder_last,ring_next,4,1,1,0,0,37500,24,,roce
3967728,0,12,437,0,3,11,inbound_arrival,7,1000,0,ring_allreduce,4,150000,3,reduce_scatter,3,37500,37500,1000,1000,50000000,37500,0,0,36000,0,0,0,37000,0,0,blocked,0,roce,0,36000,1000,0,0,0,0,equal_remainder_last,ring_next,10,7,1,0,0,37500,24,,roce
3976144,0,4,359,0,0,2,inbound_arrival,10,0,0,ring_allreduce,4,150000,0,reduce_scatter,3,75000,37500,1000,1000,50000000,37500,0,0,33000,0,0,0,33000,0,0,blocked,0,roce,0,36000,1000,0,0,0,0,equal_remainder_last,ring_next,1,10,1,0,0,37500,24,,roce
3976144,0,6,344,0,1,8,inbound_arrival,4,0,0,ring_allreduce,4,150000,2,reduce_scatter,3,0,37500,1000,1000,50000000,37500,0,0,6000,0,0,0,6000,0,0,blocked,0,roce,0,26000,1000,0,0,0,0,equal_remainder_last,ring_next,7,4,1,0,0,37500,24,,roce
3976240,0,9,311,0,2,5,inbound_arrival,1,0,0,ring_allreduce,4,150000,1,reduce_scatter,3,112500,37500,1000,1000,50000000,37500,0,0,4000,0,0,0,4000,0,0,blocked,0,roce,0,25000,1000,0,0,0,0,equal_remainder_last,ring_next,4,1,1,0,0,37500,24,,roce
3980144,0,4,362,0,0,2,inbound_arrival,10,0,0,ring_allreduce,4,150000,0,reduce_scatter,3,75000,37500,1000,1000,50000000,37500,0,0,33000,0,0,0,33000,0,0,blocked,0,roce,0,37000,500,0,0,0,0,equal_remainder_last,ring_next,1,10,1,0,0,37500,24,,roce
3984240,0,9,314,0,2,5,inbound_arrival,1,0,0,ring_allreduce,4,150000,1,reduce_scatter,3,112500,37500,1000,1000,50000000,37500,0,0,4000,0,0,0,4000,0,0,blocked,0,roce,0,26000,1000,0,0,0,0,equal_remainder_last,ring_next,4,1,1,0,0,37500,24,,roce
3992240,0,9,317,0,2,5,inbound_arrival,1,0,0,ring_allreduce,4,150000,1,reduce_scatter,3,112500,37500,1000,1000,50000000,37500,0,0,4000,0,0,0,4000,0,0,blocked,0,roce,0,27000,1000,0,0,0,0,equal_remainder_last,ring_next,4,1,1,0,0,37500,24,,roce
3996072,0,6,371,0,1,8,inbound_arrival,4,0,0,ring_allreduce,4,150000,2,reduce_scatter,3,0,37500,1000,1000,50000000,37500,0,0,6000,0,0,0,6000,0,0,blocked,0,roce,0,10000,1000,0,0,0,0,equal_remainder_last,ring_next,7,4,1,0,0,37500,24,,roce
4000240,0,9,320,0,2,5,inbound_arrival,1,0,0,ring_allreduce,4,150000,1,reduce_scatter,3,112500,37500,1000,1000,50000000,37500,0,0,4000,0,0,0,4000,0,0,blocked,0,roce,0,28000,1000,0,0,0,0,equal_remainder_last,ring_next,4,1,1,0,0,37500,24,,roce
4008240,0,9,323,0,2,5,inbound_arrival,1,0,0,ring_allreduce,4,150000,1,reduce_scatter,3,112500,37500,1000,1000,50000000,37500,0,0,4000,0,0,0,4000,0,0,blocked,0,roce,0,29000,1000,0,0,0,0,equal_remainder_last,ring_next,4,1,1,0,0,37500,24,,roce
4009072,0,6,374,0,1,8,inbound_arrival,4,0,0,ring_allreduce,4,150000,2,reduce_scatter,3,0,37500,1000,1000,50000000,37500,0,0,6000,0,0,0,6000,0,0,blocked,0,roce,0,11000,1000,0,0,0,0,equal_remainder_last,ring_next,7,4,1,0,0,37500,24,,roce
4016240,0,9,326,0,2,5,inbound_arrival,1,0,0,ring_allreduce,4,150000,1,reduce_scatter,3,112500,37500,1000,1000,50000000,37500,0,0,4000,0,0,0,4000,0,0,blocked,0,roce,0,30000,1000,0,0,0,0,equal_remainder_last,ring_next,4,1,1,0,0,37500,24,,roce
4023072,0,6,377,0,1,8,inbound_arrival,4,0,0,ring_allreduce,4,150000,2,reduce_scatter,3,0,37500,1000,1000,50000000,37500,0,0,6000,0,0,0,6000,0,0,blocked,0,roce,0,12000,1000,0,0,0,0,equal_remainder_last,ring_next,7,4,1,0,0,37500,24,,roce
4024240,0,9,329,0,2,5,inbound_arrival,1,0,0,ring_allreduce,4,150000,1,reduce_scatter,3,112500,37500,1000,1000,50000000,37500,0,0,4000,0,0,0,4000,0,0,blocked,0,roce,0,31000,1000,0,0,0,0,equal_remainder_last,ring_next,4,1,1,0,0,37500,24,,roce
4032240,0,9,332,0,2,5,inbound_arrival,1,0,0,ring_allreduce,4,150000,1,reduce_scatter,3,112500,37500,1000,1000,50000000,37500,0,0,4000,0,0,0,4000,0,0,blocked,0,roce,0,32000,1000,0,0,0,0,equal_remainder_last,ring_next,4,1,1,0,0,37500,24,,roce
4034072,0,6,380,0,1,8,inbound_arrival,4,0,0,ring_allreduce,4,150000,2,reduce_scatter,3,0,37500,1000,1000,50000000,37500,0,0,6000,0,0,0,6000,0,0,blocked,0,roce,0,13000,1000,0,0,0,0,equal_remainder_last,ring_next,7,4,1,0,0,37500,24,,roce
4040752,0,9,335,0,2,5,inbound_arrival,1,0,0,ring_allreduce,4,150000,1,reduce_scatter,3,112500,37500,1000,1000,50000000,37500,0,0,4000,0,0,0,4000,0,0,blocked,0,roce,0,33000,1000,0,0,0,0,equal_remainder_last,ring_next,4,1,1,0,0,37500,24,,roce
4046072,0,6,383,0,1,8,inbound_arrival,4,0,0,ring_allreduce,4,150000,2,reduce_scatter,3,0,37500,1000,1000,50000000,37500,0,0,6000,0,0,0,6000,0,0,blocked,0,roce,0,14000,1000,0,0,0,0,equal_remainder_last,ring_next,7,4,1,0,0,37500,24,,roce
4048752,0,9,338,0,2,5,inbound_arrival,1,0,0,ring_allreduce,4,150000,1,reduce_scatter,3,112500,37500,1000,1000,50000000,37500,0,0,4000,0,0,0,4000,0,0,blocked,0,roce,0,34000,1000,0,0,0,0,equal_remainder_last,ring_next,4,1,1,0,0,37500,24,,roce
4057264,0,9,341,0,2,5,inbound_arrival,1,0,0,ring_allreduce,4,150000,1,reduce_scatter,3,112500,37500,1000,1000,50000000,37500,0,0,4000,0,0,0,4000,0,0,blocked,0,roce,0,35000,1000,0,0,0,0,equal_remainder_last,ring_next,4,1,1,0,0,37500,24,,roce
4058072,0,6,386,0,1,8,inbound_arrival,4,0,0,ring_allreduce,4,150000,2,reduce_scatter,3,0,37500,1000,1000,50000000,37500,0,0,6000,0,0,0,6000,0,0,blocked,0,roce,0,15000,1000,0,0,0,0,equal_remainder_last,ring_next,7,4,1,0,0,37500,24,,roce
4065264,0,9,344,0,2,5,inbound_arrival,1,0,0,ring_allreduce,4,150000,1,reduce_scatter,3,112500,37500,1000,1000,50000000,37500,0,0,4000,0,0,0,4000,0,0,blocked,0,roce,0,36000,1000,0,0,0,0,equal_remainder_last,ring_next,4,1,1,0,0,37500,24,,roce
4069072,0,6,389,0,1,8,inbound_arrival,4,0,0,ring_allreduce,4,150000,2,reduce_scatter,3,0,37500,1000,1000,50000000,37500,0,0,6000,0,0,0,6000,0,0,blocked,0,roce,0,16000,1000,0,0,0,0,equal_remainder_last,ring_next,7,4,1,0,0,37500,24,,roce
4081072,0,6,392,0,1,8,inbound_arrival,4,0,0,ring_allreduce,4,150000,2,reduce_scatter,3,0,37500,1000,1000,50000000,37500,0,0,6000,0,0,0,6000,0,0,blocked,0,roce,0,17000,1000,0,0,0,0,equal_remainder_last,ring_next,7,4,1,0,0,37500,24,,roce
4091072,0,6,395,0,1,8,inbound_arrival,4,0,0,ring_allreduce,4,150000,2,reduce_scatter,3,0,37500,1000,1000,50000000,37500,0,0,6000,0,0,0,6000,0,0,blocked,0,roce,0,18000,1000,0,0,0,0,equal_remainder_last,ring_next,7,4,1,0,0,37500,24,,roce
4109000,0,4,365,0,0,2,inbound_arrival,10,1000,0,ring_allreduce,4,150000,0,reduce_scatter,3,75000,37500,1000,1000,50000000,37500,0,0,33000,0,0,0,34000,0,0,blocked,0,roce,0,33000,1000,0,0,0,0,equal_remainder_last,ring_next,1,10,1,0,0,37500,24,,roce
4109000,0,6,398,0,1,8,inbound_arrival,4,0,0,ring_allreduce,4,150000,2,reduce_scatter,3,0,37500,1000,1000,50000000,37500,0,0,6000,0,0,0,6000,0,0,blocked,0,roce,0,19000,1000,0,0,0,0,equal_remainder_last,ring_next,7,4,1,0,0,37500,24,,roce
4117000,0,6,401,0,1,8,inbound_arrival,4,0,0,ring_allreduce,4,150000,2,reduce_scatter,3,0,37500,1000,1000,50000000,37500,0,0,6000,0,0,0,6000,0,0,blocked,0,roce,0,20000,1000,0,0,0,0,equal_remainder_last,ring_next,7,4,1,0,0,37500,24,,roce
4125000,0,6,404,0,1,8,inbound_arrival,4,0,0,ring_allreduce,4,150000,2,reduce_scatter,3,0,37500,1000,1000,50000000,37500,0,0,6000,0,0,0,6000,0,0,blocked,0,roce,0,21000,1000,0,0,0,0,equal_remainder_last,ring_next,7,4,1,0,0,37500,24,,roce
4141000,0,4,368,0,0,2,inbound_arrival,10,1000,0,ring_allreduce,4,150000,0,reduce_scatter,3,75000,37500,1000,1000,50000000,37500,0,0,34000,0,0,0,35000,0,0,blocked,0,roce,0,34000,1000,0,0,0,0,equal_remainder_last,ring_next,1,10,1,0,0,37500,24,,roce
4141000,0,6,407,0,1,8,inbound_arrival,4,0,0,ring_allreduce,4,150000,2,reduce_scatter,3,0,37500,1000,1000,50000000,37500,0,0,6000,0,0,0,6000,0,0,blocked,0,roce,0,22000,1000,0,0,0,0,equal_remainder_last,ring_next,7,4,1,0,0,37500,24,,roce
4149000,0,6,410,0,1,8,inbound_arrival,4,0,0,ring_allreduce,4,150000,2,reduce_scatter,3,0,37500,1000,1000,50000000,37500,0,0,6000,0,0,0,6000,0,0,blocked,0,roce,0,23000,1000,0,0,0,0,equal_remainder_last,ring_next,7,4,1,0,0,37500,24,,roce
4165000,0,4,371,0,0,2,inbound_arrival,10,1000,0,ring_allreduce,4,150000,0,reduce_scatter,3,75000,37500,1000,1000,50000000,37500,0,0,35000,0,0,0,36000,0,0,blocked,0,roce,0,35000,1000,0,0,0,0,equal_remainder_last,ring_next,1,10,1,0,0,37500,24,,roce
4165000,0,6,413,0,1,8,inbound_arrival,4,0,0,ring_allreduce,4,150000,2,reduce_scatter,3,0,37500,1000,1000,50000000,37500,0,0,6000,0,0,0,6000,0,0,blocked,0,roce,0,24000,1000,0,0,0,0,equal_remainder_last,ring_next,7,4,1,0,0,37500,24,,roce
4181000,0,4,374,0,0,2,inbound_arrival,10,1000,0,ring_allreduce,4,150000,0,reduce_scatter,3,75000,37500,1000,1000,50000000,37500,0,0,36000,0,0,0,37000,0,0,blocked,0,roce,0,36000,1000,0,0,0,0,equal_remainder_last,ring_next,1,10,1,0,0,37500,24,,roce
4185000,0,4,377,0,0,2,inbound_arrival,10,500,0,ring_allreduce,4,150000,0,reduce_scatter,3,75000,37500,1000,1000,50000000,37500,0,0,37000,0,0,1,37500,0,0,blocked,0,roce,0,37000,500,0,0,0,0,equal_remainder_last,ring_next,1,10,1,0,0,37500,24,,roce
4185000,0,6,416,0,1,8,inbound_arrival,4,0,0,ring_allreduce,4,150000,2,reduce_scatter,3,0,37500,1000,1000,50000000,37500,0,0,6000,0,0,0,6000,0,0,blocked,0,roce,0,25000,1000,0,0,0,0,equal_remainder_last,ring_next,7,4,1,0,0,37500,24,,roce
4187560,0,12,461,0,3,11,local_completion,10,0,0,ring_allreduce,4,150000,3,reduce_scatter,3,37500,37500,1000,1000,50000000,37500,0,0,37000,0,1,0,37000,0,0,blocked,0,roce,0,0,0,37500,4135000,22560,0,equal_remainder_last,ring_next,10,7,1,0,1,37500,24,,roce
4193000,0,6,419,0,1,8,inbound_arrival,4,0,0,ring_allreduce,4,150000,2,reduce_scatter,3,0,37500,1000,1000,50000000,37500,0,0,6000,0,0,0,6000,0,0,blocked,0,roce,0,26000,1000,0,0,0,0,equal_remainder_last,ring_next,7,4,1,0,0,37500,24,,roce
4201000,0,6,422,0,1,8,inbound_arrival,4,0,0,ring_allreduce,4,150000,2,reduce_scatter,3,0,37500,1000,1000,50000000,37500,0,0,6000,0,0,0,6000,0,0,blocked,0,roce,0,27000,1000,0,0,0,0,equal_remainder_last,ring_next,7,4,1,0,0,37500,24,,roce
4209000,0,6,425,0,1,8,inbound_arrival,4,0,0,ring_allreduce,4,150000,2,reduce_scatter,3,0,37500,1000,1000,50000000,37500,0,0,6000,0,0,0,6000,0,0,blocked,0,roce,0,28000,1000,0,0,0,0,equal_remainder_last,ring_next,7,4,1,0,0,37500,24,,roce
4217000,0,6,428,0,1,8,inbound_arrival,4,0,0,ring_allreduce,4,150000,2,reduce_scatter,3,0,37500,1000,1000,50000000,37500,0,0,6000,0,0,0,6000,0,0,blocked,0,roce,0,29000,1000,0,0,0,0,equal_remainder_last,ring_next,7,4,1,0,0,37500,24,,roce
4225000,0,6,431,0,1,8,inbound_arrival,4,0,0,ring_allreduce,4,150000,2,reduce_scatter,3,0,37500,1000,1000,50000000,37500,0,0,6000,0,0,0,6000,0,0,blocked,0,roce,0,30000,1000,0,0,0,0,equal_remainder_last,ring_next,7,4,1,0,0,37500,24,,roce
4233000,0,6,434,0,1,8,inbound_arrival,4,0,0,ring_allreduce,4,150000,2,reduce_scatter,3,0,37500,1000,1000,50000000,37500,0,0,6000,0,0,0,6000,0,0,blocked,0,roce,0,31000,1000,0,0,0,0,equal_remainder_last,ring_next,7,4,1,0,0,37500,24,,roce
4241000,0,6,437,0,1,8,inbound_arrival,4,0,0,ring_allreduce,4,150000,2,reduce_scatter,3,0,37500,1000,1000,50000000,37500,0,0,6000,0,0,0,6000,0,0,blocked,0,roce,0,32000,1000,0,0,0,0,equal_remainder_last,ring_next,7,4,1,0,0,37500,24,,roce
4249000,0,6,440,0,1,8,inbound_arrival,4,0,0,ring_allreduce,4,150000,2,reduce_scatter,3,0,37500,1000,1000,50000000,37500,0,0,6000,0,0,0,6000,0,0,blocked,0,roce,0,33000,1000,0,0,0,0,equal_remainder_last,ring_next,7,4,1,0,0,37500,24,,roce
4257000,0,6,443,0,1,8,inbound_arrival,4,0,0,ring_allreduce,4,150000,2,reduce_scatter,3,0,37500,1000,1000,50000000,37500,0,0,6000,0,0,0,6000,0,0,blocked,0,roce,0,34000,1000,0,0,0,0,equal_remainder_last,ring_next,7,4,1,0,0,37500,24,,roce
4265000,0,6,446,0,1,8,inbound_arrival,4,0,0,ring_allreduce,4,150000,2,reduce_scatter,3,0,37500,1000,1000,50000000,37500,0,0,6000,0,0,0,6000,0,0,blocked,0,roce,0,35000,1000,0,0,0,0,equal_remainder_last,ring_next,7,4,1,0,0,37500,24,,roce
4273000,0,6,449,0,1,8,inbound_arrival,4,0,0,ring_allreduce,4,150000,2,reduce_scatter,3,0,37500,1000,1000,50000000,37500,0,0,6000,0,0,0,6000,0,0,blocked,0,roce,0,36000,1000,0,0,0,0,equal_remainder_last,ring_next,7,4,1,0,0,37500,24,,roce
4277000,0,6,452,0,1,8,inbound_arrival,4,0,0,ring_allreduce,4,150000,2,reduce_scatter,3,0,37500,1000,1000,50000000,37500,0,0,6000,0,0,0,6000,0,0,blocked,0,roce,0,37000,500,0,0,0,0,equal_remainder_last,ring_next,7,4,1,0,0,37500,24,,roce
4722536,0,9,347,0,2,5,inbound_arrival,1,0,0,ring_allreduce,4,150000,1,reduce_scatter,3,112500,37500,1000,1000,50000000,37500,0,0,4000,0,0,0,4000,0,0,blocked,0,roce,0,0,1000,0,0,0,0,equal_remainder_last,ring_next,4,1,1,0,0,37500,24,,roce
4730536,0,9,350,0,2,5,inbound_arrival,1,0,0,ring_allreduce,4,150000,1,reduce_scatter,3,112500,37500,1000,1000,50000000,37500,0,0,4000,0,0,0,4000,0,0,blocked,0,roce,0,1000,1000,0,0,0,0,equal_remainder_last,ring_next,4,1,1,0,0,37500,24,,roce
4738536,0,9,353,0,2,5,inbound_arrival,1,0,0,ring_allreduce,4,150000,1,reduce_scatter,3,112500,37500,1000,1000,50000000,37500,0,0,4000,0,0,0,4000,0,0,blocked,0,roce,0,2000,1000,0,0,0,0,equal_remainder_last,ring_next,4,1,1,0,0,37500,24,,roce
4746536,0,9,356,0,2,5,inbound_arrival,1,0,0,ring_allreduce,4,150000,1,reduce_scatter,3,112500,37500,1000,1000,50000000,37500,0,0,4000,0,0,0,4000,0,0,blocked,0,roce,0,3000,1000,0,0,0,0,equal_remainder_last,ring_next,4,1,1,0,0,37500,24,,roce
4754536,0,9,359,0,2,5,inbound_arrival,1,1000,0,ring_allreduce,4,150000,1,reduce_scatter,3,112500,37500,1000,1000,50000000,37500,0,0,4000,0,0,0,5000,0,0,blocked,0,roce,0,4000,1000,0,0,0,0,equal_remainder_last,ring_next,4,1,1,0,0,37500,24,,roce
4762536,0,9,362,0,2,5,inbound_arrival,1,1000,0,ring_allreduce,4,150000,1,reduce_scatter,3,112500,37500,1000,1000,50000000,37500,0,0,5000,0,0,0,6000,0,0,blocked,0,roce,0,5000,1000,0,0,0,0,equal_remainder_last,ring_next,4,1,1,0,0,37500,24,,roce
4770536,0,9,365,0,2,5,inbound_arrival,1,1000,0,ring_allreduce,4,150000,1,reduce_scatter,3,112500,37500,1000,1000,50000000,37500,0,0,6000,0,0,0,7000,0,0,blocked,0,roce,0,6000,1000,0,0,0,0,equal_remainder_last,ring_next,4,1,1,0,0,37500,24,,roce
4778536,0,9,368,0,2,5,inbound_arrival,1,1000,0,ring_allreduce,4,150000,1,reduce_scatter,3,112500,37500,1000,1000,50000000,37500,0,0,7000,0,0,0,8000,0,0,blocked,0,roce,0,7000,1000,0,0,0,0,equal_remainder_last,ring_next,4,1,1,0,0,37500,24,,roce
4786536,0,9,371,0,2,5,inbound_arrival,1,1000,0,ring_allreduce,4,150000,1,reduce_scatter,3,112500,37500,1000,1000,50000000,37500,0,0,8000,0,0,0,9000,0,0,blocked,0,roce,0,8000,1000,0,0,0,0,equal_remainder_last,ring_next,4,1,1,0,0,37500,24,,roce
4794536,0,9,374,0,2,5,inbound_arrival,1,1000,0,ring_allreduce,4,150000,1,reduce_scatter,3,112500,37500,1000,1000,50000000,37500,0,0,9000,0,0,0,10000,0,0,blocked,0,roce,0,9000,1000,0,0,0,0,equal_remainder_last,ring_next,4,1,1,0,0,37500,24,,roce
4802536,0,9,377,0,2,5,inbound_arrival,1,1000,0,ring_allreduce,4,150000,1,reduce_scatter,3,112500,37500,1000,1000,50000000,37500,0,0,10000,0,0,0,11000,0,0,blocked,0,roce,0,10000,1000,0,0,0,0,equal_remainder_last,ring_next,4,1,1,0,0,37500,24,,roce
4810536,0,9,380,0,2,5,inbound_arrival,1,1000,0,ring_allreduce,4,150000,1,reduce_scatter,3,112500,37500,1000,1000,50000000,37500,0,0,11000,0,0,0,12000,0,0,blocked,0,roce,0,11000,1000,0,0,0,0,equal_remainder_last,ring_next,4,1,1,0,0,37500,24,,roce
4818536,0,9,383,0,2,5,inbound_arrival,1,1000,0,ring_allreduce,4,150000,1,reduce_scatter,3,112500,37500,1000,1000,50000000,37500,0,0,12000,0,0,0,13000,0,0,blocked,0,roce,0,12000,1000,0,0,0,0,equal_remainder_last,ring_next,4,1,1,0,0,37500,24,,roce
4826536,0,9,386,0,2,5,inbound_arrival,1,1000,0,ring_allreduce,4,150000,1,reduce_scatter,3,112500,37500,1000,1000,50000000,37500,0,0,13000,0,0,0,14000,0,0,blocked,0,roce,0,13000,1000,0,0,0,0,equal_remainder_last,ring_next,4,1,1,0,0,37500,24,,roce
4834536,0,9,389,0,2,5,inbound_arrival,1,1000,0,ring_allreduce,4,150000,1,reduce_scatter,3,112500,37500,1000,1000,50000000,37500,0,0,14000,0,0,0,15000,0,0,blocked,0,roce,0,14000,1000,0,0,0,0,equal_remainder_last,ring_next,4,1,1,0,0,37500,24,,roce
4842536,0,9,392,0,2,5,inbound_arrival,1,1000,0,ring_allreduce,4,150000,1,reduce_scatter,3,112500,37500,1000,1000,50000000,37500,0,0,15000,0,0,0,16000,0,0,blocked,0,roce,0,15000,1000,0,0,0,0,equal_remainder_last,ring_next,4,1,1,0,0,37500,24,,roce
4850536,0,9,395,0,2,5,inbound_arrival,1,1000,0,ring_allreduce,4,150000,1,reduce_scatter,3,112500,37500,1000,1000,50000000,37500,0,0,16000,0,0,0,17000,0,0,blocked,0,roce,0,16000,1000,0,0,0,0,equal_remainder_last,ring_next,4,1,1,0,0,37500,24,,roce
4858536,0,9,398,0,2,5,inbound_arrival,1,1000,0,ring_allreduce,4,150000,1,reduce_scatter,3,112500,37500,1000,1000,50000000,37500,0,0,17000,0,0,0,18000,0,0,blocked,0,roce,0,17000,1000,0,0,0,0,equal_remainder_last,ring_next,4,1,1,0,0,37500,24,,roce
4866536,0,9,401,0,2,5,inbound_arrival,1,1000,0,ring_allreduce,4,150000,1,reduce_scatter,3,112500,37500,1000,1000,50000000,37500,0,0,18000,0,0,0,19000,0,0,blocked,0,roce,0,18000,1000,0,0,0,0,equal_remainder_last,ring_next,4,1,1,0,0,37500,24,,roce
4874536,0,9,404,0,2,5,inbound_arrival,1,1000,0,ring_allreduce,4,150000,1,reduce_scatter,3,112500,37500,1000,1000,50000000,37500,0,0,19000,0,0,0,20000,0,0,blocked,0,roce,0,19000,1000,0,0,0,0,equal_remainder_last,ring_next,4,1,1,0,0,37500,24,,roce
4882536,0,9,407,0,2,5,inbound_arrival,1,1000,0,ring_allreduce,4,150000,1,reduce_scatter,3,112500,37500,1000,1000,50000000,37500,0,0,20000,0,0,0,21000,0,0,blocked,0,roce,0,20000,1000,0,0,0,0,equal_remainder_last,ring_next,4,1,1,0,0,37500,24,,roce
4890536,0,9,410,0,2,5,inbound_arrival,1,1000,0,ring_allreduce,4,150000,1,reduce_scatter,3,112500,37500,1000,1000,50000000,37500,0,0,21000,0,0,0,22000,0,0,blocked,0,roce,0,21000,1000,0,0,0,0,equal_remainder_last,ring_next,4,1,1,0,0,37500,24,,roce
4898536,0,9,413,0,2,5,inbound_arrival,1,1000,0,ring_allreduce,4,150000,1,reduce_scatter,3,112500,37500,1000,1000,50000000,37500,0,0,22000,0,0,0,23000,0,0,blocked,0,roce,0,22000,1000,0,0,0,0,equal_remainder_last,ring_next,4,1,1,0,0,37500,24,,roce
4906536,0,9,416,0,2,5,inbound_arrival,1,1000,0,ring_allreduce,4,150000,1,reduce_scatter,3,112500,37500,1000,1000,50000000,37500,0,0,23000,0,0,0,24000,0,0,blocked,0,roce,0,23000,1000,0,0,0,0,equal_remainder_last,ring_next,4,1,1,0,0,37500,24,,roce
4914536,0,9,419,0,2,5,inbound_arrival,1,1000,0,ring_allreduce,4,150000,1,reduce_scatter,3,112500,37500,1000,1000,50000000,37500,0,0,24000,0,0,0,25000,0,0,blocked,0,roce,0,24000,1000,0,0,0,0,equal_remainder_last,ring_next,4,1,1,0,0,37500,24,,roce
4922536,0,9,422,0,2,5,inbound_arrival,1,1000,0,ring_allreduce,4,150000,1,reduce_scatter,3,112500,37500,1000,1000,50000000,37500,0,0,25000,0,0,0,26000,0,0,blocked,0,roce,0,25000,1000,0,0,0,0,equal_remainder_last,ring_next,4,1,1,0,0,37500,24,,roce
4928072,0,6,455,0,1,8,inbound_arrival,4,1000,0,ring_allreduce,4,150000,2,reduce_scatter,3,0,37500,1000,1000,50000000,37500,0,0,6000,0,0,0,7000,0,0,blocked,0,roce,0,6000,1000,0,0,0,0,equal_remainder_last,ring_next,7,4,1,0,0,37500,24,,roce
4930536,0,9,425,0,2,5,inbound_arrival,1,1000,0,ring_allreduce,4,150000,1,reduce_scatter,3,112500,37500,1000,1000,50000000,37500,0,0,26000,0,0,0,27000,0,0,blocked,0,roce,0,26000,1000,0,0,0,0,equal_remainder_last,ring_next,4,1,1,0,0,37500,24,,roce
4936584,0,6,458,0,1,8,inbound_arrival,4,1000,0,ring_allreduce,4,150000,2,reduce_scatter,3,0,37500,1000,1000,50000000,37500,0,0,7000,0,0,0,8000,0,0,blocked,0,roce,0,7000,1000,0,0,0,0,equal_remainder_last,ring_next,7,4,1,0,0,37500,24,,roce
4938536,0,9,428,0,2,5,inbound_arrival,1,1000,0,ring_allreduce,4,150000,1,reduce_scatter,3,112500,37500,1000,1000,50000000,37500,0,0,27000,0,0,0,28000,0,0,blocked,0,roce,0,27000,1000,0,0,0,0,equal_remainder_last,ring_next,4,1,1,0,0,37500,24,,roce
4945096,0,6,461,0,1,8,inbound_arrival,4,1000,0,ring_allreduce,4,150000,2,reduce_scatter,3,0,37500,1000,1000,50000000,37500,0,0,8000,0,0,0,9000,0,0,blocked,0,roce,0,8000,1000,0,0,0,0,equal_remainder_last,ring_next,7,4,1,0,0,37500,24,,roce
4947048,0,9,434,0,2,5,inbound_arrival,1,1000,0,ring_allreduce,4,150000,1,reduce_scatter,3,112500,37500,1000,1000,50000000,37500,0,0,28000,0,0,0,29000,0,0,blocked,0,roce,0,28000,1000,0,0,0,0,equal_remainder_last,ring_next,4,1,1,0,0,37500,24,,roce
4953608,0,6,464,0,1,8,inbound_arrival,4,1000,0,ring_allreduce,4,150000,2,reduce_scatter,3,0,37500,1000,1000,50000000,37500,0,0,9000,0,0,0,10000,0,0,blocked,0,roce,0,9000,1000,0,0,0,0,equal_remainder_last,ring_next,7,4,1,0,0,37500,24,,roce
4955560,0,9,440,0,2,5,inbound_arrival,1,1000,0,ring_allreduce,4,150000,1,reduce_scatter,3,112500,37500,1000,1000,50000000,37500,0,0,29000,0,0,0,30000,0,0,blocked,0,roce,0,29000,1000,0,0,0,0,equal_remainder_last,ring_next,4,1,1,0,0,37500,24,,roce
4962120,0,6,467,0,1,8,inbound_arrival,4,1000,0,ring_allreduce,4,150000,2,reduce_scatter,3,0,37500,1000,1000,50000000,37500,0,0,10000,0,0,0,11000,0,0,blocked,0,roce,0,10000,1000,0,0,0,0,equal_remainder_last,ring_next,7,4,1,0,0,37500,24,,roce
4964072,0,9,446,0,2,5,inbound_arrival,1,1000,0,ring_allreduce,4,150000,1,reduce_scatter,3,112500,37500,1000,1000,50000000,37500,0,0,30000,0,0,0,31000,0,0,blocked,0,roce,0,30000,1000,0,0,0,0,equal_remainder_last,ring_next,4,1,1,0,0,37500,24,,roce
4970632,0,6,470,0,1,8,inbound_arrival,4,1000,0,ring_allreduce,4,150000,2,reduce_scatter,3,0,37500,1000,1000,50000000,37500,0,0,11000,0,0,0,12000,0,0,blocked,0,roce,0,11000,1000,0,0,0,0,equal_remainder_last,ring_next,7,4,1,0,0,37500,24,,roce
4972584,0,9,452,0,2,5,inbound_arrival,1,1000,0,ring_allreduce,4,150000,1,reduce_scatter,3,112500,37500,1000,1000,50000000,37500,0,0,31000,0,0,0,32000,0,0,blocked,0,roce,0,31000,1000,0,0,0,0,equal_remainder_last,ring_next,4,1,1,0,0,37500,24,,roce
4979144,0,6,473,0,1,8,inbound_arrival,4,1000,0,ring_allreduce,4,150000,2,reduce_scatter,3,0,37500,1000,1000,50000000,37500,0,0,12000,0,0,0,13000,0,0,blocked,0,roce,0,12000,1000,0,0,0,0,equal_remainder_last,ring_next,7,4,1,0,0,37500,24,,roce
4980584,0,9,455,0,2,5,inbound_arrival,1,1000,0,ring_allreduce,4,150000,1,reduce_scatter,3,112500,37500,1000,1000,50000000,37500,0,0,32000,0,0,0,33000,0,0,blocked,0,roce,0,32000,1000,0,0,0,0,equal_remainder_last,ring_next,4,1,1,0,0,37500,24,,roce
4987656,0,6,476,0,1,8,inbound_arrival,4,1000,0,ring_allreduce,4,150000,2,reduce_scatter,3,0,37500,1000,1000,50000000,37500,0,0,13000,0,0,0,14000,0,0,blocked,0,roce,0,13000,1000,0,0,0,0,equal_remainder_last,ring_next,7,4,1,0,0,37500,24,,roce
4989096,0,9,461,0,2,5,inbound_arrival,1,1000,0,ring_allreduce,4,150000,1,reduce_scatter,3,112500,37500,1000,1000,50000000,37500,0,0,33000,0,0,0,34000,0,0,blocked,0,roce,0,33000,1000,0,0,0,0,equal_remainder_last,ring_next,4,1,1,0,0,37500,24,,roce
4996168,0,6,479,0,1,8,inbound_arrival,4,1000,0,ring_allreduce,4,150000,2,reduce_scatter,3,0,37500,1000,1000,50000000,37500,0,0,14000,0,0,0,15000,0,0,blocked,0,roce,0,14000,1000,0,0,0,0,equal_remainder_last,ring_next,7,4,1,0,0,37500,24,,roce
4997608,0,9,467,0,2,5,inbound_arrival,1,1000,0,ring_allreduce,4,150000,1,reduce_scatter,3,112500,37500,1000,1000,50000000,37500,0,0,34000,0,0,0,35000,0,0,blocked,0,roce,0,34000,1000,0,0,0,0,equal_remainder_last,ring_next,4,1,1,0,0,37500,24,,roce
5004680,0,6,482,0,1,8,inbound_arrival,4,1000,0,ring_allreduce,4,150000,2,reduce_scatter,3,0,37500,1000,1000,50000000,37500,0,0,15000,0,0,0,16000,0,0,blocked,0,roce,0,15000,1000,0,0,0,0,equal_remainder_last,ring_next,7,4,1,0,0,37500,24,,roce
5006120,0,9,473,0,2,5,inbound_arrival,1,1000,0,ring_allreduce,4,150000,1,reduce_scatter,3,112500,37500,1000,1000,50000000,37500,0,0,35000,0,0,0,36000,0,0,blocked,0,roce,0,35000,1000,0,0,0,0,equal_remainder_last,ring_next,4,1,1,0,0,37500,24,,roce
5010120,0,12,464,0,3,11,inbound_arrival,7,500,0,ring_allreduce,4,150000,3,reduce_scatter,3,37500,37500,1000,1000,50000000,37500,1,0,37000,1,1,1,37500,0,0,blocked,5010120,roce,0,37000,500,0,0,0,0,equal_remainder_last,ring_next,10,7,1,1,1,37500,24,,roce
5013192,0,6,485,0,1,8,inbound_arrival,4,1000,0,ring_allreduce,4,150000,2,reduce_scatter,3,0,37500,1000,1000,50000000,37500,0,0,16000,0,0,0,17000,0,0,blocked,0,roce,0,16000,1000,0,0,0,0,equal_remainder_last,ring_next,7,4,1,0,0,37500,24,,roce
5018632,0,9,479,0,2,5,inbound_arrival,1,1000,0,ring_allreduce,4,150000,1,reduce_scatter,3,112500,37500,1000,1000,50000000,37500,0,0,36000,0,0,0,37000,0,0,blocked,0,roce,0,36000,1000,0,0,0,0,equal_remainder_last,ring_next,4,1,1,0,0,37500,24,,roce
5021704,0,6,488,0,1,8,inbound_arrival,4,1000,0,ring_allreduce,4,150000,2,reduce_scatter,3,0,37500,1000,1000,50000000,37500,0,0,17000,0,0,0,18000,0,0,blocked,0,roce,0,17000,1000,0,0,0,0,equal_remainder_last,ring_next,7,4,1,0,0,37500,24,,roce
5022216,0,6,491,0,1,8,local_completion,7,0,0,ring_allreduce,4,150000,2,reduce_scatter,3,0,37500,1000,1000,50000000,37500,0,0,18000,0,1,0,18000,0,0,blocked,0,roce,0,0,0,37500,4985048,18048,0,equal_remainder_last,ring_next,7,4,1,0,1,37500,24,,roce
5023144,0,9,485,0,2,5,inbound_arrival,1,500,0,ring_allreduce,4,150000,1,reduce_scatter,3,112500,37500,1000,1000,50000000,37500,0,0,37000,0,0,1,37500,0,0,blocked,0,roce,0,37000,500,0,0,0,0,equal_remainder_last,ring_next,4,1,1,0,0,37500,24,,roce
5030728,0,6,494,0,1,8,inbound_arrival,4,1000,0,ring_allreduce,4,150000,2,reduce_scatter,3,0,37500,1000,1000,50000000,37500,1,0,18000,0,1,0,19000,0,0,blocked,0,roce,0,18000,1000,0,0,0,0,equal_remainder_last,ring_next,7,4,1,1,1,37500,24,,roce
5039240,0,6,497,0,1,8,inbound_arrival,4,1000,0,ring_allreduce,4,150000,2,reduce_scatter,3,0,37500,1000,1000,50000000,37500,1,0,19000,0,1,0,20000,0,0,blocked,0,roce,0,19000,1000,0,0,0,0,equal_remainder_last,ring_next,7,4,1,1,1,37500,24,,roce
5041288,0,4,491,0,0,2,local_completion,1,0,0,ring_allreduce,4,150000,0,reduce_scatter,3,75000,37500,1000,1000,50000000,37500,0,1,37500,1,1,1,37500,0,0,blocked,5041288,roce,0,0,0,37500,4982536,18048,0,equal_remainder_last,ring_next,1,10,1,0,1,37500,24,,roce
5047240,0,6,500,0,1,8,inbound_arrival,4,1000,0,ring_allreduce,4,150000,2,reduce_scatter,3,0,37500,1000,1000,50000000,37500,1,0,20000,0,1,0,21000,0,0,blocked,0,roce,0,20000,1000,0,0,0,0,equal_remainder_last,ring_next,7,4,1,1,1,37500,24,,roce
5064264,0,4,494,0,0,12,inbound_arrival,11,1000,0,ring_allreduce,4,150000,0,allgather,1,37500,37500,1000,1000,50000000,37500,0,0,0,0,0,0,1000,0,0,blocked,0,roce,0,0,1000,0,0,0,0,equal_remainder_last,ring_next,2,11,1,0,0,37500,24,,roce
5064264,0,6,503,0,1,8,inbound_arrival,4,1000,0,ring_allreduce,4,150000,2,reduce_scatter,3,0,37500,1000,1000,50000000,37500,1,0,21000,0,1,0,22000,0,0,blocked,0,roce,0,21000,1000,0,0,0,0,equal_remainder_last,ring_next,7,4,1,1,1,37500,24,,roce
5080264,0,4,497,0,0,12,inbound_arrival,11,1000,0,ring_allreduce,4,150000,0,allgather,1,37500,37500,1000,1000,50000000,37500,0,0,1000,0,0,0,2000,0,0,blocked,0,roce,0,1000,1000,0,0,0,0,equal_remainder_last,ring_next,2,11,1,0,0,37500,24,,roce
5080264,0,6,506,0,1,8,inbound_arrival,4,1000,0,ring_allreduce,4,150000,2,reduce_scatter,3,0,37500,1000,1000,50000000,37500,1,0,22000,0,1,0,23000,0,0,blocked,0,roce,0,22000,1000,0,0,0,0,equal_remainder_last,ring_next,7,4,1,1,1,37500,24,,roce
5080288,0,9,506,0,2,15,inbound_arrival,2,1000,0,ring_allreduce,4,150000,1,allgather,1,75000,37500,1000,1000,50000000,37500,0,0,0,0,0,0,1000,0,0,blocked,0,roce,0,0,1000,0,0,0,0,equal_remainder_last,ring_next,5,2,1,0,0,37500,24,,roce
5088800,0,9,512,0,2,15,inbound_arrival,2,1000,0,ring_allreduce,4,150000,1,allgather,1,75000,37500,1000,1000,50000000,37500,0,0,1000,0,0,0,2000,0,0,blocked,0,roce,0,1000,1000,0,0,0,0,equal_remainder_last,ring_next,5,2,1,0,0,37500,24,,roce
5096264,0,4,500,0,0,12,inbound_arrival,11,1000,0,ring_allreduce,4,150000,0,allgather,1,37500,37500,1000,1000,50000000,37500,0,0,2000,0,0,0,3000,0,0,blocked,0,roce,0,2000,1000,0,0,0,0,equal_remainder_last,ring_next,2,11,1,0,0,37500,24,,roce
5096264,0,6,509,0,1,8,inbound_arrival,4,1000,0,ring_allreduce,4,150000,2,reduce_scatter,3,0,37500,1000,1000,50000000,37500,1,0,23000,0,1,0,24000,0,0,blocked,0,roce,0,23000,1000,0,0,0,0,equal_remainder_last,ring_next,7,4,1,1,1,37500,24,,roce
5097824,0,9,518,0,2,15,inbound_arrival,2,1000,0,ring_allreduce,4,150000,1,allgather,1,75000,37500,1000,1000,50000000,37500,0,0,2000,0,0,0,3000,0,0,blocked,0,roce,0,2000,1000,0,0,0,0,equal_remainder_last,ring_next,5,2,1,0,0,37500,24,,roce
5105824,0,9,521,0,2,15,inbound_arrival,2,1000,0,ring_allreduce,4,150000,1,allgather,1,75000,37500,1000,1000,50000000,37500,0,0,3000,0,0,0,4000,0,0,blocked,0,roce,0,3000,1000,0,0,0,0,equal_remainder_last,ring_next,5,2,1,0,0,37500,24,,roce
5112264,0,4,503,0,0,12,inbound_arrival,11,1000,0,ring_allreduce,4,150000,0,allgather,1,37500,37500,1000,1000,50000000,37500,0,0,3000,0,0,0,4000,0,0,blocked,0,roce,0,3000,1000,0,0,0,0,equal_remainder_last,ring_next,2,11,1,0,0,37500,24,,roce
5112264,0,6,512,0,1,8,inbound_arrival,4,1000,0,ring_allreduce,4,150000,2,reduce_scatter,3,0,37500,1000,1000,50000000,37500,1,0,24000,0,1,0,25000,0,0,blocked,0,roce,0,24000,1000,0,0,0,0,equal_remainder_last,ring_next,7,4,1,1,1,37500,24,,roce
5114848,0,9,527,0,2,15,inbound_arrival,2,1000,0,ring_allreduce,4,150000,1,allgather,1,75000,37500,1000,1000,50000000,37500,0,0,4000,0,0,0,5000,0,0,blocked,0,roce,0,4000,1000,0,0,0,0,equal_remainder_last,ring_next,5,2,1,0,0,37500,24,,roce
5122848,0,9,530,0,2,15,inbound_arrival,2,1000,0,ring_allreduce,4,150000,1,allgather,1,75000,37500,1000,1000,50000000,37500,0,0,5000,0,0,0,6000,0,0,blocked,0,roce,0,5000,1000,0,0,0,0,equal_remainder_last,ring_next,5,2,1,0,0,37500,24,,roce
5128264,0,4,506,0,0,12,inbound_arrival,11,1000,0,ring_allreduce,4,150000,0,allgather,1,37500,37500,1000,1000,50000000,37500,0,0,4000,0,0,0,5000,0,0,blocked,0,roce,0,4000,1000,0,0,0,0,equal_remainder_last,ring_next,2,11,1,0,0,37500,24,,roce
5128264,0,6,515,0,1,8,inbound_arrival,4,1000,0,ring_allreduce,4,150000,2,reduce_scatter,3,0,37500,1000,1000,50000000,37500,1,0,25000,0,1,0,26000,0,0,blocked,0,roce,0,25000,1000,0,0,0,0,equal_remainder_last,ring_next,7,4,1,1,1,37500,24,,roce
5131872,0,9,536,0,2,15,inbound_arrival,2,1000,0,ring_allreduce,4,150000,1,allgather,1,75000,37500,1000,1000,50000000,37500,0,0,6000,0,0,0,7000,0,0,blocked,0,roce,0,6000,1000,0,0,0,0,equal_remainder_last,ring_next,5,2,1,0,0,37500,24,,roce
5139872,0,9,539,0,2,15,inbound_arrival,2,1000,0,ring_allreduce,4,150000,1,allgather,1,75000,37500,1000,1000,50000000,37500,0,0,7000,0,0,0,8000,0,0,blocked,0,roce,0,7000,1000,0,0,0,0,equal_remainder_last,ring_next,5,2,1,0,0,37500,24,,roce
5144264,0,4,509,0,0,12,inbound_arrival,11,1000,0,ring_allreduce,4,150000,0,allgather,1,37500,37500,1000,1000,50000000,37500,0,0,5000,0,0,0,6000,0,0,blocked,0,roce,0,5000,1000,0,0,0,0,equal_remainder_last,ring_next,2,11,1,0,0,37500,24,,roce
5144264,0,6,518,0,1,8,inbound_arrival,4,1000,0,ring_allreduce,4,150000,2,reduce_scatter,3,0,37500,1000,1000,50000000,37500,1,0,26000,0,1,0,27000,0,0,blocked,0,roce,0,26000,1000,0,0,0,0,equal_remainder_last,ring_next,7,4,1,1,1,37500,24,,roce
5148896,0,9,545,0,2,15,inbound_arrival,2,1000,0,ring_allreduce,4,150000,1,allgather,1,75000,37500,1000,1000,50000000,37500,0,0,8000,0,0,0,9000,0,0,blocked,0,roce,0,8000,1000,0,0,0,0,equal_remainder_last,ring_next,5,2,1,0,0,37500,24,,roce
5156896,0,9,548,0,2,15,inbound_arrival,2,1000,0,ring_allreduce,4,150000,1,allgather,1,75000,37500,1000,1000,50000000,37500,0,0,9000,0,0,0,10000,0,0,blocked,0,roce,0,9000,1000,0,0,0,0,equal_remainder_last,ring_next,5,2,1,0,0,37500,24,,roce
5160264,0,4,512,0,0,12,inbound_arrival,11,1000,0,ring_allreduce,4,150000,0,allgather,1,37500,37500,1000,1000,50000000,37500,0,0,6000,0,0,0,7000,0,0,blocked,0,roce,0,6000,1000,0,0,0,0,equal_remainder_last,ring_next,2,11,1,0,0,37500,24,,roce
5160264,0,6,521,0,1,8,inbound_arrival,4,1000,0,ring_allreduce,4,150000,2,reduce_scatter,3,0,37500,1000,1000,50000000,37500,1,0,27000,0,1,0,28000,0,0,blocked,0,roce,0,27000,1000,0,0,0,0,equal_remainder_last,ring_next,7,4,1,1,1,37500,24,,roce
5165920,0,9,554,0,2,15,inbound_arrival,2,1000,0,ring_allreduce,4,150000,1,allgather,1,75000,37500,1000,1000,50000000,37500,0,0,10000,0,0,0,11000,0,0,blocked,0,roce,0,10000,1000,0,0,0,0,equal_remainder_last,ring_next,5,2,1,0,0,37500,24,,roce
5173920,0,9,557,0,2,15,inbound_arrival,2,1000,0,ring_allreduce,4,150000,1,allgather,1,75000,37500,1000,1000,50000000,37500,0,0,11000,0,0,0,12000,0,0,blocked,0,roce,0,11000,1000,0,0,0,0,equal_remainder_last,ring_next,5,2,1,0,0,37500,24,,roce
5176264,0,4,515,0,0,12,inbound_arrival,11,1000,0,ring_allreduce,4,150000,0,allgather,1,37500,37500,1000,1000,50000000,37500,0,0,7000,0,0,0,8000,0,0,blocked,0,roce,0,7000,1000,0,0,0,0,equal_remainder_last,ring_next,2,11,1,0,0,37500,24,,roce
5182944,0,9,563,0,2,15,inbound_arrival,2,1000,0,ring_allreduce,4,150000,1,allgather,1,75000,37500,1000,1000,50000000,37500,0,0,12000,0,0,0,13000,0,0,blocked,0,roce,0,12000,1000,0,0,0,0,equal_remainder_last,ring_next,5,2,1,0,0,37500,24,,roce
5184264,0,4,518,0,0,12,inbound_arrival,11,1000,0,ring_allreduce,4,150000,0,allgather,1,37500,37500,1000,1000,50000000,37500,0,0,8000,0,0,0,9000,0,0,blocked,0,roce,0,8000,1000,0,0,0,0,equal_remainder_last,ring_next,2,11,1,0,0,37500,24,,roce
5184776,0,6,524,0,1,8,inbound_arrival,4,0,0,ring_allreduce,4,150000,2,reduce_scatter,3,0,37500,1000,1000,50000000,37500,1,0,28000,0,1,0,28000,0,0,blocked,0,roce,0,30000,1000,0,0,0,0,equal_remainder_last,ring_next,7,4,1,1,1,37500,24,,roce
5190944,0,9,566,0,2,15,inbound_arrival,2,1000,0,ring_allreduce,4,150000,1,allgather,1,75000,37500,1000,1000,50000000,37500,0,0,13000,0,0,0,14000,0,0,blocked,0,roce,0,13000,1000,0,0,0,0,equal_remainder_last,ring_next,5,2,1,0,0,37500,24,,roce
5199456,0,9,569,0,2,15,inbound_arrival,2,1000,0,ring_allreduce,4,150000,1,allgather,1,75000,37500,1000,1000,50000000,37500,0,0,14000,0,0,0,15000,0,0,blocked,0,roce,0,14000,1000,0,0,0,0,equal_remainder_last,ring_next,5,2,1,0,0,37500,24,,roce
5200776,0,4,524,0,0,12,inbound_arrival,11,0,0,ring_allreduce,4,150000,0,allgather,1,37500,37500,1000,1000,50000000,37500,0,0,9000,0,0,0,9000,0,0,blocked,0,roce,0,11000,1000,0,0,0,0,equal_remainder_last,ring_next,2,11,1,0,0,37500,24,,roce
5207968,0,9,575,0,2,15,inbound_arrival,2,1000,0,ring_allreduce,4,150000,1,allgather,1,75000,37500,1000,1000,50000000,37500,0,0,15000,0,0,0,16000,0,0,blocked,0,roce,0,15000,1000,0,0,0,0,equal_remainder_last,ring_next,5,2,1,0,0,37500,24,,roce
5208776,0,4,527,0,0,12,inbound_arrival,11,0,0,ring_allreduce,4,150000,0,allgather,1,37500,37500,1000,1000,50000000,37500,0,0,9000,0,0,0,9000,0,0,blocked,0,roce,0,12000,1000,0,0,0,0,equal_remainder_last,ring_next,2,11,1,0,0,37500,24,,roce
5216480,0,9,578,0,2,15,inbound_arrival,2,1000,0,ring_allreduce,4,150000,1,allgather,1,75000,37500,1000,1000,50000000,37500,0,0,16000,0,0,0,17000,0,0,blocked,0,roce,0,16000,1000,0,0,0,0,equal_remainder_last,ring_next,5,2,1,0,0,37500,24,,roce
5216776,0,4,530,0,0,12,inbound_arrival,11,0,0,ring_allreduce,4,150000,0,allgather,1,37500,37500,1000,1000,50000000,37500,0,0,9000,0,0,0,9000,0,0,blocked,0,roce,0,13000,1000,0,0,0,0,equal_remainder_last,ring_next,2,11,1,0,0,37500,24,,roce
5224776,0,4,533,0,0,12,inbound_arrival,11,0,0,ring_allreduce,4,150000,0,allgather,1,37500,37500,1000,1000,50000000,37500,0,0,9000,0,0,0,9000,0,0,blocked,0,roce,0,14000,1000,0,0,0,0,equal_remainder_last,ring_next,2,11,1,0,0,37500,24,,roce
5224992,0,9,581,0,2,15,inbound_arrival,2,1000,0,ring_allreduce,4,150000,1,allgather,1,75000,37500,1000,1000,50000000,37500,0,0,17000,0,0,0,18000,0,0,blocked,0,roce,0,17000,1000,0,0,0,0,equal_remainder_last,ring_next,5,2,1,0,0,37500,24,,roce
5232776,0,4,536,0,0,12,inbound_arrival,11,0,0,ring_allreduce,4,150000,0,allgather,1,37500,37500,1000,1000,50000000,37500,0,0,9000,0,0,0,9000,0,0,blocked,0,roce,0,15000,1000,0,0,0,0,equal_remainder_last,ring_next,2,11,1,0,0,37500,24,,roce
5232992,0,9,584,0,2,15,inbound_arrival,2,1000,0,ring_allreduce,4,150000,1,allgather,1,75000,37500,1000,1000,50000000,37500,0,0,18000,0,0,0,19000,0,0,blocked,0,roce,0,18000,1000,0,0,0,0,equal_remainder_last,ring_next,5,2,1,0,0,37500,24,,roce
5240776,0,4,539,0,0,12,inbound_arrival,11,0,0,ring_allreduce,4,150000,0,allgather,1,37500,37500,1000,1000,50000000,37500,0,0,9000,0,0,0,9000,0,0,blocked,0,roce,0,16000,1000,0,0,0,0,equal_remainder_last,ring_next,2,11,1,0,0,37500,24,,roce
5240992,0,9,587,0,2,15,inbound_arrival,2,1000,0,ring_allreduce,4,150000,1,allgather,1,75000,37500,1000,1000,50000000,37500,0,0,19000,0,0,0,20000,0,0,blocked,0,roce,0,19000,1000,0,0,0,0,equal_remainder_last,ring_next,5,2,1,0,0,37500,24,,roce
5249504,0,9,590,0,2,15,inbound_arrival,2,1000,0,ring_allreduce,4,150000,1,allgather,1,75000,37500,1000,1000,50000000,37500,0,0,20000,0,0,0,21000,0,0,blocked,0,roce,0,20000,1000,0,0,0,0,equal_remainder_last,ring_next,5,2,1,0,0,37500,24,,roce
5249800,0,4,548,0,0,12,inbound_arrival,11,0,0,ring_allreduce,4,150000,0,allgather,1,37500,37500,1000,1000,50000000,37500,0,0,9000,0,0,0,9000,0,0,blocked,0,roce,0,18000,1000,0,0,0,0,equal_remainder_last,ring_next,2,11,1,0,0,37500,24,,roce
5257504,0,9,593,0,2,15,inbound_arrival,2,1000,0,ring_allreduce,4,150000,1,allgather,1,75000,37500,1000,1000,50000000,37500,0,0,21000,0,0,0,22000,0,0,blocked,0,roce,0,21000,1000,0,0,0,0,equal_remainder_last,ring_next,5,2,1,0,0,37500,24,,roce
5257800,0,4,551,0,0,12,inbound_arrival,11,0,0,ring_allreduce,4,150000,0,allgather,1,37500,37500,1000,1000,50000000,37500,0,0,9000,0,0,0,9000,0,0,blocked,0,roce,0,19000,1000,0,0,0,0,equal_remainder_last,ring_next,2,11,1,0,0,37500,24,,roce
5265504,0,9,596,0,2,15,inbound_arrival,2,1000,0,ring_allreduce,4,150000,1,allgather,1,75000,37500,1000,1000,50000000,37500,0,0,22000,0,0,0,23000,0,0,blocked,0,roce,0,22000,1000,0,0,0,0,equal_remainder_last,ring_next,5,2,1,0,0,37500,24,,roce
5265800,0,4,554,0,0,12,inbound_arrival,11,0,0,ring_allreduce,4,150000,0,allgather,1,37500,37500,1000,1000,50000000,37500,0,0,9000,0,0,0,9000,0,0,blocked,0,roce,0,20000,1000,0,0,0,0,equal_remainder_last,ring_next,2,11,1,0,0,37500,24,,roce
5273504,0,9,599,0,2,15,inbound_arrival,2,1000,0,ring_allreduce,4,150000,1,allgather,1,75000,37500,1000,1000,50000000,37500,0,0,23000,0,0,0,24000,0,0,blocked,0,roce,0,23000,1000,0,0,0,0,equal_remainder_last,ring_next,5,2,1,0,0,37500,24,,roce
5273800,0,4,557,0,0,12,inbound_arrival,11,0,0,ring_allreduce,4,150000,0,allgather,1,37500,37500,1000,1000,50000000,37500,0,0,9000,0,0,0,9000,0,0,blocked,0,roce,0,21000,1000,0,0,0,0,equal_remainder_last,ring_next,2,11,1,0,0,37500,24,,roce
5281504,0,9,602,0,2,15,inbound_arrival,2,1000,0,ring_allreduce,4,150000,1,allgather,1,75000,37500,1000,1000,50000000,37500,0,0,24000,0,0,0,25000,0,0,blocked,0,roce,0,24000,1000,0,0,0,0,equal_remainder_last,ring_next,5,2,1,0,0,37500,24,,roce
5281800,0,4,560,0,0,12,inbound_arrival,11,0,0,ring_allreduce,4,150000,0,allgather,1,37500,37500,1000,1000,50000000,37500,0,0,9000,0,0,0,9000,0,0,blocked,0,roce,0,22000,1000,0,0,0,0,equal_remainder_last,ring_next,2,11,1,0,0,37500,24,,roce
5289504,0,9,605,0,2,15,inbound_arrival,2,1000,0,ring_allreduce,4,150000,1,allgather,1,75000,37500,1000,1000,50000000,37500,0,0,25000,0,0,0,26000,0,0,blocked,0,roce,0,25000,1000,0,0,0,0,equal_remainder_last,ring_next,5,2,1,0,0,37500,24,,roce
5289800,0,4,563,0,0,12,inbound_arrival,11,0,0,ring_allreduce,4,150000,0,allgather,1,37500,37500,1000,1000,50000000,37500,0,0,9000,0,0,0,9000,0,0,blocked,0,roce,0,23000,1000,0,0,0,0,equal_remainder_last,ring_next,2,11,1,0,0,37500,24,,roce
5297504,0,9,608,0,2,15,inbound_arrival,2,1000,0,ring_allreduce,4,150000,1,allgather,1,75000,37500,1000,1000,50000000,37500,0,0,26000,0,0,0,27000,0,0,blocked,0,roce,0,26000,1000,0,0,0,0,equal_remainder_last,ring_next,5,2,1,0,0,37500,24,,roce
5297800,0,4,566,0,0,12,inbound_arrival,11,0,0,ring_allreduce,4,150000,0,allgather,1,37500,37500,1000,1000,50000000,37500,0,0,9000,0,0,0,9000,0,0,blocked,0,roce,0,24000,1000,0,0,0,0,equal_remainder_last,ring_next,2,11,1,0,0,37500,24,,roce
5297800,0,6,527,0,1,8,inbound_arrival,4,0,0,ring_allreduce,4,150000,2,reduce_scatter,3,0,37500,1000,1000,50000000,37500,1,0,28000,0,1,0,28000,0,0,blocked,0,roce,0,30000,1000,0,0,0,0,equal_remainder_last,ring_next,7,4,1,1,1,37500,24,,roce
5305504,0,9,611,0,2,15,inbound_arrival,2,1000,0,ring_allreduce,4,150000,1,allgather,1,75000,37500,1000,1000,50000000,37500,0,0,27000,0,0,0,28000,0,0,blocked,0,roce,0,27000,1000,0,0,0,0,equal_remainder_last,ring_next,5,2,1,0,0,37500,24,,roce
5306312,0,6,530,0,1,8,inbound_arrival,4,0,0,ring_allreduce,4,150000,2,reduce_scatter,3,0,37500,1000,1000,50000000,37500,1,0,28000,0,1,0,28000,0,0,blocked,0,roce,0,31000,1000,0,0,0,0,equal_remainder_last,ring_next,7,4,1,1,1,37500,24,,roce
5313504,0,9,614,0,2,15,inbound_arrival,2,1000,0,ring_allreduce,4,150000,1,allgather,1,75000,37500,1000,1000,50000000,37500,0,0,28000,0,0,0,29000,0,0,blocked,0,roce,0,28000,1000,0,0,0,0,equal_remainder_last,ring_next,5,2,1,0,0,37500,24,,roce
5314312,0,6,533,0,1,8,inbound_arrival,4,0,0,ring_allreduce,4,150000,2,reduce_scatter,3,0,37500,1000,1000,50000000,37500,1,0,28000,0,1,0,28000,0,0,blocked,0,roce,0,32000,1000,0,0,0,0,equal_remainder_last,ring_next,7,4,1,1,1,37500,24,,roce
5321504,0,9,617,0,2,15,inbound_arrival,2,1000,0,ring_allreduce,4,150000,1,allgather,1,75000,37500,1000,1000,50000000,37500,0,0,29000,0,0,0,30000,0,0,blocked,0,roce,0,29000,1000,0,0,0,0,equal_remainder_last,ring_next,5,2,1,0,0,37500,24,,roce
5322312,0,6,536,0,1,8,inbound_arrival,4,0,0,ring_allreduce,4,150000,2,reduce_scatter,3,0,37500,1000,1000,50000000,37500,1,0,28000,0,1,0,28000,0,0,blocked,0,roce,0,33000,1000,0,0,0,0,equal_remainder_last,ring_next,7,4,1,1,1,37500,24,,roce
5329504,0,9,620,0,2,15,inbound_arrival,2,1000,0,ring_allreduce,4,150000,1,allgather,1,75000,37500,1000,1000,50000000,37500,0,0,30000,0,0,0,31000,0,0,blocked,0,roce,0,30000,1000,0,0,0,0,equal_remainder_last,ring_next,5,2,1,0,0,37500,24,,roce
5330824,0,6,539,0,1,8,inbound_arrival,4,0,0,ring_allreduce,4,150000,2,reduce_scatter,3,0,37500,1000,1000,50000000,37500,1,0,28000,0,1,0,28000,0,0,blocked,0,roce,0,34000,1000,0,0,0,0,equal_remainder_last,ring_next,7,4,1,1,1,37500,24,,roce
5337504,0,9,623,0,2,15,inbound_arrival,2,1000,0,ring_allreduce,4,150000,1,allgather,1,75000,37500,1000,1000,50000000,37500,0,0,31000,0,0,0,32000,0,0,blocked,0,roce,0,31000,1000,0,0,0,0,equal_remainder_last,ring_next,5,2,1,0,0,37500,24,,roce
5338824,0,6,542,0,1,8,inbound_arrival,4,0,0,ring_allreduce,4,150000,2,reduce_scatter,3,0,37500,1000,1000,50000000,37500,1,0,28000,0,1,0,28000,0,0,blocked,0,roce,0,35000,1000,0,0,0,0,equal_remainder_last,ring_next,7,4,1,1,1,37500,24,,roce
5345504,0,9,626,0,2,15,inbound_arrival,2,1000,0,ring_allreduce,4,150000,1,allgather,1,75000,37500,1000,1000,50000000,37500,0,0,32000,0,0,0,33000,0,0,blocked,0,roce,0,32000,1000,0,0,0,0,equal_remainder_last,ring_next,5,2,1,0,0,37500,24,,roce
5346824,0,6,545,0,1,8,inbound_arrival,4,0,0,ring_allreduce,4,150000,2,reduce_scatter,3,0,37500,1000,1000,50000000,37500,1,0,28000,0,1,0,28000,0,0,blocked,0,roce,0,36000,1000,0,0,0,0,equal_remainder_last,ring_next,7,4,1,1,1,37500,24,,roce
5353504,0,9,629,0,2,15,inbound_arrival,2,1000,0,ring_allreduce,4,150000,1,allgather,1,75000,37500,1000,1000,50000000,37500,0,0,33000,0,0,0,34000,0,0,blocked,0,roce,0,33000,1000,0,0,0,0,equal_remainder_last,ring_next,5,2,1,0,0,37500,24,,roce
5361504,0,9,632,0,2,15,inbound_arrival,2,1000,0,ring_allreduce,4,150000,1,allgather,1,75000,37500,1000,1000,50000000,37500,0,0,34000,0,0,0,35000,0,0,blocked,0,roce,0,34000,1000,0,0,0,0,equal_remainder_last,ring_next,5,2,1,0,0,37500,24,,roce
5364360,0,4,584,0,0,12,inbound_arrival,11,0,0,ring_allreduce,4,150000,0,allgather,1,37500,37500,1000,1000,50000000,37500,0,0,9000,0,0,0,9000,0,0,blocked,0,roce,0,10000,1000,0,0,0,0,equal_remainder_last,ring_next,2,11,1,0,0,37500,24,,roce
5369504,0,9,635,0,2,15,inbound_arrival,2,1000,0,ring_allreduce,4,150000,1,allgather,1,75000,37500,1000,1000,50000000,37500,0,0,35000,0,0,0,36000,0,0,blocked,0,roce,0,35000,1000,0,0,0,0,equal_remainder_last,ring_next,5,2,1,0,0,37500,24,,roce
5372360,0,4,587,0,0,12,inbound_arrival,11,0,0,ring_allreduce,4,150000,0,allgather,1,37500,37500,1000,1000,50000000,37500,0,0,9000,0,0,0,9000,0,0,blocked,0,roce,0,11000,1000,0,0,0,0,equal_remainder_last,ring_next,2,11,1,0,0,37500,24,,roce
5377504,0,9,638,0,2,15,inbound_arrival,2,1000,0,ring_allreduce,4,150000,1,allgather,1,75000,37500,1000,1000,50000000,37500,0,0,36000,0,0,0,37000,0,0,blocked,0,roce,0,36000,1000,0,0,0,0,equal_remainder_last,ring_next,5,2,1,0,0,37500,24,,roce
5381384,0,4,596,0,0,12,inbound_arrival,11,0,0,ring_allreduce,4,150000,0,allgather,1,37500,37500,1000,1000,50000000,37500,0,0,9000,0,0,0,9000,0,0,blocked,0,roce,0,12000,1000,0,0,0,0,equal_remainder_last,ring_next,2,11,1,0,0,37500,24,,roce
5381504,0,9,641,0,2,15,inbound_arrival,2,500,0,ring_allreduce,4,150000,1,allgather,1,75000,37500,1000,1000,50000000,37500,0,0,37000,0,0,1,37500,0,0,blocked,0,roce,0,37000,500,0,0,0,0,equal_remainder_last,ring_next,5,2,1,0,0,37500,24,,roce
5389896,0,4,602,0,0,12,inbound_arrival,11,0,0,ring_allreduce,4,150000,0,allgather,1,37500,37500,1000,1000,50000000,37500,0,0,9000,0,0,0,9000,0,0,blocked,0,roce,0,13000,1000,0,0,0,0,equal_remainder_last,ring_next,2,11,1,0,0,37500,24,,roce
5398408,0,4,608,0,0,12,inbound_arrival,11,0,0,ring_allreduce,4,150000,0,allgather,1,37500,37500,1000,1000,50000000,37500,0,0,9000,0,0,0,9000,0,0,blocked,0,roce,0,14000,1000,0,0,0,0,equal_remainder_last,ring_next,2,11,1,0,0,37500,24,,roce
5407432,0,4,617,0,0,12,inbound_arrival,11,0,0,ring_allreduce,4,150000,0,allgather,1,37500,37500,1000,1000,50000000,37500,0,0,9000,0,0,0,9000,0,0,blocked,0,roce,0,15000,1000,0,0,0,0,equal_remainder_last,ring_next,2,11,1,0,0,37500,24,,roce
5415944,0,4,623,0,0,12,inbound_arrival,11,0,0,ring_allreduce,4,150000,0,allgather,1,37500,37500,1000,1000,50000000,37500,0,0,9000,0,0,0,9000,0,0,blocked,0,roce,0,16000,1000,0,0,0,0,equal_remainder_last,ring_next,2,11,1,0,0,37500,24,,roce
5416456,0,4,626,0,0,12,local_completion,2,0,0,ring_allreduce,4,150000,0,allgather,1,37500,37500,1000,1000,50000000,37500,0,0,9000,0,1,0,9000,0,0,blocked,0,roce,0,0,0,37500,5340288,18048,0,equal_remainder_last,ring_next,2,11,1,0,1,37500,24,,roce
5424456,0,4,629,0,0,12,inbound_arrival,11,0,0,ring_allreduce,4,150000,0,allgather,1,37500,37500,1000,1000,50000000,37500,1,0,9000,0,1,0,9000,0,0,blocked,0,roce,0,17000,1000,0,0,0,0,equal_remainder_last,ring_next,2,11,1,1,1,37500,24,,roce
5432456,0,4,632,0,0,12,inbound_arrival,11,0,0,ring_allreduce,4,150000,0,allgather,1,37500,37500,1000,1000,50000000,37500,1,0,9000,0,1,0,9000,0,0,blocked,0,roce,0,18000,1000,0,0,0,0,equal_remainder_last,ring_next,2,11,1,1,1,37500,24,,roce
5440456,0,4,635,0,0,12,inbound_arrival,11,0,0,ring_allreduce,4,150000,0,allgather,1,37500,37500,1000,1000,50000000,37500,1,0,9000,0,1,0,9000,0,0,blocked,0,roce,0,19000,1000,0,0,0,0,equal_remainder_last,ring_next,2,11,1,1,1,37500,24,,roce
5448456,0,4,638,0,0,12,inbound_arrival,11,0,0,ring_allreduce,4,150000,0,allgather,1,37500,37500,1000,1000,50000000,37500,1,0,9000,0,1,0,9000,0,0,blocked,0,roce,0,20000,1000,0,0,0,0,equal_remainder_last,ring_next,2,11,1,1,1,37500,24,,roce
5456456,0,4,641,0,0,12,inbound_arrival,11,0,0,ring_allreduce,4,150000,0,allgather,1,37500,37500,1000,1000,50000000,37500,1,0,9000,0,1,0,9000,0,0,blocked,0,roce,0,21000,1000,0,0,0,0,equal_remainder_last,ring_next,2,11,1,1,1,37500,24,,roce
5464456,0,4,644,0,0,12,inbound_arrival,11,0,0,ring_allreduce,4,150000,0,allgather,1,37500,37500,1000,1000,50000000,37500,1,0,9000,0,1,0,9000,0,0,blocked,0,roce,0,22000,1000,0,0,0,0,equal_remainder_last,ring_next,2,11,1,1,1,37500,24,,roce
5472456,0,4,647,0,0,12,inbound_arrival,11,0,0,ring_allreduce,4,150000,0,allgather,1,37500,37500,1000,1000,50000000,37500,1,0,9000,0,1,0,9000,0,0,blocked,0,roce,0,23000,1000,0,0,0,0,equal_remainder_last,ring_next,2,11,1,1,1,37500,24,,roce
5480456,0,4,650,0,0,12,inbound_arrival,11,0,0,ring_allreduce,4,150000,0,allgather,1,37500,37500,1000,1000,50000000,37500,1,0,9000,0,1,0,9000,0,0,blocked,0,roce,0,24000,1000,0,0,0,0,equal_remainder_last,ring_next,2,11,1,1,1,37500,24,,roce
5488456,0,4,653,0,0,12,inbound_arrival,11,0,0,ring_allreduce,4,150000,0,allgather,1,37500,37500,1000,1000,50000000,37500,1,0,9000,0,1,0,9000,0,0,blocked,0,roce,0,25000,1000,0,0,0,0,equal_remainder_last,ring_next,2,11,1,1,1,37500,24,,roce
5496456,0,4,656,0,0,12,inbound_arrival,11,0,0,ring_allreduce,4,150000,0,allgather,1,37500,37500,1000,1000,50000000,37500,1,0,9000,0,1,0,9000,0,0,blocked,0,roce,0,26000,1000,0,0,0,0,equal_remainder_last,ring_next,2,11,1,1,1,37500,24,,roce
5504456,0,4,659,0,0,12,inbound_arrival,11,0,0,ring_allreduce,4,150000,0,allgather,1,37500,37500,1000,1000,50000000,37500,1,0,9000,0,1,0,9000,0,0,blocked,0,roce,0,27000,1000,0,0,0,0,equal_remainder_last,ring_next,2,11,1,1,1,37500,24,,roce
5513120,0,4,662,0,0,12,inbound_arrival,11,0,0,ring_allreduce,4,150000,0,allgather,1,37500,37500,1000,1000,50000000,37500,1,0,9000,0,1,0,9000,0,0,blocked,0,roce,0,28000,1000,0,0,0,0,equal_remainder_last,ring_next,2,11,1,1,1,37500,24,,roce
5521120,0,4,665,0,0,12,inbound_arrival,11,0,0,ring_allreduce,4,150000,0,allgather,1,37500,37500,1000,1000,50000000,37500,1,0,9000,0,1,0,9000,0,0,blocked,0,roce,0,29000,1000,0,0,0,0,equal_remainder_last,ring_next,2,11,1,1,1,37500,24,,roce
5530120,0,4,668,0,0,12,inbound_arrival,11,0,0,ring_allreduce,4,150000,0,allgather,1,37500,37500,1000,1000,50000000,37500,1,0,9000,0,1,0,9000,0,0,blocked,0,roce,0,30000,1000,0,0,0,0,equal_remainder_last,ring_next,2,11,1,1,1,37500,24,,roce
5538120,0,4,671,0,0,12,inbound_arrival,11,0,0,ring_allreduce,4,150000,0,allgather,1,37500,37500,1000,1000,50000000,37500,1,0,9000,0,1,0,9000,0,0,blocked,0,roce,0,31000,1000,0,0,0,0,equal_remainder_last,ring_next,2,11,1,1,1,37500,24,,roce
5546120,0,4,674,0,0,12,inbound_arrival,11,0,0,ring_allreduce,4,150000,0,allgather,1,37500,37500,1000,1000,50000000,37500,1,0,9000,0,1,0,9000,0,0,blocked,0,roce,0,32000,1000,0,0,0,0,equal_remainder_last,ring_next,2,11,1,1,1,37500,24,,roce
5554120,0,4,677,0,0,12,inbound_arrival,11,0,0,ring_allreduce,4,150000,0,allgather,1,37500,37500,1000,1000,50000000,37500,1,0,9000,0,1,0,9000,0,0,blocked,0,roce,0,33000,1000,0,0,0,0,equal_remainder_last,ring_next,2,11,1,1,1,37500,24,,roce
5562120,0,4,680,0,0,12,inbound_arrival,11,0,0,ring_allreduce,4,150000,0,allgather,1,37500,37500,1000,1000,50000000,37500,1,0,9000,0,1,0,9000,0,0,blocked,0,roce,0,34000,1000,0,0,0,0,equal_remainder_last,ring_next,2,11,1,1,1,37500,24,,roce
5571120,0,4,683,0,0,12,inbound_arrival,11,0,0,ring_allreduce,4,150000,0,allgather,1,37500,37500,1000,1000,50000000,37500,1,0,9000,0,1,0,9000,0,0,blocked,0,roce,0,35000,1000,0,0,0,0,equal_remainder_last,ring_next,2,11,1,1,1,37500,24,,roce
5579120,0,4,686,0,0,12,inbound_arrival,11,0,0,ring_allreduce,4,150000,0,allgather,1,37500,37500,1000,1000,50000000,37500,1,0,9000,0,1,0,9000,0,0,blocked,0,roce,0,36000,1000,0,0,0,0,equal_remainder_last,ring_next,2,11,1,1,1,37500,24,,roce
5583120,0,4,689,0,0,12,inbound_arrival,11,0,0,ring_allreduce,4,150000,0,allgather,1,37500,37500,1000,1000,50000000,37500,1,0,9000,0,1,0,9000,0,0,blocked,0,roce,0,37000,500,0,0,0,0,equal_remainder_last,ring_next,2,11,1,1,1,37500,24,,roce
6231072,0,6,548,0,1,8,inbound_arrival,4,1000,0,ring_allreduce,4,150000,2,reduce_scatter,3,0,37500,1000,1000,50000000,37500,1,0,28000,0,1,0,29000,0,0,blocked,0,roce,0,28000,1000,0,0,0,0,equal_remainder_last,ring_next,7,4,1,1,1,37500,24,,roce
6239072,0,6,551,0,1,8,inbound_arrival,4,1000,0,ring_allreduce,4,150000,2,reduce_scatter,3,0,37500,1000,1000,50000000,37500,1,0,29000,0,1,0,30000,0,0,blocked,0,roce,0,29000,1000,0,0,0,0,equal_remainder_last,ring_next,7,4,1,1,1,37500,24,,roce
6247072,0,6,554,0,1,8,inbound_arrival,4,1000,0,ring_allreduce,4,150000,2,reduce_scatter,3,0,37500,1000,1000,50000000,37500,1,0,30000,0,1,0,31000,0,0,blocked,0,roce,0,30000,1000,0,0,0,0,equal_remainder_last,ring_next,7,4,1,1,1,37500,24,,roce
6255072,0,6,557,0,1,8,inbound_arrival,4,1000,0,ring_allreduce,4,150000,2,reduce_scatter,3,0,37500,1000,1000,50000000,37500,1,0,31000,0,1,0,32000,0,0,blocked,0,roce,0,31000,1000,0,0,0,0,equal_remainder_last,ring_next,7,4,1,1,1,37500,24,,roce
6263072,0,6,560,0,1,8,inbound_arrival,4,1000,0,ring_allreduce,4,150000,2,reduce_scatter,3,0,37500,1000,1000,50000000,37500,1,0,32000,0,1,0,33000,0,0,blocked,0,roce,0,32000,1000,0,0,0,0,equal_remainder_last,ring_next,7,4,1,1,1,37500,24,,roce
6271072,0,6,563,0,1,8,inbound_arrival,4,1000,0,ring_allreduce,4,150000,2,reduce_scatter,3,0,37500,1000,1000,50000000,37500,1,0,33000,0,1,0,34000,0,0,blocked,0,roce,0,33000,1000,0,0,0,0,equal_remainder_last,ring_next,7,4,1,1,1,37500,24,,roce
6287072,0,4,692,0,0,12,inbound_arrival,11,1000,0,ring_allreduce,4,150000,0,allgather,1,37500,37500,1000,1000,50000000,37500,1,0,9000,0,1,0,10000,0,0,blocked,0,roce,0,9000,1000,0,0,0,0,equal_remainder_last,ring_next,2,11,1,1,1,37500,24,,roce
6287072,0,6,566,0,1,8,inbound_arrival,4,1000,0,ring_allreduce,4,150000,2,reduce_scatter,3,0,37500,1000,1000,50000000,37500,1,0,34000,0,1,0,35000,0,0,blocked,0,roce,0,34000,1000,0,0,0,0,equal_remainder_last,ring_next,7,4,1,1,1,37500,24,,roce
6303072,0,4,695,0,0,12,inbound_arrival,11,1000,0,ring_allreduce,4,150000,0,allgather,1,37500,37500,1000,1000,50000000,37500,1,0,10000,0,1,0,11000,0,0,blocked,0,roce,0,10000,1000,0,0,0,0,equal_remainder_last,ring_next,2,11,1,1,1,37500,24,,roce
6303072,0,6,569,0,1,8,inbound_arrival,4,1000,0,ring_allreduce,4,150000,2,reduce_scatter,3,0,37500,1000,1000,50000000,37500,1,0,35000,0,1,0,36000,0,0,blocked,0,roce,0,35000,1000,0,0,0,0,equal_remainder_last,ring_next,7,4,1,1,1,37500,24,,roce
6319072,0,4,698,0,0,12,inbound_arrival,11,1000,0,ring_allreduce,4,150000,0,allgather,1,37500,37500,1000,1000,50000000,37500,1,0,11000,0,1,0,12000,0,0,blocked,0,roce,0,11000,1000,0,0,0,0,equal_remainder_last,ring_next,2,11,1,1,1,37500,24,,roce
6319072,0,6,572,0,1,8,inbound_arrival,4,1000,0,ring_allreduce,4,150000,2,reduce_scatter,3,0,37500,1000,1000,50000000,37500,1,0,36000,0,1,0,37000,0,0,blocked,0,roce,0,36000,1000,0,0,0,0,equal_remainder_last,ring_next,7,4,1,1,1,37500,24,,roce
6327072,0,6,575,0,1,8,inbound_arrival,4,500,0,ring_allreduce,4,150000,2,reduce_scatter,3,0,37500,1000,1000,50000000,37500,1,0,37000,1,1,1,37500,0,0,blocked,6327072,roce,0,37000,500,0,0,0,0,equal_remainder_last,ring_next,7,4,1,1,1,37500,24,,roce
6328608,0,9,671,0,2,5,local_completion,4,0,0,ring_allreduce,4,150000,1,reduce_scatter,3,112500,37500,1000,1000,50000000,37500,0,1,37500,1,1,1,37500,0,0,blocked,6328608,roce,0,0,0,37500,6275072,13536,0,equal_remainder_last,ring_next,4,1,1,0,1,37500,24,,roce
6335072,0,4,701,0,0,12,inbound_arrival,11,1000,0,ring_allreduce,4,150000,0,allgather,1,37500,37500,1000,1000,50000000,37500,1,0,12000,0,1,0,13000,0,0,blocked,0,roce,0,12000,1000,0,0,0,0,equal_remainder_last,ring_next,2,11,1,1,1,37500,24,,roce
6347072,0,4,704,0,0,12,inbound_arrival,11,1000,0,ring_allreduce,4,150000,0,allgather,1,37500,37500,1000,1000,50000000,37500,1,0,13000,0,1,0,14000,0,0,blocked,0,roce,0,13000,1000,0,0,0,0,equal_remainder_last,ring_next,2,11,1,1,1,37500,24,,roce
6355072,0,4,707,0,0,12,inbound_arrival,11,1000,0,ring_allreduce,4,150000,0,allgather,1,37500,37500,1000,1000,50000000,37500,1,0,14000,0,1,0,15000,0,0,blocked,0,roce,0,14000,1000,0,0,0,0,equal_remainder_last,ring_next,2,11,1,1,1,37500,24,,roce
6363072,0,4,710,0,0,12,inbound_arrival,11,1000,0,ring_allreduce,4,150000,0,allgather,1,37500,37500,1000,1000,50000000,37500,1,0,15000,0,1,0,16000,0,0,blocked,0,roce,0,15000,1000,0,0,0,0,equal_remainder_last,ring_next,2,11,1,1,1,37500,24,,roce
6366072,0,12,509,0,3,21,inbound_arrival,8,1000,0,ring_allreduce,4,150000,3,allgather,1,0,37500,1000,1000,50000000,37500,0,0,0,0,0,0,1000,0,0,blocked,0,roce,0,0,1000,0,0,0,0,equal_remainder_last,ring_next,11,8,1,0,0,37500,24,,roce
6371072,0,4,713,0,0,12,inbound_arrival,11,1000,0,ring_allreduce,4,150000,0,allgather,1,37500,37500,1000,1000,50000000,37500,1,0,16000,0,1,0,17000,0,0,blocked,0,roce,0,16000,1000,0,0,0,0,equal_remainder_last,ring_next,2,11,1,1,1,37500,24,,roce
6374584,0,12,515,0,3,21,inbound_arrival,8,1000,0,ring_allreduce,4,150000,3,allgather,1,0,37500,1000,1000,50000000,37500,0,0,1000,0,0,0,2000,0,0,blocked,0,roce,0,1000,1000,0,0,0,0,equal_remainder_last,ring_next,11,8,1,0,0,37500,24,,roce
6379072,0,4,716,0,0,12,inbound_arrival,11,1000,0,ring_allreduce,4,150000,0,allgather,1,37500,37500,1000,1000,50000000,37500,1,0,17000,0,1,0,18000,0,0,blocked,0,roce,0,17000,1000,0,0,0,0,equal_remainder_last,ring_next,2,11,1,1,1,37500,24,,roce
6383096,0,12,521,0,3,21,inbound_arrival,8,1000,0,ring_allreduce,4,150000,3,allgather,1,0,37500,1000,1000,50000000,37500,0,0,2000,0,0,0,3000,0,0,blocked,0,roce,0,2000,1000,0,0,0,0,equal_remainder_last,ring_next,11,8,1,0,0,37500,24,,roce
6387072,0,4,719,0,0,12,inbound_arrival,11,1000,0,ring_allreduce,4,150000,0,allgather,1,37500,37500,1000,1000,50000000,37500,1,0,18000,0,1,0,19000,0,0,blocked,0,roce,0,18000,1000,0,0,0,0,equal_remainder_last,ring_next,2,11,1,1,1,37500,24,,roce
6391608,0,12,527,0,3,21,inbound_arrival,8,1000,0,ring_allreduce,4,150000,3,allgather,1,0,37500,1000,1000,50000000,37500,0,0,3000,0,0,0,4000,0,0,blocked,0,roce,0,3000,1000,0,0,0,0,equal_remainder_last,ring_next,11,8,1,0,0,37500,24,,roce
6395072,0,4,722,0,0,12,inbound_arrival,11,1000,0,ring_allreduce,4,150000,0,allgather,1,37500,37500,1000,1000,50000000,37500,1,0,19000,0,1,0,20000,0,0,blocked,0,roce,0,19000,1000,0,0,0,0,equal_remainder_last,ring_next,2,11,1,1,1,37500,24,,roce
6395072,0,6,578,0,1,18,inbound_arrival,5,1000,0,ring_allreduce,4,150000,2,allgather,1,112500,37500,1000,1000,50000000,37500,0,0,0,0,0,0,1000,0,0,blocked,0,roce,0,0,1000,0,0,0,0,equal_remainder_last,ring_next,8,5,1,0,0,37500,24,,roce
6400120,0,12,533,0,3,21,inbound_arrival,8,1000,0,ring_allreduce,4,150000,3,allgather,1,0,37500,1000,1000,50000000,37500,0,0,4000,0,0,0,5000,0,0,blocked,0,roce,0,4000,1000,0,0,0,0,equal_remainder_last,ring_next,11,8,1,0,0,37500,24,,roce
6408632,0,12,539,0,3,21,inbound_arrival,8,1000,0,ring_allreduce,4,150000,3,allgather,1,0,37500,1000,1000,50000000,37500,0,0,5000,0,0,0,6000,0,0,blocked,0,roce,0,5000,1000,0,0,0,0,equal_remainder_last,ring_next,11,8,1,0,0,37500,24,,roce
6411072,0,4,725,0,0,12,inbound_arrival,11,1000,0,ring_allreduce,4,150000,0,allgather,1,37500,37500,1000,1000,50000000,37500,1,0,20000,0,1,0,21000,0,0,blocked,0,roce,0,20000,1000,0,0,0,0,equal_remainder_last,ring_next,2,11,1,1,1,37500,24,,roce
6411072,0,6,581,0,1,18,inbound_arrival,5,1000,0,ring_allreduce,4,150000,2,allgather,1,112500,37500,1000,1000,50000000,37500,0,0,1000,0,0,0,2000,0,0,blocked,0,roce,0,1000,1000,0,0,0,0,equal_remainder_last,ring_next,8,5,1,0,0,37500,24,,roce
6417144,0,12,545,0,3,21,inbound_arrival,8,1000,0,ring_allreduce,4,150000,3,allgather,1,0,37500,1000,1000,50000000,37500,0,0,6000,0,0,0,7000,0,0,blocked,0,roce,0,6000,1000,0,0,0,0,equal_remainder_last,ring_next,11,8,1,0,0,37500,24,,roce
6425656,0,12,551,0,3,21,inbound_arrival,8,1000,0,ring_allreduce,4,150000,3,allgather,1,0,37500,1000,1000,50000000,37500,0,0,7000,0,0,0,8000,0,0,blocked,0,roce,0,7000,1000,0,0,0,0,equal_remainder_last,ring_next,11,8,1,0,0,37500,24,,roce
6427072,0,4,728,0,0,12,inbound_arrival,11,1000,0,ring_allreduce,4,150000,0,allgather,1,37500,37500,1000,1000,50000000,37500,1,0,21000,0,1,0,22000,0,0,blocked,0,roce,0,21000,1000,0,0,0,0,equal_remainder_last,ring_next,2,11,1,1,1,37500,24,,roce
6427072,0,6,584,0,1,18,inbound_arrival,5,1000,0,ring_allreduce,4,150000,2,allgather,1,112500,37500,1000,1000,50000000,37500,0,0,2000,0,0,0,3000,0,0,blocked,0,roce,0,2000,1000,0,0,0,0,equal_remainder_last,ring_next,8,5,1,0,0,37500,24,,roce
6434168,0,12,554,0,3,21,inbound_arrival,8,1000,0,ring_allreduce,4,150000,3,allgather,1,0,37500,1000,1000,50000000,37500,0,0,8000,0,0,0,9000,0,0,blocked,0,roce,0,8000,1000,0,0,0,0,equal_remainder_last,ring_next,11,8,1,0,0,37500,24,,roce
6442680,0,12,560,0,3,21,inbound_arrival,8,1000,0,ring_allreduce,4,150000,3,allgather,1,0,37500,1000,1000,50000000,37500,0,0,9000,0,0,0,10000,0,0,blocked,0,roce,0,9000,1000,0,0,0,0,equal_remainder_last,ring_next,11,8,1,0,0,37500,24,,roce
6443072,0,4,731,0,0,12,inbound_arrival,11,1000,0,ring_allreduce,4,150000,0,allgather,1,37500,37500,1000,1000,50000000,37500,1,0,22000,0,1,0,23000,0,0,blocked,0,roce,0,22000,1000,0,0,0,0,equal_remainder_last,ring_next,2,11,1,1,1,37500,24,,roce
6443072,0,6,587,0,1,18,inbound_arrival,5,1000,0,ring_allreduce,4,150000,2,allgather,1,112500,37500,1000,1000,50000000,37500,0,0,3000,0,0,0,4000,0,0,blocked,0,roce,0,3000,1000,0,0,0,0,equal_remainder_last,ring_next,8,5,1,0,0,37500,24,,roce
6451072,0,6,590,0,1,18,inbound_arrival,5,1000,0,ring_allreduce,4,150000,2,allgather,1,112500,37500,1000,1000,50000000,37500,0,0,4000,0,0,0,5000,0,0,blocked,0,roce,0,4000,1000,0,0,0,0,equal_remainder_last,ring_next,8,5,1,0,0,37500,24,,roce
6451192,0,12,563,0,3,21,inbound_arrival,8,1000,0,ring_allreduce,4,150000,3,allgather,1,0,37500,1000,1000,50000000,37500,0,0,10000,0,0,0,11000,0,0,blocked,0,roce,0,10000,1000,0,0,0,0,equal_remainder_last,ring_next,11,8,1,0,0,37500,24,,roce
6459072,0,6,593,0,1,18,inbound_arrival,5,1000,0,ring_allreduce,4,150000,2,allgather,1,112500,37500,1000,1000,50000000,37500,0,0,5000,0,0,0,6000,0,0,blocked,0,roce,0,5000,1000,0,0,0,0,equal_remainder_last,ring_next,8,5,1,0,0,37500,24,,roce
6459704,0,12,569,0,3,21,inbound_arrival,8,1000,0,ring_allreduce,4,150000,3,allgather,1,0,37500,1000,1000,50000000,37500,0,0,11000,0,0,0,12000,0,0,blocked,0,roce,0,11000,1000,0,0,0,0,equal_remainder_last,ring_next,11,8,1,0,0,37500,24,,roce
6468216,0,12,572,0,3,21,inbound_arrival,8,1000,0,ring_allreduce,4,150000,3,allgather,1,0,37500,1000,1000,50000000,37500,0,0,12000,0,0,0,13000,0,0,blocked,0,roce,0,12000,1000,0,0,0,0,equal_remainder_last,ring_next,11,8,1,0,0,37500,24,,roce
6475584,0,4,734,0,0,12,inbound_arrival,11,0,0,ring_allreduce,4,150000,0,allgather,1,37500,37500,1000,1000,50000000,37500,1,0,23000,0,1,0,23000,0,0,blocked,0,roce,0,26000,1000,0,0,0,0,equal_remainder_last,ring_next,2,11,1,1,1,37500,24,,roce
6476728,0,12,578,0,3,21,inbound_arrival,8,1000,0,ring_allreduce,4,150000,3,allgather,1,0,37500,1000,1000,50000000,37500,0,0,13000,0,0,0,14000,0,0,blocked,0,roce,0,13000,1000,0,0,0,0,equal_remainder_last,ring_next,11,8,1,0,0,37500,24,,roce
6483584,0,4,737,0,0,12,inbound_arrival,11,0,0,ring_allreduce,4,150000,0,allgather,1,37500,37500,1000,1000,50000000,37500,1,0,23000,0,1,0,23000,0,0,blocked,0,roce,0,27000,1000,0,0,0,0,equal_remainder_last,ring_next,2,11,1,1,1,37500,24,,roce
6485240,0,12,581,0,3,21,inbound_arrival,8,1000,0,ring_allreduce,4,150000,3,allgather,1,0,37500,1000,1000,50000000,37500,0,0,14000,0,0,0,15000,0,0,blocked,0,roce,0,14000,1000,0,0,0,0,equal_remainder_last,ring_next,11,8,1,0,0,37500,24,,roce
6491584,0,4,740,0,0,12,inbound_arrival,11,0,0,ring_allreduce,4,150000,0,allgather,1,37500,37500,1000,1000,50000000,37500,1,0,23000,0,1,0,23000,0,0,blocked,0,roce,0,28000,1000,0,0,0,0,equal_remainder_last,ring_next,2,11,1,1,1,37500,24,,roce
6493752,0,12,584,0,3,21,inbound_arrival,8,1000,0,ring_allreduce,4,150000,3,allgather,1,0,37500,1000,1000,50000000,37500,0,0,15000,0,0,0,16000,0,0,blocked,0,roce,0,15000,1000,0,0,0,0,equal_remainder_last,ring_next,11,8,1,0,0,37500,24,,roce
6499584,0,4,743,0,0,12,inbound_arrival,11,0,0,ring_allreduce,4,150000,0,allgather,1,37500,37500,1000,1000,50000000,37500,1,0,23000,0,1,0,23000,0,0,blocked,0,roce,0,29000,1000,0,0,0,0,equal_remainder_last,ring_next,2,11,1,1,1,37500,24,,roce
6502264,0,12,587,0,3,21,inbound_arrival,8,1000,0,ring_allreduce,4,150000,3,allgather,1,0,37500,1000,1000,50000000,37500,0,0,16000,0,0,0,17000,0,0,blocked,0,roce,0,16000,1000,0,0,0,0,equal_remainder_last,ring_next,11,8,1,0,0,37500,24,,roce
6507584,0,4,746,0,0,12,inbound_arrival,11,0,0,ring_allreduce,4,150000,0,allgather,1,37500,37500,1000,1000,50000000,37500,1,0,23000,0,1,0,23000,0,0,blocked,0,roce,0,30000,1000,0,0,0,0,equal_remainder_last,ring_next,2,11,1,1,1,37500,24,,roce
6510776,0,12,593,0,3,21,inbound_arrival,8,1000,0,ring_allreduce,4,150000,3,allgather,1,0,37500,1000,1000,50000000,37500,0,0,17000,0,0,0,18000,0,0,blocked,0,roce,0,17000,1000,0,0,0,0,equal_remainder_last,ring_next,11,8,1,0,0,37500,24,,roce
6515584,0,4,749,0,0,12,inbound_arrival,11,0,0,ring_allreduce,4,150000,0,allgather,1,37500,37500,1000,1000,50000000,37500,1,0,23000,0,1,0,23000,0,0,blocked,0,roce,0,31000,1000,0,0,0,0,equal_remainder_last,ring_next,2,11,1,1,1,37500,24,,roce
6518776,0,12,596,0,3,21,inbound_arrival,8,1000,0,ring_allreduce,4,150000,3,allgather,1,0,37500,1000,1000,50000000,37500,0,0,18000,0,0,0,19000,0,0,blocked,0,roce,0,18000,1000,0,0,0,0,equal_remainder_last,ring_next,11,8,1,0,0,37500,24,,roce
6523584,0,4,752,0,0,12,inbound_arrival,11,0,0,ring_allreduce,4,150000,0,allgather,1,37500,37500,1000,1000,50000000,37500,1,0,23000,0,1,0,23000,0,0,blocked,0,roce,0,32000,1000,0,0,0,0,equal_remainder_last,ring_next,2,11,1,1,1,37500,24,,roce
6526776,0,12,599,0,3,21,inbound_arrival,8,1000,0,ring_allreduce,4,150000,3,allgather,1,0,37500,1000,1000,50000000,37500,0,0,19000,0,0,0,20000,0,0,blocked,0,roce,0,19000,1000,0,0,0,0,equal_remainder_last,ring_next,11,8,1,0,0,37500,24,,roce
6531584,0,4,755,0,0,12,inbound_arrival,11,0,0,ring_allreduce,4,150000,0,allgather,1,37500,37500,1000,1000,50000000,37500,1,0,23000,0,1,0,23000,0,0,blocked,0,roce,0,33000,1000,0,0,0,0,equal_remainder_last,ring_next,2,11,1,1,1,37500,24,,roce
6534776,0,12,602,0,3,21,inbound_arrival,8,1000,0,ring_allreduce,4,150000,3,allgather,1,0,37500,1000,1000,50000000,37500,0,0,20000,0,0,0,21000,0,0,blocked,0,roce,0,20000,1000,0,0,0,0,equal_remainder_last,ring_next,11,8,1,0,0,37500,24,,roce
6540096,0,4,758,0,0,12,inbound_arrival,11,0,0,ring_allreduce,4,150000,0,allgather,1,37500,37500,1000,1000,50000000,37500,1,0,23000,0,1,0,23000,0,0,blocked,0,roce,0,34000,1000,0,0,0,0,equal_remainder_last,ring_next,2,11,1,1,1,37500,24,,roce
6542776,0,12,605,0,3,21,inbound_arrival,8,1000,0,ring_allreduce,4,150000,3,allgather,1,0,37500,1000,1000,50000000,37500,0,0,21000,0,0,0,22000,0,0,blocked,0,roce,0,21000,1000,0,0,0,0,equal_remainder_last,ring_next,11,8,1,0,0,37500,24,,roce
6548096,0,4,761,0,0,12,inbound_arrival,11,0,0,ring_allreduce,4,150000,0,allgather,1,37500,37500,1000,1000,50000000,37500,1,0,23000,0,1,0,23000,0,0,blocked,0,roce,0,35000,1000,0,0,0,0,equal_remainder_last,ring_next,2,11,1,1,1,37500,24,,roce
6550776,0,12,608,0,3,21,inbound_arrival,8,1000,0,ring_allreduce,4,150000,3,allgather,1,0,37500,1000,1000,50000000,37500,0,0,22000,0,0,0,23000,0,0,blocked,0,roce,0,22000,1000,0,0,0,0,equal_remainder_last,ring_next,11,8,1,0,0,37500,24,,roce
6556096,0,4,764,0,0,12,inbound_arrival,11,0,0,ring_allreduce,4,150000,0,allgather,1,37500,37500,1000,1000,50000000,37500,1,0,23000,0,1,0,23000,0,0,blocked,0,roce,0,36000,1000,0,0,0,0,equal_remainder_last,ring_next,2,11,1,1,1,37500,24,,roce
6558776,0,12,611,0,3,21,inbound_arrival,8,1000,0,ring_allreduce,4,150000,3,allgather,1,0,37500,1000,1000,50000000,37500,0,0,23000,0,0,0,24000,0,0,blocked,0,roce,0,23000,1000,0,0,0,0,equal_remainder_last,ring_next,11,8,1,0,0,37500,24,,roce
6560096,0,4,767,0,0,12,inbound_arrival,11,0,0,ring_allreduce,4,150000,0,allgather,1,37500,37500,1000,1000,50000000,37500,1,0,23000,0,1,0,23000,0,0,blocked,0,roce,0,37000,500,0,0,0,0,equal_remainder_last,ring_next,2,11,1,1,1,37500,24,,roce
6566776,0,12,614,0,3,21,inbound_arrival,8,1000,0,ring_allreduce,4,150000,3,allgather,1,0,37500,1000,1000,50000000,37500,0,0,24000,0,0,0,25000,0,0,blocked,0,roce,0,24000,1000,0,0,0,0,equal_remainder_last,ring_next,11,8,1,0,0,37500,24,,roce
6569120,0,4,770,0,0,12,inbound_arrival,11,1000,0,ring_allreduce,4,150000,0,allgather,1,37500,37500,1000,1000,50000000,37500,1,0,23000,0,1,0,24000,0,0,blocked,0,roce,0,23000,1000,0,0,0,0,equal_remainder_last,ring_next,2,11,1,1,1,37500,24,,roce
6574776,0,12,617,0,3,21,inbound_arrival,8,1000,0,ring_allreduce,4,150000,3,allgather,1,0,37500,1000,1000,50000000,37500,0,0,25000,0,0,0,26000,0,0,blocked,0,roce,0,25000,1000,0,0,0,0,equal_remainder_last,ring_next,11,8,1,0,0,37500,24,,roce
6577632,0,4,773,0,0,12,inbound_arrival,11,1000,0,ring_allreduce,4,150000,0,allgather,1,37500,37500,1000,1000,50000000,37500,1,0,24000,0,1,0,25000,0,0,blocked,0,roce,0,24000,1000,0,0,0,0,equal_remainder_last,ring_next,2,11,1,1,1,37500,24,,roce
6578144,0,6,614,0,1,18,inbound_arrival,5,0,0,ring_allreduce,4,150000,2,allgather,1,112500,37500,1000,1000,50000000,37500,0,0,6000,0,0,0,6000,0,0,blocked,0,roce,0,18000,1000,0,0,0,0,equal_remainder_last,ring_next,8,5,1,0,0,37500,24,,roce
6582776,0,12,620,0,3,21,inbound_arrival,8,1000,0,ring_allreduce,4,150000,3,allgather,1,0,37500,1000,1000,50000000,37500,0,0,26000,0,0,0,27000,0,0,blocked,0,roce,0,26000,1000,0,0,0,0,equal_remainder_last,ring_next,11,8,1,0,0,37500,24,,roce
6590776,0,12,623,0,3,21,inbound_arrival,8,1000,0,ring_allreduce,4,150000,3,allgather,1,0,37500,1000,1000,50000000,37500,0,0,27000,0,0,0,28000,0,0,blocked,0,roce,0,27000,1000,0,0,0,0,equal_remainder_last,ring_next,11,8,1,0,0,37500,24,,roce
6594144,0,4,776,0,0,12,inbound_arrival,11,1000,0,ring_allreduce,4,150000,0,allgather,1,37500,37500,1000,1000,50000000,37500,1,0,25000,0,1,0,26000,0,0,blocked,0,roce,0,25000,1000,0,0,0,0,equal_remainder_last,ring_next,2,11,1,1,1,37500,24,,roce
6598776,0,12,626,0,3,21,inbound_arrival,8,1000,0,ring_allreduce,4,150000,3,allgather,1,0,37500,1000,1000,50000000,37500,0,0,28000,0,0,0,29000,0,0,blocked,0,roce,0,28000,1000,0,0,0,0,equal_remainder_last,ring_next,11,8,1,0,0,37500,24,,roce
6602144,0,4,779,0,0,12,inbound_arrival,11,1000,0,ring_allreduce,4,150000,0,allgather,1,37500,37500,1000,1000,50000000,37500,1,0,26000,0,1,0,27000,0,0,blocked,0,roce,0,26000,1000,0,0,0,0,equal_remainder_last,ring_next,2,11,1,1,1,37500,24,,roce
6602656,0,6,620,0,1,18,inbound_arrival,5,0,0,ring_allreduce,4,150000,2,allgather,1,112500,37500,1000,1000,50000000,37500,0,0,6000,0,0,0,6000,0,0,blocked,0,roce,0,19000,1000,0,0,0,0,equal_remainder_last,ring_next,8,5,1,0,0,37500,24,,roce
6607288,0,12,632,0,3,21,inbound_arrival,8,1000,0,ring_allreduce,4,150000,3,allgather,1,0,37500,1000,1000,50000000,37500,0,0,29000,0,0,0,30000,0,0,blocked,0,roce,0,29000,1000,0,0,0,0,equal_remainder_last,ring_next,11,8,1,0,0,37500,24,,roce
6615800,0,12,638,0,3,21,inbound_arrival,8,1000,0,ring_allreduce,4,150000,3,allgather,1,0,37500,1000,1000,50000000,37500,0,0,30000,0,0,0,31000,0,0,blocked,0,roce,0,30000,1000,0,0,0,0,equal_remainder_last,ring_next,11,8,1,0,0,37500,24,,roce
6618656,0,4,782,0,0,12,inbound_arrival,11,1000,0,ring_allreduce,4,150000,0,allgather,1,37500,37500,1000,1000,50000000,37500,1,0,27000,0,1,0,28000,0,0,blocked,0,roce,0,27000,1000,0,0,0,0,equal_remainder_last,ring_next,2,11,1,1,1,37500,24,,roce
6624312,0,12,641,0,3,21,inbound_arrival,8,1000,0,ring_allreduce,4,150000,3,allgather,1,0,37500,1000,1000,50000000,37500,0,0,31000,0,0,0,32000,0,0,blocked,0,roce,0,31000,1000,0,0,0,0,equal_remainder_last,ring_next,11,8,1,0,0,37500,24,,roce
6627168,0,4,785,0,0,12,inbound_arrival,11,1000,0,ring_allreduce,4,150000,0,allgather,1,37500,37500,1000,1000,50000000,37500,1,0,28000,0,1,0,29000,0,0,blocked,0,roce,0,28000,1000,0,0,0,0,equal_remainder_last,ring_next,2,11,1,1,1,37500,24,,roce
6627168,0,6,626,0,1,18,inbound_arrival,5,0,0,ring_allreduce,4,150000,2,allgather,1,112500,37500,1000,1000,50000000,37500,0,0,6000,0,0,0,6000,0,0,blocked,0,roce,0,20000,1000,0,0,0,0,equal_remainder_last,ring_next,8,5,1,0,0,37500,24,,roce
6632824,0,12,647,0,3,21,inbound_arrival,8,1000,0,ring_allreduce,4,150000,3,allgather,1,0,37500,1000,1000,50000000,37500,0,0,32000,0,0,0,33000,0,0,blocked,0,roce,0,32000,1000,0,0,0,0,equal_remainder_last,ring_next,11,8,1,0,0,37500,24,,roce
6641336,0,12,653,0,3,21,inbound_arrival,8,1000,0,ring_allreduce,4,150000,3,allgather,1,0,37500,1000,1000,50000000,37500,0,0,33000,0,0,0,34000,0,0,blocked,0,roce,0,33000,1000,0,0,0,0,equal_remainder_last,ring_next,11,8,1,0,0,37500,24,,roce
6643168,0,4,788,0,0,12,inbound_arrival,11,1000,0,ring_allreduce,4,150000,0,allgather,1,37500,37500,1000,1000,50000000,37500,1,0,29000,0,1,0,30000,0,0,blocked,0,roce,0,29000,1000,0,0,0,0,equal_remainder_last,ring_next,2,11,1,1,1,37500,24,,roce
6649336,0,12,656,0,3,21,inbound_arrival,8,1000,0,ring_allreduce,4,150000,3,allgather,1,0,37500,1000,1000,50000000,37500,0,0,34000,0,0,0,35000,0,0,blocked,0,roce,0,34000,1000,0,0,0,0,equal_remainder_last,ring_next,11,8,1,0,0,37500,24,,roce
6651680,0,4,791,0,0,12,inbound_arrival,11,1000,0,ring_allreduce,4,150000,0,allgather,1,37500,37500,1000,1000,50000000,37500,1,0,30000,0,1,0,31000,0,0,blocked,0,roce,0,30000,1000,0,0,0,0,equal_remainder_last,ring_next,2,11,1,1,1,37500,24,,roce
6657848,0,12,662,0,3,21,inbound_arrival,8,1000,0,ring_allreduce,4,150000,3,allgather,1,0,37500,1000,1000,50000000,37500,0,0,35000,0,0,0,36000,0,0,blocked,0,roce,0,35000,1000,0,0,0,0,equal_remainder_last,ring_next,11,8,1,0,0,37500,24,,roce
6660192,0,4,794,0,0,12,inbound_arrival,11,1000,0,ring_allreduce,4,150000,0,allgather,1,37500,37500,1000,1000,50000000,37500,1,0,31000,0,1,0,32000,0,0,blocked,0,roce,0,31000,1000,0,0,0,0,equal_remainder_last,ring_next,2,11,1,1,1,37500,24,,roce
6666360,0,12,668,0,3,21,inbound_arrival,8,1000,0,ring_allreduce,4,150000,3,allgather,1,0,37500,1000,1000,50000000,37500,0,0,36000,0,0,0,37000,0,0,blocked,0,roce,0,36000,1000,0,0,0,0,equal_remainder_last,ring_next,11,8,1,0,0,37500,24,,roce
6668192,0,4,797,0,0,12,inbound_arrival,11,1000,0,ring_allreduce,4,150000,0,allgather,1,37500,37500,1000,1000,50000000,37500,1,0,32000,0,1,0,33000,0,0,blocked,0,roce,0,32000,1000,0,0,0,0,equal_remainder_last,ring_next,2,11,1,1,1,37500,24,,roce
6670360,0,12,671,0,3,21,inbound_arrival,8,500,0,ring_allreduce,4,150000,3,allgather,1,0,37500,1000,1000,50000000,37500,0,0,37000,0,0,1,37500,0,0,blocked,0,roce,0,37000,500,0,0,0,0,equal_remainder_last,ring_next,11,8,1,0,0,37500,24,,roce
6676704,0,4,800,0,0,12,inbound_arrival,11,1000,0,ring_allreduce,4,150000,0,allgather,1,37500,37500,1000,1000,50000000,37500,1,0,33000,0,1,0,34000,0,0,blocked,0,roce,0,33000,1000,0,0,0,0,equal_remainder_last,ring_next,2,11,1,1,1,37500,24,,roce
6684704,0,4,803,0,0,12,inbound_arrival,11,1000,0,ring_allreduce,4,150000,0,allgather,1,37500,37500,1000,1000,50000000,37500,1,0,34000,0,1,0,35000,0,0,blocked,0,roce,0,34000,1000,0,0,0,0,equal_remainder_last,ring_next,2,11,1,1,1,37500,24,,roce
6692704,0,4,806,0,0,12,inbound_arrival,11,1000,0,ring_allreduce,4,150000,0,allgather,1,37500,37500,1000,1000,50000000,37500,1,0,35000,0,1,0,36000,0,0,blocked,0,roce,0,35000,1000,0,0,0,0,equal_remainder_last,ring_next,2,11,1,1,1,37500,24,,roce
6693216,0,6,641,0,1,18,inbound_arrival,5,0,0,ring_allreduce,4,150000,2,allgather,1,112500,37500,1000,1000,50000000,37500,0,0,6000,0,0,0,6000,0,0,blocked,0,roce,0,8000,1000,0,0,0,0,equal_remainder_last,ring_next,8,5,1,0,0,37500,24,,roce
6709216,0,4,809,0,0,12,inbound_arrival,11,1000,0,ring_allreduce,4,150000,0,allgather,1,37500,37500,1000,1000,50000000,37500,1,0,36000,0,1,0,37000,0,0,blocked,0,roce,0,36000,1000,0,0,0,0,equal_remainder_last,ring_next,2,11,1,1,1,37500,24,,roce
6709216,0,6,644,0,1,18,inbound_arrival,5,0,0,ring_allreduce,4,150000,2,allgather,1,112500,37500,1000,1000,50000000,37500,0,0,6000,0,0,0,6000,0,0,blocked,0,roce,0,9000,1000,0,0,0,0,equal_remainder_last,ring_next,8,5,1,0,0,37500,24,,roce
6717216,0,6,647,0,1,18,inbound_arrival,5,0,0,ring_allreduce,4,150000,2,allgather,1,112500,37500,1000,1000,50000000,37500,0,0,6000,0,0,0,6000,0,0,blocked,0,roce,0,10000,1000,0,0,0,0,equal_remainder_last,ring_next,8,5,1,0,0,37500,24,,roce
6725728,0,6,653,0,1,18,inbound_arrival,5,0,0,ring_allreduce,4,150000,2,allgather,1,112500,37500,1000,1000,50000000,37500,0,0,6000,0,0,0,6000,0,0,blocked,0,roce,0,11000,1000,0,0,0,0,equal_remainder_last,ring_next,8,5,1,0,0,37500,24,,roce
6726240,0,6,656,0,1,18,local_completion,8,0,0,ring_allreduce,4,150000,2,allgather,1,112500,37500,1000,1000,50000000,37500,0,0,6000,0,1,0,6000,0,0,blocked,0,roce,0,0,0,37500,6626072,18048,0,equal_remainder_last,ring_next,8,5,1,0,1,37500,24,,roce
6734240,0,6,659,0,1,18,inbound_arrival,5,0,0,ring_allreduce,4,150000,2,allgather,1,112500,37500,1000,1000,50000000,37500,1,0,6000,0,1,0,6000,0,0,blocked,0,roce,0,13000,1000,0,0,0,0,equal_remainder_last,ring_next,8,5,1,1,1,37500,24,,roce
6742240,0,6,662,0,1,18,inbound_arrival,5,0,0,ring_allreduce,4,150000,2,allgather,1,112500,37500,1000,1000,50000000,37500,1,0,6000,0,1,0,6000,0,0,blocked,0,roce,0,14000,1000,0,0,0,0,equal_remainder_last,ring_next,8,5,1,1,1,37500,24,,roce
6750240,0,6,665,0,1,18,inbound_arrival,5,0,0,ring_allreduce,4,150000,2,allgather,1,112500,37500,1000,1000,50000000,37500,1,0,6000,0,1,0,6000,0,0,blocked,0,roce,0,15000,1000,0,0,0,0,equal_remainder_last,ring_next,8,5,1,1,1,37500,24,,roce
6758240,0,6,668,0,1,18,inbound_arrival,5,0,0,ring_allreduce,4,150000,2,allgather,1,112500,37500,1000,1000,50000000,37500,1,0,6000,0,1,0,6000,0,0,blocked,0,roce,0,16000,1000,0,0,0,0,equal_remainder_last,ring_next,8,5,1,1,1,37500,24,,roce
6766240,0,6,671,0,1,18,inbound_arrival,5,0,0,ring_allreduce,4,150000,2,allgather,1,112500,37500,1000,1000,50000000,37500,1,0,6000,0,1,0,6000,0,0,blocked,0,roce,0,17000,1000,0,0,0,0,equal_remainder_last,ring_next,8,5,1,1,1,37500,24,,roce
6774240,0,6,674,0,1,18,inbound_arrival,5,0,0,ring_allreduce,4,150000,2,allgather,1,112500,37500,1000,1000,50000000,37500,1,0,6000,0,1,0,6000,0,0,blocked,0,roce,0,18000,1000,0,0,0,0,equal_remainder_last,ring_next,8,5,1,1,1,37500,24,,roce
6782240,0,6,677,0,1,18,inbound_arrival,5,0,0,ring_allreduce,4,150000,2,allgather,1,112500,37500,1000,1000,50000000,37500,1,0,6000,0,1,0,6000,0,0,blocked,0,roce,0,19000,1000,0,0,0,0,equal_remainder_last,ring_next,8,5,1,1,1,37500,24,,roce
6790240,0,6,680,0,1,18,inbound_arrival,5,0,0,ring_allreduce,4,150000,2,allgather,1,112500,37500,1000,1000,50000000,37500,1,0,6000,0,1,0,6000,0,0,blocked,0,roce,0,20000,1000,0,0,0,0,equal_remainder_last,ring_next,8,5,1,1,1,37500,24,,roce
6798240,0,6,683,0,1,18,inbound_arrival,5,0,0,ring_allreduce,4,150000,2,allgather,1,112500,37500,1000,1000,50000000,37500,1,0,6000,0,1,0,6000,0,0,blocked,0,roce,0,21000,1000,0,0,0,0,equal_remainder_last,ring_next,8,5,1,1,1,37500,24,,roce
6806240,0,6,686,0,1,18,inbound_arrival,5,0,0,ring_allreduce,4,150000,2,allgather,1,112500,37500,1000,1000,50000000,37500,1,0,6000,0,1,0,6000,0,0,blocked,0,roce,0,22000,1000,0,0,0,0,equal_remainder_last,ring_next,8,5,1,1,1,37500,24,,roce
6814240,0,6,689,0,1,18,inbound_arrival,5,0,0,ring_allreduce,4,150000,2,allgather,1,112500,37500,1000,1000,50000000,37500,1,0,6000,0,1,0,6000,0,0,blocked,0,roce,0,23000,1000,0,0,0,0,equal_remainder_last,ring_next,8,5,1,1,1,37500,24,,roce
6822240,0,6,692,0,1,18,inbound_arrival,5,0,0,ring_allreduce,4,150000,2,allgather,1,112500,37500,1000,1000,50000000,37500,1,0,6000,0,1,0,6000,0,0,blocked,0,roce,0,24000,1000,0,0,0,0,equal_remainder_last,ring_next,8,5,1,1,1,37500,24,,roce
6830240,0,6,695,0,1,18,inbound_arrival,5,0,0,ring_allreduce,4,150000,2,allgather,1,112500,37500,1000,1000,50000000,37500,1,0,6000,0,1,0,6000,0,0,blocked,0,roce,0,25000,1000,0,0,0,0,equal_remainder_last,ring_next,8,5,1,1,1,37500,24,,roce
6838240,0,6,698,0,1,18,inbound_arrival,5,0,0,ring_allreduce,4,150000,2,allgather,1,112500,37500,1000,1000,50000000,37500,1,0,6000,0,1,0,6000,0,0,blocked,0,roce,0,26000,1000,0,0,0,0,equal_remainder_last,ring_next,8,5,1,1,1,37500,24,,roce
6846240,0,6,701,0,1,18,inbound_arrival,5,0,0,ring_allreduce,4,150000,2,allgather,1,112500,37500,1000,1000,50000000,37500,1,0,6000,0,1,0,6000,0,0,blocked,0,roce,0,27000,1000,0,0,0,0,equal_remainder_last,ring_next,8,5,1,1,1,37500,24,,roce
6854240,0,6,704,0,1,18,inbound_arrival,5,0,0,ring_allreduce,4,150000,2,allgather,1,112500,37500,1000,1000,50000000,37500,1,0,6000,0,1,0,6000,0,0,blocked,0,roce,0,28000,1000,0,0,0,0,equal_remainder_last,ring_next,8,5,1,1,1,37500,24,,roce
6862240,0,6,707,0,1,18,inbound_arrival,5,0,0,ring_allreduce,4,150000,2,allgather,1,112500,37500,1000,1000,50000000,37500,1,0,6000,0,1,0,6000,0,0,blocked,0,roce,0,29000,1000,0,0,0,0,equal_remainder_last,ring_next,8,5,1,1,1,37500,24,,roce
6870240,0,6,710,0,1,18,inbound_arrival,5,0,0,ring_allreduce,4,150000,2,allgather,1,112500,37500,1000,1000,50000000,37500,1,0,6000,0,1,0,6000,0,0,blocked,0,roce,0,30000,1000,0,0,0,0,equal_remainder_last,ring_next,8,5,1,1,1,37500,24,,roce
6878240,0,6,713,0,1,18,inbound_arrival,5,0,0,ring_allreduce,4,150000,2,allgather,1,112500,37500,1000,1000,50000000,37500,1,0,6000,0,1,0,6000,0,0,blocked,0,roce,0,31000,1000,0,0,0,0,equal_remainder_last,ring_next,8,5,1,1,1,37500,24,,roce
6886240,0,6,716,0,1,18,inbound_arrival,5,0,0,ring_allreduce,4,150000,2,allgather,1,112500,37500,1000,1000,50000000,37500,1,0,6000,0,1,0,6000,0,0,blocked,0,roce,0,32000,1000,0,0,0,0,equal_remainder_last,ring_next,8,5,1,1,1,37500,24,,roce
6894240,0,6,719,0,1,18,inbound_arrival,5,0,0,ring_allreduce,4,150000,2,allgather,1,112500,37500,1000,1000,50000000,37500,1,0,6000,0,1,0,6000,0,0,blocked,0,roce,0,33000,1000,0,0,0,0,equal_remainder_last,ring_next,8,5,1,1,1,37500,24,,roce
6902240,0,6,722,0,1,18,inbound_arrival,5,0,0,ring_allreduce,4,150000,2,allgather,1,112500,37500,1000,1000,50000000,37500,1,0,6000,0,1,0,6000,0,0,blocked,0,roce,0,34000,1000,0,0,0,0,equal_remainder_last,ring_next,8,5,1,1,1,37500,24,,roce
6910240,0,6,725,0,1,18,inbound_arrival,5,0,0,ring_allreduce,4,150000,2,allgather,1,112500,37500,1000,1000,50000000,37500,1,0,6000,0,1,0,6000,0,0,blocked,0,roce,0,35000,1000,0,0,0,0,equal_remainder_last,ring_next,8,5,1,1,1,37500,24,,roce
6918240,0,6,728,0,1,18,inbound_arrival,5,0,0,ring_allreduce,4,150000,2,allgather,1,112500,37500,1000,1000,50000000,37500,1,0,6000,0,1,0,6000,0,0,blocked,0,roce,0,36000,1000,0,0,0,0,equal_remainder_last,ring_next,8,5,1,1,1,37500,24,,roce
6922240,0,6,731,0,1,18,inbound_arrival,5,0,0,ring_allreduce,4,150000,2,allgather,1,112500,37500,1000,1000,50000000,37500,1,0,6000,0,1,0,6000,0,0,blocked,0,roce,0,37000,500,0,0,0,0,equal_remainder_last,ring_next,8,5,1,1,1,37500,24,,roce
7632608,0,6,734,0,1,18,inbound_arrival,5,1000,0,ring_allreduce,4,150000,2,allgather,1,112500,37500,1000,1000,50000000,37500,1,0,6000,0,1,0,7000,0,0,blocked,0,roce,0,6000,1000,0,0,0,0,equal_remainder_last,ring_next,8,5,1,1,1,37500,24,,roce
7640608,0,6,737,0,1,18,inbound_arrival,5,1000,0,ring_allreduce,4,150000,2,allgather,1,112500,37500,1000,1000,50000000,37500,1,0,7000,0,1,0,8000,0,0,blocked,0,roce,0,7000,1000,0,0,0,0,equal_remainder_last,ring_next,8,5,1,1,1,37500,24,,roce
7648608,0,6,740,0,1,18,inbound_arrival,5,1000,0,ring_allreduce,4,150000,2,allgather,1,112500,37500,1000,1000,50000000,37500,1,0,8000,0,1,0,9000,0,0,blocked,0,roce,0,8000,1000,0,0,0,0,equal_remainder_last,ring_next,8,5,1,1,1,37500,24,,roce
7656608,0,6,743,0,1,18,inbound_arrival,5,1000,0,ring_allreduce,4,150000,2,allgather,1,112500,37500,1000,1000,50000000,37500,1,0,9000,0,1,0,10000,0,0,blocked,0,roce,0,9000,1000,0,0,0,0,equal_remainder_last,ring_next,8,5,1,1,1,37500,24,,roce
7664608,0,6,746,0,1,18,inbound_arrival,5,1000,0,ring_allreduce,4,150000,2,allgather,1,112500,37500,1000,1000,50000000,37500,1,0,10000,0,1,0,11000,0,0,blocked,0,roce,0,10000,1000,0,0,0,0,equal_remainder_last,ring_next,8,5,1,1,1,37500,24,,roce
7672608,0,6,749,0,1,18,inbound_arrival,5,1000,0,ring_allreduce,4,150000,2,allgather,1,112500,37500,1000,1000,50000000,37500,1,0,11000,0,1,0,12000,0,0,blocked,0,roce,0,11000,1000,0,0,0,0,equal_remainder_last,ring_next,8,5,1,1,1,37500,24,,roce
7680608,0,6,752,0,1,18,inbound_arrival,5,1000,0,ring_allreduce,4,150000,2,allgather,1,112500,37500,1000,1000,50000000,37500,1,0,12000,0,1,0,13000,0,0,blocked,0,roce,0,12000,1000,0,0,0,0,equal_remainder_last,ring_next,8,5,1,1,1,37500,24,,roce
7688608,0,6,755,0,1,18,inbound_arrival,5,1000,0,ring_allreduce,4,150000,2,allgather,1,112500,37500,1000,1000,50000000,37500,1,0,13000,0,1,0,14000,0,0,blocked,0,roce,0,13000,1000,0,0,0,0,equal_remainder_last,ring_next,8,5,1,1,1,37500,24,,roce
7696608,0,6,758,0,1,18,inbound_arrival,5,1000,0,ring_allreduce,4,150000,2,allgather,1,112500,37500,1000,1000,50000000,37500,1,0,14000,0,1,0,15000,0,0,blocked,0,roce,0,14000,1000,0,0,0,0,equal_remainder_last,ring_next,8,5,1,1,1,37500,24,,roce
7704608,0,6,761,0,1,18,inbound_arrival,5,1000,0,ring_allreduce,4,150000,2,allgather,1,112500,37500,1000,1000,50000000,37500,1,0,15000,0,1,0,16000,0,0,blocked,0,roce,0,15000,1000,0,0,0,0,equal_remainder_last,ring_next,8,5,1,1,1,37500,24,,roce
7712608,0,6,764,0,1,18,inbound_arrival,5,1000,0,ring_allreduce,4,150000,2,allgather,1,112500,37500,1000,1000,50000000,37500,1,0,16000,0,1,0,17000,0,0,blocked,0,roce,0,16000,1000,0,0,0,0,equal_remainder_last,ring_next,8,5,1,1,1,37500,24,,roce
7720608,0,6,767,0,1,18,inbound_arrival,5,1000,0,ring_allreduce,4,150000,2,allgather,1,112500,37500,1000,1000,50000000,37500,1,0,17000,0,1,0,18000,0,0,blocked,0,roce,0,17000,1000,0,0,0,0,equal_remainder_last,ring_next,8,5,1,1,1,37500,24,,roce
7728608,0,6,770,0,1,18,inbound_arrival,5,1000,0,ring_allreduce,4,150000,2,allgather,1,112500,37500,1000,1000,50000000,37500,1,0,18000,0,1,0,19000,0,0,blocked,0,roce,0,18000,1000,0,0,0,0,equal_remainder_last,ring_next,8,5,1,1,1,37500,24,,roce
7736608,0,6,773,0,1,18,inbound_arrival,5,1000,0,ring_allreduce,4,150000,2,allgather,1,112500,37500,1000,1000,50000000,37500,1,0,19000,0,1,0,20000,0,0,blocked,0,roce,0,19000,1000,0,0,0,0,equal_remainder_last,ring_next,8,5,1,1,1,37500,24,,roce
7740608,0,4,812,0,0,12,inbound_arrival,11,500,0,ring_allreduce,4,150000,0,allgather,1,37500,37500,1000,1000,50000000,37500,1,0,37000,1,1,1,37500,0,0,blocked,7740608,roce,0,37000,500,0,0,0,0,equal_remainder_last,ring_next,2,11,1,1,1,37500,24,,roce
7743168,0,12,698,0,3,21,local_completion,11,0,0,ring_allreduce,4,150000,3,allgather,1,0,37500,1000,1000,50000000,37500,0,1,37500,1,1,1,37500,0,0,blocked,7743168,roce,0,0,0,37500,7715120,22560,0,equal_remainder_last,ring_next,11,8,1,0,1,37500,24,,roce
7748608,0,6,776,0,1,18,inbound_arrival,5,1000,0,ring_allreduce,4,150000,2,allgather,1,112500,37500,1000,1000,50000000,37500,1,0,20000,0,1,0,21000,0,0,blocked,0,roce,0,20000,1000,0,0,0,0,equal_remainder_last,ring_next,8,5,1,1,1,37500,24,,roce
7756608,0,6,779,0,1,18,inbound_arrival,5,1000,0,ring_allreduce,4,150000,2,allgather,1,112500,37500,1000,1000,50000000,37500,1,0,21000,0,1,0,22000,0,0,blocked,0,roce,0,21000,1000,0,0,0,0,equal_remainder_last,ring_next,8,5,1,1,1,37500,24,,roce
7764608,0,6,782,0,1,18,inbound_arrival,5,1000,0,ring_allreduce,4,150000,2,allgather,1,112500,37500,1000,1000,50000000,37500,1,0,22000,0,1,0,23000,0,0,blocked,0,roce,0,22000,1000,0,0,0,0,equal_remainder_last,ring_next,8,5,1,1,1,37500,24,,roce
7772608,0,6,785,0,1,18,inbound_arrival,5,1000,0,ring_allreduce,4,150000,2,allgather,1,112500,37500,1000,1000,50000000,37500,1,0,23000,0,1,0,24000,0,0,blocked,0,roce,0,23000,1000,0,0,0,0,equal_remainder_last,ring_next,8,5,1,1,1,37500,24,,roce
7779608,0,9,743,0,2,16,inbound_arrival,12,1000,0,ring_allreduce,4,150000,1,allgather,2,37500,37500,1000,1000,50000000,37500,0,0,0,0,0,0,1000,0,0,blocked,0,roce,0,0,1000,0,0,0,0,equal_remainder_last,ring_next,15,12,1,0,0,37500,24,,roce
7780608,0,6,788,0,1,18,inbound_arrival,5,1000,0,ring_allreduce,4,150000,2,allgather,1,112500,37500,1000,1000,50000000,37500,1,0,24000,0,1,0,25000,0,0,blocked,0,roce,0,24000,1000,0,0,0,0,equal_remainder_last,ring_next,8,5,1,1,1,37500,24,,roce
7788120,0,9,749,0,2,16,inbound_arrival,12,1000,0,ring_allreduce,4,150000,1,allgather,2,37500,37500,1000,1000,50000000,37500,0,0,1000,0,0,0,2000,0,0,blocked,0,roce,0,1000,1000,0,0,0,0,equal_remainder_last,ring_next,15,12,1,0,0,37500,24,,roce
7796608,0,4,815,0,0,13,inbound_arrival,21,1000,0,ring_allreduce,4,150000,0,allgather,2,0,37500,1000,1000,50000000,37500,0,0,0,0,0,0,1000,0,0,blocked,0,roce,0,0,1000,0,0,0,0,equal_remainder_last,ring_next,12,21,1,0,0,37500,24,,roce
7796608,0,6,791,0,1,18,inbound_arrival,5,1000,0,ring_allreduce,4,150000,2,allgather,1,112500,37500,1000,1000,50000000,37500,1,0,25000,0,1,0,26000,0,0,blocked,0,roce,0,25000,1000,0,0,0,0,equal_remainder_last,ring_next,8,5,1,1,1,37500,24,,roce
7796632,0,9,755,0,2,16,inbound_arrival,12,1000,0,ring_allreduce,4,150000,1,allgather,2,37500,37500,1000,1000,50000000,37500,0,0,2000,0,0,0,3000,0,0,blocked,0,roce,0,2000,1000,0,0,0,0,equal_remainder_last,ring_next,15,12,1,0,0,37500,24,,roce
7805144,0,9,761,0,2,16,inbound_arrival,12,1000,0,ring_allreduce,4,150000,1,allgather,2,37500,37500,1000,1000,50000000,37500,0,0,3000,0,0,0,4000,0,0,blocked,0,roce,0,3000,1000,0,0,0,0,equal_remainder_last,ring_next,15,12,1,0,0,37500,24,,roce
7812608,0,4,818,0,0,13,inbound_arrival,21,1000,0,ring_allreduce,4,150000,0,allgather,2,0,37500,1000,1000,50000000,37500,0,0,1000,0,0,0,2000,0,0,blocked,0,roce,0,1000,1000,0,0,0,0,equal_remainder_last,ring_next,12,21,1,0,0,37500,24,,roce
7812608,0,6,794,0,1,18,inbound_arrival,5,1000,0,ring_allreduce,4,150000,2,allgather,1,112500,37500,1000,1000,50000000,37500,1,0,26000,0,1,0,27000,0,0,blocked,0,roce,0,26000,1000,0,0,0,0,equal_remainder_last,ring_next,8,5,1,1,1,37500,24,,roce
7813144,0,9,764,0,2,16,inbound_arrival,12,1000,0,ring_allreduce,4,150000,1,allgather,2,37500,37500,1000,1000,50000000,37500,0,0,4000,0,0,0,5000,0,0,blocked,0,roce,0,4000,1000,0,0,0,0,equal_remainder_last,ring_next,15,12,1,0,0,37500,24,,roce
7821656,0,9,770,0,2,16,inbound_arrival,12,1000,0,ring_allreduce,4,150000,1,allgather,2,37500,37500,1000,1000,50000000,37500,0,0,5000,0,0,0,6000,0,0,blocked,0,roce,0,5000,1000,0,0,0,0,equal_remainder_last,ring_next,15,12,1,0,0,37500,24,,roce
7828608,0,4,821,0,0,13,inbound_arrival,21,1000,0,ring_allreduce,4,150000,0,allgather,2,0,37500,1000,1000,50000000,37500,0,0,2000,0,0,0,3000,0,0,blocked,0,roce,0,2000,1000,0,0,0,0,equal_remainder_last,ring_next,12,21,1,0,0,37500,24,,roce
7828608,0,6,797,0,1,18,inbound_arrival,5,1000,0,ring_allreduce,4,150000,2,allgather,1,112500,37500,1000,1000,50000000,37500,1,0,27000,0,1,0,28000,0,0,blocked,0,roce,0,27000,1000,0,0,0,0,equal_remainder_last,ring_next,8,5,1,1,1,37500,24,,roce
7829656,0,9,773,0,2,16,inbound_arrival,12,1000,0,ring_allreduce,4,150000,1,allgather,2,37500,37500,1000,1000,50000000,37500,0,0,6000,0,0,0,7000,0,0,blocked,0,roce,0,6000,1000,0,0,0,0,equal_remainder_last,ring_next,15,12,1,0,0,37500,24,,roce
7838680,0,9,779,0,2,16,inbound_arrival,12,1000,0,ring_allreduce,4,150000,1,allgather,2,37500,37500,1000,1000,50000000,37500,0,0,7000,0,0,0,8000,0,0,blocked,0,roce,0,7000,1000,0,0,0,0,equal_remainder_last,ring_next,15,12,1,0,0,37500,24,,roce
7845120,0,4,827,0,0,13,inbound_arrival,21,1000,0,ring_allreduce,4,150000,0,allgather,2,0,37500,1000,1000,50000000,37500,0,0,3000,0,0,0,4000,0,0,blocked,0,roce,0,3000,1000,0,0,0,0,equal_remainder_last,ring_next,12,21,1,0,0,37500,24,,roce
7845120,0,6,800,0,1,18,inbound_arrival,5,1000,0,ring_allreduce,4,150000,2,allgather,1,112500,37500,1000,1000,50000000,37500,1,0,28000,0,1,0,29000,0,0,blocked,0,roce,0,28000,1000,0,0,0,0,equal_remainder_last,ring_next,8,5,1,1,1,37500,24,,roce
7846680,0,9,782,0,2,16,inbound_arrival,12,1000,0,ring_allreduce,4,150000,1,allgather,2,37500,37500,1000,1000,50000000,37500,0,0,8000,0,0,0,9000,0,0,blocked,0,roce,0,8000,1000,0,0,0,0,equal_remainder_last,ring_next,15,12,1,0,0,37500,24,,roce
7855704,0,9,788,0,2,16,inbound_arrival,12,1000,0,ring_allreduce,4,150000,1,allgather,2,37500,37500,1000,1000,50000000,37500,0,0,9000,0,0,0,10000,0,0,blocked,0,roce,0,9000,1000,0,0,0,0,equal_remainder_last,ring_next,15,12,1,0,0,37500,24,,roce
7861632,0,4,833,0,0,13,inbound_arrival,21,1000,0,ring_allreduce,4,150000,0,allgather,2,0,37500,1000,1000,50000000,37500,0,0,4000,0,0,0,5000,0,0,blocked,0,roce,0,4000,1000,0,0,0,0,equal_remainder_last,ring_next,12,21,1,0,0,37500,24,,roce
7861632,0,6,803,0,1,18,inbound_arrival,5,1000,0,ring_allreduce,4,150000,2,allgather,1,112500,37500,1000,1000,50000000,37500,1,0,29000,0,1,0,30000,0,0,blocked,0,roce,0,29000,1000,0,0,0,0,equal_remainder_last,ring_next,8,5,1,1,1,37500,24,,roce
7863704,0,9,791,0,2,16,inbound_arrival,12,1000,0,ring_allreduce,4,150000,1,allgather,2,37500,37500,1000,1000,50000000,37500,0,0,10000,0,0,0,11000,0,0,blocked,0,roce,0,10000,1000,0,0,0,0,equal_remainder_last,ring_next,15,12,1,0,0,37500,24,,roce
7872728,0,9,797,0,2,16,inbound_arrival,12,1000,0,ring_allreduce,4,150000,1,allgather,2,37500,37500,1000,1000,50000000,37500,0,0,11000,0,0,0,12000,0,0,blocked,0,roce,0,11000,1000,0,0,0,0,equal_remainder_last,ring_next,15,12,1,0,0,37500,24,,roce
7877632,0,4,836,0,0,13,inbound_arrival,21,1000,0,ring_allreduce,4,150000,0,allgather,2,0,37500,1000,1000,50000000,37500,0,0,5000,0,0,0,6000,0,0,blocked,0,roce,0,5000,1000,0,0,0,0,equal_remainder_last,ring_next,12,21,1,0,0,37500,24,,roce
7880728,0,9,800,0,2,16,inbound_arrival,12,1000,0,ring_allreduce,4,150000,1,allgather,2,37500,37500,1000,1000,50000000,37500,0,0,12000,0,0,0,13000,0,0,blocked,0,roce,0,12000,1000,0,0,0,0,equal_remainder_last,ring_next,15,12,1,0,0,37500,24,,roce
7885632,0,4,839,0,0,13,inbound_arrival,21,1000,0,ring_allreduce,4,150000,0,allgather,2,0,37500,1000,1000,50000000,37500,0,0,6000,0,0,0,7000,0,0,blocked,0,roce,0,6000,1000,0,0,0,0,equal_remainder_last,ring_next,12,21,1,0,0,37500,24,,roce
7889752,0,9,806,0,2,16,inbound_arrival,12,1000,0,ring_allreduce,4,150000,1,allgather,2,37500,37500,1000,1000,50000000,37500,0,0,13000,0,0,0,14000,0,0,blocked,0,roce,0,13000,1000,0,0,0,0,equal_remainder_last,ring_next,15,12,1,0,0,37500,24,,roce
7893632,0,4,842,0,0,13,inbound_arrival,21,1000,0,ring_allreduce,4,150000,0,allgather,2,0,37500,1000,1000,50000000,37500,0,0,7000,0,0,0,8000,0,0,blocked,0,roce,0,7000,1000,0,0,0,0,equal_remainder_last,ring_next,12,21,1,0,0,37500,24,,roce
7893632,0,6,806,0,1,18,inbound_arrival,5,0,0,ring_allreduce,4,150000,2,allgather,1,112500,37500,1000,1000,50000000,37500,1,0,30000,0,1,0,30000,0,0,blocked,0,roce,0,32000,1000,0,0,0,0,equal_remainder_last,ring_next,8,5,1,1,1,37500,24,,roce
7897752,0,9,809,0,2,16,inbound_arrival,12,1000,0,ring_allreduce,4,150000,1,allgather,2,37500,37500,1000,1000,50000000,37500,0,0,14000,0,0,0,15000,0,0,blocked,0,roce,0,14000,1000,0,0,0,0,equal_remainder_last,ring_next,15,12,1,0,0,37500,24,,roce
7906264,0,9,812,0,2,16,inbound_arrival,12,1000,0,ring_allreduce,4,150000,1,allgather,2,37500,37500,1000,1000,50000000,37500,0,0,15000,0,0,0,16000,0,0,blocked,0,roce,0,15000,1000,0,0,0,0,equal_remainder_last,ring_next,15,12,1,0,0,37500,24,,roce
7909632,0,4,845,0,0,13,inbound_arrival,21,1000,0,ring_allreduce,4,150000,0,allgather,2,0,37500,1000,1000,50000000,37500,0,0,8000,0,0,0,9000,0,0,blocked,0,roce,0,8000,1000,0,0,0,0,equal_remainder_last,ring_next,12,21,1,0,0,37500,24,,roce
7914776,0,9,818,0,2,16,inbound_arrival,12,1000,0,ring_allreduce,4,150000,1,allgather,2,37500,37500,1000,1000,50000000,37500,0,0,16000,0,0,0,17000,0,0,blocked,0,roce,0,16000,1000,0,0,0,0,equal_remainder_last,ring_next,15,12,1,0,0,37500,24,,roce
7917632,0,4,848,0,0,13,inbound_arrival,21,1000,0,ring_allreduce,4,150000,0,allgather,2,0,37500,1000,1000,50000000,37500,0,0,9000,0,0,0,10000,0,0,blocked,0,roce,0,9000,1000,0,0,0,0,equal_remainder_last,ring_next,12,21,1,0,0,37500,24,,roce
7917632,0,6,809,0,1,18,inbound_arrival,5,0,0,ring_allreduce,4,150000,2,allgather,1,112500,37500,1000,1000,50000000,37500,1,0,30000,0,1,0,30000,0,0,blocked,0,roce,0,34000,1000,0,0,0,0,equal_remainder_last,ring_next,8,5,1,1,1,37500,24,,roce
7923288,0,9,821,0,2,16,inbound_arrival,12,1000,0,ring_allreduce,4,150000,1,allgather,2,37500,37500,1000,1000,50000000,37500,0,0,17000,0,0,0,18000,0,0,blocked,0,roce,0,17000,1000,0,0,0,0,equal_remainder_last,ring_next,15,12,1,0,0,37500,24,,roce
7931800,0,9,824,0,2,16,inbound_arrival,12,1000,0,ring_allreduce,4,150000,1,allgather,2,37500,37500,1000,1000,50000000,37500,0,0,18000,0,0,0,19000,0,0,blocked,0,roce,0,18000,1000,0,0,0,0,equal_remainder_last,ring_next,15,12,1,0,0,37500,24,,roce
7933632,0,4,851,0,0,13,inbound_arrival,21,1000,0,ring_allreduce,4,150000,0,allgather,2,0,37500,1000,1000,50000000,37500,0,0,10000,0,0,0,11000,0,0,blocked,0,roce,0,10000,1000,0,0,0,0,equal_remainder_last,ring_next,12,21,1,0,0,37500,24,,roce
7940312,0,9,827,0,2,16,inbound_arrival,12,1000,0,ring_allreduce,4,150000,1,allgather,2,37500,37500,1000,1000,50000000,37500,0,0,19000,0,0,0,20000,0,0,blocked,0,roce,0,19000,1000,0,0,0,0,equal_remainder_last,ring_next,15,12,1,0,0,37500,24,,roce
7941632,0,4,854,0,0,13,inbound_arrival,21,1000,0,ring_allreduce,4,150000,0,allgather,2,0,37500,1000,1000,50000000,37500,0,0,11000,0,0,0,12000,0,0,blocked,0,roce,0,11000,1000,0,0,0,0,equal_remainder_last,ring_next,12,21,1,0,0,37500,24,,roce
7948312,0,9,830,0,2,16,inbound_arrival,12,1000,0,ring_allreduce,4,150000,1,allgather,2,37500,37500,1000,1000,50000000,37500,0,0,20000,0,0,0,21000,0,0,blocked,0,roce,0,20000,1000,0,0,0,0,equal_remainder_last,ring_next,15,12,1,0,0,37500,24,,roce
7949632,0,4,857,0,0,13,inbound_arrival,21,1000,0,ring_allreduce,4,150000,0,allgather,2,0,37500,1000,1000,50000000,37500,0,0,12000,0,0,0,13000,0,0,blocked,0,roce,0,12000,1000,0,0,0,0,equal_remainder_last,ring_next,12,21,1,0,0,37500,24,,roce
7956824,0,9,833,0,2,16,inbound_arrival,12,1000,0,ring_allreduce,4,150000,1,allgather,2,37500,37500,1000,1000,50000000,37500,0,0,21000,0,0,0,22000,0,0,blocked,0,roce,0,21000,1000,0,0,0,0,equal_remainder_last,ring_next,15,12,1,0,0,37500,24,,roce
7957632,0,4,860,0,0,13,inbound_arrival,21,1000,0,ring_allreduce,4,150000,0,allgather,2,0,37500,1000,1000,50000000,37500,0,0,13000,0,0,0,14000,0,0,blocked,0,roce,0,13000,1000,0,0,0,0,equal_remainder_last,ring_next,12,21,1,0,0,37500,24,,roce
7965336,0,9,836,0,2,16,inbound_arrival,12,1000,0,ring_allreduce,4,150000,1,allgather,2,37500,37500,1000,1000,50000000,37500,0,0,22000,0,0,0,23000,0,0,blocked,0,roce,0,22000,1000,0,0,0,0,equal_remainder_last,ring_next,15,12,1,0,0,37500,24,,roce
7965632,0,4,863,0,0,13,inbound_arrival,21,1000,0,ring_allreduce,4,150000,0,allgather,2,0,37500,1000,1000,50000000,37500,0,0,14000,0,0,0,15000,0,0,blocked,0,roce,0,14000,1000,0,0,0,0,equal_remainder_last,ring_next,12,21,1,0,0,37500,24,,roce
7973336,0,9,839,0,2,16,inbound_arrival,12,1000,0,ring_allreduce,4,150000,1,allgather,2,37500,37500,1000,1000,50000000,37500,0,0,23000,0,0,0,24000,0,0,blocked,0,roce,0,23000,1000,0,0,0,0,equal_remainder_last,ring_next,15,12,1,0,0,37500,24,,roce
7973632,0,4,866,0,0,13,inbound_arrival,21,1000,0,ring_allreduce,4,150000,0,allgather,2,0,37500,1000,1000,50000000,37500,0,0,15000,0,0,0,16000,0,0,blocked,0,roce,0,15000,1000,0,0,0,0,equal_remainder_last,ring_next,12,21,1,0,0,37500,24,,roce
7981632,0,4,869,0,0,13,inbound_arrival,21,1000,0,ring_allreduce,4,150000,0,allgather,2,0,37500,1000,1000,50000000,37500,0,0,16000,0,0,0,17000,0,0,blocked,0,roce,0,16000,1000,0,0,0,0,equal_remainder_last,ring_next,12,21,1,0,0,37500,24,,roce
7981848,0,9,842,0,2,16,inbound_arrival,12,1000,0,ring_allreduce,4,150000,1,allgather,2,37500,37500,1000,1000,50000000,37500,0,0,24000,0,0,0,25000,0,0,blocked,0,roce,0,24000,1000,0,0,0,0,equal_remainder_last,ring_next,15,12,1,0,0,37500,24,,roce
7989632,0,4,872,0,0,13,inbound_arrival,21,1000,0,ring_allreduce,4,150000,0,allgather,2,0,37500,1000,1000,50000000,37500,0,0,17000,0,0,0,18000,0,0,blocked,0,roce,0,17000,1000,0,0,0,0,equal_remainder_last,ring_next,12,21,1,0,0,37500,24,,roce
7990360,0,9,845,0,2,16,inbound_arrival,12,1000,0,ring_allreduce,4,150000,1,allgather,2,37500,37500,1000,1000,50000000,37500,0,0,25000,0,0,0,26000,0,0,blocked,0,roce,0,25000,1000,0,0,0,0,equal_remainder_last,ring_next,15,12,1,0,0,37500,24,,roce
7997632,0,4,875,0,0,13,inbound_arrival,21,1000,0,ring_allreduce,4,150000,0,allgather,2,0,37500,1000,1000,50000000,37500,0,0,18000,0,0,0,19000,0,0,blocked,0,roce,0,18000,1000,0,0,0,0,equal_remainder_last,ring_next,12,21,1,0,0,37500,24,,roce
7998872,0,9,848,0,2,16,inbound_arrival,12,1000,0,ring_allreduce,4,150000,1,allgather,2,37500,37500,1000,1000,50000000,37500,0,0,26000,0,0,0,27000,0,0,blocked,0,roce,0,26000,1000,0,0,0,0,equal_remainder_last,ring_next,15,12,1,0,0,37500,24,,roce
8005632,0,4,878,0,0,13,inbound_arrival,21,1000,0,ring_allreduce,4,150000,0,allgather,2,0,37500,1000,1000,50000000,37500,0,0,19000,0,0,0,20000,0,0,blocked,0,roce,0,19000,1000,0,0,0,0,equal_remainder_last,ring_next,12,21,1,0,0,37500,24,,roce
8007384,0,9,851,0,2,16,inbound_arrival,12,1000,0,ring_allreduce,4,150000,1,allgather,2,37500,37500,1000,1000,50000000,37500,0,0,27000,0,0,0,28000,0,0,blocked,0,roce,0,27000,1000,0,0,0,0,equal_remainder_last,ring_next,15,12,1,0,0,37500,24,,roce
8013632,0,4,881,0,0,13,inbound_arrival,21,1000,0,ring_allreduce,4,150000,0,allgather,2,0,37500,1000,1000,50000000,37500,0,0,20000,0,0,0,21000,0,0,blocked,0,roce,0,20000,1000,0,0,0,0,equal_remainder_last,ring_next,12,21,1,0,0,37500,24,,roce
8013632,0,6,812,0,1,18,inbound_arrival,5,0,0,ring_allreduce,4,150000,2,allgather,1,112500,37500,1000,1000,50000000,37500,1,0,30000,0,1,0,30000,0,0,blocked,0,roce,0,32000,1000,0,0,0,0,equal_remainder_last,ring_next,8,5,1,1,1,37500,24,,roce
8015896,0,9,854,0,2,16,inbound_arrival,12,1000,0,ring_allreduce,4,150000,1,allgather,2,37500,37500,1000,1000,50000000,37500,0,0,28000,0,0,0,29000,0,0,blocked,0,roce,0,28000,1000,0,0,0,0,equal_remainder_last,ring_next,15,12,1,0,0,37500,24,,roce
8024408,0,9,857,0,2,16,inbound_arrival,12,1000,0,ring_allreduce,4,150000,1,allgather,2,37500,37500,1000,1000,50000000,37500,0,0,29000,0,0,0,30000,0,0,blocked,0,roce,0,29000,1000,0,0,0,0,equal_remainder_last,ring_next,15,12,1,0,0,37500,24,,roce
8029632,0,4,884,0,0,13,inbound_arrival,21,1000,0,ring_allreduce,4,150000,0,allgather,2,0,37500,1000,1000,50000000,37500,0,0,21000,0,0,0,22000,0,0,blocked,0,roce,0,21000,1000,0,0,0,0,equal_remainder_last,ring_next,12,21,1,0,0,37500,24,,roce
8029632,0,6,815,0,1,18,inbound_arrival,5,0,0,ring_allreduce,4,150000,2,allgather,1,112500,37500,1000,1000,50000000,37500,1,0,30000,0,1,0,30000,0,0,blocked,0,roce,0,34000,1000,0,0,0,0,equal_remainder_last,ring_next,8,5,1,1,1,37500,24,,roce
8032920,0,9,860,0,2,16,inbound_arrival,12,1000,0,ring_allreduce,4,150000,1,allgather,2,37500,37500,1000,1000,50000000,37500,0,0,30000,0,0,0,31000,0,0,blocked,0,roce,0,30000,1000,0,0,0,0,equal_remainder_last,ring_next,15,12,1,0,0,37500,24,,roce
8037632,0,6,818,0,1,18,inbound_arrival,5,0,0,ring_allreduce,4,150000,2,allgather,1,112500,37500,1000,1000,50000000,37500,1,0,30000,0,1,0,30000,0,0,blocked,0,roce,0,35000,1000,0,0,0,0,equal_remainder_last,ring_next,8,5,1,1,1,37500,24,,roce
8041432,0,9,863,0,2,16,inbound_arrival,12,1000,0,ring_allreduce,4,150000,1,allgather,2,37500,37500,1000,1000,50000000,37500,0,0,31000,0,0,0,32000,0,0,blocked,0,roce,0,31000,1000,0,0,0,0,equal_remainder_last,ring_next,15,12,1,0,0,37500,24,,roce
8046144,0,6,821,0,1,18,inbound_arrival,5,0,0,ring_allreduce,4,150000,2,allgather,1,112500,37500,1000,1000,50000000,37500,1,0,30000,0,1,0,30000,0,0,blocked,0,roce,0,36000,1000,0,0,0,0,equal_remainder_last,ring_next,8,5,1,1,1,37500,24,,roce
8049944,0,9,866,0,2,16,inbound_arrival,12,1000,0,ring_allreduce,4,150000,1,allgather,2,37500,37500,1000,1000,50000000,37500,0,0,32000,0,0,0,33000,0,0,blocked,0,roce,0,32000,1000,0,0,0,0,equal_remainder_last,ring_next,15,12,1,0,0,37500,24,,roce
8058456,0,9,869,0,2,16,inbound_arrival,12,1000,0,ring_allreduce,4,150000,1,allgather,2,37500,37500,1000,1000,50000000,37500,0,0,33000,0,0,0,34000,0,0,blocked,0,roce,0,33000,1000,0,0,0,0,equal_remainder_last,ring_next,15,12,1,0,0,37500,24,,roce
8066968,0,9,872,0,2,16,inbound_arrival,12,1000,0,ring_allreduce,4,150000,1,allgather,2,37500,37500,1000,1000,50000000,37500,0,0,34000,0,0,0,35000,0,0,blocked,0,roce,0,34000,1000,0,0,0,0,equal_remainder_last,ring_next,15,12,1,0,0,37500,24,,roce
8074968,0,9,875,0,2,16,inbound_arrival,12,1000,0,ring_allreduce,4,150000,1,allgather,2,37500,37500,1000,1000,50000000,37500,0,0,35000,0,0,0,36000,0,0,blocked,0,roce,0,35000,1000,0,0,0,0,equal_remainder_last,ring_next,15,12,1,0,0,37500,24,,roce
8083480,0,9,878,0,2,16,inbound_arrival,12,1000,0,ring_allreduce,4,150000,1,allgather,2,37500,37500,1000,1000,50000000,37500,0,0,36000,0,0,0,37000,0,0,blocked,0,roce,0,36000,1000,0,0,0,0,equal_remainder_last,ring_next,15,12,1,0,0,37500,24,,roce
8087480,0,9,881,0,2,16,inbound_arrival,12,500,0,ring_allreduce,4,150000,1,allgather,2,37500,37500,1000,1000,50000000,37500,0,0,37000,0,0,1,37500,0,0,blocked,0,roce,0,37000,500,0,0,0,0,equal_remainder_last,ring_next,15,12,1,0,0,37500,24,,roce
8089528,0,4,929,0,0,13,local_completion,12,0,0,ring_allreduce,4,150000,0,allgather,2,0,37500,1000,1000,50000000,37500,0,0,22000,0,1,0,22000,0,0,blocked,0,roce,0,0,0,37500,8039608,18048,0,equal_remainder_last,ring_next,12,21,1,0,1,37500,24,,roce
8173168,0,4,932,0,0,13,inbound_arrival,21,0,0,ring_allreduce,4,150000,0,allgather,2,0,37500,1000,1000,50000000,37500,1,0,22000,0,1,0,22000,0,0,blocked,0,roce,0,23000,1000,0,0,0,0,equal_remainder_last,ring_next,12,21,1,1,1,37500,24,,roce
8188168,0,4,935,0,0,13,inbound_arrival,21,0,0,ring_allreduce,4,150000,0,allgather,2,0,37500,1000,1000,50000000,37500,1,0,22000,0,1,0,22000,0,0,blocked,0,roce,0,24000,1000,0,0,0,0,equal_remainder_last,ring_next,12,21,1,1,1,37500,24,,roce
8204168,0,4,938,0,0,13,inbound_arrival,21,0,0,ring_allreduce,4,150000,0,allgather,2,0,37500,1000,1000,50000000,37500,1,0,22000,0,1,0,22000,0,0,blocked,0,roce,0,25000,1000,0,0,0,0,equal_remainder_last,ring_next,12,21,1,1,1,37500,24,,roce
8218168,0,4,941,0,0,13,inbound_arrival,21,1000,0,ring_allreduce,4,150000,0,allgather,2,0,37500,1000,1000,50000000,37500,1,0,22000,0,1,0,23000,0,0,blocked,0,roce,0,22000,1000,0,0,0,0,equal_remainder_last,ring_next,12,21,1,1,1,37500,24,,roce
8228168,0,4,944,0,0,13,inbound_arrival,21,1000,0,ring_allreduce,4,150000,0,allgather,2,0,37500,1000,1000,50000000,37500,1,0,23000,0,1,0,24000,0,0,blocked,0,roce,0,23000,1000,0,0,0,0,equal_remainder_last,ring_next,12,21,1,1,1,37500,24,,roce
8239168,0,4,947,0,0,13,inbound_arrival,21,1000,0,ring_allreduce,4,150000,0,allgather,2,0,37500,1000,1000,50000000,37500,1,0,24000,0,1,0,25000,0,0,blocked,0,roce,0,24000,1000,0,0,0,0,equal_remainder_last,ring_next,12,21,1,1,1,37500,24,,roce
8249168,0,4,950,0,0,13,inbound_arrival,21,1000,0,ring_allreduce,4,150000,0,allgather,2,0,37500,1000,1000,50000000,37500,1,0,25000,0,1,0,26000,0,0,blocked,0,roce,0,25000,1000,0,0,0,0,equal_remainder_last,ring_next,12,21,1,1,1,37500,24,,roce
8260168,0,4,953,0,0,13,inbound_arrival,21,1000,0,ring_allreduce,4,150000,0,allgather,2,0,37500,1000,1000,50000000,37500,1,0,26000,0,1,0,27000,0,0,blocked,0,roce,0,26000,1000,0,0,0,0,equal_remainder_last,ring_next,12,21,1,1,1,37500,24,,roce
8270168,0,4,956,0,0,13,inbound_arrival,21,1000,0,ring_allreduce,4,150000,0,allgather,2,0,37500,1000,1000,50000000,37500,1,0,27000,0,1,0,28000,0,0,blocked,0,roce,0,27000,1000,0,0,0,0,equal_remainder_last,ring_next,12,21,1,1,1,37500,24,,roce
8279168,0,4,959,0,0,13,inbound_arrival,21,1000,0,ring_allreduce,4,150000,0,allgather,2,0,37500,1000,1000,50000000,37500,1,0,28000,0,1,0,29000,0,0,blocked,0,roce,0,28000,1000,0,0,0,0,equal_remainder_last,ring_next,12,21,1,1,1,37500,24,,roce
8288168,0,4,962,0,0,13,inbound_arrival,21,1000,0,ring_allreduce,4,150000,0,allgather,2,0,37500,1000,1000,50000000,37500,1,0,29000,0,1,0,30000,0,0,blocked,0,roce,0,29000,1000,0,0,0,0,equal_remainder_last,ring_next,12,21,1,1,1,37500,24,,roce
8297168,0,4,965,0,0,13,inbound_arrival,21,1000,0,ring_allreduce,4,150000,0,allgather,2,0,37500,1000,1000,50000000,37500,1,0,30000,0,1,0,31000,0,0,blocked,0,roce,0,30000,1000,0,0,0,0,equal_remainder_last,ring_next,12,21,1,1,1,37500,24,,roce
8306168,0,4,968,0,0,13,inbound_arrival,21,1000,0,ring_allreduce,4,150000,0,allgather,2,0,37500,1000,1000,50000000,37500,1,0,31000,0,1,0,32000,0,0,blocked,0,roce,0,31000,1000,0,0,0,0,equal_remainder_last,ring_next,12,21,1,1,1,37500,24,,roce
8315168,0,4,971,0,0,13,inbound_arrival,21,1000,0,ring_allreduce,4,150000,0,allgather,2,0,37500,1000,1000,50000000,37500,1,0,32000,0,1,0,33000,0,0,blocked,0,roce,0,32000,1000,0,0,0,0,equal_remainder_last,ring_next,12,21,1,1,1,37500,24,,roce
8324168,0,4,974,0,0,13,inbound_arrival,21,1000,0,ring_allreduce,4,150000,0,allgather,2,0,37500,1000,1000,50000000,37500,1,0,33000,0,1,0,34000,0,0,blocked,0,roce,0,33000,1000,0,0,0,0,equal_remainder_last,ring_next,12,21,1,1,1,37500,24,,roce
8332168,0,4,977,0,0,13,inbound_arrival,21,1000,0,ring_allreduce,4,150000,0,allgather,2,0,37500,1000,1000,50000000,37500,1,0,34000,0,1,0,35000,0,0,blocked,0,roce,0,34000,1000,0,0,0,0,equal_remainder_last,ring_next,12,21,1,1,1,37500,24,,roce
8341168,0,4,980,0,0,13,inbound_arrival,21,1000,0,ring_allreduce,4,150000,0,allgather,2,0,37500,1000,1000,50000000,37500,1,0,35000,0,1,0,36000,0,0,blocked,0,roce,0,35000,1000,0,0,0,0,equal_remainder_last,ring_next,12,21,1,1,1,37500,24,,roce
8349168,0,4,983,0,0,13,inbound_arrival,21,1000,0,ring_allreduce,4,150000,0,allgather,2,0,37500,1000,1000,50000000,37500,1,0,36000,0,1,0,37000,0,0,blocked,0,roce,0,36000,1000,0,0,0,0,equal_remainder_last,ring_next,12,21,1,1,1,37500,24,,roce
8353168,0,4,986,0,0,13,inbound_arrival,21,500,0,ring_allreduce,4,150000,0,allgather,2,0,37500,1000,1000,50000000,37500,1,0,37000,1,1,1,37500,0,0,blocked,8353168,roce,0,37000,500,0,0,0,0,equal_remainder_last,ring_next,12,21,1,1,1,37500,24,,roce
8355728,0,12,815,0,3,22,local_completion,21,0,0,ring_allreduce,4,150000,3,allgather,2,112500,37500,1000,1000,50000000,37500,0,0,0,0,1,0,0,0,0,blocked,0,roce,0,0,0,37500,8313168,22560,0,equal_remainder_last,ring_next,21,18,1,0,1,37500,24,,roce
8392168,0,9,884,0,2,17,inbound_arrival,13,1000,0,ring_allreduce,4,150000,1,allgather,3,0,37500,1000,1000,50000000,37500,0,0,0,0,0,0,1000,0,0,blocked,0,roce,0,0,1000,0,0,0,0,equal_remainder_last,ring_next,16,13,1,0,0,37500,24,,roce
8400168,0,9,887,0,2,17,inbound_arrival,13,1000,0,ring_allreduce,4,150000,1,allgather,3,0,37500,1000,1000,50000000,37500,0,0,1000,0,0,0,2000,0,0,blocked,0,roce,0,1000,1000,0,0,0,0,equal_remainder_last,ring_next,16,13,1,0,0,37500,24,,roce
8408168,0,9,890,0,2,17,inbound_arrival,13,1000,0,ring_allreduce,4,150000,1,allgather,3,0,37500,1000,1000,50000000,37500,0,0,2000,0,0,0,3000,0,0,blocked,0,roce,0,2000,1000,0,0,0,0,equal_remainder_last,ring_next,16,13,1,0,0,37500,24,,roce
8416168,0,9,893,0,2,17,inbound_arrival,13,1000,0,ring_allreduce,4,150000,1,allgather,3,0,37500,1000,1000,50000000,37500,0,0,3000,0,0,0,4000,0,0,blocked,0,roce,0,3000,1000,0,0,0,0,equal_remainder_last,ring_next,16,13,1,0,0,37500,24,,roce
8424168,0,9,896,0,2,17,inbound_arrival,13,1000,0,ring_allreduce,4,150000,1,allgather,3,0,37500,1000,1000,50000000,37500,0,0,4000,0,0,0,5000,0,0,blocked,0,roce,0,4000,1000,0,0,0,0,equal_remainder_last,ring_next,16,13,1,0,0,37500,24,,roce
8432168,0,9,899,0,2,17,inbound_arrival,13,1000,0,ring_allreduce,4,150000,1,allgather,3,0,37500,1000,1000,50000000,37500,0,0,5000,0,0,0,6000,0,0,blocked,0,roce,0,5000,1000,0,0,0,0,equal_remainder_last,ring_next,16,13,1,0,0,37500,24,,roce
8440168,0,9,902,0,2,17,inbound_arrival,13,1000,0,ring_allreduce,4,150000,1,allgather,3,0,37500,1000,1000,50000000,37500,0,0,6000,0,0,0,7000,0,0,blocked,0,roce,0,6000,1000,0,0,0,0,equal_remainder_last,ring_next,16,13,1,0,0,37500,24,,roce
8448168,0,9,905,0,2,17,inbound_arrival,13,1000,0,ring_allreduce,4,150000,1,allgather,3,0,37500,1000,1000,50000000,37500,0,0,7000,0,0,0,8000,0,0,blocked,0,roce,0,7000,1000,0,0,0,0,equal_remainder_last,ring_next,16,13,1,0,0,37500,24,,roce
8456168,0,9,908,0,2,17,inbound_arrival,13,1000,0,ring_allreduce,4,150000,1,allgather,3,0,37500,1000,1000,50000000,37500,0,0,8000,0,0,0,9000,0,0,blocked,0,roce,0,8000,1000,0,0,0,0,equal_remainder_last,ring_next,16,13,1,0,0,37500,24,,roce
8464168,0,9,911,0,2,17,inbound_arrival,13,1000,0,ring_allreduce,4,150000,1,allgather,3,0,37500,1000,1000,50000000,37500,0,0,9000,0,0,0,10000,0,0,blocked,0,roce,0,9000,1000,0,0,0,0,equal_remainder_last,ring_next,16,13,1,0,0,37500,24,,roce
8472168,0,9,914,0,2,17,inbound_arrival,13,1000,0,ring_allreduce,4,150000,1,allgather,3,0,37500,1000,1000,50000000,37500,0,0,10000,0,0,0,11000,0,0,blocked,0,roce,0,10000,1000,0,0,0,0,equal_remainder_last,ring_next,16,13,1,0,0,37500,24,,roce
8480168,0,9,917,0,2,17,inbound_arrival,13,1000,0,ring_allreduce,4,150000,1,allgather,3,0,37500,1000,1000,50000000,37500,0,0,11000,0,0,0,12000,0,0,blocked,0,roce,0,11000,1000,0,0,0,0,equal_remainder_last,ring_next,16,13,1,0,0,37500,24,,roce
8488168,0,9,920,0,2,17,inbound_arrival,13,1000,0,ring_allreduce,4,150000,1,allgather,3,0,37500,1000,1000,50000000,37500,0,0,12000,0,0,0,13000,0,0,blocked,0,roce,0,12000,1000,0,0,0,0,equal_remainder_last,ring_next,16,13,1,0,0,37500,24,,roce
8496168,0,9,923,0,2,17,inbound_arrival,13,1000,0,ring_allreduce,4,150000,1,allgather,3,0,37500,1000,1000,50000000,37500,0,0,13000,0,0,0,14000,0,0,blocked,0,roce,0,13000,1000,0,0,0,0,equal_remainder_last,ring_next,16,13,1,0,0,37500,24,,roce
8504168,0,9,926,0,2,17,inbound_arrival,13,1000,0,ring_allreduce,4,150000,1,allgather,3,0,37500,1000,1000,50000000,37500,0,0,14000,0,0,0,15000,0,0,blocked,0,roce,0,14000,1000,0,0,0,0,equal_remainder_last,ring_next,16,13,1,0,0,37500,24,,roce
8512168,0,9,929,0,2,17,inbound_arrival,13,1000,0,ring_allreduce,4,150000,1,allgather,3,0,37500,1000,1000,50000000,37500,0,0,15000,0,0,0,16000,0,0,blocked,0,roce,0,15000,1000,0,0,0,0,equal_remainder_last,ring_next,16,13,1,0,0,37500,24,,roce
8520168,0,9,932,0,2,17,inbound_arrival,13,1000,0,ring_allreduce,4,150000,1,allgather,3,0,37500,1000,1000,50000000,37500,0,0,16000,0,0,0,17000,0,0,blocked,0,roce,0,16000,1000,0,0,0,0,equal_remainder_last,ring_next,16,13,1,0,0,37500,24,,roce
8528168,0,9,935,0,2,17,inbound_arrival,13,1000,0,ring_allreduce,4,150000,1,allgather,3,0,37500,1000,1000,50000000,37500,0,0,17000,0,0,0,18000,0,0,blocked,0,roce,0,17000,1000,0,0,0,0,equal_remainder_last,ring_next,16,13,1,0,0,37500,24,,roce
8536168,0,9,938,0,2,17,inbound_arrival,13,1000,0,ring_allreduce,4,150000,1,allgather,3,0,37500,1000,1000,50000000,37500,0,0,18000,0,0,0,19000,0,0,blocked,0,roce,0,18000,1000,0,0,0,0,equal_remainder_last,ring_next,16,13,1,0,0,37500,24,,roce
8544168,0,9,941,0,2,17,inbound_arrival,13,1000,0,ring_allreduce,4,150000,1,allgather,3,0,37500,1000,1000,50000000,37500,0,0,19000,0,0,0,20000,0,0,blocked,0,roce,0,19000,1000,0,0,0,0,equal_remainder_last,ring_next,16,13,1,0,0,37500,24,,roce
8552168,0,9,944,0,2,17,inbound_arrival,13,1000,0,ring_allreduce,4,150000,1,allgather,3,0,37500,1000,1000,50000000,37500,0,0,20000,0,0,0,21000,0,0,blocked,0,roce,0,20000,1000,0,0,0,0,equal_remainder_last,ring_next,16,13,1,0,0,37500,24,,roce
8560168,0,9,947,0,2,17,inbound_arrival,13,1000,0,ring_allreduce,4,150000,1,allgather,3,0,37500,1000,1000,50000000,37500,0,0,21000,0,0,0,22000,0,0,blocked,0,roce,0,21000,1000,0,0,0,0,equal_remainder_last,ring_next,16,13,1,0,0,37500,24,,roce
8568168,0,9,950,0,2,17,inbound_arrival,13,1000,0,ring_allreduce,4,150000,1,allgather,3,0,37500,1000,1000,50000000,37500,0,0,22000,0,0,0,23000,0,0,blocked,0,roce,0,22000,1000,0,0,0,0,equal_remainder_last,ring_next,16,13,1,0,0,37500,24,,roce
8576168,0,9,953,0,2,17,inbound_arrival,13,1000,0,ring_allreduce,4,150000,1,allgather,3,0,37500,1000,1000,50000000,37500,0,0,23000,0,0,0,24000,0,0,blocked,0,roce,0,23000,1000,0,0,0,0,equal_remainder_last,ring_next,16,13,1,0,0,37500,24,,roce
8584168,0,9,956,0,2,17,inbound_arrival,13,1000,0,ring_allreduce,4,150000,1,allgather,3,0,37500,1000,1000,50000000,37500,0,0,24000,0,0,0,25000,0,0,blocked,0,roce,0,24000,1000,0,0,0,0,equal_remainder_last,ring_next,16,13,1,0,0,37500,24,,roce
8592168,0,9,959,0,2,17,inbound_arrival,13,1000,0,ring_allreduce,4,150000,1,allgather,3,0,37500,1000,1000,50000000,37500,0,0,25000,0,0,0,26000,0,0,blocked,0,roce,0,25000,1000,0,0,0,0,equal_remainder_last,ring_next,16,13,1,0,0,37500,24,,roce
8600168,0,9,962,0,2,17,inbound_arrival,13,1000,0,ring_allreduce,4,150000,1,allgather,3,0,37500,1000,1000,50000000,37500,0,0,26000,0,0,0,27000,0,0,blocked,0,roce,0,26000,1000,0,0,0,0,equal_remainder_last,ring_next,16,13,1,0,0,37500,24,,roce
8608168,0,9,965,0,2,17,inbound_arrival,13,1000,0,ring_allreduce,4,150000,1,allgather,3,0,37500,1000,1000,50000000,37500,0,0,27000,0,0,0,28000,0,0,blocked,0,roce,0,27000,1000,0,0,0,0,equal_remainder_last,ring_next,16,13,1,0,0,37500,24,,roce
8616168,0,9,968,0,2,17,inbound_arrival,13,1000,0,ring_allreduce,4,150000,1,allgather,3,0,37500,1000,1000,50000000,37500,0,0,28000,0,0,0,29000,0,0,blocked,0,roce,0,28000,1000,0,0,0,0,equal_remainder_last,ring_next,16,13,1,0,0,37500,24,,roce
8624168,0,9,971,0,2,17,inbound_arrival,13,1000,0,ring_allreduce,4,150000,1,allgather,3,0,37500,1000,1000,50000000,37500,0,0,29000,0,0,0,30000,0,0,blocked,0,roce,0,29000,1000,0,0,0,0,equal_remainder_last,ring_next,16,13,1,0,0,37500,24,,roce
8632168,0,9,974,0,2,17,inbound_arrival,13,1000,0,ring_allreduce,4,150000,1,allgather,3,0,37500,1000,1000,50000000,37500,0,0,30000,0,0,0,31000,0,0,blocked,0,roce,0,30000,1000,0,0,0,0,equal_remainder_last,ring_next,16,13,1,0,0,37500,24,,roce
8640168,0,9,977,0,2,17,inbound_arrival,13,1000,0,ring_allreduce,4,150000,1,allgather,3,0,37500,1000,1000,50000000,37500,0,0,31000,0,0,0,32000,0,0,blocked,0,roce,0,31000,1000,0,0,0,0,equal_remainder_last,ring_next,16,13,1,0,0,37500,24,,roce
8648168,0,9,980,0,2,17,inbound_arrival,13,1000,0,ring_allreduce,4,150000,1,allgather,3,0,37500,1000,1000,50000000,37500,0,0,32000,0,0,0,33000,0,0,blocked,0,roce,0,32000,1000,0,0,0,0,equal_remainder_last,ring_next,16,13,1,0,0,37500,24,,roce
8656168,0,9,983,0,2,17,inbound_arrival,13,1000,0,ring_allreduce,4,150000,1,allgather,3,0,37500,1000,1000,50000000,37500,0,0,33000,0,0,0,34000,0,0,blocked,0,roce,0,33000,1000,0,0,0,0,equal_remainder_last,ring_next,16,13,1,0,0,37500,24,,roce
8664168,0,9,986,0,2,17,inbound_arrival,13,1000,0,ring_allreduce,4,150000,1,allgather,3,0,37500,1000,1000,50000000,37500,0,0,34000,0,0,0,35000,0,0,blocked,0,roce,0,34000,1000,0,0,0,0,equal_remainder_last,ring_next,16,13,1,0,0,37500,24,,roce
8672168,0,9,989,0,2,17,inbound_arrival,13,1000,0,ring_allreduce,4,150000,1,allgather,3,0,37500,1000,1000,50000000,37500,0,0,35000,0,0,0,36000,0,0,blocked,0,roce,0,35000,1000,0,0,0,0,equal_remainder_last,ring_next,16,13,1,0,0,37500,24,,roce
8680168,0,9,992,0,2,17,inbound_arrival,13,1000,0,ring_allreduce,4,150000,1,allgather,3,0,37500,1000,1000,50000000,37500,0,0,36000,0,0,0,37000,0,0,blocked,0,roce,0,36000,1000,0,0,0,0,equal_remainder_last,ring_next,16,13,1,0,0,37500,24,,roce
8684168,0,9,995,0,2,17,inbound_arrival,13,500,0,ring_allreduce,4,150000,1,allgather,3,0,37500,1000,1000,50000000,37500,0,0,37000,0,0,1,37500,0,0,blocked,0,roce,0,37000,500,0,0,0,0,equal_remainder_last,ring_next,16,13,1,0,0,37500,24,,roce
8686216,0,4,1100,0,0,14,local_completion,13,0,0,ring_allreduce,4,150000,0,allgather,3,112500,37500,1000,1000,50000000,37500,0,0,0,0,1,0,0,0,0,blocked,0,roce,0,0,0,37500,8652168,18048,0,equal_remainder_last,ring_next,13,22,1,0,1,37500,24,,roce
8938608,0,6,824,0,1,18,inbound_arrival,5,1000,0,ring_allreduce,4,150000,2,allgather,1,112500,37500,1000,1000,50000000,37500,1,0,30000,0,1,0,31000,0,0,blocked,0,roce,0,30000,1000,0,0,0,0,equal_remainder_last,ring_next,8,5,1,1,1,37500,24,,roce
8946608,0,6,827,0,1,18,inbound_arrival,5,1000,0,ring_allreduce,4,150000,2,allgather,1,112500,37500,1000,1000,50000000,37500,1,0,31000,0,1,0,32000,0,0,blocked,0,roce,0,31000,1000,0,0,0,0,equal_remainder_last,ring_next,8,5,1,1,1,37500,24,,roce
8954608,0,6,830,0,1,18,inbound_arrival,5,1000,0,ring_allreduce,4,150000,2,allgather,1,112500,37500,1000,1000,50000000,37500,1,0,32000,0,1,0,33000,0,0,blocked,0,roce,0,32000,1000,0,0,0,0,equal_remainder_last,ring_next,8,5,1,1,1,37500,24,,roce
8962608,0,6,833,0,1,18,inbound_arrival,5,1000,0,ring_allreduce,4,150000,2,allgather,1,112500,37500,1000,1000,50000000,37500,1,0,33000,0,1,0,34000,0,0,blocked,0,roce,0,33000,1000,0,0,0,0,equal_remainder_last,ring_next,8,5,1,1,1,37500,24,,roce
8970608,0,6,836,0,1,18,inbound_arrival,5,1000,0,ring_allreduce,4,150000,2,allgather,1,112500,37500,1000,1000,50000000,37500,1,0,34000,0,1,0,35000,0,0,blocked,0,roce,0,34000,1000,0,0,0,0,equal_remainder_last,ring_next,8,5,1,1,1,37500,24,,roce
8978608,0,6,839,0,1,18,inbound_arrival,5,1000,0,ring_allreduce,4,150000,2,allgather,1,112500,37500,1000,1000,50000000,37500,1,0,35000,0,1,0,36000,0,0,blocked,0,roce,0,35000,1000,0,0,0,0,equal_remainder_last,ring_next,8,5,1,1,1,37500,24,,roce
8986608,0,6,842,0,1,18,inbound_arrival,5,1000,0,ring_allreduce,4,150000,2,allgather,1,112500,37500,1000,1000,50000000,37500,1,0,36000,0,1,0,37000,0,0,blocked,0,roce,0,36000,1000,0,0,0,0,equal_remainder_last,ring_next,8,5,1,1,1,37500,24,,roce
8990608,0,6,845,0,1,18,inbound_arrival,5,500,0,ring_allreduce,4,150000,2,allgather,1,112500,37500,1000,1000,50000000,37500,1,0,37000,1,1,1,37500,0,0,blocked,8990608,roce,0,37000,500,0,0,0,0,equal_remainder_last,ring_next,8,5,1,1,1,37500,24,,roce
8992144,0,9,1019,0,2,15,local_completion,5,0,0,ring_allreduce,4,150000,1,allgather,1,75000,37500,1000,1000,50000000,37500,0,1,37500,1,1,1,37500,0,0,blocked,8992144,roce,0,0,0,37500,8966608,13536,0,equal_remainder_last,ring_next,5,2,1,0,1,37500,24,,roce
9023144,0,6,848,0,1,19,inbound_arrival,15,1000,0,ring_allreduce,4,150000,2,allgather,2,75000,37500,1000,1000,50000000,37500,0,0,0,0,0,0,1000,0,0,blocked,0,roce,0,0,1000,0,0,0,0,equal_remainder_last,ring_next,18,15,1,0,0,37500,24,,roce
9029608,0,12,818,0,3,22,inbound_arrival,18,1000,0,ring_allreduce,4,150000,3,allgather,2,112500,37500,1000,1000,50000000,37500,1,0,0,0,1,0,1000,0,0,blocked,0,roce,0,0,1000,0,0,0,0,equal_remainder_last,ring_next,21,18,1,1,1,37500,24,,roce
9031144,0,6,851,0,1,19,inbound_arrival,15,1000,0,ring_allreduce,4,150000,2,allgather,2,75000,37500,1000,1000,50000000,37500,0,0,1000,0,0,0,2000,0,0,blocked,0,roce,0,1000,1000,0,0,0,0,equal_remainder_last,ring_next,18,15,1,0,0,37500,24,,roce
9037608,0,12,821,0,3,22,inbound_arrival,18,1000,0,ring_allreduce,4,150000,3,allgather,2,112500,37500,1000,1000,50000000,37500,1,0,1000,0,1,0,2000,0,0,blocked,0,roce,0,1000,1000,0,0,0,0,equal_remainder_last,ring_next,21,18,1,1,1,37500,24,,roce
9039144,0,6,854,0,1,19,inbound_arrival,15,1000,0,ring_allreduce,4,150000,2,allgather,2,75000,37500,1000,1000,50000000,37500,0,0,2000,0,0,0,3000,0,0,blocked,0,roce,0,2000,1000,0,0,0,0,equal_remainder_last,ring_next,18,15,1,0,0,37500,24,,roce
9045608,0,12,824,0,3,22,inbound_arrival,18,1000,0,ring_allreduce,4,150000,3,allgather,2,112500,37500,1000,1000,50000000,37500,1,0,2000,0,1,0,3000,0,0,blocked,0,roce,0,2000,1000,0,0,0,0,equal_remainder_last,ring_next,21,18,1,1,1,37500,24,,roce
9047656,0,6,860,0,1,19,inbound_arrival,15,1000,0,ring_allreduce,4,150000,2,allgather,2,75000,37500,1000,1000,50000000,37500,0,0,3000,0,0,0,4000,0,0,blocked,0,roce,0,3000,1000,0,0,0,0,equal_remainder_last,ring_next,18,15,1,0,0,37500,24,,roce
9053608,0,12,827,0,3,22,inbound_arrival,18,1000,0,ring_allreduce,4,150000,3,allgather,2,112500,37500,1000,1000,50000000,37500,1,0,3000,0,1,0,4000,0,0,blocked,0,roce,0,3000,1000,0,0,0,0,equal_remainder_last,ring_next,21,18,1,1,1,37500,24,,roce
9056168,0,6,866,0,1,19,inbound_arrival,15,1000,0,ring_allreduce,4,150000,2,allgather,2,75000,37500,1000,1000,50000000,37500,0,0,4000,0,0,0,5000,0,0,blocked,0,roce,0,4000,1000,0,0,0,0,equal_remainder_last,ring_next,18,15,1,0,0,37500,24,,roce
9062120,0,12,830,0,3,22,inbound_arrival,18,1000,0,ring_allreduce,4,150000,3,allgather,2,112500,37500,1000,1000,50000000,37500,1,0,4000,0,1,0,5000,0,0,blocked,0,roce,0,4000,1000,0,0,0,0,equal_remainder_last,ring_next,21,18,1,1,1,37500,24,,roce
9064680,0,6,872,0,1,19,inbound_arrival,15,1000,0,ring_allreduce,4,150000,2,allgather,2,75000,37500,1000,1000,50000000,37500,0,0,5000,0,0,0,6000,0,0,blocked,0,roce,0,5000,1000,0,0,0,0,equal_remainder_last,ring_next,18,15,1,0,0,37500,24,,roce
9070632,0,12,833,0,3,22,inbound_arrival,18,1000,0,ring_allreduce,4,150000,3,allgather,2,112500,37500,1000,1000,50000000,37500,1,0,5000,0,1,0,6000,0,0,blocked,0,roce,0,5000,1000,0,0,0,0,equal_remainder_last,ring_next,21,18,1,1,1,37500,24,,roce
9073192,0,6,878,0,1,19,inbound_arrival,15,1000,0,ring_allreduce,4,150000,2,allgather,2,75000,37500,1000,1000,50000000,37500,0,0,6000,0,0,0,7000,0,0,blocked,0,roce,0,6000,1000,0,0,0,0,equal_remainder_last,ring_next,18,15,1,0,0,37500,24,,roce
9079144,0,12,836,0,3,22,inbound_arrival,18,1000,0,ring_allreduce,4,150000,3,allgather,2,112500,37500,1000,1000,50000000,37500,1,0,6000,0,1,0,7000,0,0,blocked,0,roce,0,6000,1000,0,0,0,0,equal_remainder_last,ring_next,21,18,1,1,1,37500,24,,roce
9081192,0,6,881,0,1,19,inbound_arrival,15,1000,0,ring_allreduce,4,150000,2,allgather,2,75000,37500,1000,1000,50000000,37500,0,0,7000,0,0,0,8000,0,0,blocked,0,roce,0,7000,1000,0,0,0,0,equal_remainder_last,ring_next,18,15,1,0,0,37500,24,,roce
9087656,0,12,839,0,3,22,inbound_arrival,18,1000,0,ring_allreduce,4,150000,3,allgather,2,112500,37500,1000,1000,50000000,37500,1,0,7000,0,1,0,8000,0,0,blocked,0,roce,0,7000,1000,0,0,0,0,equal_remainder_last,ring_next,21,18,1,1,1,37500,24,,roce
9089704,0,6,887,0,1,19,inbound_arrival,15,1000,0,ring_allreduce,4,150000,2,allgather,2,75000,37500,1000,1000,50000000,37500,0,0,8000,0,0,0,9000,0,0,blocked,0,roce,0,8000,1000,0,0,0,0,equal_remainder_last,ring_next,18,15,1,0,0,37500,24,,roce
9096168,0,12,842,0,3,22,inbound_arrival,18,1000,0,ring_allreduce,4,150000,3,allgather,2,112500,37500,1000,1000,50000000,37500,1,0,8000,0,1,0,9000,0,0,blocked,0,roce,0,8000,1000,0,0,0,0,equal_remainder_last,ring_next,21,18,1,1,1,37500,24,,roce
9098216,0,6,893,0,1,19,inbound_arrival,15,1000,0,ring_allreduce,4,150000,2,allgather,2,75000,37500,1000,1000,50000000,37500,0,0,9000,0,0,0,10000,0,0,blocked,0,roce,0,9000,1000,0,0,0,0,equal_remainder_last,ring_next,18,15,1,0,0,37500,24,,roce
9104680,0,12,845,0,3,22,inbound_arrival,18,1000,0,ring_allreduce,4,150000,3,allgather,2,112500,37500,1000,1000,50000000,37500,1,0,9000,0,1,0,10000,0,0,blocked,0,roce,0,9000,1000,0,0,0,0,equal_remainder_last,ring_next,21,18,1,1,1,37500,24,,roce
9106728,0,6,899,0,1,19,inbound_arrival,15,1000,0,ring_allreduce,4,150000,2,allgather,2,75000,37500,1000,1000,50000000,37500,0,0,10000,0,0,0,11000,0,0,blocked,0,roce,0,10000,1000,0,0,0,0,equal_remainder_last,ring_next,18,15,1,0,0,37500,24,,roce
9113192,0,12,848,0,3,22,inbound_arrival,18,1000,0,ring_allreduce,4,150000,3,allgather,2,112500,37500,1000,1000,50000000,37500,1,0,10000,0,1,0,11000,0,0,blocked,0,roce,0,10000,1000,0,0,0,0,equal_remainder_last,ring_next,21,18,1,1,1,37500,24,,roce
9115240,0,6,905,0,1,19,inbound_arrival,15,1000,0,ring_allreduce,4,150000,2,allgather,2,75000,37500,1000,1000,50000000,37500,0,0,11000,0,0,0,12000,0,0,blocked,0,roce,0,11000,1000,0,0,0,0,equal_remainder_last,ring_next,18,15,1,0,0,37500,24,,roce
9121704,0,12,851,0,3,22,inbound_arrival,18,1000,0,ring_allreduce,4,150000,3,allgather,2,112500,37500,1000,1000,50000000,37500,1,0,11000,0,1,0,12000,0,0,blocked,0,roce,0,11000,1000,0,0,0,0,equal_remainder_last,ring_next,21,18,1,1,1,37500,24,,roce
9123752,0,6,911,0,1,19,inbound_arrival,15,1000,0,ring_allreduce,4,150000,2,allgather,2,75000,37500,1000,1000,50000000,37500,0,0,12000,0,0,0,13000,0,0,blocked,0,roce,0,12000,1000,0,0,0,0,equal_remainder_last,ring_next,18,15,1,0,0,37500,24,,roce
9130216,0,12,854,0,3,22,inbound_arrival,18,1000,0,ring_allreduce,4,150000,3,allgather,2,112500,37500,1000,1000,50000000,37500,1,0,12000,0,1,0,13000,0,0,blocked,0,roce,0,12000,1000,0,0,0,0,equal_remainder_last,ring_next,21,18,1,1,1,37500,24,,roce
9132264,0,6,917,0,1,19,inbound_arrival,15,1000,0,ring_allreduce,4,150000,2,allgather,2,75000,37500,1000,1000,50000000,37500,0,0,13000,0,0,0,14000,0,0,blocked,0,roce,0,13000,1000,0,0,0,0,equal_remainder_last,ring_next,18,15,1,0,0,37500,24,,roce
9138728,0,12,857,0,3,22,inbound_arrival,18,1000,0,ring_allreduce,4,150000,3,allgather,2,112500,37500,1000,1000,50000000,37500,1,0,13000,0,1,0,14000,0,0,blocked,0,roce,0,13000,1000,0,0,0,0,equal_remainder_last,ring_next,21,18,1,1,1,37500,24,,roce
9140776,0,6,923,0,1,19,inbound_arrival,15,1000,0,ring_allreduce,4,150000,2,allgather,2,75000,37500,1000,1000,50000000,37500,0,0,14000,0,0,0,15000,0,0,blocked,0,roce,0,14000,1000,0,0,0,0,equal_remainder_last,ring_next,18,15,1,0,0,37500,24,,roce
9147240,0,12,860,0,3,22,inbound_arrival,18,1000,0,ring_allreduce,4,150000,3,allgather,2,112500,37500,1000,1000,50000000,37500,1,0,14000,0,1,0,15000,0,0,blocked,0,roce,0,14000,1000,0,0,0,0,equal_remainder_last,ring_next,21,18,1,1,1,37500,24,,roce
9149288,0,6,929,0,1,19,inbound_arrival,15,1000,0,ring_allreduce,4,150000,2,allgather,2,75000,37500,1000,1000,50000000,37500,0,0,15000,0,0,0,16000,0,0,blocked,0,roce,0,15000,1000,0,0,0,0,equal_remainder_last,ring_next,18,15,1,0,0,37500,24,,roce
9155752,0,12,863,0,3,22,inbound_arrival,18,1000,0,ring_allreduce,4,150000,3,allgather,2,112500,37500,1000,1000,50000000,37500,1,0,15000,0,1,0,16000,0,0,blocked,0,roce,0,15000,1000,0,0,0,0,equal_remainder_last,ring_next,21,18,1,1,1,37500,24,,roce
9157800,0,6,935,0,1,19,inbound_arrival,15,1000,0,ring_allreduce,4,150000,2,allgather,2,75000,37500,1000,1000,50000000,37500,0,0,16000,0,0,0,17000,0,0,blocked,0,roce,0,16000,1000,0,0,0,0,equal_remainder_last,ring_next,18,15,1,0,0,37500,24,,roce
9164264,0,12,866,0,3,22,inbound_arrival,18,1000,0,ring_allreduce,4,150000,3,allgather,2,112500,37500,1000,1000,50000000,37500,1,0,16000,0,1,0,17000,0,0,blocked,0,roce,0,16000,1000,0,0,0,0,equal_remainder_last,ring_next,21,18,1,1,1,37500,24,,roce
9166312,0,6,941,0,1,19,inbound_arrival,15,1000,0,ring_allreduce,4,150000,2,allgather,2,75000,37500,1000,1000,50000000,37500,0,0,17000,0,0,0,18000,0,0,blocked,0,roce,0,17000,1000,0,0,0,0,equal_remainder_last,ring_next,18,15,1,0,0,37500,24,,roce
9172776,0,12,869,0,3,22,inbound_arrival,18,1000,0,ring_allreduce,4,150000,3,allgather,2,112500,37500,1000,1000,50000000,37500,1,0,17000,0,1,0,18000,0,0,blocked,0,roce,0,17000,1000,0,0,0,0,equal_remainder_last,ring_next,21,18,1,1,1,37500,24,,roce
9174824,0,6,947,0,1,19,inbound_arrival,15,1000,0,ring_allreduce,4,150000,2,allgather,2,75000,37500,1000,1000,50000000,37500,0,0,18000,0,0,0,19000,0,0,blocked,0,roce,0,18000,1000,0,0,0,0,equal_remainder_last,ring_next,18,15,1,0,0,37500,24,,roce
9181288,0,12,872,0,3,22,inbound_arrival,18,1000,0,ring_allreduce,4,150000,3,allgather,2,112500,37500,1000,1000,50000000,37500,1,0,18000,0,1,0,19000,0,0,blocked,0,roce,0,18000,1000,0,0,0,0,equal_remainder_last,ring_next,21,18,1,1,1,37500,24,,roce
9183336,0,6,953,0,1,19,inbound_arrival,15,1000,0,ring_allreduce,4,150000,2,allgather,2,75000,37500,1000,1000,50000000,37500,0,0,19000,0,0,0,20000,0,0,blocked,0,roce,0,19000,1000,0,0,0,0,equal_remainder_last,ring_next,18,15,1,0,0,37500,24,,roce
9189800,0,12,875,0,3,22,inbound_arrival,18,1000,0,ring_allreduce,4,150000,3,allgather,2,112500,37500,1000,1000,50000000,37500,1,0,19000,0,1,0,20000,0,0,blocked,0,roce,0,19000,1000,0,0,0,0,equal_remainder_last,ring_next,21,18,1,1,1,37500,24,,roce
9191848,0,6,959,0,1,19,inbound_arrival,15,1000,0,ring_allreduce,4,150000,2,allgather,2,75000,37500,1000,1000,50000000,37500,0,0,20000,0,0,0,21000,0,0,blocked,0,roce,0,20000,1000,0,0,0,0,equal_remainder_last,ring_next,18,15,1,0,0,37500,24,,roce
9197800,0,12,878,0,3,22,inbound_arrival,18,1000,0,ring_allreduce,4,150000,3,allgather,2,112500,37500,1000,1000,50000000,37500,1,0,20000,0,1,0,21000,0,0,blocked,0,roce,0,20000,1000,0,0,0,0,equal_remainder_last,ring_next,21,18,1,1,1,37500,24,,roce
9200360,0,6,965,0,1,19,inbound_arrival,15,1000,0,ring_allreduce,4,150000,2,allgather,2,75000,37500,1000,1000,50000000,37500,0,0,21000,0,0,0,22000,0,0,blocked,0,roce,0,21000,1000,0,0,0,0,equal_remainder_last,ring_next,18,15,1,0,0,37500,24,,roce
9206312,0,12,881,0,3,22,inbound_arrival,18,1000,0,ring_allreduce,4,150000,3,allgather,2,112500,37500,1000,1000,50000000,37500,1,0,21000,0,1,0,22000,0,0,blocked,0,roce,0,21000,1000,0,0,0,0,equal_remainder_last,ring_next,21,18,1,1,1,37500,24,,roce
9208872,0,6,971,0,1,19,inbound_arrival,15,1000,0,ring_allreduce,4,150000,2,allgather,2,75000,37500,1000,1000,50000000,37500,0,0,22000,0,0,0,23000,0,0,blocked,0,roce,0,22000,1000,0,0,0,0,equal_remainder_last,ring_next,18,15,1,0,0,37500,24,,roce
9214824,0,12,884,0,3,22,inbound_arrival,18,1000,0,ring_allreduce,4,150000,3,allgather,2,112500,37500,1000,1000,50000000,37500,1,0,22000,0,1,0,23000,0,0,blocked,0,roce,0,22000,1000,0,0,0,0,equal_remainder_last,ring_next,21,18,1,1,1,37500,24,,roce
9217384,0,6,977,0,1,19,inbound_arrival,15,1000,0,ring_allreduce,4,150000,2,allgather,2,75000,37500,1000,1000,50000000,37500,0,0,23000,0,0,0,24000,0,0,blocked,0,roce,0,23000,1000,0,0,0,0,equal_remainder_last,ring_next,18,15,1,0,0,37500,24,,roce
9223336,0,12,887,0,3,22,inbound_arrival,18,1000,0,ring_allreduce,4,150000,3,allgather,2,112500,37500,1000,1000,50000000,37500,1,0,23000,0,1,0,24000,0,0,blocked,0,roce,0,23000,1000,0,0,0,0,equal_remainder_last,ring_next,21,18,1,1,1,37500,24,,roce
9225896,0,6,983,0,1,19,inbound_arrival,15,1000,0,ring_allreduce,4,150000,2,allgather,2,75000,37500,1000,1000,50000000,37500,0,0,24000,0,0,0,25000,0,0,blocked,0,roce,0,24000,1000,0,0,0,0,equal_remainder_last,ring_next,18,15,1,0,0,37500,24,,roce
9231848,0,12,890,0,3,22,inbound_arrival,18,1000,0,ring_allreduce,4,150000,3,allgather,2,112500,37500,1000,1000,50000000,37500,1,0,24000,0,1,0,25000,0,0,blocked,0,roce,0,24000,1000,0,0,0,0,equal_remainder_last,ring_next,21,18,1,1,1,37500,24,,roce
9233896,0,6,986,0,1,19,inbound_arrival,15,1000,0,ring_allreduce,4,150000,2,allgather,2,75000,37500,1000,1000,50000000,37500,0,0,25000,0,0,0,26000,0,0,blocked,0,roce,0,25000,1000,0,0,0,0,equal_remainder_last,ring_next,18,15,1,0,0,37500,24,,roce
9240360,0,12,893,0,3,22,inbound_arrival,18,1000,0,ring_allreduce,4,150000,3,allgather,2,112500,37500,1000,1000,50000000,37500,1,0,25000,0,1,0,26000,0,0,blocked,0,roce,0,25000,1000,0,0,0,0,equal_remainder_last,ring_next,21,18,1,1,1,37500,24,,roce
9242408,0,6,992,0,1,19,inbound_arrival,15,1000,0,ring_allreduce,4,150000,2,allgather,2,75000,37500,1000,1000,50000000,37500,0,0,26000,0,0,0,27000,0,0,blocked,0,roce,0,26000,1000,0,0,0,0,equal_remainder_last,ring_next,18,15,1,0,0,37500,24,,roce
9248872,0,12,896,0,3,22,inbound_arrival,18,1000,0,ring_allreduce,4,150000,3,allgather,2,112500,37500,1000,1000,50000000,37500,1,0,26000,0,1,0,27000,0,0,blocked,0,roce,0,26000,1000,0,0,0,0,equal_remainder_last,ring_next,21,18,1,1,1,37500,24,,roce
9250920,0,6,998,0,1,19,inbound_arrival,15,1000,0,ring_allreduce,4,150000,2,allgather,2,75000,37500,1000,1000,50000000,37500,0,0,27000,0,0,0,28000,0,0,blocked,0,roce,0,27000,1000,0,0,0,0,equal_remainder_last,ring_next,18,15,1,0,0,37500,24,,roce
9257384,0,12,899,0,3,22,inbound_arrival,18,1000,0,ring_allreduce,4,150000,3,allgather,2,112500,37500,1000,1000,50000000,37500,1,0,27000,0,1,0,28000,0,0,blocked,0,roce,0,27000,1000,0,0,0,0,equal_remainder_last,ring_next,21,18,1,1,1,37500,24,,roce
9259432,0,6,1004,0,1,19,inbound_arrival,15,1000,0,ring_allreduce,4,150000,2,allgather,2,75000,37500,1000,1000,50000000,37500,0,0,28000,0,0,0,29000,0,0,blocked,0,roce,0,28000,1000,0,0,0,0,equal_remainder_last,ring_next,18,15,1,0,0,37500,24,,roce
9265896,0,12,902,0,3,22,inbound_arrival,18,1000,0,ring_allreduce,4,150000,3,allgather,2,112500,37500,1000,1000,50000000,37500,1,0,28000,0,1,0,29000,0,0,blocked,0,roce,0,28000,1000,0,0,0,0,equal_remainder_last,ring_next,21,18,1,1,1,37500,24,,roce
9267944,0,6,1010,0,1,19,inbound_arrival,15,1000,0,ring_allreduce,4,150000,2,allgather,2,75000,37500,1000,1000,50000000,37500,0,0,29000,0,0,0,30000,0,0,blocked,0,roce,0,29000,1000,0,0,0,0,equal_remainder_last,ring_next,18,15,1,0,0,37500,24,,roce
9274408,0,12,905,0,3,22,inbound_arrival,18,1000,0,ring_allreduce,4,150000,3,allgather,2,112500,37500,1000,1000,50000000,37500,1,0,29000,0,1,0,30000,0,0,blocked,0,roce,0,29000,1000,0,0,0,0,equal_remainder_last,ring_next,21,18,1,1,1,37500,24,,roce
9276456,0,6,1016,0,1,19,inbound_arrival,15,1000,0,ring_allreduce,4,150000,2,allgather,2,75000,37500,1000,1000,50000000,37500,0,0,30000,0,0,0,31000,0,0,blocked,0,roce,0,30000,1000,0,0,0,0,equal_remainder_last,ring_next,18,15,1,0,0,37500,24,,roce
9282920,0,12,908,0,3,22,inbound_arrival,18,1000,0,ring_allreduce,4,150000,3,allgather,2,112500,37500,1000,1000,50000000,37500,1,0,30000,0,1,0,31000,0,0,blocked,0,roce,0,30000,1000,0,0,0,0,equal_remainder_last,ring_next,21,18,1,1,1,37500,24,,roce
9284968,0,6,1022,0,1,19,inbound_arrival,15,1000,0,ring_allreduce,4,150000,2,allgather,2,75000,37500,1000,1000,50000000,37500,0,0,31000,0,0,0,32000,0,0,blocked,0,roce,0,31000,1000,0,0,0,0,equal_remainder_last,ring_next,18,15,1,0,0,37500,24,,roce
9291432,0,12,911,0,3,22,inbound_arrival,18,1000,0,ring_allreduce,4,150000,3,allgather,2,112500,37500,1000,1000,50000000,37500,1,0,31000,0,1,0,32000,0,0,blocked,0,roce,0,31000,1000,0,0,0,0,equal_remainder_last,ring_next,21,18,1,1,1,37500,24,,roce
9293480,0,6,1028,0,1,19,inbound_arrival,15,1000,0,ring_allreduce,4,150000,2,allgather,2,75000,37500,1000,1000,50000000,37500,0,0,32000,0,0,0,33000,0,0,blocked,0,roce,0,32000,1000,0,0,0,0,equal_remainder_last,ring_next,18,15,1,0,0,37500,24,,roce
9299944,0,12,914,0,3,22,inbound_arrival,18,1000,0,ring_allreduce,4,150000,3,allgather,2,112500,37500,1000,1000,50000000,37500,1,0,32000,0,1,0,33000,0,0,blocked,0,roce,0,32000,1000,0,0,0,0,equal_remainder_last,ring_next,21,18,1,1,1,37500,24,,roce
9301992,0,6,1034,0,1,19,inbound_arrival,15,1000,0,ring_allreduce,4,150000,2,allgather,2,75000,37500,1000,1000,50000000,37500,0,0,33000,0,0,0,34000,0,0,blocked,0,roce,0,33000,1000,0,0,0,0,equal_remainder_last,ring_next,18,15,1,0,0,37500,24,,roce
9308456,0,12,917,0,3,22,inbound_arrival,18,1000,0,ring_allreduce,4,150000,3,allgather,2,112500,37500,1000,1000,50000000,37500,1,0,33000,0,1,0,34000,0,0,blocked,0,roce,0,33000,1000,0,0,0,0,equal_remainder_last,ring_next,21,18,1,1,1,37500,24,,roce
9310504,0,6,1040,0,1,19,inbound_arrival,15,1000,0,ring_allreduce,4,150000,2,allgather,2,75000,37500,1000,1000,50000000,37500,0,0,34000,0,0,0,35000,0,0,blocked,0,roce,0,34000,1000,0,0,0,0,equal_remainder_last,ring_next,18,15,1,0,0,37500,24,,roce
9316968,0,12,920,0,3,22,inbound_arrival,18,1000,0,ring_allreduce,4,150000,3,allgather,2,112500,37500,1000,1000,50000000,37500,1,0,34000,0,1,0,35000,0,0,blocked,0,roce,0,34000,1000,0,0,0,0,equal_remainder_last,ring_next,21,18,1,1,1,37500,24,,roce
9319016,0,6,1046,0,1,19,inbound_arrival,15,1000,0,ring_allreduce,4,150000,2,allgather,2,75000,37500,1000,1000,50000000,37500,0,0,35000,0,0,0,36000,0,0,blocked,0,roce,0,35000,1000,0,0,0,0,equal_remainder_last,ring_next,18,15,1,0,0,37500,24,,roce
9325480,0,12,923,0,3,22,inbound_arrival,18,1000,0,ring_allreduce,4,150000,3,allgather,2,112500,37500,1000,1000,50000000,37500,1,0,35000,0,1,0,36000,0,0,blocked,0,roce,0,35000,1000,0,0,0,0,equal_remainder_last,ring_next,21,18,1,1,1,37500,24,,roce
9327528,0,6,1052,0,1,19,inbound_arrival,15,1000,0,ring_allreduce,4,150000,2,allgather,2,75000,37500,1000,1000,50000000,37500,0,0,36000,0,0,0,37000,0,0,blocked,0,roce,0,36000,1000,0,0,0,0,equal_remainder_last,ring_next,18,15,1,0,0,37500,24,,roce
9331528,0,6,1055,0,1,19,inbound_arrival,15,500,0,ring_allreduce,4,150000,2,allgather,2,75000,37500,1000,1000,50000000,37500,0,0,37000,0,0,1,37500,0,0,blocked,0,roce,0,37000,500,0,0,0,0,equal_remainder_last,ring_next,18,15,1,0,0,37500,24,,roce
9333064,0,9,1133,0,2,16,local_completion,15,0,0,ring_allreduce,4,150000,1,allgather,2,37500,37500,1000,1000,50000000,37500,0,1,37500,1,1,1,37500,0,0,blocked,9333064,roce,0,0,0,37500,9291144,13536,0,equal_remainder_last,ring_next,15,12,1,0,1,37500,24,,roce
9333992,0,12,926,0,3,22,inbound_arrival,18,1000,0,ring_allreduce,4,150000,3,allgather,2,112500,37500,1000,1000,50000000,37500,1,0,36000,0,1,0,37000,0,0,blocked,0,roce,0,36000,1000,0,0,0,0,equal_remainder_last,ring_next,21,18,1,1,1,37500,24,,roce
9337992,0,12,929,0,3,22,inbound_arrival,18,500,0,ring_allreduce,4,150000,3,allgather,2,112500,37500,1000,1000,50000000,37500,1,0,37000,1,1,1,37500,0,0,blocked,9337992,roce,0,37000,500,0,0,0,0,equal_remainder_last,ring_next,21,18,1,1,1,37500,24,,roce
9340040,0,6,1073,0,1,19,local_completion,18,0,0,ring_allreduce,4,150000,2,allgather,2,75000,37500,1000,1000,50000000,37500,0,1,37500,1,1,1,37500,0,0,blocked,9340040,roce,0,0,0,37500,9289608,18048,0,equal_remainder_last,ring_next,18,15,1,0,1,37500,24,,roce
9364064,0,6,1076,0,1,20,inbound_arrival,16,1000,0,ring_allreduce,4,150000,2,allgather,3,37500,37500,1000,1000,50000000,37500,0,0,0,0,0,0,1000,0,0,blocked,0,roce,0,0,1000,0,0,0,0,equal_remainder_last,ring_next,19,16,1,0,0,37500,24,,roce
9372064,0,6,1079,0,1,20,inbound_arrival,16,1000,0,ring_allreduce,4,150000,2,allgather,3,37500,37500,1000,1000,50000000,37500,0,0,1000,0,0,0,2000,0,0,blocked,0,roce,0,1000,1000,0,0,0,0,equal_remainder_last,ring_next,19,16,1,0,0,37500,24,,roce
9379040,0,12,932,0,3,23,inbound_arrival,19,1000,0,ring_allreduce,4,150000,3,allgather,3,75000,37500,1000,1000,50000000,37500,0,0,0,0,0,0,1000,0,0,blocked,0,roce,0,0,1000,0,0,0,0,equal_remainder_last,ring_next,22,19,1,0,0,37500,24,,roce
9387040,0,12,935,0,3,23,inbound_arrival,19,1000,0,ring_allreduce,4,150000,3,allgather,3,75000,37500,1000,1000,50000000,37500,0,0,1000,0,0,0,2000,0,0,blocked,0,roce,0,1000,1000,0,0,0,0,equal_remainder_last,ring_next,22,19,1,0,0,37500,24,,roce
9388064,0,4,1103,0,0,14,inbound_arrival,22,1000,0,ring_allreduce,4,150000,0,allgather,3,112500,37500,1000,1000,50000000,37500,1,0,0,0,1,0,1000,0,0,blocked,0,roce,0,0,1000,0,0,0,0,equal_remainder_last,ring_next,13,22,1,1,1,37500,24,,roce
9388064,0,6,1082,0,1,20,inbound_arrival,16,1000,0,ring_allreduce,4,150000,2,allgather,3,37500,37500,1000,1000,50000000,37500,0,0,2000,0,0,0,3000,0,0,blocked,0,roce,0,2000,1000,0,0,0,0,equal_remainder_last,ring_next,19,16,1,0,0,37500,24,,roce
9395040,0,12,938,0,3,23,inbound_arrival,19,1000,0,ring_allreduce,4,150000,3,allgather,3,75000,37500,1000,1000,50000000,37500,0,0,2000,0,0,0,3000,0,0,blocked,0,roce,0,2000,1000,0,0,0,0,equal_remainder_last,ring_next,22,19,1,0,0,37500,24,,roce
9403552,0,12,941,0,3,23,inbound_arrival,19,1000,0,ring_allreduce,4,150000,3,allgather,3,75000,37500,1000,1000,50000000,37500,0,0,3000,0,0,0,4000,0,0,blocked,0,roce,0,3000,1000,0,0,0,0,equal_remainder_last,ring_next,22,19,1,0,0,37500,24,,roce
9404064,0,4,1106,0,0,14,inbound_arrival,22,1000,0,ring_allreduce,4,150000,0,allgather,3,112500,37500,1000,1000,50000000,37500,1,0,1000,0,1,0,2000,0,0,blocked,0,roce,0,1000,1000,0,0,0,0,equal_remainder_last,ring_next,13,22,1,1,1,37500,24,,roce
9404064,0,6,1085,0,1,20,inbound_arrival,16,1000,0,ring_allreduce,4,150000,2,allgather,3,37500,37500,1000,1000,50000000,37500,0,0,3000,0,0,0,4000,0,0,blocked,0,roce,0,3000,1000,0,0,0,0,equal_remainder_last,ring_next,19,16,1,0,0,37500,24,,roce
9412064,0,12,944,0,3,23,inbound_arrival,19,1000,0,ring_allreduce,4,150000,3,allgather,3,75000,37500,1000,1000,50000000,37500,0,0,4000,0,0,0,5000,0,0,blocked,0,roce,0,4000,1000,0,0,0,0,equal_remainder_last,ring_next,22,19,1,0,0,37500,24,,roce
9420064,0,4,1109,0,0,14,inbound_arrival,22,1000,0,ring_allreduce,4,150000,0,allgather,3,112500,37500,1000,1000,50000000,37500,1,0,2000,0,1,0,3000,0,0,blocked,0,roce,0,2000,1000,0,0,0,0,equal_remainder_last,ring_next,13,22,1,1,1,37500,24,,roce
9420064,0,6,1088,0,1,20,inbound_arrival,16,1000,0,ring_allreduce,4,150000,2,allgather,3,37500,37500,1000,1000,50000000,37500,0,0,4000,0,0,0,5000,0,0,blocked,0,roce,0,4000,1000,0,0,0,0,equal_remainder_last,ring_next,19,16,1,0,0,37500,24,,roce
9420576,0,12,950,0,3,23,inbound_arrival,19,1000,0,ring_allreduce,4,150000,3,allgather,3,75000,37500,1000,1000,50000000,37500,0,0,5000,0,0,0,6000,0,0,blocked,0,roce,0,5000,1000,0,0,0,0,equal_remainder_last,ring_next,22,19,1,0,0,37500,24,,roce
9429088,0,12,953,0,3,23,inbound_arrival,19,1000,0,ring_allreduce,4,150000,3,allgather,3,75000,37500,1000,1000,50000000,37500,0,0,6000,0,0,0,7000,0,0,blocked,0,roce,0,6000,1000,0,0,0,0,equal_remainder_last,ring_next,22,19,1,0,0,37500,24,,roce
9436064,0,4,1112,0,0,14,inbound_arrival,22,1000,0,ring_allreduce,4,150000,0,allgather,3,112500,37500,1000,1000,50000000,37500,1,0,3000,0,1,0,4000,0,0,blocked,0,roce,0,3000,1000,0,0,0,0,equal_remainder_last,ring_next,13,22,1,1,1,37500,24,,roce
9436064,0,6,1091,0,1,20,inbound_arrival,16,1000,0,ring_allreduce,4,150000,2,allgather,3,37500,37500,1000,1000,50000000,37500,0,0,5000,0,0,0,6000,0,0,blocked,0,roce,0,5000,1000,0,0,0,0,equal_remainder_last,ring_next,19,16,1,0,0,37500,24,,roce
9437600,0,12,959,0,3,23,inbound_arrival,19,1000,0,ring_allreduce,4,150000,3,allgather,3,75000,37500,1000,1000,50000000,37500,0,0,7000,0,0,0,8000,0,0,blocked,0,roce,0,7000,1000,0,0,0,0,equal_remainder_last,ring_next,22,19,1,0,0,37500,24,,roce
9446112,0,12,962,0,3,23,inbound_arrival,19,1000,0,ring_allreduce,4,150000,3,allgather,3,75000,37500,1000,1000,50000000,37500,0,0,8000,0,0,0,9000,0,0,blocked,0,roce,0,8000,1000,0,0,0,0,equal_remainder_last,ring_next,22,19,1,0,0,37500,24,,roce
9452064,0,4,1115,0,0,14,inbound_arrival,22,1000,0,ring_allreduce,4,150000,0,allgather,3,112500,37500,1000,1000,50000000,37500,1,0,4000,0,1,0,5000,0,0,blocked,0,roce,0,4000,1000,0,0,0,0,equal_remainder_last,ring_next,13,22,1,1,1,37500,24,,roce
9452576,0,6,1097,0,1,20,inbound_arrival,16,1000,0,ring_allreduce,4,150000,2,allgather,3,37500,37500,1000,1000,50000000,37500,0,0,6000,0,0,0,7000,0,0,blocked,0,roce,0,6000,1000,0,0,0,0,equal_remainder_last,ring_next,19,16,1,0,0,37500,24,,roce
9454624,0,12,968,0,3,23,inbound_arrival,19,1000,0,ring_allreduce,4,150000,3,allgather,3,75000,37500,1000,1000,50000000,37500,0,0,9000,0,0,0,10000,0,0,blocked,0,roce,0,9000,1000,0,0,0,0,equal_remainder_last,ring_next,22,19,1,0,0,37500,24,,roce
9463648,0,12,974,0,3,23,inbound_arrival,19,1000,0,ring_allreduce,4,150000,3,allgather,3,75000,37500,1000,1000,50000000,37500,0,0,10000,0,0,0,11000,0,0,blocked,0,roce,0,10000,1000,0,0,0,0,equal_remainder_last,ring_next,22,19,1,0,0,37500,24,,roce
9468576,0,4,1118,0,0,14,inbound_arrival,22,1000,0,ring_allreduce,4,150000,0,allgather,3,112500,37500,1000,1000,50000000,37500,1,0,5000,0,1,0,6000,0,0,blocked,0,roce,0,5000,1000,0,0,0,0,equal_remainder_last,ring_next,13,22,1,1,1,37500,24,,roce
9471648,0,12,977,0,3,23,inbound_arrival,19,1000,0,ring_allreduce,4,150000,3,allgather,3,75000,37500,1000,1000,50000000,37500,0,0,11000,0,0,0,12000,0,0,blocked,0,roce,0,11000,1000,0,0,0,0,equal_remainder_last,ring_next,22,19,1,0,0,37500,24,,roce
9477088,0,4,1121,0,0,14,inbound_arrival,22,1000,0,ring_allreduce,4,150000,0,allgather,3,112500,37500,1000,1000,50000000,37500,1,0,6000,0,1,0,7000,0,0,blocked,0,roce,0,6000,1000,0,0,0,0,equal_remainder_last,ring_next,13,22,1,1,1,37500,24,,roce
9480672,0,12,983,0,3,23,inbound_arrival,19,1000,0,ring_allreduce,4,150000,3,allgather,3,75000,37500,1000,1000,50000000,37500,0,0,12000,0,0,0,13000,0,0,blocked,0,roce,0,12000,1000,0,0,0,0,equal_remainder_last,ring_next,22,19,1,0,0,37500,24,,roce
9485088,0,4,1124,0,0,14,inbound_arrival,22,1000,0,ring_allreduce,4,150000,0,allgather,3,112500,37500,1000,1000,50000000,37500,1,0,7000,0,1,0,8000,0,0,blocked,0,roce,0,7000,1000,0,0,0,0,equal_remainder_last,ring_next,13,22,1,1,1,37500,24,,roce
9488672,0,12,986,0,3,23,inbound_arrival,19,1000,0,ring_allreduce,4,150000,3,allgather,3,75000,37500,1000,1000,50000000,37500,0,0,13000,0,0,0,14000,0,0,blocked,0,roce,0,13000,1000,0,0,0,0,equal_remainder_last,ring_next,22,19,1,0,0,37500,24,,roce
9493088,0,4,1127,0,0,14,inbound_arrival,22,1000,0,ring_allreduce,4,150000,0,allgather,3,112500,37500,1000,1000,50000000,37500,1,0,8000,0,1,0,9000,0,0,blocked,0,roce,0,8000,1000,0,0,0,0,equal_remainder_last,ring_next,13,22,1,1,1,37500,24,,roce
9497696,0,12,992,0,3,23,inbound_arrival,19,1000,0,ring_allreduce,4,150000,3,allgather,3,75000,37500,1000,1000,50000000,37500,0,0,14000,0,0,0,15000,0,0,blocked,0,roce,0,14000,1000,0,0,0,0,equal_remainder_last,ring_next,22,19,1,0,0,37500,24,,roce
9501088,0,4,1130,0,0,14,inbound_arrival,22,1000,0,ring_allreduce,4,150000,0,allgather,3,112500,37500,1000,1000,50000000,37500,1,0,9000,0,1,0,10000,0,0,blocked,0,roce,0,9000,1000,0,0,0,0,equal_remainder_last,ring_next,13,22,1,1,1,37500,24,,roce
9501088,0,6,1103,0,1,20,inbound_arrival,16,0,0,ring_allreduce,4,150000,2,allgather,3,37500,37500,1000,1000,50000000,37500,0,0,7000,0,0,0,7000,0,0,blocked,0,roce,0,12000,1000,0,0,0,0,equal_remainder_last,ring_next,19,16,1,0,0,37500,24,,roce
9506208,0,12,998,0,3,23,inbound_arrival,19,1000,0,ring_allreduce,4,150000,3,allgather,3,75000,37500,1000,1000,50000000,37500,0,0,15000,0,0,0,16000,0,0,blocked,0,roce,0,15000,1000,0,0,0,0,equal_remainder_last,ring_next,22,19,1,0,0,37500,24,,roce
9514720,0,12,1004,0,3,23,inbound_arrival,19,1000,0,ring_allreduce,4,150000,3,allgather,3,75000,37500,1000,1000,50000000,37500,0,0,16000,0,0,0,17000,0,0,blocked,0,roce,0,16000,1000,0,0,0,0,equal_remainder_last,ring_next,22,19,1,0,0,37500,24,,roce
9517088,0,4,1133,0,0,14,inbound_arrival,22,1000,0,ring_allreduce,4,150000,0,allgather,3,112500,37500,1000,1000,50000000,37500,1,0,10000,0,1,0,11000,0,0,blocked,0,roce,0,10000,1000,0,0,0,0,equal_remainder_last,ring_next,13,22,1,1,1,37500,24,,roce
9517088,0,6,1106,0,1,20,inbound_arrival,16,0,0,ring_allreduce,4,150000,2,allgather,3,37500,37500,1000,1000,50000000,37500,0,0,7000,0,0,0,7000,0,0,blocked,0,roce,0,13000,1000,0,0,0,0,equal_remainder_last,ring_next,19,16,1,0,0,37500,24,,roce
9523232,0,12,1010,0,3,23,inbound_arrival,19,1000,0,ring_allreduce,4,150000,3,allgather,3,75000,37500,1000,1000,50000000,37500,0,0,17000,0,0,0,18000,0,0,blocked,0,roce,0,17000,1000,0,0,0,0,equal_remainder_last,ring_next,22,19,1,0,0,37500,24,,roce
9525600,0,6,1112,0,1,20,inbound_arrival,16,0,0,ring_allreduce,4,150000,2,allgather,3,37500,37500,1000,1000,50000000,37500,0,0,7000,0,0,0,7000,0,0,blocked,0,roce,0,14000,1000,0,0,0,0,equal_remainder_last,ring_next,19,16,1,0,0,37500,24,,roce
9531744,0,12,1016,0,3,23,inbound_arrival,19,1000,0,ring_allreduce,4,150000,3,allgather,3,75000,37500,1000,1000,50000000,37500,0,0,18000,0,0,0,19000,0,0,blocked,0,roce,0,18000,1000,0,0,0,0,equal_remainder_last,ring_next,22,19,1,0,0,37500,24,,roce
9539744,0,12,1019,0,3,23,inbound_arrival,19,1000,0,ring_allreduce,4,150000,3,allgather,3,75000,37500,1000,1000,50000000,37500,0,0,19000,0,0,0,20000,0,0,blocked,0,roce,0,19000,1000,0,0,0,0,equal_remainder_last,ring_next,22,19,1,0,0,37500,24,,roce
9542112,0,4,1136,0,0,14,inbound_arrival,22,0,0,ring_allreduce,4,150000,0,allgather,3,112500,37500,1000,1000,50000000,37500,1,0,11000,0,1,0,11000,0,0,blocked,0,roce,0,13000,1000,0,0,0,0,equal_remainder_last,ring_next,13,22,1,1,1,37500,24,,roce
9548768,0,12,1025,0,3,23,inbound_arrival,19,1000,0,ring_allreduce,4,150000,3,allgather,3,75000,37500,1000,1000,50000000,37500,0,0,20000,0,0,0,21000,0,0,blocked,0,roce,0,20000,1000,0,0,0,0,equal_remainder_last,ring_next,22,19,1,0,0,37500,24,,roce
9550112,0,4,1139,0,0,14,inbound_arrival,22,0,0,ring_allreduce,4,150000,0,allgather,3,112500,37500,1000,1000,50000000,37500,1,0,11000,0,1,0,11000,0,0,blocked,0,roce,0,14000,1000,0,0,0,0,equal_remainder_last,ring_next,13,22,1,1,1,37500,24,,roce
9556768,0,12,1028,0,3,23,inbound_arrival,19,1000,0,ring_allreduce,4,150000,3,allgather,3,75000,37500,1000,1000,50000000,37500,0,0,21000,0,0,0,22000,0,0,blocked,0,roce,0,21000,1000,0,0,0,0,equal_remainder_last,ring_next,22,19,1,0,0,37500,24,,roce
9558112,0,4,1142,0,0,14,inbound_arrival,22,0,0,ring_allreduce,4,150000,0,allgather,3,112500,37500,1000,1000,50000000,37500,1,0,11000,0,1,0,11000,0,0,blocked,0,roce,0,15000,1000,0,0,0,0,equal_remainder_last,ring_next,13,22,1,1,1,37500,24,,roce
9564768,0,12,1031,0,3,23,inbound_arrival,19,1000,0,ring_allreduce,4,150000,3,allgather,3,75000,37500,1000,1000,50000000,37500,0,0,22000,0,0,0,23000,0,0,blocked,0,roce,0,22000,1000,0,0,0,0,equal_remainder_last,ring_next,22,19,1,0,0,37500,24,,roce
9566112,0,4,1145,0,0,14,inbound_arrival,22,0,0,ring_allreduce,4,150000,0,allgather,3,112500,37500,1000,1000,50000000,37500,1,0,11000,0,1,0,11000,0,0,blocked,0,roce,0,16000,1000,0,0,0,0,equal_remainder_last,ring_next,13,22,1,1,1,37500,24,,roce
9572768,0,12,1034,0,3,23,inbound_arrival,19,1000,0,ring_allreduce,4,150000,3,allgather,3,75000,37500,1000,1000,50000000,37500,0,0,23000,0,0,0,24000,0,0,blocked,0,roce,0,23000,1000,0,0,0,0,equal_remainder_last,ring_next,22,19,1,0,0,37500,24,,roce
9574112,0,4,1148,0,0,14,inbound_arrival,22,0,0,ring_allreduce,4,150000,0,allgather,3,112500,37500,1000,1000,50000000,37500,1,0,11000,0,1,0,11000,0,0,blocked,0,roce,0,17000,1000,0,0,0,0,equal_remainder_last,ring_next,13,22,1,1,1,37500,24,,roce
9581280,0,12,1040,0,3,23,inbound_arrival,19,1000,0,ring_allreduce,4,150000,3,allgather,3,75000,37500,1000,1000,50000000,37500,0,0,24000,0,0,0,25000,0,0,blocked,0,roce,0,24000,1000,0,0,0,0,equal_remainder_last,ring_next,22,19,1,0,0,37500,24,,roce
9582112,0,4,1151,0,0,14,inbound_arrival,22,0,0,ring_allreduce,4,150000,0,allgather,3,112500,37500,1000,1000,50000000,37500,1,0,11000,0,1,0,11000,0,0,blocked,0,roce,0,18000,1000,0,0,0,0,equal_remainder_last,ring_next,13,22,1,1,1,37500,24,,roce
9582112,0,6,1118,0,1,20,inbound_arrival,16,0,0,ring_allreduce,4,150000,2,allgather,3,37500,37500,1000,1000,50000000,37500,0,0,7000,0,0,0,7000,0,0,blocked,0,roce,0,21000,1000,0,0,0,0,equal_remainder_last,ring_next,19,16,1,0,0,37500,24,,roce
9589280,0,12,1043,0,3,23,inbound_arrival,19,1000,0,ring_allreduce,4,150000,3,allgather,3,75000,37500,1000,1000,50000000,37500,0,0,25000,0,0,0,26000,0,0,blocked,0,roce,0,25000,1000,0,0,0,0,equal_remainder_last,ring_next,22,19,1,0,0,37500,24,,roce
9597280,0,12,1046,0,3,23,inbound_arrival,19,1000,0,ring_allreduce,4,150000,3,allgather,3,75000,37500,1000,1000,50000000,37500,0,0,26000,0,0,0,27000,0,0,blocked,0,roce,0,26000,1000,0,0,0,0,equal_remainder_last,ring_next,22,19,1,0,0,37500,24,,roce
9598112,0,4,1154,0,0,14,inbound_arrival,22,0,0,ring_allreduce,4,150000,0,allgather,3,112500,37500,1000,1000,50000000,37500,1,0,11000,0,1,0,11000,0,0,blocked,0,roce,0,19000,1000,0,0,0,0,equal_remainder_last,ring_next,13,22,1,1,1,37500,24,,roce
9605280,0,12,1049,0,3,23,inbound_arrival,19,1000,0,ring_allreduce,4,150000,3,allgather,3,75000,37500,1000,1000,50000000,37500,0,0,27000,0,0,0,28000,0,0,blocked,0,roce,0,27000,1000,0,0,0,0,equal_remainder_last,ring_next,22,19,1,0,0,37500,24,,roce
9606624,0,4,1157,0,0,14,inbound_arrival,22,0,0,ring_allreduce,4,150000,0,allgather,3,112500,37500,1000,1000,50000000,37500,1,0,11000,0,1,0,11000,0,0,blocked,0,roce,0,20000,1000,0,0,0,0,equal_remainder_last,ring_next,13,22,1,1,1,37500,24,,roce
9606624,0,6,1124,0,1,20,inbound_arrival,16,1000,0,ring_allreduce,4,150000,2,allgather,3,37500,37500,1000,1000,50000000,37500,0,0,7000,0,0,0,8000,0,0,blocked,0,roce,0,7000,1000,0,0,0,0,equal_remainder_last,ring_next,19,16,1,0,0,37500,24,,roce
9613280,0,12,1052,0,3,23,inbound_arrival,19,1000,0,ring_allreduce,4,150000,3,allgather,3,75000,37500,1000,1000,50000000,37500,0,0,28000,0,0,0,29000,0,0,blocked,0,roce,0,28000,1000,0,0,0,0,equal_remainder_last,ring_next,22,19,1,0,0,37500,24,,roce
9614624,0,6,1127,0,1,20,inbound_arrival,16,1000,0,ring_allreduce,4,150000,2,allgather,3,37500,37500,1000,1000,50000000,37500,0,0,8000,0,0,0,9000,0,0,blocked,0,roce,0,8000,1000,0,0,0,0,equal_remainder_last,ring_next,19,16,1,0,0,37500,24,,roce
9621280,0,12,1055,0,3,23,inbound_arrival,19,1000,0,ring_allreduce,4,150000,3,allgather,3,75000,37500,1000,1000,50000000,37500,0,0,29000,0,0,0,30000,0,0,blocked,0,roce,0,29000,1000,0,0,0,0,equal_remainder_last,ring_next,22,19,1,0,0,37500,24,,roce
9622624,0,6,1130,0,1,20,inbound_arrival,16,1000,0,ring_allreduce,4,150000,2,allgather,3,37500,37500,1000,1000,50000000,37500,0,0,9000,0,0,0,10000,0,0,blocked,0,roce,0,9000,1000,0,0,0,0,equal_remainder_last,ring_next,19,16,1,0,0,37500,24,,roce
9629280,0,12,1058,0,3,23,inbound_arrival,19,1000,0,ring_allreduce,4,150000,3,allgather,3,75000,37500,1000,1000,50000000,37500,0,0,30000,0,0,0,31000,0,0,blocked,0,roce,0,30000,1000,0,0,0,0,equal_remainder_last,ring_next,22,19,1,0,0,37500,24,,roce
9630624,0,6,1133,0,1,20,inbound_arrival,16,1000,0,ring_allreduce,4,150000,2,allgather,3,37500,37500,1000,1000,50000000,37500,0,0,10000,0,0,0,11000,0,0,blocked,0,roce,0,10000,1000,0,0,0,0,equal_remainder_last,ring_next,19,16,1,0,0,37500,24,,roce
9637280,0,12,1061,0,3,23,inbound_arrival,19,1000,0,ring_allreduce,4,150000,3,allgather,3,75000,37500,1000,1000,50000000,37500,0,0,31000,0,0,0,32000,0,0,blocked,0,roce,0,31000,1000,0,0,0,0,equal_remainder_last,ring_next,22,19,1,0,0,37500,24,,roce
9638624,0,6,1136,0,1,20,inbound_arrival,16,1000,0,ring_allreduce,4,150000,2,allgather,3,37500,37500,1000,1000,50000000,37500,0,0,11000,0,0,0,12000,0,0,blocked,0,roce,0,11000,1000,0,0,0,0,equal_remainder_last,ring_next,19,16,1,0,0,37500,24,,roce
9645280,0,12,1064,0,3,23,inbound_arrival,19,1000,0,ring_allreduce,4,150000,3,allgather,3,75000,37500,1000,1000,50000000,37500,0,0,32000,0,0,0,33000,0,0,blocked,0,roce,0,32000,1000,0,0,0,0,equal_remainder_last,ring_next,22,19,1,0,0,37500,24,,roce
9646624,0,6,1139,0,1,20,inbound_arrival,16,1000,0,ring_allreduce,4,150000,2,allgather,3,37500,37500,1000,1000,50000000,37500,0,0,12000,0,0,0,13000,0,0,blocked,0,roce,0,12000,1000,0,0,0,0,equal_remainder_last,ring_next,19,16,1,0,0,37500,24,,roce
9653792,0,12,1067,0,3,23,inbound_arrival,19,1000,0,ring_allreduce,4,150000,3,allgather,3,75000,37500,1000,1000,50000000,37500,0,0,33000,0,0,0,34000,0,0,blocked,0,roce,0,33000,1000,0,0,0,0,equal_remainder_last,ring_next,22,19,1,0,0,37500,24,,roce
9655136,0,6,1145,0,1,20,inbound_arrival,16,1000,0,ring_allreduce,4,150000,2,allgather,3,37500,37500,1000,1000,50000000,37500,0,0,13000,0,0,0,14000,0,0,blocked,0,roce,0,13000,1000,0,0,0,0,equal_remainder_last,ring_next,19,16,1,0,0,37500,24,,roce
9662304,0,12,1070,0,3,23,inbound_arrival,19,1000,0,ring_allreduce,4,150000,3,allgather,3,75000,37500,1000,1000,50000000,37500,0,0,34000,0,0,0,35000,0,0,blocked,0,roce,0,34000,1000,0,0,0,0,equal_remainder_last,ring_next,22,19,1,0,0,37500,24,,roce
9663136,0,6,1148,0,1,20,inbound_arrival,16,1000,0,ring_allreduce,4,150000,2,allgather,3,37500,37500,1000,1000,50000000,37500,0,0,14000,0,0,0,15000,0,0,blocked,0,roce,0,14000,1000,0,0,0,0,equal_remainder_last,ring_next,19,16,1,0,0,37500,24,,roce
9670816,0,12,1073,0,3,23,inbound_arrival,19,1000,0,ring_allreduce,4,150000,3,allgather,3,75000,37500,1000,1000,50000000,37500,0,0,35000,0,0,0,36000,0,0,blocked,0,roce,0,35000,1000,0,0,0,0,equal_remainder_last,ring_next,22,19,1,0,0,37500,24,,roce
9671136,0,6,1151,0,1,20,inbound_arrival,16,1000,0,ring_allreduce,4,150000,2,allgather,3,37500,37500,1000,1000,50000000,37500,0,0,15000,0,0,0,16000,0,0,blocked,0,roce,0,15000,1000,0,0,0,0,equal_remainder_last,ring_next,19,16,1,0,0,37500,24,,roce
9679136,0,6,1154,0,1,20,inbound_arrival,16,1000,0,ring_allreduce,4,150000,2,allgather,3,37500,37500,1000,1000,50000000,37500,0,0,16000,0,0,0,17000,0,0,blocked,0,roce,0,16000,1000,0,0,0,0,equal_remainder_last,ring_next,19,16,1,0,0,37500,24,,roce
9679328,0,12,1076,0,3,23,inbound_arrival,19,1000,0,ring_allreduce,4,150000,3,allgather,3,75000,37500,1000,1000,50000000,37500,0,0,36000,0,0,0,37000,0,0,blocked,0,roce,0,36000,1000,0,0,0,0,equal_remainder_last,ring_next,22,19,1,0,0,37500,24,,roce
9683328,0,12,1079,0,3,23,inbound_arrival,19,500,0,ring_allreduce,4,150000,3,allgather,3,75000,37500,1000,1000,50000000,37500,0,0,37000,0,0,1,37500,0,0,blocked,0,roce,0,37000,500,0,0,0,0,equal_remainder_last,ring_next,22,19,1,0,0,37500,24,,roce
9687136,0,6,1157,0,1,20,inbound_arrival,16,1000,0,ring_allreduce,4,150000,2,allgather,3,37500,37500,1000,1000,50000000,37500,0,0,17000,0,0,0,18000,0,0,blocked,0,roce,0,17000,1000,0,0,0,0,equal_remainder_last,ring_next,19,16,1,0,0,37500,24,,roce
9695136,0,6,1160,0,1,20,inbound_arrival,16,1000,0,ring_allreduce,4,150000,2,allgather,3,37500,37500,1000,1000,50000000,37500,0,0,18000,0,0,0,19000,0,0,blocked,0,roce,0,18000,1000,0,0,0,0,equal_remainder_last,ring_next,19,16,1,0,0,37500,24,,roce
9703136,0,6,1163,0,1,20,inbound_arrival,16,1000,0,ring_allreduce,4,150000,2,allgather,3,37500,37500,1000,1000,50000000,37500,0,0,19000,0,0,0,20000,0,0,blocked,0,roce,0,19000,1000,0,0,0,0,equal_remainder_last,ring_next,19,16,1,0,0,37500,24,,roce
9711136,0,6,1166,0,1,20,inbound_arrival,16,1000,0,ring_allreduce,4,150000,2,allgather,3,37500,37500,1000,1000,50000000,37500,0,0,20000,0,0,0,21000,0,0,blocked,0,roce,0,20000,1000,0,0,0,0,equal_remainder_last,ring_next,19,16,1,0,0,37500,24,,roce
9727136,0,4,1160,0,0,14,inbound_arrival,22,0,0,ring_allreduce,4,150000,0,allgather,3,112500,37500,1000,1000,50000000,37500,1,0,11000,0,1,0,11000,0,0,blocked,0,roce,0,12000,1000,0,0,0,0,equal_remainder_last,ring_next,13,22,1,1,1,37500,24,,roce
9736160,0,4,1163,0,0,14,inbound_arrival,22,0,0,ring_allreduce,4,150000,0,allgather,3,112500,37500,1000,1000,50000000,37500,1,0,11000,0,1,0,11000,0,0,blocked,0,roce,0,13000,1000,0,0,0,0,equal_remainder_last,ring_next,13,22,1,1,1,37500,24,,roce
9744672,0,4,1166,0,0,14,inbound_arrival,22,0,0,ring_allreduce,4,150000,0,allgather,3,112500,37500,1000,1000,50000000,37500,1,0,11000,0,1,0,11000,0,0,blocked,0,roce,0,14000,1000,0,0,0,0,equal_remainder_last,ring_next,13,22,1,1,1,37500,24,,roce
9753184,0,4,1169,0,0,14,inbound_arrival,22,0,0,ring_allreduce,4,150000,0,allgather,3,112500,37500,1000,1000,50000000,37500,1,0,11000,0,1,0,11000,0,0,blocked,0,roce,0,15000,1000,0,0,0,0,equal_remainder_last,ring_next,13,22,1,1,1,37500,24,,roce
9761184,0,4,1172,0,0,14,inbound_arrival,22,0,0,ring_allreduce,4,150000,0,allgather,3,112500,37500,1000,1000,50000000,37500,1,0,11000,0,1,0,11000,0,0,blocked,0,roce,0,16000,1000,0,0,0,0,equal_remainder_last,ring_next,13,22,1,1,1,37500,24,,roce
9769184,0,4,1175,0,0,14,inbound_arrival,22,0,0,ring_allreduce,4,150000,0,allgather,3,112500,37500,1000,1000,50000000,37500,1,0,11000,0,1,0,11000,0,0,blocked,0,roce,0,17000,1000,0,0,0,0,equal_remainder_last,ring_next,13,22,1,1,1,37500,24,,roce
9777184,0,4,1178,0,0,14,inbound_arrival,22,0,0,ring_allreduce,4,150000,0,allgather,3,112500,37500,1000,1000,50000000,37500,1,0,11000,0,1,0,11000,0,0,blocked,0,roce,0,18000,1000,0,0,0,0,equal_remainder_last,ring_next,13,22,1,1,1,37500,24,,roce
9785184,0,4,1181,0,0,14,inbound_arrival,22,0,0,ring_allreduce,4,150000,0,allgather,3,112500,37500,1000,1000,50000000,37500,1,0,11000,0,1,0,11000,0,0,blocked,0,roce,0,19000,1000,0,0,0,0,equal_remainder_last,ring_next,13,22,1,1,1,37500,24,,roce
9793184,0,4,1184,0,0,14,inbound_arrival,22,0,0,ring_allreduce,4,150000,0,allgather,3,112500,37500,1000,1000,50000000,37500,1,0,11000,0,1,0,11000,0,0,blocked,0,roce,0,20000,1000,0,0,0,0,equal_remainder_last,ring_next,13,22,1,1,1,37500,24,,roce
9801184,0,4,1187,0,0,14,inbound_arrival,22,0,0,ring_allreduce,4,150000,0,allgather,3,112500,37500,1000,1000,50000000,37500,1,0,11000,0,1,0,11000,0,0,blocked,0,roce,0,21000,1000,0,0,0,0,equal_remainder_last,ring_next,13,22,1,1,1,37500,24,,roce
9801184,0,6,1181,0,1,20,inbound_arrival,16,1000,0,ring_allreduce,4,150000,2,allgather,3,37500,37500,1000,1000,50000000,37500,0,0,21000,0,0,0,22000,0,0,blocked,0,roce,0,21000,1000,0,0,0,0,equal_remainder_last,ring_next,19,16,1,0,0,37500,24,,roce
9817184,0,4,1190,0,0,14,inbound_arrival,22,0,0,ring_allreduce,4,150000,0,allgather,3,112500,37500,1000,1000,50000000,37500,1,0,11000,0,1,0,11000,0,0,blocked,0,roce,0,22000,1000,0,0,0,0,equal_remainder_last,ring_next,13,22,1,1,1,37500,24,,roce
9825184,0,4,1193,0,0,14,inbound_arrival,22,0,0,ring_allreduce,4,150000,0,allgather,3,112500,37500,1000,1000,50000000,37500,1,0,11000,0,1,0,11000,0,0,blocked,0,roce,0,23000,1000,0,0,0,0,equal_remainder_last,ring_next,13,22,1,1,1,37500,24,,roce
9825184,0,6,1184,0,1,20,inbound_arrival,16,1000,0,ring_allreduce,4,150000,2,allgather,3,37500,37500,1000,1000,50000000,37500,0,0,22000,0,0,0,23000,0,0,blocked,0,roce,0,22000,1000,0,0,0,0,equal_remainder_last,ring_next,19,16,1,0,0,37500,24,,roce
9841184,0,4,1196,0,0,14,inbound_arrival,22,0,0,ring_allreduce,4,150000,0,allgather,3,112500,37500,1000,1000,50000000,37500,1,0,11000,0,1,0,11000,0,0,blocked,0,roce,0,24000,1000,0,0,0,0,equal_remainder_last,ring_next,13,22,1,1,1,37500,24,,roce
9849184,0,4,1199,0,0,14,inbound_arrival,22,0,0,ring_allreduce,4,150000,0,allgather,3,112500,37500,1000,1000,50000000,37500,1,0,11000,0,1,0,11000,0,0,blocked,0,roce,0,25000,1000,0,0,0,0,equal_remainder_last,ring_next,13,22,1,1,1,37500,24,,roce
9849184,0,6,1187,0,1,20,inbound_arrival,16,1000,0,ring_allreduce,4,150000,2,allgather,3,37500,37500,1000,1000,50000000,37500,0,0,23000,0,0,0,24000,0,0,blocked,0,roce,0,23000,1000,0,0,0,0,equal_remainder_last,ring_next,19,16,1,0,0,37500,24,,roce
9865184,0,4,1202,0,0,14,inbound_arrival,22,0,0,ring_allreduce,4,150000,0,allgather,3,112500,37500,1000,1000,50000000,37500,1,0,11000,0,1,0,11000,0,0,blocked,0,roce,0,26000,1000,0,0,0,0,equal_remainder_last,ring_next,13,22,1,1,1,37500,24,,roce
9873184,0,4,1205,0,0,14,inbound_arrival,22,0,0,ring_allreduce,4,150000,0,allgather,3,112500,37500,1000,1000,50000000,37500,1,0,11000,0,1,0,11000,0,0,blocked,0,roce,0,27000,1000,0,0,0,0,equal_remainder_last,ring_next,13,22,1,1,1,37500,24,,roce
9873184,0,6,1190,0,1,20,inbound_arrival,16,1000,0,ring_allreduce,4,150000,2,allgather,3,37500,37500,1000,1000,50000000,37500,0,0,24000,0,0,0,25000,0,0,blocked,0,roce,0,24000,1000,0,0,0,0,equal_remainder_last,ring_next,19,16,1,0,0,37500,24,,roce
9889184,0,4,1208,0,0,14,inbound_arrival,22,0,0,ring_allreduce,4,150000,0,allgather,3,112500,37500,1000,1000,50000000,37500,1,0,11000,0,1,0,11000,0,0,blocked,0,roce,0,28000,1000,0,0,0,0,equal_remainder_last,ring_next,13,22,1,1,1,37500,24,,roce
9889184,0,6,1193,0,1,20,inbound_arrival,16,1000,0,ring_allreduce,4,150000,2,allgather,3,37500,37500,1000,1000,50000000,37500,0,0,25000,0,0,0,26000,0,0,blocked,0,roce,0,25000,1000,0,0,0,0,equal_remainder_last,ring_next,19,16,1,0,0,37500,24,,roce
9905184,0,4,1211,0,0,14,inbound_arrival,22,0,0,ring_allreduce,4,150000,0,allgather,3,112500,37500,1000,1000,50000000,37500,1,0,11000,0,1,0,11000,0,0,blocked,0,roce,0,29000,1000,0,0,0,0,equal_remainder_last,ring_next,13,22,1,1,1,37500,24,,roce
9905184,0,6,1196,0,1,20,inbound_arrival,16,1000,0,ring_allreduce,4,150000,2,allgather,3,37500,37500,1000,1000,50000000,37500,0,0,26000,0,0,0,27000,0,0,blocked,0,roce,0,26000,1000,0,0,0,0,equal_remainder_last,ring_next,19,16,1,0,0,37500,24,,roce
9921184,0,4,1214,0,0,14,inbound_arrival,22,0,0,ring_allreduce,4,150000,0,allgather,3,112500,37500,1000,1000,50000000,37500,1,0,11000,0,1,0,11000,0,0,blocked,0,roce,0,30000,1000,0,0,0,0,equal_remainder_last,ring_next,13,22,1,1,1,37500,24,,roce
9929184,0,4,1217,0,0,14,inbound_arrival,22,0,0,ring_allreduce,4,150000,0,allgather,3,112500,37500,1000,1000,50000000,37500,1,0,11000,0,1,0,11000,0,0,blocked,0,roce,0,31000,1000,0,0,0,0,equal_remainder_last,ring_next,13,22,1,1,1,37500,24,,roce
9937184,0,4,1220,0,0,14,inbound_arrival,22,0,0,ring_allreduce,4,150000,0,allgather,3,112500,37500,1000,1000,50000000,37500,1,0,11000,0,1,0,11000,0,0,blocked,0,roce,0,32000,1000,0,0,0,0,equal_remainder_last,ring_next,13,22,1,1,1,37500,24,,roce
9945184,0,4,1223,0,0,14,inbound_arrival,22,0,0,ring_allreduce,4,150000,0,allgather,3,112500,37500,1000,1000,50000000,37500,1,0,11000,0,1,0,11000,0,0,blocked,0,roce,0,33000,1000,0,0,0,0,equal_remainder_last,ring_next,13,22,1,1,1,37500,24,,roce
9945184,0,6,1199,0,1,20,inbound_arrival,16,0,0,ring_allreduce,4,150000,2,allgather,3,37500,37500,1000,1000,50000000,37500,0,0,27000,0,0,0,27000,0,0,blocked,0,roce,0,29000,1000,0,0,0,0,equal_remainder_last,ring_next,19,16,1,0,0,37500,24,,roce
9953184,0,6,1202,0,1,20,inbound_arrival,16,0,0,ring_allreduce,4,150000,2,allgather,3,37500,37500,1000,1000,50000000,37500,0,0,27000,0,0,0,27000,0,0,blocked,0,roce,0,30000,1000,0,0,0,0,equal_remainder_last,ring_next,19,16,1,0,0,37500,24,,roce
9961184,0,6,1205,0,1,20,inbound_arrival,16,0,0,ring_allreduce,4,150000,2,allgather,3,37500,37500,1000,1000,50000000,37500,0,0,27000,0,0,0,27000,0,0,blocked,0,roce,0,31000,1000,0,0,0,0,equal_remainder_last,ring_next,19,16,1,0,0,37500,24,,roce
9965184,0,4,1226,0,0,14,inbound_arrival,22,0,0,ring_allreduce,4,150000,0,allgather,3,112500,37500,1000,1000,50000000,37500,1,0,11000,0,1,0,11000,0,0,blocked,0,roce,0,37000,500,0,0,0,0,equal_remainder_last,ring_next,13,22,1,1,1,37500,24,,roce
9973184,0,6,1208,0,1,20,inbound_arrival,16,0,0,ring_allreduce,4,150000,2,allgather,3,37500,37500,1000,1000,50000000,37500,0,0,27000,0,0,0,27000,0,0,blocked,0,roce,0,33000,1000,0,0,0,0,equal_remainder_last,ring_next,19,16,1,0,0,37500,24,,roce
9981184,0,6,1211,0,1,20,inbound_arrival,16,0,0,ring_allreduce,4,150000,2,allgather,3,37500,37500,1000,1000,50000000,37500,0,0,27000,0,0,0,27000,0,0,blocked,0,roce,0,34000,1000,0,0,0,0,equal_remainder_last,ring_next,19,16,1,0,0,37500,24,,roce
9989184,0,6,1214,0,1,20,inbound_arrival,16,0,0,ring_allreduce,4,150000,2,allgather,3,37500,37500,1000,1000,50000000,37500,0,0,27000,0,0,0,27000,0,0,blocked,0,roce,0,35000,1000,0,0,0,0,equal_remainder_last,ring_next,19,16,1,0,0,37500,24,,roce
9997184,0,6,1217,0,1,20,inbound_arrival,16,0,0,ring_allreduce,4,150000,2,allgather,3,37500,37500,1000,1000,50000000,37500,0,0,27000,0,0,0,27000,0,0,blocked,0,roce,0,36000,1000,0,0,0,0,equal_remainder_last,ring_next,19,16,1,0,0,37500,24,,roce
10001184,0,6,1220,0,1,20,inbound_arrival,16,0,0,ring_allreduce,4,150000,2,allgather,3,37500,37500,1000,1000,50000000,37500,0,0,27000,0,0,0,27000,0,0,blocked,0,roce,0,37000,500,0,0,0,0,equal_remainder_last,ring_next,19,16,1,0,0,37500,24,,roce
10009184,0,6,1223,0,1,20,inbound_arrival,16,1000,0,ring_allreduce,4,150000,2,allgather,3,37500,37500,1000,1000,50000000,37500,0,0,27000,0,0,0,28000,0,0,blocked,0,roce,0,27000,1000,0,0,0,0,equal_remainder_last,ring_next,19,16,1,0,0,37500,24,,roce
10017184,0,6,1226,0,1,20,inbound_arrival,16,1000,0,ring_allreduce,4,150000,2,allgather,3,37500,37500,1000,1000,50000000,37500,0,0,28000,0,0,0,29000,0,0,blocked,0,roce,0,28000,1000,0,0,0,0,equal_remainder_last,ring_next,19,16,1,0,0,37500,24,,roce
10025184,0,6,1229,0,1,20,inbound_arrival,16,1000,0,ring_allreduce,4,150000,2,allgather,3,37500,37500,1000,1000,50000000,37500,0,0,29000,0,0,0,30000,0,0,blocked,0,roce,0,29000,1000,0,0,0,0,equal_remainder_last,ring_next,19,16,1,0,0,37500,24,,roce
10033184,0,6,1232,0,1,20,inbound_arrival,16,1000,0,ring_allreduce,4,150000,2,allgather,3,37500,37500,1000,1000,50000000,37500,0,0,30000,0,0,0,31000,0,0,blocked,0,roce,0,30000,1000,0,0,0,0,equal_remainder_last,ring_next,19,16,1,0,0,37500,24,,roce
10041184,0,6,1235,0,1,20,inbound_arrival,16,1000,0,ring_allreduce,4,150000,2,allgather,3,37500,37500,1000,1000,50000000,37500,0,0,31000,0,0,0,32000,0,0,blocked,0,roce,0,31000,1000,0,0,0,0,equal_remainder_last,ring_next,19,16,1,0,0,37500,24,,roce
10049184,0,6,1238,0,1,20,inbound_arrival,16,1000,0,ring_allreduce,4,150000,2,allgather,3,37500,37500,1000,1000,50000000,37500,0,0,32000,0,0,0,33000,0,0,blocked,0,roce,0,32000,1000,0,0,0,0,equal_remainder_last,ring_next,19,16,1,0,0,37500,24,,roce
10057184,0,6,1241,0,1,20,inbound_arrival,16,1000,0,ring_allreduce,4,150000,2,allgather,3,37500,37500,1000,1000,50000000,37500,0,0,33000,0,0,0,34000,0,0,blocked,0,roce,0,33000,1000,0,0,0,0,equal_remainder_last,ring_next,19,16,1,0,0,37500,24,,roce
10065184,0,6,1244,0,1,20,inbound_arrival,16,1000,0,ring_allreduce,4,150000,2,allgather,3,37500,37500,1000,1000,50000000,37500,0,0,34000,0,0,0,35000,0,0,blocked,0,roce,0,34000,1000,0,0,0,0,equal_remainder_last,ring_next,19,16,1,0,0,37500,24,,roce
10073184,0,6,1247,0,1,20,inbound_arrival,16,1000,0,ring_allreduce,4,150000,2,allgather,3,37500,37500,1000,1000,50000000,37500,0,0,35000,0,0,0,36000,0,0,blocked,0,roce,0,35000,1000,0,0,0,0,equal_remainder_last,ring_next,19,16,1,0,0,37500,24,,roce
10081184,0,6,1250,0,1,20,inbound_arrival,16,1000,0,ring_allreduce,4,150000,2,allgather,3,37500,37500,1000,1000,50000000,37500,0,0,36000,0,0,0,37000,0,0,blocked,0,roce,0,36000,1000,0,0,0,0,equal_remainder_last,ring_next,19,16,1,0,0,37500,24,,roce
10085184,0,6,1253,0,1,20,inbound_arrival,16,500,0,ring_allreduce,4,150000,2,allgather,3,37500,37500,1000,1000,50000000,37500,0,0,37000,0,0,1,37500,0,0,blocked,0,roce,0,37000,500,0,0,0,0,equal_remainder_last,ring_next,19,16,1,0,0,37500,24,,roce
10086720,0,9,1253,0,2,17,local_completion,16,0,0,ring_allreduce,4,150000,1,allgather,3,0,37500,1000,1000,50000000,37500,0,1,37500,1,1,1,37500,0,0,blocked,10086720,roce,0,0,0,37500,10047064,13536,0,equal_remainder_last,ring_next,16,13,1,0,1,37500,24,,roce
10620992,0,4,1229,0,0,14,inbound_arrival,22,1000,0,ring_allreduce,4,150000,0,allgather,3,112500,37500,1000,1000,50000000,37500,1,0,11000,0,1,0,12000,0,0,blocked,0,roce,0,11000,1000,0,0,0,0,equal_remainder_last,ring_next,13,22,1,1,1,37500,24,,roce
10628992,0,4,1232,0,0,14,inbound_arrival,22,1000,0,ring_allreduce,4,150000,0,allgather,3,112500,37500,1000,1000,50000000,37500,1,0,12000,0,1,0,13000,0,0,blocked,0,roce,0,12000,1000,0,0,0,0,equal_remainder_last,ring_next,13,22,1,1,1,37500,24,,roce
10636992,0,4,1235,0,0,14,inbound_arrival,22,1000,0,ring_allreduce,4,150000,0,allgather,3,112500,37500,1000,1000,50000000,37500,1,0,13000,0,1,0,14000,0,0,blocked,0,roce,0,13000,1000,0,0,0,0,equal_remainder_last,ring_next,13,22,1,1,1,37500,24,,roce
10644992,0,4,1238,0,0,14,inbound_arrival,22,1000,0,ring_allreduce,4,150000,0,allgather,3,112500,37500,1000,1000,50000000,37500,1,0,14000,0,1,0,15000,0,0,blocked,0,roce,0,14000,1000,0,0,0,0,equal_remainder_last,ring_next,13,22,1,1,1,37500,24,,roce
10652992,0,4,1241,0,0,14,inbound_arrival,22,1000,0,ring_allreduce,4,150000,0,allgather,3,112500,37500,1000,1000,50000000,37500,1,0,15000,0,1,0,16000,0,0,blocked,0,roce,0,15000,1000,0,0,0,0,equal_remainder_last,ring_next,13,22,1,1,1,37500,24,,roce
10660992,0,4,1244,0,0,14,inbound_arrival,22,1000,0,ring_allreduce,4,150000,0,allgather,3,112500,37500,1000,1000,50000000,37500,1,0,16000,0,1,0,17000,0,0,blocked,0,roce,0,16000,1000,0,0,0,0,equal_remainder_last,ring_next,13,22,1,1,1,37500,24,,roce
10668992,0,4,1247,0,0,14,inbound_arrival,22,1000,0,ring_allreduce,4,150000,0,allgather,3,112500,37500,1000,1000,50000000,37500,1,0,17000,0,1,0,18000,0,0,blocked,0,roce,0,17000,1000,0,0,0,0,equal_remainder_last,ring_next,13,22,1,1,1,37500,24,,roce
10676992,0,4,1250,0,0,14,inbound_arrival,22,1000,0,ring_allreduce,4,150000,0,allgather,3,112500,37500,1000,1000,50000000,37500,1,0,18000,0,1,0,19000,0,0,blocked,0,roce,0,18000,1000,0,0,0,0,equal_remainder_last,ring_next,13,22,1,1,1,37500,24,,roce
10684992,0,4,1253,0,0,14,inbound_arrival,22,1000,0,ring_allreduce,4,150000,0,allgather,3,112500,37500,1000,1000,50000000,37500,1,0,19000,0,1,0,20000,0,0,blocked,0,roce,0,19000,1000,0,0,0,0,equal_remainder_last,ring_next,13,22,1,1,1,37500,24,,roce
10692992,0,4,1256,0,0,14,inbound_arrival,22,1000,0,ring_allreduce,4,150000,0,allgather,3,112500,37500,1000,1000,50000000,37500,1,0,20000,0,1,0,21000,0,0,blocked,0,roce,0,20000,1000,0,0,0,0,equal_remainder_last,ring_next,13,22,1,1,1,37500,24,,roce
10700992,0,4,1259,0,0,14,inbound_arrival,22,1000,0,ring_allreduce,4,150000,0,allgather,3,112500,37500,1000,1000,50000000,37500,1,0,21000,0,1,0,22000,0,0,blocked,0,roce,0,21000,1000,0,0,0,0,equal_remainder_last,ring_next,13,22,1,1,1,37500,24,,roce
10708992,0,4,1262,0,0,14,inbound_arrival,22,1000,0,ring_allreduce,4,150000,0,allgather,3,112500,37500,1000,1000,50000000,37500,1,0,22000,0,1,0,23000,0,0,blocked,0,roce,0,22000,1000,0,0,0,0,equal_remainder_last,ring_next,13,22,1,1,1,37500,24,,roce
10716992,0,4,1265,0,0,14,inbound_arrival,22,1000,0,ring_allreduce,4,150000,0,allgather,3,112500,37500,1000,1000,50000000,37500,1,0,23000,0,1,0,24000,0,0,blocked,0,roce,0,23000,1000,0,0,0,0,equal_remainder_last,ring_next,13,22,1,1,1,37500,24,,roce
10724992,0,4,1268,0,0,14,inbound_arrival,22,1000,0,ring_allreduce,4,150000,0,allgather,3,112500,37500,1000,1000,50000000,37500,1,0,24000,0,1,0,25000,0,0,blocked,0,roce,0,24000,1000,0,0,0,0,equal_remainder_last,ring_next,13,22,1,1,1,37500,24,,roce
10732992,0,4,1271,0,0,14,inbound_arrival,22,1000,0,ring_allreduce,4,150000,0,allgather,3,112500,37500,1000,1000,50000000,37500,1,0,25000,0,1,0,26000,0,0,blocked,0,roce,0,25000,1000,0,0,0,0,equal_remainder_last,ring_next,13,22,1,1,1,37500,24,,roce
10740992,0,4,1274,0,0,14,inbound_arrival,22,1000,0,ring_allreduce,4,150000,0,allgather,3,112500,37500,1000,1000,50000000,37500,1,0,26000,0,1,0,27000,0,0,blocked,0,roce,0,26000,1000,0,0,0,0,equal_remainder_last,ring_next,13,22,1,1,1,37500,24,,roce
10748992,0,4,1277,0,0,14,inbound_arrival,22,1000,0,ring_allreduce,4,150000,0,allgather,3,112500,37500,1000,1000,50000000,37500,1,0,27000,0,1,0,28000,0,0,blocked,0,roce,0,27000,1000,0,0,0,0,equal_remainder_last,ring_next,13,22,1,1,1,37500,24,,roce
10756992,0,4,1280,0,0,14,inbound_arrival,22,1000,0,ring_allreduce,4,150000,0,allgather,3,112500,37500,1000,1000,50000000,37500,1,0,28000,0,1,0,29000,0,0,blocked,0,roce,0,28000,1000,0,0,0,0,equal_remainder_last,ring_next,13,22,1,1,1,37500,24,,roce
10764992,0,4,1283,0,0,14,inbound_arrival,22,1000,0,ring_allreduce,4,150000,0,allgather,3,112500,37500,1000,1000,50000000,37500,1,0,29000,0,1,0,30000,0,0,blocked,0,roce,0,29000,1000,0,0,0,0,equal_remainder_last,ring_next,13,22,1,1,1,37500,24,,roce
10772992,0,4,1286,0,0,14,inbound_arrival,22,1000,0,ring_allreduce,4,150000,0,allgather,3,112500,37500,1000,1000,50000000,37500,1,0,30000,0,1,0,31000,0,0,blocked,0,roce,0,30000,1000,0,0,0,0,equal_remainder_last,ring_next,13,22,1,1,1,37500,24,,roce
10774016,0,6,1370,0,1,20,local_completion,19,0,0,ring_allreduce,4,150000,2,allgather,3,37500,37500,1000,1000,50000000,37500,0,1,37500,1,1,1,37500,0,0,blocked,10774016,roce,0,0,0,37500,10733040,18048,0,equal_remainder_last,ring_next,19,16,1,0,1,37500,24,,roce
10780992,0,4,1289,0,0,14,inbound_arrival,22,1000,0,ring_allreduce,4,150000,0,allgather,3,112500,37500,1000,1000,50000000,37500,1,0,31000,0,1,0,32000,0,0,blocked,0,roce,0,31000,1000,0,0,0,0,equal_remainder_last,ring_next,13,22,1,1,1,37500,24,,roce
10788992,0,4,1292,0,0,14,inbound_arrival,22,1000,0,ring_allreduce,4,150000,0,allgather,3,112500,37500,1000,1000,50000000,37500,1,0,32000,0,1,0,33000,0,0,blocked,0,roce,0,32000,1000,0,0,0,0,equal_remainder_last,ring_next,13,22,1,1,1,37500,24,,roce
10797504,0,4,1295,0,0,14,inbound_arrival,22,1000,0,ring_allreduce,4,150000,0,allgather,3,112500,37500,1000,1000,50000000,37500,1,0,33000,0,1,0,34000,0,0,blocked,0,roce,0,33000,1000,0,0,0,0,equal_remainder_last,ring_next,13,22,1,1,1,37500,24,,roce
10805504,0,4,1298,0,0,14,inbound_arrival,22,1000,0,ring_allreduce,4,150000,0,allgather,3,112500,37500,1000,1000,50000000,37500,1,0,34000,0,1,0,35000,0,0,blocked,0,roce,0,34000,1000,0,0,0,0,equal_remainder_last,ring_next,13,22,1,1,1,37500,24,,roce
10813504,0,4,1301,0,0,14,inbound_arrival,22,1000,0,ring_allreduce,4,150000,0,allgather,3,112500,37500,1000,1000,50000000,37500,1,0,35000,0,1,0,36000,0,0,blocked,0,roce,0,35000,1000,0,0,0,0,equal_remainder_last,ring_next,13,22,1,1,1,37500,24,,roce
10821504,0,4,1304,0,0,14,inbound_arrival,22,1000,0,ring_allreduce,4,150000,0,allgather,3,112500,37500,1000,1000,50000000,37500,1,0,36000,0,1,0,37000,0,0,blocked,0,roce,0,36000,1000,0,0,0,0,equal_remainder_last,ring_next,13,22,1,1,1,37500,24,,roce
10825504,0,4,1307,0,0,14,inbound_arrival,22,500,0,ring_allreduce,4,150000,0,allgather,3,112500,37500,1000,1000,50000000,37500,1,0,37000,1,1,1,37500,0,0,blocked,10825504,roce,0,37000,500,0,0,0,0,equal_remainder_last,ring_next,13,22,1,1,1,37500,24,,roce
10848088,0,12,1178,0,3,23,local_completion,22,0,0,ring_allreduce,4,150000,3,allgather,3,75000,37500,1000,1000,50000000,37500,0,1,37500,1,1,1,37500,0,0,blocked,10848088,roce,0,0,0,37500,10784992,22560,0,equal_remainder_last,ring_next,22,19,1,0,1,37500,24,,roce
