time_ns,event_phase,event_origin_node,event_origin_sequence,node_id,flow_id,kind,bound_ns,frozen,alpha_ticks,increase_fires,decrease_cuts,initial_rate_bps,minimum_rate_bps,maximum_rate_bps,additive_rate_bps,hyper_rate_bps,g_q63,alpha_interval_ns,decrease_interval_ns,increase_interval_ns,fast_recovery_steps,clamp_target_rate,before_alpha_q63,before_current_rate_bps,before_target_rate_bps,before_next_alpha_ns,before_next_decrease_ns,before_next_increase_ns,before_stage,before_armed,before_alpha_pending,before_decrease_pending,before_increase_armed,after_alpha_q63,after_current_rate_bps,after_target_rate_bps,after_next_alpha_ns,after_next_decrease_ns,after_next_increase_ns,after_stage,after_armed,after_alpha_pending,after_decrease_pending,after_increase_armed
0,1,0,0,0,0,tick,1,0,0,0,0,10000000000,1000000000,10000000000,500000000,1000000000,4611686018427387904,1000,4000,100000,1,0,9223372036854775808,10000000000,10000000000,0,0,0,0,0,0,0,0,9223372036854775808,10000000000,10000000000,0,0,0,0,0,0,0,0
0,1,1,0,1,1,tick,1,0,0,0,0,10000000000,1000000000,10000000000,500000000,1000000000,4611686018427387904,1000,4000,100000,1,0,9223372036854775808,10000000000,10000000000,0,0,0,0,0,0,0,0,9223372036854775808,10000000000,10000000000,0,0,0,0,0,0,0,0
1000,1,0,1,0,0,tick,1001,0,0,0,0,10000000000,1000000000,10000000000,500000000,1000000000,4611686018427387904,1000,4000,100000,1,0,9223372036854775808,10000000000,10000000000,0,0,0,0,0,0,0,0,9223372036854775808,10000000000,10000000000,0,0,0,0,0,0,0,0
1000,1,1,1,1,1,tick,1001,0,0,0,0,10000000000,1000000000,10000000000,500000000,1000000000,4611686018427387904,1000,4000,100000,1,0,9223372036854775808,10000000000,10000000000,0,0,0,0,0,0,0,0,9223372036854775808,10000000000,10000000000,0,0,0,0,0,0,0,0
2000,1,0,5,0,0,tick,2001,0,0,0,0,10000000000,1000000000,10000000000,500000000,1000000000,4611686018427387904,1000,4000,100000,1,0,9223372036854775808,10000000000,10000000000,0,0,0,0,0,0,0,0,9223372036854775808,10000000000,10000000000,0,0,0,0,0,0,0,0
2000,1,1,5,1,1,tick,2001,0,0,0,0,10000000000,1000000000,10000000000,500000000,1000000000,4611686018427387904,1000,4000,100000,1,0,9223372036854775808,10000000000,10000000000,0,0,0,0,0,0,0,0,9223372036854775808,10000000000,10000000000,0,0,0,0,0,0,0,0
3000,1,0,6,0,0,tick,3001,0,0,0,0,10000000000,1000000000,10000000000,500000000,1000000000,4611686018427387904,1000,4000,100000,1,0,9223372036854775808,10000000000,10000000000,0,0,0,0,0,0,0,0,9223372036854775808,10000000000,10000000000,0,0,0,0,0,0,0,0
3000,1,1,6,1,1,tick,3001,0,0,0,0,10000000000,1000000000,10000000000,500000000,1000000000,4611686018427387904,1000,4000,100000,1,0,9223372036854775808,10000000000,10000000000,0,0,0,0,0,0,0,0,9223372036854775808,10000000000,10000000000,0,0,0,0,0,0,0,0
4000,1,0,7,0,0,tick,4001,0,0,0,0,10000000000,1000000000,10000000000,500000000,1000000000,4611686018427387904,1000,4000,100000,1,0,9223372036854775808,10000000000,10000000000,0,0,0,0,0,0,0,0,9223372036854775808,10000000000,10000000000,0,0,0,0,0,0,0,0
4000,1,1,7,1,1,tick,4001,0,0,0,0,10000000000,1000000000,10000000000,500000000,1000000000,4611686018427387904,1000,4000,100000,1,0,9223372036854775808,10000000000,10000000000,0,0,0,0,0,0,0,0,9223372036854775808,10000000000,10000000000,0,0,0,0,0,0,0,0
5000,1,0,8,0,0,tick,5001,0,0,0,0,10000000000,1000000000,10000000000,500000000,1000000000,4611686018427387904,1000,4000,100000,1,0,9223372036854775808,10000000000,10000000000,0,0,0,0,0,0,0,0,9223372036854775808,10000000000,10000000000,0,0,0,0,0,0,0,0
5000,1,1,8,1,1,tick,5001,0,0,0,0,10000000000,1000000000,10000000000,500000000,1000000000,4611686018427387904,1000,4000,100000,1,0,9223372036854775808,10000000000,10000000000,0,0,0,0,0,0,0,0,9223372036854775808,10000000000,10000000000,0,0,0,0,0,0,0,0
6000,1,0,9,0,0,tick,6001,0,0,0,0,10000000000,1000000000,10000000000,500000000,1000000000,4611686018427387904,1000,4000,100000,1,0,9223372036854775808,10000000000,10000000000,0,0,0,0,0,0,0,0,9223372036854775808,10000000000,10000000000,0,0,0,0,0,0,0,0
6000,1,1,9,1,1,tick,6001,0,0,0,0,10000000000,1000000000,10000000000,500000000,1000000000,4611686018427387904,1000,4000,100000,1,0,9223372036854775808,10000000000,10000000000,0,0,0,0,0,0,0,0,9223372036854775808,10000000000,10000000000,0,0,0,0,0,0,0,0
7000,1,0,10,0,0,tick,7001,0,0,0,0,10000000000,1000000000,10000000000,500000000,1000000000,4611686018427387904,1000,4000,100000,1,0,9223372036854775808,10000000000,10000000000,0,0,0,0,0,0,0,0,9223372036854775808,10000000000,10000000000,0,0,0,0,0,0,0,0
7000,1,1,10,1,1,tick,7001,0,0,0,0,10000000000,1000000000,10000000000,500000000,1000000000,4611686018427387904,1000,4000,100000,1,0,9223372036854775808,10000000000,10000000000,0,0,0,0,0,0,0,0,9223372036854775808,10000000000,10000000000,0,0,0,0,0,0,0,0
8000,1,0,11,0,0,tick,8001,0,0,0,0,10000000000,1000000000,10000000000,500000000,1000000000,4611686018427387904,1000,4000,100000,1,0,9223372036854775808,10000000000,10000000000,0,0,0,0,0,0,0,0,9223372036854775808,10000000000,10000000000,0,0,0,0,0,0,0,0
8000,1,1,11,1,1,tick,8001,0,0,0,0,10000000000,1000000000,10000000000,500000000,1000000000,4611686018427387904,1000,4000,100000,1,0,9223372036854775808,10000000000,10000000000,0,0,0,0,0,0,0,0,9223372036854775808,10000000000,10000000000,0,0,0,0,0,0,0,0
9000,1,0,13,0,0,tick,9001,0,0,0,0,10000000000,1000000000,10000000000,500000000,1000000000,4611686018427387904,1000,4000,100000,1,0,9223372036854775808,10000000000,10000000000,0,0,0,0,0,0,0,0,9223372036854775808,10000000000,10000000000,0,0,0,0,0,0,0,0
9000,1,1,13,1,1,tick,9001,0,0,0,0,10000000000,1000000000,10000000000,500000000,1000000000,4611686018427387904,1000,4000,100000,1,0,9223372036854775808,10000000000,10000000000,0,0,0,0,0,0,0,0,9223372036854775808,10000000000,10000000000,0,0,0,0,0,0,0,0
10000,1,0,16,0,0,tick,10001,0,0,0,0,10000000000,1000000000,10000000000,500000000,1000000000,4611686018427387904,1000,4000,100000,1,0,9223372036854775808,10000000000,10000000000,0,0,0,0,0,0,0,0,9223372036854775808,10000000000,10000000000,0,0,0,0,0,0,0,0
10000,1,1,16,1,1,tick,10001,0,0,0,0,10000000000,1000000000,10000000000,500000000,1000000000,4611686018427387904,1000,4000,100000,1,0,9223372036854775808,10000000000,10000000000,0,0,0,0,0,0,0,0,9223372036854775808,10000000000,10000000000,0,0,0,0,0,0,0,0
11000,1,0,17,0,0,tick,11001,0,0,0,0,10000000000,1000000000,10000000000,500000000,1000000000,4611686018427387904,1000,4000,100000,1,0,9223372036854775808,10000000000,10000000000,0,0,0,0,0,0,0,0,9223372036854775808,10000000000,10000000000,0,0,0,0,0,0,0,0
11000,1,1,17,1,1,tick,11001,0,0,0,0,10000000000,1000000000,10000000000,500000000,1000000000,4611686018427387904,1000,4000,100000,1,0,9223372036854775808,10000000000,10000000000,0,0,0,0,0,0,0,0,9223372036854775808,10000000000,10000000000,0,0,0,0,0,0,0,0
12000,1,0,18,0,0,tick,12001,0,0,0,0,10000000000,1000000000,10000000000,500000000,1000000000,4611686018427387904,1000,4000,100000,1,0,9223372036854775808,10000000000,10000000000,0,0,0,0,0,0,0,0,9223372036854775808,10000000000,10000000000,0,0,0,0,0,0,0,0
12000,1,1,18,1,1,tick,12001,0,0,0,0,10000000000,1000000000,10000000000,500000000,1000000000,4611686018427387904,1000,4000,100000,1,0,9223372036854775808,10000000000,10000000000,0,0,0,0,0,0,0,0,9223372036854775808,10000000000,10000000000,0,0,0,0,0,0,0,0
13000,1,0,19,0,0,tick,13001,0,0,0,0,10000000000,1000000000,10000000000,500000000,1000000000,4611686018427387904,1000,4000,100000,1,0,9223372036854775808,10000000000,10000000000,0,0,0,0,0,0,0,0,9223372036854775808,10000000000,10000000000,0,0,0,0,0,0,0,0
13000,1,1,19,1,1,tick,13001,0,0,0,0,10000000000,1000000000,10000000000,500000000,1000000000,4611686018427387904,1000,4000,100000,1,0,9223372036854775808,10000000000,10000000000,0,0,0,0,0,0,0,0,9223372036854775808,10000000000,10000000000,0,0,0,0,0,0,0,0
14000,1,0,20,0,0,tick,14001,0,0,0,0,10000000000,1000000000,10000000000,500000000,1000000000,4611686018427387904,1000,4000,100000,1,0,9223372036854775808,10000000000,10000000000,0,0,0,0,0,0,0,0,9223372036854775808,10000000000,10000000000,0,0,0,0,0,0,0,0
14000,1,1,20,1,1,tick,14001,0,0,0,0,10000000000,1000000000,10000000000,500000000,1000000000,4611686018427387904,1000,4000,100000,1,0,9223372036854775808,10000000000,10000000000,0,0,0,0,0,0,0,0,9223372036854775808,10000000000,10000000000,0,0,0,0,0,0,0,0
15000,1,0,21,0,0,tick,15001,0,0,0,0,10000000000,1000000000,10000000000,500000000,1000000000,4611686018427387904,1000,4000,100000,1,0,9223372036854775808,10000000000,10000000000,0,0,0,0,0,0,0,0,9223372036854775808,10000000000,10000000000,0,0,0,0,0,0,0,0
15000,1,1,21,1,1,tick,15001,0,0,0,0,10000000000,1000000000,10000000000,500000000,1000000000,4611686018427387904,1000,4000,100000,1,0,9223372036854775808,10000000000,10000000000,0,0,0,0,0,0,0,0,9223372036854775808,10000000000,10000000000,0,0,0,0,0,0,0,0
16000,1,0,22,0,0,tick,16001,0,0,0,0,10000000000,1000000000,10000000000,500000000,1000000000,4611686018427387904,1000,4000,100000,1,0,9223372036854775808,10000000000,10000000000,0,0,0,0,0,0,0,0,9223372036854775808,10000000000,10000000000,0,0,0,0,0,0,0,0
16000,1,1,22,1,1,tick,16001,0,0,0,0,10000000000,1000000000,10000000000,500000000,1000000000,4611686018427387904,1000,4000,100000,1,0,9223372036854775808,10000000000,10000000000,0,0,0,0,0,0,0,0,9223372036854775808,10000000000,10000000000,0,0,0,0,0,0,0,0
17000,1,0,24,0,0,tick,17001,0,0,0,0,10000000000,1000000000,10000000000,500000000,1000000000,4611686018427387904,1000,4000,100000,1,0,9223372036854775808,10000000000,10000000000,0,0,0,0,0,0,0,0,9223372036854775808,10000000000,10000000000,0,0,0,0,0,0,0,0
17000,1,1,24,1,1,tick,17001,0,0,0,0,10000000000,1000000000,10000000000,500000000,1000000000,4611686018427387904,1000,4000,100000,1,0,9223372036854775808,10000000000,10000000000,0,0,0,0,0,0,0,0,9223372036854775808,10000000000,10000000000,0,0,0,0,0,0,0,0
18000,1,0,27,0,0,tick,18001,0,0,0,0,10000000000,1000000000,10000000000,500000000,1000000000,4611686018427387904,1000,4000,100000,1,0,9223372036854775808,10000000000,10000000000,0,0,0,0,0,0,0,0,9223372036854775808,10000000000,10000000000,0,0,0,0,0,0,0,0
18000,1,1,27,1,1,tick,18001,0,0,0,0,10000000000,1000000000,10000000000,500000000,1000000000,4611686018427387904,1000,4000,100000,1,0,9223372036854775808,10000000000,10000000000,0,0,0,0,0,0,0,0,9223372036854775808,10000000000,10000000000,0,0,0,0,0,0,0,0
19000,1,0,28,0,0,tick,19001,0,0,0,0,10000000000,1000000000,10000000000,500000000,1000000000,4611686018427387904,1000,4000,100000,1,0,9223372036854775808,10000000000,10000000000,0,0,0,0,0,0,0,0,9223372036854775808,10000000000,10000000000,0,0,0,0,0,0,0,0
19000,1,1,28,1,1,tick,19001,0,0,0,0,10000000000,1000000000,10000000000,500000000,1000000000,4611686018427387904,1000,4000,100000,1,0,9223372036854775808,10000000000,10000000000,0,0,0,0,0,0,0,0,9223372036854775808,10000000000,10000000000,0,0,0,0,0,0,0,0
20000,1,0,29,0,0,tick,20001,0,0,0,0,10000000000,1000000000,10000000000,500000000,1000000000,4611686018427387904,1000,4000,100000,1,0,9223372036854775808,10000000000,10000000000,0,0,0,0,0,0,0,0,9223372036854775808,10000000000,10000000000,0,0,0,0,0,0,0,0
20000,1,1,29,1,1,tick,20001,0,0,0,0,10000000000,1000000000,10000000000,500000000,1000000000,4611686018427387904,1000,4000,100000,1,0,9223372036854775808,10000000000,10000000000,0,0,0,0,0,0,0,0,9223372036854775808,10000000000,10000000000,0,0,0,0,0,0,0,0
21000,1,0,30,0,0,tick,21001,0,0,0,0,10000000000,1000000000,10000000000,500000000,1000000000,4611686018427387904,1000,4000,100000,1,0,9223372036854775808,10000000000,10000000000,0,0,0,0,0,0,0,0,9223372036854775808,10000000000,10000000000,0,0,0,0,0,0,0,0
21000,1,1,30,1,1,tick,21001,0,0,0,0,10000000000,1000000000,10000000000,500000000,1000000000,4611686018427387904,1000,4000,100000,1,0,9223372036854775808,10000000000,10000000000,0,0,0,0,0,0,0,0,9223372036854775808,10000000000,10000000000,0,0,0,0,0,0,0,0
22000,1,0,31,0,0,tick,22001,0,0,0,0,10000000000,1000000000,10000000000,500000000,1000000000,4611686018427387904,1000,4000,100000,1,0,9223372036854775808,10000000000,10000000000,0,0,0,0,0,0,0,0,9223372036854775808,10000000000,10000000000,0,0,0,0,0,0,0,0
22000,1,1,31,1,1,tick,22001,0,0,0,0,10000000000,1000000000,10000000000,500000000,1000000000,4611686018427387904,1000,4000,100000,1,0,9223372036854775808,10000000000,10000000000,0,0,0,0,0,0,0,0,9223372036854775808,10000000000,10000000000,0,0,0,0,0,0,0,0
23000,1,0,32,0,0,tick,23001,0,0,0,0,10000000000,1000000000,10000000000,500000000,1000000000,4611686018427387904,1000,4000,100000,1,0,9223372036854775808,10000000000,10000000000,0,0,0,0,0,0,0,0,9223372036854775808,10000000000,10000000000,0,0,0,0,0,0,0,0
23000,1,1,32,1,1,tick,23001,0,0,0,0,10000000000,1000000000,10000000000,500000000,1000000000,4611686018427387904,1000,4000,100000,1,0,9223372036854775808,10000000000,10000000000,0,0,0,0,0,0,0,0,9223372036854775808,10000000000,10000000000,0,0,0,0,0,0,0,0
24000,1,0,33,0,0,tick,24001,0,0,0,0,10000000000,1000000000,10000000000,500000000,1000000000,4611686018427387904,1000,4000,100000,1,0,9223372036854775808,10000000000,10000000000,0,0,0,0,0,0,0,0,9223372036854775808,10000000000,10000000000,0,0,0,0,0,0,0,0
24000,1,1,33,1,1,tick,24001,0,0,0,0,10000000000,1000000000,10000000000,500000000,1000000000,4611686018427387904,1000,4000,100000,1,0,9223372036854775808,10000000000,10000000000,0,0,0,0,0,0,0,0,9223372036854775808,10000000000,10000000000,0,0,0,0,0,0,0,0
25000,1,0,35,0,0,tick,25001,0,0,0,0,10000000000,1000000000,10000000000,500000000,1000000000,4611686018427387904,1000,4000,100000,1,0,9223372036854775808,10000000000,10000000000,0,0,0,0,0,0,0,0,9223372036854775808,10000000000,10000000000,0,0,0,0,0,0,0,0
25000,1,1,35,1,1,tick,25001,0,0,0,0,10000000000,1000000000,10000000000,500000000,1000000000,4611686018427387904,1000,4000,100000,1,0,9223372036854775808,10000000000,10000000000,0,0,0,0,0,0,0,0,9223372036854775808,10000000000,10000000000,0,0,0,0,0,0,0,0
26000,1,0,38,0,0,tick,26001,0,0,0,0,10000000000,1000000000,10000000000,500000000,1000000000,4611686018427387904,1000,4000,100000,1,0,9223372036854775808,10000000000,10000000000,0,0,0,0,0,0,0,0,9223372036854775808,10000000000,10000000000,0,0,0,0,0,0,0,0
26000,1,1,38,1,1,tick,26001,0,0,0,0,10000000000,1000000000,10000000000,500000000,1000000000,4611686018427387904,1000,4000,100000,1,0,9223372036854775808,10000000000,10000000000,0,0,0,0,0,0,0,0,9223372036854775808,10000000000,10000000000,0,0,0,0,0,0,0,0
27000,1,0,39,0,0,tick,27001,0,0,0,0,10000000000,1000000000,10000000000,500000000,1000000000,4611686018427387904,1000,4000,100000,1,0,9223372036854775808,10000000000,10000000000,0,0,0,0,0,0,0,0,9223372036854775808,10000000000,10000000000,0,0,0,0,0,0,0,0
27000,1,1,39,1,1,tick,27001,0,0,0,0,10000000000,1000000000,10000000000,500000000,1000000000,4611686018427387904,1000,4000,100000,1,0,9223372036854775808,10000000000,10000000000,0,0,0,0,0,0,0,0,9223372036854775808,10000000000,10000000000,0,0,0,0,0,0,0,0
28000,1,0,40,0,0,tick,28001,0,0,0,0,10000000000,1000000000,10000000000,500000000,1000000000,4611686018427387904,1000,4000,100000,1,0,9223372036854775808,10000000000,10000000000,0,0,0,0,0,0,0,0,9223372036854775808,10000000000,10000000000,0,0,0,0,0,0,0,0
28000,1,1,40,1,1,tick,28001,0,0,0,0,10000000000,1000000000,10000000000,500000000,1000000000,4611686018427387904,1000,4000,100000,1,0,9223372036854775808,10000000000,10000000000,0,0,0,0,0,0,0,0,9223372036854775808,10000000000,10000000000,0,0,0,0,0,0,0,0
29000,1,0,41,0,0,tick,29001,0,0,0,0,10000000000,1000000000,10000000000,500000000,1000000000,4611686018427387904,1000,4000,100000,1,0,9223372036854775808,10000000000,10000000000,0,0,0,0,0,0,0,0,9223372036854775808,10000000000,10000000000,0,0,0,0,0,0,0,0
29000,1,1,41,1,1,tick,29001,0,0,0,0,10000000000,1000000000,10000000000,500000000,1000000000,4611686018427387904,1000,4000,100000,1,0,9223372036854775808,10000000000,10000000000,0,0,0,0,0,0,0,0,9223372036854775808,10000000000,10000000000,0,0,0,0,0,0,0,0
30000,1,0,42,0,0,tick,30001,0,0,0,0,10000000000,1000000000,10000000000,500000000,1000000000,4611686018427387904,1000,4000,100000,1,0,9223372036854775808,10000000000,10000000000,0,0,0,0,0,0,0,0,9223372036854775808,10000000000,10000000000,0,0,0,0,0,0,0,0
30000,1,1,42,1,1,tick,30001,0,0,0,0,10000000000,1000000000,10000000000,500000000,1000000000,4611686018427387904,1000,4000,100000,1,0,9223372036854775808,10000000000,10000000000,0,0,0,0,0,0,0,0,9223372036854775808,10000000000,10000000000,0,0,0,0,0,0,0,0
31000,1,0,43,0,0,tick,31001,0,0,0,0,10000000000,1000000000,10000000000,500000000,1000000000,4611686018427387904,1000,4000,100000,1,0,9223372036854775808,10000000000,10000000000,0,0,0,0,0,0,0,0,9223372036854775808,10000000000,10000000000,0,0,0,0,0,0,0,0
31000,1,1,43,1,1,tick,31001,0,0,0,0,10000000000,1000000000,10000000000,500000000,1000000000,4611686018427387904,1000,4000,100000,1,0,9223372036854775808,10000000000,10000000000,0,0,0,0,0,0,0,0,9223372036854775808,10000000000,10000000000,0,0,0,0,0,0,0,0
32000,1,0,44,0,0,tick,32001,0,0,0,0,10000000000,1000000000,10000000000,500000000,1000000000,4611686018427387904,1000,4000,100000,1,0,9223372036854775808,10000000000,10000000000,0,0,0,0,0,0,0,0,9223372036854775808,10000000000,10000000000,0,0,0,0,0,0,0,0
32000,1,1,44,1,1,tick,32001,0,0,0,0,10000000000,1000000000,10000000000,500000000,1000000000,4611686018427387904,1000,4000,100000,1,0,9223372036854775808,10000000000,10000000000,0,0,0,0,0,0,0,0,9223372036854775808,10000000000,10000000000,0,0,0,0,0,0,0,0
33000,1,0,46,0,0,tick,33001,0,0,0,0,10000000000,1000000000,10000000000,500000000,1000000000,4611686018427387904,1000,4000,100000,1,0,9223372036854775808,10000000000,10000000000,0,0,0,0,0,0,0,0,9223372036854775808,10000000000,10000000000,0,0,0,0,0,0,0,0
33000,1,1,46,1,1,tick,33001,0,0,0,0,10000000000,1000000000,10000000000,500000000,1000000000,4611686018427387904,1000,4000,100000,1,0,9223372036854775808,10000000000,10000000000,0,0,0,0,0,0,0,0,9223372036854775808,10000000000,10000000000,0,0,0,0,0,0,0,0
34000,1,0,49,0,0,tick,34001,0,0,0,0,10000000000,1000000000,10000000000,500000000,1000000000,4611686018427387904,1000,4000,100000,1,0,9223372036854775808,10000000000,10000000000,0,0,0,0,0,0,0,0,9223372036854775808,10000000000,10000000000,0,0,0,0,0,0,0,0
34000,1,1,49,1,1,tick,34001,0,0,0,0,10000000000,1000000000,10000000000,500000000,1000000000,4611686018427387904,1000,4000,100000,1,0,9223372036854775808,10000000000,10000000000,0,0,0,0,0,0,0,0,9223372036854775808,10000000000,10000000000,0,0,0,0,0,0,0,0
35000,1,0,50,0,0,tick,35001,0,0,0,0,10000000000,1000000000,10000000000,500000000,1000000000,4611686018427387904,1000,4000,100000,1,0,9223372036854775808,10000000000,10000000000,0,0,0,0,0,0,0,0,9223372036854775808,10000000000,10000000000,0,0,0,0,0,0,0,0
35000,1,1,50,1,1,tick,35001,0,0,0,0,10000000000,1000000000,10000000000,500000000,1000000000,4611686018427387904,1000,4000,100000,1,0,9223372036854775808,10000000000,10000000000,0,0,0,0,0,0,0,0,9223372036854775808,10000000000,10000000000,0,0,0,0,0,0,0,0
36000,1,0,51,0,0,tick,36001,0,0,0,0,10000000000,1000000000,10000000000,500000000,1000000000,4611686018427387904,1000,4000,100000,1,0,9223372036854775808,10000000000,10000000000,0,0,0,0,0,0,0,0,9223372036854775808,10000000000,10000000000,0,0,0,0,0,0,0,0
36000,1,1,51,1,1,tick,36001,0,0,0,0,10000000000,1000000000,10000000000,500000000,1000000000,4611686018427387904,1000,4000,100000,1,0,9223372036854775808,10000000000,10000000000,0,0,0,0,0,0,0,0,9223372036854775808,10000000000,10000000000,0,0,0,0,0,0,0,0
37000,1,0,52,0,0,tick,37001,0,0,0,0,10000000000,1000000000,10000000000,500000000,1000000000,4611686018427387904,1000,4000,100000,1,0,9223372036854775808,10000000000,10000000000,0,0,0,0,0,0,0,0,9223372036854775808,10000000000,10000000000,0,0,0,0,0,0,0,0
37000,1,1,52,1,1,tick,37001,0,0,0,0,10000000000,1000000000,10000000000,500000000,1000000000,4611686018427387904,1000,4000,100000,1,0,9223372036854775808,10000000000,10000000000,0,0,0,0,0,0,0,0,9223372036854775808,10000000000,10000000000,0,0,0,0,0,0,0,0
38000,1,0,53,0,0,tick,38001,0,0,0,0,10000000000,1000000000,10000000000,500000000,1000000000,4611686018427387904,1000,4000,100000,1,0,9223372036854775808,10000000000,10000000000,0,0,0,0,0,0,0,0,9223372036854775808,10000000000,10000000000,0,0,0,0,0,0,0,0
38000,1,1,53,1,1,tick,38001,0,0,0,0,10000000000,1000000000,10000000000,500000000,1000000000,4611686018427387904,1000,4000,100000,1,0,9223372036854775808,10000000000,10000000000,0,0,0,0,0,0,0,0,9223372036854775808,10000000000,10000000000,0,0,0,0,0,0,0,0
39000,1,0,54,0,0,tick,39001,0,0,0,0,10000000000,1000000000,10000000000,500000000,1000000000,4611686018427387904,1000,4000,100000,1,0,9223372036854775808,10000000000,10000000000,0,0,0,0,0,0,0,0,9223372036854775808,10000000000,10000000000,0,0,0,0,0,0,0,0
39000,1,1,54,1,1,tick,39001,0,0,0,0,10000000000,1000000000,10000000000,500000000,1000000000,4611686018427387904,1000,4000,100000,1,0,9223372036854775808,10000000000,10000000000,0,0,0,0,0,0,0,0,9223372036854775808,10000000000,10000000000,0,0,0,0,0,0,0,0
40000,1,0,55,0,0,tick,40001,0,0,0,0,10000000000,1000000000,10000000000,500000000,1000000000,4611686018427387904,1000,4000,100000,1,0,9223372036854775808,10000000000,10000000000,0,0,0,0,0,0,0,0,9223372036854775808,10000000000,10000000000,0,0,0,0,0,0,0,0
40000,1,1,55,1,1,tick,40001,0,0,0,0,10000000000,1000000000,10000000000,500000000,1000000000,4611686018427387904,1000,4000,100000,1,0,9223372036854775808,10000000000,10000000000,0,0,0,0,0,0,0,0,9223372036854775808,10000000000,10000000000,0,0,0,0,0,0,0,0
41000,1,0,57,0,0,tick,41001,0,0,0,0,10000000000,1000000000,10000000000,500000000,1000000000,4611686018427387904,1000,4000,100000,1,0,9223372036854775808,10000000000,10000000000,0,0,0,0,0,0,0,0,9223372036854775808,10000000000,10000000000,0,0,0,0,0,0,0,0
41000,1,1,57,1,1,tick,41001,0,0,0,0,10000000000,1000000000,10000000000,500000000,1000000000,4611686018427387904,1000,4000,100000,1,0,9223372036854775808,10000000000,10000000000,0,0,0,0,0,0,0,0,9223372036854775808,10000000000,10000000000,0,0,0,0,0,0,0,0
42000,1,0,60,0,0,tick,42001,0,0,0,0,10000000000,1000000000,10000000000,500000000,1000000000,4611686018427387904,1000,4000,100000,1,0,9223372036854775808,10000000000,10000000000,0,0,0,0,0,0,0,0,9223372036854775808,10000000000,10000000000,0,0,0,0,0,0,0,0
42000,1,1,60,1,1,tick,42001,0,0,0,0,10000000000,1000000000,10000000000,500000000,1000000000,4611686018427387904,1000,4000,100000,1,0,9223372036854775808,10000000000,10000000000,0,0,0,0,0,0,0,0,9223372036854775808,10000000000,10000000000,0,0,0,0,0,0,0,0
43000,1,0,61,0,0,tick,43001,0,0,0,0,10000000000,1000000000,10000000000,500000000,1000000000,4611686018427387904,1000,4000,100000,1,0,9223372036854775808,10000000000,10000000000,0,0,0,0,0,0,0,0,9223372036854775808,10000000000,10000000000,0,0,0,0,0,0,0,0
43000,1,1,61,1,1,tick,43001,0,0,0,0,10000000000,1000000000,10000000000,500000000,1000000000,4611686018427387904,1000,4000,100000,1,0,9223372036854775808,10000000000,10000000000,0,0,0,0,0,0,0,0,9223372036854775808,10000000000,10000000000,0,0,0,0,0,0,0,0
44000,1,0,62,0,0,tick,44001,0,0,0,0,10000000000,1000000000,10000000000,500000000,1000000000,4611686018427387904,1000,4000,100000,1,0,9223372036854775808,10000000000,10000000000,0,0,0,0,0,0,0,0,9223372036854775808,10000000000,10000000000,0,0,0,0,0,0,0,0
44000,1,1,62,1,1,tick,44001,0,0,0,0,10000000000,1000000000,10000000000,500000000,1000000000,4611686018427387904,1000,4000,100000,1,0,9223372036854775808,10000000000,10000000000,0,0,0,0,0,0,0,0,9223372036854775808,10000000000,10000000000,0,0,0,0,0,0,0,0
45000,1,0,63,0,0,tick,45001,0,0,0,0,10000000000,1000000000,10000000000,500000000,1000000000,4611686018427387904,1000,4000,100000,1,0,9223372036854775808,10000000000,10000000000,0,0,0,0,0,0,0,0,9223372036854775808,10000000000,10000000000,0,0,0,0,0,0,0,0
45000,1,1,63,1,1,tick,45001,0,0,0,0,10000000000,1000000000,10000000000,500000000,1000000000,4611686018427387904,1000,4000,100000,1,0,9223372036854775808,10000000000,10000000000,0,0,0,0,0,0,0,0,9223372036854775808,10000000000,10000000000,0,0,0,0,0,0,0,0
46000,1,0,64,0,0,tick,46001,0,0,0,0,10000000000,1000000000,10000000000,500000000,1000000000,4611686018427387904,1000,4000,100000,1,0,9223372036854775808,10000000000,10000000000,0,0,0,0,0,0,0,0,9223372036854775808,10000000000,10000000000,0,0,0,0,0,0,0,0
46000,1,1,64,1,1,tick,46001,0,0,0,0,10000000000,1000000000,10000000000,500000000,1000000000,4611686018427387904,1000,4000,100000,1,0,9223372036854775808,10000000000,10000000000,0,0,0,0,0,0,0,0,9223372036854775808,10000000000,10000000000,0,0,0,0,0,0,0,0
47000,1,0,65,0,0,tick,47001,0,0,0,0,10000000000,1000000000,10000000000,500000000,1000000000,4611686018427387904,1000,4000,100000,1,0,9223372036854775808,10000000000,10000000000,0,0,0,0,0,0,0,0,9223372036854775808,10000000000,10000000000,0,0,0,0,0,0,0,0
47000,1,1,65,1,1,tick,47001,0,0,0,0,10000000000,1000000000,10000000000,500000000,1000000000,4611686018427387904,1000,4000,100000,1,0,9223372036854775808,10000000000,10000000000,0,0,0,0,0,0,0,0,9223372036854775808,10000000000,10000000000,0,0,0,0,0,0,0,0
48000,1,0,66,0,0,tick,48001,0,0,0,0,10000000000,1000000000,10000000000,500000000,1000000000,4611686018427387904,1000,4000,100000,1,0,9223372036854775808,10000000000,10000000000,0,0,0,0,0,0,0,0,9223372036854775808,10000000000,10000000000,0,0,0,0,0,0,0,0
48000,1,1,66,1,1,tick,48001,0,0,0,0,10000000000,1000000000,10000000000,500000000,1000000000,4611686018427387904,1000,4000,100000,1,0,9223372036854775808,10000000000,10000000000,0,0,0,0,0,0,0,0,9223372036854775808,10000000000,10000000000,0,0,0,0,0,0,0,0
49000,1,0,68,0,0,tick,49001,0,0,0,0,10000000000,1000000000,10000000000,500000000,1000000000,4611686018427387904,1000,4000,100000,1,0,9223372036854775808,10000000000,10000000000,0,0,0,0,0,0,0,0,9223372036854775808,10000000000,10000000000,0,0,0,0,0,0,0,0
49000,1,1,68,1,1,tick,49001,0,0,0,0,10000000000,1000000000,10000000000,500000000,1000000000,4611686018427387904,1000,4000,100000,1,0,9223372036854775808,10000000000,10000000000,0,0,0,0,0,0,0,0,9223372036854775808,10000000000,10000000000,0,0,0,0,0,0,0,0
50000,1,0,71,0,0,tick,50001,0,0,0,0,10000000000,1000000000,10000000000,500000000,1000000000,4611686018427387904,1000,4000,100000,1,0,9223372036854775808,10000000000,10000000000,0,0,0,0,0,0,0,0,9223372036854775808,10000000000,10000000000,0,0,0,0,0,0,0,0
50000,1,1,71,1,1,tick,50001,0,0,0,0,10000000000,1000000000,10000000000,500000000,1000000000,4611686018427387904,1000,4000,100000,1,0,9223372036854775808,10000000000,10000000000,0,0,0,0,0,0,0,0,9223372036854775808,10000000000,10000000000,0,0,0,0,0,0,0,0
51000,1,0,72,0,0,tick,51001,0,0,0,0,10000000000,1000000000,10000000000,500000000,1000000000,4611686018427387904,1000,4000,100000,1,0,9223372036854775808,10000000000,10000000000,0,0,0,0,0,0,0,0,9223372036854775808,10000000000,10000000000,0,0,0,0,0,0,0,0
51000,1,1,72,1,1,tick,51001,0,0,0,0,10000000000,1000000000,10000000000,500000000,1000000000,4611686018427387904,1000,4000,100000,1,0,9223372036854775808,10000000000,10000000000,0,0,0,0,0,0,0,0,9223372036854775808,10000000000,10000000000,0,0,0,0,0,0,0,0
52000,1,0,73,0,0,tick,52001,0,0,0,0,10000000000,1000000000,10000000000,500000000,1000000000,4611686018427387904,1000,4000,100000,1,0,9223372036854775808,10000000000,10000000000,0,0,0,0,0,0,0,0,9223372036854775808,10000000000,10000000000,0,0,0,0,0,0,0,0
52000,1,1,73,1,1,tick,52001,0,0,0,0,10000000000,1000000000,10000000000,500000000,1000000000,4611686018427387904,1000,4000,100000,1,0,9223372036854775808,10000000000,10000000000,0,0,0,0,0,0,0,0,9223372036854775808,10000000000,10000000000,0,0,0,0,0,0,0,0
53000,1,0,74,0,0,tick,53001,0,0,0,0,10000000000,1000000000,10000000000,500000000,1000000000,4611686018427387904,1000,4000,100000,1,0,9223372036854775808,10000000000,10000000000,0,0,0,0,0,0,0,0,9223372036854775808,10000000000,10000000000,0,0,0,0,0,0,0,0
53000,1,1,74,1,1,tick,53001,0,0,0,0,10000000000,1000000000,10000000000,500000000,1000000000,4611686018427387904,1000,4000,100000,1,0,9223372036854775808,10000000000,10000000000,0,0,0,0,0,0,0,0,9223372036854775808,10000000000,10000000000,0,0,0,0,0,0,0,0
54000,1,0,75,0,0,tick,54001,0,0,0,0,10000000000,1000000000,10000000000,500000000,1000000000,4611686018427387904,1000,4000,100000,1,0,9223372036854775808,10000000000,10000000000,0,0,0,0,0,0,0,0,9223372036854775808,10000000000,10000000000,0,0,0,0,0,0,0,0
54000,1,1,75,1,1,tick,54001,0,0,0,0,10000000000,1000000000,10000000000,500000000,1000000000,4611686018427387904,1000,4000,100000,1,0,9223372036854775808,10000000000,10000000000,0,0,0,0,0,0,0,0,9223372036854775808,10000000000,10000000000,0,0,0,0,0,0,0,0
55000,1,0,76,0,0,tick,55001,0,0,0,0,10000000000,1000000000,10000000000,500000000,1000000000,4611686018427387904,1000,4000,100000,1,0,9223372036854775808,10000000000,10000000000,0,0,0,0,0,0,0,0,9223372036854775808,10000000000,10000000000,0,0,0,0,0,0,0,0
55000,1,1,76,1,1,tick,55001,0,0,0,0,10000000000,1000000000,10000000000,500000000,1000000000,4611686018427387904,1000,4000,100000,1,0,9223372036854775808,10000000000,10000000000,0,0,0,0,0,0,0,0,9223372036854775808,10000000000,10000000000,0,0,0,0,0,0,0,0
56000,1,0,77,0,0,tick,56001,0,0,0,0,10000000000,1000000000,10000000000,500000000,1000000000,4611686018427387904,1000,4000,100000,1,0,9223372036854775808,10000000000,10000000000,0,0,0,0,0,0,0,0,9223372036854775808,10000000000,10000000000,0,0,0,0,0,0,0,0
56000,1,1,77,1,1,tick,56001,0,0,0,0,10000000000,1000000000,10000000000,500000000,1000000000,4611686018427387904,1000,4000,100000,1,0,9223372036854775808,10000000000,10000000000,0,0,0,0,0,0,0,0,9223372036854775808,10000000000,10000000000,0,0,0,0,0,0,0,0
57000,1,0,79,0,0,tick,57001,0,0,0,0,10000000000,1000000000,10000000000,500000000,1000000000,4611686018427387904,1000,4000,100000,1,0,9223372036854775808,10000000000,10000000000,0,0,0,0,0,0,0,0,9223372036854775808,10000000000,10000000000,0,0,0,0,0,0,0,0
57000,1,1,79,1,1,tick,57001,0,0,0,0,10000000000,1000000000,10000000000,500000000,1000000000,4611686018427387904,1000,4000,100000,1,0,9223372036854775808,10000000000,10000000000,0,0,0,0,0,0,0,0,9223372036854775808,10000000000,10000000000,0,0,0,0,0,0,0,0
58000,1,0,82,0,0,tick,58001,0,0,0,0,10000000000,1000000000,10000000000,500000000,1000000000,4611686018427387904,1000,4000,100000,1,0,9223372036854775808,10000000000,10000000000,0,0,0,0,0,0,0,0,9223372036854775808,10000000000,10000000000,0,0,0,0,0,0,0,0
58000,1,1,82,1,1,tick,58001,0,0,0,0,10000000000,1000000000,10000000000,500000000,1000000000,4611686018427387904,1000,4000,100000,1,0,9223372036854775808,10000000000,10000000000,0,0,0,0,0,0,0,0,9223372036854775808,10000000000,10000000000,0,0,0,0,0,0,0,0
59000,1,0,83,0,0,tick,59001,0,0,0,0,10000000000,1000000000,10000000000,500000000,1000000000,4611686018427387904,1000,4000,100000,1,0,9223372036854775808,10000000000,10000000000,0,0,0,0,0,0,0,0,9223372036854775808,10000000000,10000000000,0,0,0,0,0,0,0,0
59000,1,1,83,1,1,tick,59001,0,0,0,0,10000000000,1000000000,10000000000,500000000,1000000000,4611686018427387904,1000,4000,100000,1,0,9223372036854775808,10000000000,10000000000,0,0,0,0,0,0,0,0,9223372036854775808,10000000000,10000000000,0,0,0,0,0,0,0,0
60000,1,0,84,0,0,tick,60001,0,0,0,0,10000000000,1000000000,10000000000,500000000,1000000000,4611686018427387904,1000,4000,100000,1,0,9223372036854775808,10000000000,10000000000,0,0,0,0,0,0,0,0,9223372036854775808,10000000000,10000000000,0,0,0,0,0,0,0,0
60000,1,1,84,1,1,tick,60001,0,0,0,0,10000000000,1000000000,10000000000,500000000,1000000000,4611686018427387904,1000,4000,100000,1,0,9223372036854775808,10000000000,10000000000,0,0,0,0,0,0,0,0,9223372036854775808,10000000000,10000000000,0,0,0,0,0,0,0,0
61000,1,0,85,0,0,tick,61001,0,0,0,0,10000000000,1000000000,10000000000,500000000,1000000000,4611686018427387904,1000,4000,100000,1,0,9223372036854775808,10000000000,10000000000,0,0,0,0,0,0,0,0,9223372036854775808,10000000000,10000000000,0,0,0,0,0,0,0,0
61000,1,1,85,1,1,tick,61001,0,0,0,0,10000000000,1000000000,10000000000,500000000,1000000000,4611686018427387904,1000,4000,100000,1,0,9223372036854775808,10000000000,10000000000,0,0,0,0,0,0,0,0,9223372036854775808,10000000000,10000000000,0,0,0,0,0,0,0,0
62000,1,0,86,0,0,tick,62001,0,0,0,0,10000000000,1000000000,10000000000,500000000,1000000000,4611686018427387904,1000,4000,100000,1,0,9223372036854775808,10000000000,10000000000,0,0,0,0,0,0,0,0,9223372036854775808,10000000000,10000000000,0,0,0,0,0,0,0,0
62000,1,1,86,1,1,tick,62001,0,0,0,0,10000000000,1000000000,10000000000,500000000,1000000000,4611686018427387904,1000,4000,100000,1,0,9223372036854775808,10000000000,10000000000,0,0,0,0,0,0,0,0,9223372036854775808,10000000000,10000000000,0,0,0,0,0,0,0,0
63000,1,0,87,0,0,tick,63001,0,0,0,0,10000000000,1000000000,10000000000,500000000,1000000000,4611686018427387904,1000,4000,100000,1,0,9223372036854775808,10000000000,10000000000,0,0,0,0,0,0,0,0,9223372036854775808,10000000000,10000000000,0,0,0,0,0,0,0,0
63000,1,1,87,1,1,tick,63001,0,0,0,0,10000000000,1000000000,10000000000,500000000,1000000000,4611686018427387904,1000,4000,100000,1,0,9223372036854775808,10000000000,10000000000,0,0,0,0,0,0,0,0,9223372036854775808,10000000000,10000000000,0,0,0,0,0,0,0,0
64000,1,0,88,0,0,tick,64001,0,0,0,0,10000000000,1000000000,10000000000,500000000,1000000000,4611686018427387904,1000,4000,100000,1,0,9223372036854775808,10000000000,10000000000,0,0,0,0,0,0,0,0,9223372036854775808,10000000000,10000000000,0,0,0,0,0,0,0,0
64000,1,1,88,1,1,tick,64001,0,0,0,0,10000000000,1000000000,10000000000,500000000,1000000000,4611686018427387904,1000,4000,100000,1,0,9223372036854775808,10000000000,10000000000,0,0,0,0,0,0,0,0,9223372036854775808,10000000000,10000000000,0,0,0,0,0,0,0,0
65000,1,0,90,0,0,tick,65001,0,0,0,0,10000000000,1000000000,10000000000,500000000,1000000000,4611686018427387904,1000,4000,100000,1,0,9223372036854775808,10000000000,10000000000,0,0,0,0,0,0,0,0,9223372036854775808,10000000000,10000000000,0,0,0,0,0,0,0,0
65000,1,1,90,1,1,tick,65001,0,0,0,0,10000000000,1000000000,10000000000,500000000,1000000000,4611686018427387904,1000,4000,100000,1,0,9223372036854775808,10000000000,10000000000,0,0,0,0,0,0,0,0,9223372036854775808,10000000000,10000000000,0,0,0,0,0,0,0,0
66000,1,0,93,0,0,tick,66001,0,0,0,0,10000000000,1000000000,10000000000,500000000,1000000000,4611686018427387904,1000,4000,100000,1,0,9223372036854775808,10000000000,10000000000,0,0,0,0,0,0,0,0,9223372036854775808,10000000000,10000000000,0,0,0,0,0,0,0,0
66000,1,1,93,1,1,tick,66001,0,0,0,0,10000000000,1000000000,10000000000,500000000,1000000000,4611686018427387904,1000,4000,100000,1,0,9223372036854775808,10000000000,10000000000,0,0,0,0,0,0,0,0,9223372036854775808,10000000000,10000000000,0,0,0,0,0,0,0,0
67000,1,0,94,0,0,tick,67001,0,0,0,0,10000000000,1000000000,10000000000,500000000,1000000000,4611686018427387904,1000,4000,100000,1,0,9223372036854775808,10000000000,10000000000,0,0,0,0,0,0,0,0,9223372036854775808,10000000000,10000000000,0,0,0,0,0,0,0,0
67000,1,1,94,1,1,tick,67001,0,0,0,0,10000000000,1000000000,10000000000,500000000,1000000000,4611686018427387904,1000,4000,100000,1,0,9223372036854775808,10000000000,10000000000,0,0,0,0,0,0,0,0,9223372036854775808,10000000000,10000000000,0,0,0,0,0,0,0,0
68000,1,0,95,0,0,tick,68001,0,0,0,0,10000000000,1000000000,10000000000,500000000,1000000000,4611686018427387904,1000,4000,100000,1,0,9223372036854775808,10000000000,10000000000,0,0,0,0,0,0,0,0,9223372036854775808,10000000000,10000000000,0,0,0,0,0,0,0,0
68000,1,1,95,1,1,tick,68001,0,0,0,0,10000000000,1000000000,10000000000,500000000,1000000000,4611686018427387904,1000,4000,100000,1,0,9223372036854775808,10000000000,10000000000,0,0,0,0,0,0,0,0,9223372036854775808,10000000000,10000000000,0,0,0,0,0,0,0,0
69000,1,0,96,0,0,tick,69001,0,0,0,0,10000000000,1000000000,10000000000,500000000,1000000000,4611686018427387904,1000,4000,100000,1,0,9223372036854775808,10000000000,10000000000,0,0,0,0,0,0,0,0,9223372036854775808,10000000000,10000000000,0,0,0,0,0,0,0,0
69000,1,1,96,1,1,tick,69001,0,0,0,0,10000000000,1000000000,10000000000,500000000,1000000000,4611686018427387904,1000,4000,100000,1,0,9223372036854775808,10000000000,10000000000,0,0,0,0,0,0,0,0,9223372036854775808,10000000000,10000000000,0,0,0,0,0,0,0,0
70000,1,0,97,0,0,tick,70001,0,0,0,0,10000000000,1000000000,10000000000,500000000,1000000000,4611686018427387904,1000,4000,100000,1,0,9223372036854775808,10000000000,10000000000,0,0,0,0,0,0,0,0,9223372036854775808,10000000000,10000000000,0,0,0,0,0,0,0,0
70000,1,1,97,1,1,tick,70001,0,0,0,0,10000000000,1000000000,10000000000,500000000,1000000000,4611686018427387904,1000,4000,100000,1,0,9223372036854775808,10000000000,10000000000,0,0,0,0,0,0,0,0,9223372036854775808,10000000000,10000000000,0,0,0,0,0,0,0,0
71000,1,0,98,0,0,tick,71001,0,0,0,0,10000000000,1000000000,10000000000,500000000,1000000000,4611686018427387904,1000,4000,100000,1,0,9223372036854775808,10000000000,10000000000,0,0,0,0,0,0,0,0,9223372036854775808,10000000000,10000000000,0,0,0,0,0,0,0,0
71000,1,1,98,1,1,tick,71001,0,0,0,0,10000000000,1000000000,10000000000,500000000,1000000000,4611686018427387904,1000,4000,100000,1,0,9223372036854775808,10000000000,10000000000,0,0,0,0,0,0,0,0,9223372036854775808,10000000000,10000000000,0,0,0,0,0,0,0,0
72000,1,0,99,0,0,tick,72001,0,0,0,0,10000000000,1000000000,10000000000,500000000,1000000000,4611686018427387904,1000,4000,100000,1,0,9223372036854775808,10000000000,10000000000,0,0,0,0,0,0,0,0,9223372036854775808,10000000000,10000000000,0,0,0,0,0,0,0,0
72000,1,1,99,1,1,tick,72001,0,0,0,0,10000000000,1000000000,10000000000,500000000,1000000000,4611686018427387904,1000,4000,100000,1,0,9223372036854775808,10000000000,10000000000,0,0,0,0,0,0,0,0,9223372036854775808,10000000000,10000000000,0,0,0,0,0,0,0,0
73000,1,0,101,0,0,tick,73001,0,0,0,0,10000000000,1000000000,10000000000,500000000,1000000000,4611686018427387904,1000,4000,100000,1,0,9223372036854775808,10000000000,10000000000,0,0,0,0,0,0,0,0,9223372036854775808,10000000000,10000000000,0,0,0,0,0,0,0,0
73000,1,1,101,1,1,tick,73001,0,0,0,0,10000000000,1000000000,10000000000,500000000,1000000000,4611686018427387904,1000,4000,100000,1,0,9223372036854775808,10000000000,10000000000,0,0,0,0,0,0,0,0,9223372036854775808,10000000000,10000000000,0,0,0,0,0,0,0,0
74000,1,0,104,0,0,tick,74001,0,0,0,0,10000000000,1000000000,10000000000,500000000,1000000000,4611686018427387904,1000,4000,100000,1,0,9223372036854775808,10000000000,10000000000,0,0,0,0,0,0,0,0,9223372036854775808,10000000000,10000000000,0,0,0,0,0,0,0,0
74000,1,1,104,1,1,tick,74001,0,0,0,0,10000000000,1000000000,10000000000,500000000,1000000000,4611686018427387904,1000,4000,100000,1,0,9223372036854775808,10000000000,10000000000,0,0,0,0,0,0,0,0,9223372036854775808,10000000000,10000000000,0,0,0,0,0,0,0,0
75000,1,0,105,0,0,tick,75001,0,0,0,0,10000000000,1000000000,10000000000,500000000,1000000000,4611686018427387904,1000,4000,100000,1,0,9223372036854775808,10000000000,10000000000,0,0,0,0,0,0,0,0,9223372036854775808,10000000000,10000000000,0,0,0,0,0,0,0,0
75000,1,1,105,1,1,tick,75001,0,0,0,0,10000000000,1000000000,10000000000,500000000,1000000000,4611686018427387904,1000,4000,100000,1,0,9223372036854775808,10000000000,10000000000,0,0,0,0,0,0,0,0,9223372036854775808,10000000000,10000000000,0,0,0,0,0,0,0,0
76000,1,0,106,0,0,tick,76001,0,0,0,0,10000000000,1000000000,10000000000,500000000,1000000000,4611686018427387904,1000,4000,100000,1,0,9223372036854775808,10000000000,10000000000,0,0,0,0,0,0,0,0,9223372036854775808,10000000000,10000000000,0,0,0,0,0,0,0,0
76000,1,1,106,1,1,tick,76001,0,0,0,0,10000000000,1000000000,10000000000,500000000,1000000000,4611686018427387904,1000,4000,100000,1,0,9223372036854775808,10000000000,10000000000,0,0,0,0,0,0,0,0,9223372036854775808,10000000000,10000000000,0,0,0,0,0,0,0,0
77000,1,0,107,0,0,tick,77001,0,0,0,0,10000000000,1000000000,10000000000,500000000,1000000000,4611686018427387904,1000,4000,100000,1,0,9223372036854775808,10000000000,10000000000,0,0,0,0,0,0,0,0,9223372036854775808,10000000000,10000000000,0,0,0,0,0,0,0,0
77000,1,1,107,1,1,tick,77001,0,0,0,0,10000000000,1000000000,10000000000,500000000,1000000000,4611686018427387904,1000,4000,100000,1,0,9223372036854775808,10000000000,10000000000,0,0,0,0,0,0,0,0,9223372036854775808,10000000000,10000000000,0,0,0,0,0,0,0,0
78000,1,0,108,0,0,tick,78001,0,0,0,0,10000000000,1000000000,10000000000,500000000,1000000000,4611686018427387904,1000,4000,100000,1,0,9223372036854775808,10000000000,10000000000,0,0,0,0,0,0,0,0,9223372036854775808,10000000000,10000000000,0,0,0,0,0,0,0,0
78000,1,1,108,1,1,tick,78001,0,0,0,0,10000000000,1000000000,10000000000,500000000,1000000000,4611686018427387904,1000,4000,100000,1,0,9223372036854775808,10000000000,10000000000,0,0,0,0,0,0,0,0,9223372036854775808,10000000000,10000000000,0,0,0,0,0,0,0,0
79000,1,0,109,0,0,tick,79001,0,0,0,0,10000000000,1000000000,10000000000,500000000,1000000000,4611686018427387904,1000,4000,100000,1,0,9223372036854775808,10000000000,10000000000,0,0,0,0,0,0,0,0,9223372036854775808,10000000000,10000000000,0,0,0,0,0,0,0,0
79000,1,1,109,1,1,tick,79001,0,0,0,0,10000000000,1000000000,10000000000,500000000,1000000000,4611686018427387904,1000,4000,100000,1,0,9223372036854775808,10000000000,10000000000,0,0,0,0,0,0,0,0,9223372036854775808,10000000000,10000000000,0,0,0,0,0,0,0,0
80000,1,0,110,0,0,tick,80001,0,0,0,0,10000000000,1000000000,10000000000,500000000,1000000000,4611686018427387904,1000,4000,100000,1,0,9223372036854775808,10000000000,10000000000,0,0,0,0,0,0,0,0,9223372036854775808,10000000000,10000000000,0,0,0,0,0,0,0,0
80000,1,1,110,1,1,tick,80001,0,0,0,0,10000000000,1000000000,10000000000,500000000,1000000000,4611686018427387904,1000,4000,100000,1,0,9223372036854775808,10000000000,10000000000,0,0,0,0,0,0,0,0,9223372036854775808,10000000000,10000000000,0,0,0,0,0,0,0,0
81000,1,0,112,0,0,tick,81001,0,0,0,0,10000000000,1000000000,10000000000,500000000,1000000000,4611686018427387904,1000,4000,100000,1,0,9223372036854775808,10000000000,10000000000,0,0,0,0,0,0,0,0,9223372036854775808,10000000000,10000000000,0,0,0,0,0,0,0,0
81000,1,1,112,1,1,tick,81001,0,0,0,0,10000000000,1000000000,10000000000,500000000,1000000000,4611686018427387904,1000,4000,100000,1,0,9223372036854775808,10000000000,10000000000,0,0,0,0,0,0,0,0,9223372036854775808,10000000000,10000000000,0,0,0,0,0,0,0,0
82000,1,0,115,0,0,tick,82001,0,0,0,0,10000000000,1000000000,10000000000,500000000,1000000000,4611686018427387904,1000,4000,100000,1,0,9223372036854775808,10000000000,10000000000,0,0,0,0,0,0,0,0,9223372036854775808,10000000000,10000000000,0,0,0,0,0,0,0,0
82000,1,1,115,1,1,tick,82001,0,0,0,0,10000000000,1000000000,10000000000,500000000,1000000000,4611686018427387904,1000,4000,100000,1,0,9223372036854775808,10000000000,10000000000,0,0,0,0,0,0,0,0,9223372036854775808,10000000000,10000000000,0,0,0,0,0,0,0,0
83000,1,0,116,0,0,tick,83001,0,0,0,0,10000000000,1000000000,10000000000,500000000,1000000000,4611686018427387904,1000,4000,100000,1,0,9223372036854775808,10000000000,10000000000,0,0,0,0,0,0,0,0,9223372036854775808,10000000000,10000000000,0,0,0,0,0,0,0,0
83000,1,1,116,1,1,tick,83001,0,0,0,0,10000000000,1000000000,10000000000,500000000,1000000000,4611686018427387904,1000,4000,100000,1,0,9223372036854775808,10000000000,10000000000,0,0,0,0,0,0,0,0,9223372036854775808,10000000000,10000000000,0,0,0,0,0,0,0,0
84000,1,0,117,0,0,tick,84001,0,0,0,0,10000000000,1000000000,10000000000,500000000,1000000000,4611686018427387904,1000,4000,100000,1,0,9223372036854775808,10000000000,10000000000,0,0,0,0,0,0,0,0,9223372036854775808,10000000000,10000000000,0,0,0,0,0,0,0,0
84000,1,1,117,1,1,tick,84001,0,0,0,0,10000000000,1000000000,10000000000,500000000,1000000000,4611686018427387904,1000,4000,100000,1,0,9223372036854775808,10000000000,10000000000,0,0,0,0,0,0,0,0,9223372036854775808,10000000000,10000000000,0,0,0,0,0,0,0,0
85000,1,0,118,0,0,tick,85001,0,0,0,0,10000000000,1000000000,10000000000,500000000,1000000000,4611686018427387904,1000,4000,100000,1,0,9223372036854775808,10000000000,10000000000,0,0,0,0,0,0,0,0,9223372036854775808,10000000000,10000000000,0,0,0,0,0,0,0,0
85000,1,1,118,1,1,tick,85001,0,0,0,0,10000000000,1000000000,10000000000,500000000,1000000000,4611686018427387904,1000,4000,100000,1,0,9223372036854775808,10000000000,10000000000,0,0,0,0,0,0,0,0,9223372036854775808,10000000000,10000000000,0,0,0,0,0,0,0,0
86000,1,0,119,0,0,tick,86001,0,0,0,0,10000000000,1000000000,10000000000,500000000,1000000000,4611686018427387904,1000,4000,100000,1,0,9223372036854775808,10000000000,10000000000,0,0,0,0,0,0,0,0,9223372036854775808,10000000000,10000000000,0,0,0,0,0,0,0,0
86000,1,1,119,1,1,tick,86001,0,0,0,0,10000000000,1000000000,10000000000,500000000,1000000000,4611686018427387904,1000,4000,100000,1,0,9223372036854775808,10000000000,10000000000,0,0,0,0,0,0,0,0,9223372036854775808,10000000000,10000000000,0,0,0,0,0,0,0,0
87000,1,0,120,0,0,tick,87001,0,0,0,0,10000000000,1000000000,10000000000,500000000,1000000000,4611686018427387904,1000,4000,100000,1,0,9223372036854775808,10000000000,10000000000,0,0,0,0,0,0,0,0,9223372036854775808,10000000000,10000000000,0,0,0,0,0,0,0,0
87000,1,1,120,1,1,tick,87001,0,0,0,0,10000000000,1000000000,10000000000,500000000,1000000000,4611686018427387904,1000,4000,100000,1,0,9223372036854775808,10000000000,10000000000,0,0,0,0,0,0,0,0,9223372036854775808,10000000000,10000000000,0,0,0,0,0,0,0,0
88000,1,0,121,0,0,tick,88001,0,0,0,0,10000000000,1000000000,10000000000,500000000,1000000000,4611686018427387904,1000,4000,100000,1,0,9223372036854775808,10000000000,10000000000,0,0,0,0,0,0,0,0,9223372036854775808,10000000000,10000000000,0,0,0,0,0,0,0,0
88000,1,1,121,1,1,tick,88001,0,0,0,0,10000000000,1000000000,10000000000,500000000,1000000000,4611686018427387904,1000,4000,100000,1,0,9223372036854775808,10000000000,10000000000,0,0,0,0,0,0,0,0,9223372036854775808,10000000000,10000000000,0,0,0,0,0,0,0,0
89000,1,0,123,0,0,tick,89001,0,0,0,0,10000000000,1000000000,10000000000,500000000,1000000000,4611686018427387904,1000,4000,100000,1,0,9223372036854775808,10000000000,10000000000,0,0,0,0,0,0,0,0,9223372036854775808,10000000000,10000000000,0,0,0,0,0,0,0,0
89000,1,1,123,1,1,tick,89001,0,0,0,0,10000000000,1000000000,10000000000,500000000,1000000000,4611686018427387904,1000,4000,100000,1,0,9223372036854775808,10000000000,10000000000,0,0,0,0,0,0,0,0,9223372036854775808,10000000000,10000000000,0,0,0,0,0,0,0,0
90000,1,0,126,0,0,tick,90001,0,0,0,0,10000000000,1000000000,10000000000,500000000,1000000000,4611686018427387904,1000,4000,100000,1,0,9223372036854775808,10000000000,10000000000,0,0,0,0,0,0,0,0,9223372036854775808,10000000000,10000000000,0,0,0,0,0,0,0,0
90000,1,1,126,1,1,tick,90001,0,0,0,0,10000000000,1000000000,10000000000,500000000,1000000000,4611686018427387904,1000,4000,100000,1,0,9223372036854775808,10000000000,10000000000,0,0,0,0,0,0,0,0,9223372036854775808,10000000000,10000000000,0,0,0,0,0,0,0,0
91000,1,0,127,0,0,tick,91001,0,0,0,0,10000000000,1000000000,10000000000,500000000,1000000000,4611686018427387904,1000,4000,100000,1,0,9223372036854775808,10000000000,10000000000,0,0,0,0,0,0,0,0,9223372036854775808,10000000000,10000000000,0,0,0,0,0,0,0,0
91000,1,1,127,1,1,tick,91001,0,0,0,0,10000000000,1000000000,10000000000,500000000,1000000000,4611686018427387904,1000,4000,100000,1,0,9223372036854775808,10000000000,10000000000,0,0,0,0,0,0,0,0,9223372036854775808,10000000000,10000000000,0,0,0,0,0,0,0,0
92000,1,0,128,0,0,tick,92001,0,0,0,0,10000000000,1000000000,10000000000,500000000,1000000000,4611686018427387904,1000,4000,100000,1,0,9223372036854775808,10000000000,10000000000,0,0,0,0,0,0,0,0,9223372036854775808,10000000000,10000000000,0,0,0,0,0,0,0,0
92000,1,1,128,1,1,tick,92001,0,0,0,0,10000000000,1000000000,10000000000,500000000,1000000000,4611686018427387904,1000,4000,100000,1,0,9223372036854775808,10000000000,10000000000,0,0,0,0,0,0,0,0,9223372036854775808,10000000000,10000000000,0,0,0,0,0,0,0,0
93000,1,0,129,0,0,tick,93001,0,0,0,0,10000000000,1000000000,10000000000,500000000,1000000000,4611686018427387904,1000,4000,100000,1,0,9223372036854775808,10000000000,10000000000,0,0,0,0,0,0,0,0,9223372036854775808,10000000000,10000000000,0,0,0,0,0,0,0,0
93000,1,1,129,1,1,tick,93001,0,0,0,0,10000000000,1000000000,10000000000,500000000,1000000000,4611686018427387904,1000,4000,100000,1,0,9223372036854775808,10000000000,10000000000,0,0,0,0,0,0,0,0,9223372036854775808,10000000000,10000000000,0,0,0,0,0,0,0,0
94000,1,0,130,0,0,tick,94001,0,0,0,0,10000000000,1000000000,10000000000,500000000,1000000000,4611686018427387904,1000,4000,100000,1,0,9223372036854775808,10000000000,10000000000,0,0,0,0,0,0,0,0,9223372036854775808,10000000000,10000000000,0,0,0,0,0,0,0,0
94000,1,1,130,1,1,tick,94001,0,0,0,0,10000000000,1000000000,10000000000,500000000,1000000000,4611686018427387904,1000,4000,100000,1,0,9223372036854775808,10000000000,10000000000,0,0,0,0,0,0,0,0,9223372036854775808,10000000000,10000000000,0,0,0,0,0,0,0,0
95000,1,0,131,0,0,tick,95001,0,0,0,0,10000000000,1000000000,10000000000,500000000,1000000000,4611686018427387904,1000,4000,100000,1,0,9223372036854775808,10000000000,10000000000,0,0,0,0,0,0,0,0,9223372036854775808,10000000000,10000000000,0,0,0,0,0,0,0,0
95000,1,1,131,1,1,tick,95001,0,0,0,0,10000000000,1000000000,10000000000,500000000,1000000000,4611686018427387904,1000,4000,100000,1,0,9223372036854775808,10000000000,10000000000,0,0,0,0,0,0,0,0,9223372036854775808,10000000000,10000000000,0,0,0,0,0,0,0,0
96000,1,0,132,0,0,tick,96001,0,0,0,0,10000000000,1000000000,10000000000,500000000,1000000000,4611686018427387904,1000,4000,100000,1,0,9223372036854775808,10000000000,10000000000,0,0,0,0,0,0,0,0,9223372036854775808,10000000000,10000000000,0,0,0,0,0,0,0,0
96000,1,1,132,1,1,tick,96001,0,0,0,0,10000000000,1000000000,10000000000,500000000,1000000000,4611686018427387904,1000,4000,100000,1,0,9223372036854775808,10000000000,10000000000,0,0,0,0,0,0,0,0,9223372036854775808,10000000000,10000000000,0,0,0,0,0,0,0,0
97000,1,0,134,0,0,tick,97001,0,0,0,0,10000000000,1000000000,10000000000,500000000,1000000000,4611686018427387904,1000,4000,100000,1,0,9223372036854775808,10000000000,10000000000,0,0,0,0,0,0,0,0,9223372036854775808,10000000000,10000000000,0,0,0,0,0,0,0,0
97000,1,1,134,1,1,tick,97001,0,0,0,0,10000000000,1000000000,10000000000,500000000,1000000000,4611686018427387904,1000,4000,100000,1,0,9223372036854775808,10000000000,10000000000,0,0,0,0,0,0,0,0,9223372036854775808,10000000000,10000000000,0,0,0,0,0,0,0,0
98000,1,0,137,0,0,tick,98001,0,0,0,0,10000000000,1000000000,10000000000,500000000,1000000000,4611686018427387904,1000,4000,100000,1,0,9223372036854775808,10000000000,10000000000,0,0,0,0,0,0,0,0,9223372036854775808,10000000000,10000000000,0,0,0,0,0,0,0,0
98000,1,1,137,1,1,tick,98001,0,0,0,0,10000000000,1000000000,10000000000,500000000,1000000000,4611686018427387904,1000,4000,100000,1,0,9223372036854775808,10000000000,10000000000,0,0,0,0,0,0,0,0,9223372036854775808,10000000000,10000000000,0,0,0,0,0,0,0,0
99000,1,0,138,0,0,tick,99001,0,0,0,0,10000000000,1000000000,10000000000,500000000,1000000000,4611686018427387904,1000,4000,100000,1,0,9223372036854775808,10000000000,10000000000,0,0,0,0,0,0,0,0,9223372036854775808,10000000000,10000000000,0,0,0,0,0,0,0,0
99000,1,1,138,1,1,tick,99001,0,0,0,0,10000000000,1000000000,10000000000,500000000,1000000000,4611686018427387904,1000,4000,100000,1,0,9223372036854775808,10000000000,10000000000,0,0,0,0,0,0,0,0,9223372036854775808,10000000000,10000000000,0,0,0,0,0,0,0,0
100000,1,0,139,0,0,tick,100001,0,0,0,0,10000000000,1000000000,10000000000,500000000,1000000000,4611686018427387904,1000,4000,100000,1,0,9223372036854775808,10000000000,10000000000,0,0,0,0,0,0,0,0,9223372036854775808,10000000000,10000000000,0,0,0,0,0,0,0,0
100000,1,1,139,1,1,tick,100001,0,0,0,0,10000000000,1000000000,10000000000,500000000,1000000000,4611686018427387904,1000,4000,100000,1,0,9223372036854775808,10000000000,10000000000,0,0,0,0,0,0,0,0,9223372036854775808,10000000000,10000000000,0,0,0,0,0,0,0,0
101000,1,0,140,0,0,tick,101001,0,0,0,0,10000000000,1000000000,10000000000,500000000,1000000000,4611686018427387904,1000,4000,100000,1,0,9223372036854775808,10000000000,10000000000,0,0,0,0,0,0,0,0,9223372036854775808,10000000000,10000000000,0,0,0,0,0,0,0,0
101000,1,1,140,1,1,tick,101001,0,0,0,0,10000000000,1000000000,10000000000,500000000,1000000000,4611686018427387904,1000,4000,100000,1,0,9223372036854775808,10000000000,10000000000,0,0,0,0,0,0,0,0,9223372036854775808,10000000000,10000000000,0,0,0,0,0,0,0,0
102000,1,0,141,0,0,tick,102001,0,0,0,0,10000000000,1000000000,10000000000,500000000,1000000000,4611686018427387904,1000,4000,100000,1,0,9223372036854775808,10000000000,10000000000,0,0,0,0,0,0,0,0,9223372036854775808,10000000000,10000000000,0,0,0,0,0,0,0,0
102000,1,1,141,1,1,tick,102001,0,0,0,0,10000000000,1000000000,10000000000,500000000,1000000000,4611686018427387904,1000,4000,100000,1,0,9223372036854775808,10000000000,10000000000,0,0,0,0,0,0,0,0,9223372036854775808,10000000000,10000000000,0,0,0,0,0,0,0,0
103000,1,0,142,0,0,tick,103001,0,0,0,0,10000000000,1000000000,10000000000,500000000,1000000000,4611686018427387904,1000,4000,100000,1,0,9223372036854775808,10000000000,10000000000,0,0,0,0,0,0,0,0,9223372036854775808,10000000000,10000000000,0,0,0,0,0,0,0,0
103000,1,1,142,1,1,tick,103001,0,0,0,0,10000000000,1000000000,10000000000,500000000,1000000000,4611686018427387904,1000,4000,100000,1,0,9223372036854775808,10000000000,10000000000,0,0,0,0,0,0,0,0,9223372036854775808,10000000000,10000000000,0,0,0,0,0,0,0,0
104000,1,0,143,0,0,tick,104001,0,0,0,0,10000000000,1000000000,10000000000,500000000,1000000000,4611686018427387904,1000,4000,100000,1,0,9223372036854775808,10000000000,10000000000,0,0,0,0,0,0,0,0,9223372036854775808,10000000000,10000000000,0,0,0,0,0,0,0,0
104000,1,1,143,1,1,tick,104001,0,0,0,0,10000000000,1000000000,10000000000,500000000,1000000000,4611686018427387904,1000,4000,100000,1,0,9223372036854775808,10000000000,10000000000,0,0,0,0,0,0,0,0,9223372036854775808,10000000000,10000000000,0,0,0,0,0,0,0,0
105000,1,0,145,0,0,tick,105001,0,0,0,0,10000000000,1000000000,10000000000,500000000,1000000000,4611686018427387904,1000,4000,100000,1,0,9223372036854775808,10000000000,10000000000,0,0,0,0,0,0,0,0,9223372036854775808,10000000000,10000000000,0,0,0,0,0,0,0,0
105000,1,1,145,1,1,tick,105001,0,0,0,0,10000000000,1000000000,10000000000,500000000,1000000000,4611686018427387904,1000,4000,100000,1,0,9223372036854775808,10000000000,10000000000,0,0,0,0,0,0,0,0,9223372036854775808,10000000000,10000000000,0,0,0,0,0,0,0,0
106000,1,0,148,0,0,tick,106001,0,0,0,0,10000000000,1000000000,10000000000,500000000,1000000000,4611686018427387904,1000,4000,100000,1,0,9223372036854775808,10000000000,10000000000,0,0,0,0,0,0,0,0,9223372036854775808,10000000000,10000000000,0,0,0,0,0,0,0,0
106000,1,1,148,1,1,tick,106001,0,0,0,0,10000000000,1000000000,10000000000,500000000,1000000000,4611686018427387904,1000,4000,100000,1,0,9223372036854775808,10000000000,10000000000,0,0,0,0,0,0,0,0,9223372036854775808,10000000000,10000000000,0,0,0,0,0,0,0,0
107000,1,0,149,0,0,tick,107001,0,0,0,0,10000000000,1000000000,10000000000,500000000,1000000000,4611686018427387904,1000,4000,100000,1,0,9223372036854775808,10000000000,10000000000,0,0,0,0,0,0,0,0,9223372036854775808,10000000000,10000000000,0,0,0,0,0,0,0,0
107000,1,1,149,1,1,tick,107001,0,0,0,0,10000000000,1000000000,10000000000,500000000,1000000000,4611686018427387904,1000,4000,100000,1,0,9223372036854775808,10000000000,10000000000,0,0,0,0,0,0,0,0,9223372036854775808,10000000000,10000000000,0,0,0,0,0,0,0,0
108000,1,0,150,0,0,tick,108001,0,0,0,0,10000000000,1000000000,10000000000,500000000,1000000000,4611686018427387904,1000,4000,100000,1,0,9223372036854775808,10000000000,10000000000,0,0,0,0,0,0,0,0,9223372036854775808,10000000000,10000000000,0,0,0,0,0,0,0,0
108000,1,1,150,1,1,tick,108001,0,0,0,0,10000000000,1000000000,10000000000,500000000,1000000000,4611686018427387904,1000,4000,100000,1,0,9223372036854775808,10000000000,10000000000,0,0,0,0,0,0,0,0,9223372036854775808,10000000000,10000000000,0,0,0,0,0,0,0,0
109000,1,0,151,0,0,tick,109001,0,0,0,0,10000000000,1000000000,10000000000,500000000,1000000000,4611686018427387904,1000,4000,100000,1,0,9223372036854775808,10000000000,10000000000,0,0,0,0,0,0,0,0,9223372036854775808,10000000000,10000000000,0,0,0,0,0,0,0,0
109000,1,1,151,1,1,tick,109001,0,0,0,0,10000000000,1000000000,10000000000,500000000,1000000000,4611686018427387904,1000,4000,100000,1,0,9223372036854775808,10000000000,10000000000,0,0,0,0,0,0,0,0,9223372036854775808,10000000000,10000000000,0,0,0,0,0,0,0,0
110000,1,0,152,0,0,tick,110001,0,0,0,0,10000000000,1000000000,10000000000,500000000,1000000000,4611686018427387904,1000,4000,100000,1,0,9223372036854775808,10000000000,10000000000,0,0,0,0,0,0,0,0,9223372036854775808,10000000000,10000000000,0,0,0,0,0,0,0,0
110000,1,1,152,1,1,tick,110001,0,0,0,0,10000000000,1000000000,10000000000,500000000,1000000000,4611686018427387904,1000,4000,100000,1,0,9223372036854775808,10000000000,10000000000,0,0,0,0,0,0,0,0,9223372036854775808,10000000000,10000000000,0,0,0,0,0,0,0,0
111000,1,0,153,0,0,tick,111001,0,0,0,0,10000000000,1000000000,10000000000,500000000,1000000000,4611686018427387904,1000,4000,100000,1,0,9223372036854775808,10000000000,10000000000,0,0,0,0,0,0,0,0,9223372036854775808,10000000000,10000000000,0,0,0,0,0,0,0,0
111000,1,1,153,1,1,tick,111001,0,0,0,0,10000000000,1000000000,10000000000,500000000,1000000000,4611686018427387904,1000,4000,100000,1,0,9223372036854775808,10000000000,10000000000,0,0,0,0,0,0,0,0,9223372036854775808,10000000000,10000000000,0,0,0,0,0,0,0,0
112000,1,0,154,0,0,tick,112001,0,0,0,0,10000000000,1000000000,10000000000,500000000,1000000000,4611686018427387904,1000,4000,100000,1,0,9223372036854775808,10000000000,10000000000,0,0,0,0,0,0,0,0,9223372036854775808,10000000000,10000000000,0,0,0,0,0,0,0,0
112000,1,1,154,1,1,tick,112001,0,0,0,0,10000000000,1000000000,10000000000,500000000,1000000000,4611686018427387904,1000,4000,100000,1,0,9223372036854775808,10000000000,10000000000,0,0,0,0,0,0,0,0,9223372036854775808,10000000000,10000000000,0,0,0,0,0,0,0,0
113000,1,0,156,0,0,tick,113001,0,0,0,0,10000000000,1000000000,10000000000,500000000,1000000000,4611686018427387904,1000,4000,100000,1,0,9223372036854775808,10000000000,10000000000,0,0,0,0,0,0,0,0,9223372036854775808,10000000000,10000000000,0,0,0,0,0,0,0,0
113000,1,1,156,1,1,tick,113001,0,0,0,0,10000000000,1000000000,10000000000,500000000,1000000000,4611686018427387904,1000,4000,100000,1,0,9223372036854775808,10000000000,10000000000,0,0,0,0,0,0,0,0,9223372036854775808,10000000000,10000000000,0,0,0,0,0,0,0,0
114000,1,0,159,0,0,tick,114001,0,0,0,0,10000000000,1000000000,10000000000,500000000,1000000000,4611686018427387904,1000,4000,100000,1,0,9223372036854775808,10000000000,10000000000,0,0,0,0,0,0,0,0,9223372036854775808,10000000000,10000000000,0,0,0,0,0,0,0,0
114000,1,1,159,1,1,tick,114001,0,0,0,0,10000000000,1000000000,10000000000,500000000,1000000000,4611686018427387904,1000,4000,100000,1,0,9223372036854775808,10000000000,10000000000,0,0,0,0,0,0,0,0,9223372036854775808,10000000000,10000000000,0,0,0,0,0,0,0,0
115000,1,0,160,0,0,tick,115001,0,0,0,0,10000000000,1000000000,10000000000,500000000,1000000000,4611686018427387904,1000,4000,100000,1,0,9223372036854775808,10000000000,10000000000,0,0,0,0,0,0,0,0,9223372036854775808,10000000000,10000000000,0,0,0,0,0,0,0,0
115000,1,1,160,1,1,tick,115001,0,0,0,0,10000000000,1000000000,10000000000,500000000,1000000000,4611686018427387904,1000,4000,100000,1,0,9223372036854775808,10000000000,10000000000,0,0,0,0,0,0,0,0,9223372036854775808,10000000000,10000000000,0,0,0,0,0,0,0,0
116000,1,0,161,0,0,tick,116001,0,0,0,0,10000000000,1000000000,10000000000,500000000,1000000000,4611686018427387904,1000,4000,100000,1,0,9223372036854775808,10000000000,10000000000,0,0,0,0,0,0,0,0,9223372036854775808,10000000000,10000000000,0,0,0,0,0,0,0,0
116000,1,1,161,1,1,tick,116001,0,0,0,0,10000000000,1000000000,10000000000,500000000,1000000000,4611686018427387904,1000,4000,100000,1,0,9223372036854775808,10000000000,10000000000,0,0,0,0,0,0,0,0,9223372036854775808,10000000000,10000000000,0,0,0,0,0,0,0,0
117000,1,0,162,0,0,tick,117001,0,0,0,0,10000000000,1000000000,10000000000,500000000,1000000000,4611686018427387904,1000,4000,100000,1,0,9223372036854775808,10000000000,10000000000,0,0,0,0,0,0,0,0,9223372036854775808,10000000000,10000000000,0,0,0,0,0,0,0,0
117000,1,1,162,1,1,tick,117001,0,0,0,0,10000000000,1000000000,10000000000,500000000,1000000000,4611686018427387904,1000,4000,100000,1,0,9223372036854775808,10000000000,10000000000,0,0,0,0,0,0,0,0,9223372036854775808,10000000000,10000000000,0,0,0,0,0,0,0,0
118000,1,0,163,0,0,tick,118001,0,0,0,0,10000000000,1000000000,10000000000,500000000,1000000000,4611686018427387904,1000,4000,100000,1,0,9223372036854775808,10000000000,10000000000,0,0,0,0,0,0,0,0,9223372036854775808,10000000000,10000000000,0,0,0,0,0,0,0,0
118000,1,1,163,1,1,tick,118001,0,0,0,0,10000000000,1000000000,10000000000,500000000,1000000000,4611686018427387904,1000,4000,100000,1,0,9223372036854775808,10000000000,10000000000,0,0,0,0,0,0,0,0,9223372036854775808,10000000000,10000000000,0,0,0,0,0,0,0,0
119000,1,0,164,0,0,tick,119001,0,0,0,0,10000000000,1000000000,10000000000,500000000,1000000000,4611686018427387904,1000,4000,100000,1,0,9223372036854775808,10000000000,10000000000,0,0,0,0,0,0,0,0,9223372036854775808,10000000000,10000000000,0,0,0,0,0,0,0,0
119000,1,1,164,1,1,tick,119001,0,0,0,0,10000000000,1000000000,10000000000,500000000,1000000000,4611686018427387904,1000,4000,100000,1,0,9223372036854775808,10000000000,10000000000,0,0,0,0,0,0,0,0,9223372036854775808,10000000000,10000000000,0,0,0,0,0,0,0,0
120000,1,0,165,0,0,tick,120001,0,0,0,0,10000000000,1000000000,10000000000,500000000,1000000000,4611686018427387904,1000,4000,100000,1,0,9223372036854775808,10000000000,10000000000,0,0,0,0,0,0,0,0,9223372036854775808,10000000000,10000000000,0,0,0,0,0,0,0,0
120000,1,1,165,1,1,tick,120001,0,0,0,0,10000000000,1000000000,10000000000,500000000,1000000000,4611686018427387904,1000,4000,100000,1,0,9223372036854775808,10000000000,10000000000,0,0,0,0,0,0,0,0,9223372036854775808,10000000000,10000000000,0,0,0,0,0,0,0,0
121000,1,0,167,0,0,tick,121001,0,0,0,0,10000000000,1000000000,10000000000,500000000,1000000000,4611686018427387904,1000,4000,100000,1,0,9223372036854775808,10000000000,10000000000,0,0,0,0,0,0,0,0,9223372036854775808,10000000000,10000000000,0,0,0,0,0,0,0,0
121000,1,1,167,1,1,tick,121001,0,0,0,0,10000000000,1000000000,10000000000,500000000,1000000000,4611686018427387904,1000,4000,100000,1,0,9223372036854775808,10000000000,10000000000,0,0,0,0,0,0,0,0,9223372036854775808,10000000000,10000000000,0,0,0,0,0,0,0,0
122000,1,0,170,0,0,tick,122001,0,0,0,0,10000000000,1000000000,10000000000,500000000,1000000000,4611686018427387904,1000,4000,100000,1,0,9223372036854775808,10000000000,10000000000,0,0,0,0,0,0,0,0,9223372036854775808,10000000000,10000000000,0,0,0,0,0,0,0,0
122000,1,1,170,1,1,tick,122001,0,0,0,0,10000000000,1000000000,10000000000,500000000,1000000000,4611686018427387904,1000,4000,100000,1,0,9223372036854775808,10000000000,10000000000,0,0,0,0,0,0,0,0,9223372036854775808,10000000000,10000000000,0,0,0,0,0,0,0,0
123000,1,0,171,0,0,tick,123001,0,0,0,0,10000000000,1000000000,10000000000,500000000,1000000000,4611686018427387904,1000,4000,100000,1,0,9223372036854775808,10000000000,10000000000,0,0,0,0,0,0,0,0,9223372036854775808,10000000000,10000000000,0,0,0,0,0,0,0,0
123000,1,1,171,1,1,tick,123001,0,0,0,0,10000000000,1000000000,10000000000,500000000,1000000000,4611686018427387904,1000,4000,100000,1,0,9223372036854775808,10000000000,10000000000,0,0,0,0,0,0,0,0,9223372036854775808,10000000000,10000000000,0,0,0,0,0,0,0,0
124000,1,0,172,0,0,tick,124001,0,0,0,0,10000000000,1000000000,10000000000,500000000,1000000000,4611686018427387904,1000,4000,100000,1,0,9223372036854775808,10000000000,10000000000,0,0,0,0,0,0,0,0,9223372036854775808,10000000000,10000000000,0,0,0,0,0,0,0,0
124000,1,1,172,1,1,tick,124001,0,0,0,0,10000000000,1000000000,10000000000,500000000,1000000000,4611686018427387904,1000,4000,100000,1,0,9223372036854775808,10000000000,10000000000,0,0,0,0,0,0,0,0,9223372036854775808,10000000000,10000000000,0,0,0,0,0,0,0,0
125000,1,0,173,0,0,tick,125001,0,0,0,0,10000000000,1000000000,10000000000,500000000,1000000000,4611686018427387904,1000,4000,100000,1,0,9223372036854775808,10000000000,10000000000,0,0,0,0,0,0,0,0,9223372036854775808,10000000000,10000000000,0,0,0,0,0,0,0,0
125000,1,1,173,1,1,tick,125001,0,0,0,0,10000000000,1000000000,10000000000,500000000,1000000000,4611686018427387904,1000,4000,100000,1,0,9223372036854775808,10000000000,10000000000,0,0,0,0,0,0,0,0,9223372036854775808,10000000000,10000000000,0,0,0,0,0,0,0,0
126000,1,0,174,0,0,tick,126001,0,0,0,0,10000000000,1000000000,10000000000,500000000,1000000000,4611686018427387904,1000,4000,100000,1,0,9223372036854775808,10000000000,10000000000,0,0,0,0,0,0,0,0,9223372036854775808,10000000000,10000000000,0,0,0,0,0,0,0,0
126000,1,1,174,1,1,tick,126001,0,0,0,0,10000000000,1000000000,10000000000,500000000,1000000000,4611686018427387904,1000,4000,100000,1,0,9223372036854775808,10000000000,10000000000,0,0,0,0,0,0,0,0,9223372036854775808,10000000000,10000000000,0,0,0,0,0,0,0,0
127000,1,0,175,0,0,tick,127001,0,0,0,0,10000000000,1000000000,10000000000,500000000,1000000000,4611686018427387904,1000,4000,100000,1,0,9223372036854775808,10000000000,10000000000,0,0,0,0,0,0,0,0,9223372036854775808,10000000000,10000000000,0,0,0,0,0,0,0,0
127000,1,1,175,1,1,tick,127001,0,0,0,0,10000000000,1000000000,10000000000,500000000,1000000000,4611686018427387904,1000,4000,100000,1,0,9223372036854775808,10000000000,10000000000,0,0,0,0,0,0,0,0,9223372036854775808,10000000000,10000000000,0,0,0,0,0,0,0,0
128000,1,0,176,0,0,tick,128001,0,0,0,0,10000000000,1000000000,10000000000,500000000,1000000000,4611686018427387904,1000,4000,100000,1,0,9223372036854775808,10000000000,10000000000,0,0,0,0,0,0,0,0,9223372036854775808,10000000000,10000000000,0,0,0,0,0,0,0,0
128000,1,1,176,1,1,tick,128001,0,0,0,0,10000000000,1000000000,10000000000,500000000,1000000000,4611686018427387904,1000,4000,100000,1,0,9223372036854775808,10000000000,10000000000,0,0,0,0,0,0,0,0,9223372036854775808,10000000000,10000000000,0,0,0,0,0,0,0,0
129000,1,0,178,0,0,tick,129001,0,0,0,0,10000000000,1000000000,10000000000,500000000,1000000000,4611686018427387904,1000,4000,100000,1,0,9223372036854775808,10000000000,10000000000,0,0,0,0,0,0,0,0,9223372036854775808,10000000000,10000000000,0,0,0,0,0,0,0,0
129000,1,1,178,1,1,tick,129001,0,0,0,0,10000000000,1000000000,10000000000,500000000,1000000000,4611686018427387904,1000,4000,100000,1,0,9223372036854775808,10000000000,10000000000,0,0,0,0,0,0,0,0,9223372036854775808,10000000000,10000000000,0,0,0,0,0,0,0,0
130000,1,0,181,0,0,tick,130001,0,0,0,0,10000000000,1000000000,10000000000,500000000,1000000000,4611686018427387904,1000,4000,100000,1,0,9223372036854775808,10000000000,10000000000,0,0,0,0,0,0,0,0,9223372036854775808,10000000000,10000000000,0,0,0,0,0,0,0,0
130000,1,1,181,1,1,tick,130001,0,0,0,0,10000000000,1000000000,10000000000,500000000,1000000000,4611686018427387904,1000,4000,100000,1,0,9223372036854775808,10000000000,10000000000,0,0,0,0,0,0,0,0,9223372036854775808,10000000000,10000000000,0,0,0,0,0,0,0,0
131000,1,0,182,0,0,tick,131001,0,0,0,0,10000000000,1000000000,10000000000,500000000,1000000000,4611686018427387904,1000,4000,100000,1,0,9223372036854775808,10000000000,10000000000,0,0,0,0,0,0,0,0,9223372036854775808,10000000000,10000000000,0,0,0,0,0,0,0,0
131000,1,1,182,1,1,tick,131001,0,0,0,0,10000000000,1000000000,10000000000,500000000,1000000000,4611686018427387904,1000,4000,100000,1,0,9223372036854775808,10000000000,10000000000,0,0,0,0,0,0,0,0,9223372036854775808,10000000000,10000000000,0,0,0,0,0,0,0,0
132000,1,0,183,0,0,tick,132001,0,0,0,0,10000000000,1000000000,10000000000,500000000,1000000000,4611686018427387904,1000,4000,100000,1,0,9223372036854775808,10000000000,10000000000,0,0,0,0,0,0,0,0,9223372036854775808,10000000000,10000000000,0,0,0,0,0,0,0,0
132000,1,1,183,1,1,tick,132001,0,0,0,0,10000000000,1000000000,10000000000,500000000,1000000000,4611686018427387904,1000,4000,100000,1,0,9223372036854775808,10000000000,10000000000,0,0,0,0,0,0,0,0,9223372036854775808,10000000000,10000000000,0,0,0,0,0,0,0,0
133000,1,0,184,0,0,tick,133001,0,0,0,0,10000000000,1000000000,10000000000,500000000,1000000000,4611686018427387904,1000,4000,100000,1,0,9223372036854775808,10000000000,10000000000,0,0,0,0,0,0,0,0,9223372036854775808,10000000000,10000000000,0,0,0,0,0,0,0,0
133000,1,1,184,1,1,tick,133001,0,0,0,0,10000000000,1000000000,10000000000,500000000,1000000000,4611686018427387904,1000,4000,100000,1,0,9223372036854775808,10000000000,10000000000,0,0,0,0,0,0,0,0,9223372036854775808,10000000000,10000000000,0,0,0,0,0,0,0,0
134000,1,0,185,0,0,tick,134001,0,0,0,0,10000000000,1000000000,10000000000,500000000,1000000000,4611686018427387904,1000,4000,100000,1,0,9223372036854775808,10000000000,10000000000,0,0,0,0,0,0,0,0,9223372036854775808,10000000000,10000000000,0,0,0,0,0,0,0,0
134000,1,1,185,1,1,tick,134001,0,0,0,0,10000000000,1000000000,10000000000,500000000,1000000000,4611686018427387904,1000,4000,100000,1,0,9223372036854775808,10000000000,10000000000,0,0,0,0,0,0,0,0,9223372036854775808,10000000000,10000000000,0,0,0,0,0,0,0,0
135000,1,0,186,0,0,tick,135001,0,0,0,0,10000000000,1000000000,10000000000,500000000,1000000000,4611686018427387904,1000,4000,100000,1,0,9223372036854775808,10000000000,10000000000,0,0,0,0,0,0,0,0,9223372036854775808,10000000000,10000000000,0,0,0,0,0,0,0,0
135000,1,1,186,1,1,tick,135001,0,0,0,0,10000000000,1000000000,10000000000,500000000,1000000000,4611686018427387904,1000,4000,100000,1,0,9223372036854775808,10000000000,10000000000,0,0,0,0,0,0,0,0,9223372036854775808,10000000000,10000000000,0,0,0,0,0,0,0,0
136000,1,0,187,0,0,tick,136001,0,0,0,0,10000000000,1000000000,10000000000,500000000,1000000000,4611686018427387904,1000,4000,100000,1,0,9223372036854775808,10000000000,10000000000,0,0,0,0,0,0,0,0,9223372036854775808,10000000000,10000000000,0,0,0,0,0,0,0,0
136000,1,1,187,1,1,tick,136001,0,0,0,0,10000000000,1000000000,10000000000,500000000,1000000000,4611686018427387904,1000,4000,100000,1,0,9223372036854775808,10000000000,10000000000,0,0,0,0,0,0,0,0,9223372036854775808,10000000000,10000000000,0,0,0,0,0,0,0,0
137000,1,0,189,0,0,tick,137001,0,0,0,0,10000000000,1000000000,10000000000,500000000,1000000000,4611686018427387904,1000,4000,100000,1,0,9223372036854775808,10000000000,10000000000,0,0,0,0,0,0,0,0,9223372036854775808,10000000000,10000000000,0,0,0,0,0,0,0,0
137000,1,1,189,1,1,tick,137001,0,0,0,0,10000000000,1000000000,10000000000,500000000,1000000000,4611686018427387904,1000,4000,100000,1,0,9223372036854775808,10000000000,10000000000,0,0,0,0,0,0,0,0,9223372036854775808,10000000000,10000000000,0,0,0,0,0,0,0,0
138000,1,0,192,0,0,tick,138001,0,0,0,0,10000000000,1000000000,10000000000,500000000,1000000000,4611686018427387904,1000,4000,100000,1,0,9223372036854775808,10000000000,10000000000,0,0,0,0,0,0,0,0,9223372036854775808,10000000000,10000000000,0,0,0,0,0,0,0,0
138000,1,1,192,1,1,tick,138001,0,0,0,0,10000000000,1000000000,10000000000,500000000,1000000000,4611686018427387904,1000,4000,100000,1,0,9223372036854775808,10000000000,10000000000,0,0,0,0,0,0,0,0,9223372036854775808,10000000000,10000000000,0,0,0,0,0,0,0,0
139000,1,0,193,0,0,tick,139001,0,0,0,0,10000000000,1000000000,10000000000,500000000,1000000000,4611686018427387904,1000,4000,100000,1,0,9223372036854775808,10000000000,10000000000,0,0,0,0,0,0,0,0,9223372036854775808,10000000000,10000000000,0,0,0,0,0,0,0,0
139000,1,1,193,1,1,tick,139001,0,0,0,0,10000000000,1000000000,10000000000,500000000,1000000000,4611686018427387904,1000,4000,100000,1,0,9223372036854775808,10000000000,10000000000,0,0,0,0,0,0,0,0,9223372036854775808,10000000000,10000000000,0,0,0,0,0,0,0,0
140000,1,0,194,0,0,tick,140001,0,0,0,0,10000000000,1000000000,10000000000,500000000,1000000000,4611686018427387904,1000,4000,100000,1,0,9223372036854775808,10000000000,10000000000,0,0,0,0,0,0,0,0,9223372036854775808,10000000000,10000000000,0,0,0,0,0,0,0,0
140000,1,1,194,1,1,tick,140001,0,0,0,0,10000000000,1000000000,10000000000,500000000,1000000000,4611686018427387904,1000,4000,100000,1,0,9223372036854775808,10000000000,10000000000,0,0,0,0,0,0,0,0,9223372036854775808,10000000000,10000000000,0,0,0,0,0,0,0,0
141000,1,0,195,0,0,tick,141001,0,0,0,0,10000000000,1000000000,10000000000,500000000,1000000000,4611686018427387904,1000,4000,100000,1,0,9223372036854775808,10000000000,10000000000,0,0,0,0,0,0,0,0,9223372036854775808,10000000000,10000000000,0,0,0,0,0,0,0,0
141000,1,1,195,1,1,tick,141001,0,0,0,0,10000000000,1000000000,10000000000,500000000,1000000000,4611686018427387904,1000,4000,100000,1,0,9223372036854775808,10000000000,10000000000,0,0,0,0,0,0,0,0,9223372036854775808,10000000000,10000000000,0,0,0,0,0,0,0,0
142000,1,0,196,0,0,tick,142001,0,0,0,0,10000000000,1000000000,10000000000,500000000,1000000000,4611686018427387904,1000,4000,100000,1,0,9223372036854775808,10000000000,10000000000,0,0,0,0,0,0,0,0,9223372036854775808,10000000000,10000000000,0,0,0,0,0,0,0,0
142000,1,1,196,1,1,tick,142001,0,0,0,0,10000000000,1000000000,10000000000,500000000,1000000000,4611686018427387904,1000,4000,100000,1,0,9223372036854775808,10000000000,10000000000,0,0,0,0,0,0,0,0,9223372036854775808,10000000000,10000000000,0,0,0,0,0,0,0,0
143000,1,0,197,0,0,tick,143001,0,0,0,0,10000000000,1000000000,10000000000,500000000,1000000000,4611686018427387904,1000,4000,100000,1,0,9223372036854775808,10000000000,10000000000,0,0,0,0,0,0,0,0,9223372036854775808,10000000000,10000000000,0,0,0,0,0,0,0,0
143000,1,1,197,1,1,tick,143001,0,0,0,0,10000000000,1000000000,10000000000,500000000,1000000000,4611686018427387904,1000,4000,100000,1,0,9223372036854775808,10000000000,10000000000,0,0,0,0,0,0,0,0,9223372036854775808,10000000000,10000000000,0,0,0,0,0,0,0,0
144000,1,0,198,0,0,tick,144001,0,0,0,0,10000000000,1000000000,10000000000,500000000,1000000000,4611686018427387904,1000,4000,100000,1,0,9223372036854775808,10000000000,10000000000,0,0,0,0,0,0,0,0,9223372036854775808,10000000000,10000000000,0,0,0,0,0,0,0,0
144000,1,1,198,1,1,tick,144001,0,0,0,0,10000000000,1000000000,10000000000,500000000,1000000000,4611686018427387904,1000,4000,100000,1,0,9223372036854775808,10000000000,10000000000,0,0,0,0,0,0,0,0,9223372036854775808,10000000000,10000000000,0,0,0,0,0,0,0,0
145000,1,0,200,0,0,tick,145001,0,0,0,0,10000000000,1000000000,10000000000,500000000,1000000000,4611686018427387904,1000,4000,100000,1,0,9223372036854775808,10000000000,10000000000,0,0,0,0,0,0,0,0,9223372036854775808,10000000000,10000000000,0,0,0,0,0,0,0,0
145000,1,1,200,1,1,tick,145001,0,0,0,0,10000000000,1000000000,10000000000,500000000,1000000000,4611686018427387904,1000,4000,100000,1,0,9223372036854775808,10000000000,10000000000,0,0,0,0,0,0,0,0,9223372036854775808,10000000000,10000000000,0,0,0,0,0,0,0,0
146000,1,0,203,0,0,tick,146001,0,0,0,0,10000000000,1000000000,10000000000,500000000,1000000000,4611686018427387904,1000,4000,100000,1,0,9223372036854775808,10000000000,10000000000,0,0,0,0,0,0,0,0,9223372036854775808,10000000000,10000000000,0,0,0,0,0,0,0,0
146000,1,1,203,1,1,tick,146001,0,0,0,0,10000000000,1000000000,10000000000,500000000,1000000000,4611686018427387904,1000,4000,100000,1,0,9223372036854775808,10000000000,10000000000,0,0,0,0,0,0,0,0,9223372036854775808,10000000000,10000000000,0,0,0,0,0,0,0,0
147000,1,0,204,0,0,tick,147001,0,0,0,0,10000000000,1000000000,10000000000,500000000,1000000000,4611686018427387904,1000,4000,100000,1,0,9223372036854775808,10000000000,10000000000,0,0,0,0,0,0,0,0,9223372036854775808,10000000000,10000000000,0,0,0,0,0,0,0,0
147000,1,1,204,1,1,tick,147001,0,0,0,0,10000000000,1000000000,10000000000,500000000,1000000000,4611686018427387904,1000,4000,100000,1,0,9223372036854775808,10000000000,10000000000,0,0,0,0,0,0,0,0,9223372036854775808,10000000000,10000000000,0,0,0,0,0,0,0,0
148000,1,0,205,0,0,tick,148001,0,0,0,0,10000000000,1000000000,10000000000,500000000,1000000000,4611686018427387904,1000,4000,100000,1,0,9223372036854775808,10000000000,10000000000,0,0,0,0,0,0,0,0,9223372036854775808,10000000000,10000000000,0,0,0,0,0,0,0,0
148000,1,1,205,1,1,tick,148001,0,0,0,0,10000000000,1000000000,10000000000,500000000,1000000000,4611686018427387904,1000,4000,100000,1,0,9223372036854775808,10000000000,10000000000,0,0,0,0,0,0,0,0,9223372036854775808,10000000000,10000000000,0,0,0,0,0,0,0,0
149000,1,0,206,0,0,tick,149001,0,0,0,0,10000000000,1000000000,10000000000,500000000,1000000000,4611686018427387904,1000,4000,100000,1,0,9223372036854775808,10000000000,10000000000,0,0,0,0,0,0,0,0,9223372036854775808,10000000000,10000000000,0,0,0,0,0,0,0,0
149000,1,1,206,1,1,tick,149001,0,0,0,0,10000000000,1000000000,10000000000,500000000,1000000000,4611686018427387904,1000,4000,100000,1,0,9223372036854775808,10000000000,10000000000,0,0,0,0,0,0,0,0,9223372036854775808,10000000000,10000000000,0,0,0,0,0,0,0,0
150000,1,0,207,0,0,tick,150001,0,0,0,0,10000000000,1000000000,10000000000,500000000,1000000000,4611686018427387904,1000,4000,100000,1,0,9223372036854775808,10000000000,10000000000,0,0,0,0,0,0,0,0,9223372036854775808,10000000000,10000000000,0,0,0,0,0,0,0,0
150000,1,1,207,1,1,tick,150001,0,0,0,0,10000000000,1000000000,10000000000,500000000,1000000000,4611686018427387904,1000,4000,100000,1,0,9223372036854775808,10000000000,10000000000,0,0,0,0,0,0,0,0,9223372036854775808,10000000000,10000000000,0,0,0,0,0,0,0,0
151000,1,0,208,0,0,tick,151001,0,0,0,0,10000000000,1000000000,10000000000,500000000,1000000000,4611686018427387904,1000,4000,100000,1,0,9223372036854775808,10000000000,10000000000,0,0,0,0,0,0,0,0,9223372036854775808,10000000000,10000000000,0,0,0,0,0,0,0,0
151000,1,1,208,1,1,tick,151001,0,0,0,0,10000000000,1000000000,10000000000,500000000,1000000000,4611686018427387904,1000,4000,100000,1,0,9223372036854775808,10000000000,10000000000,0,0,0,0,0,0,0,0,9223372036854775808,10000000000,10000000000,0,0,0,0,0,0,0,0
152000,1,0,209,0,0,tick,152001,0,0,0,0,10000000000,1000000000,10000000000,500000000,1000000000,4611686018427387904,1000,4000,100000,1,0,9223372036854775808,10000000000,10000000000,0,0,0,0,0,0,0,0,9223372036854775808,10000000000,10000000000,0,0,0,0,0,0,0,0
152000,1,1,209,1,1,tick,152001,0,0,0,0,10000000000,1000000000,10000000000,500000000,1000000000,4611686018427387904,1000,4000,100000,1,0,9223372036854775808,10000000000,10000000000,0,0,0,0,0,0,0,0,9223372036854775808,10000000000,10000000000,0,0,0,0,0,0,0,0
153000,1,0,211,0,0,tick,153001,0,0,0,0,10000000000,1000000000,10000000000,500000000,1000000000,4611686018427387904,1000,4000,100000,1,0,9223372036854775808,10000000000,10000000000,0,0,0,0,0,0,0,0,9223372036854775808,10000000000,10000000000,0,0,0,0,0,0,0,0
153000,1,1,211,1,1,tick,153001,0,0,0,0,10000000000,1000000000,10000000000,500000000,1000000000,4611686018427387904,1000,4000,100000,1,0,9223372036854775808,10000000000,10000000000,0,0,0,0,0,0,0,0,9223372036854775808,10000000000,10000000000,0,0,0,0,0,0,0,0
154000,1,0,214,0,0,tick,154001,0,0,0,0,10000000000,1000000000,10000000000,500000000,1000000000,4611686018427387904,1000,4000,100000,1,0,9223372036854775808,10000000000,10000000000,0,0,0,0,0,0,0,0,9223372036854775808,10000000000,10000000000,0,0,0,0,0,0,0,0
154000,1,1,214,1,1,tick,154001,0,0,0,0,10000000000,1000000000,10000000000,500000000,1000000000,4611686018427387904,1000,4000,100000,1,0,9223372036854775808,10000000000,10000000000,0,0,0,0,0,0,0,0,9223372036854775808,10000000000,10000000000,0,0,0,0,0,0,0,0
155000,1,0,215,0,0,tick,155001,0,0,0,0,10000000000,1000000000,10000000000,500000000,1000000000,4611686018427387904,1000,4000,100000,1,0,9223372036854775808,10000000000,10000000000,0,0,0,0,0,0,0,0,9223372036854775808,10000000000,10000000000,0,0,0,0,0,0,0,0
155000,1,1,215,1,1,tick,155001,0,0,0,0,10000000000,1000000000,10000000000,500000000,1000000000,4611686018427387904,1000,4000,100000,1,0,9223372036854775808,10000000000,10000000000,0,0,0,0,0,0,0,0,9223372036854775808,10000000000,10000000000,0,0,0,0,0,0,0,0
156000,1,0,216,0,0,tick,156001,0,0,0,0,10000000000,1000000000,10000000000,500000000,1000000000,4611686018427387904,1000,4000,100000,1,0,9223372036854775808,10000000000,10000000000,0,0,0,0,0,0,0,0,9223372036854775808,10000000000,10000000000,0,0,0,0,0,0,0,0
156000,1,1,216,1,1,tick,156001,0,0,0,0,10000000000,1000000000,10000000000,500000000,1000000000,4611686018427387904,1000,4000,100000,1,0,9223372036854775808,10000000000,10000000000,0,0,0,0,0,0,0,0,9223372036854775808,10000000000,10000000000,0,0,0,0,0,0,0,0
157000,1,0,217,0,0,tick,157001,0,0,0,0,10000000000,1000000000,10000000000,500000000,1000000000,4611686018427387904,1000,4000,100000,1,0,9223372036854775808,10000000000,10000000000,0,0,0,0,0,0,0,0,9223372036854775808,10000000000,10000000000,0,0,0,0,0,0,0,0
157000,1,1,217,1,1,tick,157001,0,0,0,0,10000000000,1000000000,10000000000,500000000,1000000000,4611686018427387904,1000,4000,100000,1,0,9223372036854775808,10000000000,10000000000,0,0,0,0,0,0,0,0,9223372036854775808,10000000000,10000000000,0,0,0,0,0,0,0,0
158000,1,0,218,0,0,tick,158001,0,0,0,0,10000000000,1000000000,10000000000,500000000,1000000000,4611686018427387904,1000,4000,100000,1,0,9223372036854775808,10000000000,10000000000,0,0,0,0,0,0,0,0,9223372036854775808,10000000000,10000000000,0,0,0,0,0,0,0,0
158000,1,1,218,1,1,tick,158001,0,0,0,0,10000000000,1000000000,10000000000,500000000,1000000000,4611686018427387904,1000,4000,100000,1,0,9223372036854775808,10000000000,10000000000,0,0,0,0,0,0,0,0,9223372036854775808,10000000000,10000000000,0,0,0,0,0,0,0,0
159000,1,0,219,0,0,tick,159001,0,0,0,0,10000000000,1000000000,10000000000,500000000,1000000000,4611686018427387904,1000,4000,100000,1,0,9223372036854775808,10000000000,10000000000,0,0,0,0,0,0,0,0,9223372036854775808,10000000000,10000000000,0,0,0,0,0,0,0,0
159000,1,1,219,1,1,tick,159001,0,0,0,0,10000000000,1000000000,10000000000,500000000,1000000000,4611686018427387904,1000,4000,100000,1,0,9223372036854775808,10000000000,10000000000,0,0,0,0,0,0,0,0,9223372036854775808,10000000000,10000000000,0,0,0,0,0,0,0,0
160000,1,0,220,0,0,tick,160001,0,0,0,0,10000000000,1000000000,10000000000,500000000,1000000000,4611686018427387904,1000,4000,100000,1,0,9223372036854775808,10000000000,10000000000,0,0,0,0,0,0,0,0,9223372036854775808,10000000000,10000000000,0,0,0,0,0,0,0,0
160000,1,1,220,1,1,tick,160001,0,0,0,0,10000000000,1000000000,10000000000,500000000,1000000000,4611686018427387904,1000,4000,100000,1,0,9223372036854775808,10000000000,10000000000,0,0,0,0,0,0,0,0,9223372036854775808,10000000000,10000000000,0,0,0,0,0,0,0,0
161000,1,0,222,0,0,tick,161001,0,0,0,0,10000000000,1000000000,10000000000,500000000,1000000000,4611686018427387904,1000,4000,100000,1,0,9223372036854775808,10000000000,10000000000,0,0,0,0,0,0,0,0,9223372036854775808,10000000000,10000000000,0,0,0,0,0,0,0,0
161000,1,1,222,1,1,tick,161001,0,0,0,0,10000000000,1000000000,10000000000,500000000,1000000000,4611686018427387904,1000,4000,100000,1,0,9223372036854775808,10000000000,10000000000,0,0,0,0,0,0,0,0,9223372036854775808,10000000000,10000000000,0,0,0,0,0,0,0,0
162000,1,0,225,0,0,tick,162001,0,0,0,0,10000000000,1000000000,10000000000,500000000,1000000000,4611686018427387904,1000,4000,100000,1,0,9223372036854775808,10000000000,10000000000,0,0,0,0,0,0,0,0,9223372036854775808,10000000000,10000000000,0,0,0,0,0,0,0,0
162000,1,1,225,1,1,tick,162001,0,0,0,0,10000000000,1000000000,10000000000,500000000,1000000000,4611686018427387904,1000,4000,100000,1,0,9223372036854775808,10000000000,10000000000,0,0,0,0,0,0,0,0,9223372036854775808,10000000000,10000000000,0,0,0,0,0,0,0,0
163000,1,0,226,0,0,tick,163001,0,0,0,0,10000000000,1000000000,10000000000,500000000,1000000000,4611686018427387904,1000,4000,100000,1,0,9223372036854775808,10000000000,10000000000,0,0,0,0,0,0,0,0,9223372036854775808,10000000000,10000000000,0,0,0,0,0,0,0,0
163000,1,1,226,1,1,tick,163001,0,0,0,0,10000000000,1000000000,10000000000,500000000,1000000000,4611686018427387904,1000,4000,100000,1,0,9223372036854775808,10000000000,10000000000,0,0,0,0,0,0,0,0,9223372036854775808,10000000000,10000000000,0,0,0,0,0,0,0,0
164000,1,0,227,0,0,tick,164001,0,0,0,0,10000000000,1000000000,10000000000,500000000,1000000000,4611686018427387904,1000,4000,100000,1,0,9223372036854775808,10000000000,10000000000,0,0,0,0,0,0,0,0,9223372036854775808,10000000000,10000000000,0,0,0,0,0,0,0,0
164000,1,1,227,1,1,tick,164001,0,0,0,0,10000000000,1000000000,10000000000,500000000,1000000000,4611686018427387904,1000,4000,100000,1,0,9223372036854775808,10000000000,10000000000,0,0,0,0,0,0,0,0,9223372036854775808,10000000000,10000000000,0,0,0,0,0,0,0,0
165000,1,0,228,0,0,tick,165001,0,0,0,0,10000000000,1000000000,10000000000,500000000,1000000000,4611686018427387904,1000,4000,100000,1,0,9223372036854775808,10000000000,10000000000,0,0,0,0,0,0,0,0,9223372036854775808,10000000000,10000000000,0,0,0,0,0,0,0,0
165000,1,1,228,1,1,tick,165001,0,0,0,0,10000000000,1000000000,10000000000,500000000,1000000000,4611686018427387904,1000,4000,100000,1,0,9223372036854775808,10000000000,10000000000,0,0,0,0,0,0,0,0,9223372036854775808,10000000000,10000000000,0,0,0,0,0,0,0,0
166000,1,0,229,0,0,tick,166001,0,0,0,0,10000000000,1000000000,10000000000,500000000,1000000000,4611686018427387904,1000,4000,100000,1,0,9223372036854775808,10000000000,10000000000,0,0,0,0,0,0,0,0,9223372036854775808,10000000000,10000000000,0,0,0,0,0,0,0,0
166000,1,1,229,1,1,tick,166001,0,0,0,0,10000000000,1000000000,10000000000,500000000,1000000000,4611686018427387904,1000,4000,100000,1,0,9223372036854775808,10000000000,10000000000,0,0,0,0,0,0,0,0,9223372036854775808,10000000000,10000000000,0,0,0,0,0,0,0,0
167000,1,0,230,0,0,tick,167001,0,0,0,0,10000000000,1000000000,10000000000,500000000,1000000000,4611686018427387904,1000,4000,100000,1,0,9223372036854775808,10000000000,10000000000,0,0,0,0,0,0,0,0,9223372036854775808,10000000000,10000000000,0,0,0,0,0,0,0,0
167000,1,1,230,1,1,tick,167001,0,0,0,0,10000000000,1000000000,10000000000,500000000,1000000000,4611686018427387904,1000,4000,100000,1,0,9223372036854775808,10000000000,10000000000,0,0,0,0,0,0,0,0,9223372036854775808,10000000000,10000000000,0,0,0,0,0,0,0,0
168000,1,0,231,0,0,tick,168001,0,0,0,0,10000000000,1000000000,10000000000,500000000,1000000000,4611686018427387904,1000,4000,100000,1,0,9223372036854775808,10000000000,10000000000,0,0,0,0,0,0,0,0,9223372036854775808,10000000000,10000000000,0,0,0,0,0,0,0,0
168000,1,1,231,1,1,tick,168001,0,0,0,0,10000000000,1000000000,10000000000,500000000,1000000000,4611686018427387904,1000,4000,100000,1,0,9223372036854775808,10000000000,10000000000,0,0,0,0,0,0,0,0,9223372036854775808,10000000000,10000000000,0,0,0,0,0,0,0,0
169000,1,0,233,0,0,tick,169001,0,0,0,0,10000000000,1000000000,10000000000,500000000,1000000000,4611686018427387904,1000,4000,100000,1,0,9223372036854775808,10000000000,10000000000,0,0,0,0,0,0,0,0,9223372036854775808,10000000000,10000000000,0,0,0,0,0,0,0,0
169000,1,1,233,1,1,tick,169001,0,0,0,0,10000000000,1000000000,10000000000,500000000,1000000000,4611686018427387904,1000,4000,100000,1,0,9223372036854775808,10000000000,10000000000,0,0,0,0,0,0,0,0,9223372036854775808,10000000000,10000000000,0,0,0,0,0,0,0,0
170000,1,0,236,0,0,tick,170001,0,0,0,0,10000000000,1000000000,10000000000,500000000,1000000000,4611686018427387904,1000,4000,100000,1,0,9223372036854775808,10000000000,10000000000,0,0,0,0,0,0,0,0,9223372036854775808,10000000000,10000000000,0,0,0,0,0,0,0,0
170000,1,1,236,1,1,tick,170001,0,0,0,0,10000000000,1000000000,10000000000,500000000,1000000000,4611686018427387904,1000,4000,100000,1,0,9223372036854775808,10000000000,10000000000,0,0,0,0,0,0,0,0,9223372036854775808,10000000000,10000000000,0,0,0,0,0,0,0,0
171000,1,0,237,0,0,tick,171001,0,0,0,0,10000000000,1000000000,10000000000,500000000,1000000000,4611686018427387904,1000,4000,100000,1,0,9223372036854775808,10000000000,10000000000,0,0,0,0,0,0,0,0,9223372036854775808,10000000000,10000000000,0,0,0,0,0,0,0,0
171000,1,1,237,1,1,tick,171001,0,0,0,0,10000000000,1000000000,10000000000,500000000,1000000000,4611686018427387904,1000,4000,100000,1,0,9223372036854775808,10000000000,10000000000,0,0,0,0,0,0,0,0,9223372036854775808,10000000000,10000000000,0,0,0,0,0,0,0,0
172000,1,0,238,0,0,tick,172001,0,0,0,0,10000000000,1000000000,10000000000,500000000,1000000000,4611686018427387904,1000,4000,100000,1,0,9223372036854775808,10000000000,10000000000,0,0,0,0,0,0,0,0,9223372036854775808,10000000000,10000000000,0,0,0,0,0,0,0,0
172000,1,1,238,1,1,tick,172001,0,0,0,0,10000000000,1000000000,10000000000,500000000,1000000000,4611686018427387904,1000,4000,100000,1,0,9223372036854775808,10000000000,10000000000,0,0,0,0,0,0,0,0,9223372036854775808,10000000000,10000000000,0,0,0,0,0,0,0,0
173000,1,0,239,0,0,tick,173001,0,0,0,0,10000000000,1000000000,10000000000,500000000,1000000000,4611686018427387904,1000,4000,100000,1,0,9223372036854775808,10000000000,10000000000,0,0,0,0,0,0,0,0,9223372036854775808,10000000000,10000000000,0,0,0,0,0,0,0,0
173000,1,1,239,1,1,tick,173001,0,0,0,0,10000000000,1000000000,10000000000,500000000,1000000000,4611686018427387904,1000,4000,100000,1,0,9223372036854775808,10000000000,10000000000,0,0,0,0,0,0,0,0,9223372036854775808,10000000000,10000000000,0,0,0,0,0,0,0,0
174000,1,0,240,0,0,tick,174001,0,0,0,0,10000000000,1000000000,10000000000,500000000,1000000000,4611686018427387904,1000,4000,100000,1,0,9223372036854775808,10000000000,10000000000,0,0,0,0,0,0,0,0,9223372036854775808,10000000000,10000000000,0,0,0,0,0,0,0,0
174000,1,1,240,1,1,tick,174001,0,0,0,0,10000000000,1000000000,10000000000,500000000,1000000000,4611686018427387904,1000,4000,100000,1,0,9223372036854775808,10000000000,10000000000,0,0,0,0,0,0,0,0,9223372036854775808,10000000000,10000000000,0,0,0,0,0,0,0,0
175000,1,0,241,0,0,tick,175001,0,0,0,0,10000000000,1000000000,10000000000,500000000,1000000000,4611686018427387904,1000,4000,100000,1,0,9223372036854775808,10000000000,10000000000,0,0,0,0,0,0,0,0,9223372036854775808,10000000000,10000000000,0,0,0,0,0,0,0,0
175000,1,1,241,1,1,tick,175001,0,0,0,0,10000000000,1000000000,10000000000,500000000,1000000000,4611686018427387904,1000,4000,100000,1,0,9223372036854775808,10000000000,10000000000,0,0,0,0,0,0,0,0,9223372036854775808,10000000000,10000000000,0,0,0,0,0,0,0,0
176000,1,0,242,0,0,tick,176001,0,0,0,0,10000000000,1000000000,10000000000,500000000,1000000000,4611686018427387904,1000,4000,100000,1,0,9223372036854775808,10000000000,10000000000,0,0,0,0,0,0,0,0,9223372036854775808,10000000000,10000000000,0,0,0,0,0,0,0,0
176000,1,1,242,1,1,tick,176001,0,0,0,0,10000000000,1000000000,10000000000,500000000,1000000000,4611686018427387904,1000,4000,100000,1,0,9223372036854775808,10000000000,10000000000,0,0,0,0,0,0,0,0,9223372036854775808,10000000000,10000000000,0,0,0,0,0,0,0,0
177000,1,0,244,0,0,tick,177001,0,0,0,0,10000000000,1000000000,10000000000,500000000,1000000000,4611686018427387904,1000,4000,100000,1,0,9223372036854775808,10000000000,10000000000,0,0,0,0,0,0,0,0,9223372036854775808,10000000000,10000000000,0,0,0,0,0,0,0,0
177000,1,1,244,1,1,tick,177001,0,0,0,0,10000000000,1000000000,10000000000,500000000,1000000000,4611686018427387904,1000,4000,100000,1,0,9223372036854775808,10000000000,10000000000,0,0,0,0,0,0,0,0,9223372036854775808,10000000000,10000000000,0,0,0,0,0,0,0,0
178000,1,0,247,0,0,tick,178001,0,0,0,0,10000000000,1000000000,10000000000,500000000,1000000000,4611686018427387904,1000,4000,100000,1,0,9223372036854775808,10000000000,10000000000,0,0,0,0,0,0,0,0,9223372036854775808,10000000000,10000000000,0,0,0,0,0,0,0,0
178000,1,1,247,1,1,tick,178001,0,0,0,0,10000000000,1000000000,10000000000,500000000,1000000000,4611686018427387904,1000,4000,100000,1,0,9223372036854775808,10000000000,10000000000,0,0,0,0,0,0,0,0,9223372036854775808,10000000000,10000000000,0,0,0,0,0,0,0,0
179000,1,0,248,0,0,tick,179001,0,0,0,0,10000000000,1000000000,10000000000,500000000,1000000000,4611686018427387904,1000,4000,100000,1,0,9223372036854775808,10000000000,10000000000,0,0,0,0,0,0,0,0,9223372036854775808,10000000000,10000000000,0,0,0,0,0,0,0,0
179000,1,1,248,1,1,tick,179001,0,0,0,0,10000000000,1000000000,10000000000,500000000,1000000000,4611686018427387904,1000,4000,100000,1,0,9223372036854775808,10000000000,10000000000,0,0,0,0,0,0,0,0,9223372036854775808,10000000000,10000000000,0,0,0,0,0,0,0,0
180000,1,0,249,0,0,tick,180001,0,0,0,0,10000000000,1000000000,10000000000,500000000,1000000000,4611686018427387904,1000,4000,100000,1,0,9223372036854775808,10000000000,10000000000,0,0,0,0,0,0,0,0,9223372036854775808,10000000000,10000000000,0,0,0,0,0,0,0,0
180000,1,1,249,1,1,tick,180001,0,0,0,0,10000000000,1000000000,10000000000,500000000,1000000000,4611686018427387904,1000,4000,100000,1,0,9223372036854775808,10000000000,10000000000,0,0,0,0,0,0,0,0,9223372036854775808,10000000000,10000000000,0,0,0,0,0,0,0,0
181000,1,0,250,0,0,tick,181001,0,0,0,0,10000000000,1000000000,10000000000,500000000,1000000000,4611686018427387904,1000,4000,100000,1,0,9223372036854775808,10000000000,10000000000,0,0,0,0,0,0,0,0,9223372036854775808,10000000000,10000000000,0,0,0,0,0,0,0,0
181000,1,1,250,1,1,tick,181001,0,0,0,0,10000000000,1000000000,10000000000,500000000,1000000000,4611686018427387904,1000,4000,100000,1,0,9223372036854775808,10000000000,10000000000,0,0,0,0,0,0,0,0,9223372036854775808,10000000000,10000000000,0,0,0,0,0,0,0,0
182000,1,0,251,0,0,tick,182001,0,0,0,0,10000000000,1000000000,10000000000,500000000,1000000000,4611686018427387904,1000,4000,100000,1,0,9223372036854775808,10000000000,10000000000,0,0,0,0,0,0,0,0,9223372036854775808,10000000000,10000000000,0,0,0,0,0,0,0,0
182000,1,1,251,1,1,tick,182001,0,0,0,0,10000000000,1000000000,10000000000,500000000,1000000000,4611686018427387904,1000,4000,100000,1,0,9223372036854775808,10000000000,10000000000,0,0,0,0,0,0,0,0,9223372036854775808,10000000000,10000000000,0,0,0,0,0,0,0,0
183000,1,0,252,0,0,tick,183001,0,0,0,0,10000000000,1000000000,10000000000,500000000,1000000000,4611686018427387904,1000,4000,100000,1,0,9223372036854775808,10000000000,10000000000,0,0,0,0,0,0,0,0,9223372036854775808,10000000000,10000000000,0,0,0,0,0,0,0,0
183000,1,1,252,1,1,tick,183001,0,0,0,0,10000000000,1000000000,10000000000,500000000,1000000000,4611686018427387904,1000,4000,100000,1,0,9223372036854775808,10000000000,10000000000,0,0,0,0,0,0,0,0,9223372036854775808,10000000000,10000000000,0,0,0,0,0,0,0,0
184000,1,0,253,0,0,tick,184001,0,0,0,0,10000000000,1000000000,10000000000,500000000,1000000000,4611686018427387904,1000,4000,100000,1,0,9223372036854775808,10000000000,10000000000,0,0,0,0,0,0,0,0,9223372036854775808,10000000000,10000000000,0,0,0,0,0,0,0,0
184000,1,1,253,1,1,tick,184001,0,0,0,0,10000000000,1000000000,10000000000,500000000,1000000000,4611686018427387904,1000,4000,100000,1,0,9223372036854775808,10000000000,10000000000,0,0,0,0,0,0,0,0,9223372036854775808,10000000000,10000000000,0,0,0,0,0,0,0,0
185000,1,0,255,0,0,tick,185001,0,0,0,0,10000000000,1000000000,10000000000,500000000,1000000000,4611686018427387904,1000,4000,100000,1,0,9223372036854775808,10000000000,10000000000,0,0,0,0,0,0,0,0,9223372036854775808,10000000000,10000000000,0,0,0,0,0,0,0,0
185000,1,1,255,1,1,tick,185001,0,0,0,0,10000000000,1000000000,10000000000,500000000,1000000000,4611686018427387904,1000,4000,100000,1,0,9223372036854775808,10000000000,10000000000,0,0,0,0,0,0,0,0,9223372036854775808,10000000000,10000000000,0,0,0,0,0,0,0,0
186000,1,0,258,0,0,tick,186001,0,0,0,0,10000000000,1000000000,10000000000,500000000,1000000000,4611686018427387904,1000,4000,100000,1,0,9223372036854775808,10000000000,10000000000,0,0,0,0,0,0,0,0,9223372036854775808,10000000000,10000000000,0,0,0,0,0,0,0,0
186000,1,1,258,1,1,tick,186001,0,0,0,0,10000000000,1000000000,10000000000,500000000,1000000000,4611686018427387904,1000,4000,100000,1,0,9223372036854775808,10000000000,10000000000,0,0,0,0,0,0,0,0,9223372036854775808,10000000000,10000000000,0,0,0,0,0,0,0,0
187000,1,0,259,0,0,tick,187001,0,0,0,0,10000000000,1000000000,10000000000,500000000,1000000000,4611686018427387904,1000,4000,100000,1,0,9223372036854775808,10000000000,10000000000,0,0,0,0,0,0,0,0,9223372036854775808,10000000000,10000000000,0,0,0,0,0,0,0,0
187000,1,1,259,1,1,tick,187001,0,0,0,0,10000000000,1000000000,10000000000,500000000,1000000000,4611686018427387904,1000,4000,100000,1,0,9223372036854775808,10000000000,10000000000,0,0,0,0,0,0,0,0,9223372036854775808,10000000000,10000000000,0,0,0,0,0,0,0,0
188000,1,0,260,0,0,tick,188001,0,0,0,0,10000000000,1000000000,10000000000,500000000,1000000000,4611686018427387904,1000,4000,100000,1,0,9223372036854775808,10000000000,10000000000,0,0,0,0,0,0,0,0,9223372036854775808,10000000000,10000000000,0,0,0,0,0,0,0,0
188000,1,1,260,1,1,tick,188001,0,0,0,0,10000000000,1000000000,10000000000,500000000,1000000000,4611686018427387904,1000,4000,100000,1,0,9223372036854775808,10000000000,10000000000,0,0,0,0,0,0,0,0,9223372036854775808,10000000000,10000000000,0,0,0,0,0,0,0,0
189000,1,0,261,0,0,tick,189001,0,0,0,0,10000000000,1000000000,10000000000,500000000,1000000000,4611686018427387904,1000,4000,100000,1,0,9223372036854775808,10000000000,10000000000,0,0,0,0,0,0,0,0,9223372036854775808,10000000000,10000000000,0,0,0,0,0,0,0,0
189000,1,1,261,1,1,tick,189001,0,0,0,0,10000000000,1000000000,10000000000,500000000,1000000000,4611686018427387904,1000,4000,100000,1,0,9223372036854775808,10000000000,10000000000,0,0,0,0,0,0,0,0,9223372036854775808,10000000000,10000000000,0,0,0,0,0,0,0,0
190000,1,0,262,0,0,tick,190001,0,0,0,0,10000000000,1000000000,10000000000,500000000,1000000000,4611686018427387904,1000,4000,100000,1,0,9223372036854775808,10000000000,10000000000,0,0,0,0,0,0,0,0,9223372036854775808,10000000000,10000000000,0,0,0,0,0,0,0,0
190000,1,1,262,1,1,tick,190001,0,0,0,0,10000000000,1000000000,10000000000,500000000,1000000000,4611686018427387904,1000,4000,100000,1,0,9223372036854775808,10000000000,10000000000,0,0,0,0,0,0,0,0,9223372036854775808,10000000000,10000000000,0,0,0,0,0,0,0,0
191000,1,0,263,0,0,tick,191001,0,0,0,0,10000000000,1000000000,10000000000,500000000,1000000000,4611686018427387904,1000,4000,100000,1,0,9223372036854775808,10000000000,10000000000,0,0,0,0,0,0,0,0,9223372036854775808,10000000000,10000000000,0,0,0,0,0,0,0,0
191000,1,1,263,1,1,tick,191001,0,0,0,0,10000000000,1000000000,10000000000,500000000,1000000000,4611686018427387904,1000,4000,100000,1,0,9223372036854775808,10000000000,10000000000,0,0,0,0,0,0,0,0,9223372036854775808,10000000000,10000000000,0,0,0,0,0,0,0,0
192000,1,0,264,0,0,tick,192001,0,0,0,0,10000000000,1000000000,10000000000,500000000,1000000000,4611686018427387904,1000,4000,100000,1,0,9223372036854775808,10000000000,10000000000,0,0,0,0,0,0,0,0,9223372036854775808,10000000000,10000000000,0,0,0,0,0,0,0,0
192000,1,1,264,1,1,tick,192001,0,0,0,0,10000000000,1000000000,10000000000,500000000,1000000000,4611686018427387904,1000,4000,100000,1,0,9223372036854775808,10000000000,10000000000,0,0,0,0,0,0,0,0,9223372036854775808,10000000000,10000000000,0,0,0,0,0,0,0,0
193000,1,0,266,0,0,tick,193001,0,0,0,0,10000000000,1000000000,10000000000,500000000,1000000000,4611686018427387904,1000,4000,100000,1,0,9223372036854775808,10000000000,10000000000,0,0,0,0,0,0,0,0,9223372036854775808,10000000000,10000000000,0,0,0,0,0,0,0,0
193000,1,1,266,1,1,tick,193001,0,0,0,0,10000000000,1000000000,10000000000,500000000,1000000000,4611686018427387904,1000,4000,100000,1,0,9223372036854775808,10000000000,10000000000,0,0,0,0,0,0,0,0,9223372036854775808,10000000000,10000000000,0,0,0,0,0,0,0,0
194000,1,0,269,0,0,tick,194001,0,0,0,0,10000000000,1000000000,10000000000,500000000,1000000000,4611686018427387904,1000,4000,100000,1,0,9223372036854775808,10000000000,10000000000,0,0,0,0,0,0,0,0,9223372036854775808,10000000000,10000000000,0,0,0,0,0,0,0,0
194000,1,1,269,1,1,tick,194001,0,0,0,0,10000000000,1000000000,10000000000,500000000,1000000000,4611686018427387904,1000,4000,100000,1,0,9223372036854775808,10000000000,10000000000,0,0,0,0,0,0,0,0,9223372036854775808,10000000000,10000000000,0,0,0,0,0,0,0,0
195000,1,0,270,0,0,tick,195001,0,0,0,0,10000000000,1000000000,10000000000,500000000,1000000000,4611686018427387904,1000,4000,100000,1,0,9223372036854775808,10000000000,10000000000,0,0,0,0,0,0,0,0,9223372036854775808,10000000000,10000000000,0,0,0,0,0,0,0,0
195000,1,1,270,1,1,tick,195001,0,0,0,0,10000000000,1000000000,10000000000,500000000,1000000000,4611686018427387904,1000,4000,100000,1,0,9223372036854775808,10000000000,10000000000,0,0,0,0,0,0,0,0,9223372036854775808,10000000000,10000000000,0,0,0,0,0,0,0,0
196000,1,0,271,0,0,tick,196001,0,0,0,0,10000000000,1000000000,10000000000,500000000,1000000000,4611686018427387904,1000,4000,100000,1,0,9223372036854775808,10000000000,10000000000,0,0,0,0,0,0,0,0,9223372036854775808,10000000000,10000000000,0,0,0,0,0,0,0,0
196000,1,1,271,1,1,tick,196001,0,0,0,0,10000000000,1000000000,10000000000,500000000,1000000000,4611686018427387904,1000,4000,100000,1,0,9223372036854775808,10000000000,10000000000,0,0,0,0,0,0,0,0,9223372036854775808,10000000000,10000000000,0,0,0,0,0,0,0,0
197000,1,0,272,0,0,tick,197001,0,0,0,0,10000000000,1000000000,10000000000,500000000,1000000000,4611686018427387904,1000,4000,100000,1,0,9223372036854775808,10000000000,10000000000,0,0,0,0,0,0,0,0,9223372036854775808,10000000000,10000000000,0,0,0,0,0,0,0,0
197000,1,1,272,1,1,tick,197001,0,0,0,0,10000000000,1000000000,10000000000,500000000,1000000000,4611686018427387904,1000,4000,100000,1,0,9223372036854775808,10000000000,10000000000,0,0,0,0,0,0,0,0,9223372036854775808,10000000000,10000000000,0,0,0,0,0,0,0,0
198000,1,0,273,0,0,tick,198001,0,0,0,0,10000000000,1000000000,10000000000,500000000,1000000000,4611686018427387904,1000,4000,100000,1,0,9223372036854775808,10000000000,10000000000,0,0,0,0,0,0,0,0,9223372036854775808,10000000000,10000000000,0,0,0,0,0,0,0,0
198000,1,1,273,1,1,tick,198001,0,0,0,0,10000000000,1000000000,10000000000,500000000,1000000000,4611686018427387904,1000,4000,100000,1,0,9223372036854775808,10000000000,10000000000,0,0,0,0,0,0,0,0,9223372036854775808,10000000000,10000000000,0,0,0,0,0,0,0,0
199000,1,0,274,0,0,tick,199001,1,0,0,0,10000000000,1000000000,10000000000,500000000,1000000000,4611686018427387904,1000,4000,100000,1,0,9223372036854775808,10000000000,10000000000,0,0,0,0,0,0,0,0,9223372036854775808,10000000000,10000000000,0,0,0,0,0,0,0,0
199000,1,1,274,1,1,tick,199001,1,0,0,0,10000000000,1000000000,10000000000,500000000,1000000000,4611686018427387904,1000,4000,100000,1,0,9223372036854775808,10000000000,10000000000,0,0,0,0,0,0,0,0,9223372036854775808,10000000000,10000000000,0,0,0,0,0,0,0,0
