time_ns,event_phase,event_origin_node,event_origin_sequence,node_id,flow_id,kind,bound_ns,frozen,alpha_ticks,increase_fires,decrease_cuts,initial_rate_bps,minimum_rate_bps,maximum_rate_bps,additive_rate_bps,hyper_rate_bps,g_q63,alpha_interval_ns,decrease_interval_ns,increase_interval_ns,fast_recovery_steps,clamp_target_rate,before_alpha_q63,before_current_rate_bps,before_target_rate_bps,before_next_alpha_ns,before_next_decrease_ns,before_next_increase_ns,before_stage,before_armed,before_alpha_pending,before_decrease_pending,before_increase_armed,after_alpha_q63,after_current_rate_bps,after_target_rate_bps,after_next_alpha_ns,after_next_decrease_ns,after_next_increase_ns,after_stage,after_armed,after_alpha_pending,after_decrease_pending,after_increase_armed
0,1,0,0,0,0,tick,1,0,0,0,0,5000000000,1000000000,10000000000,500000000,1000000000,4611686018427387904,1000,4000,100000,1,0,9223372036854775808,5000000000,5000000000,0,0,0,0,0,0,0,0,9223372036854775808,5000000000,5000000000,0,0,0,0,0,0,0,0
0,1,1,0,1,1,tick,1,0,0,0,0,5000000000,1000000000,10000000000,500000000,1000000000,4611686018427387904,1000,4000,100000,1,0,9223372036854775808,5000000000,5000000000,0,0,0,0,0,0,0,0,9223372036854775808,5000000000,5000000000,0,0,0,0,0,0,0,0
1000,1,0,1,0,0,tick,1001,0,0,0,0,5000000000,1000000000,10000000000,500000000,1000000000,4611686018427387904,1000,4000,100000,1,0,9223372036854775808,5000000000,5000000000,0,0,0,0,0,0,0,0,9223372036854775808,5000000000,5000000000,0,0,0,0,0,0,0,0
1000,1,1,1,1,1,tick,1001,0,0,0,0,5000000000,1000000000,10000000000,500000000,1000000000,4611686018427387904,1000,4000,100000,1,0,9223372036854775808,5000000000,5000000000,0,0,0,0,0,0,0,0,9223372036854775808,5000000000,5000000000,0,0,0,0,0,0,0,0
2000,1,0,2,0,0,tick,2001,0,0,0,0,5000000000,1000000000,10000000000,500000000,1000000000,4611686018427387904,1000,4000,100000,1,0,9223372036854775808,5000000000,5000000000,0,0,0,0,0,0,0,0,9223372036854775808,5000000000,5000000000,0,0,0,0,0,0,0,0
2000,1,1,2,1,1,tick,2001,0,0,0,0,5000000000,1000000000,10000000000,500000000,1000000000,4611686018427387904,1000,4000,100000,1,0,9223372036854775808,5000000000,5000000000,0,0,0,0,0,0,0,0,9223372036854775808,5000000000,5000000000,0,0,0,0,0,0,0,0
3000,1,0,6,0,0,tick,3001,0,0,0,0,5000000000,1000000000,10000000000,500000000,1000000000,4611686018427387904,1000,4000,100000,1,0,9223372036854775808,5000000000,5000000000,0,0,0,0,0,0,0,0,9223372036854775808,5000000000,5000000000,0,0,0,0,0,0,0,0
3000,1,1,6,1,1,tick,3001,0,0,0,0,5000000000,1000000000,10000000000,500000000,1000000000,4611686018427387904,1000,4000,100000,1,0,9223372036854775808,5000000000,5000000000,0,0,0,0,0,0,0,0,9223372036854775808,5000000000,5000000000,0,0,0,0,0,0,0,0
4000,1,0,7,0,0,tick,4001,0,0,0,0,5000000000,1000000000,10000000000,500000000,1000000000,4611686018427387904,1000,4000,100000,1,0,9223372036854775808,5000000000,5000000000,0,0,0,0,0,0,0,0,9223372036854775808,5000000000,5000000000,0,0,0,0,0,0,0,0
4000,1,1,7,1,1,tick,4001,0,0,0,0,5000000000,1000000000,10000000000,500000000,1000000000,4611686018427387904,1000,4000,100000,1,0,9223372036854775808,5000000000,5000000000,0,0,0,0,0,0,0,0,9223372036854775808,5000000000,5000000000,0,0,0,0,0,0,0,0
5000,1,0,8,0,0,tick,5001,0,0,0,0,5000000000,1000000000,10000000000,500000000,1000000000,4611686018427387904,1000,4000,100000,1,0,9223372036854775808,5000000000,5000000000,0,0,0,0,0,0,0,0,9223372036854775808,5000000000,5000000000,0,0,0,0,0,0,0,0
5000,1,1,8,1,1,tick,5001,0,0,0,0,5000000000,1000000000,10000000000,500000000,1000000000,4611686018427387904,1000,4000,100000,1,0,9223372036854775808,5000000000,5000000000,0,0,0,0,0,0,0,0,9223372036854775808,5000000000,5000000000,0,0,0,0,0,0,0,0
6000,1,0,9,0,0,tick,6001,0,0,0,0,5000000000,1000000000,10000000000,500000000,1000000000,4611686018427387904,1000,4000,100000,1,0,9223372036854775808,5000000000,5000000000,0,0,0,0,0,0,0,0,9223372036854775808,5000000000,5000000000,0,0,0,0,0,0,0,0
6000,1,1,9,1,1,tick,6001,0,0,0,0,5000000000,1000000000,10000000000,500000000,1000000000,4611686018427387904,1000,4000,100000,1,0,9223372036854775808,5000000000,5000000000,0,0,0,0,0,0,0,0,9223372036854775808,5000000000,5000000000,0,0,0,0,0,0,0,0
7000,1,0,10,0,0,tick,7001,0,0,0,0,5000000000,1000000000,10000000000,500000000,1000000000,4611686018427387904,1000,4000,100000,1,0,9223372036854775808,5000000000,5000000000,0,0,0,0,0,0,0,0,9223372036854775808,5000000000,5000000000,0,0,0,0,0,0,0,0
7000,1,1,10,1,1,tick,7001,0,0,0,0,5000000000,1000000000,10000000000,500000000,1000000000,4611686018427387904,1000,4000,100000,1,0,9223372036854775808,5000000000,5000000000,0,0,0,0,0,0,0,0,9223372036854775808,5000000000,5000000000,0,0,0,0,0,0,0,0
8000,1,0,11,0,0,tick,8001,0,0,0,0,5000000000,1000000000,10000000000,500000000,1000000000,4611686018427387904,1000,4000,100000,1,0,9223372036854775808,5000000000,5000000000,0,0,0,0,0,0,0,0,9223372036854775808,5000000000,5000000000,0,0,0,0,0,0,0,0
8000,1,1,11,1,1,tick,8001,0,0,0,0,5000000000,1000000000,10000000000,500000000,1000000000,4611686018427387904,1000,4000,100000,1,0,9223372036854775808,5000000000,5000000000,0,0,0,0,0,0,0,0,9223372036854775808,5000000000,5000000000,0,0,0,0,0,0,0,0
9000,1,0,12,0,0,tick,9001,0,0,0,0,5000000000,1000000000,10000000000,500000000,1000000000,4611686018427387904,1000,4000,100000,1,0,9223372036854775808,5000000000,5000000000,0,0,0,0,0,0,0,0,9223372036854775808,5000000000,5000000000,0,0,0,0,0,0,0,0
9000,1,1,12,1,1,tick,9001,0,0,0,0,5000000000,1000000000,10000000000,500000000,1000000000,4611686018427387904,1000,4000,100000,1,0,9223372036854775808,5000000000,5000000000,0,0,0,0,0,0,0,0,9223372036854775808,5000000000,5000000000,0,0,0,0,0,0,0,0
10000,1,0,14,0,0,tick,10001,0,0,0,0,5000000000,1000000000,10000000000,500000000,1000000000,4611686018427387904,1000,4000,100000,1,0,9223372036854775808,5000000000,5000000000,0,0,0,0,0,0,0,0,9223372036854775808,5000000000,5000000000,0,0,0,0,0,0,0,0
10000,1,1,14,1,1,tick,10001,0,0,0,0,5000000000,1000000000,10000000000,500000000,1000000000,4611686018427387904,1000,4000,100000,1,0,9223372036854775808,5000000000,5000000000,0,0,0,0,0,0,0,0,9223372036854775808,5000000000,5000000000,0,0,0,0,0,0,0,0
11000,1,0,17,0,0,tick,11001,0,0,0,0,5000000000,1000000000,10000000000,500000000,1000000000,4611686018427387904,1000,4000,100000,1,0,9223372036854775808,5000000000,5000000000,0,0,0,0,0,0,0,0,9223372036854775808,5000000000,5000000000,0,0,0,0,0,0,0,0
11000,1,1,17,1,1,tick,11001,0,0,0,0,5000000000,1000000000,10000000000,500000000,1000000000,4611686018427387904,1000,4000,100000,1,0,9223372036854775808,5000000000,5000000000,0,0,0,0,0,0,0,0,9223372036854775808,5000000000,5000000000,0,0,0,0,0,0,0,0
12000,1,0,18,0,0,tick,12001,0,0,0,0,5000000000,1000000000,10000000000,500000000,1000000000,4611686018427387904,1000,4000,100000,1,0,9223372036854775808,5000000000,5000000000,0,0,0,0,0,0,0,0,9223372036854775808,5000000000,5000000000,0,0,0,0,0,0,0,0
12000,1,1,18,1,1,tick,12001,0,0,0,0,5000000000,1000000000,10000000000,500000000,1000000000,4611686018427387904,1000,4000,100000,1,0,9223372036854775808,5000000000,5000000000,0,0,0,0,0,0,0,0,9223372036854775808,5000000000,5000000000,0,0,0,0,0,0,0,0
13000,1,0,19,0,0,tick,13001,0,0,0,0,5000000000,1000000000,10000000000,500000000,1000000000,4611686018427387904,1000,4000,100000,1,0,9223372036854775808,5000000000,5000000000,0,0,0,0,0,0,0,0,9223372036854775808,5000000000,5000000000,0,0,0,0,0,0,0,0
13000,1,1,19,1,1,tick,13001,0,0,0,0,5000000000,1000000000,10000000000,500000000,1000000000,4611686018427387904,1000,4000,100000,1,0,9223372036854775808,5000000000,5000000000,0,0,0,0,0,0,0,0,9223372036854775808,5000000000,5000000000,0,0,0,0,0,0,0,0
14000,1,0,20,0,0,tick,14001,0,0,0,0,5000000000,1000000000,10000000000,500000000,1000000000,4611686018427387904,1000,4000,100000,1,0,9223372036854775808,5000000000,5000000000,0,0,0,0,0,0,0,0,9223372036854775808,5000000000,5000000000,0,0,0,0,0,0,0,0
14000,1,1,20,1,1,tick,14001,0,0,0,0,5000000000,1000000000,10000000000,500000000,1000000000,4611686018427387904,1000,4000,100000,1,0,9223372036854775808,5000000000,5000000000,0,0,0,0,0,0,0,0,9223372036854775808,5000000000,5000000000,0,0,0,0,0,0,0,0
15000,1,0,21,0,0,tick,15001,0,0,0,0,5000000000,1000000000,10000000000,500000000,1000000000,4611686018427387904,1000,4000,100000,1,0,9223372036854775808,5000000000,5000000000,0,0,0,0,0,0,0,0,9223372036854775808,5000000000,5000000000,0,0,0,0,0,0,0,0
15000,1,1,21,1,1,tick,15001,0,0,0,0,5000000000,1000000000,10000000000,500000000,1000000000,4611686018427387904,1000,4000,100000,1,0,9223372036854775808,5000000000,5000000000,0,0,0,0,0,0,0,0,9223372036854775808,5000000000,5000000000,0,0,0,0,0,0,0,0
16000,1,0,22,0,0,tick,16001,0,0,0,0,5000000000,1000000000,10000000000,500000000,1000000000,4611686018427387904,1000,4000,100000,1,0,9223372036854775808,5000000000,5000000000,0,0,0,0,0,0,0,0,9223372036854775808,5000000000,5000000000,0,0,0,0,0,0,0,0
16000,1,1,22,1,1,tick,16001,0,0,0,0,5000000000,1000000000,10000000000,500000000,1000000000,4611686018427387904,1000,4000,100000,1,0,9223372036854775808,5000000000,5000000000,0,0,0,0,0,0,0,0,9223372036854775808,5000000000,5000000000,0,0,0,0,0,0,0,0
17000,1,0,23,0,0,tick,17001,0,0,0,0,5000000000,1000000000,10000000000,500000000,1000000000,4611686018427387904,1000,4000,100000,1,0,9223372036854775808,5000000000,5000000000,0,0,0,0,0,0,0,0,9223372036854775808,5000000000,5000000000,0,0,0,0,0,0,0,0
17000,1,1,23,1,1,tick,17001,0,0,0,0,5000000000,1000000000,10000000000,500000000,1000000000,4611686018427387904,1000,4000,100000,1,0,9223372036854775808,5000000000,5000000000,0,0,0,0,0,0,0,0,9223372036854775808,5000000000,5000000000,0,0,0,0,0,0,0,0
18000,1,0,25,0,0,tick,18001,0,0,0,0,5000000000,1000000000,10000000000,500000000,1000000000,4611686018427387904,1000,4000,100000,1,0,9223372036854775808,5000000000,5000000000,0,0,0,0,0,0,0,0,9223372036854775808,5000000000,5000000000,0,0,0,0,0,0,0,0
18000,1,1,25,1,1,tick,18001,0,0,0,0,5000000000,1000000000,10000000000,500000000,1000000000,4611686018427387904,1000,4000,100000,1,0,9223372036854775808,5000000000,5000000000,0,0,0,0,0,0,0,0,9223372036854775808,5000000000,5000000000,0,0,0,0,0,0,0,0
19000,1,0,28,0,0,tick,19001,0,0,0,0,5000000000,1000000000,10000000000,500000000,1000000000,4611686018427387904,1000,4000,100000,1,0,9223372036854775808,5000000000,5000000000,0,0,0,0,0,0,0,0,9223372036854775808,5000000000,5000000000,0,0,0,0,0,0,0,0
19000,1,1,28,1,1,tick,19001,0,0,0,0,5000000000,1000000000,10000000000,500000000,1000000000,4611686018427387904,1000,4000,100000,1,0,9223372036854775808,5000000000,5000000000,0,0,0,0,0,0,0,0,9223372036854775808,5000000000,5000000000,0,0,0,0,0,0,0,0
20000,1,0,29,0,0,tick,20001,0,0,0,0,5000000000,1000000000,10000000000,500000000,1000000000,4611686018427387904,1000,4000,100000,1,0,9223372036854775808,5000000000,5000000000,0,0,0,0,0,0,0,0,9223372036854775808,5000000000,5000000000,0,0,0,0,0,0,0,0
20000,1,1,29,1,1,tick,20001,0,0,0,0,5000000000,1000000000,10000000000,500000000,1000000000,4611686018427387904,1000,4000,100000,1,0,9223372036854775808,5000000000,5000000000,0,0,0,0,0,0,0,0,9223372036854775808,5000000000,5000000000,0,0,0,0,0,0,0,0
21000,1,0,30,0,0,tick,21001,0,0,0,0,5000000000,1000000000,10000000000,500000000,1000000000,4611686018427387904,1000,4000,100000,1,0,9223372036854775808,5000000000,5000000000,0,0,0,0,0,0,0,0,9223372036854775808,5000000000,5000000000,0,0,0,0,0,0,0,0
21000,1,1,30,1,1,tick,21001,0,0,0,0,5000000000,1000000000,10000000000,500000000,1000000000,4611686018427387904,1000,4000,100000,1,0,9223372036854775808,5000000000,5000000000,0,0,0,0,0,0,0,0,9223372036854775808,5000000000,5000000000,0,0,0,0,0,0,0,0
22000,1,0,31,0,0,tick,22001,0,0,0,0,5000000000,1000000000,10000000000,500000000,1000000000,4611686018427387904,1000,4000,100000,1,0,9223372036854775808,5000000000,5000000000,0,0,0,0,0,0,0,0,9223372036854775808,5000000000,5000000000,0,0,0,0,0,0,0,0
22000,1,1,31,1,1,tick,22001,0,0,0,0,5000000000,1000000000,10000000000,500000000,1000000000,4611686018427387904,1000,4000,100000,1,0,9223372036854775808,5000000000,5000000000,0,0,0,0,0,0,0,0,9223372036854775808,5000000000,5000000000,0,0,0,0,0,0,0,0
23000,1,0,32,0,0,tick,23001,0,0,0,0,5000000000,1000000000,10000000000,500000000,1000000000,4611686018427387904,1000,4000,100000,1,0,9223372036854775808,5000000000,5000000000,0,0,0,0,0,0,0,0,9223372036854775808,5000000000,5000000000,0,0,0,0,0,0,0,0
23000,1,1,32,1,1,tick,23001,0,0,0,0,5000000000,1000000000,10000000000,500000000,1000000000,4611686018427387904,1000,4000,100000,1,0,9223372036854775808,5000000000,5000000000,0,0,0,0,0,0,0,0,9223372036854775808,5000000000,5000000000,0,0,0,0,0,0,0,0
24000,1,0,33,0,0,tick,24001,0,0,0,0,5000000000,1000000000,10000000000,500000000,1000000000,4611686018427387904,1000,4000,100000,1,0,9223372036854775808,5000000000,5000000000,0,0,0,0,0,0,0,0,9223372036854775808,5000000000,5000000000,0,0,0,0,0,0,0,0
24000,1,1,33,1,1,tick,24001,0,0,0,0,5000000000,1000000000,10000000000,500000000,1000000000,4611686018427387904,1000,4000,100000,1,0,9223372036854775808,5000000000,5000000000,0,0,0,0,0,0,0,0,9223372036854775808,5000000000,5000000000,0,0,0,0,0,0,0,0
25000,1,0,34,0,0,tick,25001,0,0,0,0,5000000000,1000000000,10000000000,500000000,1000000000,4611686018427387904,1000,4000,100000,1,0,9223372036854775808,5000000000,5000000000,0,0,0,0,0,0,0,0,9223372036854775808,5000000000,5000000000,0,0,0,0,0,0,0,0
25000,1,1,34,1,1,tick,25001,0,0,0,0,5000000000,1000000000,10000000000,500000000,1000000000,4611686018427387904,1000,4000,100000,1,0,9223372036854775808,5000000000,5000000000,0,0,0,0,0,0,0,0,9223372036854775808,5000000000,5000000000,0,0,0,0,0,0,0,0
26000,1,0,36,0,0,tick,26001,0,0,0,0,5000000000,1000000000,10000000000,500000000,1000000000,4611686018427387904,1000,4000,100000,1,0,9223372036854775808,5000000000,5000000000,0,0,0,0,0,0,0,0,9223372036854775808,5000000000,5000000000,0,0,0,0,0,0,0,0
26000,1,1,36,1,1,tick,26001,0,0,0,0,5000000000,1000000000,10000000000,500000000,1000000000,4611686018427387904,1000,4000,100000,1,0,9223372036854775808,5000000000,5000000000,0,0,0,0,0,0,0,0,9223372036854775808,5000000000,5000000000,0,0,0,0,0,0,0,0
27000,1,0,39,0,0,tick,27001,0,0,0,0,5000000000,1000000000,10000000000,500000000,1000000000,4611686018427387904,1000,4000,100000,1,0,9223372036854775808,5000000000,5000000000,0,0,0,0,0,0,0,0,9223372036854775808,5000000000,5000000000,0,0,0,0,0,0,0,0
27000,1,1,39,1,1,tick,27001,0,0,0,0,5000000000,1000000000,10000000000,500000000,1000000000,4611686018427387904,1000,4000,100000,1,0,9223372036854775808,5000000000,5000000000,0,0,0,0,0,0,0,0,9223372036854775808,5000000000,5000000000,0,0,0,0,0,0,0,0
28000,1,0,40,0,0,tick,28001,0,0,0,0,5000000000,1000000000,10000000000,500000000,1000000000,4611686018427387904,1000,4000,100000,1,0,9223372036854775808,5000000000,5000000000,0,0,0,0,0,0,0,0,9223372036854775808,5000000000,5000000000,0,0,0,0,0,0,0,0
28000,1,1,40,1,1,tick,28001,0,0,0,0,5000000000,1000000000,10000000000,500000000,1000000000,4611686018427387904,1000,4000,100000,1,0,9223372036854775808,5000000000,5000000000,0,0,0,0,0,0,0,0,9223372036854775808,5000000000,5000000000,0,0,0,0,0,0,0,0
29000,1,0,41,0,0,tick,29001,0,0,0,0,5000000000,1000000000,10000000000,500000000,1000000000,4611686018427387904,1000,4000,100000,1,0,9223372036854775808,5000000000,5000000000,0,0,0,0,0,0,0,0,9223372036854775808,5000000000,5000000000,0,0,0,0,0,0,0,0
29000,1,1,41,1,1,tick,29001,0,0,0,0,5000000000,1000000000,10000000000,500000000,1000000000,4611686018427387904,1000,4000,100000,1,0,9223372036854775808,5000000000,5000000000,0,0,0,0,0,0,0,0,9223372036854775808,5000000000,5000000000,0,0,0,0,0,0,0,0
30000,1,0,42,0,0,tick,30001,0,0,0,0,5000000000,1000000000,10000000000,500000000,1000000000,4611686018427387904,1000,4000,100000,1,0,9223372036854775808,5000000000,5000000000,0,0,0,0,0,0,0,0,9223372036854775808,5000000000,5000000000,0,0,0,0,0,0,0,0
30000,1,1,42,1,1,tick,30001,0,0,0,0,5000000000,1000000000,10000000000,500000000,1000000000,4611686018427387904,1000,4000,100000,1,0,9223372036854775808,5000000000,5000000000,0,0,0,0,0,0,0,0,9223372036854775808,5000000000,5000000000,0,0,0,0,0,0,0,0
31000,1,0,43,0,0,tick,31001,0,0,0,0,5000000000,1000000000,10000000000,500000000,1000000000,4611686018427387904,1000,4000,100000,1,0,9223372036854775808,5000000000,5000000000,0,0,0,0,0,0,0,0,9223372036854775808,5000000000,5000000000,0,0,0,0,0,0,0,0
31000,1,1,43,1,1,tick,31001,0,0,0,0,5000000000,1000000000,10000000000,500000000,1000000000,4611686018427387904,1000,4000,100000,1,0,9223372036854775808,5000000000,5000000000,0,0,0,0,0,0,0,0,9223372036854775808,5000000000,5000000000,0,0,0,0,0,0,0,0
32000,1,0,44,0,0,tick,32001,0,0,0,0,5000000000,1000000000,10000000000,500000000,1000000000,4611686018427387904,1000,4000,100000,1,0,9223372036854775808,5000000000,5000000000,0,0,0,0,0,0,0,0,9223372036854775808,5000000000,5000000000,0,0,0,0,0,0,0,0
32000,1,1,44,1,1,tick,32001,0,0,0,0,5000000000,1000000000,10000000000,500000000,1000000000,4611686018427387904,1000,4000,100000,1,0,9223372036854775808,5000000000,5000000000,0,0,0,0,0,0,0,0,9223372036854775808,5000000000,5000000000,0,0,0,0,0,0,0,0
33000,1,0,45,0,0,tick,33001,0,0,0,0,5000000000,1000000000,10000000000,500000000,1000000000,4611686018427387904,1000,4000,100000,1,0,9223372036854775808,5000000000,5000000000,0,0,0,0,0,0,0,0,9223372036854775808,5000000000,5000000000,0,0,0,0,0,0,0,0
33000,1,1,45,1,1,tick,33001,0,0,0,0,5000000000,1000000000,10000000000,500000000,1000000000,4611686018427387904,1000,4000,100000,1,0,9223372036854775808,5000000000,5000000000,0,0,0,0,0,0,0,0,9223372036854775808,5000000000,5000000000,0,0,0,0,0,0,0,0
34000,1,0,47,0,0,tick,34001,0,0,0,0,5000000000,1000000000,10000000000,500000000,1000000000,4611686018427387904,1000,4000,100000,1,0,9223372036854775808,5000000000,5000000000,0,0,0,0,0,0,0,0,9223372036854775808,5000000000,5000000000,0,0,0,0,0,0,0,0
34000,1,1,47,1,1,tick,34001,0,0,0,0,5000000000,1000000000,10000000000,500000000,1000000000,4611686018427387904,1000,4000,100000,1,0,9223372036854775808,5000000000,5000000000,0,0,0,0,0,0,0,0,9223372036854775808,5000000000,5000000000,0,0,0,0,0,0,0,0
35000,1,0,50,0,0,tick,35001,0,0,0,0,5000000000,1000000000,10000000000,500000000,1000000000,4611686018427387904,1000,4000,100000,1,0,9223372036854775808,5000000000,5000000000,0,0,0,0,0,0,0,0,9223372036854775808,5000000000,5000000000,0,0,0,0,0,0,0,0
35000,1,1,50,1,1,tick,35001,0,0,0,0,5000000000,1000000000,10000000000,500000000,1000000000,4611686018427387904,1000,4000,100000,1,0,9223372036854775808,5000000000,5000000000,0,0,0,0,0,0,0,0,9223372036854775808,5000000000,5000000000,0,0,0,0,0,0,0,0
36000,1,0,51,0,0,tick,36001,0,0,0,0,5000000000,1000000000,10000000000,500000000,1000000000,4611686018427387904,1000,4000,100000,1,0,9223372036854775808,5000000000,5000000000,0,0,0,0,0,0,0,0,9223372036854775808,5000000000,5000000000,0,0,0,0,0,0,0,0
36000,1,1,51,1,1,tick,36001,0,0,0,0,5000000000,1000000000,10000000000,500000000,1000000000,4611686018427387904,1000,4000,100000,1,0,9223372036854775808,5000000000,5000000000,0,0,0,0,0,0,0,0,9223372036854775808,5000000000,5000000000,0,0,0,0,0,0,0,0
37000,1,0,52,0,0,tick,37001,0,0,0,0,5000000000,1000000000,10000000000,500000000,1000000000,4611686018427387904,1000,4000,100000,1,0,9223372036854775808,5000000000,5000000000,0,0,0,0,0,0,0,0,9223372036854775808,5000000000,5000000000,0,0,0,0,0,0,0,0
37000,1,1,52,1,1,tick,37001,0,0,0,0,5000000000,1000000000,10000000000,500000000,1000000000,4611686018427387904,1000,4000,100000,1,0,9223372036854775808,5000000000,5000000000,0,0,0,0,0,0,0,0,9223372036854775808,5000000000,5000000000,0,0,0,0,0,0,0,0
38000,1,0,53,0,0,tick,38001,0,0,0,0,5000000000,1000000000,10000000000,500000000,1000000000,4611686018427387904,1000,4000,100000,1,0,9223372036854775808,5000000000,5000000000,0,0,0,0,0,0,0,0,9223372036854775808,5000000000,5000000000,0,0,0,0,0,0,0,0
38000,1,1,53,1,1,tick,38001,0,0,0,0,5000000000,1000000000,10000000000,500000000,1000000000,4611686018427387904,1000,4000,100000,1,0,9223372036854775808,5000000000,5000000000,0,0,0,0,0,0,0,0,9223372036854775808,5000000000,5000000000,0,0,0,0,0,0,0,0
39000,1,0,54,0,0,tick,39001,0,0,0,0,5000000000,1000000000,10000000000,500000000,1000000000,4611686018427387904,1000,4000,100000,1,0,9223372036854775808,5000000000,5000000000,0,0,0,0,0,0,0,0,9223372036854775808,5000000000,5000000000,0,0,0,0,0,0,0,0
39000,1,1,54,1,1,tick,39001,0,0,0,0,5000000000,1000000000,10000000000,500000000,1000000000,4611686018427387904,1000,4000,100000,1,0,9223372036854775808,5000000000,5000000000,0,0,0,0,0,0,0,0,9223372036854775808,5000000000,5000000000,0,0,0,0,0,0,0,0
40000,1,0,55,0,0,tick,40001,0,0,0,0,5000000000,1000000000,10000000000,500000000,1000000000,4611686018427387904,1000,4000,100000,1,0,9223372036854775808,5000000000,5000000000,0,0,0,0,0,0,0,0,9223372036854775808,5000000000,5000000000,0,0,0,0,0,0,0,0
40000,1,1,55,1,1,tick,40001,0,0,0,0,5000000000,1000000000,10000000000,500000000,1000000000,4611686018427387904,1000,4000,100000,1,0,9223372036854775808,5000000000,5000000000,0,0,0,0,0,0,0,0,9223372036854775808,5000000000,5000000000,0,0,0,0,0,0,0,0
41000,1,0,56,0,0,tick,41001,0,0,0,0,5000000000,1000000000,10000000000,500000000,1000000000,4611686018427387904,1000,4000,100000,1,0,9223372036854775808,5000000000,5000000000,0,0,0,0,0,0,0,0,9223372036854775808,5000000000,5000000000,0,0,0,0,0,0,0,0
41000,1,1,56,1,1,tick,41001,0,0,0,0,5000000000,1000000000,10000000000,500000000,1000000000,4611686018427387904,1000,4000,100000,1,0,9223372036854775808,5000000000,5000000000,0,0,0,0,0,0,0,0,9223372036854775808,5000000000,5000000000,0,0,0,0,0,0,0,0
42000,1,0,58,0,0,tick,42001,0,0,0,0,5000000000,1000000000,10000000000,500000000,1000000000,4611686018427387904,1000,4000,100000,1,0,9223372036854775808,5000000000,5000000000,0,0,0,0,0,0,0,0,9223372036854775808,5000000000,5000000000,0,0,0,0,0,0,0,0
42000,1,1,58,1,1,tick,42001,0,0,0,0,5000000000,1000000000,10000000000,500000000,1000000000,4611686018427387904,1000,4000,100000,1,0,9223372036854775808,5000000000,5000000000,0,0,0,0,0,0,0,0,9223372036854775808,5000000000,5000000000,0,0,0,0,0,0,0,0
43000,1,0,61,0,0,tick,43001,0,0,0,0,5000000000,1000000000,10000000000,500000000,1000000000,4611686018427387904,1000,4000,100000,1,0,9223372036854775808,5000000000,5000000000,0,0,0,0,0,0,0,0,9223372036854775808,5000000000,5000000000,0,0,0,0,0,0,0,0
43000,1,1,61,1,1,tick,43001,0,0,0,0,5000000000,1000000000,10000000000,500000000,1000000000,4611686018427387904,1000,4000,100000,1,0,9223372036854775808,5000000000,5000000000,0,0,0,0,0,0,0,0,9223372036854775808,5000000000,5000000000,0,0,0,0,0,0,0,0
44000,1,0,62,0,0,tick,44001,0,0,0,0,5000000000,1000000000,10000000000,500000000,1000000000,4611686018427387904,1000,4000,100000,1,0,9223372036854775808,5000000000,5000000000,0,0,0,0,0,0,0,0,9223372036854775808,5000000000,5000000000,0,0,0,0,0,0,0,0
44000,1,1,62,1,1,tick,44001,0,0,0,0,5000000000,1000000000,10000000000,500000000,1000000000,4611686018427387904,1000,4000,100000,1,0,9223372036854775808,5000000000,5000000000,0,0,0,0,0,0,0,0,9223372036854775808,5000000000,5000000000,0,0,0,0,0,0,0,0
45000,1,0,63,0,0,tick,45001,0,0,0,0,5000000000,1000000000,10000000000,500000000,1000000000,4611686018427387904,1000,4000,100000,1,0,9223372036854775808,5000000000,5000000000,0,0,0,0,0,0,0,0,9223372036854775808,5000000000,5000000000,0,0,0,0,0,0,0,0
45000,1,1,63,1,1,tick,45001,0,0,0,0,5000000000,1000000000,10000000000,500000000,1000000000,4611686018427387904,1000,4000,100000,1,0,9223372036854775808,5000000000,5000000000,0,0,0,0,0,0,0,0,9223372036854775808,5000000000,5000000000,0,0,0,0,0,0,0,0
46000,1,0,64,0,0,tick,46001,0,0,0,0,5000000000,1000000000,10000000000,500000000,1000000000,4611686018427387904,1000,4000,100000,1,0,9223372036854775808,5000000000,5000000000,0,0,0,0,0,0,0,0,9223372036854775808,5000000000,5000000000,0,0,0,0,0,0,0,0
46000,1,1,64,1,1,tick,46001,0,0,0,0,5000000000,1000000000,10000000000,500000000,1000000000,4611686018427387904,1000,4000,100000,1,0,9223372036854775808,5000000000,5000000000,0,0,0,0,0,0,0,0,9223372036854775808,5000000000,5000000000,0,0,0,0,0,0,0,0
47000,1,0,65,0,0,tick,47001,0,0,0,0,5000000000,1000000000,10000000000,500000000,1000000000,4611686018427387904,1000,4000,100000,1,0,9223372036854775808,5000000000,5000000000,0,0,0,0,0,0,0,0,9223372036854775808,5000000000,5000000000,0,0,0,0,0,0,0,0
47000,1,1,65,1,1,tick,47001,0,0,0,0,5000000000,1000000000,10000000000,500000000,1000000000,4611686018427387904,1000,4000,100000,1,0,9223372036854775808,5000000000,5000000000,0,0,0,0,0,0,0,0,9223372036854775808,5000000000,5000000000,0,0,0,0,0,0,0,0
48000,1,0,66,0,0,tick,48001,0,0,0,0,5000000000,1000000000,10000000000,500000000,1000000000,4611686018427387904,1000,4000,100000,1,0,9223372036854775808,5000000000,5000000000,0,0,0,0,0,0,0,0,9223372036854775808,5000000000,5000000000,0,0,0,0,0,0,0,0
48000,1,1,66,1,1,tick,48001,0,0,0,0,5000000000,1000000000,10000000000,500000000,1000000000,4611686018427387904,1000,4000,100000,1,0,9223372036854775808,5000000000,5000000000,0,0,0,0,0,0,0,0,9223372036854775808,5000000000,5000000000,0,0,0,0,0,0,0,0
49000,1,0,67,0,0,tick,49001,0,0,0,0,5000000000,1000000000,10000000000,500000000,1000000000,4611686018427387904,1000,4000,100000,1,0,9223372036854775808,5000000000,5000000000,0,0,0,0,0,0,0,0,9223372036854775808,5000000000,5000000000,0,0,0,0,0,0,0,0
49000,1,1,67,1,1,tick,49001,0,0,0,0,5000000000,1000000000,10000000000,500000000,1000000000,4611686018427387904,1000,4000,100000,1,0,9223372036854775808,5000000000,5000000000,0,0,0,0,0,0,0,0,9223372036854775808,5000000000,5000000000,0,0,0,0,0,0,0,0
50000,1,0,69,0,0,tick,50001,0,0,0,0,5000000000,1000000000,10000000000,500000000,1000000000,4611686018427387904,1000,4000,100000,1,0,9223372036854775808,5000000000,5000000000,0,0,0,0,0,0,0,0,9223372036854775808,5000000000,5000000000,0,0,0,0,0,0,0,0
50000,1,1,69,1,1,tick,50001,0,0,0,0,5000000000,1000000000,10000000000,500000000,1000000000,4611686018427387904,1000,4000,100000,1,0,9223372036854775808,5000000000,5000000000,0,0,0,0,0,0,0,0,9223372036854775808,5000000000,5000000000,0,0,0,0,0,0,0,0
51000,1,0,72,0,0,tick,51001,0,0,0,0,5000000000,1000000000,10000000000,500000000,1000000000,4611686018427387904,1000,4000,100000,1,0,9223372036854775808,5000000000,5000000000,0,0,0,0,0,0,0,0,9223372036854775808,5000000000,5000000000,0,0,0,0,0,0,0,0
51000,1,1,72,1,1,tick,51001,0,0,0,0,5000000000,1000000000,10000000000,500000000,1000000000,4611686018427387904,1000,4000,100000,1,0,9223372036854775808,5000000000,5000000000,0,0,0,0,0,0,0,0,9223372036854775808,5000000000,5000000000,0,0,0,0,0,0,0,0
52000,1,0,73,0,0,tick,52001,0,0,0,0,5000000000,1000000000,10000000000,500000000,1000000000,4611686018427387904,1000,4000,100000,1,0,9223372036854775808,5000000000,5000000000,0,0,0,0,0,0,0,0,9223372036854775808,5000000000,5000000000,0,0,0,0,0,0,0,0
52000,1,1,73,1,1,tick,52001,0,0,0,0,5000000000,1000000000,10000000000,500000000,1000000000,4611686018427387904,1000,4000,100000,1,0,9223372036854775808,5000000000,5000000000,0,0,0,0,0,0,0,0,9223372036854775808,5000000000,5000000000,0,0,0,0,0,0,0,0
53000,1,0,74,0,0,tick,53001,0,0,0,0,5000000000,1000000000,10000000000,500000000,1000000000,4611686018427387904,1000,4000,100000,1,0,9223372036854775808,5000000000,5000000000,0,0,0,0,0,0,0,0,9223372036854775808,5000000000,5000000000,0,0,0,0,0,0,0,0
53000,1,1,74,1,1,tick,53001,0,0,0,0,5000000000,1000000000,10000000000,500000000,1000000000,4611686018427387904,1000,4000,100000,1,0,9223372036854775808,5000000000,5000000000,0,0,0,0,0,0,0,0,9223372036854775808,5000000000,5000000000,0,0,0,0,0,0,0,0
54000,1,0,75,0,0,tick,54001,0,0,0,0,5000000000,1000000000,10000000000,500000000,1000000000,4611686018427387904,1000,4000,100000,1,0,9223372036854775808,5000000000,5000000000,0,0,0,0,0,0,0,0,9223372036854775808,5000000000,5000000000,0,0,0,0,0,0,0,0
54000,1,1,75,1,1,tick,54001,0,0,0,0,5000000000,1000000000,10000000000,500000000,1000000000,4611686018427387904,1000,4000,100000,1,0,9223372036854775808,5000000000,5000000000,0,0,0,0,0,0,0,0,9223372036854775808,5000000000,5000000000,0,0,0,0,0,0,0,0
55000,1,0,76,0,0,tick,55001,0,0,0,0,5000000000,1000000000,10000000000,500000000,1000000000,4611686018427387904,1000,4000,100000,1,0,9223372036854775808,5000000000,5000000000,0,0,0,0,0,0,0,0,9223372036854775808,5000000000,5000000000,0,0,0,0,0,0,0,0
55000,1,1,76,1,1,tick,55001,0,0,0,0,5000000000,1000000000,10000000000,500000000,1000000000,4611686018427387904,1000,4000,100000,1,0,9223372036854775808,5000000000,5000000000,0,0,0,0,0,0,0,0,9223372036854775808,5000000000,5000000000,0,0,0,0,0,0,0,0
56000,1,0,77,0,0,tick,56001,0,0,0,0,5000000000,1000000000,10000000000,500000000,1000000000,4611686018427387904,1000,4000,100000,1,0,9223372036854775808,5000000000,5000000000,0,0,0,0,0,0,0,0,9223372036854775808,5000000000,5000000000,0,0,0,0,0,0,0,0
56000,1,1,77,1,1,tick,56001,0,0,0,0,5000000000,1000000000,10000000000,500000000,1000000000,4611686018427387904,1000,4000,100000,1,0,9223372036854775808,5000000000,5000000000,0,0,0,0,0,0,0,0,9223372036854775808,5000000000,5000000000,0,0,0,0,0,0,0,0
57000,1,0,78,0,0,tick,57001,0,0,0,0,5000000000,1000000000,10000000000,500000000,1000000000,4611686018427387904,1000,4000,100000,1,0,9223372036854775808,5000000000,5000000000,0,0,0,0,0,0,0,0,9223372036854775808,5000000000,5000000000,0,0,0,0,0,0,0,0
57000,1,1,78,1,1,tick,57001,0,0,0,0,5000000000,1000000000,10000000000,500000000,1000000000,4611686018427387904,1000,4000,100000,1,0,9223372036854775808,5000000000,5000000000,0,0,0,0,0,0,0,0,9223372036854775808,5000000000,5000000000,0,0,0,0,0,0,0,0
58000,1,0,80,0,0,tick,58001,0,0,0,0,5000000000,1000000000,10000000000,500000000,1000000000,4611686018427387904,1000,4000,100000,1,0,9223372036854775808,5000000000,5000000000,0,0,0,0,0,0,0,0,9223372036854775808,5000000000,5000000000,0,0,0,0,0,0,0,0
58000,1,1,80,1,1,tick,58001,0,0,0,0,5000000000,1000000000,10000000000,500000000,1000000000,4611686018427387904,1000,4000,100000,1,0,9223372036854775808,5000000000,5000000000,0,0,0,0,0,0,0,0,9223372036854775808,5000000000,5000000000,0,0,0,0,0,0,0,0
59000,1,0,83,0,0,tick,59001,0,0,0,0,5000000000,1000000000,10000000000,500000000,1000000000,4611686018427387904,1000,4000,100000,1,0,9223372036854775808,5000000000,5000000000,0,0,0,0,0,0,0,0,9223372036854775808,5000000000,5000000000,0,0,0,0,0,0,0,0
59000,1,1,83,1,1,tick,59001,0,0,0,0,5000000000,1000000000,10000000000,500000000,1000000000,4611686018427387904,1000,4000,100000,1,0,9223372036854775808,5000000000,5000000000,0,0,0,0,0,0,0,0,9223372036854775808,5000000000,5000000000,0,0,0,0,0,0,0,0
60000,1,0,84,0,0,tick,60001,0,0,0,0,5000000000,1000000000,10000000000,500000000,1000000000,4611686018427387904,1000,4000,100000,1,0,9223372036854775808,5000000000,5000000000,0,0,0,0,0,0,0,0,9223372036854775808,5000000000,5000000000,0,0,0,0,0,0,0,0
60000,1,1,84,1,1,tick,60001,0,0,0,0,5000000000,1000000000,10000000000,500000000,1000000000,4611686018427387904,1000,4000,100000,1,0,9223372036854775808,5000000000,5000000000,0,0,0,0,0,0,0,0,9223372036854775808,5000000000,5000000000,0,0,0,0,0,0,0,0
61000,1,0,85,0,0,tick,61001,0,0,0,0,5000000000,1000000000,10000000000,500000000,1000000000,4611686018427387904,1000,4000,100000,1,0,9223372036854775808,5000000000,5000000000,0,0,0,0,0,0,0,0,9223372036854775808,5000000000,5000000000,0,0,0,0,0,0,0,0
61000,1,1,85,1,1,tick,61001,0,0,0,0,5000000000,1000000000,10000000000,500000000,1000000000,4611686018427387904,1000,4000,100000,1,0,9223372036854775808,5000000000,5000000000,0,0,0,0,0,0,0,0,9223372036854775808,5000000000,5000000000,0,0,0,0,0,0,0,0
62000,1,0,86,0,0,tick,62001,0,0,0,0,5000000000,1000000000,10000000000,500000000,1000000000,4611686018427387904,1000,4000,100000,1,0,9223372036854775808,5000000000,5000000000,0,0,0,0,0,0,0,0,9223372036854775808,5000000000,5000000000,0,0,0,0,0,0,0,0
62000,1,1,86,1,1,tick,62001,0,0,0,0,5000000000,1000000000,10000000000,500000000,1000000000,4611686018427387904,1000,4000,100000,1,0,9223372036854775808,5000000000,5000000000,0,0,0,0,0,0,0,0,9223372036854775808,5000000000,5000000000,0,0,0,0,0,0,0,0
63000,1,0,87,0,0,tick,63001,0,0,0,0,5000000000,1000000000,10000000000,500000000,1000000000,4611686018427387904,1000,4000,100000,1,0,9223372036854775808,5000000000,5000000000,0,0,0,0,0,0,0,0,9223372036854775808,5000000000,5000000000,0,0,0,0,0,0,0,0
63000,1,1,87,1,1,tick,63001,0,0,0,0,5000000000,1000000000,10000000000,500000000,1000000000,4611686018427387904,1000,4000,100000,1,0,9223372036854775808,5000000000,5000000000,0,0,0,0,0,0,0,0,9223372036854775808,5000000000,5000000000,0,0,0,0,0,0,0,0
64000,1,0,88,0,0,tick,64001,0,0,0,0,5000000000,1000000000,10000000000,500000000,1000000000,4611686018427387904,1000,4000,100000,1,0,9223372036854775808,5000000000,5000000000,0,0,0,0,0,0,0,0,9223372036854775808,5000000000,5000000000,0,0,0,0,0,0,0,0
64000,1,1,88,1,1,tick,64001,0,0,0,0,5000000000,1000000000,10000000000,500000000,1000000000,4611686018427387904,1000,4000,100000,1,0,9223372036854775808,5000000000,5000000000,0,0,0,0,0,0,0,0,9223372036854775808,5000000000,5000000000,0,0,0,0,0,0,0,0
65000,1,0,89,0,0,tick,65001,0,0,0,0,5000000000,1000000000,10000000000,500000000,1000000000,4611686018427387904,1000,4000,100000,1,0,9223372036854775808,5000000000,5000000000,0,0,0,0,0,0,0,0,9223372036854775808,5000000000,5000000000,0,0,0,0,0,0,0,0
65000,1,1,89,1,1,tick,65001,0,0,0,0,5000000000,1000000000,10000000000,500000000,1000000000,4611686018427387904,1000,4000,100000,1,0,9223372036854775808,5000000000,5000000000,0,0,0,0,0,0,0,0,9223372036854775808,5000000000,5000000000,0,0,0,0,0,0,0,0
66000,1,0,91,0,0,tick,66001,0,0,0,0,5000000000,1000000000,10000000000,500000000,1000000000,4611686018427387904,1000,4000,100000,1,0,9223372036854775808,5000000000,5000000000,0,0,0,0,0,0,0,0,9223372036854775808,5000000000,5000000000,0,0,0,0,0,0,0,0
66000,1,1,91,1,1,tick,66001,0,0,0,0,5000000000,1000000000,10000000000,500000000,1000000000,4611686018427387904,1000,4000,100000,1,0,9223372036854775808,5000000000,5000000000,0,0,0,0,0,0,0,0,9223372036854775808,5000000000,5000000000,0,0,0,0,0,0,0,0
67000,1,0,94,0,0,tick,67001,0,0,0,0,5000000000,1000000000,10000000000,500000000,1000000000,4611686018427387904,1000,4000,100000,1,0,9223372036854775808,5000000000,5000000000,0,0,0,0,0,0,0,0,9223372036854775808,5000000000,5000000000,0,0,0,0,0,0,0,0
67000,1,1,94,1,1,tick,67001,0,0,0,0,5000000000,1000000000,10000000000,500000000,1000000000,4611686018427387904,1000,4000,100000,1,0,9223372036854775808,5000000000,5000000000,0,0,0,0,0,0,0,0,9223372036854775808,5000000000,5000000000,0,0,0,0,0,0,0,0
68000,1,0,95,0,0,tick,68001,0,0,0,0,5000000000,1000000000,10000000000,500000000,1000000000,4611686018427387904,1000,4000,100000,1,0,9223372036854775808,5000000000,5000000000,0,0,0,0,0,0,0,0,9223372036854775808,5000000000,5000000000,0,0,0,0,0,0,0,0
68000,1,1,95,1,1,tick,68001,0,0,0,0,5000000000,1000000000,10000000000,500000000,1000000000,4611686018427387904,1000,4000,100000,1,0,9223372036854775808,5000000000,5000000000,0,0,0,0,0,0,0,0,9223372036854775808,5000000000,5000000000,0,0,0,0,0,0,0,0
69000,1,0,96,0,0,tick,69001,0,0,0,0,5000000000,1000000000,10000000000,500000000,1000000000,4611686018427387904,1000,4000,100000,1,0,9223372036854775808,5000000000,5000000000,0,0,0,0,0,0,0,0,9223372036854775808,5000000000,5000000000,0,0,0,0,0,0,0,0
69000,1,1,96,1,1,tick,69001,0,0,0,0,5000000000,1000000000,10000000000,500000000,1000000000,4611686018427387904,1000,4000,100000,1,0,9223372036854775808,5000000000,5000000000,0,0,0,0,0,0,0,0,9223372036854775808,5000000000,5000000000,0,0,0,0,0,0,0,0
70000,1,0,97,0,0,tick,70001,0,0,0,0,5000000000,1000000000,10000000000,500000000,1000000000,4611686018427387904,1000,4000,100000,1,0,9223372036854775808,5000000000,5000000000,0,0,0,0,0,0,0,0,9223372036854775808,5000000000,5000000000,0,0,0,0,0,0,0,0
70000,1,1,97,1,1,tick,70001,0,0,0,0,5000000000,1000000000,10000000000,500000000,1000000000,4611686018427387904,1000,4000,100000,1,0,9223372036854775808,5000000000,5000000000,0,0,0,0,0,0,0,0,9223372036854775808,5000000000,5000000000,0,0,0,0,0,0,0,0
71000,1,0,98,0,0,tick,71001,0,0,0,0,5000000000,1000000000,10000000000,500000000,1000000000,4611686018427387904,1000,4000,100000,1,0,9223372036854775808,5000000000,5000000000,0,0,0,0,0,0,0,0,9223372036854775808,5000000000,5000000000,0,0,0,0,0,0,0,0
71000,1,1,98,1,1,tick,71001,0,0,0,0,5000000000,1000000000,10000000000,500000000,1000000000,4611686018427387904,1000,4000,100000,1,0,9223372036854775808,5000000000,5000000000,0,0,0,0,0,0,0,0,9223372036854775808,5000000000,5000000000,0,0,0,0,0,0,0,0
72000,1,0,99,0,0,tick,72001,0,0,0,0,5000000000,1000000000,10000000000,500000000,1000000000,4611686018427387904,1000,4000,100000,1,0,9223372036854775808,5000000000,5000000000,0,0,0,0,0,0,0,0,9223372036854775808,5000000000,5000000000,0,0,0,0,0,0,0,0
72000,1,1,99,1,1,tick,72001,0,0,0,0,5000000000,1000000000,10000000000,500000000,1000000000,4611686018427387904,1000,4000,100000,1,0,9223372036854775808,5000000000,5000000000,0,0,0,0,0,0,0,0,9223372036854775808,5000000000,5000000000,0,0,0,0,0,0,0,0
73000,1,0,100,0,0,tick,73001,0,0,0,0,5000000000,1000000000,10000000000,500000000,1000000000,4611686018427387904,1000,4000,100000,1,0,9223372036854775808,5000000000,5000000000,0,0,0,0,0,0,0,0,9223372036854775808,5000000000,5000000000,0,0,0,0,0,0,0,0
73000,1,1,100,1,1,tick,73001,0,0,0,0,5000000000,1000000000,10000000000,500000000,1000000000,4611686018427387904,1000,4000,100000,1,0,9223372036854775808,5000000000,5000000000,0,0,0,0,0,0,0,0,9223372036854775808,5000000000,5000000000,0,0,0,0,0,0,0,0
74000,1,0,102,0,0,tick,74001,0,0,0,0,5000000000,1000000000,10000000000,500000000,1000000000,4611686018427387904,1000,4000,100000,1,0,9223372036854775808,5000000000,5000000000,0,0,0,0,0,0,0,0,9223372036854775808,5000000000,5000000000,0,0,0,0,0,0,0,0
74000,1,1,102,1,1,tick,74001,0,0,0,0,5000000000,1000000000,10000000000,500000000,1000000000,4611686018427387904,1000,4000,100000,1,0,9223372036854775808,5000000000,5000000000,0,0,0,0,0,0,0,0,9223372036854775808,5000000000,5000000000,0,0,0,0,0,0,0,0
75000,1,0,105,0,0,tick,75001,0,0,0,0,5000000000,1000000000,10000000000,500000000,1000000000,4611686018427387904,1000,4000,100000,1,0,9223372036854775808,5000000000,5000000000,0,0,0,0,0,0,0,0,9223372036854775808,5000000000,5000000000,0,0,0,0,0,0,0,0
75000,1,1,105,1,1,tick,75001,0,0,0,0,5000000000,1000000000,10000000000,500000000,1000000000,4611686018427387904,1000,4000,100000,1,0,9223372036854775808,5000000000,5000000000,0,0,0,0,0,0,0,0,9223372036854775808,5000000000,5000000000,0,0,0,0,0,0,0,0
76000,1,0,106,0,0,tick,76001,0,0,0,0,5000000000,1000000000,10000000000,500000000,1000000000,4611686018427387904,1000,4000,100000,1,0,9223372036854775808,5000000000,5000000000,0,0,0,0,0,0,0,0,9223372036854775808,5000000000,5000000000,0,0,0,0,0,0,0,0
76000,1,1,106,1,1,tick,76001,0,0,0,0,5000000000,1000000000,10000000000,500000000,1000000000,4611686018427387904,1000,4000,100000,1,0,9223372036854775808,5000000000,5000000000,0,0,0,0,0,0,0,0,9223372036854775808,5000000000,5000000000,0,0,0,0,0,0,0,0
77000,1,0,107,0,0,tick,77001,0,0,0,0,5000000000,1000000000,10000000000,500000000,1000000000,4611686018427387904,1000,4000,100000,1,0,9223372036854775808,5000000000,5000000000,0,0,0,0,0,0,0,0,9223372036854775808,5000000000,5000000000,0,0,0,0,0,0,0,0
77000,1,1,107,1,1,tick,77001,0,0,0,0,5000000000,1000000000,10000000000,500000000,1000000000,4611686018427387904,1000,4000,100000,1,0,9223372036854775808,5000000000,5000000000,0,0,0,0,0,0,0,0,9223372036854775808,5000000000,5000000000,0,0,0,0,0,0,0,0
78000,1,0,108,0,0,tick,78001,0,0,0,0,5000000000,1000000000,10000000000,500000000,1000000000,4611686018427387904,1000,4000,100000,1,0,9223372036854775808,5000000000,5000000000,0,0,0,0,0,0,0,0,9223372036854775808,5000000000,5000000000,0,0,0,0,0,0,0,0
78000,1,1,108,1,1,tick,78001,0,0,0,0,5000000000,1000000000,10000000000,500000000,1000000000,4611686018427387904,1000,4000,100000,1,0,9223372036854775808,5000000000,5000000000,0,0,0,0,0,0,0,0,9223372036854775808,5000000000,5000000000,0,0,0,0,0,0,0,0
79000,1,0,109,0,0,tick,79001,0,0,0,0,5000000000,1000000000,10000000000,500000000,1000000000,4611686018427387904,1000,4000,100000,1,0,9223372036854775808,5000000000,5000000000,0,0,0,0,0,0,0,0,9223372036854775808,5000000000,5000000000,0,0,0,0,0,0,0,0
79000,1,1,109,1,1,tick,79001,0,0,0,0,5000000000,1000000000,10000000000,500000000,1000000000,4611686018427387904,1000,4000,100000,1,0,9223372036854775808,5000000000,5000000000,0,0,0,0,0,0,0,0,9223372036854775808,5000000000,5000000000,0,0,0,0,0,0,0,0
80000,1,0,110,0,0,tick,80001,0,0,0,0,5000000000,1000000000,10000000000,500000000,1000000000,4611686018427387904,1000,4000,100000,1,0,9223372036854775808,5000000000,5000000000,0,0,0,0,0,0,0,0,9223372036854775808,5000000000,5000000000,0,0,0,0,0,0,0,0
80000,1,1,110,1,1,tick,80001,0,0,0,0,5000000000,1000000000,10000000000,500000000,1000000000,4611686018427387904,1000,4000,100000,1,0,9223372036854775808,5000000000,5000000000,0,0,0,0,0,0,0,0,9223372036854775808,5000000000,5000000000,0,0,0,0,0,0,0,0
81000,1,0,111,0,0,tick,81001,0,0,0,0,5000000000,1000000000,10000000000,500000000,1000000000,4611686018427387904,1000,4000,100000,1,0,9223372036854775808,5000000000,5000000000,0,0,0,0,0,0,0,0,9223372036854775808,5000000000,5000000000,0,0,0,0,0,0,0,0
81000,1,1,111,1,1,tick,81001,0,0,0,0,5000000000,1000000000,10000000000,500000000,1000000000,4611686018427387904,1000,4000,100000,1,0,9223372036854775808,5000000000,5000000000,0,0,0,0,0,0,0,0,9223372036854775808,5000000000,5000000000,0,0,0,0,0,0,0,0
82000,1,0,113,0,0,tick,82001,0,0,0,0,5000000000,1000000000,10000000000,500000000,1000000000,4611686018427387904,1000,4000,100000,1,0,9223372036854775808,5000000000,5000000000,0,0,0,0,0,0,0,0,9223372036854775808,5000000000,5000000000,0,0,0,0,0,0,0,0
82000,1,1,113,1,1,tick,82001,0,0,0,0,5000000000,1000000000,10000000000,500000000,1000000000,4611686018427387904,1000,4000,100000,1,0,9223372036854775808,5000000000,5000000000,0,0,0,0,0,0,0,0,9223372036854775808,5000000000,5000000000,0,0,0,0,0,0,0,0
83000,1,0,116,0,0,tick,83001,0,0,0,0,5000000000,1000000000,10000000000,500000000,1000000000,4611686018427387904,1000,4000,100000,1,0,9223372036854775808,5000000000,5000000000,0,0,0,0,0,0,0,0,9223372036854775808,5000000000,5000000000,0,0,0,0,0,0,0,0
83000,1,1,116,1,1,tick,83001,0,0,0,0,5000000000,1000000000,10000000000,500000000,1000000000,4611686018427387904,1000,4000,100000,1,0,9223372036854775808,5000000000,5000000000,0,0,0,0,0,0,0,0,9223372036854775808,5000000000,5000000000,0,0,0,0,0,0,0,0
84000,1,0,117,0,0,tick,84001,0,0,0,0,5000000000,1000000000,10000000000,500000000,1000000000,4611686018427387904,1000,4000,100000,1,0,9223372036854775808,5000000000,5000000000,0,0,0,0,0,0,0,0,9223372036854775808,5000000000,5000000000,0,0,0,0,0,0,0,0
84000,1,1,117,1,1,tick,84001,0,0,0,0,5000000000,1000000000,10000000000,500000000,1000000000,4611686018427387904,1000,4000,100000,1,0,9223372036854775808,5000000000,5000000000,0,0,0,0,0,0,0,0,9223372036854775808,5000000000,5000000000,0,0,0,0,0,0,0,0
85000,1,0,118,0,0,tick,85001,0,0,0,0,5000000000,1000000000,10000000000,500000000,1000000000,4611686018427387904,1000,4000,100000,1,0,9223372036854775808,5000000000,5000000000,0,0,0,0,0,0,0,0,9223372036854775808,5000000000,5000000000,0,0,0,0,0,0,0,0
85000,1,1,118,1,1,tick,85001,0,0,0,0,5000000000,1000000000,10000000000,500000000,1000000000,4611686018427387904,1000,4000,100000,1,0,9223372036854775808,5000000000,5000000000,0,0,0,0,0,0,0,0,9223372036854775808,5000000000,5000000000,0,0,0,0,0,0,0,0
86000,1,0,119,0,0,tick,86001,0,0,0,0,5000000000,1000000000,10000000000,500000000,1000000000,4611686018427387904,1000,4000,100000,1,0,9223372036854775808,5000000000,5000000000,0,0,0,0,0,0,0,0,9223372036854775808,5000000000,5000000000,0,0,0,0,0,0,0,0
86000,1,1,119,1,1,tick,86001,0,0,0,0,5000000000,1000000000,10000000000,500000000,1000000000,4611686018427387904,1000,4000,100000,1,0,9223372036854775808,5000000000,5000000000,0,0,0,0,0,0,0,0,9223372036854775808,5000000000,5000000000,0,0,0,0,0,0,0,0
87000,1,0,120,0,0,tick,87001,0,0,0,0,5000000000,1000000000,10000000000,500000000,1000000000,4611686018427387904,1000,4000,100000,1,0,9223372036854775808,5000000000,5000000000,0,0,0,0,0,0,0,0,9223372036854775808,5000000000,5000000000,0,0,0,0,0,0,0,0
87000,1,1,120,1,1,tick,87001,0,0,0,0,5000000000,1000000000,10000000000,500000000,1000000000,4611686018427387904,1000,4000,100000,1,0,9223372036854775808,5000000000,5000000000,0,0,0,0,0,0,0,0,9223372036854775808,5000000000,5000000000,0,0,0,0,0,0,0,0
88000,1,0,121,0,0,tick,88001,0,0,0,0,5000000000,1000000000,10000000000,500000000,1000000000,4611686018427387904,1000,4000,100000,1,0,9223372036854775808,5000000000,5000000000,0,0,0,0,0,0,0,0,9223372036854775808,5000000000,5000000000,0,0,0,0,0,0,0,0
88000,1,1,121,1,1,tick,88001,0,0,0,0,5000000000,1000000000,10000000000,500000000,1000000000,4611686018427387904,1000,4000,100000,1,0,9223372036854775808,5000000000,5000000000,0,0,0,0,0,0,0,0,9223372036854775808,5000000000,5000000000,0,0,0,0,0,0,0,0
89000,1,0,122,0,0,tick,89001,0,0,0,0,5000000000,1000000000,10000000000,500000000,1000000000,4611686018427387904,1000,4000,100000,1,0,9223372036854775808,5000000000,5000000000,0,0,0,0,0,0,0,0,9223372036854775808,5000000000,5000000000,0,0,0,0,0,0,0,0
89000,1,1,122,1,1,tick,89001,0,0,0,0,5000000000,1000000000,10000000000,500000000,1000000000,4611686018427387904,1000,4000,100000,1,0,9223372036854775808,5000000000,5000000000,0,0,0,0,0,0,0,0,9223372036854775808,5000000000,5000000000,0,0,0,0,0,0,0,0
90000,1,0,124,0,0,tick,90001,0,0,0,0,5000000000,1000000000,10000000000,500000000,1000000000,4611686018427387904,1000,4000,100000,1,0,9223372036854775808,5000000000,5000000000,0,0,0,0,0,0,0,0,9223372036854775808,5000000000,5000000000,0,0,0,0,0,0,0,0
90000,1,1,124,1,1,tick,90001,0,0,0,0,5000000000,1000000000,10000000000,500000000,1000000000,4611686018427387904,1000,4000,100000,1,0,9223372036854775808,5000000000,5000000000,0,0,0,0,0,0,0,0,9223372036854775808,5000000000,5000000000,0,0,0,0,0,0,0,0
91000,1,0,127,0,0,tick,91001,0,0,0,0,5000000000,1000000000,10000000000,500000000,1000000000,4611686018427387904,1000,4000,100000,1,0,9223372036854775808,5000000000,5000000000,0,0,0,0,0,0,0,0,9223372036854775808,5000000000,5000000000,0,0,0,0,0,0,0,0
91000,1,1,127,1,1,tick,91001,0,0,0,0,5000000000,1000000000,10000000000,500000000,1000000000,4611686018427387904,1000,4000,100000,1,0,9223372036854775808,5000000000,5000000000,0,0,0,0,0,0,0,0,9223372036854775808,5000000000,5000000000,0,0,0,0,0,0,0,0
92000,1,0,128,0,0,tick,92001,0,0,0,0,5000000000,1000000000,10000000000,500000000,1000000000,4611686018427387904,1000,4000,100000,1,0,9223372036854775808,5000000000,5000000000,0,0,0,0,0,0,0,0,9223372036854775808,5000000000,5000000000,0,0,0,0,0,0,0,0
92000,1,1,128,1,1,tick,92001,0,0,0,0,5000000000,1000000000,10000000000,500000000,1000000000,4611686018427387904,1000,4000,100000,1,0,9223372036854775808,5000000000,5000000000,0,0,0,0,0,0,0,0,9223372036854775808,5000000000,5000000000,0,0,0,0,0,0,0,0
93000,1,0,129,0,0,tick,93001,0,0,0,0,5000000000,1000000000,10000000000,500000000,1000000000,4611686018427387904,1000,4000,100000,1,0,9223372036854775808,5000000000,5000000000,0,0,0,0,0,0,0,0,9223372036854775808,5000000000,5000000000,0,0,0,0,0,0,0,0
93000,1,1,129,1,1,tick,93001,0,0,0,0,5000000000,1000000000,10000000000,500000000,1000000000,4611686018427387904,1000,4000,100000,1,0,9223372036854775808,5000000000,5000000000,0,0,0,0,0,0,0,0,9223372036854775808,5000000000,5000000000,0,0,0,0,0,0,0,0
94000,1,0,130,0,0,tick,94001,0,0,0,0,5000000000,1000000000,10000000000,500000000,1000000000,4611686018427387904,1000,4000,100000,1,0,9223372036854775808,5000000000,5000000000,0,0,0,0,0,0,0,0,9223372036854775808,5000000000,5000000000,0,0,0,0,0,0,0,0
94000,1,1,130,1,1,tick,94001,0,0,0,0,5000000000,1000000000,10000000000,500000000,1000000000,4611686018427387904,1000,4000,100000,1,0,9223372036854775808,5000000000,5000000000,0,0,0,0,0,0,0,0,9223372036854775808,5000000000,5000000000,0,0,0,0,0,0,0,0
95000,1,0,131,0,0,tick,95001,0,0,0,0,5000000000,1000000000,10000000000,500000000,1000000000,4611686018427387904,1000,4000,100000,1,0,9223372036854775808,5000000000,5000000000,0,0,0,0,0,0,0,0,9223372036854775808,5000000000,5000000000,0,0,0,0,0,0,0,0
95000,1,1,131,1,1,tick,95001,0,0,0,0,5000000000,1000000000,10000000000,500000000,1000000000,4611686018427387904,1000,4000,100000,1,0,9223372036854775808,5000000000,5000000000,0,0,0,0,0,0,0,0,9223372036854775808,5000000000,5000000000,0,0,0,0,0,0,0,0
96000,1,0,132,0,0,tick,96001,0,0,0,0,5000000000,1000000000,10000000000,500000000,1000000000,4611686018427387904,1000,4000,100000,1,0,9223372036854775808,5000000000,5000000000,0,0,0,0,0,0,0,0,9223372036854775808,5000000000,5000000000,0,0,0,0,0,0,0,0
96000,1,1,132,1,1,tick,96001,0,0,0,0,5000000000,1000000000,10000000000,500000000,1000000000,4611686018427387904,1000,4000,100000,1,0,9223372036854775808,5000000000,5000000000,0,0,0,0,0,0,0,0,9223372036854775808,5000000000,5000000000,0,0,0,0,0,0,0,0
97000,1,0,133,0,0,tick,97001,0,0,0,0,5000000000,1000000000,10000000000,500000000,1000000000,4611686018427387904,1000,4000,100000,1,0,9223372036854775808,5000000000,5000000000,0,0,0,0,0,0,0,0,9223372036854775808,5000000000,5000000000,0,0,0,0,0,0,0,0
97000,1,1,133,1,1,tick,97001,0,0,0,0,5000000000,1000000000,10000000000,500000000,1000000000,4611686018427387904,1000,4000,100000,1,0,9223372036854775808,5000000000,5000000000,0,0,0,0,0,0,0,0,9223372036854775808,5000000000,5000000000,0,0,0,0,0,0,0,0
98000,1,0,135,0,0,tick,98001,0,0,0,0,5000000000,1000000000,10000000000,500000000,1000000000,4611686018427387904,1000,4000,100000,1,0,9223372036854775808,5000000000,5000000000,0,0,0,0,0,0,0,0,9223372036854775808,5000000000,5000000000,0,0,0,0,0,0,0,0
98000,1,1,135,1,1,tick,98001,0,0,0,0,5000000000,1000000000,10000000000,500000000,1000000000,4611686018427387904,1000,4000,100000,1,0,9223372036854775808,5000000000,5000000000,0,0,0,0,0,0,0,0,9223372036854775808,5000000000,5000000000,0,0,0,0,0,0,0,0
99000,1,0,138,0,0,tick,99001,0,0,0,0,5000000000,1000000000,10000000000,500000000,1000000000,4611686018427387904,1000,4000,100000,1,0,9223372036854775808,5000000000,5000000000,0,0,0,0,0,0,0,0,9223372036854775808,5000000000,5000000000,0,0,0,0,0,0,0,0
99000,1,1,138,1,1,tick,99001,0,0,0,0,5000000000,1000000000,10000000000,500000000,1000000000,4611686018427387904,1000,4000,100000,1,0,9223372036854775808,5000000000,5000000000,0,0,0,0,0,0,0,0,9223372036854775808,5000000000,5000000000,0,0,0,0,0,0,0,0
100000,1,0,139,0,0,tick,100001,0,0,0,0,5000000000,1000000000,10000000000,500000000,1000000000,4611686018427387904,1000,4000,100000,1,0,9223372036854775808,5000000000,5000000000,0,0,0,0,0,0,0,0,9223372036854775808,5000000000,5000000000,0,0,0,0,0,0,0,0
100000,1,1,139,1,1,tick,100001,0,0,0,0,5000000000,1000000000,10000000000,500000000,1000000000,4611686018427387904,1000,4000,100000,1,0,9223372036854775808,5000000000,5000000000,0,0,0,0,0,0,0,0,9223372036854775808,5000000000,5000000000,0,0,0,0,0,0,0,0
101000,1,0,140,0,0,tick,101001,0,0,0,0,5000000000,1000000000,10000000000,500000000,1000000000,4611686018427387904,1000,4000,100000,1,0,9223372036854775808,5000000000,5000000000,0,0,0,0,0,0,0,0,9223372036854775808,5000000000,5000000000,0,0,0,0,0,0,0,0
101000,1,1,140,1,1,tick,101001,0,0,0,0,5000000000,1000000000,10000000000,500000000,1000000000,4611686018427387904,1000,4000,100000,1,0,9223372036854775808,5000000000,5000000000,0,0,0,0,0,0,0,0,9223372036854775808,5000000000,5000000000,0,0,0,0,0,0,0,0
102000,1,0,141,0,0,tick,102001,0,0,0,0,5000000000,1000000000,10000000000,500000000,1000000000,4611686018427387904,1000,4000,100000,1,0,9223372036854775808,5000000000,5000000000,0,0,0,0,0,0,0,0,9223372036854775808,5000000000,5000000000,0,0,0,0,0,0,0,0
102000,1,1,141,1,1,tick,102001,0,0,0,0,5000000000,1000000000,10000000000,500000000,1000000000,4611686018427387904,1000,4000,100000,1,0,9223372036854775808,5000000000,5000000000,0,0,0,0,0,0,0,0,9223372036854775808,5000000000,5000000000,0,0,0,0,0,0,0,0
103000,1,0,142,0,0,tick,103001,0,0,0,0,5000000000,1000000000,10000000000,500000000,1000000000,4611686018427387904,1000,4000,100000,1,0,9223372036854775808,5000000000,5000000000,0,0,0,0,0,0,0,0,9223372036854775808,5000000000,5000000000,0,0,0,0,0,0,0,0
103000,1,1,142,1,1,tick,103001,0,0,0,0,5000000000,1000000000,10000000000,500000000,1000000000,4611686018427387904,1000,4000,100000,1,0,9223372036854775808,5000000000,5000000000,0,0,0,0,0,0,0,0,9223372036854775808,5000000000,5000000000,0,0,0,0,0,0,0,0
104000,1,0,143,0,0,tick,104001,0,0,0,0,5000000000,1000000000,10000000000,500000000,1000000000,4611686018427387904,1000,4000,100000,1,0,9223372036854775808,5000000000,5000000000,0,0,0,0,0,0,0,0,9223372036854775808,5000000000,5000000000,0,0,0,0,0,0,0,0
104000,1,1,143,1,1,tick,104001,0,0,0,0,5000000000,1000000000,10000000000,500000000,1000000000,4611686018427387904,1000,4000,100000,1,0,9223372036854775808,5000000000,5000000000,0,0,0,0,0,0,0,0,9223372036854775808,5000000000,5000000000,0,0,0,0,0,0,0,0
105000,1,0,144,0,0,tick,105001,0,0,0,0,5000000000,1000000000,10000000000,500000000,1000000000,4611686018427387904,1000,4000,100000,1,0,9223372036854775808,5000000000,5000000000,0,0,0,0,0,0,0,0,9223372036854775808,5000000000,5000000000,0,0,0,0,0,0,0,0
105000,1,1,144,1,1,tick,105001,0,0,0,0,5000000000,1000000000,10000000000,500000000,1000000000,4611686018427387904,1000,4000,100000,1,0,9223372036854775808,5000000000,5000000000,0,0,0,0,0,0,0,0,9223372036854775808,5000000000,5000000000,0,0,0,0,0,0,0,0
106000,1,0,146,0,0,tick,106001,0,0,0,0,5000000000,1000000000,10000000000,500000000,1000000000,4611686018427387904,1000,4000,100000,1,0,9223372036854775808,5000000000,5000000000,0,0,0,0,0,0,0,0,9223372036854775808,5000000000,5000000000,0,0,0,0,0,0,0,0
106000,1,1,146,1,1,tick,106001,0,0,0,0,5000000000,1000000000,10000000000,500000000,1000000000,4611686018427387904,1000,4000,100000,1,0,9223372036854775808,5000000000,5000000000,0,0,0,0,0,0,0,0,9223372036854775808,5000000000,5000000000,0,0,0,0,0,0,0,0
107000,1,0,149,0,0,tick,107001,0,0,0,0,5000000000,1000000000,10000000000,500000000,1000000000,4611686018427387904,1000,4000,100000,1,0,9223372036854775808,5000000000,5000000000,0,0,0,0,0,0,0,0,9223372036854775808,5000000000,5000000000,0,0,0,0,0,0,0,0
107000,1,1,149,1,1,tick,107001,0,0,0,0,5000000000,1000000000,10000000000,500000000,1000000000,4611686018427387904,1000,4000,100000,1,0,9223372036854775808,5000000000,5000000000,0,0,0,0,0,0,0,0,9223372036854775808,5000000000,5000000000,0,0,0,0,0,0,0,0
108000,1,0,150,0,0,tick,108001,0,0,0,0,5000000000,1000000000,10000000000,500000000,1000000000,4611686018427387904,1000,4000,100000,1,0,9223372036854775808,5000000000,5000000000,0,0,0,0,0,0,0,0,9223372036854775808,5000000000,5000000000,0,0,0,0,0,0,0,0
108000,1,1,150,1,1,tick,108001,0,0,0,0,5000000000,1000000000,10000000000,500000000,1000000000,4611686018427387904,1000,4000,100000,1,0,9223372036854775808,5000000000,5000000000,0,0,0,0,0,0,0,0,9223372036854775808,5000000000,5000000000,0,0,0,0,0,0,0,0
109000,1,0,151,0,0,tick,109001,0,0,0,0,5000000000,1000000000,10000000000,500000000,1000000000,4611686018427387904,1000,4000,100000,1,0,9223372036854775808,5000000000,5000000000,0,0,0,0,0,0,0,0,9223372036854775808,5000000000,5000000000,0,0,0,0,0,0,0,0
109000,1,1,151,1,1,tick,109001,0,0,0,0,5000000000,1000000000,10000000000,500000000,1000000000,4611686018427387904,1000,4000,100000,1,0,9223372036854775808,5000000000,5000000000,0,0,0,0,0,0,0,0,9223372036854775808,5000000000,5000000000,0,0,0,0,0,0,0,0
110000,1,0,152,0,0,tick,110001,0,0,0,0,5000000000,1000000000,10000000000,500000000,1000000000,4611686018427387904,1000,4000,100000,1,0,9223372036854775808,5000000000,5000000000,0,0,0,0,0,0,0,0,9223372036854775808,5000000000,5000000000,0,0,0,0,0,0,0,0
110000,1,1,152,1,1,tick,110001,0,0,0,0,5000000000,1000000000,10000000000,500000000,1000000000,4611686018427387904,1000,4000,100000,1,0,9223372036854775808,5000000000,5000000000,0,0,0,0,0,0,0,0,9223372036854775808,5000000000,5000000000,0,0,0,0,0,0,0,0
111000,1,0,153,0,0,tick,111001,0,0,0,0,5000000000,1000000000,10000000000,500000000,1000000000,4611686018427387904,1000,4000,100000,1,0,9223372036854775808,5000000000,5000000000,0,0,0,0,0,0,0,0,9223372036854775808,5000000000,5000000000,0,0,0,0,0,0,0,0
111000,1,1,153,1,1,tick,111001,0,0,0,0,5000000000,1000000000,10000000000,500000000,1000000000,4611686018427387904,1000,4000,100000,1,0,9223372036854775808,5000000000,5000000000,0,0,0,0,0,0,0,0,9223372036854775808,5000000000,5000000000,0,0,0,0,0,0,0,0
112000,1,0,154,0,0,tick,112001,0,0,0,0,5000000000,1000000000,10000000000,500000000,1000000000,4611686018427387904,1000,4000,100000,1,0,9223372036854775808,5000000000,5000000000,0,0,0,0,0,0,0,0,9223372036854775808,5000000000,5000000000,0,0,0,0,0,0,0,0
112000,1,1,154,1,1,tick,112001,0,0,0,0,5000000000,1000000000,10000000000,500000000,1000000000,4611686018427387904,1000,4000,100000,1,0,9223372036854775808,5000000000,5000000000,0,0,0,0,0,0,0,0,9223372036854775808,5000000000,5000000000,0,0,0,0,0,0,0,0
113000,1,0,155,0,0,tick,113001,0,0,0,0,5000000000,1000000000,10000000000,500000000,1000000000,4611686018427387904,1000,4000,100000,1,0,9223372036854775808,5000000000,5000000000,0,0,0,0,0,0,0,0,9223372036854775808,5000000000,5000000000,0,0,0,0,0,0,0,0
113000,1,1,155,1,1,tick,113001,0,0,0,0,5000000000,1000000000,10000000000,500000000,1000000000,4611686018427387904,1000,4000,100000,1,0,9223372036854775808,5000000000,5000000000,0,0,0,0,0,0,0,0,9223372036854775808,5000000000,5000000000,0,0,0,0,0,0,0,0
114000,1,0,157,0,0,tick,114001,0,0,0,0,5000000000,1000000000,10000000000,500000000,1000000000,4611686018427387904,1000,4000,100000,1,0,9223372036854775808,5000000000,5000000000,0,0,0,0,0,0,0,0,9223372036854775808,5000000000,5000000000,0,0,0,0,0,0,0,0
114000,1,1,157,1,1,tick,114001,0,0,0,0,5000000000,1000000000,10000000000,500000000,1000000000,4611686018427387904,1000,4000,100000,1,0,9223372036854775808,5000000000,5000000000,0,0,0,0,0,0,0,0,9223372036854775808,5000000000,5000000000,0,0,0,0,0,0,0,0
115000,1,0,160,0,0,tick,115001,0,0,0,0,5000000000,1000000000,10000000000,500000000,1000000000,4611686018427387904,1000,4000,100000,1,0,9223372036854775808,5000000000,5000000000,0,0,0,0,0,0,0,0,9223372036854775808,5000000000,5000000000,0,0,0,0,0,0,0,0
115000,1,1,160,1,1,tick,115001,0,0,0,0,5000000000,1000000000,10000000000,500000000,1000000000,4611686018427387904,1000,4000,100000,1,0,9223372036854775808,5000000000,5000000000,0,0,0,0,0,0,0,0,9223372036854775808,5000000000,5000000000,0,0,0,0,0,0,0,0
116000,1,0,161,0,0,tick,116001,0,0,0,0,5000000000,1000000000,10000000000,500000000,1000000000,4611686018427387904,1000,4000,100000,1,0,9223372036854775808,5000000000,5000000000,0,0,0,0,0,0,0,0,9223372036854775808,5000000000,5000000000,0,0,0,0,0,0,0,0
116000,1,1,161,1,1,tick,116001,0,0,0,0,5000000000,1000000000,10000000000,500000000,1000000000,4611686018427387904,1000,4000,100000,1,0,9223372036854775808,5000000000,5000000000,0,0,0,0,0,0,0,0,9223372036854775808,5000000000,5000000000,0,0,0,0,0,0,0,0
117000,1,0,162,0,0,tick,117001,0,0,0,0,5000000000,1000000000,10000000000,500000000,1000000000,4611686018427387904,1000,4000,100000,1,0,9223372036854775808,5000000000,5000000000,0,0,0,0,0,0,0,0,9223372036854775808,5000000000,5000000000,0,0,0,0,0,0,0,0
117000,1,1,162,1,1,tick,117001,0,0,0,0,5000000000,1000000000,10000000000,500000000,1000000000,4611686018427387904,1000,4000,100000,1,0,9223372036854775808,5000000000,5000000000,0,0,0,0,0,0,0,0,9223372036854775808,5000000000,5000000000,0,0,0,0,0,0,0,0
118000,1,0,163,0,0,tick,118001,0,0,0,0,5000000000,1000000000,10000000000,500000000,1000000000,4611686018427387904,1000,4000,100000,1,0,9223372036854775808,5000000000,5000000000,0,0,0,0,0,0,0,0,9223372036854775808,5000000000,5000000000,0,0,0,0,0,0,0,0
118000,1,1,163,1,1,tick,118001,0,0,0,0,5000000000,1000000000,10000000000,500000000,1000000000,4611686018427387904,1000,4000,100000,1,0,9223372036854775808,5000000000,5000000000,0,0,0,0,0,0,0,0,9223372036854775808,5000000000,5000000000,0,0,0,0,0,0,0,0
119000,1,0,164,0,0,tick,119001,0,0,0,0,5000000000,1000000000,10000000000,500000000,1000000000,4611686018427387904,1000,4000,100000,1,0,9223372036854775808,5000000000,5000000000,0,0,0,0,0,0,0,0,9223372036854775808,5000000000,5000000000,0,0,0,0,0,0,0,0
119000,1,1,164,1,1,tick,119001,0,0,0,0,5000000000,1000000000,10000000000,500000000,1000000000,4611686018427387904,1000,4000,100000,1,0,9223372036854775808,5000000000,5000000000,0,0,0,0,0,0,0,0,9223372036854775808,5000000000,5000000000,0,0,0,0,0,0,0,0
120000,1,0,165,0,0,tick,120001,0,0,0,0,5000000000,1000000000,10000000000,500000000,1000000000,4611686018427387904,1000,4000,100000,1,0,9223372036854775808,5000000000,5000000000,0,0,0,0,0,0,0,0,9223372036854775808,5000000000,5000000000,0,0,0,0,0,0,0,0
120000,1,1,165,1,1,tick,120001,0,0,0,0,5000000000,1000000000,10000000000,500000000,1000000000,4611686018427387904,1000,4000,100000,1,0,9223372036854775808,5000000000,5000000000,0,0,0,0,0,0,0,0,9223372036854775808,5000000000,5000000000,0,0,0,0,0,0,0,0
121000,1,0,166,0,0,tick,121001,0,0,0,0,5000000000,1000000000,10000000000,500000000,1000000000,4611686018427387904,1000,4000,100000,1,0,9223372036854775808,5000000000,5000000000,0,0,0,0,0,0,0,0,9223372036854775808,5000000000,5000000000,0,0,0,0,0,0,0,0
121000,1,1,166,1,1,tick,121001,0,0,0,0,5000000000,1000000000,10000000000,500000000,1000000000,4611686018427387904,1000,4000,100000,1,0,9223372036854775808,5000000000,5000000000,0,0,0,0,0,0,0,0,9223372036854775808,5000000000,5000000000,0,0,0,0,0,0,0,0
122000,1,0,168,0,0,tick,122001,0,0,0,0,5000000000,1000000000,10000000000,500000000,1000000000,4611686018427387904,1000,4000,100000,1,0,9223372036854775808,5000000000,5000000000,0,0,0,0,0,0,0,0,9223372036854775808,5000000000,5000000000,0,0,0,0,0,0,0,0
122000,1,1,168,1,1,tick,122001,0,0,0,0,5000000000,1000000000,10000000000,500000000,1000000000,4611686018427387904,1000,4000,100000,1,0,9223372036854775808,5000000000,5000000000,0,0,0,0,0,0,0,0,9223372036854775808,5000000000,5000000000,0,0,0,0,0,0,0,0
123000,1,0,171,0,0,tick,123001,0,0,0,0,5000000000,1000000000,10000000000,500000000,1000000000,4611686018427387904,1000,4000,100000,1,0,9223372036854775808,5000000000,5000000000,0,0,0,0,0,0,0,0,9223372036854775808,5000000000,5000000000,0,0,0,0,0,0,0,0
123000,1,1,171,1,1,tick,123001,0,0,0,0,5000000000,1000000000,10000000000,500000000,1000000000,4611686018427387904,1000,4000,100000,1,0,9223372036854775808,5000000000,5000000000,0,0,0,0,0,0,0,0,9223372036854775808,5000000000,5000000000,0,0,0,0,0,0,0,0
124000,1,0,172,0,0,tick,124001,0,0,0,0,5000000000,1000000000,10000000000,500000000,1000000000,4611686018427387904,1000,4000,100000,1,0,9223372036854775808,5000000000,5000000000,0,0,0,0,0,0,0,0,9223372036854775808,5000000000,5000000000,0,0,0,0,0,0,0,0
124000,1,1,172,1,1,tick,124001,0,0,0,0,5000000000,1000000000,10000000000,500000000,1000000000,4611686018427387904,1000,4000,100000,1,0,9223372036854775808,5000000000,5000000000,0,0,0,0,0,0,0,0,9223372036854775808,5000000000,5000000000,0,0,0,0,0,0,0,0
125000,1,0,173,0,0,tick,125001,0,0,0,0,5000000000,1000000000,10000000000,500000000,1000000000,4611686018427387904,1000,4000,100000,1,0,9223372036854775808,5000000000,5000000000,0,0,0,0,0,0,0,0,9223372036854775808,5000000000,5000000000,0,0,0,0,0,0,0,0
125000,1,1,173,1,1,tick,125001,0,0,0,0,5000000000,1000000000,10000000000,500000000,1000000000,4611686018427387904,1000,4000,100000,1,0,9223372036854775808,5000000000,5000000000,0,0,0,0,0,0,0,0,9223372036854775808,5000000000,5000000000,0,0,0,0,0,0,0,0
126000,1,0,174,0,0,tick,126001,0,0,0,0,5000000000,1000000000,10000000000,500000000,1000000000,4611686018427387904,1000,4000,100000,1,0,9223372036854775808,5000000000,5000000000,0,0,0,0,0,0,0,0,9223372036854775808,5000000000,5000000000,0,0,0,0,0,0,0,0
126000,1,1,174,1,1,tick,126001,0,0,0,0,5000000000,1000000000,10000000000,500000000,1000000000,4611686018427387904,1000,4000,100000,1,0,9223372036854775808,5000000000,5000000000,0,0,0,0,0,0,0,0,9223372036854775808,5000000000,5000000000,0,0,0,0,0,0,0,0
127000,1,0,175,0,0,tick,127001,0,0,0,0,5000000000,1000000000,10000000000,500000000,1000000000,4611686018427387904,1000,4000,100000,1,0,9223372036854775808,5000000000,5000000000,0,0,0,0,0,0,0,0,9223372036854775808,5000000000,5000000000,0,0,0,0,0,0,0,0
127000,1,1,175,1,1,tick,127001,0,0,0,0,5000000000,1000000000,10000000000,500000000,1000000000,4611686018427387904,1000,4000,100000,1,0,9223372036854775808,5000000000,5000000000,0,0,0,0,0,0,0,0,9223372036854775808,5000000000,5000000000,0,0,0,0,0,0,0,0
128000,1,0,176,0,0,tick,128001,0,0,0,0,5000000000,1000000000,10000000000,500000000,1000000000,4611686018427387904,1000,4000,100000,1,0,9223372036854775808,5000000000,5000000000,0,0,0,0,0,0,0,0,9223372036854775808,5000000000,5000000000,0,0,0,0,0,0,0,0
128000,1,1,176,1,1,tick,128001,0,0,0,0,5000000000,1000000000,10000000000,500000000,1000000000,4611686018427387904,1000,4000,100000,1,0,9223372036854775808,5000000000,5000000000,0,0,0,0,0,0,0,0,9223372036854775808,5000000000,5000000000,0,0,0,0,0,0,0,0
129000,1,0,177,0,0,tick,129001,0,0,0,0,5000000000,1000000000,10000000000,500000000,1000000000,4611686018427387904,1000,4000,100000,1,0,9223372036854775808,5000000000,5000000000,0,0,0,0,0,0,0,0,9223372036854775808,5000000000,5000000000,0,0,0,0,0,0,0,0
129000,1,1,177,1,1,tick,129001,0,0,0,0,5000000000,1000000000,10000000000,500000000,1000000000,4611686018427387904,1000,4000,100000,1,0,9223372036854775808,5000000000,5000000000,0,0,0,0,0,0,0,0,9223372036854775808,5000000000,5000000000,0,0,0,0,0,0,0,0
130000,1,0,179,0,0,tick,130001,0,0,0,0,5000000000,1000000000,10000000000,500000000,1000000000,4611686018427387904,1000,4000,100000,1,0,9223372036854775808,5000000000,5000000000,0,0,0,0,0,0,0,0,9223372036854775808,5000000000,5000000000,0,0,0,0,0,0,0,0
130000,1,1,179,1,1,tick,130001,0,0,0,0,5000000000,1000000000,10000000000,500000000,1000000000,4611686018427387904,1000,4000,100000,1,0,9223372036854775808,5000000000,5000000000,0,0,0,0,0,0,0,0,9223372036854775808,5000000000,5000000000,0,0,0,0,0,0,0,0
131000,1,0,182,0,0,tick,131001,0,0,0,0,5000000000,1000000000,10000000000,500000000,1000000000,4611686018427387904,1000,4000,100000,1,0,9223372036854775808,5000000000,5000000000,0,0,0,0,0,0,0,0,9223372036854775808,5000000000,5000000000,0,0,0,0,0,0,0,0
131000,1,1,182,1,1,tick,131001,0,0,0,0,5000000000,1000000000,10000000000,500000000,1000000000,4611686018427387904,1000,4000,100000,1,0,9223372036854775808,5000000000,5000000000,0,0,0,0,0,0,0,0,9223372036854775808,5000000000,5000000000,0,0,0,0,0,0,0,0
132000,1,0,183,0,0,tick,132001,0,0,0,0,5000000000,1000000000,10000000000,500000000,1000000000,4611686018427387904,1000,4000,100000,1,0,9223372036854775808,5000000000,5000000000,0,0,0,0,0,0,0,0,9223372036854775808,5000000000,5000000000,0,0,0,0,0,0,0,0
132000,1,1,183,1,1,tick,132001,0,0,0,0,5000000000,1000000000,10000000000,500000000,1000000000,4611686018427387904,1000,4000,100000,1,0,9223372036854775808,5000000000,5000000000,0,0,0,0,0,0,0,0,9223372036854775808,5000000000,5000000000,0,0,0,0,0,0,0,0
133000,1,0,184,0,0,tick,133001,0,0,0,0,5000000000,1000000000,10000000000,500000000,1000000000,4611686018427387904,1000,4000,100000,1,0,9223372036854775808,5000000000,5000000000,0,0,0,0,0,0,0,0,9223372036854775808,5000000000,5000000000,0,0,0,0,0,0,0,0
133000,1,1,184,1,1,tick,133001,0,0,0,0,5000000000,1000000000,10000000000,500000000,1000000000,4611686018427387904,1000,4000,100000,1,0,9223372036854775808,5000000000,5000000000,0,0,0,0,0,0,0,0,9223372036854775808,5000000000,5000000000,0,0,0,0,0,0,0,0
134000,1,0,185,0,0,tick,134001,0,0,0,0,5000000000,1000000000,10000000000,500000000,1000000000,4611686018427387904,1000,4000,100000,1,0,9223372036854775808,5000000000,5000000000,0,0,0,0,0,0,0,0,9223372036854775808,5000000000,5000000000,0,0,0,0,0,0,0,0
134000,1,1,185,1,1,tick,134001,0,0,0,0,5000000000,1000000000,10000000000,500000000,1000000000,4611686018427387904,1000,4000,100000,1,0,9223372036854775808,5000000000,5000000000,0,0,0,0,0,0,0,0,9223372036854775808,5000000000,5000000000,0,0,0,0,0,0,0,0
135000,1,0,186,0,0,tick,135001,0,0,0,0,5000000000,1000000000,10000000000,500000000,1000000000,4611686018427387904,1000,4000,100000,1,0,9223372036854775808,5000000000,5000000000,0,0,0,0,0,0,0,0,9223372036854775808,5000000000,5000000000,0,0,0,0,0,0,0,0
135000,1,1,186,1,1,tick,135001,0,0,0,0,5000000000,1000000000,10000000000,500000000,1000000000,4611686018427387904,1000,4000,100000,1,0,9223372036854775808,5000000000,5000000000,0,0,0,0,0,0,0,0,9223372036854775808,5000000000,5000000000,0,0,0,0,0,0,0,0
136000,1,0,187,0,0,tick,136001,0,0,0,0,5000000000,1000000000,10000000000,500000000,1000000000,4611686018427387904,1000,4000,100000,1,0,9223372036854775808,5000000000,5000000000,0,0,0,0,0,0,0,0,9223372036854775808,5000000000,5000000000,0,0,0,0,0,0,0,0
136000,1,1,187,1,1,tick,136001,0,0,0,0,5000000000,1000000000,10000000000,500000000,1000000000,4611686018427387904,1000,4000,100000,1,0,9223372036854775808,5000000000,5000000000,0,0,0,0,0,0,0,0,9223372036854775808,5000000000,5000000000,0,0,0,0,0,0,0,0
137000,1,0,188,0,0,tick,137001,0,0,0,0,5000000000,1000000000,10000000000,500000000,1000000000,4611686018427387904,1000,4000,100000,1,0,9223372036854775808,5000000000,5000000000,0,0,0,0,0,0,0,0,9223372036854775808,5000000000,5000000000,0,0,0,0,0,0,0,0
137000,1,1,188,1,1,tick,137001,0,0,0,0,5000000000,1000000000,10000000000,500000000,1000000000,4611686018427387904,1000,4000,100000,1,0,9223372036854775808,5000000000,5000000000,0,0,0,0,0,0,0,0,9223372036854775808,5000000000,5000000000,0,0,0,0,0,0,0,0
138000,1,0,190,0,0,tick,138001,0,0,0,0,5000000000,1000000000,10000000000,500000000,1000000000,4611686018427387904,1000,4000,100000,1,0,9223372036854775808,5000000000,5000000000,0,0,0,0,0,0,0,0,9223372036854775808,5000000000,5000000000,0,0,0,0,0,0,0,0
138000,1,1,190,1,1,tick,138001,0,0,0,0,5000000000,1000000000,10000000000,500000000,1000000000,4611686018427387904,1000,4000,100000,1,0,9223372036854775808,5000000000,5000000000,0,0,0,0,0,0,0,0,9223372036854775808,5000000000,5000000000,0,0,0,0,0,0,0,0
139000,1,0,193,0,0,tick,139001,0,0,0,0,5000000000,1000000000,10000000000,500000000,1000000000,4611686018427387904,1000,4000,100000,1,0,9223372036854775808,5000000000,5000000000,0,0,0,0,0,0,0,0,9223372036854775808,5000000000,5000000000,0,0,0,0,0,0,0,0
139000,1,1,193,1,1,tick,139001,0,0,0,0,5000000000,1000000000,10000000000,500000000,1000000000,4611686018427387904,1000,4000,100000,1,0,9223372036854775808,5000000000,5000000000,0,0,0,0,0,0,0,0,9223372036854775808,5000000000,5000000000,0,0,0,0,0,0,0,0
140000,1,0,194,0,0,tick,140001,0,0,0,0,5000000000,1000000000,10000000000,500000000,1000000000,4611686018427387904,1000,4000,100000,1,0,9223372036854775808,5000000000,5000000000,0,0,0,0,0,0,0,0,9223372036854775808,5000000000,5000000000,0,0,0,0,0,0,0,0
140000,1,1,194,1,1,tick,140001,0,0,0,0,5000000000,1000000000,10000000000,500000000,1000000000,4611686018427387904,1000,4000,100000,1,0,9223372036854775808,5000000000,5000000000,0,0,0,0,0,0,0,0,9223372036854775808,5000000000,5000000000,0,0,0,0,0,0,0,0
141000,1,0,195,0,0,tick,141001,0,0,0,0,5000000000,1000000000,10000000000,500000000,1000000000,4611686018427387904,1000,4000,100000,1,0,9223372036854775808,5000000000,5000000000,0,0,0,0,0,0,0,0,9223372036854775808,5000000000,5000000000,0,0,0,0,0,0,0,0
141000,1,1,195,1,1,tick,141001,0,0,0,0,5000000000,1000000000,10000000000,500000000,1000000000,4611686018427387904,1000,4000,100000,1,0,9223372036854775808,5000000000,5000000000,0,0,0,0,0,0,0,0,9223372036854775808,5000000000,5000000000,0,0,0,0,0,0,0,0
142000,1,0,196,0,0,tick,142001,0,0,0,0,5000000000,1000000000,10000000000,500000000,1000000000,4611686018427387904,1000,4000,100000,1,0,9223372036854775808,5000000000,5000000000,0,0,0,0,0,0,0,0,9223372036854775808,5000000000,5000000000,0,0,0,0,0,0,0,0
142000,1,1,196,1,1,tick,142001,0,0,0,0,5000000000,1000000000,10000000000,500000000,1000000000,4611686018427387904,1000,4000,100000,1,0,9223372036854775808,5000000000,5000000000,0,0,0,0,0,0,0,0,9223372036854775808,5000000000,5000000000,0,0,0,0,0,0,0,0
143000,1,0,197,0,0,tick,143001,0,0,0,0,5000000000,1000000000,10000000000,500000000,1000000000,4611686018427387904,1000,4000,100000,1,0,9223372036854775808,5000000000,5000000000,0,0,0,0,0,0,0,0,9223372036854775808,5000000000,5000000000,0,0,0,0,0,0,0,0
143000,1,1,197,1,1,tick,143001,0,0,0,0,5000000000,1000000000,10000000000,500000000,1000000000,4611686018427387904,1000,4000,100000,1,0,9223372036854775808,5000000000,5000000000,0,0,0,0,0,0,0,0,9223372036854775808,5000000000,5000000000,0,0,0,0,0,0,0,0
144000,1,0,198,0,0,tick,144001,0,0,0,0,5000000000,1000000000,10000000000,500000000,1000000000,4611686018427387904,1000,4000,100000,1,0,9223372036854775808,5000000000,5000000000,0,0,0,0,0,0,0,0,9223372036854775808,5000000000,5000000000,0,0,0,0,0,0,0,0
144000,1,1,198,1,1,tick,144001,0,0,0,0,5000000000,1000000000,10000000000,500000000,1000000000,4611686018427387904,1000,4000,100000,1,0,9223372036854775808,5000000000,5000000000,0,0,0,0,0,0,0,0,9223372036854775808,5000000000,5000000000,0,0,0,0,0,0,0,0
145000,1,0,199,0,0,tick,145001,0,0,0,0,5000000000,1000000000,10000000000,500000000,1000000000,4611686018427387904,1000,4000,100000,1,0,9223372036854775808,5000000000,5000000000,0,0,0,0,0,0,0,0,9223372036854775808,5000000000,5000000000,0,0,0,0,0,0,0,0
145000,1,1,199,1,1,tick,145001,0,0,0,0,5000000000,1000000000,10000000000,500000000,1000000000,4611686018427387904,1000,4000,100000,1,0,9223372036854775808,5000000000,5000000000,0,0,0,0,0,0,0,0,9223372036854775808,5000000000,5000000000,0,0,0,0,0,0,0,0
146000,1,0,201,0,0,tick,146001,0,0,0,0,5000000000,1000000000,10000000000,500000000,1000000000,4611686018427387904,1000,4000,100000,1,0,9223372036854775808,5000000000,5000000000,0,0,0,0,0,0,0,0,9223372036854775808,5000000000,5000000000,0,0,0,0,0,0,0,0
146000,1,1,201,1,1,tick,146001,0,0,0,0,5000000000,1000000000,10000000000,500000000,1000000000,4611686018427387904,1000,4000,100000,1,0,9223372036854775808,5000000000,5000000000,0,0,0,0,0,0,0,0,9223372036854775808,5000000000,5000000000,0,0,0,0,0,0,0,0
147000,1,0,204,0,0,tick,147001,0,0,0,0,5000000000,1000000000,10000000000,500000000,1000000000,4611686018427387904,1000,4000,100000,1,0,9223372036854775808,5000000000,5000000000,0,0,0,0,0,0,0,0,9223372036854775808,5000000000,5000000000,0,0,0,0,0,0,0,0
147000,1,1,204,1,1,tick,147001,0,0,0,0,5000000000,1000000000,10000000000,500000000,1000000000,4611686018427387904,1000,4000,100000,1,0,9223372036854775808,5000000000,5000000000,0,0,0,0,0,0,0,0,9223372036854775808,5000000000,5000000000,0,0,0,0,0,0,0,0
148000,1,0,205,0,0,tick,148001,0,0,0,0,5000000000,1000000000,10000000000,500000000,1000000000,4611686018427387904,1000,4000,100000,1,0,9223372036854775808,5000000000,5000000000,0,0,0,0,0,0,0,0,9223372036854775808,5000000000,5000000000,0,0,0,0,0,0,0,0
148000,1,1,205,1,1,tick,148001,0,0,0,0,5000000000,1000000000,10000000000,500000000,1000000000,4611686018427387904,1000,4000,100000,1,0,9223372036854775808,5000000000,5000000000,0,0,0,0,0,0,0,0,9223372036854775808,5000000000,5000000000,0,0,0,0,0,0,0,0
149000,1,0,206,0,0,tick,149001,0,0,0,0,5000000000,1000000000,10000000000,500000000,1000000000,4611686018427387904,1000,4000,100000,1,0,9223372036854775808,5000000000,5000000000,0,0,0,0,0,0,0,0,9223372036854775808,5000000000,5000000000,0,0,0,0,0,0,0,0
149000,1,1,206,1,1,tick,149001,0,0,0,0,5000000000,1000000000,10000000000,500000000,1000000000,4611686018427387904,1000,4000,100000,1,0,9223372036854775808,5000000000,5000000000,0,0,0,0,0,0,0,0,9223372036854775808,5000000000,5000000000,0,0,0,0,0,0,0,0
150000,1,0,207,0,0,tick,150001,0,0,0,0,5000000000,1000000000,10000000000,500000000,1000000000,4611686018427387904,1000,4000,100000,1,0,9223372036854775808,5000000000,5000000000,0,0,0,0,0,0,0,0,9223372036854775808,5000000000,5000000000,0,0,0,0,0,0,0,0
150000,1,1,207,1,1,tick,150001,0,0,0,0,5000000000,1000000000,10000000000,500000000,1000000000,4611686018427387904,1000,4000,100000,1,0,9223372036854775808,5000000000,5000000000,0,0,0,0,0,0,0,0,9223372036854775808,5000000000,5000000000,0,0,0,0,0,0,0,0
151000,1,0,208,0,0,tick,151001,0,0,0,0,5000000000,1000000000,10000000000,500000000,1000000000,4611686018427387904,1000,4000,100000,1,0,9223372036854775808,5000000000,5000000000,0,0,0,0,0,0,0,0,9223372036854775808,5000000000,5000000000,0,0,0,0,0,0,0,0
151000,1,1,208,1,1,tick,151001,0,0,0,0,5000000000,1000000000,10000000000,500000000,1000000000,4611686018427387904,1000,4000,100000,1,0,9223372036854775808,5000000000,5000000000,0,0,0,0,0,0,0,0,9223372036854775808,5000000000,5000000000,0,0,0,0,0,0,0,0
152000,1,0,209,0,0,tick,152001,0,0,0,0,5000000000,1000000000,10000000000,500000000,1000000000,4611686018427387904,1000,4000,100000,1,0,9223372036854775808,5000000000,5000000000,0,0,0,0,0,0,0,0,9223372036854775808,5000000000,5000000000,0,0,0,0,0,0,0,0
152000,1,1,209,1,1,tick,152001,0,0,0,0,5000000000,1000000000,10000000000,500000000,1000000000,4611686018427387904,1000,4000,100000,1,0,9223372036854775808,5000000000,5000000000,0,0,0,0,0,0,0,0,9223372036854775808,5000000000,5000000000,0,0,0,0,0,0,0,0
153000,1,0,210,0,0,tick,153001,0,0,0,0,5000000000,1000000000,10000000000,500000000,1000000000,4611686018427387904,1000,4000,100000,1,0,9223372036854775808,5000000000,5000000000,0,0,0,0,0,0,0,0,9223372036854775808,5000000000,5000000000,0,0,0,0,0,0,0,0
153000,1,1,210,1,1,tick,153001,0,0,0,0,5000000000,1000000000,10000000000,500000000,1000000000,4611686018427387904,1000,4000,100000,1,0,9223372036854775808,5000000000,5000000000,0,0,0,0,0,0,0,0,9223372036854775808,5000000000,5000000000,0,0,0,0,0,0,0,0
154000,1,0,212,0,0,tick,154001,0,0,0,0,5000000000,1000000000,10000000000,500000000,1000000000,4611686018427387904,1000,4000,100000,1,0,9223372036854775808,5000000000,5000000000,0,0,0,0,0,0,0,0,9223372036854775808,5000000000,5000000000,0,0,0,0,0,0,0,0
154000,1,1,212,1,1,tick,154001,0,0,0,0,5000000000,1000000000,10000000000,500000000,1000000000,4611686018427387904,1000,4000,100000,1,0,9223372036854775808,5000000000,5000000000,0,0,0,0,0,0,0,0,9223372036854775808,5000000000,5000000000,0,0,0,0,0,0,0,0
155000,1,0,215,0,0,tick,155001,0,0,0,0,5000000000,1000000000,10000000000,500000000,1000000000,4611686018427387904,1000,4000,100000,1,0,9223372036854775808,5000000000,5000000000,0,0,0,0,0,0,0,0,9223372036854775808,5000000000,5000000000,0,0,0,0,0,0,0,0
155000,1,1,215,1,1,tick,155001,0,0,0,0,5000000000,1000000000,10000000000,500000000,1000000000,4611686018427387904,1000,4000,100000,1,0,9223372036854775808,5000000000,5000000000,0,0,0,0,0,0,0,0,9223372036854775808,5000000000,5000000000,0,0,0,0,0,0,0,0
156000,1,0,216,0,0,tick,156001,0,0,0,0,5000000000,1000000000,10000000000,500000000,1000000000,4611686018427387904,1000,4000,100000,1,0,9223372036854775808,5000000000,5000000000,0,0,0,0,0,0,0,0,9223372036854775808,5000000000,5000000000,0,0,0,0,0,0,0,0
156000,1,1,216,1,1,tick,156001,0,0,0,0,5000000000,1000000000,10000000000,500000000,1000000000,4611686018427387904,1000,4000,100000,1,0,9223372036854775808,5000000000,5000000000,0,0,0,0,0,0,0,0,9223372036854775808,5000000000,5000000000,0,0,0,0,0,0,0,0
157000,1,0,217,0,0,tick,157001,0,0,0,0,5000000000,1000000000,10000000000,500000000,1000000000,4611686018427387904,1000,4000,100000,1,0,9223372036854775808,5000000000,5000000000,0,0,0,0,0,0,0,0,9223372036854775808,5000000000,5000000000,0,0,0,0,0,0,0,0
157000,1,1,217,1,1,tick,157001,0,0,0,0,5000000000,1000000000,10000000000,500000000,1000000000,4611686018427387904,1000,4000,100000,1,0,9223372036854775808,5000000000,5000000000,0,0,0,0,0,0,0,0,9223372036854775808,5000000000,5000000000,0,0,0,0,0,0,0,0
158000,1,0,218,0,0,tick,158001,0,0,0,0,5000000000,1000000000,10000000000,500000000,1000000000,4611686018427387904,1000,4000,100000,1,0,9223372036854775808,5000000000,5000000000,0,0,0,0,0,0,0,0,9223372036854775808,5000000000,5000000000,0,0,0,0,0,0,0,0
158000,1,1,218,1,1,tick,158001,0,0,0,0,5000000000,1000000000,10000000000,500000000,1000000000,4611686018427387904,1000,4000,100000,1,0,9223372036854775808,5000000000,5000000000,0,0,0,0,0,0,0,0,9223372036854775808,5000000000,5000000000,0,0,0,0,0,0,0,0
159000,1,0,219,0,0,tick,159001,0,0,0,0,5000000000,1000000000,10000000000,500000000,1000000000,4611686018427387904,1000,4000,100000,1,0,9223372036854775808,5000000000,5000000000,0,0,0,0,0,0,0,0,9223372036854775808,5000000000,5000000000,0,0,0,0,0,0,0,0
159000,1,1,219,1,1,tick,159001,0,0,0,0,5000000000,1000000000,10000000000,500000000,1000000000,4611686018427387904,1000,4000,100000,1,0,9223372036854775808,5000000000,5000000000,0,0,0,0,0,0,0,0,9223372036854775808,5000000000,5000000000,0,0,0,0,0,0,0,0
160000,1,0,220,0,0,tick,160001,0,0,0,0,5000000000,1000000000,10000000000,500000000,1000000000,4611686018427387904,1000,4000,100000,1,0,9223372036854775808,5000000000,5000000000,0,0,0,0,0,0,0,0,9223372036854775808,5000000000,5000000000,0,0,0,0,0,0,0,0
160000,1,1,220,1,1,tick,160001,0,0,0,0,5000000000,1000000000,10000000000,500000000,1000000000,4611686018427387904,1000,4000,100000,1,0,9223372036854775808,5000000000,5000000000,0,0,0,0,0,0,0,0,9223372036854775808,5000000000,5000000000,0,0,0,0,0,0,0,0
161000,1,0,221,0,0,tick,161001,0,0,0,0,5000000000,1000000000,10000000000,500000000,1000000000,4611686018427387904,1000,4000,100000,1,0,9223372036854775808,5000000000,5000000000,0,0,0,0,0,0,0,0,9223372036854775808,5000000000,5000000000,0,0,0,0,0,0,0,0
161000,1,1,221,1,1,tick,161001,0,0,0,0,5000000000,1000000000,10000000000,500000000,1000000000,4611686018427387904,1000,4000,100000,1,0,9223372036854775808,5000000000,5000000000,0,0,0,0,0,0,0,0,9223372036854775808,5000000000,5000000000,0,0,0,0,0,0,0,0
162000,1,0,223,0,0,tick,162001,0,0,0,0,5000000000,1000000000,10000000000,500000000,1000000000,4611686018427387904,1000,4000,100000,1,0,9223372036854775808,5000000000,5000000000,0,0,0,0,0,0,0,0,9223372036854775808,5000000000,5000000000,0,0,0,0,0,0,0,0
162000,1,1,223,1,1,tick,162001,0,0,0,0,5000000000,1000000000,10000000000,500000000,1000000000,4611686018427387904,1000,4000,100000,1,0,9223372036854775808,5000000000,5000000000,0,0,0,0,0,0,0,0,9223372036854775808,5000000000,5000000000,0,0,0,0,0,0,0,0
163000,1,0,226,0,0,tick,163001,0,0,0,0,5000000000,1000000000,10000000000,500000000,1000000000,4611686018427387904,1000,4000,100000,1,0,9223372036854775808,5000000000,5000000000,0,0,0,0,0,0,0,0,9223372036854775808,5000000000,5000000000,0,0,0,0,0,0,0,0
163000,1,1,226,1,1,tick,163001,0,0,0,0,5000000000,1000000000,10000000000,500000000,1000000000,4611686018427387904,1000,4000,100000,1,0,9223372036854775808,5000000000,5000000000,0,0,0,0,0,0,0,0,9223372036854775808,5000000000,5000000000,0,0,0,0,0,0,0,0
164000,1,0,227,0,0,tick,164001,0,0,0,0,5000000000,1000000000,10000000000,500000000,1000000000,4611686018427387904,1000,4000,100000,1,0,9223372036854775808,5000000000,5000000000,0,0,0,0,0,0,0,0,9223372036854775808,5000000000,5000000000,0,0,0,0,0,0,0,0
164000,1,1,227,1,1,tick,164001,0,0,0,0,5000000000,1000000000,10000000000,500000000,1000000000,4611686018427387904,1000,4000,100000,1,0,9223372036854775808,5000000000,5000000000,0,0,0,0,0,0,0,0,9223372036854775808,5000000000,5000000000,0,0,0,0,0,0,0,0
165000,1,0,228,0,0,tick,165001,0,0,0,0,5000000000,1000000000,10000000000,500000000,1000000000,4611686018427387904,1000,4000,100000,1,0,9223372036854775808,5000000000,5000000000,0,0,0,0,0,0,0,0,9223372036854775808,5000000000,5000000000,0,0,0,0,0,0,0,0
165000,1,1,228,1,1,tick,165001,0,0,0,0,5000000000,1000000000,10000000000,500000000,1000000000,4611686018427387904,1000,4000,100000,1,0,9223372036854775808,5000000000,5000000000,0,0,0,0,0,0,0,0,9223372036854775808,5000000000,5000000000,0,0,0,0,0,0,0,0
166000,1,0,229,0,0,tick,166001,0,0,0,0,5000000000,1000000000,10000000000,500000000,1000000000,4611686018427387904,1000,4000,100000,1,0,9223372036854775808,5000000000,5000000000,0,0,0,0,0,0,0,0,9223372036854775808,5000000000,5000000000,0,0,0,0,0,0,0,0
166000,1,1,229,1,1,tick,166001,0,0,0,0,5000000000,1000000000,10000000000,500000000,1000000000,4611686018427387904,1000,4000,100000,1,0,9223372036854775808,5000000000,5000000000,0,0,0,0,0,0,0,0,9223372036854775808,5000000000,5000000000,0,0,0,0,0,0,0,0
167000,1,0,230,0,0,tick,167001,0,0,0,0,5000000000,1000000000,10000000000,500000000,1000000000,4611686018427387904,1000,4000,100000,1,0,9223372036854775808,5000000000,5000000000,0,0,0,0,0,0,0,0,9223372036854775808,5000000000,5000000000,0,0,0,0,0,0,0,0
167000,1,1,230,1,1,tick,167001,0,0,0,0,5000000000,1000000000,10000000000,500000000,1000000000,4611686018427387904,1000,4000,100000,1,0,9223372036854775808,5000000000,5000000000,0,0,0,0,0,0,0,0,9223372036854775808,5000000000,5000000000,0,0,0,0,0,0,0,0
168000,1,0,231,0,0,tick,168001,0,0,0,0,5000000000,1000000000,10000000000,500000000,1000000000,4611686018427387904,1000,4000,100000,1,0,9223372036854775808,5000000000,5000000000,0,0,0,0,0,0,0,0,9223372036854775808,5000000000,5000000000,0,0,0,0,0,0,0,0
168000,1,1,231,1,1,tick,168001,0,0,0,0,5000000000,1000000000,10000000000,500000000,1000000000,4611686018427387904,1000,4000,100000,1,0,9223372036854775808,5000000000,5000000000,0,0,0,0,0,0,0,0,9223372036854775808,5000000000,5000000000,0,0,0,0,0,0,0,0
169000,1,0,232,0,0,tick,169001,0,0,0,0,5000000000,1000000000,10000000000,500000000,1000000000,4611686018427387904,1000,4000,100000,1,0,9223372036854775808,5000000000,5000000000,0,0,0,0,0,0,0,0,9223372036854775808,5000000000,5000000000,0,0,0,0,0,0,0,0
169000,1,1,232,1,1,tick,169001,0,0,0,0,5000000000,1000000000,10000000000,500000000,1000000000,4611686018427387904,1000,4000,100000,1,0,9223372036854775808,5000000000,5000000000,0,0,0,0,0,0,0,0,9223372036854775808,5000000000,5000000000,0,0,0,0,0,0,0,0
170000,1,0,234,0,0,tick,170001,0,0,0,0,5000000000,1000000000,10000000000,500000000,1000000000,4611686018427387904,1000,4000,100000,1,0,9223372036854775808,5000000000,5000000000,0,0,0,0,0,0,0,0,9223372036854775808,5000000000,5000000000,0,0,0,0,0,0,0,0
170000,1,1,234,1,1,tick,170001,0,0,0,0,5000000000,1000000000,10000000000,500000000,1000000000,4611686018427387904,1000,4000,100000,1,0,9223372036854775808,5000000000,5000000000,0,0,0,0,0,0,0,0,9223372036854775808,5000000000,5000000000,0,0,0,0,0,0,0,0
171000,1,0,237,0,0,tick,171001,0,0,0,0,5000000000,1000000000,10000000000,500000000,1000000000,4611686018427387904,1000,4000,100000,1,0,9223372036854775808,5000000000,5000000000,0,0,0,0,0,0,0,0,9223372036854775808,5000000000,5000000000,0,0,0,0,0,0,0,0
171000,1,1,237,1,1,tick,171001,0,0,0,0,5000000000,1000000000,10000000000,500000000,1000000000,4611686018427387904,1000,4000,100000,1,0,9223372036854775808,5000000000,5000000000,0,0,0,0,0,0,0,0,9223372036854775808,5000000000,5000000000,0,0,0,0,0,0,0,0
172000,1,0,238,0,0,tick,172001,0,0,0,0,5000000000,1000000000,10000000000,500000000,1000000000,4611686018427387904,1000,4000,100000,1,0,9223372036854775808,5000000000,5000000000,0,0,0,0,0,0,0,0,9223372036854775808,5000000000,5000000000,0,0,0,0,0,0,0,0
172000,1,1,238,1,1,tick,172001,0,0,0,0,5000000000,1000000000,10000000000,500000000,1000000000,4611686018427387904,1000,4000,100000,1,0,9223372036854775808,5000000000,5000000000,0,0,0,0,0,0,0,0,9223372036854775808,5000000000,5000000000,0,0,0,0,0,0,0,0
173000,1,0,239,0,0,tick,173001,0,0,0,0,5000000000,1000000000,10000000000,500000000,1000000000,4611686018427387904,1000,4000,100000,1,0,9223372036854775808,5000000000,5000000000,0,0,0,0,0,0,0,0,9223372036854775808,5000000000,5000000000,0,0,0,0,0,0,0,0
173000,1,1,239,1,1,tick,173001,0,0,0,0,5000000000,1000000000,10000000000,500000000,1000000000,4611686018427387904,1000,4000,100000,1,0,9223372036854775808,5000000000,5000000000,0,0,0,0,0,0,0,0,9223372036854775808,5000000000,5000000000,0,0,0,0,0,0,0,0
174000,1,0,240,0,0,tick,174001,0,0,0,0,5000000000,1000000000,10000000000,500000000,1000000000,4611686018427387904,1000,4000,100000,1,0,9223372036854775808,5000000000,5000000000,0,0,0,0,0,0,0,0,9223372036854775808,5000000000,5000000000,0,0,0,0,0,0,0,0
174000,1,1,240,1,1,tick,174001,0,0,0,0,5000000000,1000000000,10000000000,500000000,1000000000,4611686018427387904,1000,4000,100000,1,0,9223372036854775808,5000000000,5000000000,0,0,0,0,0,0,0,0,9223372036854775808,5000000000,5000000000,0,0,0,0,0,0,0,0
175000,1,0,241,0,0,tick,175001,0,0,0,0,5000000000,1000000000,10000000000,500000000,1000000000,4611686018427387904,1000,4000,100000,1,0,9223372036854775808,5000000000,5000000000,0,0,0,0,0,0,0,0,9223372036854775808,5000000000,5000000000,0,0,0,0,0,0,0,0
175000,1,1,241,1,1,tick,175001,0,0,0,0,5000000000,1000000000,10000000000,500000000,1000000000,4611686018427387904,1000,4000,100000,1,0,9223372036854775808,5000000000,5000000000,0,0,0,0,0,0,0,0,9223372036854775808,5000000000,5000000000,0,0,0,0,0,0,0,0
176000,1,0,242,0,0,tick,176001,0,0,0,0,5000000000,1000000000,10000000000,500000000,1000000000,4611686018427387904,1000,4000,100000,1,0,9223372036854775808,5000000000,5000000000,0,0,0,0,0,0,0,0,9223372036854775808,5000000000,5000000000,0,0,0,0,0,0,0,0
176000,1,1,242,1,1,tick,176001,0,0,0,0,5000000000,1000000000,10000000000,500000000,1000000000,4611686018427387904,1000,4000,100000,1,0,9223372036854775808,5000000000,5000000000,0,0,0,0,0,0,0,0,9223372036854775808,5000000000,5000000000,0,0,0,0,0,0,0,0
177000,1,0,243,0,0,tick,177001,0,0,0,0,5000000000,1000000000,10000000000,500000000,1000000000,4611686018427387904,1000,4000,100000,1,0,9223372036854775808,5000000000,5000000000,0,0,0,0,0,0,0,0,9223372036854775808,5000000000,5000000000,0,0,0,0,0,0,0,0
177000,1,1,243,1,1,tick,177001,0,0,0,0,5000000000,1000000000,10000000000,500000000,1000000000,4611686018427387904,1000,4000,100000,1,0,9223372036854775808,5000000000,5000000000,0,0,0,0,0,0,0,0,9223372036854775808,5000000000,5000000000,0,0,0,0,0,0,0,0
178000,1,0,245,0,0,tick,178001,0,0,0,0,5000000000,1000000000,10000000000,500000000,1000000000,4611686018427387904,1000,4000,100000,1,0,9223372036854775808,5000000000,5000000000,0,0,0,0,0,0,0,0,9223372036854775808,5000000000,5000000000,0,0,0,0,0,0,0,0
178000,1,1,245,1,1,tick,178001,0,0,0,0,5000000000,1000000000,10000000000,500000000,1000000000,4611686018427387904,1000,4000,100000,1,0,9223372036854775808,5000000000,5000000000,0,0,0,0,0,0,0,0,9223372036854775808,5000000000,5000000000,0,0,0,0,0,0,0,0
179000,1,0,248,0,0,tick,179001,0,0,0,0,5000000000,1000000000,10000000000,500000000,1000000000,4611686018427387904,1000,4000,100000,1,0,9223372036854775808,5000000000,5000000000,0,0,0,0,0,0,0,0,9223372036854775808,5000000000,5000000000,0,0,0,0,0,0,0,0
179000,1,1,248,1,1,tick,179001,0,0,0,0,5000000000,1000000000,10000000000,500000000,1000000000,4611686018427387904,1000,4000,100000,1,0,9223372036854775808,5000000000,5000000000,0,0,0,0,0,0,0,0,9223372036854775808,5000000000,5000000000,0,0,0,0,0,0,0,0
180000,1,0,249,0,0,tick,180001,0,0,0,0,5000000000,1000000000,10000000000,500000000,1000000000,4611686018427387904,1000,4000,100000,1,0,9223372036854775808,5000000000,5000000000,0,0,0,0,0,0,0,0,9223372036854775808,5000000000,5000000000,0,0,0,0,0,0,0,0
180000,1,1,249,1,1,tick,180001,0,0,0,0,5000000000,1000000000,10000000000,500000000,1000000000,4611686018427387904,1000,4000,100000,1,0,9223372036854775808,5000000000,5000000000,0,0,0,0,0,0,0,0,9223372036854775808,5000000000,5000000000,0,0,0,0,0,0,0,0
181000,1,0,250,0,0,tick,181001,0,0,0,0,5000000000,1000000000,10000000000,500000000,1000000000,4611686018427387904,1000,4000,100000,1,0,9223372036854775808,5000000000,5000000000,0,0,0,0,0,0,0,0,9223372036854775808,5000000000,5000000000,0,0,0,0,0,0,0,0
181000,1,1,250,1,1,tick,181001,0,0,0,0,5000000000,1000000000,10000000000,500000000,1000000000,4611686018427387904,1000,4000,100000,1,0,9223372036854775808,5000000000,5000000000,0,0,0,0,0,0,0,0,9223372036854775808,5000000000,5000000000,0,0,0,0,0,0,0,0
182000,1,0,251,0,0,tick,182001,0,0,0,0,5000000000,1000000000,10000000000,500000000,1000000000,4611686018427387904,1000,4000,100000,1,0,9223372036854775808,5000000000,5000000000,0,0,0,0,0,0,0,0,9223372036854775808,5000000000,5000000000,0,0,0,0,0,0,0,0
182000,1,1,251,1,1,tick,182001,0,0,0,0,5000000000,1000000000,10000000000,500000000,1000000000,4611686018427387904,1000,4000,100000,1,0,9223372036854775808,5000000000,5000000000,0,0,0,0,0,0,0,0,9223372036854775808,5000000000,5000000000,0,0,0,0,0,0,0,0
183000,1,0,252,0,0,tick,183001,0,0,0,0,5000000000,1000000000,10000000000,500000000,1000000000,4611686018427387904,1000,4000,100000,1,0,9223372036854775808,5000000000,5000000000,0,0,0,0,0,0,0,0,9223372036854775808,5000000000,5000000000,0,0,0,0,0,0,0,0
183000,1,1,252,1,1,tick,183001,0,0,0,0,5000000000,1000000000,10000000000,500000000,1000000000,4611686018427387904,1000,4000,100000,1,0,9223372036854775808,5000000000,5000000000,0,0,0,0,0,0,0,0,9223372036854775808,5000000000,5000000000,0,0,0,0,0,0,0,0
184000,1,0,253,0,0,tick,184001,0,0,0,0,5000000000,1000000000,10000000000,500000000,1000000000,4611686018427387904,1000,4000,100000,1,0,9223372036854775808,5000000000,5000000000,0,0,0,0,0,0,0,0,9223372036854775808,5000000000,5000000000,0,0,0,0,0,0,0,0
184000,1,1,253,1,1,tick,184001,0,0,0,0,5000000000,1000000000,10000000000,500000000,1000000000,4611686018427387904,1000,4000,100000,1,0,9223372036854775808,5000000000,5000000000,0,0,0,0,0,0,0,0,9223372036854775808,5000000000,5000000000,0,0,0,0,0,0,0,0
185000,1,0,254,0,0,tick,185001,0,0,0,0,5000000000,1000000000,10000000000,500000000,1000000000,4611686018427387904,1000,4000,100000,1,0,9223372036854775808,5000000000,5000000000,0,0,0,0,0,0,0,0,9223372036854775808,5000000000,5000000000,0,0,0,0,0,0,0,0
185000,1,1,254,1,1,tick,185001,0,0,0,0,5000000000,1000000000,10000000000,500000000,1000000000,4611686018427387904,1000,4000,100000,1,0,9223372036854775808,5000000000,5000000000,0,0,0,0,0,0,0,0,9223372036854775808,5000000000,5000000000,0,0,0,0,0,0,0,0
186000,1,0,256,0,0,tick,186001,0,0,0,0,5000000000,1000000000,10000000000,500000000,1000000000,4611686018427387904,1000,4000,100000,1,0,9223372036854775808,5000000000,5000000000,0,0,0,0,0,0,0,0,9223372036854775808,5000000000,5000000000,0,0,0,0,0,0,0,0
186000,1,1,256,1,1,tick,186001,0,0,0,0,5000000000,1000000000,10000000000,500000000,1000000000,4611686018427387904,1000,4000,100000,1,0,9223372036854775808,5000000000,5000000000,0,0,0,0,0,0,0,0,9223372036854775808,5000000000,5000000000,0,0,0,0,0,0,0,0
187000,1,0,259,0,0,tick,187001,0,0,0,0,5000000000,1000000000,10000000000,500000000,1000000000,4611686018427387904,1000,4000,100000,1,0,9223372036854775808,5000000000,5000000000,0,0,0,0,0,0,0,0,9223372036854775808,5000000000,5000000000,0,0,0,0,0,0,0,0
187000,1,1,259,1,1,tick,187001,0,0,0,0,5000000000,1000000000,10000000000,500000000,1000000000,4611686018427387904,1000,4000,100000,1,0,9223372036854775808,5000000000,5000000000,0,0,0,0,0,0,0,0,9223372036854775808,5000000000,5000000000,0,0,0,0,0,0,0,0
188000,1,0,260,0,0,tick,188001,0,0,0,0,5000000000,1000000000,10000000000,500000000,1000000000,4611686018427387904,1000,4000,100000,1,0,9223372036854775808,5000000000,5000000000,0,0,0,0,0,0,0,0,9223372036854775808,5000000000,5000000000,0,0,0,0,0,0,0,0
188000,1,1,260,1,1,tick,188001,0,0,0,0,5000000000,1000000000,10000000000,500000000,1000000000,4611686018427387904,1000,4000,100000,1,0,9223372036854775808,5000000000,5000000000,0,0,0,0,0,0,0,0,9223372036854775808,5000000000,5000000000,0,0,0,0,0,0,0,0
189000,1,0,261,0,0,tick,189001,0,0,0,0,5000000000,1000000000,10000000000,500000000,1000000000,4611686018427387904,1000,4000,100000,1,0,9223372036854775808,5000000000,5000000000,0,0,0,0,0,0,0,0,9223372036854775808,5000000000,5000000000,0,0,0,0,0,0,0,0
189000,1,1,261,1,1,tick,189001,0,0,0,0,5000000000,1000000000,10000000000,500000000,1000000000,4611686018427387904,1000,4000,100000,1,0,9223372036854775808,5000000000,5000000000,0,0,0,0,0,0,0,0,9223372036854775808,5000000000,5000000000,0,0,0,0,0,0,0,0
190000,1,0,262,0,0,tick,190001,0,0,0,0,5000000000,1000000000,10000000000,500000000,1000000000,4611686018427387904,1000,4000,100000,1,0,9223372036854775808,5000000000,5000000000,0,0,0,0,0,0,0,0,9223372036854775808,5000000000,5000000000,0,0,0,0,0,0,0,0
190000,1,1,262,1,1,tick,190001,0,0,0,0,5000000000,1000000000,10000000000,500000000,1000000000,4611686018427387904,1000,4000,100000,1,0,9223372036854775808,5000000000,5000000000,0,0,0,0,0,0,0,0,9223372036854775808,5000000000,5000000000,0,0,0,0,0,0,0,0
191000,1,0,263,0,0,tick,191001,0,0,0,0,5000000000,1000000000,10000000000,500000000,1000000000,4611686018427387904,1000,4000,100000,1,0,9223372036854775808,5000000000,5000000000,0,0,0,0,0,0,0,0,9223372036854775808,5000000000,5000000000,0,0,0,0,0,0,0,0
191000,1,1,263,1,1,tick,191001,0,0,0,0,5000000000,1000000000,10000000000,500000000,1000000000,4611686018427387904,1000,4000,100000,1,0,9223372036854775808,5000000000,5000000000,0,0,0,0,0,0,0,0,9223372036854775808,5000000000,5000000000,0,0,0,0,0,0,0,0
192000,1,0,264,0,0,tick,192001,0,0,0,0,5000000000,1000000000,10000000000,500000000,1000000000,4611686018427387904,1000,4000,100000,1,0,9223372036854775808,5000000000,5000000000,0,0,0,0,0,0,0,0,9223372036854775808,5000000000,5000000000,0,0,0,0,0,0,0,0
192000,1,1,264,1,1,tick,192001,0,0,0,0,5000000000,1000000000,10000000000,500000000,1000000000,4611686018427387904,1000,4000,100000,1,0,9223372036854775808,5000000000,5000000000,0,0,0,0,0,0,0,0,9223372036854775808,5000000000,5000000000,0,0,0,0,0,0,0,0
193000,1,0,265,0,0,tick,193001,0,0,0,0,5000000000,1000000000,10000000000,500000000,1000000000,4611686018427387904,1000,4000,100000,1,0,9223372036854775808,5000000000,5000000000,0,0,0,0,0,0,0,0,9223372036854775808,5000000000,5000000000,0,0,0,0,0,0,0,0
193000,1,1,265,1,1,tick,193001,0,0,0,0,5000000000,1000000000,10000000000,500000000,1000000000,4611686018427387904,1000,4000,100000,1,0,9223372036854775808,5000000000,5000000000,0,0,0,0,0,0,0,0,9223372036854775808,5000000000,5000000000,0,0,0,0,0,0,0,0
194000,1,0,267,0,0,tick,194001,0,0,0,0,5000000000,1000000000,10000000000,500000000,1000000000,4611686018427387904,1000,4000,100000,1,0,9223372036854775808,5000000000,5000000000,0,0,0,0,0,0,0,0,9223372036854775808,5000000000,5000000000,0,0,0,0,0,0,0,0
194000,1,1,267,1,1,tick,194001,0,0,0,0,5000000000,1000000000,10000000000,500000000,1000000000,4611686018427387904,1000,4000,100000,1,0,9223372036854775808,5000000000,5000000000,0,0,0,0,0,0,0,0,9223372036854775808,5000000000,5000000000,0,0,0,0,0,0,0,0
195000,1,0,270,0,0,tick,195001,0,0,0,0,5000000000,1000000000,10000000000,500000000,1000000000,4611686018427387904,1000,4000,100000,1,0,9223372036854775808,5000000000,5000000000,0,0,0,0,0,0,0,0,9223372036854775808,5000000000,5000000000,0,0,0,0,0,0,0,0
195000,1,1,270,1,1,tick,195001,0,0,0,0,5000000000,1000000000,10000000000,500000000,1000000000,4611686018427387904,1000,4000,100000,1,0,9223372036854775808,5000000000,5000000000,0,0,0,0,0,0,0,0,9223372036854775808,5000000000,5000000000,0,0,0,0,0,0,0,0
196000,1,0,271,0,0,tick,196001,0,0,0,0,5000000000,1000000000,10000000000,500000000,1000000000,4611686018427387904,1000,4000,100000,1,0,9223372036854775808,5000000000,5000000000,0,0,0,0,0,0,0,0,9223372036854775808,5000000000,5000000000,0,0,0,0,0,0,0,0
196000,1,1,271,1,1,tick,196001,0,0,0,0,5000000000,1000000000,10000000000,500000000,1000000000,4611686018427387904,1000,4000,100000,1,0,9223372036854775808,5000000000,5000000000,0,0,0,0,0,0,0,0,9223372036854775808,5000000000,5000000000,0,0,0,0,0,0,0,0
197000,1,0,272,0,0,tick,197001,0,0,0,0,5000000000,1000000000,10000000000,500000000,1000000000,4611686018427387904,1000,4000,100000,1,0,9223372036854775808,5000000000,5000000000,0,0,0,0,0,0,0,0,9223372036854775808,5000000000,5000000000,0,0,0,0,0,0,0,0
197000,1,1,272,1,1,tick,197001,0,0,0,0,5000000000,1000000000,10000000000,500000000,1000000000,4611686018427387904,1000,4000,100000,1,0,9223372036854775808,5000000000,5000000000,0,0,0,0,0,0,0,0,9223372036854775808,5000000000,5000000000,0,0,0,0,0,0,0,0
198000,1,0,273,0,0,tick,198001,0,0,0,0,5000000000,1000000000,10000000000,500000000,1000000000,4611686018427387904,1000,4000,100000,1,0,9223372036854775808,5000000000,5000000000,0,0,0,0,0,0,0,0,9223372036854775808,5000000000,5000000000,0,0,0,0,0,0,0,0
198000,1,1,273,1,1,tick,198001,0,0,0,0,5000000000,1000000000,10000000000,500000000,1000000000,4611686018427387904,1000,4000,100000,1,0,9223372036854775808,5000000000,5000000000,0,0,0,0,0,0,0,0,9223372036854775808,5000000000,5000000000,0,0,0,0,0,0,0,0
199000,1,0,274,0,0,tick,199001,0,0,0,0,5000000000,1000000000,10000000000,500000000,1000000000,4611686018427387904,1000,4000,100000,1,0,9223372036854775808,5000000000,5000000000,0,0,0,0,0,0,0,0,9223372036854775808,5000000000,5000000000,0,0,0,0,0,0,0,0
199000,1,1,274,1,1,tick,199001,0,0,0,0,5000000000,1000000000,10000000000,500000000,1000000000,4611686018427387904,1000,4000,100000,1,0,9223372036854775808,5000000000,5000000000,0,0,0,0,0,0,0,0,9223372036854775808,5000000000,5000000000,0,0,0,0,0,0,0,0
200000,1,0,275,0,0,tick,200001,0,0,0,0,5000000000,1000000000,10000000000,500000000,1000000000,4611686018427387904,1000,4000,100000,1,0,9223372036854775808,5000000000,5000000000,0,0,0,0,0,0,0,0,9223372036854775808,5000000000,5000000000,0,0,0,0,0,0,0,0
200000,1,1,275,1,1,tick,200001,0,0,0,0,5000000000,1000000000,10000000000,500000000,1000000000,4611686018427387904,1000,4000,100000,1,0,9223372036854775808,5000000000,5000000000,0,0,0,0,0,0,0,0,9223372036854775808,5000000000,5000000000,0,0,0,0,0,0,0,0
201000,1,0,276,0,0,tick,201001,0,0,0,0,5000000000,1000000000,10000000000,500000000,1000000000,4611686018427387904,1000,4000,100000,1,0,9223372036854775808,5000000000,5000000000,0,0,0,0,0,0,0,0,9223372036854775808,5000000000,5000000000,0,0,0,0,0,0,0,0
201000,1,1,276,1,1,tick,201001,0,0,0,0,5000000000,1000000000,10000000000,500000000,1000000000,4611686018427387904,1000,4000,100000,1,0,9223372036854775808,5000000000,5000000000,0,0,0,0,0,0,0,0,9223372036854775808,5000000000,5000000000,0,0,0,0,0,0,0,0
202000,1,0,278,0,0,tick,202001,0,0,0,0,5000000000,1000000000,10000000000,500000000,1000000000,4611686018427387904,1000,4000,100000,1,0,9223372036854775808,5000000000,5000000000,0,0,0,0,0,0,0,0,9223372036854775808,5000000000,5000000000,0,0,0,0,0,0,0,0
202000,1,1,278,1,1,tick,202001,0,0,0,0,5000000000,1000000000,10000000000,500000000,1000000000,4611686018427387904,1000,4000,100000,1,0,9223372036854775808,5000000000,5000000000,0,0,0,0,0,0,0,0,9223372036854775808,5000000000,5000000000,0,0,0,0,0,0,0,0
203000,1,0,281,0,0,tick,203001,0,0,0,0,5000000000,1000000000,10000000000,500000000,1000000000,4611686018427387904,1000,4000,100000,1,0,9223372036854775808,5000000000,5000000000,0,0,0,0,0,0,0,0,9223372036854775808,5000000000,5000000000,0,0,0,0,0,0,0,0
203000,1,1,281,1,1,tick,203001,0,0,0,0,5000000000,1000000000,10000000000,500000000,1000000000,4611686018427387904,1000,4000,100000,1,0,9223372036854775808,5000000000,5000000000,0,0,0,0,0,0,0,0,9223372036854775808,5000000000,5000000000,0,0,0,0,0,0,0,0
204000,1,0,282,0,0,tick,204001,0,0,0,0,5000000000,1000000000,10000000000,500000000,1000000000,4611686018427387904,1000,4000,100000,1,0,9223372036854775808,5000000000,5000000000,0,0,0,0,0,0,0,0,9223372036854775808,5000000000,5000000000,0,0,0,0,0,0,0,0
204000,1,1,282,1,1,tick,204001,0,0,0,0,5000000000,1000000000,10000000000,500000000,1000000000,4611686018427387904,1000,4000,100000,1,0,9223372036854775808,5000000000,5000000000,0,0,0,0,0,0,0,0,9223372036854775808,5000000000,5000000000,0,0,0,0,0,0,0,0
205000,1,0,283,0,0,tick,205001,0,0,0,0,5000000000,1000000000,10000000000,500000000,1000000000,4611686018427387904,1000,4000,100000,1,0,9223372036854775808,5000000000,5000000000,0,0,0,0,0,0,0,0,9223372036854775808,5000000000,5000000000,0,0,0,0,0,0,0,0
205000,1,1,283,1,1,tick,205001,0,0,0,0,5000000000,1000000000,10000000000,500000000,1000000000,4611686018427387904,1000,4000,100000,1,0,9223372036854775808,5000000000,5000000000,0,0,0,0,0,0,0,0,9223372036854775808,5000000000,5000000000,0,0,0,0,0,0,0,0
206000,1,0,284,0,0,tick,206001,0,0,0,0,5000000000,1000000000,10000000000,500000000,1000000000,4611686018427387904,1000,4000,100000,1,0,9223372036854775808,5000000000,5000000000,0,0,0,0,0,0,0,0,9223372036854775808,5000000000,5000000000,0,0,0,0,0,0,0,0
206000,1,1,284,1,1,tick,206001,0,0,0,0,5000000000,1000000000,10000000000,500000000,1000000000,4611686018427387904,1000,4000,100000,1,0,9223372036854775808,5000000000,5000000000,0,0,0,0,0,0,0,0,9223372036854775808,5000000000,5000000000,0,0,0,0,0,0,0,0
207000,1,0,285,0,0,tick,207001,0,0,0,0,5000000000,1000000000,10000000000,500000000,1000000000,4611686018427387904,1000,4000,100000,1,0,9223372036854775808,5000000000,5000000000,0,0,0,0,0,0,0,0,9223372036854775808,5000000000,5000000000,0,0,0,0,0,0,0,0
207000,1,1,285,1,1,tick,207001,0,0,0,0,5000000000,1000000000,10000000000,500000000,1000000000,4611686018427387904,1000,4000,100000,1,0,9223372036854775808,5000000000,5000000000,0,0,0,0,0,0,0,0,9223372036854775808,5000000000,5000000000,0,0,0,0,0,0,0,0
208000,1,0,286,0,0,tick,208001,0,0,0,0,5000000000,1000000000,10000000000,500000000,1000000000,4611686018427387904,1000,4000,100000,1,0,9223372036854775808,5000000000,5000000000,0,0,0,0,0,0,0,0,9223372036854775808,5000000000,5000000000,0,0,0,0,0,0,0,0
208000,1,1,286,1,1,tick,208001,0,0,0,0,5000000000,1000000000,10000000000,500000000,1000000000,4611686018427387904,1000,4000,100000,1,0,9223372036854775808,5000000000,5000000000,0,0,0,0,0,0,0,0,9223372036854775808,5000000000,5000000000,0,0,0,0,0,0,0,0
209000,1,0,287,0,0,tick,209001,0,0,0,0,5000000000,1000000000,10000000000,500000000,1000000000,4611686018427387904,1000,4000,100000,1,0,9223372036854775808,5000000000,5000000000,0,0,0,0,0,0,0,0,9223372036854775808,5000000000,5000000000,0,0,0,0,0,0,0,0
209000,1,1,287,1,1,tick,209001,0,0,0,0,5000000000,1000000000,10000000000,500000000,1000000000,4611686018427387904,1000,4000,100000,1,0,9223372036854775808,5000000000,5000000000,0,0,0,0,0,0,0,0,9223372036854775808,5000000000,5000000000,0,0,0,0,0,0,0,0
210000,1,0,289,0,0,tick,210001,0,0,0,0,5000000000,1000000000,10000000000,500000000,1000000000,4611686018427387904,1000,4000,100000,1,0,9223372036854775808,5000000000,5000000000,0,0,0,0,0,0,0,0,9223372036854775808,5000000000,5000000000,0,0,0,0,0,0,0,0
210000,1,1,289,1,1,tick,210001,0,0,0,0,5000000000,1000000000,10000000000,500000000,1000000000,4611686018427387904,1000,4000,100000,1,0,9223372036854775808,5000000000,5000000000,0,0,0,0,0,0,0,0,9223372036854775808,5000000000,5000000000,0,0,0,0,0,0,0,0
211000,1,0,292,0,0,tick,211001,0,0,0,0,5000000000,1000000000,10000000000,500000000,1000000000,4611686018427387904,1000,4000,100000,1,0,9223372036854775808,5000000000,5000000000,0,0,0,0,0,0,0,0,9223372036854775808,5000000000,5000000000,0,0,0,0,0,0,0,0
211000,1,1,292,1,1,tick,211001,0,0,0,0,5000000000,1000000000,10000000000,500000000,1000000000,4611686018427387904,1000,4000,100000,1,0,9223372036854775808,5000000000,5000000000,0,0,0,0,0,0,0,0,9223372036854775808,5000000000,5000000000,0,0,0,0,0,0,0,0
212000,1,0,293,0,0,tick,212001,0,0,0,0,5000000000,1000000000,10000000000,500000000,1000000000,4611686018427387904,1000,4000,100000,1,0,9223372036854775808,5000000000,5000000000,0,0,0,0,0,0,0,0,9223372036854775808,5000000000,5000000000,0,0,0,0,0,0,0,0
212000,1,1,293,1,1,tick,212001,0,0,0,0,5000000000,1000000000,10000000000,500000000,1000000000,4611686018427387904,1000,4000,100000,1,0,9223372036854775808,5000000000,5000000000,0,0,0,0,0,0,0,0,9223372036854775808,5000000000,5000000000,0,0,0,0,0,0,0,0
213000,1,0,294,0,0,tick,213001,0,0,0,0,5000000000,1000000000,10000000000,500000000,1000000000,4611686018427387904,1000,4000,100000,1,0,9223372036854775808,5000000000,5000000000,0,0,0,0,0,0,0,0,9223372036854775808,5000000000,5000000000,0,0,0,0,0,0,0,0
213000,1,1,294,1,1,tick,213001,0,0,0,0,5000000000,1000000000,10000000000,500000000,1000000000,4611686018427387904,1000,4000,100000,1,0,9223372036854775808,5000000000,5000000000,0,0,0,0,0,0,0,0,9223372036854775808,5000000000,5000000000,0,0,0,0,0,0,0,0
214000,1,0,295,0,0,tick,214001,0,0,0,0,5000000000,1000000000,10000000000,500000000,1000000000,4611686018427387904,1000,4000,100000,1,0,9223372036854775808,5000000000,5000000000,0,0,0,0,0,0,0,0,9223372036854775808,5000000000,5000000000,0,0,0,0,0,0,0,0
214000,1,1,295,1,1,tick,214001,0,0,0,0,5000000000,1000000000,10000000000,500000000,1000000000,4611686018427387904,1000,4000,100000,1,0,9223372036854775808,5000000000,5000000000,0,0,0,0,0,0,0,0,9223372036854775808,5000000000,5000000000,0,0,0,0,0,0,0,0
215000,1,0,296,0,0,tick,215001,0,0,0,0,5000000000,1000000000,10000000000,500000000,1000000000,4611686018427387904,1000,4000,100000,1,0,9223372036854775808,5000000000,5000000000,0,0,0,0,0,0,0,0,9223372036854775808,5000000000,5000000000,0,0,0,0,0,0,0,0
215000,1,1,296,1,1,tick,215001,0,0,0,0,5000000000,1000000000,10000000000,500000000,1000000000,4611686018427387904,1000,4000,100000,1,0,9223372036854775808,5000000000,5000000000,0,0,0,0,0,0,0,0,9223372036854775808,5000000000,5000000000,0,0,0,0,0,0,0,0
216000,1,0,297,0,0,tick,216001,0,0,0,0,5000000000,1000000000,10000000000,500000000,1000000000,4611686018427387904,1000,4000,100000,1,0,9223372036854775808,5000000000,5000000000,0,0,0,0,0,0,0,0,9223372036854775808,5000000000,5000000000,0,0,0,0,0,0,0,0
216000,1,1,297,1,1,tick,216001,0,0,0,0,5000000000,1000000000,10000000000,500000000,1000000000,4611686018427387904,1000,4000,100000,1,0,9223372036854775808,5000000000,5000000000,0,0,0,0,0,0,0,0,9223372036854775808,5000000000,5000000000,0,0,0,0,0,0,0,0
217000,1,0,298,0,0,tick,217001,0,0,0,0,5000000000,1000000000,10000000000,500000000,1000000000,4611686018427387904,1000,4000,100000,1,0,9223372036854775808,5000000000,5000000000,0,0,0,0,0,0,0,0,9223372036854775808,5000000000,5000000000,0,0,0,0,0,0,0,0
217000,1,1,298,1,1,tick,217001,0,0,0,0,5000000000,1000000000,10000000000,500000000,1000000000,4611686018427387904,1000,4000,100000,1,0,9223372036854775808,5000000000,5000000000,0,0,0,0,0,0,0,0,9223372036854775808,5000000000,5000000000,0,0,0,0,0,0,0,0
218000,1,0,300,0,0,tick,218001,0,0,0,0,5000000000,1000000000,10000000000,500000000,1000000000,4611686018427387904,1000,4000,100000,1,0,9223372036854775808,5000000000,5000000000,0,0,0,0,0,0,0,0,9223372036854775808,5000000000,5000000000,0,0,0,0,0,0,0,0
218000,1,1,300,1,1,tick,218001,0,0,0,0,5000000000,1000000000,10000000000,500000000,1000000000,4611686018427387904,1000,4000,100000,1,0,9223372036854775808,5000000000,5000000000,0,0,0,0,0,0,0,0,9223372036854775808,5000000000,5000000000,0,0,0,0,0,0,0,0
219000,1,0,303,0,0,tick,219001,0,0,0,0,5000000000,1000000000,10000000000,500000000,1000000000,4611686018427387904,1000,4000,100000,1,0,9223372036854775808,5000000000,5000000000,0,0,0,0,0,0,0,0,9223372036854775808,5000000000,5000000000,0,0,0,0,0,0,0,0
219000,1,1,303,1,1,tick,219001,0,0,0,0,5000000000,1000000000,10000000000,500000000,1000000000,4611686018427387904,1000,4000,100000,1,0,9223372036854775808,5000000000,5000000000,0,0,0,0,0,0,0,0,9223372036854775808,5000000000,5000000000,0,0,0,0,0,0,0,0
220000,1,0,304,0,0,tick,220001,0,0,0,0,5000000000,1000000000,10000000000,500000000,1000000000,4611686018427387904,1000,4000,100000,1,0,9223372036854775808,5000000000,5000000000,0,0,0,0,0,0,0,0,9223372036854775808,5000000000,5000000000,0,0,0,0,0,0,0,0
220000,1,1,304,1,1,tick,220001,0,0,0,0,5000000000,1000000000,10000000000,500000000,1000000000,4611686018427387904,1000,4000,100000,1,0,9223372036854775808,5000000000,5000000000,0,0,0,0,0,0,0,0,9223372036854775808,5000000000,5000000000,0,0,0,0,0,0,0,0
221000,1,0,305,0,0,tick,221001,0,0,0,0,5000000000,1000000000,10000000000,500000000,1000000000,4611686018427387904,1000,4000,100000,1,0,9223372036854775808,5000000000,5000000000,0,0,0,0,0,0,0,0,9223372036854775808,5000000000,5000000000,0,0,0,0,0,0,0,0
221000,1,1,305,1,1,tick,221001,0,0,0,0,5000000000,1000000000,10000000000,500000000,1000000000,4611686018427387904,1000,4000,100000,1,0,9223372036854775808,5000000000,5000000000,0,0,0,0,0,0,0,0,9223372036854775808,5000000000,5000000000,0,0,0,0,0,0,0,0
222000,1,0,306,0,0,tick,222001,0,0,0,0,5000000000,1000000000,10000000000,500000000,1000000000,4611686018427387904,1000,4000,100000,1,0,9223372036854775808,5000000000,5000000000,0,0,0,0,0,0,0,0,9223372036854775808,5000000000,5000000000,0,0,0,0,0,0,0,0
222000,1,1,306,1,1,tick,222001,0,0,0,0,5000000000,1000000000,10000000000,500000000,1000000000,4611686018427387904,1000,4000,100000,1,0,9223372036854775808,5000000000,5000000000,0,0,0,0,0,0,0,0,9223372036854775808,5000000000,5000000000,0,0,0,0,0,0,0,0
223000,1,0,307,0,0,tick,223001,0,0,0,0,5000000000,1000000000,10000000000,500000000,1000000000,4611686018427387904,1000,4000,100000,1,0,9223372036854775808,5000000000,5000000000,0,0,0,0,0,0,0,0,9223372036854775808,5000000000,5000000000,0,0,0,0,0,0,0,0
223000,1,1,307,1,1,tick,223001,0,0,0,0,5000000000,1000000000,10000000000,500000000,1000000000,4611686018427387904,1000,4000,100000,1,0,9223372036854775808,5000000000,5000000000,0,0,0,0,0,0,0,0,9223372036854775808,5000000000,5000000000,0,0,0,0,0,0,0,0
224000,1,0,308,0,0,tick,224001,0,0,0,0,5000000000,1000000000,10000000000,500000000,1000000000,4611686018427387904,1000,4000,100000,1,0,9223372036854775808,5000000000,5000000000,0,0,0,0,0,0,0,0,9223372036854775808,5000000000,5000000000,0,0,0,0,0,0,0,0
224000,1,1,308,1,1,tick,224001,0,0,0,0,5000000000,1000000000,10000000000,500000000,1000000000,4611686018427387904,1000,4000,100000,1,0,9223372036854775808,5000000000,5000000000,0,0,0,0,0,0,0,0,9223372036854775808,5000000000,5000000000,0,0,0,0,0,0,0,0
225000,1,0,309,0,0,tick,225001,0,0,0,0,5000000000,1000000000,10000000000,500000000,1000000000,4611686018427387904,1000,4000,100000,1,0,9223372036854775808,5000000000,5000000000,0,0,0,0,0,0,0,0,9223372036854775808,5000000000,5000000000,0,0,0,0,0,0,0,0
225000,1,1,309,1,1,tick,225001,0,0,0,0,5000000000,1000000000,10000000000,500000000,1000000000,4611686018427387904,1000,4000,100000,1,0,9223372036854775808,5000000000,5000000000,0,0,0,0,0,0,0,0,9223372036854775808,5000000000,5000000000,0,0,0,0,0,0,0,0
226000,1,0,311,0,0,tick,226001,0,0,0,0,5000000000,1000000000,10000000000,500000000,1000000000,4611686018427387904,1000,4000,100000,1,0,9223372036854775808,5000000000,5000000000,0,0,0,0,0,0,0,0,9223372036854775808,5000000000,5000000000,0,0,0,0,0,0,0,0
226000,1,1,311,1,1,tick,226001,0,0,0,0,5000000000,1000000000,10000000000,500000000,1000000000,4611686018427387904,1000,4000,100000,1,0,9223372036854775808,5000000000,5000000000,0,0,0,0,0,0,0,0,9223372036854775808,5000000000,5000000000,0,0,0,0,0,0,0,0
227000,1,0,314,0,0,tick,227001,0,0,0,0,5000000000,1000000000,10000000000,500000000,1000000000,4611686018427387904,1000,4000,100000,1,0,9223372036854775808,5000000000,5000000000,0,0,0,0,0,0,0,0,9223372036854775808,5000000000,5000000000,0,0,0,0,0,0,0,0
227000,1,1,314,1,1,tick,227001,0,0,0,0,5000000000,1000000000,10000000000,500000000,1000000000,4611686018427387904,1000,4000,100000,1,0,9223372036854775808,5000000000,5000000000,0,0,0,0,0,0,0,0,9223372036854775808,5000000000,5000000000,0,0,0,0,0,0,0,0
228000,1,0,315,0,0,tick,228001,0,0,0,0,5000000000,1000000000,10000000000,500000000,1000000000,4611686018427387904,1000,4000,100000,1,0,9223372036854775808,5000000000,5000000000,0,0,0,0,0,0,0,0,9223372036854775808,5000000000,5000000000,0,0,0,0,0,0,0,0
228000,1,1,315,1,1,tick,228001,0,0,0,0,5000000000,1000000000,10000000000,500000000,1000000000,4611686018427387904,1000,4000,100000,1,0,9223372036854775808,5000000000,5000000000,0,0,0,0,0,0,0,0,9223372036854775808,5000000000,5000000000,0,0,0,0,0,0,0,0
229000,1,0,316,0,0,tick,229001,0,0,0,0,5000000000,1000000000,10000000000,500000000,1000000000,4611686018427387904,1000,4000,100000,1,0,9223372036854775808,5000000000,5000000000,0,0,0,0,0,0,0,0,9223372036854775808,5000000000,5000000000,0,0,0,0,0,0,0,0
229000,1,1,316,1,1,tick,229001,0,0,0,0,5000000000,1000000000,10000000000,500000000,1000000000,4611686018427387904,1000,4000,100000,1,0,9223372036854775808,5000000000,5000000000,0,0,0,0,0,0,0,0,9223372036854775808,5000000000,5000000000,0,0,0,0,0,0,0,0
230000,1,0,317,0,0,tick,230001,0,0,0,0,5000000000,1000000000,10000000000,500000000,1000000000,4611686018427387904,1000,4000,100000,1,0,9223372036854775808,5000000000,5000000000,0,0,0,0,0,0,0,0,9223372036854775808,5000000000,5000000000,0,0,0,0,0,0,0,0
230000,1,1,317,1,1,tick,230001,0,0,0,0,5000000000,1000000000,10000000000,500000000,1000000000,4611686018427387904,1000,4000,100000,1,0,9223372036854775808,5000000000,5000000000,0,0,0,0,0,0,0,0,9223372036854775808,5000000000,5000000000,0,0,0,0,0,0,0,0
231000,1,0,318,0,0,tick,231001,0,0,0,0,5000000000,1000000000,10000000000,500000000,1000000000,4611686018427387904,1000,4000,100000,1,0,9223372036854775808,5000000000,5000000000,0,0,0,0,0,0,0,0,9223372036854775808,5000000000,5000000000,0,0,0,0,0,0,0,0
231000,1,1,318,1,1,tick,231001,0,0,0,0,5000000000,1000000000,10000000000,500000000,1000000000,4611686018427387904,1000,4000,100000,1,0,9223372036854775808,5000000000,5000000000,0,0,0,0,0,0,0,0,9223372036854775808,5000000000,5000000000,0,0,0,0,0,0,0,0
232000,1,0,319,0,0,tick,232001,0,0,0,0,5000000000,1000000000,10000000000,500000000,1000000000,4611686018427387904,1000,4000,100000,1,0,9223372036854775808,5000000000,5000000000,0,0,0,0,0,0,0,0,9223372036854775808,5000000000,5000000000,0,0,0,0,0,0,0,0
232000,1,1,319,1,1,tick,232001,0,0,0,0,5000000000,1000000000,10000000000,500000000,1000000000,4611686018427387904,1000,4000,100000,1,0,9223372036854775808,5000000000,5000000000,0,0,0,0,0,0,0,0,9223372036854775808,5000000000,5000000000,0,0,0,0,0,0,0,0
233000,1,0,320,0,0,tick,233001,0,0,0,0,5000000000,1000000000,10000000000,500000000,1000000000,4611686018427387904,1000,4000,100000,1,0,9223372036854775808,5000000000,5000000000,0,0,0,0,0,0,0,0,9223372036854775808,5000000000,5000000000,0,0,0,0,0,0,0,0
233000,1,1,320,1,1,tick,233001,0,0,0,0,5000000000,1000000000,10000000000,500000000,1000000000,4611686018427387904,1000,4000,100000,1,0,9223372036854775808,5000000000,5000000000,0,0,0,0,0,0,0,0,9223372036854775808,5000000000,5000000000,0,0,0,0,0,0,0,0
234000,1,0,322,0,0,tick,234001,0,0,0,0,5000000000,1000000000,10000000000,500000000,1000000000,4611686018427387904,1000,4000,100000,1,0,9223372036854775808,5000000000,5000000000,0,0,0,0,0,0,0,0,9223372036854775808,5000000000,5000000000,0,0,0,0,0,0,0,0
234000,1,1,322,1,1,tick,234001,0,0,0,0,5000000000,1000000000,10000000000,500000000,1000000000,4611686018427387904,1000,4000,100000,1,0,9223372036854775808,5000000000,5000000000,0,0,0,0,0,0,0,0,9223372036854775808,5000000000,5000000000,0,0,0,0,0,0,0,0
235000,1,0,325,0,0,tick,235001,0,0,0,0,5000000000,1000000000,10000000000,500000000,1000000000,4611686018427387904,1000,4000,100000,1,0,9223372036854775808,5000000000,5000000000,0,0,0,0,0,0,0,0,9223372036854775808,5000000000,5000000000,0,0,0,0,0,0,0,0
235000,1,1,325,1,1,tick,235001,0,0,0,0,5000000000,1000000000,10000000000,500000000,1000000000,4611686018427387904,1000,4000,100000,1,0,9223372036854775808,5000000000,5000000000,0,0,0,0,0,0,0,0,9223372036854775808,5000000000,5000000000,0,0,0,0,0,0,0,0
236000,1,0,326,0,0,tick,236001,0,0,0,0,5000000000,1000000000,10000000000,500000000,1000000000,4611686018427387904,1000,4000,100000,1,0,9223372036854775808,5000000000,5000000000,0,0,0,0,0,0,0,0,9223372036854775808,5000000000,5000000000,0,0,0,0,0,0,0,0
236000,1,1,326,1,1,tick,236001,0,0,0,0,5000000000,1000000000,10000000000,500000000,1000000000,4611686018427387904,1000,4000,100000,1,0,9223372036854775808,5000000000,5000000000,0,0,0,0,0,0,0,0,9223372036854775808,5000000000,5000000000,0,0,0,0,0,0,0,0
237000,1,0,327,0,0,tick,237001,0,0,0,0,5000000000,1000000000,10000000000,500000000,1000000000,4611686018427387904,1000,4000,100000,1,0,9223372036854775808,5000000000,5000000000,0,0,0,0,0,0,0,0,9223372036854775808,5000000000,5000000000,0,0,0,0,0,0,0,0
237000,1,1,327,1,1,tick,237001,0,0,0,0,5000000000,1000000000,10000000000,500000000,1000000000,4611686018427387904,1000,4000,100000,1,0,9223372036854775808,5000000000,5000000000,0,0,0,0,0,0,0,0,9223372036854775808,5000000000,5000000000,0,0,0,0,0,0,0,0
238000,1,0,328,0,0,tick,238001,0,0,0,0,5000000000,1000000000,10000000000,500000000,1000000000,4611686018427387904,1000,4000,100000,1,0,9223372036854775808,5000000000,5000000000,0,0,0,0,0,0,0,0,9223372036854775808,5000000000,5000000000,0,0,0,0,0,0,0,0
238000,1,1,328,1,1,tick,238001,0,0,0,0,5000000000,1000000000,10000000000,500000000,1000000000,4611686018427387904,1000,4000,100000,1,0,9223372036854775808,5000000000,5000000000,0,0,0,0,0,0,0,0,9223372036854775808,5000000000,5000000000,0,0,0,0,0,0,0,0
239000,1,0,329,0,0,tick,239001,0,0,0,0,5000000000,1000000000,10000000000,500000000,1000000000,4611686018427387904,1000,4000,100000,1,0,9223372036854775808,5000000000,5000000000,0,0,0,0,0,0,0,0,9223372036854775808,5000000000,5000000000,0,0,0,0,0,0,0,0
239000,1,1,329,1,1,tick,239001,0,0,0,0,5000000000,1000000000,10000000000,500000000,1000000000,4611686018427387904,1000,4000,100000,1,0,9223372036854775808,5000000000,5000000000,0,0,0,0,0,0,0,0,9223372036854775808,5000000000,5000000000,0,0,0,0,0,0,0,0
240000,1,0,330,0,0,tick,240001,0,0,0,0,5000000000,1000000000,10000000000,500000000,1000000000,4611686018427387904,1000,4000,100000,1,0,9223372036854775808,5000000000,5000000000,0,0,0,0,0,0,0,0,9223372036854775808,5000000000,5000000000,0,0,0,0,0,0,0,0
240000,1,1,330,1,1,tick,240001,0,0,0,0,5000000000,1000000000,10000000000,500000000,1000000000,4611686018427387904,1000,4000,100000,1,0,9223372036854775808,5000000000,5000000000,0,0,0,0,0,0,0,0,9223372036854775808,5000000000,5000000000,0,0,0,0,0,0,0,0
241000,1,0,331,0,0,tick,241001,0,0,0,0,5000000000,1000000000,10000000000,500000000,1000000000,4611686018427387904,1000,4000,100000,1,0,9223372036854775808,5000000000,5000000000,0,0,0,0,0,0,0,0,9223372036854775808,5000000000,5000000000,0,0,0,0,0,0,0,0
241000,1,1,331,1,1,tick,241001,0,0,0,0,5000000000,1000000000,10000000000,500000000,1000000000,4611686018427387904,1000,4000,100000,1,0,9223372036854775808,5000000000,5000000000,0,0,0,0,0,0,0,0,9223372036854775808,5000000000,5000000000,0,0,0,0,0,0,0,0
242000,1,0,333,0,0,tick,242001,0,0,0,0,5000000000,1000000000,10000000000,500000000,1000000000,4611686018427387904,1000,4000,100000,1,0,9223372036854775808,5000000000,5000000000,0,0,0,0,0,0,0,0,9223372036854775808,5000000000,5000000000,0,0,0,0,0,0,0,0
242000,1,1,333,1,1,tick,242001,0,0,0,0,5000000000,1000000000,10000000000,500000000,1000000000,4611686018427387904,1000,4000,100000,1,0,9223372036854775808,5000000000,5000000000,0,0,0,0,0,0,0,0,9223372036854775808,5000000000,5000000000,0,0,0,0,0,0,0,0
243000,1,0,336,0,0,tick,243001,0,0,0,0,5000000000,1000000000,10000000000,500000000,1000000000,4611686018427387904,1000,4000,100000,1,0,9223372036854775808,5000000000,5000000000,0,0,0,0,0,0,0,0,9223372036854775808,5000000000,5000000000,0,0,0,0,0,0,0,0
243000,1,1,336,1,1,tick,243001,0,0,0,0,5000000000,1000000000,10000000000,500000000,1000000000,4611686018427387904,1000,4000,100000,1,0,9223372036854775808,5000000000,5000000000,0,0,0,0,0,0,0,0,9223372036854775808,5000000000,5000000000,0,0,0,0,0,0,0,0
244000,1,0,337,0,0,tick,244001,0,0,0,0,5000000000,1000000000,10000000000,500000000,1000000000,4611686018427387904,1000,4000,100000,1,0,9223372036854775808,5000000000,5000000000,0,0,0,0,0,0,0,0,9223372036854775808,5000000000,5000000000,0,0,0,0,0,0,0,0
244000,1,1,337,1,1,tick,244001,0,0,0,0,5000000000,1000000000,10000000000,500000000,1000000000,4611686018427387904,1000,4000,100000,1,0,9223372036854775808,5000000000,5000000000,0,0,0,0,0,0,0,0,9223372036854775808,5000000000,5000000000,0,0,0,0,0,0,0,0
245000,1,0,338,0,0,tick,245001,0,0,0,0,5000000000,1000000000,10000000000,500000000,1000000000,4611686018427387904,1000,4000,100000,1,0,9223372036854775808,5000000000,5000000000,0,0,0,0,0,0,0,0,9223372036854775808,5000000000,5000000000,0,0,0,0,0,0,0,0
245000,1,1,338,1,1,tick,245001,0,0,0,0,5000000000,1000000000,10000000000,500000000,1000000000,4611686018427387904,1000,4000,100000,1,0,9223372036854775808,5000000000,5000000000,0,0,0,0,0,0,0,0,9223372036854775808,5000000000,5000000000,0,0,0,0,0,0,0,0
246000,1,0,339,0,0,tick,246001,0,0,0,0,5000000000,1000000000,10000000000,500000000,1000000000,4611686018427387904,1000,4000,100000,1,0,9223372036854775808,5000000000,5000000000,0,0,0,0,0,0,0,0,9223372036854775808,5000000000,5000000000,0,0,0,0,0,0,0,0
246000,1,1,339,1,1,tick,246001,0,0,0,0,5000000000,1000000000,10000000000,500000000,1000000000,4611686018427387904,1000,4000,100000,1,0,9223372036854775808,5000000000,5000000000,0,0,0,0,0,0,0,0,9223372036854775808,5000000000,5000000000,0,0,0,0,0,0,0,0
247000,1,0,340,0,0,tick,247001,0,0,0,0,5000000000,1000000000,10000000000,500000000,1000000000,4611686018427387904,1000,4000,100000,1,0,9223372036854775808,5000000000,5000000000,0,0,0,0,0,0,0,0,9223372036854775808,5000000000,5000000000,0,0,0,0,0,0,0,0
247000,1,1,340,1,1,tick,247001,0,0,0,0,5000000000,1000000000,10000000000,500000000,1000000000,4611686018427387904,1000,4000,100000,1,0,9223372036854775808,5000000000,5000000000,0,0,0,0,0,0,0,0,9223372036854775808,5000000000,5000000000,0,0,0,0,0,0,0,0
248000,1,0,341,0,0,tick,248001,0,0,0,0,5000000000,1000000000,10000000000,500000000,1000000000,4611686018427387904,1000,4000,100000,1,0,9223372036854775808,5000000000,5000000000,0,0,0,0,0,0,0,0,9223372036854775808,5000000000,5000000000,0,0,0,0,0,0,0,0
248000,1,1,341,1,1,tick,248001,0,0,0,0,5000000000,1000000000,10000000000,500000000,1000000000,4611686018427387904,1000,4000,100000,1,0,9223372036854775808,5000000000,5000000000,0,0,0,0,0,0,0,0,9223372036854775808,5000000000,5000000000,0,0,0,0,0,0,0,0
249000,1,0,342,0,0,tick,249001,0,0,0,0,5000000000,1000000000,10000000000,500000000,1000000000,4611686018427387904,1000,4000,100000,1,0,9223372036854775808,5000000000,5000000000,0,0,0,0,0,0,0,0,9223372036854775808,5000000000,5000000000,0,0,0,0,0,0,0,0
249000,1,1,342,1,1,tick,249001,0,0,0,0,5000000000,1000000000,10000000000,500000000,1000000000,4611686018427387904,1000,4000,100000,1,0,9223372036854775808,5000000000,5000000000,0,0,0,0,0,0,0,0,9223372036854775808,5000000000,5000000000,0,0,0,0,0,0,0,0
250000,1,0,344,0,0,tick,250001,0,0,0,0,5000000000,1000000000,10000000000,500000000,1000000000,4611686018427387904,1000,4000,100000,1,0,9223372036854775808,5000000000,5000000000,0,0,0,0,0,0,0,0,9223372036854775808,5000000000,5000000000,0,0,0,0,0,0,0,0
250000,1,1,344,1,1,tick,250001,0,0,0,0,5000000000,1000000000,10000000000,500000000,1000000000,4611686018427387904,1000,4000,100000,1,0,9223372036854775808,5000000000,5000000000,0,0,0,0,0,0,0,0,9223372036854775808,5000000000,5000000000,0,0,0,0,0,0,0,0
251000,1,0,347,0,0,tick,251001,0,0,0,0,5000000000,1000000000,10000000000,500000000,1000000000,4611686018427387904,1000,4000,100000,1,0,9223372036854775808,5000000000,5000000000,0,0,0,0,0,0,0,0,9223372036854775808,5000000000,5000000000,0,0,0,0,0,0,0,0
251000,1,1,347,1,1,tick,251001,0,0,0,0,5000000000,1000000000,10000000000,500000000,1000000000,4611686018427387904,1000,4000,100000,1,0,9223372036854775808,5000000000,5000000000,0,0,0,0,0,0,0,0,9223372036854775808,5000000000,5000000000,0,0,0,0,0,0,0,0
252000,1,0,348,0,0,tick,252001,0,0,0,0,5000000000,1000000000,10000000000,500000000,1000000000,4611686018427387904,1000,4000,100000,1,0,9223372036854775808,5000000000,5000000000,0,0,0,0,0,0,0,0,9223372036854775808,5000000000,5000000000,0,0,0,0,0,0,0,0
252000,1,1,348,1,1,tick,252001,0,0,0,0,5000000000,1000000000,10000000000,500000000,1000000000,4611686018427387904,1000,4000,100000,1,0,9223372036854775808,5000000000,5000000000,0,0,0,0,0,0,0,0,9223372036854775808,5000000000,5000000000,0,0,0,0,0,0,0,0
253000,1,0,349,0,0,tick,253001,0,0,0,0,5000000000,1000000000,10000000000,500000000,1000000000,4611686018427387904,1000,4000,100000,1,0,9223372036854775808,5000000000,5000000000,0,0,0,0,0,0,0,0,9223372036854775808,5000000000,5000000000,0,0,0,0,0,0,0,0
253000,1,1,349,1,1,tick,253001,0,0,0,0,5000000000,1000000000,10000000000,500000000,1000000000,4611686018427387904,1000,4000,100000,1,0,9223372036854775808,5000000000,5000000000,0,0,0,0,0,0,0,0,9223372036854775808,5000000000,5000000000,0,0,0,0,0,0,0,0
254000,1,0,350,0,0,tick,254001,0,0,0,0,5000000000,1000000000,10000000000,500000000,1000000000,4611686018427387904,1000,4000,100000,1,0,9223372036854775808,5000000000,5000000000,0,0,0,0,0,0,0,0,9223372036854775808,5000000000,5000000000,0,0,0,0,0,0,0,0
254000,1,1,350,1,1,tick,254001,0,0,0,0,5000000000,1000000000,10000000000,500000000,1000000000,4611686018427387904,1000,4000,100000,1,0,9223372036854775808,5000000000,5000000000,0,0,0,0,0,0,0,0,9223372036854775808,5000000000,5000000000,0,0,0,0,0,0,0,0
255000,1,0,351,0,0,tick,255001,0,0,0,0,5000000000,1000000000,10000000000,500000000,1000000000,4611686018427387904,1000,4000,100000,1,0,9223372036854775808,5000000000,5000000000,0,0,0,0,0,0,0,0,9223372036854775808,5000000000,5000000000,0,0,0,0,0,0,0,0
255000,1,1,351,1,1,tick,255001,0,0,0,0,5000000000,1000000000,10000000000,500000000,1000000000,4611686018427387904,1000,4000,100000,1,0,9223372036854775808,5000000000,5000000000,0,0,0,0,0,0,0,0,9223372036854775808,5000000000,5000000000,0,0,0,0,0,0,0,0
256000,1,0,352,0,0,tick,256001,0,0,0,0,5000000000,1000000000,10000000000,500000000,1000000000,4611686018427387904,1000,4000,100000,1,0,9223372036854775808,5000000000,5000000000,0,0,0,0,0,0,0,0,9223372036854775808,5000000000,5000000000,0,0,0,0,0,0,0,0
256000,1,1,352,1,1,tick,256001,0,0,0,0,5000000000,1000000000,10000000000,500000000,1000000000,4611686018427387904,1000,4000,100000,1,0,9223372036854775808,5000000000,5000000000,0,0,0,0,0,0,0,0,9223372036854775808,5000000000,5000000000,0,0,0,0,0,0,0,0
257000,1,0,353,0,0,tick,257001,0,0,0,0,5000000000,1000000000,10000000000,500000000,1000000000,4611686018427387904,1000,4000,100000,1,0,9223372036854775808,5000000000,5000000000,0,0,0,0,0,0,0,0,9223372036854775808,5000000000,5000000000,0,0,0,0,0,0,0,0
257000,1,1,353,1,1,tick,257001,0,0,0,0,5000000000,1000000000,10000000000,500000000,1000000000,4611686018427387904,1000,4000,100000,1,0,9223372036854775808,5000000000,5000000000,0,0,0,0,0,0,0,0,9223372036854775808,5000000000,5000000000,0,0,0,0,0,0,0,0
258000,1,0,355,0,0,tick,258001,0,0,0,0,5000000000,1000000000,10000000000,500000000,1000000000,4611686018427387904,1000,4000,100000,1,0,9223372036854775808,5000000000,5000000000,0,0,0,0,0,0,0,0,9223372036854775808,5000000000,5000000000,0,0,0,0,0,0,0,0
258000,1,1,355,1,1,tick,258001,0,0,0,0,5000000000,1000000000,10000000000,500000000,1000000000,4611686018427387904,1000,4000,100000,1,0,9223372036854775808,5000000000,5000000000,0,0,0,0,0,0,0,0,9223372036854775808,5000000000,5000000000,0,0,0,0,0,0,0,0
259000,1,0,358,0,0,tick,259001,0,0,0,0,5000000000,1000000000,10000000000,500000000,1000000000,4611686018427387904,1000,4000,100000,1,0,9223372036854775808,5000000000,5000000000,0,0,0,0,0,0,0,0,9223372036854775808,5000000000,5000000000,0,0,0,0,0,0,0,0
259000,1,1,358,1,1,tick,259001,0,0,0,0,5000000000,1000000000,10000000000,500000000,1000000000,4611686018427387904,1000,4000,100000,1,0,9223372036854775808,5000000000,5000000000,0,0,0,0,0,0,0,0,9223372036854775808,5000000000,5000000000,0,0,0,0,0,0,0,0
260000,1,0,359,0,0,tick,260001,0,0,0,0,5000000000,1000000000,10000000000,500000000,1000000000,4611686018427387904,1000,4000,100000,1,0,9223372036854775808,5000000000,5000000000,0,0,0,0,0,0,0,0,9223372036854775808,5000000000,5000000000,0,0,0,0,0,0,0,0
260000,1,1,359,1,1,tick,260001,0,0,0,0,5000000000,1000000000,10000000000,500000000,1000000000,4611686018427387904,1000,4000,100000,1,0,9223372036854775808,5000000000,5000000000,0,0,0,0,0,0,0,0,9223372036854775808,5000000000,5000000000,0,0,0,0,0,0,0,0
261000,1,0,360,0,0,tick,261001,0,0,0,0,5000000000,1000000000,10000000000,500000000,1000000000,4611686018427387904,1000,4000,100000,1,0,9223372036854775808,5000000000,5000000000,0,0,0,0,0,0,0,0,9223372036854775808,5000000000,5000000000,0,0,0,0,0,0,0,0
261000,1,1,360,1,1,tick,261001,0,0,0,0,5000000000,1000000000,10000000000,500000000,1000000000,4611686018427387904,1000,4000,100000,1,0,9223372036854775808,5000000000,5000000000,0,0,0,0,0,0,0,0,9223372036854775808,5000000000,5000000000,0,0,0,0,0,0,0,0
262000,1,0,361,0,0,tick,262001,0,0,0,0,5000000000,1000000000,10000000000,500000000,1000000000,4611686018427387904,1000,4000,100000,1,0,9223372036854775808,5000000000,5000000000,0,0,0,0,0,0,0,0,9223372036854775808,5000000000,5000000000,0,0,0,0,0,0,0,0
262000,1,1,361,1,1,tick,262001,0,0,0,0,5000000000,1000000000,10000000000,500000000,1000000000,4611686018427387904,1000,4000,100000,1,0,9223372036854775808,5000000000,5000000000,0,0,0,0,0,0,0,0,9223372036854775808,5000000000,5000000000,0,0,0,0,0,0,0,0
263000,1,0,362,0,0,tick,263001,0,0,0,0,5000000000,1000000000,10000000000,500000000,1000000000,4611686018427387904,1000,4000,100000,1,0,9223372036854775808,5000000000,5000000000,0,0,0,0,0,0,0,0,9223372036854775808,5000000000,5000000000,0,0,0,0,0,0,0,0
263000,1,1,362,1,1,tick,263001,0,0,0,0,5000000000,1000000000,10000000000,500000000,1000000000,4611686018427387904,1000,4000,100000,1,0,9223372036854775808,5000000000,5000000000,0,0,0,0,0,0,0,0,9223372036854775808,5000000000,5000000000,0,0,0,0,0,0,0,0
264000,1,0,363,0,0,tick,264001,0,0,0,0,5000000000,1000000000,10000000000,500000000,1000000000,4611686018427387904,1000,4000,100000,1,0,9223372036854775808,5000000000,5000000000,0,0,0,0,0,0,0,0,9223372036854775808,5000000000,5000000000,0,0,0,0,0,0,0,0
264000,1,1,363,1,1,tick,264001,0,0,0,0,5000000000,1000000000,10000000000,500000000,1000000000,4611686018427387904,1000,4000,100000,1,0,9223372036854775808,5000000000,5000000000,0,0,0,0,0,0,0,0,9223372036854775808,5000000000,5000000000,0,0,0,0,0,0,0,0
265000,1,0,364,0,0,tick,265001,0,0,0,0,5000000000,1000000000,10000000000,500000000,1000000000,4611686018427387904,1000,4000,100000,1,0,9223372036854775808,5000000000,5000000000,0,0,0,0,0,0,0,0,9223372036854775808,5000000000,5000000000,0,0,0,0,0,0,0,0
265000,1,1,364,1,1,tick,265001,0,0,0,0,5000000000,1000000000,10000000000,500000000,1000000000,4611686018427387904,1000,4000,100000,1,0,9223372036854775808,5000000000,5000000000,0,0,0,0,0,0,0,0,9223372036854775808,5000000000,5000000000,0,0,0,0,0,0,0,0
266000,1,0,366,0,0,tick,266001,0,0,0,0,5000000000,1000000000,10000000000,500000000,1000000000,4611686018427387904,1000,4000,100000,1,0,9223372036854775808,5000000000,5000000000,0,0,0,0,0,0,0,0,9223372036854775808,5000000000,5000000000,0,0,0,0,0,0,0,0
266000,1,1,366,1,1,tick,266001,0,0,0,0,5000000000,1000000000,10000000000,500000000,1000000000,4611686018427387904,1000,4000,100000,1,0,9223372036854775808,5000000000,5000000000,0,0,0,0,0,0,0,0,9223372036854775808,5000000000,5000000000,0,0,0,0,0,0,0,0
267000,1,0,369,0,0,tick,267001,0,0,0,0,5000000000,1000000000,10000000000,500000000,1000000000,4611686018427387904,1000,4000,100000,1,0,9223372036854775808,5000000000,5000000000,0,0,0,0,0,0,0,0,9223372036854775808,5000000000,5000000000,0,0,0,0,0,0,0,0
267000,1,1,369,1,1,tick,267001,0,0,0,0,5000000000,1000000000,10000000000,500000000,1000000000,4611686018427387904,1000,4000,100000,1,0,9223372036854775808,5000000000,5000000000,0,0,0,0,0,0,0,0,9223372036854775808,5000000000,5000000000,0,0,0,0,0,0,0,0
268000,1,0,370,0,0,tick,268001,0,0,0,0,5000000000,1000000000,10000000000,500000000,1000000000,4611686018427387904,1000,4000,100000,1,0,9223372036854775808,5000000000,5000000000,0,0,0,0,0,0,0,0,9223372036854775808,5000000000,5000000000,0,0,0,0,0,0,0,0
268000,1,1,370,1,1,tick,268001,0,0,0,0,5000000000,1000000000,10000000000,500000000,1000000000,4611686018427387904,1000,4000,100000,1,0,9223372036854775808,5000000000,5000000000,0,0,0,0,0,0,0,0,9223372036854775808,5000000000,5000000000,0,0,0,0,0,0,0,0
269000,1,0,371,0,0,tick,269001,0,0,0,0,5000000000,1000000000,10000000000,500000000,1000000000,4611686018427387904,1000,4000,100000,1,0,9223372036854775808,5000000000,5000000000,0,0,0,0,0,0,0,0,9223372036854775808,5000000000,5000000000,0,0,0,0,0,0,0,0
269000,1,1,371,1,1,tick,269001,0,0,0,0,5000000000,1000000000,10000000000,500000000,1000000000,4611686018427387904,1000,4000,100000,1,0,9223372036854775808,5000000000,5000000000,0,0,0,0,0,0,0,0,9223372036854775808,5000000000,5000000000,0,0,0,0,0,0,0,0
270000,1,0,372,0,0,tick,270001,0,0,0,0,5000000000,1000000000,10000000000,500000000,1000000000,4611686018427387904,1000,4000,100000,1,0,9223372036854775808,5000000000,5000000000,0,0,0,0,0,0,0,0,9223372036854775808,5000000000,5000000000,0,0,0,0,0,0,0,0
270000,1,1,372,1,1,tick,270001,0,0,0,0,5000000000,1000000000,10000000000,500000000,1000000000,4611686018427387904,1000,4000,100000,1,0,9223372036854775808,5000000000,5000000000,0,0,0,0,0,0,0,0,9223372036854775808,5000000000,5000000000,0,0,0,0,0,0,0,0
271000,1,0,373,0,0,tick,271001,0,0,0,0,5000000000,1000000000,10000000000,500000000,1000000000,4611686018427387904,1000,4000,100000,1,0,9223372036854775808,5000000000,5000000000,0,0,0,0,0,0,0,0,9223372036854775808,5000000000,5000000000,0,0,0,0,0,0,0,0
271000,1,1,373,1,1,tick,271001,0,0,0,0,5000000000,1000000000,10000000000,500000000,1000000000,4611686018427387904,1000,4000,100000,1,0,9223372036854775808,5000000000,5000000000,0,0,0,0,0,0,0,0,9223372036854775808,5000000000,5000000000,0,0,0,0,0,0,0,0
272000,1,0,374,0,0,tick,272001,0,0,0,0,5000000000,1000000000,10000000000,500000000,1000000000,4611686018427387904,1000,4000,100000,1,0,9223372036854775808,5000000000,5000000000,0,0,0,0,0,0,0,0,9223372036854775808,5000000000,5000000000,0,0,0,0,0,0,0,0
272000,1,1,374,1,1,tick,272001,0,0,0,0,5000000000,1000000000,10000000000,500000000,1000000000,4611686018427387904,1000,4000,100000,1,0,9223372036854775808,5000000000,5000000000,0,0,0,0,0,0,0,0,9223372036854775808,5000000000,5000000000,0,0,0,0,0,0,0,0
273000,1,0,375,0,0,tick,273001,0,0,0,0,5000000000,1000000000,10000000000,500000000,1000000000,4611686018427387904,1000,4000,100000,1,0,9223372036854775808,5000000000,5000000000,0,0,0,0,0,0,0,0,9223372036854775808,5000000000,5000000000,0,0,0,0,0,0,0,0
273000,1,1,375,1,1,tick,273001,0,0,0,0,5000000000,1000000000,10000000000,500000000,1000000000,4611686018427387904,1000,4000,100000,1,0,9223372036854775808,5000000000,5000000000,0,0,0,0,0,0,0,0,9223372036854775808,5000000000,5000000000,0,0,0,0,0,0,0,0
274000,1,0,377,0,0,tick,274001,0,0,0,0,5000000000,1000000000,10000000000,500000000,1000000000,4611686018427387904,1000,4000,100000,1,0,9223372036854775808,5000000000,5000000000,0,0,0,0,0,0,0,0,9223372036854775808,5000000000,5000000000,0,0,0,0,0,0,0,0
274000,1,1,377,1,1,tick,274001,0,0,0,0,5000000000,1000000000,10000000000,500000000,1000000000,4611686018427387904,1000,4000,100000,1,0,9223372036854775808,5000000000,5000000000,0,0,0,0,0,0,0,0,9223372036854775808,5000000000,5000000000,0,0,0,0,0,0,0,0
275000,1,0,380,0,0,tick,275001,0,0,0,0,5000000000,1000000000,10000000000,500000000,1000000000,4611686018427387904,1000,4000,100000,1,0,9223372036854775808,5000000000,5000000000,0,0,0,0,0,0,0,0,9223372036854775808,5000000000,5000000000,0,0,0,0,0,0,0,0
275000,1,1,380,1,1,tick,275001,0,0,0,0,5000000000,1000000000,10000000000,500000000,1000000000,4611686018427387904,1000,4000,100000,1,0,9223372036854775808,5000000000,5000000000,0,0,0,0,0,0,0,0,9223372036854775808,5000000000,5000000000,0,0,0,0,0,0,0,0
276000,1,0,381,0,0,tick,276001,0,0,0,0,5000000000,1000000000,10000000000,500000000,1000000000,4611686018427387904,1000,4000,100000,1,0,9223372036854775808,5000000000,5000000000,0,0,0,0,0,0,0,0,9223372036854775808,5000000000,5000000000,0,0,0,0,0,0,0,0
276000,1,1,381,1,1,tick,276001,0,0,0,0,5000000000,1000000000,10000000000,500000000,1000000000,4611686018427387904,1000,4000,100000,1,0,9223372036854775808,5000000000,5000000000,0,0,0,0,0,0,0,0,9223372036854775808,5000000000,5000000000,0,0,0,0,0,0,0,0
277000,1,0,382,0,0,tick,277001,0,0,0,0,5000000000,1000000000,10000000000,500000000,1000000000,4611686018427387904,1000,4000,100000,1,0,9223372036854775808,5000000000,5000000000,0,0,0,0,0,0,0,0,9223372036854775808,5000000000,5000000000,0,0,0,0,0,0,0,0
277000,1,1,382,1,1,tick,277001,0,0,0,0,5000000000,1000000000,10000000000,500000000,1000000000,4611686018427387904,1000,4000,100000,1,0,9223372036854775808,5000000000,5000000000,0,0,0,0,0,0,0,0,9223372036854775808,5000000000,5000000000,0,0,0,0,0,0,0,0
278000,1,0,383,0,0,tick,278001,0,0,0,0,5000000000,1000000000,10000000000,500000000,1000000000,4611686018427387904,1000,4000,100000,1,0,9223372036854775808,5000000000,5000000000,0,0,0,0,0,0,0,0,9223372036854775808,5000000000,5000000000,0,0,0,0,0,0,0,0
278000,1,1,383,1,1,tick,278001,0,0,0,0,5000000000,1000000000,10000000000,500000000,1000000000,4611686018427387904,1000,4000,100000,1,0,9223372036854775808,5000000000,5000000000,0,0,0,0,0,0,0,0,9223372036854775808,5000000000,5000000000,0,0,0,0,0,0,0,0
279000,1,0,384,0,0,tick,279001,0,0,0,0,5000000000,1000000000,10000000000,500000000,1000000000,4611686018427387904,1000,4000,100000,1,0,9223372036854775808,5000000000,5000000000,0,0,0,0,0,0,0,0,9223372036854775808,5000000000,5000000000,0,0,0,0,0,0,0,0
279000,1,1,384,1,1,tick,279001,0,0,0,0,5000000000,1000000000,10000000000,500000000,1000000000,4611686018427387904,1000,4000,100000,1,0,9223372036854775808,5000000000,5000000000,0,0,0,0,0,0,0,0,9223372036854775808,5000000000,5000000000,0,0,0,0,0,0,0,0
280000,1,0,385,0,0,tick,280001,0,0,0,0,5000000000,1000000000,10000000000,500000000,1000000000,4611686018427387904,1000,4000,100000,1,0,9223372036854775808,5000000000,5000000000,0,0,0,0,0,0,0,0,9223372036854775808,5000000000,5000000000,0,0,0,0,0,0,0,0
280000,1,1,385,1,1,tick,280001,0,0,0,0,5000000000,1000000000,10000000000,500000000,1000000000,4611686018427387904,1000,4000,100000,1,0,9223372036854775808,5000000000,5000000000,0,0,0,0,0,0,0,0,9223372036854775808,5000000000,5000000000,0,0,0,0,0,0,0,0
281000,1,0,386,0,0,tick,281001,0,0,0,0,5000000000,1000000000,10000000000,500000000,1000000000,4611686018427387904,1000,4000,100000,1,0,9223372036854775808,5000000000,5000000000,0,0,0,0,0,0,0,0,9223372036854775808,5000000000,5000000000,0,0,0,0,0,0,0,0
281000,1,1,386,1,1,tick,281001,0,0,0,0,5000000000,1000000000,10000000000,500000000,1000000000,4611686018427387904,1000,4000,100000,1,0,9223372036854775808,5000000000,5000000000,0,0,0,0,0,0,0,0,9223372036854775808,5000000000,5000000000,0,0,0,0,0,0,0,0
282000,1,0,388,0,0,tick,282001,0,0,0,0,5000000000,1000000000,10000000000,500000000,1000000000,4611686018427387904,1000,4000,100000,1,0,9223372036854775808,5000000000,5000000000,0,0,0,0,0,0,0,0,9223372036854775808,5000000000,5000000000,0,0,0,0,0,0,0,0
282000,1,1,388,1,1,tick,282001,0,0,0,0,5000000000,1000000000,10000000000,500000000,1000000000,4611686018427387904,1000,4000,100000,1,0,9223372036854775808,5000000000,5000000000,0,0,0,0,0,0,0,0,9223372036854775808,5000000000,5000000000,0,0,0,0,0,0,0,0
283000,1,0,391,0,0,tick,283001,0,0,0,0,5000000000,1000000000,10000000000,500000000,1000000000,4611686018427387904,1000,4000,100000,1,0,9223372036854775808,5000000000,5000000000,0,0,0,0,0,0,0,0,9223372036854775808,5000000000,5000000000,0,0,0,0,0,0,0,0
283000,1,1,391,1,1,tick,283001,0,0,0,0,5000000000,1000000000,10000000000,500000000,1000000000,4611686018427387904,1000,4000,100000,1,0,9223372036854775808,5000000000,5000000000,0,0,0,0,0,0,0,0,9223372036854775808,5000000000,5000000000,0,0,0,0,0,0,0,0
284000,1,0,392,0,0,tick,284001,0,0,0,0,5000000000,1000000000,10000000000,500000000,1000000000,4611686018427387904,1000,4000,100000,1,0,9223372036854775808,5000000000,5000000000,0,0,0,0,0,0,0,0,9223372036854775808,5000000000,5000000000,0,0,0,0,0,0,0,0
284000,1,1,392,1,1,tick,284001,0,0,0,0,5000000000,1000000000,10000000000,500000000,1000000000,4611686018427387904,1000,4000,100000,1,0,9223372036854775808,5000000000,5000000000,0,0,0,0,0,0,0,0,9223372036854775808,5000000000,5000000000,0,0,0,0,0,0,0,0
285000,1,0,393,0,0,tick,285001,0,0,0,0,5000000000,1000000000,10000000000,500000000,1000000000,4611686018427387904,1000,4000,100000,1,0,9223372036854775808,5000000000,5000000000,0,0,0,0,0,0,0,0,9223372036854775808,5000000000,5000000000,0,0,0,0,0,0,0,0
285000,1,1,393,1,1,tick,285001,0,0,0,0,5000000000,1000000000,10000000000,500000000,1000000000,4611686018427387904,1000,4000,100000,1,0,9223372036854775808,5000000000,5000000000,0,0,0,0,0,0,0,0,9223372036854775808,5000000000,5000000000,0,0,0,0,0,0,0,0
286000,1,0,394,0,0,tick,286001,0,0,0,0,5000000000,1000000000,10000000000,500000000,1000000000,4611686018427387904,1000,4000,100000,1,0,9223372036854775808,5000000000,5000000000,0,0,0,0,0,0,0,0,9223372036854775808,5000000000,5000000000,0,0,0,0,0,0,0,0
286000,1,1,394,1,1,tick,286001,0,0,0,0,5000000000,1000000000,10000000000,500000000,1000000000,4611686018427387904,1000,4000,100000,1,0,9223372036854775808,5000000000,5000000000,0,0,0,0,0,0,0,0,9223372036854775808,5000000000,5000000000,0,0,0,0,0,0,0,0
287000,1,0,395,0,0,tick,287001,0,0,0,0,5000000000,1000000000,10000000000,500000000,1000000000,4611686018427387904,1000,4000,100000,1,0,9223372036854775808,5000000000,5000000000,0,0,0,0,0,0,0,0,9223372036854775808,5000000000,5000000000,0,0,0,0,0,0,0,0
287000,1,1,395,1,1,tick,287001,0,0,0,0,5000000000,1000000000,10000000000,500000000,1000000000,4611686018427387904,1000,4000,100000,1,0,9223372036854775808,5000000000,5000000000,0,0,0,0,0,0,0,0,9223372036854775808,5000000000,5000000000,0,0,0,0,0,0,0,0
288000,1,0,396,0,0,tick,288001,0,0,0,0,5000000000,1000000000,10000000000,500000000,1000000000,4611686018427387904,1000,4000,100000,1,0,9223372036854775808,5000000000,5000000000,0,0,0,0,0,0,0,0,9223372036854775808,5000000000,5000000000,0,0,0,0,0,0,0,0
288000,1,1,396,1,1,tick,288001,0,0,0,0,5000000000,1000000000,10000000000,500000000,1000000000,4611686018427387904,1000,4000,100000,1,0,9223372036854775808,5000000000,5000000000,0,0,0,0,0,0,0,0,9223372036854775808,5000000000,5000000000,0,0,0,0,0,0,0,0
289000,1,0,397,0,0,tick,289001,0,0,0,0,5000000000,1000000000,10000000000,500000000,1000000000,4611686018427387904,1000,4000,100000,1,0,9223372036854775808,5000000000,5000000000,0,0,0,0,0,0,0,0,9223372036854775808,5000000000,5000000000,0,0,0,0,0,0,0,0
289000,1,1,397,1,1,tick,289001,0,0,0,0,5000000000,1000000000,10000000000,500000000,1000000000,4611686018427387904,1000,4000,100000,1,0,9223372036854775808,5000000000,5000000000,0,0,0,0,0,0,0,0,9223372036854775808,5000000000,5000000000,0,0,0,0,0,0,0,0
290000,1,0,399,0,0,tick,290001,0,0,0,0,5000000000,1000000000,10000000000,500000000,1000000000,4611686018427387904,1000,4000,100000,1,0,9223372036854775808,5000000000,5000000000,0,0,0,0,0,0,0,0,9223372036854775808,5000000000,5000000000,0,0,0,0,0,0,0,0
290000,1,1,399,1,1,tick,290001,0,0,0,0,5000000000,1000000000,10000000000,500000000,1000000000,4611686018427387904,1000,4000,100000,1,0,9223372036854775808,5000000000,5000000000,0,0,0,0,0,0,0,0,9223372036854775808,5000000000,5000000000,0,0,0,0,0,0,0,0
291000,1,0,402,0,0,tick,291001,0,0,0,0,5000000000,1000000000,10000000000,500000000,1000000000,4611686018427387904,1000,4000,100000,1,0,9223372036854775808,5000000000,5000000000,0,0,0,0,0,0,0,0,9223372036854775808,5000000000,5000000000,0,0,0,0,0,0,0,0
291000,1,1,402,1,1,tick,291001,0,0,0,0,5000000000,1000000000,10000000000,500000000,1000000000,4611686018427387904,1000,4000,100000,1,0,9223372036854775808,5000000000,5000000000,0,0,0,0,0,0,0,0,9223372036854775808,5000000000,5000000000,0,0,0,0,0,0,0,0
292000,1,0,403,0,0,tick,292001,0,0,0,0,5000000000,1000000000,10000000000,500000000,1000000000,4611686018427387904,1000,4000,100000,1,0,9223372036854775808,5000000000,5000000000,0,0,0,0,0,0,0,0,9223372036854775808,5000000000,5000000000,0,0,0,0,0,0,0,0
292000,1,1,403,1,1,tick,292001,0,0,0,0,5000000000,1000000000,10000000000,500000000,1000000000,4611686018427387904,1000,4000,100000,1,0,9223372036854775808,5000000000,5000000000,0,0,0,0,0,0,0,0,9223372036854775808,5000000000,5000000000,0,0,0,0,0,0,0,0
293000,1,0,404,0,0,tick,293001,0,0,0,0,5000000000,1000000000,10000000000,500000000,1000000000,4611686018427387904,1000,4000,100000,1,0,9223372036854775808,5000000000,5000000000,0,0,0,0,0,0,0,0,9223372036854775808,5000000000,5000000000,0,0,0,0,0,0,0,0
293000,1,1,404,1,1,tick,293001,0,0,0,0,5000000000,1000000000,10000000000,500000000,1000000000,4611686018427387904,1000,4000,100000,1,0,9223372036854775808,5000000000,5000000000,0,0,0,0,0,0,0,0,9223372036854775808,5000000000,5000000000,0,0,0,0,0,0,0,0
294000,1,0,405,0,0,tick,294001,0,0,0,0,5000000000,1000000000,10000000000,500000000,1000000000,4611686018427387904,1000,4000,100000,1,0,9223372036854775808,5000000000,5000000000,0,0,0,0,0,0,0,0,9223372036854775808,5000000000,5000000000,0,0,0,0,0,0,0,0
294000,1,1,405,1,1,tick,294001,0,0,0,0,5000000000,1000000000,10000000000,500000000,1000000000,4611686018427387904,1000,4000,100000,1,0,9223372036854775808,5000000000,5000000000,0,0,0,0,0,0,0,0,9223372036854775808,5000000000,5000000000,0,0,0,0,0,0,0,0
295000,1,0,406,0,0,tick,295001,0,0,0,0,5000000000,1000000000,10000000000,500000000,1000000000,4611686018427387904,1000,4000,100000,1,0,9223372036854775808,5000000000,5000000000,0,0,0,0,0,0,0,0,9223372036854775808,5000000000,5000000000,0,0,0,0,0,0,0,0
295000,1,1,406,1,1,tick,295001,0,0,0,0,5000000000,1000000000,10000000000,500000000,1000000000,4611686018427387904,1000,4000,100000,1,0,9223372036854775808,5000000000,5000000000,0,0,0,0,0,0,0,0,9223372036854775808,5000000000,5000000000,0,0,0,0,0,0,0,0
296000,1,0,407,0,0,tick,296001,0,0,0,0,5000000000,1000000000,10000000000,500000000,1000000000,4611686018427387904,1000,4000,100000,1,0,9223372036854775808,5000000000,5000000000,0,0,0,0,0,0,0,0,9223372036854775808,5000000000,5000000000,0,0,0,0,0,0,0,0
296000,1,1,407,1,1,tick,296001,0,0,0,0,5000000000,1000000000,10000000000,500000000,1000000000,4611686018427387904,1000,4000,100000,1,0,9223372036854775808,5000000000,5000000000,0,0,0,0,0,0,0,0,9223372036854775808,5000000000,5000000000,0,0,0,0,0,0,0,0
297000,1,0,408,0,0,tick,297001,0,0,0,0,5000000000,1000000000,10000000000,500000000,1000000000,4611686018427387904,1000,4000,100000,1,0,9223372036854775808,5000000000,5000000000,0,0,0,0,0,0,0,0,9223372036854775808,5000000000,5000000000,0,0,0,0,0,0,0,0
297000,1,1,408,1,1,tick,297001,0,0,0,0,5000000000,1000000000,10000000000,500000000,1000000000,4611686018427387904,1000,4000,100000,1,0,9223372036854775808,5000000000,5000000000,0,0,0,0,0,0,0,0,9223372036854775808,5000000000,5000000000,0,0,0,0,0,0,0,0
298000,1,0,410,0,0,tick,298001,0,0,0,0,5000000000,1000000000,10000000000,500000000,1000000000,4611686018427387904,1000,4000,100000,1,0,9223372036854775808,5000000000,5000000000,0,0,0,0,0,0,0,0,9223372036854775808,5000000000,5000000000,0,0,0,0,0,0,0,0
298000,1,1,410,1,1,tick,298001,0,0,0,0,5000000000,1000000000,10000000000,500000000,1000000000,4611686018427387904,1000,4000,100000,1,0,9223372036854775808,5000000000,5000000000,0,0,0,0,0,0,0,0,9223372036854775808,5000000000,5000000000,0,0,0,0,0,0,0,0
299000,1,0,413,0,0,tick,299001,0,0,0,0,5000000000,1000000000,10000000000,500000000,1000000000,4611686018427387904,1000,4000,100000,1,0,9223372036854775808,5000000000,5000000000,0,0,0,0,0,0,0,0,9223372036854775808,5000000000,5000000000,0,0,0,0,0,0,0,0
299000,1,1,413,1,1,tick,299001,0,0,0,0,5000000000,1000000000,10000000000,500000000,1000000000,4611686018427387904,1000,4000,100000,1,0,9223372036854775808,5000000000,5000000000,0,0,0,0,0,0,0,0,9223372036854775808,5000000000,5000000000,0,0,0,0,0,0,0,0
300000,1,0,414,0,0,tick,300001,0,0,0,0,5000000000,1000000000,10000000000,500000000,1000000000,4611686018427387904,1000,4000,100000,1,0,9223372036854775808,5000000000,5000000000,0,0,0,0,0,0,0,0,9223372036854775808,5000000000,5000000000,0,0,0,0,0,0,0,0
300000,1,1,414,1,1,tick,300001,0,0,0,0,5000000000,1000000000,10000000000,500000000,1000000000,4611686018427387904,1000,4000,100000,1,0,9223372036854775808,5000000000,5000000000,0,0,0,0,0,0,0,0,9223372036854775808,5000000000,5000000000,0,0,0,0,0,0,0,0
301000,1,0,415,0,0,tick,301001,0,0,0,0,5000000000,1000000000,10000000000,500000000,1000000000,4611686018427387904,1000,4000,100000,1,0,9223372036854775808,5000000000,5000000000,0,0,0,0,0,0,0,0,9223372036854775808,5000000000,5000000000,0,0,0,0,0,0,0,0
301000,1,1,415,1,1,tick,301001,0,0,0,0,5000000000,1000000000,10000000000,500000000,1000000000,4611686018427387904,1000,4000,100000,1,0,9223372036854775808,5000000000,5000000000,0,0,0,0,0,0,0,0,9223372036854775808,5000000000,5000000000,0,0,0,0,0,0,0,0
302000,1,0,416,0,0,tick,302001,0,0,0,0,5000000000,1000000000,10000000000,500000000,1000000000,4611686018427387904,1000,4000,100000,1,0,9223372036854775808,5000000000,5000000000,0,0,0,0,0,0,0,0,9223372036854775808,5000000000,5000000000,0,0,0,0,0,0,0,0
302000,1,1,416,1,1,tick,302001,0,0,0,0,5000000000,1000000000,10000000000,500000000,1000000000,4611686018427387904,1000,4000,100000,1,0,9223372036854775808,5000000000,5000000000,0,0,0,0,0,0,0,0,9223372036854775808,5000000000,5000000000,0,0,0,0,0,0,0,0
303000,1,0,417,0,0,tick,303001,0,0,0,0,5000000000,1000000000,10000000000,500000000,1000000000,4611686018427387904,1000,4000,100000,1,0,9223372036854775808,5000000000,5000000000,0,0,0,0,0,0,0,0,9223372036854775808,5000000000,5000000000,0,0,0,0,0,0,0,0
303000,1,1,417,1,1,tick,303001,0,0,0,0,5000000000,1000000000,10000000000,500000000,1000000000,4611686018427387904,1000,4000,100000,1,0,9223372036854775808,5000000000,5000000000,0,0,0,0,0,0,0,0,9223372036854775808,5000000000,5000000000,0,0,0,0,0,0,0,0
304000,1,0,418,0,0,tick,304001,0,0,0,0,5000000000,1000000000,10000000000,500000000,1000000000,4611686018427387904,1000,4000,100000,1,0,9223372036854775808,5000000000,5000000000,0,0,0,0,0,0,0,0,9223372036854775808,5000000000,5000000000,0,0,0,0,0,0,0,0
304000,1,1,418,1,1,tick,304001,0,0,0,0,5000000000,1000000000,10000000000,500000000,1000000000,4611686018427387904,1000,4000,100000,1,0,9223372036854775808,5000000000,5000000000,0,0,0,0,0,0,0,0,9223372036854775808,5000000000,5000000000,0,0,0,0,0,0,0,0
305000,1,0,419,0,0,tick,305001,0,0,0,0,5000000000,1000000000,10000000000,500000000,1000000000,4611686018427387904,1000,4000,100000,1,0,9223372036854775808,5000000000,5000000000,0,0,0,0,0,0,0,0,9223372036854775808,5000000000,5000000000,0,0,0,0,0,0,0,0
305000,1,1,419,1,1,tick,305001,0,0,0,0,5000000000,1000000000,10000000000,500000000,1000000000,4611686018427387904,1000,4000,100000,1,0,9223372036854775808,5000000000,5000000000,0,0,0,0,0,0,0,0,9223372036854775808,5000000000,5000000000,0,0,0,0,0,0,0,0
306000,1,0,421,0,0,tick,306001,0,0,0,0,5000000000,1000000000,10000000000,500000000,1000000000,4611686018427387904,1000,4000,100000,1,0,9223372036854775808,5000000000,5000000000,0,0,0,0,0,0,0,0,9223372036854775808,5000000000,5000000000,0,0,0,0,0,0,0,0
306000,1,1,421,1,1,tick,306001,0,0,0,0,5000000000,1000000000,10000000000,500000000,1000000000,4611686018427387904,1000,4000,100000,1,0,9223372036854775808,5000000000,5000000000,0,0,0,0,0,0,0,0,9223372036854775808,5000000000,5000000000,0,0,0,0,0,0,0,0
307000,1,0,424,0,0,tick,307001,0,0,0,0,5000000000,1000000000,10000000000,500000000,1000000000,4611686018427387904,1000,4000,100000,1,0,9223372036854775808,5000000000,5000000000,0,0,0,0,0,0,0,0,9223372036854775808,5000000000,5000000000,0,0,0,0,0,0,0,0
307000,1,1,424,1,1,tick,307001,0,0,0,0,5000000000,1000000000,10000000000,500000000,1000000000,4611686018427387904,1000,4000,100000,1,0,9223372036854775808,5000000000,5000000000,0,0,0,0,0,0,0,0,9223372036854775808,5000000000,5000000000,0,0,0,0,0,0,0,0
308000,1,0,425,0,0,tick,308001,0,0,0,0,5000000000,1000000000,10000000000,500000000,1000000000,4611686018427387904,1000,4000,100000,1,0,9223372036854775808,5000000000,5000000000,0,0,0,0,0,0,0,0,9223372036854775808,5000000000,5000000000,0,0,0,0,0,0,0,0
308000,1,1,425,1,1,tick,308001,0,0,0,0,5000000000,1000000000,10000000000,500000000,1000000000,4611686018427387904,1000,4000,100000,1,0,9223372036854775808,5000000000,5000000000,0,0,0,0,0,0,0,0,9223372036854775808,5000000000,5000000000,0,0,0,0,0,0,0,0
309000,1,0,426,0,0,tick,309001,0,0,0,0,5000000000,1000000000,10000000000,500000000,1000000000,4611686018427387904,1000,4000,100000,1,0,9223372036854775808,5000000000,5000000000,0,0,0,0,0,0,0,0,9223372036854775808,5000000000,5000000000,0,0,0,0,0,0,0,0
309000,1,1,426,1,1,tick,309001,0,0,0,0,5000000000,1000000000,10000000000,500000000,1000000000,4611686018427387904,1000,4000,100000,1,0,9223372036854775808,5000000000,5000000000,0,0,0,0,0,0,0,0,9223372036854775808,5000000000,5000000000,0,0,0,0,0,0,0,0
310000,1,0,427,0,0,tick,310001,0,0,0,0,5000000000,1000000000,10000000000,500000000,1000000000,4611686018427387904,1000,4000,100000,1,0,9223372036854775808,5000000000,5000000000,0,0,0,0,0,0,0,0,9223372036854775808,5000000000,5000000000,0,0,0,0,0,0,0,0
310000,1,1,427,1,1,tick,310001,0,0,0,0,5000000000,1000000000,10000000000,500000000,1000000000,4611686018427387904,1000,4000,100000,1,0,9223372036854775808,5000000000,5000000000,0,0,0,0,0,0,0,0,9223372036854775808,5000000000,5000000000,0,0,0,0,0,0,0,0
311000,1,0,428,0,0,tick,311001,0,0,0,0,5000000000,1000000000,10000000000,500000000,1000000000,4611686018427387904,1000,4000,100000,1,0,9223372036854775808,5000000000,5000000000,0,0,0,0,0,0,0,0,9223372036854775808,5000000000,5000000000,0,0,0,0,0,0,0,0
311000,1,1,428,1,1,tick,311001,0,0,0,0,5000000000,1000000000,10000000000,500000000,1000000000,4611686018427387904,1000,4000,100000,1,0,9223372036854775808,5000000000,5000000000,0,0,0,0,0,0,0,0,9223372036854775808,5000000000,5000000000,0,0,0,0,0,0,0,0
312000,1,0,429,0,0,tick,312001,0,0,0,0,5000000000,1000000000,10000000000,500000000,1000000000,4611686018427387904,1000,4000,100000,1,0,9223372036854775808,5000000000,5000000000,0,0,0,0,0,0,0,0,9223372036854775808,5000000000,5000000000,0,0,0,0,0,0,0,0
312000,1,1,429,1,1,tick,312001,0,0,0,0,5000000000,1000000000,10000000000,500000000,1000000000,4611686018427387904,1000,4000,100000,1,0,9223372036854775808,5000000000,5000000000,0,0,0,0,0,0,0,0,9223372036854775808,5000000000,5000000000,0,0,0,0,0,0,0,0
313000,1,0,430,0,0,tick,313001,0,0,0,0,5000000000,1000000000,10000000000,500000000,1000000000,4611686018427387904,1000,4000,100000,1,0,9223372036854775808,5000000000,5000000000,0,0,0,0,0,0,0,0,9223372036854775808,5000000000,5000000000,0,0,0,0,0,0,0,0
313000,1,1,430,1,1,tick,313001,0,0,0,0,5000000000,1000000000,10000000000,500000000,1000000000,4611686018427387904,1000,4000,100000,1,0,9223372036854775808,5000000000,5000000000,0,0,0,0,0,0,0,0,9223372036854775808,5000000000,5000000000,0,0,0,0,0,0,0,0
314000,1,0,432,0,0,tick,314001,0,0,0,0,5000000000,1000000000,10000000000,500000000,1000000000,4611686018427387904,1000,4000,100000,1,0,9223372036854775808,5000000000,5000000000,0,0,0,0,0,0,0,0,9223372036854775808,5000000000,5000000000,0,0,0,0,0,0,0,0
314000,1,1,432,1,1,tick,314001,0,0,0,0,5000000000,1000000000,10000000000,500000000,1000000000,4611686018427387904,1000,4000,100000,1,0,9223372036854775808,5000000000,5000000000,0,0,0,0,0,0,0,0,9223372036854775808,5000000000,5000000000,0,0,0,0,0,0,0,0
315000,1,0,435,0,0,tick,315001,0,0,0,0,5000000000,1000000000,10000000000,500000000,1000000000,4611686018427387904,1000,4000,100000,1,0,9223372036854775808,5000000000,5000000000,0,0,0,0,0,0,0,0,9223372036854775808,5000000000,5000000000,0,0,0,0,0,0,0,0
315000,1,1,435,1,1,tick,315001,0,0,0,0,5000000000,1000000000,10000000000,500000000,1000000000,4611686018427387904,1000,4000,100000,1,0,9223372036854775808,5000000000,5000000000,0,0,0,0,0,0,0,0,9223372036854775808,5000000000,5000000000,0,0,0,0,0,0,0,0
316000,1,0,436,0,0,tick,316001,0,0,0,0,5000000000,1000000000,10000000000,500000000,1000000000,4611686018427387904,1000,4000,100000,1,0,9223372036854775808,5000000000,5000000000,0,0,0,0,0,0,0,0,9223372036854775808,5000000000,5000000000,0,0,0,0,0,0,0,0
316000,1,1,436,1,1,tick,316001,0,0,0,0,5000000000,1000000000,10000000000,500000000,1000000000,4611686018427387904,1000,4000,100000,1,0,9223372036854775808,5000000000,5000000000,0,0,0,0,0,0,0,0,9223372036854775808,5000000000,5000000000,0,0,0,0,0,0,0,0
317000,1,0,437,0,0,tick,317001,0,0,0,0,5000000000,1000000000,10000000000,500000000,1000000000,4611686018427387904,1000,4000,100000,1,0,9223372036854775808,5000000000,5000000000,0,0,0,0,0,0,0,0,9223372036854775808,5000000000,5000000000,0,0,0,0,0,0,0,0
317000,1,1,437,1,1,tick,317001,0,0,0,0,5000000000,1000000000,10000000000,500000000,1000000000,4611686018427387904,1000,4000,100000,1,0,9223372036854775808,5000000000,5000000000,0,0,0,0,0,0,0,0,9223372036854775808,5000000000,5000000000,0,0,0,0,0,0,0,0
318000,1,0,438,0,0,tick,318001,0,0,0,0,5000000000,1000000000,10000000000,500000000,1000000000,4611686018427387904,1000,4000,100000,1,0,9223372036854775808,5000000000,5000000000,0,0,0,0,0,0,0,0,9223372036854775808,5000000000,5000000000,0,0,0,0,0,0,0,0
318000,1,1,438,1,1,tick,318001,0,0,0,0,5000000000,1000000000,10000000000,500000000,1000000000,4611686018427387904,1000,4000,100000,1,0,9223372036854775808,5000000000,5000000000,0,0,0,0,0,0,0,0,9223372036854775808,5000000000,5000000000,0,0,0,0,0,0,0,0
319000,1,0,439,0,0,tick,319001,0,0,0,0,5000000000,1000000000,10000000000,500000000,1000000000,4611686018427387904,1000,4000,100000,1,0,9223372036854775808,5000000000,5000000000,0,0,0,0,0,0,0,0,9223372036854775808,5000000000,5000000000,0,0,0,0,0,0,0,0
319000,1,1,439,1,1,tick,319001,0,0,0,0,5000000000,1000000000,10000000000,500000000,1000000000,4611686018427387904,1000,4000,100000,1,0,9223372036854775808,5000000000,5000000000,0,0,0,0,0,0,0,0,9223372036854775808,5000000000,5000000000,0,0,0,0,0,0,0,0
320000,1,0,440,0,0,tick,320001,0,0,0,0,5000000000,1000000000,10000000000,500000000,1000000000,4611686018427387904,1000,4000,100000,1,0,9223372036854775808,5000000000,5000000000,0,0,0,0,0,0,0,0,9223372036854775808,5000000000,5000000000,0,0,0,0,0,0,0,0
320000,1,1,440,1,1,tick,320001,0,0,0,0,5000000000,1000000000,10000000000,500000000,1000000000,4611686018427387904,1000,4000,100000,1,0,9223372036854775808,5000000000,5000000000,0,0,0,0,0,0,0,0,9223372036854775808,5000000000,5000000000,0,0,0,0,0,0,0,0
321000,1,0,441,0,0,tick,321001,0,0,0,0,5000000000,1000000000,10000000000,500000000,1000000000,4611686018427387904,1000,4000,100000,1,0,9223372036854775808,5000000000,5000000000,0,0,0,0,0,0,0,0,9223372036854775808,5000000000,5000000000,0,0,0,0,0,0,0,0
321000,1,1,441,1,1,tick,321001,0,0,0,0,5000000000,1000000000,10000000000,500000000,1000000000,4611686018427387904,1000,4000,100000,1,0,9223372036854775808,5000000000,5000000000,0,0,0,0,0,0,0,0,9223372036854775808,5000000000,5000000000,0,0,0,0,0,0,0,0
322000,1,0,443,0,0,tick,322001,0,0,0,0,5000000000,1000000000,10000000000,500000000,1000000000,4611686018427387904,1000,4000,100000,1,0,9223372036854775808,5000000000,5000000000,0,0,0,0,0,0,0,0,9223372036854775808,5000000000,5000000000,0,0,0,0,0,0,0,0
322000,1,1,443,1,1,tick,322001,0,0,0,0,5000000000,1000000000,10000000000,500000000,1000000000,4611686018427387904,1000,4000,100000,1,0,9223372036854775808,5000000000,5000000000,0,0,0,0,0,0,0,0,9223372036854775808,5000000000,5000000000,0,0,0,0,0,0,0,0
323000,1,0,446,0,0,tick,323001,0,0,0,0,5000000000,1000000000,10000000000,500000000,1000000000,4611686018427387904,1000,4000,100000,1,0,9223372036854775808,5000000000,5000000000,0,0,0,0,0,0,0,0,9223372036854775808,5000000000,5000000000,0,0,0,0,0,0,0,0
323000,1,1,446,1,1,tick,323001,0,0,0,0,5000000000,1000000000,10000000000,500000000,1000000000,4611686018427387904,1000,4000,100000,1,0,9223372036854775808,5000000000,5000000000,0,0,0,0,0,0,0,0,9223372036854775808,5000000000,5000000000,0,0,0,0,0,0,0,0
324000,1,0,447,0,0,tick,324001,0,0,0,0,5000000000,1000000000,10000000000,500000000,1000000000,4611686018427387904,1000,4000,100000,1,0,9223372036854775808,5000000000,5000000000,0,0,0,0,0,0,0,0,9223372036854775808,5000000000,5000000000,0,0,0,0,0,0,0,0
324000,1,1,447,1,1,tick,324001,0,0,0,0,5000000000,1000000000,10000000000,500000000,1000000000,4611686018427387904,1000,4000,100000,1,0,9223372036854775808,5000000000,5000000000,0,0,0,0,0,0,0,0,9223372036854775808,5000000000,5000000000,0,0,0,0,0,0,0,0
325000,1,0,448,0,0,tick,325001,0,0,0,0,5000000000,1000000000,10000000000,500000000,1000000000,4611686018427387904,1000,4000,100000,1,0,9223372036854775808,5000000000,5000000000,0,0,0,0,0,0,0,0,9223372036854775808,5000000000,5000000000,0,0,0,0,0,0,0,0
325000,1,1,448,1,1,tick,325001,0,0,0,0,5000000000,1000000000,10000000000,500000000,1000000000,4611686018427387904,1000,4000,100000,1,0,9223372036854775808,5000000000,5000000000,0,0,0,0,0,0,0,0,9223372036854775808,5000000000,5000000000,0,0,0,0,0,0,0,0
326000,1,0,449,0,0,tick,326001,0,0,0,0,5000000000,1000000000,10000000000,500000000,1000000000,4611686018427387904,1000,4000,100000,1,0,9223372036854775808,5000000000,5000000000,0,0,0,0,0,0,0,0,9223372036854775808,5000000000,5000000000,0,0,0,0,0,0,0,0
326000,1,1,449,1,1,tick,326001,0,0,0,0,5000000000,1000000000,10000000000,500000000,1000000000,4611686018427387904,1000,4000,100000,1,0,9223372036854775808,5000000000,5000000000,0,0,0,0,0,0,0,0,9223372036854775808,5000000000,5000000000,0,0,0,0,0,0,0,0
327000,1,0,450,0,0,tick,327001,0,0,0,0,5000000000,1000000000,10000000000,500000000,1000000000,4611686018427387904,1000,4000,100000,1,0,9223372036854775808,5000000000,5000000000,0,0,0,0,0,0,0,0,9223372036854775808,5000000000,5000000000,0,0,0,0,0,0,0,0
327000,1,1,450,1,1,tick,327001,0,0,0,0,5000000000,1000000000,10000000000,500000000,1000000000,4611686018427387904,1000,4000,100000,1,0,9223372036854775808,5000000000,5000000000,0,0,0,0,0,0,0,0,9223372036854775808,5000000000,5000000000,0,0,0,0,0,0,0,0
328000,1,0,451,0,0,tick,328001,0,0,0,0,5000000000,1000000000,10000000000,500000000,1000000000,4611686018427387904,1000,4000,100000,1,0,9223372036854775808,5000000000,5000000000,0,0,0,0,0,0,0,0,9223372036854775808,5000000000,5000000000,0,0,0,0,0,0,0,0
328000,1,1,451,1,1,tick,328001,0,0,0,0,5000000000,1000000000,10000000000,500000000,1000000000,4611686018427387904,1000,4000,100000,1,0,9223372036854775808,5000000000,5000000000,0,0,0,0,0,0,0,0,9223372036854775808,5000000000,5000000000,0,0,0,0,0,0,0,0
329000,1,0,452,0,0,tick,329001,0,0,0,0,5000000000,1000000000,10000000000,500000000,1000000000,4611686018427387904,1000,4000,100000,1,0,9223372036854775808,5000000000,5000000000,0,0,0,0,0,0,0,0,9223372036854775808,5000000000,5000000000,0,0,0,0,0,0,0,0
329000,1,1,452,1,1,tick,329001,0,0,0,0,5000000000,1000000000,10000000000,500000000,1000000000,4611686018427387904,1000,4000,100000,1,0,9223372036854775808,5000000000,5000000000,0,0,0,0,0,0,0,0,9223372036854775808,5000000000,5000000000,0,0,0,0,0,0,0,0
330000,1,0,454,0,0,tick,330001,0,0,0,0,5000000000,1000000000,10000000000,500000000,1000000000,4611686018427387904,1000,4000,100000,1,0,9223372036854775808,5000000000,5000000000,0,0,0,0,0,0,0,0,9223372036854775808,5000000000,5000000000,0,0,0,0,0,0,0,0
330000,1,1,454,1,1,tick,330001,0,0,0,0,5000000000,1000000000,10000000000,500000000,1000000000,4611686018427387904,1000,4000,100000,1,0,9223372036854775808,5000000000,5000000000,0,0,0,0,0,0,0,0,9223372036854775808,5000000000,5000000000,0,0,0,0,0,0,0,0
331000,1,0,457,0,0,tick,331001,0,0,0,0,5000000000,1000000000,10000000000,500000000,1000000000,4611686018427387904,1000,4000,100000,1,0,9223372036854775808,5000000000,5000000000,0,0,0,0,0,0,0,0,9223372036854775808,5000000000,5000000000,0,0,0,0,0,0,0,0
331000,1,1,457,1,1,tick,331001,0,0,0,0,5000000000,1000000000,10000000000,500000000,1000000000,4611686018427387904,1000,4000,100000,1,0,9223372036854775808,5000000000,5000000000,0,0,0,0,0,0,0,0,9223372036854775808,5000000000,5000000000,0,0,0,0,0,0,0,0
332000,1,0,458,0,0,tick,332001,0,0,0,0,5000000000,1000000000,10000000000,500000000,1000000000,4611686018427387904,1000,4000,100000,1,0,9223372036854775808,5000000000,5000000000,0,0,0,0,0,0,0,0,9223372036854775808,5000000000,5000000000,0,0,0,0,0,0,0,0
332000,1,1,458,1,1,tick,332001,0,0,0,0,5000000000,1000000000,10000000000,500000000,1000000000,4611686018427387904,1000,4000,100000,1,0,9223372036854775808,5000000000,5000000000,0,0,0,0,0,0,0,0,9223372036854775808,5000000000,5000000000,0,0,0,0,0,0,0,0
333000,1,0,459,0,0,tick,333001,0,0,0,0,5000000000,1000000000,10000000000,500000000,1000000000,4611686018427387904,1000,4000,100000,1,0,9223372036854775808,5000000000,5000000000,0,0,0,0,0,0,0,0,9223372036854775808,5000000000,5000000000,0,0,0,0,0,0,0,0
333000,1,1,459,1,1,tick,333001,0,0,0,0,5000000000,1000000000,10000000000,500000000,1000000000,4611686018427387904,1000,4000,100000,1,0,9223372036854775808,5000000000,5000000000,0,0,0,0,0,0,0,0,9223372036854775808,5000000000,5000000000,0,0,0,0,0,0,0,0
334000,1,0,460,0,0,tick,334001,0,0,0,0,5000000000,1000000000,10000000000,500000000,1000000000,4611686018427387904,1000,4000,100000,1,0,9223372036854775808,5000000000,5000000000,0,0,0,0,0,0,0,0,9223372036854775808,5000000000,5000000000,0,0,0,0,0,0,0,0
334000,1,1,460,1,1,tick,334001,0,0,0,0,5000000000,1000000000,10000000000,500000000,1000000000,4611686018427387904,1000,4000,100000,1,0,9223372036854775808,5000000000,5000000000,0,0,0,0,0,0,0,0,9223372036854775808,5000000000,5000000000,0,0,0,0,0,0,0,0
335000,1,0,461,0,0,tick,335001,0,0,0,0,5000000000,1000000000,10000000000,500000000,1000000000,4611686018427387904,1000,4000,100000,1,0,9223372036854775808,5000000000,5000000000,0,0,0,0,0,0,0,0,9223372036854775808,5000000000,5000000000,0,0,0,0,0,0,0,0
335000,1,1,461,1,1,tick,335001,0,0,0,0,5000000000,1000000000,10000000000,500000000,1000000000,4611686018427387904,1000,4000,100000,1,0,9223372036854775808,5000000000,5000000000,0,0,0,0,0,0,0,0,9223372036854775808,5000000000,5000000000,0,0,0,0,0,0,0,0
336000,1,0,462,0,0,tick,336001,0,0,0,0,5000000000,1000000000,10000000000,500000000,1000000000,4611686018427387904,1000,4000,100000,1,0,9223372036854775808,5000000000,5000000000,0,0,0,0,0,0,0,0,9223372036854775808,5000000000,5000000000,0,0,0,0,0,0,0,0
336000,1,1,462,1,1,tick,336001,0,0,0,0,5000000000,1000000000,10000000000,500000000,1000000000,4611686018427387904,1000,4000,100000,1,0,9223372036854775808,5000000000,5000000000,0,0,0,0,0,0,0,0,9223372036854775808,5000000000,5000000000,0,0,0,0,0,0,0,0
337000,1,0,463,0,0,tick,337001,0,0,0,0,5000000000,1000000000,10000000000,500000000,1000000000,4611686018427387904,1000,4000,100000,1,0,9223372036854775808,5000000000,5000000000,0,0,0,0,0,0,0,0,9223372036854775808,5000000000,5000000000,0,0,0,0,0,0,0,0
337000,1,1,463,1,1,tick,337001,0,0,0,0,5000000000,1000000000,10000000000,500000000,1000000000,4611686018427387904,1000,4000,100000,1,0,9223372036854775808,5000000000,5000000000,0,0,0,0,0,0,0,0,9223372036854775808,5000000000,5000000000,0,0,0,0,0,0,0,0
338000,1,0,465,0,0,tick,338001,0,0,0,0,5000000000,1000000000,10000000000,500000000,1000000000,4611686018427387904,1000,4000,100000,1,0,9223372036854775808,5000000000,5000000000,0,0,0,0,0,0,0,0,9223372036854775808,5000000000,5000000000,0,0,0,0,0,0,0,0
338000,1,1,465,1,1,tick,338001,0,0,0,0,5000000000,1000000000,10000000000,500000000,1000000000,4611686018427387904,1000,4000,100000,1,0,9223372036854775808,5000000000,5000000000,0,0,0,0,0,0,0,0,9223372036854775808,5000000000,5000000000,0,0,0,0,0,0,0,0
339000,1,0,468,0,0,tick,339001,0,0,0,0,5000000000,1000000000,10000000000,500000000,1000000000,4611686018427387904,1000,4000,100000,1,0,9223372036854775808,5000000000,5000000000,0,0,0,0,0,0,0,0,9223372036854775808,5000000000,5000000000,0,0,0,0,0,0,0,0
339000,1,1,468,1,1,tick,339001,0,0,0,0,5000000000,1000000000,10000000000,500000000,1000000000,4611686018427387904,1000,4000,100000,1,0,9223372036854775808,5000000000,5000000000,0,0,0,0,0,0,0,0,9223372036854775808,5000000000,5000000000,0,0,0,0,0,0,0,0
340000,1,0,469,0,0,tick,340001,0,0,0,0,5000000000,1000000000,10000000000,500000000,1000000000,4611686018427387904,1000,4000,100000,1,0,9223372036854775808,5000000000,5000000000,0,0,0,0,0,0,0,0,9223372036854775808,5000000000,5000000000,0,0,0,0,0,0,0,0
340000,1,1,469,1,1,tick,340001,0,0,0,0,5000000000,1000000000,10000000000,500000000,1000000000,4611686018427387904,1000,4000,100000,1,0,9223372036854775808,5000000000,5000000000,0,0,0,0,0,0,0,0,9223372036854775808,5000000000,5000000000,0,0,0,0,0,0,0,0
341000,1,0,470,0,0,tick,341001,0,0,0,0,5000000000,1000000000,10000000000,500000000,1000000000,4611686018427387904,1000,4000,100000,1,0,9223372036854775808,5000000000,5000000000,0,0,0,0,0,0,0,0,9223372036854775808,5000000000,5000000000,0,0,0,0,0,0,0,0
341000,1,1,470,1,1,tick,341001,0,0,0,0,5000000000,1000000000,10000000000,500000000,1000000000,4611686018427387904,1000,4000,100000,1,0,9223372036854775808,5000000000,5000000000,0,0,0,0,0,0,0,0,9223372036854775808,5000000000,5000000000,0,0,0,0,0,0,0,0
342000,1,0,471,0,0,tick,342001,0,0,0,0,5000000000,1000000000,10000000000,500000000,1000000000,4611686018427387904,1000,4000,100000,1,0,9223372036854775808,5000000000,5000000000,0,0,0,0,0,0,0,0,9223372036854775808,5000000000,5000000000,0,0,0,0,0,0,0,0
342000,1,1,471,1,1,tick,342001,0,0,0,0,5000000000,1000000000,10000000000,500000000,1000000000,4611686018427387904,1000,4000,100000,1,0,9223372036854775808,5000000000,5000000000,0,0,0,0,0,0,0,0,9223372036854775808,5000000000,5000000000,0,0,0,0,0,0,0,0
343000,1,0,472,0,0,tick,343001,0,0,0,0,5000000000,1000000000,10000000000,500000000,1000000000,4611686018427387904,1000,4000,100000,1,0,9223372036854775808,5000000000,5000000000,0,0,0,0,0,0,0,0,9223372036854775808,5000000000,5000000000,0,0,0,0,0,0,0,0
343000,1,1,472,1,1,tick,343001,0,0,0,0,5000000000,1000000000,10000000000,500000000,1000000000,4611686018427387904,1000,4000,100000,1,0,9223372036854775808,5000000000,5000000000,0,0,0,0,0,0,0,0,9223372036854775808,5000000000,5000000000,0,0,0,0,0,0,0,0
344000,1,0,473,0,0,tick,344001,0,0,0,0,5000000000,1000000000,10000000000,500000000,1000000000,4611686018427387904,1000,4000,100000,1,0,9223372036854775808,5000000000,5000000000,0,0,0,0,0,0,0,0,9223372036854775808,5000000000,5000000000,0,0,0,0,0,0,0,0
344000,1,1,473,1,1,tick,344001,0,0,0,0,5000000000,1000000000,10000000000,500000000,1000000000,4611686018427387904,1000,4000,100000,1,0,9223372036854775808,5000000000,5000000000,0,0,0,0,0,0,0,0,9223372036854775808,5000000000,5000000000,0,0,0,0,0,0,0,0
345000,1,0,474,0,0,tick,345001,0,0,0,0,5000000000,1000000000,10000000000,500000000,1000000000,4611686018427387904,1000,4000,100000,1,0,9223372036854775808,5000000000,5000000000,0,0,0,0,0,0,0,0,9223372036854775808,5000000000,5000000000,0,0,0,0,0,0,0,0
345000,1,1,474,1,1,tick,345001,0,0,0,0,5000000000,1000000000,10000000000,500000000,1000000000,4611686018427387904,1000,4000,100000,1,0,9223372036854775808,5000000000,5000000000,0,0,0,0,0,0,0,0,9223372036854775808,5000000000,5000000000,0,0,0,0,0,0,0,0
346000,1,0,476,0,0,tick,346001,0,0,0,0,5000000000,1000000000,10000000000,500000000,1000000000,4611686018427387904,1000,4000,100000,1,0,9223372036854775808,5000000000,5000000000,0,0,0,0,0,0,0,0,9223372036854775808,5000000000,5000000000,0,0,0,0,0,0,0,0
346000,1,1,476,1,1,tick,346001,0,0,0,0,5000000000,1000000000,10000000000,500000000,1000000000,4611686018427387904,1000,4000,100000,1,0,9223372036854775808,5000000000,5000000000,0,0,0,0,0,0,0,0,9223372036854775808,5000000000,5000000000,0,0,0,0,0,0,0,0
347000,1,0,479,0,0,tick,347001,0,0,0,0,5000000000,1000000000,10000000000,500000000,1000000000,4611686018427387904,1000,4000,100000,1,0,9223372036854775808,5000000000,5000000000,0,0,0,0,0,0,0,0,9223372036854775808,5000000000,5000000000,0,0,0,0,0,0,0,0
347000,1,1,479,1,1,tick,347001,0,0,0,0,5000000000,1000000000,10000000000,500000000,1000000000,4611686018427387904,1000,4000,100000,1,0,9223372036854775808,5000000000,5000000000,0,0,0,0,0,0,0,0,9223372036854775808,5000000000,5000000000,0,0,0,0,0,0,0,0
348000,1,0,480,0,0,tick,348001,0,0,0,0,5000000000,1000000000,10000000000,500000000,1000000000,4611686018427387904,1000,4000,100000,1,0,9223372036854775808,5000000000,5000000000,0,0,0,0,0,0,0,0,9223372036854775808,5000000000,5000000000,0,0,0,0,0,0,0,0
348000,1,1,480,1,1,tick,348001,0,0,0,0,5000000000,1000000000,10000000000,500000000,1000000000,4611686018427387904,1000,4000,100000,1,0,9223372036854775808,5000000000,5000000000,0,0,0,0,0,0,0,0,9223372036854775808,5000000000,5000000000,0,0,0,0,0,0,0,0
349000,1,0,481,0,0,tick,349001,0,0,0,0,5000000000,1000000000,10000000000,500000000,1000000000,4611686018427387904,1000,4000,100000,1,0,9223372036854775808,5000000000,5000000000,0,0,0,0,0,0,0,0,9223372036854775808,5000000000,5000000000,0,0,0,0,0,0,0,0
349000,1,1,481,1,1,tick,349001,0,0,0,0,5000000000,1000000000,10000000000,500000000,1000000000,4611686018427387904,1000,4000,100000,1,0,9223372036854775808,5000000000,5000000000,0,0,0,0,0,0,0,0,9223372036854775808,5000000000,5000000000,0,0,0,0,0,0,0,0
350000,1,0,482,0,0,tick,350001,0,0,0,0,5000000000,1000000000,10000000000,500000000,1000000000,4611686018427387904,1000,4000,100000,1,0,9223372036854775808,5000000000,5000000000,0,0,0,0,0,0,0,0,9223372036854775808,5000000000,5000000000,0,0,0,0,0,0,0,0
350000,1,1,482,1,1,tick,350001,0,0,0,0,5000000000,1000000000,10000000000,500000000,1000000000,4611686018427387904,1000,4000,100000,1,0,9223372036854775808,5000000000,5000000000,0,0,0,0,0,0,0,0,9223372036854775808,5000000000,5000000000,0,0,0,0,0,0,0,0
351000,1,0,483,0,0,tick,351001,0,0,0,0,5000000000,1000000000,10000000000,500000000,1000000000,4611686018427387904,1000,4000,100000,1,0,9223372036854775808,5000000000,5000000000,0,0,0,0,0,0,0,0,9223372036854775808,5000000000,5000000000,0,0,0,0,0,0,0,0
351000,1,1,483,1,1,tick,351001,0,0,0,0,5000000000,1000000000,10000000000,500000000,1000000000,4611686018427387904,1000,4000,100000,1,0,9223372036854775808,5000000000,5000000000,0,0,0,0,0,0,0,0,9223372036854775808,5000000000,5000000000,0,0,0,0,0,0,0,0
352000,1,0,484,0,0,tick,352001,0,0,0,0,5000000000,1000000000,10000000000,500000000,1000000000,4611686018427387904,1000,4000,100000,1,0,9223372036854775808,5000000000,5000000000,0,0,0,0,0,0,0,0,9223372036854775808,5000000000,5000000000,0,0,0,0,0,0,0,0
352000,1,1,484,1,1,tick,352001,0,0,0,0,5000000000,1000000000,10000000000,500000000,1000000000,4611686018427387904,1000,4000,100000,1,0,9223372036854775808,5000000000,5000000000,0,0,0,0,0,0,0,0,9223372036854775808,5000000000,5000000000,0,0,0,0,0,0,0,0
353000,1,0,485,0,0,tick,353001,0,0,0,0,5000000000,1000000000,10000000000,500000000,1000000000,4611686018427387904,1000,4000,100000,1,0,9223372036854775808,5000000000,5000000000,0,0,0,0,0,0,0,0,9223372036854775808,5000000000,5000000000,0,0,0,0,0,0,0,0
353000,1,1,485,1,1,tick,353001,0,0,0,0,5000000000,1000000000,10000000000,500000000,1000000000,4611686018427387904,1000,4000,100000,1,0,9223372036854775808,5000000000,5000000000,0,0,0,0,0,0,0,0,9223372036854775808,5000000000,5000000000,0,0,0,0,0,0,0,0
354000,1,0,487,0,0,tick,354001,0,0,0,0,5000000000,1000000000,10000000000,500000000,1000000000,4611686018427387904,1000,4000,100000,1,0,9223372036854775808,5000000000,5000000000,0,0,0,0,0,0,0,0,9223372036854775808,5000000000,5000000000,0,0,0,0,0,0,0,0
354000,1,1,487,1,1,tick,354001,0,0,0,0,5000000000,1000000000,10000000000,500000000,1000000000,4611686018427387904,1000,4000,100000,1,0,9223372036854775808,5000000000,5000000000,0,0,0,0,0,0,0,0,9223372036854775808,5000000000,5000000000,0,0,0,0,0,0,0,0
355000,1,0,490,0,0,tick,355001,0,0,0,0,5000000000,1000000000,10000000000,500000000,1000000000,4611686018427387904,1000,4000,100000,1,0,9223372036854775808,5000000000,5000000000,0,0,0,0,0,0,0,0,9223372036854775808,5000000000,5000000000,0,0,0,0,0,0,0,0
355000,1,1,490,1,1,tick,355001,0,0,0,0,5000000000,1000000000,10000000000,500000000,1000000000,4611686018427387904,1000,4000,100000,1,0,9223372036854775808,5000000000,5000000000,0,0,0,0,0,0,0,0,9223372036854775808,5000000000,5000000000,0,0,0,0,0,0,0,0
356000,1,0,491,0,0,tick,356001,0,0,0,0,5000000000,1000000000,10000000000,500000000,1000000000,4611686018427387904,1000,4000,100000,1,0,9223372036854775808,5000000000,5000000000,0,0,0,0,0,0,0,0,9223372036854775808,5000000000,5000000000,0,0,0,0,0,0,0,0
356000,1,1,491,1,1,tick,356001,0,0,0,0,5000000000,1000000000,10000000000,500000000,1000000000,4611686018427387904,1000,4000,100000,1,0,9223372036854775808,5000000000,5000000000,0,0,0,0,0,0,0,0,9223372036854775808,5000000000,5000000000,0,0,0,0,0,0,0,0
357000,1,0,492,0,0,tick,357001,0,0,0,0,5000000000,1000000000,10000000000,500000000,1000000000,4611686018427387904,1000,4000,100000,1,0,9223372036854775808,5000000000,5000000000,0,0,0,0,0,0,0,0,9223372036854775808,5000000000,5000000000,0,0,0,0,0,0,0,0
357000,1,1,492,1,1,tick,357001,0,0,0,0,5000000000,1000000000,10000000000,500000000,1000000000,4611686018427387904,1000,4000,100000,1,0,9223372036854775808,5000000000,5000000000,0,0,0,0,0,0,0,0,9223372036854775808,5000000000,5000000000,0,0,0,0,0,0,0,0
358000,1,0,493,0,0,tick,358001,0,0,0,0,5000000000,1000000000,10000000000,500000000,1000000000,4611686018427387904,1000,4000,100000,1,0,9223372036854775808,5000000000,5000000000,0,0,0,0,0,0,0,0,9223372036854775808,5000000000,5000000000,0,0,0,0,0,0,0,0
358000,1,1,493,1,1,tick,358001,0,0,0,0,5000000000,1000000000,10000000000,500000000,1000000000,4611686018427387904,1000,4000,100000,1,0,9223372036854775808,5000000000,5000000000,0,0,0,0,0,0,0,0,9223372036854775808,5000000000,5000000000,0,0,0,0,0,0,0,0
359000,1,0,494,0,0,tick,359001,0,0,0,0,5000000000,1000000000,10000000000,500000000,1000000000,4611686018427387904,1000,4000,100000,1,0,9223372036854775808,5000000000,5000000000,0,0,0,0,0,0,0,0,9223372036854775808,5000000000,5000000000,0,0,0,0,0,0,0,0
359000,1,1,494,1,1,tick,359001,0,0,0,0,5000000000,1000000000,10000000000,500000000,1000000000,4611686018427387904,1000,4000,100000,1,0,9223372036854775808,5000000000,5000000000,0,0,0,0,0,0,0,0,9223372036854775808,5000000000,5000000000,0,0,0,0,0,0,0,0
360000,1,0,495,0,0,tick,360001,0,0,0,0,5000000000,1000000000,10000000000,500000000,1000000000,4611686018427387904,1000,4000,100000,1,0,9223372036854775808,5000000000,5000000000,0,0,0,0,0,0,0,0,9223372036854775808,5000000000,5000000000,0,0,0,0,0,0,0,0
360000,1,1,495,1,1,tick,360001,0,0,0,0,5000000000,1000000000,10000000000,500000000,1000000000,4611686018427387904,1000,4000,100000,1,0,9223372036854775808,5000000000,5000000000,0,0,0,0,0,0,0,0,9223372036854775808,5000000000,5000000000,0,0,0,0,0,0,0,0
361000,1,0,496,0,0,tick,361001,0,0,0,0,5000000000,1000000000,10000000000,500000000,1000000000,4611686018427387904,1000,4000,100000,1,0,9223372036854775808,5000000000,5000000000,0,0,0,0,0,0,0,0,9223372036854775808,5000000000,5000000000,0,0,0,0,0,0,0,0
361000,1,1,496,1,1,tick,361001,0,0,0,0,5000000000,1000000000,10000000000,500000000,1000000000,4611686018427387904,1000,4000,100000,1,0,9223372036854775808,5000000000,5000000000,0,0,0,0,0,0,0,0,9223372036854775808,5000000000,5000000000,0,0,0,0,0,0,0,0
362000,1,0,498,0,0,tick,362001,0,0,0,0,5000000000,1000000000,10000000000,500000000,1000000000,4611686018427387904,1000,4000,100000,1,0,9223372036854775808,5000000000,5000000000,0,0,0,0,0,0,0,0,9223372036854775808,5000000000,5000000000,0,0,0,0,0,0,0,0
362000,1,1,498,1,1,tick,362001,0,0,0,0,5000000000,1000000000,10000000000,500000000,1000000000,4611686018427387904,1000,4000,100000,1,0,9223372036854775808,5000000000,5000000000,0,0,0,0,0,0,0,0,9223372036854775808,5000000000,5000000000,0,0,0,0,0,0,0,0
363000,1,0,501,0,0,tick,363001,0,0,0,0,5000000000,1000000000,10000000000,500000000,1000000000,4611686018427387904,1000,4000,100000,1,0,9223372036854775808,5000000000,5000000000,0,0,0,0,0,0,0,0,9223372036854775808,5000000000,5000000000,0,0,0,0,0,0,0,0
363000,1,1,501,1,1,tick,363001,0,0,0,0,5000000000,1000000000,10000000000,500000000,1000000000,4611686018427387904,1000,4000,100000,1,0,9223372036854775808,5000000000,5000000000,0,0,0,0,0,0,0,0,9223372036854775808,5000000000,5000000000,0,0,0,0,0,0,0,0
364000,1,0,502,0,0,tick,364001,0,0,0,0,5000000000,1000000000,10000000000,500000000,1000000000,4611686018427387904,1000,4000,100000,1,0,9223372036854775808,5000000000,5000000000,0,0,0,0,0,0,0,0,9223372036854775808,5000000000,5000000000,0,0,0,0,0,0,0,0
364000,1,1,502,1,1,tick,364001,0,0,0,0,5000000000,1000000000,10000000000,500000000,1000000000,4611686018427387904,1000,4000,100000,1,0,9223372036854775808,5000000000,5000000000,0,0,0,0,0,0,0,0,9223372036854775808,5000000000,5000000000,0,0,0,0,0,0,0,0
365000,1,0,503,0,0,tick,365001,0,0,0,0,5000000000,1000000000,10000000000,500000000,1000000000,4611686018427387904,1000,4000,100000,1,0,9223372036854775808,5000000000,5000000000,0,0,0,0,0,0,0,0,9223372036854775808,5000000000,5000000000,0,0,0,0,0,0,0,0
365000,1,1,503,1,1,tick,365001,0,0,0,0,5000000000,1000000000,10000000000,500000000,1000000000,4611686018427387904,1000,4000,100000,1,0,9223372036854775808,5000000000,5000000000,0,0,0,0,0,0,0,0,9223372036854775808,5000000000,5000000000,0,0,0,0,0,0,0,0
366000,1,0,504,0,0,tick,366001,0,0,0,0,5000000000,1000000000,10000000000,500000000,1000000000,4611686018427387904,1000,4000,100000,1,0,9223372036854775808,5000000000,5000000000,0,0,0,0,0,0,0,0,9223372036854775808,5000000000,5000000000,0,0,0,0,0,0,0,0
366000,1,1,504,1,1,tick,366001,0,0,0,0,5000000000,1000000000,10000000000,500000000,1000000000,4611686018427387904,1000,4000,100000,1,0,9223372036854775808,5000000000,5000000000,0,0,0,0,0,0,0,0,9223372036854775808,5000000000,5000000000,0,0,0,0,0,0,0,0
367000,1,0,505,0,0,tick,367001,0,0,0,0,5000000000,1000000000,10000000000,500000000,1000000000,4611686018427387904,1000,4000,100000,1,0,9223372036854775808,5000000000,5000000000,0,0,0,0,0,0,0,0,9223372036854775808,5000000000,5000000000,0,0,0,0,0,0,0,0
367000,1,1,505,1,1,tick,367001,0,0,0,0,5000000000,1000000000,10000000000,500000000,1000000000,4611686018427387904,1000,4000,100000,1,0,9223372036854775808,5000000000,5000000000,0,0,0,0,0,0,0,0,9223372036854775808,5000000000,5000000000,0,0,0,0,0,0,0,0
368000,1,0,506,0,0,tick,368001,0,0,0,0,5000000000,1000000000,10000000000,500000000,1000000000,4611686018427387904,1000,4000,100000,1,0,9223372036854775808,5000000000,5000000000,0,0,0,0,0,0,0,0,9223372036854775808,5000000000,5000000000,0,0,0,0,0,0,0,0
368000,1,1,506,1,1,tick,368001,0,0,0,0,5000000000,1000000000,10000000000,500000000,1000000000,4611686018427387904,1000,4000,100000,1,0,9223372036854775808,5000000000,5000000000,0,0,0,0,0,0,0,0,9223372036854775808,5000000000,5000000000,0,0,0,0,0,0,0,0
369000,1,0,507,0,0,tick,369001,0,0,0,0,5000000000,1000000000,10000000000,500000000,1000000000,4611686018427387904,1000,4000,100000,1,0,9223372036854775808,5000000000,5000000000,0,0,0,0,0,0,0,0,9223372036854775808,5000000000,5000000000,0,0,0,0,0,0,0,0
369000,1,1,507,1,1,tick,369001,0,0,0,0,5000000000,1000000000,10000000000,500000000,1000000000,4611686018427387904,1000,4000,100000,1,0,9223372036854775808,5000000000,5000000000,0,0,0,0,0,0,0,0,9223372036854775808,5000000000,5000000000,0,0,0,0,0,0,0,0
370000,1,0,509,0,0,tick,370001,0,0,0,0,5000000000,1000000000,10000000000,500000000,1000000000,4611686018427387904,1000,4000,100000,1,0,9223372036854775808,5000000000,5000000000,0,0,0,0,0,0,0,0,9223372036854775808,5000000000,5000000000,0,0,0,0,0,0,0,0
370000,1,1,509,1,1,tick,370001,0,0,0,0,5000000000,1000000000,10000000000,500000000,1000000000,4611686018427387904,1000,4000,100000,1,0,9223372036854775808,5000000000,5000000000,0,0,0,0,0,0,0,0,9223372036854775808,5000000000,5000000000,0,0,0,0,0,0,0,0
371000,1,0,512,0,0,tick,371001,0,0,0,0,5000000000,1000000000,10000000000,500000000,1000000000,4611686018427387904,1000,4000,100000,1,0,9223372036854775808,5000000000,5000000000,0,0,0,0,0,0,0,0,9223372036854775808,5000000000,5000000000,0,0,0,0,0,0,0,0
371000,1,1,512,1,1,tick,371001,0,0,0,0,5000000000,1000000000,10000000000,500000000,1000000000,4611686018427387904,1000,4000,100000,1,0,9223372036854775808,5000000000,5000000000,0,0,0,0,0,0,0,0,9223372036854775808,5000000000,5000000000,0,0,0,0,0,0,0,0
372000,1,0,513,0,0,tick,372001,0,0,0,0,5000000000,1000000000,10000000000,500000000,1000000000,4611686018427387904,1000,4000,100000,1,0,9223372036854775808,5000000000,5000000000,0,0,0,0,0,0,0,0,9223372036854775808,5000000000,5000000000,0,0,0,0,0,0,0,0
372000,1,1,513,1,1,tick,372001,0,0,0,0,5000000000,1000000000,10000000000,500000000,1000000000,4611686018427387904,1000,4000,100000,1,0,9223372036854775808,5000000000,5000000000,0,0,0,0,0,0,0,0,9223372036854775808,5000000000,5000000000,0,0,0,0,0,0,0,0
373000,1,0,514,0,0,tick,373001,0,0,0,0,5000000000,1000000000,10000000000,500000000,1000000000,4611686018427387904,1000,4000,100000,1,0,9223372036854775808,5000000000,5000000000,0,0,0,0,0,0,0,0,9223372036854775808,5000000000,5000000000,0,0,0,0,0,0,0,0
373000,1,1,514,1,1,tick,373001,0,0,0,0,5000000000,1000000000,10000000000,500000000,1000000000,4611686018427387904,1000,4000,100000,1,0,9223372036854775808,5000000000,5000000000,0,0,0,0,0,0,0,0,9223372036854775808,5000000000,5000000000,0,0,0,0,0,0,0,0
374000,1,0,515,0,0,tick,374001,0,0,0,0,5000000000,1000000000,10000000000,500000000,1000000000,4611686018427387904,1000,4000,100000,1,0,9223372036854775808,5000000000,5000000000,0,0,0,0,0,0,0,0,9223372036854775808,5000000000,5000000000,0,0,0,0,0,0,0,0
374000,1,1,515,1,1,tick,374001,0,0,0,0,5000000000,1000000000,10000000000,500000000,1000000000,4611686018427387904,1000,4000,100000,1,0,9223372036854775808,5000000000,5000000000,0,0,0,0,0,0,0,0,9223372036854775808,5000000000,5000000000,0,0,0,0,0,0,0,0
375000,1,0,516,0,0,tick,375001,0,0,0,0,5000000000,1000000000,10000000000,500000000,1000000000,4611686018427387904,1000,4000,100000,1,0,9223372036854775808,5000000000,5000000000,0,0,0,0,0,0,0,0,9223372036854775808,5000000000,5000000000,0,0,0,0,0,0,0,0
375000,1,1,516,1,1,tick,375001,0,0,0,0,5000000000,1000000000,10000000000,500000000,1000000000,4611686018427387904,1000,4000,100000,1,0,9223372036854775808,5000000000,5000000000,0,0,0,0,0,0,0,0,9223372036854775808,5000000000,5000000000,0,0,0,0,0,0,0,0
376000,1,0,517,0,0,tick,376001,0,0,0,0,5000000000,1000000000,10000000000,500000000,1000000000,4611686018427387904,1000,4000,100000,1,0,9223372036854775808,5000000000,5000000000,0,0,0,0,0,0,0,0,9223372036854775808,5000000000,5000000000,0,0,0,0,0,0,0,0
376000,1,1,517,1,1,tick,376001,0,0,0,0,5000000000,1000000000,10000000000,500000000,1000000000,4611686018427387904,1000,4000,100000,1,0,9223372036854775808,5000000000,5000000000,0,0,0,0,0,0,0,0,9223372036854775808,5000000000,5000000000,0,0,0,0,0,0,0,0
377000,1,0,518,0,0,tick,377001,0,0,0,0,5000000000,1000000000,10000000000,500000000,1000000000,4611686018427387904,1000,4000,100000,1,0,9223372036854775808,5000000000,5000000000,0,0,0,0,0,0,0,0,9223372036854775808,5000000000,5000000000,0,0,0,0,0,0,0,0
377000,1,1,518,1,1,tick,377001,0,0,0,0,5000000000,1000000000,10000000000,500000000,1000000000,4611686018427387904,1000,4000,100000,1,0,9223372036854775808,5000000000,5000000000,0,0,0,0,0,0,0,0,9223372036854775808,5000000000,5000000000,0,0,0,0,0,0,0,0
378000,1,0,520,0,0,tick,378001,0,0,0,0,5000000000,1000000000,10000000000,500000000,1000000000,4611686018427387904,1000,4000,100000,1,0,9223372036854775808,5000000000,5000000000,0,0,0,0,0,0,0,0,9223372036854775808,5000000000,5000000000,0,0,0,0,0,0,0,0
378000,1,1,520,1,1,tick,378001,0,0,0,0,5000000000,1000000000,10000000000,500000000,1000000000,4611686018427387904,1000,4000,100000,1,0,9223372036854775808,5000000000,5000000000,0,0,0,0,0,0,0,0,9223372036854775808,5000000000,5000000000,0,0,0,0,0,0,0,0
379000,1,0,523,0,0,tick,379001,0,0,0,0,5000000000,1000000000,10000000000,500000000,1000000000,4611686018427387904,1000,4000,100000,1,0,9223372036854775808,5000000000,5000000000,0,0,0,0,0,0,0,0,9223372036854775808,5000000000,5000000000,0,0,0,0,0,0,0,0
379000,1,1,523,1,1,tick,379001,0,0,0,0,5000000000,1000000000,10000000000,500000000,1000000000,4611686018427387904,1000,4000,100000,1,0,9223372036854775808,5000000000,5000000000,0,0,0,0,0,0,0,0,9223372036854775808,5000000000,5000000000,0,0,0,0,0,0,0,0
380000,1,0,524,0,0,tick,380001,0,0,0,0,5000000000,1000000000,10000000000,500000000,1000000000,4611686018427387904,1000,4000,100000,1,0,9223372036854775808,5000000000,5000000000,0,0,0,0,0,0,0,0,9223372036854775808,5000000000,5000000000,0,0,0,0,0,0,0,0
380000,1,1,524,1,1,tick,380001,0,0,0,0,5000000000,1000000000,10000000000,500000000,1000000000,4611686018427387904,1000,4000,100000,1,0,9223372036854775808,5000000000,5000000000,0,0,0,0,0,0,0,0,9223372036854775808,5000000000,5000000000,0,0,0,0,0,0,0,0
381000,1,0,525,0,0,tick,381001,0,0,0,0,5000000000,1000000000,10000000000,500000000,1000000000,4611686018427387904,1000,4000,100000,1,0,9223372036854775808,5000000000,5000000000,0,0,0,0,0,0,0,0,9223372036854775808,5000000000,5000000000,0,0,0,0,0,0,0,0
381000,1,1,525,1,1,tick,381001,0,0,0,0,5000000000,1000000000,10000000000,500000000,1000000000,4611686018427387904,1000,4000,100000,1,0,9223372036854775808,5000000000,5000000000,0,0,0,0,0,0,0,0,9223372036854775808,5000000000,5000000000,0,0,0,0,0,0,0,0
382000,1,0,526,0,0,tick,382001,0,0,0,0,5000000000,1000000000,10000000000,500000000,1000000000,4611686018427387904,1000,4000,100000,1,0,9223372036854775808,5000000000,5000000000,0,0,0,0,0,0,0,0,9223372036854775808,5000000000,5000000000,0,0,0,0,0,0,0,0
382000,1,1,526,1,1,tick,382001,0,0,0,0,5000000000,1000000000,10000000000,500000000,1000000000,4611686018427387904,1000,4000,100000,1,0,9223372036854775808,5000000000,5000000000,0,0,0,0,0,0,0,0,9223372036854775808,5000000000,5000000000,0,0,0,0,0,0,0,0
383000,1,0,527,0,0,tick,383001,0,0,0,0,5000000000,1000000000,10000000000,500000000,1000000000,4611686018427387904,1000,4000,100000,1,0,9223372036854775808,5000000000,5000000000,0,0,0,0,0,0,0,0,9223372036854775808,5000000000,5000000000,0,0,0,0,0,0,0,0
383000,1,1,527,1,1,tick,383001,0,0,0,0,5000000000,1000000000,10000000000,500000000,1000000000,4611686018427387904,1000,4000,100000,1,0,9223372036854775808,5000000000,5000000000,0,0,0,0,0,0,0,0,9223372036854775808,5000000000,5000000000,0,0,0,0,0,0,0,0
384000,1,0,528,0,0,tick,384001,0,0,0,0,5000000000,1000000000,10000000000,500000000,1000000000,4611686018427387904,1000,4000,100000,1,0,9223372036854775808,5000000000,5000000000,0,0,0,0,0,0,0,0,9223372036854775808,5000000000,5000000000,0,0,0,0,0,0,0,0
384000,1,1,528,1,1,tick,384001,0,0,0,0,5000000000,1000000000,10000000000,500000000,1000000000,4611686018427387904,1000,4000,100000,1,0,9223372036854775808,5000000000,5000000000,0,0,0,0,0,0,0,0,9223372036854775808,5000000000,5000000000,0,0,0,0,0,0,0,0
385000,1,0,529,0,0,tick,385001,0,0,0,0,5000000000,1000000000,10000000000,500000000,1000000000,4611686018427387904,1000,4000,100000,1,0,9223372036854775808,5000000000,5000000000,0,0,0,0,0,0,0,0,9223372036854775808,5000000000,5000000000,0,0,0,0,0,0,0,0
385000,1,1,529,1,1,tick,385001,0,0,0,0,5000000000,1000000000,10000000000,500000000,1000000000,4611686018427387904,1000,4000,100000,1,0,9223372036854775808,5000000000,5000000000,0,0,0,0,0,0,0,0,9223372036854775808,5000000000,5000000000,0,0,0,0,0,0,0,0
386000,1,0,531,0,0,tick,386001,0,0,0,0,5000000000,1000000000,10000000000,500000000,1000000000,4611686018427387904,1000,4000,100000,1,0,9223372036854775808,5000000000,5000000000,0,0,0,0,0,0,0,0,9223372036854775808,5000000000,5000000000,0,0,0,0,0,0,0,0
386000,1,1,531,1,1,tick,386001,0,0,0,0,5000000000,1000000000,10000000000,500000000,1000000000,4611686018427387904,1000,4000,100000,1,0,9223372036854775808,5000000000,5000000000,0,0,0,0,0,0,0,0,9223372036854775808,5000000000,5000000000,0,0,0,0,0,0,0,0
387000,1,0,534,0,0,tick,387001,0,0,0,0,5000000000,1000000000,10000000000,500000000,1000000000,4611686018427387904,1000,4000,100000,1,0,9223372036854775808,5000000000,5000000000,0,0,0,0,0,0,0,0,9223372036854775808,5000000000,5000000000,0,0,0,0,0,0,0,0
387000,1,1,534,1,1,tick,387001,0,0,0,0,5000000000,1000000000,10000000000,500000000,1000000000,4611686018427387904,1000,4000,100000,1,0,9223372036854775808,5000000000,5000000000,0,0,0,0,0,0,0,0,9223372036854775808,5000000000,5000000000,0,0,0,0,0,0,0,0
388000,1,0,535,0,0,tick,388001,0,0,0,0,5000000000,1000000000,10000000000,500000000,1000000000,4611686018427387904,1000,4000,100000,1,0,9223372036854775808,5000000000,5000000000,0,0,0,0,0,0,0,0,9223372036854775808,5000000000,5000000000,0,0,0,0,0,0,0,0
388000,1,1,535,1,1,tick,388001,0,0,0,0,5000000000,1000000000,10000000000,500000000,1000000000,4611686018427387904,1000,4000,100000,1,0,9223372036854775808,5000000000,5000000000,0,0,0,0,0,0,0,0,9223372036854775808,5000000000,5000000000,0,0,0,0,0,0,0,0
389000,1,0,536,0,0,tick,389001,0,0,0,0,5000000000,1000000000,10000000000,500000000,1000000000,4611686018427387904,1000,4000,100000,1,0,9223372036854775808,5000000000,5000000000,0,0,0,0,0,0,0,0,9223372036854775808,5000000000,5000000000,0,0,0,0,0,0,0,0
389000,1,1,536,1,1,tick,389001,0,0,0,0,5000000000,1000000000,10000000000,500000000,1000000000,4611686018427387904,1000,4000,100000,1,0,9223372036854775808,5000000000,5000000000,0,0,0,0,0,0,0,0,9223372036854775808,5000000000,5000000000,0,0,0,0,0,0,0,0
390000,1,0,537,0,0,tick,390001,0,0,0,0,5000000000,1000000000,10000000000,500000000,1000000000,4611686018427387904,1000,4000,100000,1,0,9223372036854775808,5000000000,5000000000,0,0,0,0,0,0,0,0,9223372036854775808,5000000000,5000000000,0,0,0,0,0,0,0,0
390000,1,1,537,1,1,tick,390001,0,0,0,0,5000000000,1000000000,10000000000,500000000,1000000000,4611686018427387904,1000,4000,100000,1,0,9223372036854775808,5000000000,5000000000,0,0,0,0,0,0,0,0,9223372036854775808,5000000000,5000000000,0,0,0,0,0,0,0,0
391000,1,0,538,0,0,tick,391001,0,0,0,0,5000000000,1000000000,10000000000,500000000,1000000000,4611686018427387904,1000,4000,100000,1,0,9223372036854775808,5000000000,5000000000,0,0,0,0,0,0,0,0,9223372036854775808,5000000000,5000000000,0,0,0,0,0,0,0,0
391000,1,1,538,1,1,tick,391001,0,0,0,0,5000000000,1000000000,10000000000,500000000,1000000000,4611686018427387904,1000,4000,100000,1,0,9223372036854775808,5000000000,5000000000,0,0,0,0,0,0,0,0,9223372036854775808,5000000000,5000000000,0,0,0,0,0,0,0,0
392000,1,0,539,0,0,tick,392001,0,0,0,0,5000000000,1000000000,10000000000,500000000,1000000000,4611686018427387904,1000,4000,100000,1,0,9223372036854775808,5000000000,5000000000,0,0,0,0,0,0,0,0,9223372036854775808,5000000000,5000000000,0,0,0,0,0,0,0,0
392000,1,1,539,1,1,tick,392001,0,0,0,0,5000000000,1000000000,10000000000,500000000,1000000000,4611686018427387904,1000,4000,100000,1,0,9223372036854775808,5000000000,5000000000,0,0,0,0,0,0,0,0,9223372036854775808,5000000000,5000000000,0,0,0,0,0,0,0,0
393000,1,0,540,0,0,tick,393001,0,0,0,0,5000000000,1000000000,10000000000,500000000,1000000000,4611686018427387904,1000,4000,100000,1,0,9223372036854775808,5000000000,5000000000,0,0,0,0,0,0,0,0,9223372036854775808,5000000000,5000000000,0,0,0,0,0,0,0,0
393000,1,1,540,1,1,tick,393001,0,0,0,0,5000000000,1000000000,10000000000,500000000,1000000000,4611686018427387904,1000,4000,100000,1,0,9223372036854775808,5000000000,5000000000,0,0,0,0,0,0,0,0,9223372036854775808,5000000000,5000000000,0,0,0,0,0,0,0,0
394000,1,0,542,0,0,tick,394001,0,0,0,0,5000000000,1000000000,10000000000,500000000,1000000000,4611686018427387904,1000,4000,100000,1,0,9223372036854775808,5000000000,5000000000,0,0,0,0,0,0,0,0,9223372036854775808,5000000000,5000000000,0,0,0,0,0,0,0,0
394000,1,1,542,1,1,tick,394001,0,0,0,0,5000000000,1000000000,10000000000,500000000,1000000000,4611686018427387904,1000,4000,100000,1,0,9223372036854775808,5000000000,5000000000,0,0,0,0,0,0,0,0,9223372036854775808,5000000000,5000000000,0,0,0,0,0,0,0,0
395000,1,0,545,0,0,tick,395001,0,0,0,0,5000000000,1000000000,10000000000,500000000,1000000000,4611686018427387904,1000,4000,100000,1,0,9223372036854775808,5000000000,5000000000,0,0,0,0,0,0,0,0,9223372036854775808,5000000000,5000000000,0,0,0,0,0,0,0,0
395000,1,1,545,1,1,tick,395001,0,0,0,0,5000000000,1000000000,10000000000,500000000,1000000000,4611686018427387904,1000,4000,100000,1,0,9223372036854775808,5000000000,5000000000,0,0,0,0,0,0,0,0,9223372036854775808,5000000000,5000000000,0,0,0,0,0,0,0,0
396000,1,0,546,0,0,tick,396001,0,0,0,0,5000000000,1000000000,10000000000,500000000,1000000000,4611686018427387904,1000,4000,100000,1,0,9223372036854775808,5000000000,5000000000,0,0,0,0,0,0,0,0,9223372036854775808,5000000000,5000000000,0,0,0,0,0,0,0,0
396000,1,1,546,1,1,tick,396001,0,0,0,0,5000000000,1000000000,10000000000,500000000,1000000000,4611686018427387904,1000,4000,100000,1,0,9223372036854775808,5000000000,5000000000,0,0,0,0,0,0,0,0,9223372036854775808,5000000000,5000000000,0,0,0,0,0,0,0,0
397000,1,0,547,0,0,tick,397001,0,0,0,0,5000000000,1000000000,10000000000,500000000,1000000000,4611686018427387904,1000,4000,100000,1,0,9223372036854775808,5000000000,5000000000,0,0,0,0,0,0,0,0,9223372036854775808,5000000000,5000000000,0,0,0,0,0,0,0,0
397000,1,1,547,1,1,tick,397001,0,0,0,0,5000000000,1000000000,10000000000,500000000,1000000000,4611686018427387904,1000,4000,100000,1,0,9223372036854775808,5000000000,5000000000,0,0,0,0,0,0,0,0,9223372036854775808,5000000000,5000000000,0,0,0,0,0,0,0,0
398000,1,0,548,0,0,tick,398001,0,0,0,0,5000000000,1000000000,10000000000,500000000,1000000000,4611686018427387904,1000,4000,100000,1,0,9223372036854775808,5000000000,5000000000,0,0,0,0,0,0,0,0,9223372036854775808,5000000000,5000000000,0,0,0,0,0,0,0,0
398000,1,1,548,1,1,tick,398001,0,0,0,0,5000000000,1000000000,10000000000,500000000,1000000000,4611686018427387904,1000,4000,100000,1,0,9223372036854775808,5000000000,5000000000,0,0,0,0,0,0,0,0,9223372036854775808,5000000000,5000000000,0,0,0,0,0,0,0,0
399000,1,0,549,0,0,tick,399001,0,0,0,0,5000000000,1000000000,10000000000,500000000,1000000000,4611686018427387904,1000,4000,100000,1,0,9223372036854775808,5000000000,5000000000,0,0,0,0,0,0,0,0,9223372036854775808,5000000000,5000000000,0,0,0,0,0,0,0,0
399000,1,1,549,1,1,tick,399001,0,0,0,0,5000000000,1000000000,10000000000,500000000,1000000000,4611686018427387904,1000,4000,100000,1,0,9223372036854775808,5000000000,5000000000,0,0,0,0,0,0,0,0,9223372036854775808,5000000000,5000000000,0,0,0,0,0,0,0,0
400000,1,0,550,0,0,tick,400001,0,0,0,0,5000000000,1000000000,10000000000,500000000,1000000000,4611686018427387904,1000,4000,100000,1,0,9223372036854775808,5000000000,5000000000,0,0,0,0,0,0,0,0,9223372036854775808,5000000000,5000000000,0,0,0,0,0,0,0,0
400000,1,1,550,1,1,tick,400001,0,0,0,0,5000000000,1000000000,10000000000,500000000,1000000000,4611686018427387904,1000,4000,100000,1,0,9223372036854775808,5000000000,5000000000,0,0,0,0,0,0,0,0,9223372036854775808,5000000000,5000000000,0,0,0,0,0,0,0,0
401000,1,0,551,0,0,tick,401001,0,0,0,0,5000000000,1000000000,10000000000,500000000,1000000000,4611686018427387904,1000,4000,100000,1,0,9223372036854775808,5000000000,5000000000,0,0,0,0,0,0,0,0,9223372036854775808,5000000000,5000000000,0,0,0,0,0,0,0,0
401000,1,1,551,1,1,tick,401001,0,0,0,0,5000000000,1000000000,10000000000,500000000,1000000000,4611686018427387904,1000,4000,100000,1,0,9223372036854775808,5000000000,5000000000,0,0,0,0,0,0,0,0,9223372036854775808,5000000000,5000000000,0,0,0,0,0,0,0,0
402000,1,0,553,0,0,tick,402001,0,0,0,0,5000000000,1000000000,10000000000,500000000,1000000000,4611686018427387904,1000,4000,100000,1,0,9223372036854775808,5000000000,5000000000,0,0,0,0,0,0,0,0,9223372036854775808,5000000000,5000000000,0,0,0,0,0,0,0,0
402000,1,1,553,1,1,tick,402001,0,0,0,0,5000000000,1000000000,10000000000,500000000,1000000000,4611686018427387904,1000,4000,100000,1,0,9223372036854775808,5000000000,5000000000,0,0,0,0,0,0,0,0,9223372036854775808,5000000000,5000000000,0,0,0,0,0,0,0,0
403000,1,0,556,0,0,tick,403001,0,0,0,0,5000000000,1000000000,10000000000,500000000,1000000000,4611686018427387904,1000,4000,100000,1,0,9223372036854775808,5000000000,5000000000,0,0,0,0,0,0,0,0,9223372036854775808,5000000000,5000000000,0,0,0,0,0,0,0,0
403000,1,1,556,1,1,tick,403001,0,0,0,0,5000000000,1000000000,10000000000,500000000,1000000000,4611686018427387904,1000,4000,100000,1,0,9223372036854775808,5000000000,5000000000,0,0,0,0,0,0,0,0,9223372036854775808,5000000000,5000000000,0,0,0,0,0,0,0,0
404000,1,0,557,0,0,tick,404001,0,0,0,0,5000000000,1000000000,10000000000,500000000,1000000000,4611686018427387904,1000,4000,100000,1,0,9223372036854775808,5000000000,5000000000,0,0,0,0,0,0,0,0,9223372036854775808,5000000000,5000000000,0,0,0,0,0,0,0,0
404000,1,1,557,1,1,tick,404001,0,0,0,0,5000000000,1000000000,10000000000,500000000,1000000000,4611686018427387904,1000,4000,100000,1,0,9223372036854775808,5000000000,5000000000,0,0,0,0,0,0,0,0,9223372036854775808,5000000000,5000000000,0,0,0,0,0,0,0,0
405000,1,0,558,0,0,tick,405001,0,0,0,0,5000000000,1000000000,10000000000,500000000,1000000000,4611686018427387904,1000,4000,100000,1,0,9223372036854775808,5000000000,5000000000,0,0,0,0,0,0,0,0,9223372036854775808,5000000000,5000000000,0,0,0,0,0,0,0,0
405000,1,1,558,1,1,tick,405001,0,0,0,0,5000000000,1000000000,10000000000,500000000,1000000000,4611686018427387904,1000,4000,100000,1,0,9223372036854775808,5000000000,5000000000,0,0,0,0,0,0,0,0,9223372036854775808,5000000000,5000000000,0,0,0,0,0,0,0,0
406000,1,0,559,0,0,tick,406001,0,0,0,0,5000000000,1000000000,10000000000,500000000,1000000000,4611686018427387904,1000,4000,100000,1,0,9223372036854775808,5000000000,5000000000,0,0,0,0,0,0,0,0,9223372036854775808,5000000000,5000000000,0,0,0,0,0,0,0,0
406000,1,1,559,1,1,tick,406001,0,0,0,0,5000000000,1000000000,10000000000,500000000,1000000000,4611686018427387904,1000,4000,100000,1,0,9223372036854775808,5000000000,5000000000,0,0,0,0,0,0,0,0,9223372036854775808,5000000000,5000000000,0,0,0,0,0,0,0,0
407000,1,0,560,0,0,tick,407001,0,0,0,0,5000000000,1000000000,10000000000,500000000,1000000000,4611686018427387904,1000,4000,100000,1,0,9223372036854775808,5000000000,5000000000,0,0,0,0,0,0,0,0,9223372036854775808,5000000000,5000000000,0,0,0,0,0,0,0,0
407000,1,1,560,1,1,tick,407001,0,0,0,0,5000000000,1000000000,10000000000,500000000,1000000000,4611686018427387904,1000,4000,100000,1,0,9223372036854775808,5000000000,5000000000,0,0,0,0,0,0,0,0,9223372036854775808,5000000000,5000000000,0,0,0,0,0,0,0,0
408000,1,0,561,0,0,tick,408001,0,0,0,0,5000000000,1000000000,10000000000,500000000,1000000000,4611686018427387904,1000,4000,100000,1,0,9223372036854775808,5000000000,5000000000,0,0,0,0,0,0,0,0,9223372036854775808,5000000000,5000000000,0,0,0,0,0,0,0,0
408000,1,1,561,1,1,tick,408001,0,0,0,0,5000000000,1000000000,10000000000,500000000,1000000000,4611686018427387904,1000,4000,100000,1,0,9223372036854775808,5000000000,5000000000,0,0,0,0,0,0,0,0,9223372036854775808,5000000000,5000000000,0,0,0,0,0,0,0,0
409000,1,0,562,0,0,tick,409001,0,0,0,0,5000000000,1000000000,10000000000,500000000,1000000000,4611686018427387904,1000,4000,100000,1,0,9223372036854775808,5000000000,5000000000,0,0,0,0,0,0,0,0,9223372036854775808,5000000000,5000000000,0,0,0,0,0,0,0,0
409000,1,1,562,1,1,tick,409001,0,0,0,0,5000000000,1000000000,10000000000,500000000,1000000000,4611686018427387904,1000,4000,100000,1,0,9223372036854775808,5000000000,5000000000,0,0,0,0,0,0,0,0,9223372036854775808,5000000000,5000000000,0,0,0,0,0,0,0,0
410000,1,0,564,0,0,tick,410001,0,0,0,0,5000000000,1000000000,10000000000,500000000,1000000000,4611686018427387904,1000,4000,100000,1,0,9223372036854775808,5000000000,5000000000,0,0,0,0,0,0,0,0,9223372036854775808,5000000000,5000000000,0,0,0,0,0,0,0,0
410000,1,1,564,1,1,tick,410001,0,0,0,0,5000000000,1000000000,10000000000,500000000,1000000000,4611686018427387904,1000,4000,100000,1,0,9223372036854775808,5000000000,5000000000,0,0,0,0,0,0,0,0,9223372036854775808,5000000000,5000000000,0,0,0,0,0,0,0,0
411000,1,0,567,0,0,tick,411001,0,0,0,0,5000000000,1000000000,10000000000,500000000,1000000000,4611686018427387904,1000,4000,100000,1,0,9223372036854775808,5000000000,5000000000,0,0,0,0,0,0,0,0,9223372036854775808,5000000000,5000000000,0,0,0,0,0,0,0,0
411000,1,1,567,1,1,tick,411001,0,0,0,0,5000000000,1000000000,10000000000,500000000,1000000000,4611686018427387904,1000,4000,100000,1,0,9223372036854775808,5000000000,5000000000,0,0,0,0,0,0,0,0,9223372036854775808,5000000000,5000000000,0,0,0,0,0,0,0,0
412000,1,0,568,0,0,tick,412001,0,0,0,0,5000000000,1000000000,10000000000,500000000,1000000000,4611686018427387904,1000,4000,100000,1,0,9223372036854775808,5000000000,5000000000,0,0,0,0,0,0,0,0,9223372036854775808,5000000000,5000000000,0,0,0,0,0,0,0,0
412000,1,1,568,1,1,tick,412001,0,0,0,0,5000000000,1000000000,10000000000,500000000,1000000000,4611686018427387904,1000,4000,100000,1,0,9223372036854775808,5000000000,5000000000,0,0,0,0,0,0,0,0,9223372036854775808,5000000000,5000000000,0,0,0,0,0,0,0,0
413000,1,0,569,0,0,tick,413001,0,0,0,0,5000000000,1000000000,10000000000,500000000,1000000000,4611686018427387904,1000,4000,100000,1,0,9223372036854775808,5000000000,5000000000,0,0,0,0,0,0,0,0,9223372036854775808,5000000000,5000000000,0,0,0,0,0,0,0,0
413000,1,1,569,1,1,tick,413001,0,0,0,0,5000000000,1000000000,10000000000,500000000,1000000000,4611686018427387904,1000,4000,100000,1,0,9223372036854775808,5000000000,5000000000,0,0,0,0,0,0,0,0,9223372036854775808,5000000000,5000000000,0,0,0,0,0,0,0,0
414000,1,0,570,0,0,tick,414001,0,0,0,0,5000000000,1000000000,10000000000,500000000,1000000000,4611686018427387904,1000,4000,100000,1,0,9223372036854775808,5000000000,5000000000,0,0,0,0,0,0,0,0,9223372036854775808,5000000000,5000000000,0,0,0,0,0,0,0,0
414000,1,1,570,1,1,tick,414001,0,0,0,0,5000000000,1000000000,10000000000,500000000,1000000000,4611686018427387904,1000,4000,100000,1,0,9223372036854775808,5000000000,5000000000,0,0,0,0,0,0,0,0,9223372036854775808,5000000000,5000000000,0,0,0,0,0,0,0,0
415000,1,0,571,0,0,tick,415001,0,0,0,0,5000000000,1000000000,10000000000,500000000,1000000000,4611686018427387904,1000,4000,100000,1,0,9223372036854775808,5000000000,5000000000,0,0,0,0,0,0,0,0,9223372036854775808,5000000000,5000000000,0,0,0,0,0,0,0,0
415000,1,1,571,1,1,tick,415001,0,0,0,0,5000000000,1000000000,10000000000,500000000,1000000000,4611686018427387904,1000,4000,100000,1,0,9223372036854775808,5000000000,5000000000,0,0,0,0,0,0,0,0,9223372036854775808,5000000000,5000000000,0,0,0,0,0,0,0,0
416000,1,0,572,0,0,tick,416001,0,0,0,0,5000000000,1000000000,10000000000,500000000,1000000000,4611686018427387904,1000,4000,100000,1,0,9223372036854775808,5000000000,5000000000,0,0,0,0,0,0,0,0,9223372036854775808,5000000000,5000000000,0,0,0,0,0,0,0,0
416000,1,1,572,1,1,tick,416001,0,0,0,0,5000000000,1000000000,10000000000,500000000,1000000000,4611686018427387904,1000,4000,100000,1,0,9223372036854775808,5000000000,5000000000,0,0,0,0,0,0,0,0,9223372036854775808,5000000000,5000000000,0,0,0,0,0,0,0,0
417000,1,0,573,0,0,tick,417001,0,0,0,0,5000000000,1000000000,10000000000,500000000,1000000000,4611686018427387904,1000,4000,100000,1,0,9223372036854775808,5000000000,5000000000,0,0,0,0,0,0,0,0,9223372036854775808,5000000000,5000000000,0,0,0,0,0,0,0,0
417000,1,1,573,1,1,tick,417001,0,0,0,0,5000000000,1000000000,10000000000,500000000,1000000000,4611686018427387904,1000,4000,100000,1,0,9223372036854775808,5000000000,5000000000,0,0,0,0,0,0,0,0,9223372036854775808,5000000000,5000000000,0,0,0,0,0,0,0,0
418000,1,0,575,0,0,tick,418001,0,0,0,0,5000000000,1000000000,10000000000,500000000,1000000000,4611686018427387904,1000,4000,100000,1,0,9223372036854775808,5000000000,5000000000,0,0,0,0,0,0,0,0,9223372036854775808,5000000000,5000000000,0,0,0,0,0,0,0,0
418000,1,1,575,1,1,tick,418001,0,0,0,0,5000000000,1000000000,10000000000,500000000,1000000000,4611686018427387904,1000,4000,100000,1,0,9223372036854775808,5000000000,5000000000,0,0,0,0,0,0,0,0,9223372036854775808,5000000000,5000000000,0,0,0,0,0,0,0,0
419000,1,0,578,0,0,tick,419001,0,0,0,0,5000000000,1000000000,10000000000,500000000,1000000000,4611686018427387904,1000,4000,100000,1,0,9223372036854775808,5000000000,5000000000,0,0,0,0,0,0,0,0,9223372036854775808,5000000000,5000000000,0,0,0,0,0,0,0,0
419000,1,1,578,1,1,tick,419001,0,0,0,0,5000000000,1000000000,10000000000,500000000,1000000000,4611686018427387904,1000,4000,100000,1,0,9223372036854775808,5000000000,5000000000,0,0,0,0,0,0,0,0,9223372036854775808,5000000000,5000000000,0,0,0,0,0,0,0,0
420000,1,0,579,0,0,tick,420001,0,0,0,0,5000000000,1000000000,10000000000,500000000,1000000000,4611686018427387904,1000,4000,100000,1,0,9223372036854775808,5000000000,5000000000,0,0,0,0,0,0,0,0,9223372036854775808,5000000000,5000000000,0,0,0,0,0,0,0,0
420000,1,1,579,1,1,tick,420001,0,0,0,0,5000000000,1000000000,10000000000,500000000,1000000000,4611686018427387904,1000,4000,100000,1,0,9223372036854775808,5000000000,5000000000,0,0,0,0,0,0,0,0,9223372036854775808,5000000000,5000000000,0,0,0,0,0,0,0,0
421000,1,0,580,0,0,tick,421001,0,0,0,0,5000000000,1000000000,10000000000,500000000,1000000000,4611686018427387904,1000,4000,100000,1,0,9223372036854775808,5000000000,5000000000,0,0,0,0,0,0,0,0,9223372036854775808,5000000000,5000000000,0,0,0,0,0,0,0,0
421000,1,1,580,1,1,tick,421001,0,0,0,0,5000000000,1000000000,10000000000,500000000,1000000000,4611686018427387904,1000,4000,100000,1,0,9223372036854775808,5000000000,5000000000,0,0,0,0,0,0,0,0,9223372036854775808,5000000000,5000000000,0,0,0,0,0,0,0,0
422000,1,0,581,0,0,tick,422001,0,0,0,0,5000000000,1000000000,10000000000,500000000,1000000000,4611686018427387904,1000,4000,100000,1,0,9223372036854775808,5000000000,5000000000,0,0,0,0,0,0,0,0,9223372036854775808,5000000000,5000000000,0,0,0,0,0,0,0,0
422000,1,1,581,1,1,tick,422001,0,0,0,0,5000000000,1000000000,10000000000,500000000,1000000000,4611686018427387904,1000,4000,100000,1,0,9223372036854775808,5000000000,5000000000,0,0,0,0,0,0,0,0,9223372036854775808,5000000000,5000000000,0,0,0,0,0,0,0,0
423000,1,0,582,0,0,tick,423001,0,0,0,0,5000000000,1000000000,10000000000,500000000,1000000000,4611686018427387904,1000,4000,100000,1,0,9223372036854775808,5000000000,5000000000,0,0,0,0,0,0,0,0,9223372036854775808,5000000000,5000000000,0,0,0,0,0,0,0,0
423000,1,1,582,1,1,tick,423001,0,0,0,0,5000000000,1000000000,10000000000,500000000,1000000000,4611686018427387904,1000,4000,100000,1,0,9223372036854775808,5000000000,5000000000,0,0,0,0,0,0,0,0,9223372036854775808,5000000000,5000000000,0,0,0,0,0,0,0,0
424000,1,0,583,0,0,tick,424001,0,0,0,0,5000000000,1000000000,10000000000,500000000,1000000000,4611686018427387904,1000,4000,100000,1,0,9223372036854775808,5000000000,5000000000,0,0,0,0,0,0,0,0,9223372036854775808,5000000000,5000000000,0,0,0,0,0,0,0,0
424000,1,1,583,1,1,tick,424001,0,0,0,0,5000000000,1000000000,10000000000,500000000,1000000000,4611686018427387904,1000,4000,100000,1,0,9223372036854775808,5000000000,5000000000,0,0,0,0,0,0,0,0,9223372036854775808,5000000000,5000000000,0,0,0,0,0,0,0,0
425000,1,0,584,0,0,tick,425001,0,0,0,0,5000000000,1000000000,10000000000,500000000,1000000000,4611686018427387904,1000,4000,100000,1,0,9223372036854775808,5000000000,5000000000,0,0,0,0,0,0,0,0,9223372036854775808,5000000000,5000000000,0,0,0,0,0,0,0,0
425000,1,1,584,1,1,tick,425001,0,0,0,0,5000000000,1000000000,10000000000,500000000,1000000000,4611686018427387904,1000,4000,100000,1,0,9223372036854775808,5000000000,5000000000,0,0,0,0,0,0,0,0,9223372036854775808,5000000000,5000000000,0,0,0,0,0,0,0,0
426000,1,0,586,0,0,tick,426001,0,0,0,0,5000000000,1000000000,10000000000,500000000,1000000000,4611686018427387904,1000,4000,100000,1,0,9223372036854775808,5000000000,5000000000,0,0,0,0,0,0,0,0,9223372036854775808,5000000000,5000000000,0,0,0,0,0,0,0,0
426000,1,1,586,1,1,tick,426001,0,0,0,0,5000000000,1000000000,10000000000,500000000,1000000000,4611686018427387904,1000,4000,100000,1,0,9223372036854775808,5000000000,5000000000,0,0,0,0,0,0,0,0,9223372036854775808,5000000000,5000000000,0,0,0,0,0,0,0,0
427000,1,0,589,0,0,tick,427001,0,0,0,0,5000000000,1000000000,10000000000,500000000,1000000000,4611686018427387904,1000,4000,100000,1,0,9223372036854775808,5000000000,5000000000,0,0,0,0,0,0,0,0,9223372036854775808,5000000000,5000000000,0,0,0,0,0,0,0,0
427000,1,1,589,1,1,tick,427001,0,0,0,0,5000000000,1000000000,10000000000,500000000,1000000000,4611686018427387904,1000,4000,100000,1,0,9223372036854775808,5000000000,5000000000,0,0,0,0,0,0,0,0,9223372036854775808,5000000000,5000000000,0,0,0,0,0,0,0,0
428000,1,0,590,0,0,tick,428001,0,0,0,0,5000000000,1000000000,10000000000,500000000,1000000000,4611686018427387904,1000,4000,100000,1,0,9223372036854775808,5000000000,5000000000,0,0,0,0,0,0,0,0,9223372036854775808,5000000000,5000000000,0,0,0,0,0,0,0,0
428000,1,1,590,1,1,tick,428001,0,0,0,0,5000000000,1000000000,10000000000,500000000,1000000000,4611686018427387904,1000,4000,100000,1,0,9223372036854775808,5000000000,5000000000,0,0,0,0,0,0,0,0,9223372036854775808,5000000000,5000000000,0,0,0,0,0,0,0,0
429000,1,0,591,0,0,tick,429001,0,0,0,0,5000000000,1000000000,10000000000,500000000,1000000000,4611686018427387904,1000,4000,100000,1,0,9223372036854775808,5000000000,5000000000,0,0,0,0,0,0,0,0,9223372036854775808,5000000000,5000000000,0,0,0,0,0,0,0,0
429000,1,1,591,1,1,tick,429001,0,0,0,0,5000000000,1000000000,10000000000,500000000,1000000000,4611686018427387904,1000,4000,100000,1,0,9223372036854775808,5000000000,5000000000,0,0,0,0,0,0,0,0,9223372036854775808,5000000000,5000000000,0,0,0,0,0,0,0,0
430000,1,0,592,0,0,tick,430001,0,0,0,0,5000000000,1000000000,10000000000,500000000,1000000000,4611686018427387904,1000,4000,100000,1,0,9223372036854775808,5000000000,5000000000,0,0,0,0,0,0,0,0,9223372036854775808,5000000000,5000000000,0,0,0,0,0,0,0,0
430000,1,1,592,1,1,tick,430001,0,0,0,0,5000000000,1000000000,10000000000,500000000,1000000000,4611686018427387904,1000,4000,100000,1,0,9223372036854775808,5000000000,5000000000,0,0,0,0,0,0,0,0,9223372036854775808,5000000000,5000000000,0,0,0,0,0,0,0,0
431000,1,0,593,0,0,tick,431001,0,0,0,0,5000000000,1000000000,10000000000,500000000,1000000000,4611686018427387904,1000,4000,100000,1,0,9223372036854775808,5000000000,5000000000,0,0,0,0,0,0,0,0,9223372036854775808,5000000000,5000000000,0,0,0,0,0,0,0,0
431000,1,1,593,1,1,tick,431001,0,0,0,0,5000000000,1000000000,10000000000,500000000,1000000000,4611686018427387904,1000,4000,100000,1,0,9223372036854775808,5000000000,5000000000,0,0,0,0,0,0,0,0,9223372036854775808,5000000000,5000000000,0,0,0,0,0,0,0,0
432000,1,0,594,0,0,tick,432001,0,0,0,0,5000000000,1000000000,10000000000,500000000,1000000000,4611686018427387904,1000,4000,100000,1,0,9223372036854775808,5000000000,5000000000,0,0,0,0,0,0,0,0,9223372036854775808,5000000000,5000000000,0,0,0,0,0,0,0,0
432000,1,1,594,1,1,tick,432001,0,0,0,0,5000000000,1000000000,10000000000,500000000,1000000000,4611686018427387904,1000,4000,100000,1,0,9223372036854775808,5000000000,5000000000,0,0,0,0,0,0,0,0,9223372036854775808,5000000000,5000000000,0,0,0,0,0,0,0,0
433000,1,0,595,0,0,tick,433001,0,0,0,0,5000000000,1000000000,10000000000,500000000,1000000000,4611686018427387904,1000,4000,100000,1,0,9223372036854775808,5000000000,5000000000,0,0,0,0,0,0,0,0,9223372036854775808,5000000000,5000000000,0,0,0,0,0,0,0,0
433000,1,1,595,1,1,tick,433001,0,0,0,0,5000000000,1000000000,10000000000,500000000,1000000000,4611686018427387904,1000,4000,100000,1,0,9223372036854775808,5000000000,5000000000,0,0,0,0,0,0,0,0,9223372036854775808,5000000000,5000000000,0,0,0,0,0,0,0,0
434000,1,0,597,0,0,tick,434001,0,0,0,0,5000000000,1000000000,10000000000,500000000,1000000000,4611686018427387904,1000,4000,100000,1,0,9223372036854775808,5000000000,5000000000,0,0,0,0,0,0,0,0,9223372036854775808,5000000000,5000000000,0,0,0,0,0,0,0,0
434000,1,1,597,1,1,tick,434001,0,0,0,0,5000000000,1000000000,10000000000,500000000,1000000000,4611686018427387904,1000,4000,100000,1,0,9223372036854775808,5000000000,5000000000,0,0,0,0,0,0,0,0,9223372036854775808,5000000000,5000000000,0,0,0,0,0,0,0,0
435000,1,0,600,0,0,tick,435001,0,0,0,0,5000000000,1000000000,10000000000,500000000,1000000000,4611686018427387904,1000,4000,100000,1,0,9223372036854775808,5000000000,5000000000,0,0,0,0,0,0,0,0,9223372036854775808,5000000000,5000000000,0,0,0,0,0,0,0,0
435000,1,1,600,1,1,tick,435001,0,0,0,0,5000000000,1000000000,10000000000,500000000,1000000000,4611686018427387904,1000,4000,100000,1,0,9223372036854775808,5000000000,5000000000,0,0,0,0,0,0,0,0,9223372036854775808,5000000000,5000000000,0,0,0,0,0,0,0,0
436000,1,0,601,0,0,tick,436001,0,0,0,0,5000000000,1000000000,10000000000,500000000,1000000000,4611686018427387904,1000,4000,100000,1,0,9223372036854775808,5000000000,5000000000,0,0,0,0,0,0,0,0,9223372036854775808,5000000000,5000000000,0,0,0,0,0,0,0,0
436000,1,1,601,1,1,tick,436001,0,0,0,0,5000000000,1000000000,10000000000,500000000,1000000000,4611686018427387904,1000,4000,100000,1,0,9223372036854775808,5000000000,5000000000,0,0,0,0,0,0,0,0,9223372036854775808,5000000000,5000000000,0,0,0,0,0,0,0,0
437000,1,0,602,0,0,tick,437001,0,0,0,0,5000000000,1000000000,10000000000,500000000,1000000000,4611686018427387904,1000,4000,100000,1,0,9223372036854775808,5000000000,5000000000,0,0,0,0,0,0,0,0,9223372036854775808,5000000000,5000000000,0,0,0,0,0,0,0,0
437000,1,1,602,1,1,tick,437001,0,0,0,0,5000000000,1000000000,10000000000,500000000,1000000000,4611686018427387904,1000,4000,100000,1,0,9223372036854775808,5000000000,5000000000,0,0,0,0,0,0,0,0,9223372036854775808,5000000000,5000000000,0,0,0,0,0,0,0,0
438000,1,0,603,0,0,tick,438001,0,0,0,0,5000000000,1000000000,10000000000,500000000,1000000000,4611686018427387904,1000,4000,100000,1,0,9223372036854775808,5000000000,5000000000,0,0,0,0,0,0,0,0,9223372036854775808,5000000000,5000000000,0,0,0,0,0,0,0,0
438000,1,1,603,1,1,tick,438001,0,0,0,0,5000000000,1000000000,10000000000,500000000,1000000000,4611686018427387904,1000,4000,100000,1,0,9223372036854775808,5000000000,5000000000,0,0,0,0,0,0,0,0,9223372036854775808,5000000000,5000000000,0,0,0,0,0,0,0,0
439000,1,0,604,0,0,tick,439001,0,0,0,0,5000000000,1000000000,10000000000,500000000,1000000000,4611686018427387904,1000,4000,100000,1,0,9223372036854775808,5000000000,5000000000,0,0,0,0,0,0,0,0,9223372036854775808,5000000000,5000000000,0,0,0,0,0,0,0,0
439000,1,1,604,1,1,tick,439001,0,0,0,0,5000000000,1000000000,10000000000,500000000,1000000000,4611686018427387904,1000,4000,100000,1,0,9223372036854775808,5000000000,5000000000,0,0,0,0,0,0,0,0,9223372036854775808,5000000000,5000000000,0,0,0,0,0,0,0,0
440000,1,0,605,0,0,tick,440001,0,0,0,0,5000000000,1000000000,10000000000,500000000,1000000000,4611686018427387904,1000,4000,100000,1,0,9223372036854775808,5000000000,5000000000,0,0,0,0,0,0,0,0,9223372036854775808,5000000000,5000000000,0,0,0,0,0,0,0,0
440000,1,1,605,1,1,tick,440001,0,0,0,0,5000000000,1000000000,10000000000,500000000,1000000000,4611686018427387904,1000,4000,100000,1,0,9223372036854775808,5000000000,5000000000,0,0,0,0,0,0,0,0,9223372036854775808,5000000000,5000000000,0,0,0,0,0,0,0,0
441000,1,0,606,0,0,tick,441001,0,0,0,0,5000000000,1000000000,10000000000,500000000,1000000000,4611686018427387904,1000,4000,100000,1,0,9223372036854775808,5000000000,5000000000,0,0,0,0,0,0,0,0,9223372036854775808,5000000000,5000000000,0,0,0,0,0,0,0,0
441000,1,1,606,1,1,tick,441001,0,0,0,0,5000000000,1000000000,10000000000,500000000,1000000000,4611686018427387904,1000,4000,100000,1,0,9223372036854775808,5000000000,5000000000,0,0,0,0,0,0,0,0,9223372036854775808,5000000000,5000000000,0,0,0,0,0,0,0,0
442000,1,0,608,0,0,tick,442001,0,0,0,0,5000000000,1000000000,10000000000,500000000,1000000000,4611686018427387904,1000,4000,100000,1,0,9223372036854775808,5000000000,5000000000,0,0,0,0,0,0,0,0,9223372036854775808,5000000000,5000000000,0,0,0,0,0,0,0,0
442000,1,1,608,1,1,tick,442001,0,0,0,0,5000000000,1000000000,10000000000,500000000,1000000000,4611686018427387904,1000,4000,100000,1,0,9223372036854775808,5000000000,5000000000,0,0,0,0,0,0,0,0,9223372036854775808,5000000000,5000000000,0,0,0,0,0,0,0,0
443000,1,0,611,0,0,tick,443001,0,0,0,0,5000000000,1000000000,10000000000,500000000,1000000000,4611686018427387904,1000,4000,100000,1,0,9223372036854775808,5000000000,5000000000,0,0,0,0,0,0,0,0,9223372036854775808,5000000000,5000000000,0,0,0,0,0,0,0,0
443000,1,1,611,1,1,tick,443001,0,0,0,0,5000000000,1000000000,10000000000,500000000,1000000000,4611686018427387904,1000,4000,100000,1,0,9223372036854775808,5000000000,5000000000,0,0,0,0,0,0,0,0,9223372036854775808,5000000000,5000000000,0,0,0,0,0,0,0,0
444000,1,0,612,0,0,tick,444001,0,0,0,0,5000000000,1000000000,10000000000,500000000,1000000000,4611686018427387904,1000,4000,100000,1,0,9223372036854775808,5000000000,5000000000,0,0,0,0,0,0,0,0,9223372036854775808,5000000000,5000000000,0,0,0,0,0,0,0,0
444000,1,1,612,1,1,tick,444001,0,0,0,0,5000000000,1000000000,10000000000,500000000,1000000000,4611686018427387904,1000,4000,100000,1,0,9223372036854775808,5000000000,5000000000,0,0,0,0,0,0,0,0,9223372036854775808,5000000000,5000000000,0,0,0,0,0,0,0,0
445000,1,0,613,0,0,tick,445001,0,0,0,0,5000000000,1000000000,10000000000,500000000,1000000000,4611686018427387904,1000,4000,100000,1,0,9223372036854775808,5000000000,5000000000,0,0,0,0,0,0,0,0,9223372036854775808,5000000000,5000000000,0,0,0,0,0,0,0,0
445000,1,1,613,1,1,tick,445001,0,0,0,0,5000000000,1000000000,10000000000,500000000,1000000000,4611686018427387904,1000,4000,100000,1,0,9223372036854775808,5000000000,5000000000,0,0,0,0,0,0,0,0,9223372036854775808,5000000000,5000000000,0,0,0,0,0,0,0,0
446000,1,0,614,0,0,tick,446001,0,0,0,0,5000000000,1000000000,10000000000,500000000,1000000000,4611686018427387904,1000,4000,100000,1,0,9223372036854775808,5000000000,5000000000,0,0,0,0,0,0,0,0,9223372036854775808,5000000000,5000000000,0,0,0,0,0,0,0,0
446000,1,1,614,1,1,tick,446001,0,0,0,0,5000000000,1000000000,10000000000,500000000,1000000000,4611686018427387904,1000,4000,100000,1,0,9223372036854775808,5000000000,5000000000,0,0,0,0,0,0,0,0,9223372036854775808,5000000000,5000000000,0,0,0,0,0,0,0,0
447000,1,0,615,0,0,tick,447001,0,0,0,0,5000000000,1000000000,10000000000,500000000,1000000000,4611686018427387904,1000,4000,100000,1,0,9223372036854775808,5000000000,5000000000,0,0,0,0,0,0,0,0,9223372036854775808,5000000000,5000000000,0,0,0,0,0,0,0,0
447000,1,1,615,1,1,tick,447001,0,0,0,0,5000000000,1000000000,10000000000,500000000,1000000000,4611686018427387904,1000,4000,100000,1,0,9223372036854775808,5000000000,5000000000,0,0,0,0,0,0,0,0,9223372036854775808,5000000000,5000000000,0,0,0,0,0,0,0,0
448000,1,0,616,0,0,tick,448001,0,0,0,0,5000000000,1000000000,10000000000,500000000,1000000000,4611686018427387904,1000,4000,100000,1,0,9223372036854775808,5000000000,5000000000,0,0,0,0,0,0,0,0,9223372036854775808,5000000000,5000000000,0,0,0,0,0,0,0,0
448000,1,1,616,1,1,tick,448001,0,0,0,0,5000000000,1000000000,10000000000,500000000,1000000000,4611686018427387904,1000,4000,100000,1,0,9223372036854775808,5000000000,5000000000,0,0,0,0,0,0,0,0,9223372036854775808,5000000000,5000000000,0,0,0,0,0,0,0,0
449000,1,0,617,0,0,tick,449001,0,0,0,0,5000000000,1000000000,10000000000,500000000,1000000000,4611686018427387904,1000,4000,100000,1,0,9223372036854775808,5000000000,5000000000,0,0,0,0,0,0,0,0,9223372036854775808,5000000000,5000000000,0,0,0,0,0,0,0,0
449000,1,1,617,1,1,tick,449001,0,0,0,0,5000000000,1000000000,10000000000,500000000,1000000000,4611686018427387904,1000,4000,100000,1,0,9223372036854775808,5000000000,5000000000,0,0,0,0,0,0,0,0,9223372036854775808,5000000000,5000000000,0,0,0,0,0,0,0,0
450000,1,0,619,0,0,tick,450001,0,0,0,0,5000000000,1000000000,10000000000,500000000,1000000000,4611686018427387904,1000,4000,100000,1,0,9223372036854775808,5000000000,5000000000,0,0,0,0,0,0,0,0,9223372036854775808,5000000000,5000000000,0,0,0,0,0,0,0,0
450000,1,1,619,1,1,tick,450001,0,0,0,0,5000000000,1000000000,10000000000,500000000,1000000000,4611686018427387904,1000,4000,100000,1,0,9223372036854775808,5000000000,5000000000,0,0,0,0,0,0,0,0,9223372036854775808,5000000000,5000000000,0,0,0,0,0,0,0,0
451000,1,0,622,0,0,tick,451001,0,0,0,0,5000000000,1000000000,10000000000,500000000,1000000000,4611686018427387904,1000,4000,100000,1,0,9223372036854775808,5000000000,5000000000,0,0,0,0,0,0,0,0,9223372036854775808,5000000000,5000000000,0,0,0,0,0,0,0,0
451000,1,1,622,1,1,tick,451001,0,0,0,0,5000000000,1000000000,10000000000,500000000,1000000000,4611686018427387904,1000,4000,100000,1,0,9223372036854775808,5000000000,5000000000,0,0,0,0,0,0,0,0,9223372036854775808,5000000000,5000000000,0,0,0,0,0,0,0,0
452000,1,0,623,0,0,tick,452001,0,0,0,0,5000000000,1000000000,10000000000,500000000,1000000000,4611686018427387904,1000,4000,100000,1,0,9223372036854775808,5000000000,5000000000,0,0,0,0,0,0,0,0,9223372036854775808,5000000000,5000000000,0,0,0,0,0,0,0,0
452000,1,1,623,1,1,tick,452001,0,0,0,0,5000000000,1000000000,10000000000,500000000,1000000000,4611686018427387904,1000,4000,100000,1,0,9223372036854775808,5000000000,5000000000,0,0,0,0,0,0,0,0,9223372036854775808,5000000000,5000000000,0,0,0,0,0,0,0,0
453000,1,0,624,0,0,tick,453001,0,0,0,0,5000000000,1000000000,10000000000,500000000,1000000000,4611686018427387904,1000,4000,100000,1,0,9223372036854775808,5000000000,5000000000,0,0,0,0,0,0,0,0,9223372036854775808,5000000000,5000000000,0,0,0,0,0,0,0,0
453000,1,1,624,1,1,tick,453001,0,0,0,0,5000000000,1000000000,10000000000,500000000,1000000000,4611686018427387904,1000,4000,100000,1,0,9223372036854775808,5000000000,5000000000,0,0,0,0,0,0,0,0,9223372036854775808,5000000000,5000000000,0,0,0,0,0,0,0,0
454000,1,0,625,0,0,tick,454001,0,0,0,0,5000000000,1000000000,10000000000,500000000,1000000000,4611686018427387904,1000,4000,100000,1,0,9223372036854775808,5000000000,5000000000,0,0,0,0,0,0,0,0,9223372036854775808,5000000000,5000000000,0,0,0,0,0,0,0,0
454000,1,1,625,1,1,tick,454001,0,0,0,0,5000000000,1000000000,10000000000,500000000,1000000000,4611686018427387904,1000,4000,100000,1,0,9223372036854775808,5000000000,5000000000,0,0,0,0,0,0,0,0,9223372036854775808,5000000000,5000000000,0,0,0,0,0,0,0,0
455000,1,0,626,0,0,tick,455001,0,0,0,0,5000000000,1000000000,10000000000,500000000,1000000000,4611686018427387904,1000,4000,100000,1,0,9223372036854775808,5000000000,5000000000,0,0,0,0,0,0,0,0,9223372036854775808,5000000000,5000000000,0,0,0,0,0,0,0,0
455000,1,1,626,1,1,tick,455001,0,0,0,0,5000000000,1000000000,10000000000,500000000,1000000000,4611686018427387904,1000,4000,100000,1,0,9223372036854775808,5000000000,5000000000,0,0,0,0,0,0,0,0,9223372036854775808,5000000000,5000000000,0,0,0,0,0,0,0,0
456000,1,0,627,0,0,tick,456001,0,0,0,0,5000000000,1000000000,10000000000,500000000,1000000000,4611686018427387904,1000,4000,100000,1,0,9223372036854775808,5000000000,5000000000,0,0,0,0,0,0,0,0,9223372036854775808,5000000000,5000000000,0,0,0,0,0,0,0,0
456000,1,1,627,1,1,tick,456001,0,0,0,0,5000000000,1000000000,10000000000,500000000,1000000000,4611686018427387904,1000,4000,100000,1,0,9223372036854775808,5000000000,5000000000,0,0,0,0,0,0,0,0,9223372036854775808,5000000000,5000000000,0,0,0,0,0,0,0,0
457000,1,0,628,0,0,tick,457001,0,0,0,0,5000000000,1000000000,10000000000,500000000,1000000000,4611686018427387904,1000,4000,100000,1,0,9223372036854775808,5000000000,5000000000,0,0,0,0,0,0,0,0,9223372036854775808,5000000000,5000000000,0,0,0,0,0,0,0,0
457000,1,1,628,1,1,tick,457001,0,0,0,0,5000000000,1000000000,10000000000,500000000,1000000000,4611686018427387904,1000,4000,100000,1,0,9223372036854775808,5000000000,5000000000,0,0,0,0,0,0,0,0,9223372036854775808,5000000000,5000000000,0,0,0,0,0,0,0,0
458000,1,0,630,0,0,tick,458001,0,0,0,0,5000000000,1000000000,10000000000,500000000,1000000000,4611686018427387904,1000,4000,100000,1,0,9223372036854775808,5000000000,5000000000,0,0,0,0,0,0,0,0,9223372036854775808,5000000000,5000000000,0,0,0,0,0,0,0,0
458000,1,1,630,1,1,tick,458001,0,0,0,0,5000000000,1000000000,10000000000,500000000,1000000000,4611686018427387904,1000,4000,100000,1,0,9223372036854775808,5000000000,5000000000,0,0,0,0,0,0,0,0,9223372036854775808,5000000000,5000000000,0,0,0,0,0,0,0,0
459000,1,0,633,0,0,tick,459001,0,0,0,0,5000000000,1000000000,10000000000,500000000,1000000000,4611686018427387904,1000,4000,100000,1,0,9223372036854775808,5000000000,5000000000,0,0,0,0,0,0,0,0,9223372036854775808,5000000000,5000000000,0,0,0,0,0,0,0,0
459000,1,1,633,1,1,tick,459001,0,0,0,0,5000000000,1000000000,10000000000,500000000,1000000000,4611686018427387904,1000,4000,100000,1,0,9223372036854775808,5000000000,5000000000,0,0,0,0,0,0,0,0,9223372036854775808,5000000000,5000000000,0,0,0,0,0,0,0,0
460000,1,0,634,0,0,tick,460001,0,0,0,0,5000000000,1000000000,10000000000,500000000,1000000000,4611686018427387904,1000,4000,100000,1,0,9223372036854775808,5000000000,5000000000,0,0,0,0,0,0,0,0,9223372036854775808,5000000000,5000000000,0,0,0,0,0,0,0,0
460000,1,1,634,1,1,tick,460001,0,0,0,0,5000000000,1000000000,10000000000,500000000,1000000000,4611686018427387904,1000,4000,100000,1,0,9223372036854775808,5000000000,5000000000,0,0,0,0,0,0,0,0,9223372036854775808,5000000000,5000000000,0,0,0,0,0,0,0,0
461000,1,0,635,0,0,tick,461001,0,0,0,0,5000000000,1000000000,10000000000,500000000,1000000000,4611686018427387904,1000,4000,100000,1,0,9223372036854775808,5000000000,5000000000,0,0,0,0,0,0,0,0,9223372036854775808,5000000000,5000000000,0,0,0,0,0,0,0,0
461000,1,1,635,1,1,tick,461001,0,0,0,0,5000000000,1000000000,10000000000,500000000,1000000000,4611686018427387904,1000,4000,100000,1,0,9223372036854775808,5000000000,5000000000,0,0,0,0,0,0,0,0,9223372036854775808,5000000000,5000000000,0,0,0,0,0,0,0,0
462000,1,0,636,0,0,tick,462001,0,0,0,0,5000000000,1000000000,10000000000,500000000,1000000000,4611686018427387904,1000,4000,100000,1,0,9223372036854775808,5000000000,5000000000,0,0,0,0,0,0,0,0,9223372036854775808,5000000000,5000000000,0,0,0,0,0,0,0,0
462000,1,1,636,1,1,tick,462001,0,0,0,0,5000000000,1000000000,10000000000,500000000,1000000000,4611686018427387904,1000,4000,100000,1,0,9223372036854775808,5000000000,5000000000,0,0,0,0,0,0,0,0,9223372036854775808,5000000000,5000000000,0,0,0,0,0,0,0,0
463000,1,0,637,0,0,tick,463001,0,0,0,0,5000000000,1000000000,10000000000,500000000,1000000000,4611686018427387904,1000,4000,100000,1,0,9223372036854775808,5000000000,5000000000,0,0,0,0,0,0,0,0,9223372036854775808,5000000000,5000000000,0,0,0,0,0,0,0,0
463000,1,1,637,1,1,tick,463001,0,0,0,0,5000000000,1000000000,10000000000,500000000,1000000000,4611686018427387904,1000,4000,100000,1,0,9223372036854775808,5000000000,5000000000,0,0,0,0,0,0,0,0,9223372036854775808,5000000000,5000000000,0,0,0,0,0,0,0,0
464000,1,0,638,0,0,tick,464001,0,0,0,0,5000000000,1000000000,10000000000,500000000,1000000000,4611686018427387904,1000,4000,100000,1,0,9223372036854775808,5000000000,5000000000,0,0,0,0,0,0,0,0,9223372036854775808,5000000000,5000000000,0,0,0,0,0,0,0,0
464000,1,1,638,1,1,tick,464001,0,0,0,0,5000000000,1000000000,10000000000,500000000,1000000000,4611686018427387904,1000,4000,100000,1,0,9223372036854775808,5000000000,5000000000,0,0,0,0,0,0,0,0,9223372036854775808,5000000000,5000000000,0,0,0,0,0,0,0,0
465000,1,0,639,0,0,tick,465001,0,0,0,0,5000000000,1000000000,10000000000,500000000,1000000000,4611686018427387904,1000,4000,100000,1,0,9223372036854775808,5000000000,5000000000,0,0,0,0,0,0,0,0,9223372036854775808,5000000000,5000000000,0,0,0,0,0,0,0,0
465000,1,1,639,1,1,tick,465001,0,0,0,0,5000000000,1000000000,10000000000,500000000,1000000000,4611686018427387904,1000,4000,100000,1,0,9223372036854775808,5000000000,5000000000,0,0,0,0,0,0,0,0,9223372036854775808,5000000000,5000000000,0,0,0,0,0,0,0,0
466000,1,0,641,0,0,tick,466001,0,0,0,0,5000000000,1000000000,10000000000,500000000,1000000000,4611686018427387904,1000,4000,100000,1,0,9223372036854775808,5000000000,5000000000,0,0,0,0,0,0,0,0,9223372036854775808,5000000000,5000000000,0,0,0,0,0,0,0,0
466000,1,1,641,1,1,tick,466001,0,0,0,0,5000000000,1000000000,10000000000,500000000,1000000000,4611686018427387904,1000,4000,100000,1,0,9223372036854775808,5000000000,5000000000,0,0,0,0,0,0,0,0,9223372036854775808,5000000000,5000000000,0,0,0,0,0,0,0,0
467000,1,0,644,0,0,tick,467001,0,0,0,0,5000000000,1000000000,10000000000,500000000,1000000000,4611686018427387904,1000,4000,100000,1,0,9223372036854775808,5000000000,5000000000,0,0,0,0,0,0,0,0,9223372036854775808,5000000000,5000000000,0,0,0,0,0,0,0,0
467000,1,1,644,1,1,tick,467001,0,0,0,0,5000000000,1000000000,10000000000,500000000,1000000000,4611686018427387904,1000,4000,100000,1,0,9223372036854775808,5000000000,5000000000,0,0,0,0,0,0,0,0,9223372036854775808,5000000000,5000000000,0,0,0,0,0,0,0,0
468000,1,0,645,0,0,tick,468001,0,0,0,0,5000000000,1000000000,10000000000,500000000,1000000000,4611686018427387904,1000,4000,100000,1,0,9223372036854775808,5000000000,5000000000,0,0,0,0,0,0,0,0,9223372036854775808,5000000000,5000000000,0,0,0,0,0,0,0,0
468000,1,1,645,1,1,tick,468001,0,0,0,0,5000000000,1000000000,10000000000,500000000,1000000000,4611686018427387904,1000,4000,100000,1,0,9223372036854775808,5000000000,5000000000,0,0,0,0,0,0,0,0,9223372036854775808,5000000000,5000000000,0,0,0,0,0,0,0,0
469000,1,0,646,0,0,tick,469001,0,0,0,0,5000000000,1000000000,10000000000,500000000,1000000000,4611686018427387904,1000,4000,100000,1,0,9223372036854775808,5000000000,5000000000,0,0,0,0,0,0,0,0,9223372036854775808,5000000000,5000000000,0,0,0,0,0,0,0,0
469000,1,1,646,1,1,tick,469001,0,0,0,0,5000000000,1000000000,10000000000,500000000,1000000000,4611686018427387904,1000,4000,100000,1,0,9223372036854775808,5000000000,5000000000,0,0,0,0,0,0,0,0,9223372036854775808,5000000000,5000000000,0,0,0,0,0,0,0,0
470000,1,0,647,0,0,tick,470001,0,0,0,0,5000000000,1000000000,10000000000,500000000,1000000000,4611686018427387904,1000,4000,100000,1,0,9223372036854775808,5000000000,5000000000,0,0,0,0,0,0,0,0,9223372036854775808,5000000000,5000000000,0,0,0,0,0,0,0,0
470000,1,1,647,1,1,tick,470001,0,0,0,0,5000000000,1000000000,10000000000,500000000,1000000000,4611686018427387904,1000,4000,100000,1,0,9223372036854775808,5000000000,5000000000,0,0,0,0,0,0,0,0,9223372036854775808,5000000000,5000000000,0,0,0,0,0,0,0,0
471000,1,0,648,0,0,tick,471001,0,0,0,0,5000000000,1000000000,10000000000,500000000,1000000000,4611686018427387904,1000,4000,100000,1,0,9223372036854775808,5000000000,5000000000,0,0,0,0,0,0,0,0,9223372036854775808,5000000000,5000000000,0,0,0,0,0,0,0,0
471000,1,1,648,1,1,tick,471001,0,0,0,0,5000000000,1000000000,10000000000,500000000,1000000000,4611686018427387904,1000,4000,100000,1,0,9223372036854775808,5000000000,5000000000,0,0,0,0,0,0,0,0,9223372036854775808,5000000000,5000000000,0,0,0,0,0,0,0,0
472000,1,0,649,0,0,tick,472001,0,0,0,0,5000000000,1000000000,10000000000,500000000,1000000000,4611686018427387904,1000,4000,100000,1,0,9223372036854775808,5000000000,5000000000,0,0,0,0,0,0,0,0,9223372036854775808,5000000000,5000000000,0,0,0,0,0,0,0,0
472000,1,1,649,1,1,tick,472001,0,0,0,0,5000000000,1000000000,10000000000,500000000,1000000000,4611686018427387904,1000,4000,100000,1,0,9223372036854775808,5000000000,5000000000,0,0,0,0,0,0,0,0,9223372036854775808,5000000000,5000000000,0,0,0,0,0,0,0,0
473000,1,0,650,0,0,tick,473001,0,0,0,0,5000000000,1000000000,10000000000,500000000,1000000000,4611686018427387904,1000,4000,100000,1,0,9223372036854775808,5000000000,5000000000,0,0,0,0,0,0,0,0,9223372036854775808,5000000000,5000000000,0,0,0,0,0,0,0,0
473000,1,1,650,1,1,tick,473001,0,0,0,0,5000000000,1000000000,10000000000,500000000,1000000000,4611686018427387904,1000,4000,100000,1,0,9223372036854775808,5000000000,5000000000,0,0,0,0,0,0,0,0,9223372036854775808,5000000000,5000000000,0,0,0,0,0,0,0,0
474000,1,0,652,0,0,tick,474001,0,0,0,0,5000000000,1000000000,10000000000,500000000,1000000000,4611686018427387904,1000,4000,100000,1,0,9223372036854775808,5000000000,5000000000,0,0,0,0,0,0,0,0,9223372036854775808,5000000000,5000000000,0,0,0,0,0,0,0,0
474000,1,1,652,1,1,tick,474001,0,0,0,0,5000000000,1000000000,10000000000,500000000,1000000000,4611686018427387904,1000,4000,100000,1,0,9223372036854775808,5000000000,5000000000,0,0,0,0,0,0,0,0,9223372036854775808,5000000000,5000000000,0,0,0,0,0,0,0,0
475000,1,0,655,0,0,tick,475001,0,0,0,0,5000000000,1000000000,10000000000,500000000,1000000000,4611686018427387904,1000,4000,100000,1,0,9223372036854775808,5000000000,5000000000,0,0,0,0,0,0,0,0,9223372036854775808,5000000000,5000000000,0,0,0,0,0,0,0,0
475000,1,1,655,1,1,tick,475001,0,0,0,0,5000000000,1000000000,10000000000,500000000,1000000000,4611686018427387904,1000,4000,100000,1,0,9223372036854775808,5000000000,5000000000,0,0,0,0,0,0,0,0,9223372036854775808,5000000000,5000000000,0,0,0,0,0,0,0,0
476000,1,0,656,0,0,tick,476001,0,0,0,0,5000000000,1000000000,10000000000,500000000,1000000000,4611686018427387904,1000,4000,100000,1,0,9223372036854775808,5000000000,5000000000,0,0,0,0,0,0,0,0,9223372036854775808,5000000000,5000000000,0,0,0,0,0,0,0,0
476000,1,1,656,1,1,tick,476001,0,0,0,0,5000000000,1000000000,10000000000,500000000,1000000000,4611686018427387904,1000,4000,100000,1,0,9223372036854775808,5000000000,5000000000,0,0,0,0,0,0,0,0,9223372036854775808,5000000000,5000000000,0,0,0,0,0,0,0,0
477000,1,0,657,0,0,tick,477001,0,0,0,0,5000000000,1000000000,10000000000,500000000,1000000000,4611686018427387904,1000,4000,100000,1,0,9223372036854775808,5000000000,5000000000,0,0,0,0,0,0,0,0,9223372036854775808,5000000000,5000000000,0,0,0,0,0,0,0,0
477000,1,1,657,1,1,tick,477001,0,0,0,0,5000000000,1000000000,10000000000,500000000,1000000000,4611686018427387904,1000,4000,100000,1,0,9223372036854775808,5000000000,5000000000,0,0,0,0,0,0,0,0,9223372036854775808,5000000000,5000000000,0,0,0,0,0,0,0,0
478000,1,0,658,0,0,tick,478001,0,0,0,0,5000000000,1000000000,10000000000,500000000,1000000000,4611686018427387904,1000,4000,100000,1,0,9223372036854775808,5000000000,5000000000,0,0,0,0,0,0,0,0,9223372036854775808,5000000000,5000000000,0,0,0,0,0,0,0,0
478000,1,1,658,1,1,tick,478001,0,0,0,0,5000000000,1000000000,10000000000,500000000,1000000000,4611686018427387904,1000,4000,100000,1,0,9223372036854775808,5000000000,5000000000,0,0,0,0,0,0,0,0,9223372036854775808,5000000000,5000000000,0,0,0,0,0,0,0,0
479000,1,0,659,0,0,tick,479001,0,0,0,0,5000000000,1000000000,10000000000,500000000,1000000000,4611686018427387904,1000,4000,100000,1,0,9223372036854775808,5000000000,5000000000,0,0,0,0,0,0,0,0,9223372036854775808,5000000000,5000000000,0,0,0,0,0,0,0,0
479000,1,1,659,1,1,tick,479001,0,0,0,0,5000000000,1000000000,10000000000,500000000,1000000000,4611686018427387904,1000,4000,100000,1,0,9223372036854775808,5000000000,5000000000,0,0,0,0,0,0,0,0,9223372036854775808,5000000000,5000000000,0,0,0,0,0,0,0,0
480000,1,0,660,0,0,tick,480001,0,0,0,0,5000000000,1000000000,10000000000,500000000,1000000000,4611686018427387904,1000,4000,100000,1,0,9223372036854775808,5000000000,5000000000,0,0,0,0,0,0,0,0,9223372036854775808,5000000000,5000000000,0,0,0,0,0,0,0,0
480000,1,1,660,1,1,tick,480001,0,0,0,0,5000000000,1000000000,10000000000,500000000,1000000000,4611686018427387904,1000,4000,100000,1,0,9223372036854775808,5000000000,5000000000,0,0,0,0,0,0,0,0,9223372036854775808,5000000000,5000000000,0,0,0,0,0,0,0,0
481000,1,0,661,0,0,tick,481001,0,0,0,0,5000000000,1000000000,10000000000,500000000,1000000000,4611686018427387904,1000,4000,100000,1,0,9223372036854775808,5000000000,5000000000,0,0,0,0,0,0,0,0,9223372036854775808,5000000000,5000000000,0,0,0,0,0,0,0,0
481000,1,1,661,1,1,tick,481001,0,0,0,0,5000000000,1000000000,10000000000,500000000,1000000000,4611686018427387904,1000,4000,100000,1,0,9223372036854775808,5000000000,5000000000,0,0,0,0,0,0,0,0,9223372036854775808,5000000000,5000000000,0,0,0,0,0,0,0,0
482000,1,0,663,0,0,tick,482001,0,0,0,0,5000000000,1000000000,10000000000,500000000,1000000000,4611686018427387904,1000,4000,100000,1,0,9223372036854775808,5000000000,5000000000,0,0,0,0,0,0,0,0,9223372036854775808,5000000000,5000000000,0,0,0,0,0,0,0,0
482000,1,1,663,1,1,tick,482001,0,0,0,0,5000000000,1000000000,10000000000,500000000,1000000000,4611686018427387904,1000,4000,100000,1,0,9223372036854775808,5000000000,5000000000,0,0,0,0,0,0,0,0,9223372036854775808,5000000000,5000000000,0,0,0,0,0,0,0,0
483000,1,0,666,0,0,tick,483001,0,0,0,0,5000000000,1000000000,10000000000,500000000,1000000000,4611686018427387904,1000,4000,100000,1,0,9223372036854775808,5000000000,5000000000,0,0,0,0,0,0,0,0,9223372036854775808,5000000000,5000000000,0,0,0,0,0,0,0,0
483000,1,1,666,1,1,tick,483001,0,0,0,0,5000000000,1000000000,10000000000,500000000,1000000000,4611686018427387904,1000,4000,100000,1,0,9223372036854775808,5000000000,5000000000,0,0,0,0,0,0,0,0,9223372036854775808,5000000000,5000000000,0,0,0,0,0,0,0,0
484000,1,0,667,0,0,tick,484001,0,0,0,0,5000000000,1000000000,10000000000,500000000,1000000000,4611686018427387904,1000,4000,100000,1,0,9223372036854775808,5000000000,5000000000,0,0,0,0,0,0,0,0,9223372036854775808,5000000000,5000000000,0,0,0,0,0,0,0,0
484000,1,1,667,1,1,tick,484001,0,0,0,0,5000000000,1000000000,10000000000,500000000,1000000000,4611686018427387904,1000,4000,100000,1,0,9223372036854775808,5000000000,5000000000,0,0,0,0,0,0,0,0,9223372036854775808,5000000000,5000000000,0,0,0,0,0,0,0,0
485000,1,0,668,0,0,tick,485001,0,0,0,0,5000000000,1000000000,10000000000,500000000,1000000000,4611686018427387904,1000,4000,100000,1,0,9223372036854775808,5000000000,5000000000,0,0,0,0,0,0,0,0,9223372036854775808,5000000000,5000000000,0,0,0,0,0,0,0,0
485000,1,1,668,1,1,tick,485001,0,0,0,0,5000000000,1000000000,10000000000,500000000,1000000000,4611686018427387904,1000,4000,100000,1,0,9223372036854775808,5000000000,5000000000,0,0,0,0,0,0,0,0,9223372036854775808,5000000000,5000000000,0,0,0,0,0,0,0,0
486000,1,0,669,0,0,tick,486001,0,0,0,0,5000000000,1000000000,10000000000,500000000,1000000000,4611686018427387904,1000,4000,100000,1,0,9223372036854775808,5000000000,5000000000,0,0,0,0,0,0,0,0,9223372036854775808,5000000000,5000000000,0,0,0,0,0,0,0,0
486000,1,1,669,1,1,tick,486001,0,0,0,0,5000000000,1000000000,10000000000,500000000,1000000000,4611686018427387904,1000,4000,100000,1,0,9223372036854775808,5000000000,5000000000,0,0,0,0,0,0,0,0,9223372036854775808,5000000000,5000000000,0,0,0,0,0,0,0,0
487000,1,0,670,0,0,tick,487001,0,0,0,0,5000000000,1000000000,10000000000,500000000,1000000000,4611686018427387904,1000,4000,100000,1,0,9223372036854775808,5000000000,5000000000,0,0,0,0,0,0,0,0,9223372036854775808,5000000000,5000000000,0,0,0,0,0,0,0,0
487000,1,1,670,1,1,tick,487001,0,0,0,0,5000000000,1000000000,10000000000,500000000,1000000000,4611686018427387904,1000,4000,100000,1,0,9223372036854775808,5000000000,5000000000,0,0,0,0,0,0,0,0,9223372036854775808,5000000000,5000000000,0,0,0,0,0,0,0,0
488000,1,0,671,0,0,tick,488001,0,0,0,0,5000000000,1000000000,10000000000,500000000,1000000000,4611686018427387904,1000,4000,100000,1,0,9223372036854775808,5000000000,5000000000,0,0,0,0,0,0,0,0,9223372036854775808,5000000000,5000000000,0,0,0,0,0,0,0,0
488000,1,1,671,1,1,tick,488001,0,0,0,0,5000000000,1000000000,10000000000,500000000,1000000000,4611686018427387904,1000,4000,100000,1,0,9223372036854775808,5000000000,5000000000,0,0,0,0,0,0,0,0,9223372036854775808,5000000000,5000000000,0,0,0,0,0,0,0,0
489000,1,0,672,0,0,tick,489001,0,0,0,0,5000000000,1000000000,10000000000,500000000,1000000000,4611686018427387904,1000,4000,100000,1,0,9223372036854775808,5000000000,5000000000,0,0,0,0,0,0,0,0,9223372036854775808,5000000000,5000000000,0,0,0,0,0,0,0,0
489000,1,1,672,1,1,tick,489001,0,0,0,0,5000000000,1000000000,10000000000,500000000,1000000000,4611686018427387904,1000,4000,100000,1,0,9223372036854775808,5000000000,5000000000,0,0,0,0,0,0,0,0,9223372036854775808,5000000000,5000000000,0,0,0,0,0,0,0,0
490000,1,0,674,0,0,tick,490001,0,0,0,0,5000000000,1000000000,10000000000,500000000,1000000000,4611686018427387904,1000,4000,100000,1,0,9223372036854775808,5000000000,5000000000,0,0,0,0,0,0,0,0,9223372036854775808,5000000000,5000000000,0,0,0,0,0,0,0,0
490000,1,1,674,1,1,tick,490001,0,0,0,0,5000000000,1000000000,10000000000,500000000,1000000000,4611686018427387904,1000,4000,100000,1,0,9223372036854775808,5000000000,5000000000,0,0,0,0,0,0,0,0,9223372036854775808,5000000000,5000000000,0,0,0,0,0,0,0,0
491000,1,0,677,0,0,tick,491001,0,0,0,0,5000000000,1000000000,10000000000,500000000,1000000000,4611686018427387904,1000,4000,100000,1,0,9223372036854775808,5000000000,5000000000,0,0,0,0,0,0,0,0,9223372036854775808,5000000000,5000000000,0,0,0,0,0,0,0,0
491000,1,1,677,1,1,tick,491001,0,0,0,0,5000000000,1000000000,10000000000,500000000,1000000000,4611686018427387904,1000,4000,100000,1,0,9223372036854775808,5000000000,5000000000,0,0,0,0,0,0,0,0,9223372036854775808,5000000000,5000000000,0,0,0,0,0,0,0,0
492000,1,0,678,0,0,tick,492001,0,0,0,0,5000000000,1000000000,10000000000,500000000,1000000000,4611686018427387904,1000,4000,100000,1,0,9223372036854775808,5000000000,5000000000,0,0,0,0,0,0,0,0,9223372036854775808,5000000000,5000000000,0,0,0,0,0,0,0,0
492000,1,1,678,1,1,tick,492001,0,0,0,0,5000000000,1000000000,10000000000,500000000,1000000000,4611686018427387904,1000,4000,100000,1,0,9223372036854775808,5000000000,5000000000,0,0,0,0,0,0,0,0,9223372036854775808,5000000000,5000000000,0,0,0,0,0,0,0,0
493000,1,0,679,0,0,tick,493001,0,0,0,0,5000000000,1000000000,10000000000,500000000,1000000000,4611686018427387904,1000,4000,100000,1,0,9223372036854775808,5000000000,5000000000,0,0,0,0,0,0,0,0,9223372036854775808,5000000000,5000000000,0,0,0,0,0,0,0,0
493000,1,1,679,1,1,tick,493001,0,0,0,0,5000000000,1000000000,10000000000,500000000,1000000000,4611686018427387904,1000,4000,100000,1,0,9223372036854775808,5000000000,5000000000,0,0,0,0,0,0,0,0,9223372036854775808,5000000000,5000000000,0,0,0,0,0,0,0,0
494000,1,0,680,0,0,tick,494001,0,0,0,0,5000000000,1000000000,10000000000,500000000,1000000000,4611686018427387904,1000,4000,100000,1,0,9223372036854775808,5000000000,5000000000,0,0,0,0,0,0,0,0,9223372036854775808,5000000000,5000000000,0,0,0,0,0,0,0,0
494000,1,1,680,1,1,tick,494001,0,0,0,0,5000000000,1000000000,10000000000,500000000,1000000000,4611686018427387904,1000,4000,100000,1,0,9223372036854775808,5000000000,5000000000,0,0,0,0,0,0,0,0,9223372036854775808,5000000000,5000000000,0,0,0,0,0,0,0,0
495000,1,0,681,0,0,tick,495001,0,0,0,0,5000000000,1000000000,10000000000,500000000,1000000000,4611686018427387904,1000,4000,100000,1,0,9223372036854775808,5000000000,5000000000,0,0,0,0,0,0,0,0,9223372036854775808,5000000000,5000000000,0,0,0,0,0,0,0,0
495000,1,1,681,1,1,tick,495001,0,0,0,0,5000000000,1000000000,10000000000,500000000,1000000000,4611686018427387904,1000,4000,100000,1,0,9223372036854775808,5000000000,5000000000,0,0,0,0,0,0,0,0,9223372036854775808,5000000000,5000000000,0,0,0,0,0,0,0,0
496000,1,0,682,0,0,tick,496001,0,0,0,0,5000000000,1000000000,10000000000,500000000,1000000000,4611686018427387904,1000,4000,100000,1,0,9223372036854775808,5000000000,5000000000,0,0,0,0,0,0,0,0,9223372036854775808,5000000000,5000000000,0,0,0,0,0,0,0,0
496000,1,1,682,1,1,tick,496001,0,0,0,0,5000000000,1000000000,10000000000,500000000,1000000000,4611686018427387904,1000,4000,100000,1,0,9223372036854775808,5000000000,5000000000,0,0,0,0,0,0,0,0,9223372036854775808,5000000000,5000000000,0,0,0,0,0,0,0,0
497000,1,0,683,0,0,tick,497001,0,0,0,0,5000000000,1000000000,10000000000,500000000,1000000000,4611686018427387904,1000,4000,100000,1,0,9223372036854775808,5000000000,5000000000,0,0,0,0,0,0,0,0,9223372036854775808,5000000000,5000000000,0,0,0,0,0,0,0,0
497000,1,1,683,1,1,tick,497001,0,0,0,0,5000000000,1000000000,10000000000,500000000,1000000000,4611686018427387904,1000,4000,100000,1,0,9223372036854775808,5000000000,5000000000,0,0,0,0,0,0,0,0,9223372036854775808,5000000000,5000000000,0,0,0,0,0,0,0,0
498000,1,0,685,0,0,tick,498001,0,0,0,0,5000000000,1000000000,10000000000,500000000,1000000000,4611686018427387904,1000,4000,100000,1,0,9223372036854775808,5000000000,5000000000,0,0,0,0,0,0,0,0,9223372036854775808,5000000000,5000000000,0,0,0,0,0,0,0,0
498000,1,1,685,1,1,tick,498001,0,0,0,0,5000000000,1000000000,10000000000,500000000,1000000000,4611686018427387904,1000,4000,100000,1,0,9223372036854775808,5000000000,5000000000,0,0,0,0,0,0,0,0,9223372036854775808,5000000000,5000000000,0,0,0,0,0,0,0,0
499000,1,0,688,0,0,tick,499001,0,0,0,0,5000000000,1000000000,10000000000,500000000,1000000000,4611686018427387904,1000,4000,100000,1,0,9223372036854775808,5000000000,5000000000,0,0,0,0,0,0,0,0,9223372036854775808,5000000000,5000000000,0,0,0,0,0,0,0,0
499000,1,1,688,1,1,tick,499001,0,0,0,0,5000000000,1000000000,10000000000,500000000,1000000000,4611686018427387904,1000,4000,100000,1,0,9223372036854775808,5000000000,5000000000,0,0,0,0,0,0,0,0,9223372036854775808,5000000000,5000000000,0,0,0,0,0,0,0,0
500000,1,0,689,0,0,tick,500001,0,0,0,0,5000000000,1000000000,10000000000,500000000,1000000000,4611686018427387904,1000,4000,100000,1,0,9223372036854775808,5000000000,5000000000,0,0,0,0,0,0,0,0,9223372036854775808,5000000000,5000000000,0,0,0,0,0,0,0,0
500000,1,1,689,1,1,tick,500001,0,0,0,0,5000000000,1000000000,10000000000,500000000,1000000000,4611686018427387904,1000,4000,100000,1,0,9223372036854775808,5000000000,5000000000,0,0,0,0,0,0,0,0,9223372036854775808,5000000000,5000000000,0,0,0,0,0,0,0,0
501000,1,0,690,0,0,tick,501001,0,0,0,0,5000000000,1000000000,10000000000,500000000,1000000000,4611686018427387904,1000,4000,100000,1,0,9223372036854775808,5000000000,5000000000,0,0,0,0,0,0,0,0,9223372036854775808,5000000000,5000000000,0,0,0,0,0,0,0,0
501000,1,1,690,1,1,tick,501001,0,0,0,0,5000000000,1000000000,10000000000,500000000,1000000000,4611686018427387904,1000,4000,100000,1,0,9223372036854775808,5000000000,5000000000,0,0,0,0,0,0,0,0,9223372036854775808,5000000000,5000000000,0,0,0,0,0,0,0,0
502000,1,0,691,0,0,tick,502001,0,0,0,0,5000000000,1000000000,10000000000,500000000,1000000000,4611686018427387904,1000,4000,100000,1,0,9223372036854775808,5000000000,5000000000,0,0,0,0,0,0,0,0,9223372036854775808,5000000000,5000000000,0,0,0,0,0,0,0,0
502000,1,1,691,1,1,tick,502001,0,0,0,0,5000000000,1000000000,10000000000,500000000,1000000000,4611686018427387904,1000,4000,100000,1,0,9223372036854775808,5000000000,5000000000,0,0,0,0,0,0,0,0,9223372036854775808,5000000000,5000000000,0,0,0,0,0,0,0,0
503000,1,0,692,0,0,tick,503001,0,0,0,0,5000000000,1000000000,10000000000,500000000,1000000000,4611686018427387904,1000,4000,100000,1,0,9223372036854775808,5000000000,5000000000,0,0,0,0,0,0,0,0,9223372036854775808,5000000000,5000000000,0,0,0,0,0,0,0,0
503000,1,1,692,1,1,tick,503001,0,0,0,0,5000000000,1000000000,10000000000,500000000,1000000000,4611686018427387904,1000,4000,100000,1,0,9223372036854775808,5000000000,5000000000,0,0,0,0,0,0,0,0,9223372036854775808,5000000000,5000000000,0,0,0,0,0,0,0,0
504000,1,0,693,0,0,tick,504001,0,0,0,0,5000000000,1000000000,10000000000,500000000,1000000000,4611686018427387904,1000,4000,100000,1,0,9223372036854775808,5000000000,5000000000,0,0,0,0,0,0,0,0,9223372036854775808,5000000000,5000000000,0,0,0,0,0,0,0,0
504000,1,1,693,1,1,tick,504001,0,0,0,0,5000000000,1000000000,10000000000,500000000,1000000000,4611686018427387904,1000,4000,100000,1,0,9223372036854775808,5000000000,5000000000,0,0,0,0,0,0,0,0,9223372036854775808,5000000000,5000000000,0,0,0,0,0,0,0,0
505000,1,0,694,0,0,tick,505001,0,0,0,0,5000000000,1000000000,10000000000,500000000,1000000000,4611686018427387904,1000,4000,100000,1,0,9223372036854775808,5000000000,5000000000,0,0,0,0,0,0,0,0,9223372036854775808,5000000000,5000000000,0,0,0,0,0,0,0,0
505000,1,1,694,1,1,tick,505001,0,0,0,0,5000000000,1000000000,10000000000,500000000,1000000000,4611686018427387904,1000,4000,100000,1,0,9223372036854775808,5000000000,5000000000,0,0,0,0,0,0,0,0,9223372036854775808,5000000000,5000000000,0,0,0,0,0,0,0,0
506000,1,0,696,0,0,tick,506001,0,0,0,0,5000000000,1000000000,10000000000,500000000,1000000000,4611686018427387904,1000,4000,100000,1,0,9223372036854775808,5000000000,5000000000,0,0,0,0,0,0,0,0,9223372036854775808,5000000000,5000000000,0,0,0,0,0,0,0,0
506000,1,1,696,1,1,tick,506001,0,0,0,0,5000000000,1000000000,10000000000,500000000,1000000000,4611686018427387904,1000,4000,100000,1,0,9223372036854775808,5000000000,5000000000,0,0,0,0,0,0,0,0,9223372036854775808,5000000000,5000000000,0,0,0,0,0,0,0,0
507000,1,0,699,0,0,tick,507001,0,0,0,0,5000000000,1000000000,10000000000,500000000,1000000000,4611686018427387904,1000,4000,100000,1,0,9223372036854775808,5000000000,5000000000,0,0,0,0,0,0,0,0,9223372036854775808,5000000000,5000000000,0,0,0,0,0,0,0,0
507000,1,1,699,1,1,tick,507001,0,0,0,0,5000000000,1000000000,10000000000,500000000,1000000000,4611686018427387904,1000,4000,100000,1,0,9223372036854775808,5000000000,5000000000,0,0,0,0,0,0,0,0,9223372036854775808,5000000000,5000000000,0,0,0,0,0,0,0,0
508000,1,0,700,0,0,tick,508001,0,0,0,0,5000000000,1000000000,10000000000,500000000,1000000000,4611686018427387904,1000,4000,100000,1,0,9223372036854775808,5000000000,5000000000,0,0,0,0,0,0,0,0,9223372036854775808,5000000000,5000000000,0,0,0,0,0,0,0,0
508000,1,1,700,1,1,tick,508001,0,0,0,0,5000000000,1000000000,10000000000,500000000,1000000000,4611686018427387904,1000,4000,100000,1,0,9223372036854775808,5000000000,5000000000,0,0,0,0,0,0,0,0,9223372036854775808,5000000000,5000000000,0,0,0,0,0,0,0,0
509000,1,0,701,0,0,tick,509001,0,0,0,0,5000000000,1000000000,10000000000,500000000,1000000000,4611686018427387904,1000,4000,100000,1,0,9223372036854775808,5000000000,5000000000,0,0,0,0,0,0,0,0,9223372036854775808,5000000000,5000000000,0,0,0,0,0,0,0,0
509000,1,1,701,1,1,tick,509001,0,0,0,0,5000000000,1000000000,10000000000,500000000,1000000000,4611686018427387904,1000,4000,100000,1,0,9223372036854775808,5000000000,5000000000,0,0,0,0,0,0,0,0,9223372036854775808,5000000000,5000000000,0,0,0,0,0,0,0,0
510000,1,0,702,0,0,tick,510001,0,0,0,0,5000000000,1000000000,10000000000,500000000,1000000000,4611686018427387904,1000,4000,100000,1,0,9223372036854775808,5000000000,5000000000,0,0,0,0,0,0,0,0,9223372036854775808,5000000000,5000000000,0,0,0,0,0,0,0,0
510000,1,1,702,1,1,tick,510001,0,0,0,0,5000000000,1000000000,10000000000,500000000,1000000000,4611686018427387904,1000,4000,100000,1,0,9223372036854775808,5000000000,5000000000,0,0,0,0,0,0,0,0,9223372036854775808,5000000000,5000000000,0,0,0,0,0,0,0,0
511000,1,0,703,0,0,tick,511001,0,0,0,0,5000000000,1000000000,10000000000,500000000,1000000000,4611686018427387904,1000,4000,100000,1,0,9223372036854775808,5000000000,5000000000,0,0,0,0,0,0,0,0,9223372036854775808,5000000000,5000000000,0,0,0,0,0,0,0,0
511000,1,1,703,1,1,tick,511001,0,0,0,0,5000000000,1000000000,10000000000,500000000,1000000000,4611686018427387904,1000,4000,100000,1,0,9223372036854775808,5000000000,5000000000,0,0,0,0,0,0,0,0,9223372036854775808,5000000000,5000000000,0,0,0,0,0,0,0,0
512000,1,0,704,0,0,tick,512001,0,0,0,0,5000000000,1000000000,10000000000,500000000,1000000000,4611686018427387904,1000,4000,100000,1,0,9223372036854775808,5000000000,5000000000,0,0,0,0,0,0,0,0,9223372036854775808,5000000000,5000000000,0,0,0,0,0,0,0,0
512000,1,1,704,1,1,tick,512001,0,0,0,0,5000000000,1000000000,10000000000,500000000,1000000000,4611686018427387904,1000,4000,100000,1,0,9223372036854775808,5000000000,5000000000,0,0,0,0,0,0,0,0,9223372036854775808,5000000000,5000000000,0,0,0,0,0,0,0,0
513000,1,0,705,0,0,tick,513001,0,0,0,0,5000000000,1000000000,10000000000,500000000,1000000000,4611686018427387904,1000,4000,100000,1,0,9223372036854775808,5000000000,5000000000,0,0,0,0,0,0,0,0,9223372036854775808,5000000000,5000000000,0,0,0,0,0,0,0,0
513000,1,1,705,1,1,tick,513001,0,0,0,0,5000000000,1000000000,10000000000,500000000,1000000000,4611686018427387904,1000,4000,100000,1,0,9223372036854775808,5000000000,5000000000,0,0,0,0,0,0,0,0,9223372036854775808,5000000000,5000000000,0,0,0,0,0,0,0,0
514000,1,0,707,0,0,tick,514001,0,0,0,0,5000000000,1000000000,10000000000,500000000,1000000000,4611686018427387904,1000,4000,100000,1,0,9223372036854775808,5000000000,5000000000,0,0,0,0,0,0,0,0,9223372036854775808,5000000000,5000000000,0,0,0,0,0,0,0,0
514000,1,1,707,1,1,tick,514001,0,0,0,0,5000000000,1000000000,10000000000,500000000,1000000000,4611686018427387904,1000,4000,100000,1,0,9223372036854775808,5000000000,5000000000,0,0,0,0,0,0,0,0,9223372036854775808,5000000000,5000000000,0,0,0,0,0,0,0,0
515000,1,0,710,0,0,tick,515001,0,0,0,0,5000000000,1000000000,10000000000,500000000,1000000000,4611686018427387904,1000,4000,100000,1,0,9223372036854775808,5000000000,5000000000,0,0,0,0,0,0,0,0,9223372036854775808,5000000000,5000000000,0,0,0,0,0,0,0,0
515000,1,1,710,1,1,tick,515001,0,0,0,0,5000000000,1000000000,10000000000,500000000,1000000000,4611686018427387904,1000,4000,100000,1,0,9223372036854775808,5000000000,5000000000,0,0,0,0,0,0,0,0,9223372036854775808,5000000000,5000000000,0,0,0,0,0,0,0,0
516000,1,0,711,0,0,tick,516001,0,0,0,0,5000000000,1000000000,10000000000,500000000,1000000000,4611686018427387904,1000,4000,100000,1,0,9223372036854775808,5000000000,5000000000,0,0,0,0,0,0,0,0,9223372036854775808,5000000000,5000000000,0,0,0,0,0,0,0,0
516000,1,1,711,1,1,tick,516001,0,0,0,0,5000000000,1000000000,10000000000,500000000,1000000000,4611686018427387904,1000,4000,100000,1,0,9223372036854775808,5000000000,5000000000,0,0,0,0,0,0,0,0,9223372036854775808,5000000000,5000000000,0,0,0,0,0,0,0,0
517000,1,0,712,0,0,tick,517001,0,0,0,0,5000000000,1000000000,10000000000,500000000,1000000000,4611686018427387904,1000,4000,100000,1,0,9223372036854775808,5000000000,5000000000,0,0,0,0,0,0,0,0,9223372036854775808,5000000000,5000000000,0,0,0,0,0,0,0,0
517000,1,1,712,1,1,tick,517001,0,0,0,0,5000000000,1000000000,10000000000,500000000,1000000000,4611686018427387904,1000,4000,100000,1,0,9223372036854775808,5000000000,5000000000,0,0,0,0,0,0,0,0,9223372036854775808,5000000000,5000000000,0,0,0,0,0,0,0,0
518000,1,0,713,0,0,tick,518001,0,0,0,0,5000000000,1000000000,10000000000,500000000,1000000000,4611686018427387904,1000,4000,100000,1,0,9223372036854775808,5000000000,5000000000,0,0,0,0,0,0,0,0,9223372036854775808,5000000000,5000000000,0,0,0,0,0,0,0,0
518000,1,1,713,1,1,tick,518001,0,0,0,0,5000000000,1000000000,10000000000,500000000,1000000000,4611686018427387904,1000,4000,100000,1,0,9223372036854775808,5000000000,5000000000,0,0,0,0,0,0,0,0,9223372036854775808,5000000000,5000000000,0,0,0,0,0,0,0,0
519000,1,0,714,0,0,tick,519001,0,0,0,0,5000000000,1000000000,10000000000,500000000,1000000000,4611686018427387904,1000,4000,100000,1,0,9223372036854775808,5000000000,5000000000,0,0,0,0,0,0,0,0,9223372036854775808,5000000000,5000000000,0,0,0,0,0,0,0,0
519000,1,1,714,1,1,tick,519001,0,0,0,0,5000000000,1000000000,10000000000,500000000,1000000000,4611686018427387904,1000,4000,100000,1,0,9223372036854775808,5000000000,5000000000,0,0,0,0,0,0,0,0,9223372036854775808,5000000000,5000000000,0,0,0,0,0,0,0,0
520000,1,0,715,0,0,tick,520001,0,0,0,0,5000000000,1000000000,10000000000,500000000,1000000000,4611686018427387904,1000,4000,100000,1,0,9223372036854775808,5000000000,5000000000,0,0,0,0,0,0,0,0,9223372036854775808,5000000000,5000000000,0,0,0,0,0,0,0,0
520000,1,1,715,1,1,tick,520001,0,0,0,0,5000000000,1000000000,10000000000,500000000,1000000000,4611686018427387904,1000,4000,100000,1,0,9223372036854775808,5000000000,5000000000,0,0,0,0,0,0,0,0,9223372036854775808,5000000000,5000000000,0,0,0,0,0,0,0,0
521000,1,0,716,0,0,tick,521001,0,0,0,0,5000000000,1000000000,10000000000,500000000,1000000000,4611686018427387904,1000,4000,100000,1,0,9223372036854775808,5000000000,5000000000,0,0,0,0,0,0,0,0,9223372036854775808,5000000000,5000000000,0,0,0,0,0,0,0,0
521000,1,1,716,1,1,tick,521001,0,0,0,0,5000000000,1000000000,10000000000,500000000,1000000000,4611686018427387904,1000,4000,100000,1,0,9223372036854775808,5000000000,5000000000,0,0,0,0,0,0,0,0,9223372036854775808,5000000000,5000000000,0,0,0,0,0,0,0,0
522000,1,0,718,0,0,tick,522001,0,0,0,0,5000000000,1000000000,10000000000,500000000,1000000000,4611686018427387904,1000,4000,100000,1,0,9223372036854775808,5000000000,5000000000,0,0,0,0,0,0,0,0,9223372036854775808,5000000000,5000000000,0,0,0,0,0,0,0,0
522000,1,1,718,1,1,tick,522001,0,0,0,0,5000000000,1000000000,10000000000,500000000,1000000000,4611686018427387904,1000,4000,100000,1,0,9223372036854775808,5000000000,5000000000,0,0,0,0,0,0,0,0,9223372036854775808,5000000000,5000000000,0,0,0,0,0,0,0,0
523000,1,0,721,0,0,tick,523001,0,0,0,0,5000000000,1000000000,10000000000,500000000,1000000000,4611686018427387904,1000,4000,100000,1,0,9223372036854775808,5000000000,5000000000,0,0,0,0,0,0,0,0,9223372036854775808,5000000000,5000000000,0,0,0,0,0,0,0,0
523000,1,1,721,1,1,tick,523001,0,0,0,0,5000000000,1000000000,10000000000,500000000,1000000000,4611686018427387904,1000,4000,100000,1,0,9223372036854775808,5000000000,5000000000,0,0,0,0,0,0,0,0,9223372036854775808,5000000000,5000000000,0,0,0,0,0,0,0,0
524000,1,0,722,0,0,tick,524001,0,0,0,0,5000000000,1000000000,10000000000,500000000,1000000000,4611686018427387904,1000,4000,100000,1,0,9223372036854775808,5000000000,5000000000,0,0,0,0,0,0,0,0,9223372036854775808,5000000000,5000000000,0,0,0,0,0,0,0,0
524000,1,1,722,1,1,tick,524001,0,0,0,0,5000000000,1000000000,10000000000,500000000,1000000000,4611686018427387904,1000,4000,100000,1,0,9223372036854775808,5000000000,5000000000,0,0,0,0,0,0,0,0,9223372036854775808,5000000000,5000000000,0,0,0,0,0,0,0,0
525000,1,0,723,0,0,tick,525001,0,0,0,0,5000000000,1000000000,10000000000,500000000,1000000000,4611686018427387904,1000,4000,100000,1,0,9223372036854775808,5000000000,5000000000,0,0,0,0,0,0,0,0,9223372036854775808,5000000000,5000000000,0,0,0,0,0,0,0,0
525000,1,1,723,1,1,tick,525001,0,0,0,0,5000000000,1000000000,10000000000,500000000,1000000000,4611686018427387904,1000,4000,100000,1,0,9223372036854775808,5000000000,5000000000,0,0,0,0,0,0,0,0,9223372036854775808,5000000000,5000000000,0,0,0,0,0,0,0,0
526000,1,0,724,0,0,tick,526001,0,0,0,0,5000000000,1000000000,10000000000,500000000,1000000000,4611686018427387904,1000,4000,100000,1,0,9223372036854775808,5000000000,5000000000,0,0,0,0,0,0,0,0,9223372036854775808,5000000000,5000000000,0,0,0,0,0,0,0,0
526000,1,1,724,1,1,tick,526001,0,0,0,0,5000000000,1000000000,10000000000,500000000,1000000000,4611686018427387904,1000,4000,100000,1,0,9223372036854775808,5000000000,5000000000,0,0,0,0,0,0,0,0,9223372036854775808,5000000000,5000000000,0,0,0,0,0,0,0,0
527000,1,0,725,0,0,tick,527001,0,0,0,0,5000000000,1000000000,10000000000,500000000,1000000000,4611686018427387904,1000,4000,100000,1,0,9223372036854775808,5000000000,5000000000,0,0,0,0,0,0,0,0,9223372036854775808,5000000000,5000000000,0,0,0,0,0,0,0,0
527000,1,1,725,1,1,tick,527001,0,0,0,0,5000000000,1000000000,10000000000,500000000,1000000000,4611686018427387904,1000,4000,100000,1,0,9223372036854775808,5000000000,5000000000,0,0,0,0,0,0,0,0,9223372036854775808,5000000000,5000000000,0,0,0,0,0,0,0,0
528000,1,0,726,0,0,tick,528001,0,0,0,0,5000000000,1000000000,10000000000,500000000,1000000000,4611686018427387904,1000,4000,100000,1,0,9223372036854775808,5000000000,5000000000,0,0,0,0,0,0,0,0,9223372036854775808,5000000000,5000000000,0,0,0,0,0,0,0,0
528000,1,1,726,1,1,tick,528001,0,0,0,0,5000000000,1000000000,10000000000,500000000,1000000000,4611686018427387904,1000,4000,100000,1,0,9223372036854775808,5000000000,5000000000,0,0,0,0,0,0,0,0,9223372036854775808,5000000000,5000000000,0,0,0,0,0,0,0,0
529000,1,0,727,0,0,tick,529001,0,0,0,0,5000000000,1000000000,10000000000,500000000,1000000000,4611686018427387904,1000,4000,100000,1,0,9223372036854775808,5000000000,5000000000,0,0,0,0,0,0,0,0,9223372036854775808,5000000000,5000000000,0,0,0,0,0,0,0,0
529000,1,1,727,1,1,tick,529001,0,0,0,0,5000000000,1000000000,10000000000,500000000,1000000000,4611686018427387904,1000,4000,100000,1,0,9223372036854775808,5000000000,5000000000,0,0,0,0,0,0,0,0,9223372036854775808,5000000000,5000000000,0,0,0,0,0,0,0,0
530000,1,0,729,0,0,tick,530001,0,0,0,0,5000000000,1000000000,10000000000,500000000,1000000000,4611686018427387904,1000,4000,100000,1,0,9223372036854775808,5000000000,5000000000,0,0,0,0,0,0,0,0,9223372036854775808,5000000000,5000000000,0,0,0,0,0,0,0,0
530000,1,1,729,1,1,tick,530001,0,0,0,0,5000000000,1000000000,10000000000,500000000,1000000000,4611686018427387904,1000,4000,100000,1,0,9223372036854775808,5000000000,5000000000,0,0,0,0,0,0,0,0,9223372036854775808,5000000000,5000000000,0,0,0,0,0,0,0,0
531000,1,0,732,0,0,tick,531001,0,0,0,0,5000000000,1000000000,10000000000,500000000,1000000000,4611686018427387904,1000,4000,100000,1,0,9223372036854775808,5000000000,5000000000,0,0,0,0,0,0,0,0,9223372036854775808,5000000000,5000000000,0,0,0,0,0,0,0,0
531000,1,1,732,1,1,tick,531001,0,0,0,0,5000000000,1000000000,10000000000,500000000,1000000000,4611686018427387904,1000,4000,100000,1,0,9223372036854775808,5000000000,5000000000,0,0,0,0,0,0,0,0,9223372036854775808,5000000000,5000000000,0,0,0,0,0,0,0,0
532000,1,0,733,0,0,tick,532001,0,0,0,0,5000000000,1000000000,10000000000,500000000,1000000000,4611686018427387904,1000,4000,100000,1,0,9223372036854775808,5000000000,5000000000,0,0,0,0,0,0,0,0,9223372036854775808,5000000000,5000000000,0,0,0,0,0,0,0,0
532000,1,1,733,1,1,tick,532001,0,0,0,0,5000000000,1000000000,10000000000,500000000,1000000000,4611686018427387904,1000,4000,100000,1,0,9223372036854775808,5000000000,5000000000,0,0,0,0,0,0,0,0,9223372036854775808,5000000000,5000000000,0,0,0,0,0,0,0,0
533000,1,0,734,0,0,tick,533001,0,0,0,0,5000000000,1000000000,10000000000,500000000,1000000000,4611686018427387904,1000,4000,100000,1,0,9223372036854775808,5000000000,5000000000,0,0,0,0,0,0,0,0,9223372036854775808,5000000000,5000000000,0,0,0,0,0,0,0,0
533000,1,1,734,1,1,tick,533001,0,0,0,0,5000000000,1000000000,10000000000,500000000,1000000000,4611686018427387904,1000,4000,100000,1,0,9223372036854775808,5000000000,5000000000,0,0,0,0,0,0,0,0,9223372036854775808,5000000000,5000000000,0,0,0,0,0,0,0,0
534000,1,0,735,0,0,tick,534001,0,0,0,0,5000000000,1000000000,10000000000,500000000,1000000000,4611686018427387904,1000,4000,100000,1,0,9223372036854775808,5000000000,5000000000,0,0,0,0,0,0,0,0,9223372036854775808,5000000000,5000000000,0,0,0,0,0,0,0,0
534000,1,1,735,1,1,tick,534001,0,0,0,0,5000000000,1000000000,10000000000,500000000,1000000000,4611686018427387904,1000,4000,100000,1,0,9223372036854775808,5000000000,5000000000,0,0,0,0,0,0,0,0,9223372036854775808,5000000000,5000000000,0,0,0,0,0,0,0,0
535000,1,0,736,0,0,tick,535001,0,0,0,0,5000000000,1000000000,10000000000,500000000,1000000000,4611686018427387904,1000,4000,100000,1,0,9223372036854775808,5000000000,5000000000,0,0,0,0,0,0,0,0,9223372036854775808,5000000000,5000000000,0,0,0,0,0,0,0,0
535000,1,1,736,1,1,tick,535001,0,0,0,0,5000000000,1000000000,10000000000,500000000,1000000000,4611686018427387904,1000,4000,100000,1,0,9223372036854775808,5000000000,5000000000,0,0,0,0,0,0,0,0,9223372036854775808,5000000000,5000000000,0,0,0,0,0,0,0,0
536000,1,0,737,0,0,tick,536001,0,0,0,0,5000000000,1000000000,10000000000,500000000,1000000000,4611686018427387904,1000,4000,100000,1,0,9223372036854775808,5000000000,5000000000,0,0,0,0,0,0,0,0,9223372036854775808,5000000000,5000000000,0,0,0,0,0,0,0,0
536000,1,1,737,1,1,tick,536001,0,0,0,0,5000000000,1000000000,10000000000,500000000,1000000000,4611686018427387904,1000,4000,100000,1,0,9223372036854775808,5000000000,5000000000,0,0,0,0,0,0,0,0,9223372036854775808,5000000000,5000000000,0,0,0,0,0,0,0,0
537000,1,0,738,0,0,tick,537001,0,0,0,0,5000000000,1000000000,10000000000,500000000,1000000000,4611686018427387904,1000,4000,100000,1,0,9223372036854775808,5000000000,5000000000,0,0,0,0,0,0,0,0,9223372036854775808,5000000000,5000000000,0,0,0,0,0,0,0,0
537000,1,1,738,1,1,tick,537001,0,0,0,0,5000000000,1000000000,10000000000,500000000,1000000000,4611686018427387904,1000,4000,100000,1,0,9223372036854775808,5000000000,5000000000,0,0,0,0,0,0,0,0,9223372036854775808,5000000000,5000000000,0,0,0,0,0,0,0,0
538000,1,0,740,0,0,tick,538001,0,0,0,0,5000000000,1000000000,10000000000,500000000,1000000000,4611686018427387904,1000,4000,100000,1,0,9223372036854775808,5000000000,5000000000,0,0,0,0,0,0,0,0,9223372036854775808,5000000000,5000000000,0,0,0,0,0,0,0,0
538000,1,1,740,1,1,tick,538001,0,0,0,0,5000000000,1000000000,10000000000,500000000,1000000000,4611686018427387904,1000,4000,100000,1,0,9223372036854775808,5000000000,5000000000,0,0,0,0,0,0,0,0,9223372036854775808,5000000000,5000000000,0,0,0,0,0,0,0,0
539000,1,0,743,0,0,tick,539001,0,0,0,0,5000000000,1000000000,10000000000,500000000,1000000000,4611686018427387904,1000,4000,100000,1,0,9223372036854775808,5000000000,5000000000,0,0,0,0,0,0,0,0,9223372036854775808,5000000000,5000000000,0,0,0,0,0,0,0,0
539000,1,1,743,1,1,tick,539001,0,0,0,0,5000000000,1000000000,10000000000,500000000,1000000000,4611686018427387904,1000,4000,100000,1,0,9223372036854775808,5000000000,5000000000,0,0,0,0,0,0,0,0,9223372036854775808,5000000000,5000000000,0,0,0,0,0,0,0,0
540000,1,0,744,0,0,tick,540001,0,0,0,0,5000000000,1000000000,10000000000,500000000,1000000000,4611686018427387904,1000,4000,100000,1,0,9223372036854775808,5000000000,5000000000,0,0,0,0,0,0,0,0,9223372036854775808,5000000000,5000000000,0,0,0,0,0,0,0,0
540000,1,1,744,1,1,tick,540001,0,0,0,0,5000000000,1000000000,10000000000,500000000,1000000000,4611686018427387904,1000,4000,100000,1,0,9223372036854775808,5000000000,5000000000,0,0,0,0,0,0,0,0,9223372036854775808,5000000000,5000000000,0,0,0,0,0,0,0,0
541000,1,0,745,0,0,tick,541001,0,0,0,0,5000000000,1000000000,10000000000,500000000,1000000000,4611686018427387904,1000,4000,100000,1,0,9223372036854775808,5000000000,5000000000,0,0,0,0,0,0,0,0,9223372036854775808,5000000000,5000000000,0,0,0,0,0,0,0,0
541000,1,1,745,1,1,tick,541001,0,0,0,0,5000000000,1000000000,10000000000,500000000,1000000000,4611686018427387904,1000,4000,100000,1,0,9223372036854775808,5000000000,5000000000,0,0,0,0,0,0,0,0,9223372036854775808,5000000000,5000000000,0,0,0,0,0,0,0,0
542000,1,0,746,0,0,tick,542001,0,0,0,0,5000000000,1000000000,10000000000,500000000,1000000000,4611686018427387904,1000,4000,100000,1,0,9223372036854775808,5000000000,5000000000,0,0,0,0,0,0,0,0,9223372036854775808,5000000000,5000000000,0,0,0,0,0,0,0,0
542000,1,1,746,1,1,tick,542001,0,0,0,0,5000000000,1000000000,10000000000,500000000,1000000000,4611686018427387904,1000,4000,100000,1,0,9223372036854775808,5000000000,5000000000,0,0,0,0,0,0,0,0,9223372036854775808,5000000000,5000000000,0,0,0,0,0,0,0,0
543000,1,0,747,0,0,tick,543001,0,0,0,0,5000000000,1000000000,10000000000,500000000,1000000000,4611686018427387904,1000,4000,100000,1,0,9223372036854775808,5000000000,5000000000,0,0,0,0,0,0,0,0,9223372036854775808,5000000000,5000000000,0,0,0,0,0,0,0,0
543000,1,1,747,1,1,tick,543001,0,0,0,0,5000000000,1000000000,10000000000,500000000,1000000000,4611686018427387904,1000,4000,100000,1,0,9223372036854775808,5000000000,5000000000,0,0,0,0,0,0,0,0,9223372036854775808,5000000000,5000000000,0,0,0,0,0,0,0,0
544000,1,0,748,0,0,tick,544001,0,0,0,0,5000000000,1000000000,10000000000,500000000,1000000000,4611686018427387904,1000,4000,100000,1,0,9223372036854775808,5000000000,5000000000,0,0,0,0,0,0,0,0,9223372036854775808,5000000000,5000000000,0,0,0,0,0,0,0,0
544000,1,1,748,1,1,tick,544001,0,0,0,0,5000000000,1000000000,10000000000,500000000,1000000000,4611686018427387904,1000,4000,100000,1,0,9223372036854775808,5000000000,5000000000,0,0,0,0,0,0,0,0,9223372036854775808,5000000000,5000000000,0,0,0,0,0,0,0,0
545000,1,0,749,0,0,tick,545001,0,0,0,0,5000000000,1000000000,10000000000,500000000,1000000000,4611686018427387904,1000,4000,100000,1,0,9223372036854775808,5000000000,5000000000,0,0,0,0,0,0,0,0,9223372036854775808,5000000000,5000000000,0,0,0,0,0,0,0,0
545000,1,1,749,1,1,tick,545001,0,0,0,0,5000000000,1000000000,10000000000,500000000,1000000000,4611686018427387904,1000,4000,100000,1,0,9223372036854775808,5000000000,5000000000,0,0,0,0,0,0,0,0,9223372036854775808,5000000000,5000000000,0,0,0,0,0,0,0,0
546000,1,0,751,0,0,tick,546001,0,0,0,0,5000000000,1000000000,10000000000,500000000,1000000000,4611686018427387904,1000,4000,100000,1,0,9223372036854775808,5000000000,5000000000,0,0,0,0,0,0,0,0,9223372036854775808,5000000000,5000000000,0,0,0,0,0,0,0,0
546000,1,1,751,1,1,tick,546001,0,0,0,0,5000000000,1000000000,10000000000,500000000,1000000000,4611686018427387904,1000,4000,100000,1,0,9223372036854775808,5000000000,5000000000,0,0,0,0,0,0,0,0,9223372036854775808,5000000000,5000000000,0,0,0,0,0,0,0,0
547000,1,0,754,0,0,tick,547001,0,0,0,0,5000000000,1000000000,10000000000,500000000,1000000000,4611686018427387904,1000,4000,100000,1,0,9223372036854775808,5000000000,5000000000,0,0,0,0,0,0,0,0,9223372036854775808,5000000000,5000000000,0,0,0,0,0,0,0,0
547000,1,1,754,1,1,tick,547001,0,0,0,0,5000000000,1000000000,10000000000,500000000,1000000000,4611686018427387904,1000,4000,100000,1,0,9223372036854775808,5000000000,5000000000,0,0,0,0,0,0,0,0,9223372036854775808,5000000000,5000000000,0,0,0,0,0,0,0,0
548000,1,0,755,0,0,tick,548001,0,0,0,0,5000000000,1000000000,10000000000,500000000,1000000000,4611686018427387904,1000,4000,100000,1,0,9223372036854775808,5000000000,5000000000,0,0,0,0,0,0,0,0,9223372036854775808,5000000000,5000000000,0,0,0,0,0,0,0,0
548000,1,1,755,1,1,tick,548001,0,0,0,0,5000000000,1000000000,10000000000,500000000,1000000000,4611686018427387904,1000,4000,100000,1,0,9223372036854775808,5000000000,5000000000,0,0,0,0,0,0,0,0,9223372036854775808,5000000000,5000000000,0,0,0,0,0,0,0,0
549000,1,0,756,0,0,tick,549001,0,0,0,0,5000000000,1000000000,10000000000,500000000,1000000000,4611686018427387904,1000,4000,100000,1,0,9223372036854775808,5000000000,5000000000,0,0,0,0,0,0,0,0,9223372036854775808,5000000000,5000000000,0,0,0,0,0,0,0,0
549000,1,1,756,1,1,tick,549001,0,0,0,0,5000000000,1000000000,10000000000,500000000,1000000000,4611686018427387904,1000,4000,100000,1,0,9223372036854775808,5000000000,5000000000,0,0,0,0,0,0,0,0,9223372036854775808,5000000000,5000000000,0,0,0,0,0,0,0,0
550000,1,0,757,0,0,tick,550001,0,0,0,0,5000000000,1000000000,10000000000,500000000,1000000000,4611686018427387904,1000,4000,100000,1,0,9223372036854775808,5000000000,5000000000,0,0,0,0,0,0,0,0,9223372036854775808,5000000000,5000000000,0,0,0,0,0,0,0,0
550000,1,1,757,1,1,tick,550001,0,0,0,0,5000000000,1000000000,10000000000,500000000,1000000000,4611686018427387904,1000,4000,100000,1,0,9223372036854775808,5000000000,5000000000,0,0,0,0,0,0,0,0,9223372036854775808,5000000000,5000000000,0,0,0,0,0,0,0,0
551000,1,0,758,0,0,tick,551001,0,0,0,0,5000000000,1000000000,10000000000,500000000,1000000000,4611686018427387904,1000,4000,100000,1,0,9223372036854775808,5000000000,5000000000,0,0,0,0,0,0,0,0,9223372036854775808,5000000000,5000000000,0,0,0,0,0,0,0,0
551000,1,1,758,1,1,tick,551001,0,0,0,0,5000000000,1000000000,10000000000,500000000,1000000000,4611686018427387904,1000,4000,100000,1,0,9223372036854775808,5000000000,5000000000,0,0,0,0,0,0,0,0,9223372036854775808,5000000000,5000000000,0,0,0,0,0,0,0,0
552000,1,0,759,0,0,tick,552001,0,0,0,0,5000000000,1000000000,10000000000,500000000,1000000000,4611686018427387904,1000,4000,100000,1,0,9223372036854775808,5000000000,5000000000,0,0,0,0,0,0,0,0,9223372036854775808,5000000000,5000000000,0,0,0,0,0,0,0,0
552000,1,1,759,1,1,tick,552001,0,0,0,0,5000000000,1000000000,10000000000,500000000,1000000000,4611686018427387904,1000,4000,100000,1,0,9223372036854775808,5000000000,5000000000,0,0,0,0,0,0,0,0,9223372036854775808,5000000000,5000000000,0,0,0,0,0,0,0,0
553000,1,0,760,0,0,tick,553001,0,0,0,0,5000000000,1000000000,10000000000,500000000,1000000000,4611686018427387904,1000,4000,100000,1,0,9223372036854775808,5000000000,5000000000,0,0,0,0,0,0,0,0,9223372036854775808,5000000000,5000000000,0,0,0,0,0,0,0,0
553000,1,1,760,1,1,tick,553001,0,0,0,0,5000000000,1000000000,10000000000,500000000,1000000000,4611686018427387904,1000,4000,100000,1,0,9223372036854775808,5000000000,5000000000,0,0,0,0,0,0,0,0,9223372036854775808,5000000000,5000000000,0,0,0,0,0,0,0,0
554000,1,0,762,0,0,tick,554001,0,0,0,0,5000000000,1000000000,10000000000,500000000,1000000000,4611686018427387904,1000,4000,100000,1,0,9223372036854775808,5000000000,5000000000,0,0,0,0,0,0,0,0,9223372036854775808,5000000000,5000000000,0,0,0,0,0,0,0,0
554000,1,1,762,1,1,tick,554001,0,0,0,0,5000000000,1000000000,10000000000,500000000,1000000000,4611686018427387904,1000,4000,100000,1,0,9223372036854775808,5000000000,5000000000,0,0,0,0,0,0,0,0,9223372036854775808,5000000000,5000000000,0,0,0,0,0,0,0,0
555000,1,0,765,0,0,tick,555001,0,0,0,0,5000000000,1000000000,10000000000,500000000,1000000000,4611686018427387904,1000,4000,100000,1,0,9223372036854775808,5000000000,5000000000,0,0,0,0,0,0,0,0,9223372036854775808,5000000000,5000000000,0,0,0,0,0,0,0,0
555000,1,1,765,1,1,tick,555001,0,0,0,0,5000000000,1000000000,10000000000,500000000,1000000000,4611686018427387904,1000,4000,100000,1,0,9223372036854775808,5000000000,5000000000,0,0,0,0,0,0,0,0,9223372036854775808,5000000000,5000000000,0,0,0,0,0,0,0,0
556000,1,0,766,0,0,tick,556001,0,0,0,0,5000000000,1000000000,10000000000,500000000,1000000000,4611686018427387904,1000,4000,100000,1,0,9223372036854775808,5000000000,5000000000,0,0,0,0,0,0,0,0,9223372036854775808,5000000000,5000000000,0,0,0,0,0,0,0,0
556000,1,1,766,1,1,tick,556001,0,0,0,0,5000000000,1000000000,10000000000,500000000,1000000000,4611686018427387904,1000,4000,100000,1,0,9223372036854775808,5000000000,5000000000,0,0,0,0,0,0,0,0,9223372036854775808,5000000000,5000000000,0,0,0,0,0,0,0,0
557000,1,0,767,0,0,tick,557001,0,0,0,0,5000000000,1000000000,10000000000,500000000,1000000000,4611686018427387904,1000,4000,100000,1,0,9223372036854775808,5000000000,5000000000,0,0,0,0,0,0,0,0,9223372036854775808,5000000000,5000000000,0,0,0,0,0,0,0,0
557000,1,1,767,1,1,tick,557001,0,0,0,0,5000000000,1000000000,10000000000,500000000,1000000000,4611686018427387904,1000,4000,100000,1,0,9223372036854775808,5000000000,5000000000,0,0,0,0,0,0,0,0,9223372036854775808,5000000000,5000000000,0,0,0,0,0,0,0,0
558000,1,0,768,0,0,tick,558001,0,0,0,0,5000000000,1000000000,10000000000,500000000,1000000000,4611686018427387904,1000,4000,100000,1,0,9223372036854775808,5000000000,5000000000,0,0,0,0,0,0,0,0,9223372036854775808,5000000000,5000000000,0,0,0,0,0,0,0,0
558000,1,1,768,1,1,tick,558001,0,0,0,0,5000000000,1000000000,10000000000,500000000,1000000000,4611686018427387904,1000,4000,100000,1,0,9223372036854775808,5000000000,5000000000,0,0,0,0,0,0,0,0,9223372036854775808,5000000000,5000000000,0,0,0,0,0,0,0,0
559000,1,0,769,0,0,tick,559001,0,0,0,0,5000000000,1000000000,10000000000,500000000,1000000000,4611686018427387904,1000,4000,100000,1,0,9223372036854775808,5000000000,5000000000,0,0,0,0,0,0,0,0,9223372036854775808,5000000000,5000000000,0,0,0,0,0,0,0,0
559000,1,1,769,1,1,tick,559001,0,0,0,0,5000000000,1000000000,10000000000,500000000,1000000000,4611686018427387904,1000,4000,100000,1,0,9223372036854775808,5000000000,5000000000,0,0,0,0,0,0,0,0,9223372036854775808,5000000000,5000000000,0,0,0,0,0,0,0,0
560000,1,0,770,0,0,tick,560001,0,0,0,0,5000000000,1000000000,10000000000,500000000,1000000000,4611686018427387904,1000,4000,100000,1,0,9223372036854775808,5000000000,5000000000,0,0,0,0,0,0,0,0,9223372036854775808,5000000000,5000000000,0,0,0,0,0,0,0,0
560000,1,1,770,1,1,tick,560001,0,0,0,0,5000000000,1000000000,10000000000,500000000,1000000000,4611686018427387904,1000,4000,100000,1,0,9223372036854775808,5000000000,5000000000,0,0,0,0,0,0,0,0,9223372036854775808,5000000000,5000000000,0,0,0,0,0,0,0,0
561000,1,0,771,0,0,tick,561001,0,0,0,0,5000000000,1000000000,10000000000,500000000,1000000000,4611686018427387904,1000,4000,100000,1,0,9223372036854775808,5000000000,5000000000,0,0,0,0,0,0,0,0,9223372036854775808,5000000000,5000000000,0,0,0,0,0,0,0,0
561000,1,1,771,1,1,tick,561001,0,0,0,0,5000000000,1000000000,10000000000,500000000,1000000000,4611686018427387904,1000,4000,100000,1,0,9223372036854775808,5000000000,5000000000,0,0,0,0,0,0,0,0,9223372036854775808,5000000000,5000000000,0,0,0,0,0,0,0,0
562000,1,0,773,0,0,tick,562001,0,0,0,0,5000000000,1000000000,10000000000,500000000,1000000000,4611686018427387904,1000,4000,100000,1,0,9223372036854775808,5000000000,5000000000,0,0,0,0,0,0,0,0,9223372036854775808,5000000000,5000000000,0,0,0,0,0,0,0,0
562000,1,1,773,1,1,tick,562001,0,0,0,0,5000000000,1000000000,10000000000,500000000,1000000000,4611686018427387904,1000,4000,100000,1,0,9223372036854775808,5000000000,5000000000,0,0,0,0,0,0,0,0,9223372036854775808,5000000000,5000000000,0,0,0,0,0,0,0,0
563000,1,0,776,0,0,tick,563001,0,0,0,0,5000000000,1000000000,10000000000,500000000,1000000000,4611686018427387904,1000,4000,100000,1,0,9223372036854775808,5000000000,5000000000,0,0,0,0,0,0,0,0,9223372036854775808,5000000000,5000000000,0,0,0,0,0,0,0,0
563000,1,1,776,1,1,tick,563001,0,0,0,0,5000000000,1000000000,10000000000,500000000,1000000000,4611686018427387904,1000,4000,100000,1,0,9223372036854775808,5000000000,5000000000,0,0,0,0,0,0,0,0,9223372036854775808,5000000000,5000000000,0,0,0,0,0,0,0,0
564000,1,0,777,0,0,tick,564001,0,0,0,0,5000000000,1000000000,10000000000,500000000,1000000000,4611686018427387904,1000,4000,100000,1,0,9223372036854775808,5000000000,5000000000,0,0,0,0,0,0,0,0,9223372036854775808,5000000000,5000000000,0,0,0,0,0,0,0,0
564000,1,1,777,1,1,tick,564001,0,0,0,0,5000000000,1000000000,10000000000,500000000,1000000000,4611686018427387904,1000,4000,100000,1,0,9223372036854775808,5000000000,5000000000,0,0,0,0,0,0,0,0,9223372036854775808,5000000000,5000000000,0,0,0,0,0,0,0,0
565000,1,0,778,0,0,tick,565001,0,0,0,0,5000000000,1000000000,10000000000,500000000,1000000000,4611686018427387904,1000,4000,100000,1,0,9223372036854775808,5000000000,5000000000,0,0,0,0,0,0,0,0,9223372036854775808,5000000000,5000000000,0,0,0,0,0,0,0,0
565000,1,1,778,1,1,tick,565001,0,0,0,0,5000000000,1000000000,10000000000,500000000,1000000000,4611686018427387904,1000,4000,100000,1,0,9223372036854775808,5000000000,5000000000,0,0,0,0,0,0,0,0,9223372036854775808,5000000000,5000000000,0,0,0,0,0,0,0,0
566000,1,0,779,0,0,tick,566001,0,0,0,0,5000000000,1000000000,10000000000,500000000,1000000000,4611686018427387904,1000,4000,100000,1,0,9223372036854775808,5000000000,5000000000,0,0,0,0,0,0,0,0,9223372036854775808,5000000000,5000000000,0,0,0,0,0,0,0,0
566000,1,1,779,1,1,tick,566001,0,0,0,0,5000000000,1000000000,10000000000,500000000,1000000000,4611686018427387904,1000,4000,100000,1,0,9223372036854775808,5000000000,5000000000,0,0,0,0,0,0,0,0,9223372036854775808,5000000000,5000000000,0,0,0,0,0,0,0,0
567000,1,0,780,0,0,tick,567001,0,0,0,0,5000000000,1000000000,10000000000,500000000,1000000000,4611686018427387904,1000,4000,100000,1,0,9223372036854775808,5000000000,5000000000,0,0,0,0,0,0,0,0,9223372036854775808,5000000000,5000000000,0,0,0,0,0,0,0,0
567000,1,1,780,1,1,tick,567001,0,0,0,0,5000000000,1000000000,10000000000,500000000,1000000000,4611686018427387904,1000,4000,100000,1,0,9223372036854775808,5000000000,5000000000,0,0,0,0,0,0,0,0,9223372036854775808,5000000000,5000000000,0,0,0,0,0,0,0,0
568000,1,0,781,0,0,tick,568001,0,0,0,0,5000000000,1000000000,10000000000,500000000,1000000000,4611686018427387904,1000,4000,100000,1,0,9223372036854775808,5000000000,5000000000,0,0,0,0,0,0,0,0,9223372036854775808,5000000000,5000000000,0,0,0,0,0,0,0,0
568000,1,1,781,1,1,tick,568001,0,0,0,0,5000000000,1000000000,10000000000,500000000,1000000000,4611686018427387904,1000,4000,100000,1,0,9223372036854775808,5000000000,5000000000,0,0,0,0,0,0,0,0,9223372036854775808,5000000000,5000000000,0,0,0,0,0,0,0,0
569000,1,0,782,0,0,tick,569001,0,0,0,0,5000000000,1000000000,10000000000,500000000,1000000000,4611686018427387904,1000,4000,100000,1,0,9223372036854775808,5000000000,5000000000,0,0,0,0,0,0,0,0,9223372036854775808,5000000000,5000000000,0,0,0,0,0,0,0,0
569000,1,1,782,1,1,tick,569001,0,0,0,0,5000000000,1000000000,10000000000,500000000,1000000000,4611686018427387904,1000,4000,100000,1,0,9223372036854775808,5000000000,5000000000,0,0,0,0,0,0,0,0,9223372036854775808,5000000000,5000000000,0,0,0,0,0,0,0,0
570000,1,0,784,0,0,tick,570001,0,0,0,0,5000000000,1000000000,10000000000,500000000,1000000000,4611686018427387904,1000,4000,100000,1,0,9223372036854775808,5000000000,5000000000,0,0,0,0,0,0,0,0,9223372036854775808,5000000000,5000000000,0,0,0,0,0,0,0,0
570000,1,1,784,1,1,tick,570001,0,0,0,0,5000000000,1000000000,10000000000,500000000,1000000000,4611686018427387904,1000,4000,100000,1,0,9223372036854775808,5000000000,5000000000,0,0,0,0,0,0,0,0,9223372036854775808,5000000000,5000000000,0,0,0,0,0,0,0,0
571000,1,0,787,0,0,tick,571001,0,0,0,0,5000000000,1000000000,10000000000,500000000,1000000000,4611686018427387904,1000,4000,100000,1,0,9223372036854775808,5000000000,5000000000,0,0,0,0,0,0,0,0,9223372036854775808,5000000000,5000000000,0,0,0,0,0,0,0,0
571000,1,1,787,1,1,tick,571001,0,0,0,0,5000000000,1000000000,10000000000,500000000,1000000000,4611686018427387904,1000,4000,100000,1,0,9223372036854775808,5000000000,5000000000,0,0,0,0,0,0,0,0,9223372036854775808,5000000000,5000000000,0,0,0,0,0,0,0,0
572000,1,0,788,0,0,tick,572001,0,0,0,0,5000000000,1000000000,10000000000,500000000,1000000000,4611686018427387904,1000,4000,100000,1,0,9223372036854775808,5000000000,5000000000,0,0,0,0,0,0,0,0,9223372036854775808,5000000000,5000000000,0,0,0,0,0,0,0,0
572000,1,1,788,1,1,tick,572001,0,0,0,0,5000000000,1000000000,10000000000,500000000,1000000000,4611686018427387904,1000,4000,100000,1,0,9223372036854775808,5000000000,5000000000,0,0,0,0,0,0,0,0,9223372036854775808,5000000000,5000000000,0,0,0,0,0,0,0,0
573000,1,0,789,0,0,tick,573001,0,0,0,0,5000000000,1000000000,10000000000,500000000,1000000000,4611686018427387904,1000,4000,100000,1,0,9223372036854775808,5000000000,5000000000,0,0,0,0,0,0,0,0,9223372036854775808,5000000000,5000000000,0,0,0,0,0,0,0,0
573000,1,1,789,1,1,tick,573001,0,0,0,0,5000000000,1000000000,10000000000,500000000,1000000000,4611686018427387904,1000,4000,100000,1,0,9223372036854775808,5000000000,5000000000,0,0,0,0,0,0,0,0,9223372036854775808,5000000000,5000000000,0,0,0,0,0,0,0,0
574000,1,0,790,0,0,tick,574001,0,0,0,0,5000000000,1000000000,10000000000,500000000,1000000000,4611686018427387904,1000,4000,100000,1,0,9223372036854775808,5000000000,5000000000,0,0,0,0,0,0,0,0,9223372036854775808,5000000000,5000000000,0,0,0,0,0,0,0,0
574000,1,1,790,1,1,tick,574001,0,0,0,0,5000000000,1000000000,10000000000,500000000,1000000000,4611686018427387904,1000,4000,100000,1,0,9223372036854775808,5000000000,5000000000,0,0,0,0,0,0,0,0,9223372036854775808,5000000000,5000000000,0,0,0,0,0,0,0,0
575000,1,0,791,0,0,tick,575001,0,0,0,0,5000000000,1000000000,10000000000,500000000,1000000000,4611686018427387904,1000,4000,100000,1,0,9223372036854775808,5000000000,5000000000,0,0,0,0,0,0,0,0,9223372036854775808,5000000000,5000000000,0,0,0,0,0,0,0,0
575000,1,1,791,1,1,tick,575001,0,0,0,0,5000000000,1000000000,10000000000,500000000,1000000000,4611686018427387904,1000,4000,100000,1,0,9223372036854775808,5000000000,5000000000,0,0,0,0,0,0,0,0,9223372036854775808,5000000000,5000000000,0,0,0,0,0,0,0,0
576000,1,0,792,0,0,tick,576001,0,0,0,0,5000000000,1000000000,10000000000,500000000,1000000000,4611686018427387904,1000,4000,100000,1,0,9223372036854775808,5000000000,5000000000,0,0,0,0,0,0,0,0,9223372036854775808,5000000000,5000000000,0,0,0,0,0,0,0,0
576000,1,1,792,1,1,tick,576001,0,0,0,0,5000000000,1000000000,10000000000,500000000,1000000000,4611686018427387904,1000,4000,100000,1,0,9223372036854775808,5000000000,5000000000,0,0,0,0,0,0,0,0,9223372036854775808,5000000000,5000000000,0,0,0,0,0,0,0,0
577000,1,0,793,0,0,tick,577001,0,0,0,0,5000000000,1000000000,10000000000,500000000,1000000000,4611686018427387904,1000,4000,100000,1,0,9223372036854775808,5000000000,5000000000,0,0,0,0,0,0,0,0,9223372036854775808,5000000000,5000000000,0,0,0,0,0,0,0,0
577000,1,1,793,1,1,tick,577001,0,0,0,0,5000000000,1000000000,10000000000,500000000,1000000000,4611686018427387904,1000,4000,100000,1,0,9223372036854775808,5000000000,5000000000,0,0,0,0,0,0,0,0,9223372036854775808,5000000000,5000000000,0,0,0,0,0,0,0,0
578000,1,0,795,0,0,tick,578001,0,0,0,0,5000000000,1000000000,10000000000,500000000,1000000000,4611686018427387904,1000,4000,100000,1,0,9223372036854775808,5000000000,5000000000,0,0,0,0,0,0,0,0,9223372036854775808,5000000000,5000000000,0,0,0,0,0,0,0,0
578000,1,1,795,1,1,tick,578001,0,0,0,0,5000000000,1000000000,10000000000,500000000,1000000000,4611686018427387904,1000,4000,100000,1,0,9223372036854775808,5000000000,5000000000,0,0,0,0,0,0,0,0,9223372036854775808,5000000000,5000000000,0,0,0,0,0,0,0,0
579000,1,0,798,0,0,tick,579001,0,0,0,0,5000000000,1000000000,10000000000,500000000,1000000000,4611686018427387904,1000,4000,100000,1,0,9223372036854775808,5000000000,5000000000,0,0,0,0,0,0,0,0,9223372036854775808,5000000000,5000000000,0,0,0,0,0,0,0,0
579000,1,1,798,1,1,tick,579001,0,0,0,0,5000000000,1000000000,10000000000,500000000,1000000000,4611686018427387904,1000,4000,100000,1,0,9223372036854775808,5000000000,5000000000,0,0,0,0,0,0,0,0,9223372036854775808,5000000000,5000000000,0,0,0,0,0,0,0,0
580000,1,0,799,0,0,tick,580001,0,0,0,0,5000000000,1000000000,10000000000,500000000,1000000000,4611686018427387904,1000,4000,100000,1,0,9223372036854775808,5000000000,5000000000,0,0,0,0,0,0,0,0,9223372036854775808,5000000000,5000000000,0,0,0,0,0,0,0,0
580000,1,1,799,1,1,tick,580001,0,0,0,0,5000000000,1000000000,10000000000,500000000,1000000000,4611686018427387904,1000,4000,100000,1,0,9223372036854775808,5000000000,5000000000,0,0,0,0,0,0,0,0,9223372036854775808,5000000000,5000000000,0,0,0,0,0,0,0,0
581000,1,0,800,0,0,tick,581001,0,0,0,0,5000000000,1000000000,10000000000,500000000,1000000000,4611686018427387904,1000,4000,100000,1,0,9223372036854775808,5000000000,5000000000,0,0,0,0,0,0,0,0,9223372036854775808,5000000000,5000000000,0,0,0,0,0,0,0,0
581000,1,1,800,1,1,tick,581001,0,0,0,0,5000000000,1000000000,10000000000,500000000,1000000000,4611686018427387904,1000,4000,100000,1,0,9223372036854775808,5000000000,5000000000,0,0,0,0,0,0,0,0,9223372036854775808,5000000000,5000000000,0,0,0,0,0,0,0,0
582000,1,0,801,0,0,tick,582001,0,0,0,0,5000000000,1000000000,10000000000,500000000,1000000000,4611686018427387904,1000,4000,100000,1,0,9223372036854775808,5000000000,5000000000,0,0,0,0,0,0,0,0,9223372036854775808,5000000000,5000000000,0,0,0,0,0,0,0,0
582000,1,1,801,1,1,tick,582001,0,0,0,0,5000000000,1000000000,10000000000,500000000,1000000000,4611686018427387904,1000,4000,100000,1,0,9223372036854775808,5000000000,5000000000,0,0,0,0,0,0,0,0,9223372036854775808,5000000000,5000000000,0,0,0,0,0,0,0,0
583000,1,0,802,0,0,tick,583001,0,0,0,0,5000000000,1000000000,10000000000,500000000,1000000000,4611686018427387904,1000,4000,100000,1,0,9223372036854775808,5000000000,5000000000,0,0,0,0,0,0,0,0,9223372036854775808,5000000000,5000000000,0,0,0,0,0,0,0,0
583000,1,1,802,1,1,tick,583001,0,0,0,0,5000000000,1000000000,10000000000,500000000,1000000000,4611686018427387904,1000,4000,100000,1,0,9223372036854775808,5000000000,5000000000,0,0,0,0,0,0,0,0,9223372036854775808,5000000000,5000000000,0,0,0,0,0,0,0,0
584000,1,0,803,0,0,tick,584001,0,0,0,0,5000000000,1000000000,10000000000,500000000,1000000000,4611686018427387904,1000,4000,100000,1,0,9223372036854775808,5000000000,5000000000,0,0,0,0,0,0,0,0,9223372036854775808,5000000000,5000000000,0,0,0,0,0,0,0,0
584000,1,1,803,1,1,tick,584001,0,0,0,0,5000000000,1000000000,10000000000,500000000,1000000000,4611686018427387904,1000,4000,100000,1,0,9223372036854775808,5000000000,5000000000,0,0,0,0,0,0,0,0,9223372036854775808,5000000000,5000000000,0,0,0,0,0,0,0,0
585000,1,0,804,0,0,tick,585001,0,0,0,0,5000000000,1000000000,10000000000,500000000,1000000000,4611686018427387904,1000,4000,100000,1,0,9223372036854775808,5000000000,5000000000,0,0,0,0,0,0,0,0,9223372036854775808,5000000000,5000000000,0,0,0,0,0,0,0,0
585000,1,1,804,1,1,tick,585001,0,0,0,0,5000000000,1000000000,10000000000,500000000,1000000000,4611686018427387904,1000,4000,100000,1,0,9223372036854775808,5000000000,5000000000,0,0,0,0,0,0,0,0,9223372036854775808,5000000000,5000000000,0,0,0,0,0,0,0,0
586000,1,0,806,0,0,tick,586001,0,0,0,0,5000000000,1000000000,10000000000,500000000,1000000000,4611686018427387904,1000,4000,100000,1,0,9223372036854775808,5000000000,5000000000,0,0,0,0,0,0,0,0,9223372036854775808,5000000000,5000000000,0,0,0,0,0,0,0,0
586000,1,1,806,1,1,tick,586001,0,0,0,0,5000000000,1000000000,10000000000,500000000,1000000000,4611686018427387904,1000,4000,100000,1,0,9223372036854775808,5000000000,5000000000,0,0,0,0,0,0,0,0,9223372036854775808,5000000000,5000000000,0,0,0,0,0,0,0,0
587000,1,0,809,0,0,tick,587001,0,0,0,0,5000000000,1000000000,10000000000,500000000,1000000000,4611686018427387904,1000,4000,100000,1,0,9223372036854775808,5000000000,5000000000,0,0,0,0,0,0,0,0,9223372036854775808,5000000000,5000000000,0,0,0,0,0,0,0,0
587000,1,1,809,1,1,tick,587001,0,0,0,0,5000000000,1000000000,10000000000,500000000,1000000000,4611686018427387904,1000,4000,100000,1,0,9223372036854775808,5000000000,5000000000,0,0,0,0,0,0,0,0,9223372036854775808,5000000000,5000000000,0,0,0,0,0,0,0,0
588000,1,0,810,0,0,tick,588001,0,0,0,0,5000000000,1000000000,10000000000,500000000,1000000000,4611686018427387904,1000,4000,100000,1,0,9223372036854775808,5000000000,5000000000,0,0,0,0,0,0,0,0,9223372036854775808,5000000000,5000000000,0,0,0,0,0,0,0,0
588000,1,1,810,1,1,tick,588001,0,0,0,0,5000000000,1000000000,10000000000,500000000,1000000000,4611686018427387904,1000,4000,100000,1,0,9223372036854775808,5000000000,5000000000,0,0,0,0,0,0,0,0,9223372036854775808,5000000000,5000000000,0,0,0,0,0,0,0,0
589000,1,0,811,0,0,tick,589001,0,0,0,0,5000000000,1000000000,10000000000,500000000,1000000000,4611686018427387904,1000,4000,100000,1,0,9223372036854775808,5000000000,5000000000,0,0,0,0,0,0,0,0,9223372036854775808,5000000000,5000000000,0,0,0,0,0,0,0,0
589000,1,1,811,1,1,tick,589001,0,0,0,0,5000000000,1000000000,10000000000,500000000,1000000000,4611686018427387904,1000,4000,100000,1,0,9223372036854775808,5000000000,5000000000,0,0,0,0,0,0,0,0,9223372036854775808,5000000000,5000000000,0,0,0,0,0,0,0,0
590000,1,0,812,0,0,tick,590001,0,0,0,0,5000000000,1000000000,10000000000,500000000,1000000000,4611686018427387904,1000,4000,100000,1,0,9223372036854775808,5000000000,5000000000,0,0,0,0,0,0,0,0,9223372036854775808,5000000000,5000000000,0,0,0,0,0,0,0,0
590000,1,1,812,1,1,tick,590001,0,0,0,0,5000000000,1000000000,10000000000,500000000,1000000000,4611686018427387904,1000,4000,100000,1,0,9223372036854775808,5000000000,5000000000,0,0,0,0,0,0,0,0,9223372036854775808,5000000000,5000000000,0,0,0,0,0,0,0,0
591000,1,0,813,0,0,tick,591001,0,0,0,0,5000000000,1000000000,10000000000,500000000,1000000000,4611686018427387904,1000,4000,100000,1,0,9223372036854775808,5000000000,5000000000,0,0,0,0,0,0,0,0,9223372036854775808,5000000000,5000000000,0,0,0,0,0,0,0,0
591000,1,1,813,1,1,tick,591001,0,0,0,0,5000000000,1000000000,10000000000,500000000,1000000000,4611686018427387904,1000,4000,100000,1,0,9223372036854775808,5000000000,5000000000,0,0,0,0,0,0,0,0,9223372036854775808,5000000000,5000000000,0,0,0,0,0,0,0,0
592000,1,0,814,0,0,tick,592001,0,0,0,0,5000000000,1000000000,10000000000,500000000,1000000000,4611686018427387904,1000,4000,100000,1,0,9223372036854775808,5000000000,5000000000,0,0,0,0,0,0,0,0,9223372036854775808,5000000000,5000000000,0,0,0,0,0,0,0,0
592000,1,1,814,1,1,tick,592001,0,0,0,0,5000000000,1000000000,10000000000,500000000,1000000000,4611686018427387904,1000,4000,100000,1,0,9223372036854775808,5000000000,5000000000,0,0,0,0,0,0,0,0,9223372036854775808,5000000000,5000000000,0,0,0,0,0,0,0,0
593000,1,0,815,0,0,tick,593001,0,0,0,0,5000000000,1000000000,10000000000,500000000,1000000000,4611686018427387904,1000,4000,100000,1,0,9223372036854775808,5000000000,5000000000,0,0,0,0,0,0,0,0,9223372036854775808,5000000000,5000000000,0,0,0,0,0,0,0,0
593000,1,1,815,1,1,tick,593001,0,0,0,0,5000000000,1000000000,10000000000,500000000,1000000000,4611686018427387904,1000,4000,100000,1,0,9223372036854775808,5000000000,5000000000,0,0,0,0,0,0,0,0,9223372036854775808,5000000000,5000000000,0,0,0,0,0,0,0,0
594000,1,0,817,0,0,tick,594001,0,0,0,0,5000000000,1000000000,10000000000,500000000,1000000000,4611686018427387904,1000,4000,100000,1,0,9223372036854775808,5000000000,5000000000,0,0,0,0,0,0,0,0,9223372036854775808,5000000000,5000000000,0,0,0,0,0,0,0,0
594000,1,1,817,1,1,tick,594001,0,0,0,0,5000000000,1000000000,10000000000,500000000,1000000000,4611686018427387904,1000,4000,100000,1,0,9223372036854775808,5000000000,5000000000,0,0,0,0,0,0,0,0,9223372036854775808,5000000000,5000000000,0,0,0,0,0,0,0,0
595000,1,0,820,0,0,tick,595001,0,0,0,0,5000000000,1000000000,10000000000,500000000,1000000000,4611686018427387904,1000,4000,100000,1,0,9223372036854775808,5000000000,5000000000,0,0,0,0,0,0,0,0,9223372036854775808,5000000000,5000000000,0,0,0,0,0,0,0,0
595000,1,1,820,1,1,tick,595001,0,0,0,0,5000000000,1000000000,10000000000,500000000,1000000000,4611686018427387904,1000,4000,100000,1,0,9223372036854775808,5000000000,5000000000,0,0,0,0,0,0,0,0,9223372036854775808,5000000000,5000000000,0,0,0,0,0,0,0,0
596000,1,0,821,0,0,tick,596001,0,0,0,0,5000000000,1000000000,10000000000,500000000,1000000000,4611686018427387904,1000,4000,100000,1,0,9223372036854775808,5000000000,5000000000,0,0,0,0,0,0,0,0,9223372036854775808,5000000000,5000000000,0,0,0,0,0,0,0,0
596000,1,1,821,1,1,tick,596001,0,0,0,0,5000000000,1000000000,10000000000,500000000,1000000000,4611686018427387904,1000,4000,100000,1,0,9223372036854775808,5000000000,5000000000,0,0,0,0,0,0,0,0,9223372036854775808,5000000000,5000000000,0,0,0,0,0,0,0,0
597000,1,0,822,0,0,tick,597001,0,0,0,0,5000000000,1000000000,10000000000,500000000,1000000000,4611686018427387904,1000,4000,100000,1,0,9223372036854775808,5000000000,5000000000,0,0,0,0,0,0,0,0,9223372036854775808,5000000000,5000000000,0,0,0,0,0,0,0,0
597000,1,1,822,1,1,tick,597001,0,0,0,0,5000000000,1000000000,10000000000,500000000,1000000000,4611686018427387904,1000,4000,100000,1,0,9223372036854775808,5000000000,5000000000,0,0,0,0,0,0,0,0,9223372036854775808,5000000000,5000000000,0,0,0,0,0,0,0,0
598000,1,0,823,0,0,tick,598001,0,0,0,0,5000000000,1000000000,10000000000,500000000,1000000000,4611686018427387904,1000,4000,100000,1,0,9223372036854775808,5000000000,5000000000,0,0,0,0,0,0,0,0,9223372036854775808,5000000000,5000000000,0,0,0,0,0,0,0,0
598000,1,1,823,1,1,tick,598001,0,0,0,0,5000000000,1000000000,10000000000,500000000,1000000000,4611686018427387904,1000,4000,100000,1,0,9223372036854775808,5000000000,5000000000,0,0,0,0,0,0,0,0,9223372036854775808,5000000000,5000000000,0,0,0,0,0,0,0,0
599000,1,0,824,0,0,tick,599001,0,0,0,0,5000000000,1000000000,10000000000,500000000,1000000000,4611686018427387904,1000,4000,100000,1,0,9223372036854775808,5000000000,5000000000,0,0,0,0,0,0,0,0,9223372036854775808,5000000000,5000000000,0,0,0,0,0,0,0,0
599000,1,1,824,1,1,tick,599001,0,0,0,0,5000000000,1000000000,10000000000,500000000,1000000000,4611686018427387904,1000,4000,100000,1,0,9223372036854775808,5000000000,5000000000,0,0,0,0,0,0,0,0,9223372036854775808,5000000000,5000000000,0,0,0,0,0,0,0,0
600000,1,0,825,0,0,tick,600001,0,0,0,0,5000000000,1000000000,10000000000,500000000,1000000000,4611686018427387904,1000,4000,100000,1,0,9223372036854775808,5000000000,5000000000,0,0,0,0,0,0,0,0,9223372036854775808,5000000000,5000000000,0,0,0,0,0,0,0,0
600000,1,1,825,1,1,tick,600001,0,0,0,0,5000000000,1000000000,10000000000,500000000,1000000000,4611686018427387904,1000,4000,100000,1,0,9223372036854775808,5000000000,5000000000,0,0,0,0,0,0,0,0,9223372036854775808,5000000000,5000000000,0,0,0,0,0,0,0,0
601000,1,0,826,0,0,tick,601001,0,0,0,0,5000000000,1000000000,10000000000,500000000,1000000000,4611686018427387904,1000,4000,100000,1,0,9223372036854775808,5000000000,5000000000,0,0,0,0,0,0,0,0,9223372036854775808,5000000000,5000000000,0,0,0,0,0,0,0,0
601000,1,1,826,1,1,tick,601001,0,0,0,0,5000000000,1000000000,10000000000,500000000,1000000000,4611686018427387904,1000,4000,100000,1,0,9223372036854775808,5000000000,5000000000,0,0,0,0,0,0,0,0,9223372036854775808,5000000000,5000000000,0,0,0,0,0,0,0,0
602000,1,0,828,0,0,tick,602001,0,0,0,0,5000000000,1000000000,10000000000,500000000,1000000000,4611686018427387904,1000,4000,100000,1,0,9223372036854775808,5000000000,5000000000,0,0,0,0,0,0,0,0,9223372036854775808,5000000000,5000000000,0,0,0,0,0,0,0,0
602000,1,1,828,1,1,tick,602001,0,0,0,0,5000000000,1000000000,10000000000,500000000,1000000000,4611686018427387904,1000,4000,100000,1,0,9223372036854775808,5000000000,5000000000,0,0,0,0,0,0,0,0,9223372036854775808,5000000000,5000000000,0,0,0,0,0,0,0,0
603000,1,0,831,0,0,tick,603001,0,0,0,0,5000000000,1000000000,10000000000,500000000,1000000000,4611686018427387904,1000,4000,100000,1,0,9223372036854775808,5000000000,5000000000,0,0,0,0,0,0,0,0,9223372036854775808,5000000000,5000000000,0,0,0,0,0,0,0,0
603000,1,1,831,1,1,tick,603001,0,0,0,0,5000000000,1000000000,10000000000,500000000,1000000000,4611686018427387904,1000,4000,100000,1,0,9223372036854775808,5000000000,5000000000,0,0,0,0,0,0,0,0,9223372036854775808,5000000000,5000000000,0,0,0,0,0,0,0,0
604000,1,0,832,0,0,tick,604001,0,0,0,0,5000000000,1000000000,10000000000,500000000,1000000000,4611686018427387904,1000,4000,100000,1,0,9223372036854775808,5000000000,5000000000,0,0,0,0,0,0,0,0,9223372036854775808,5000000000,5000000000,0,0,0,0,0,0,0,0
604000,1,1,832,1,1,tick,604001,0,0,0,0,5000000000,1000000000,10000000000,500000000,1000000000,4611686018427387904,1000,4000,100000,1,0,9223372036854775808,5000000000,5000000000,0,0,0,0,0,0,0,0,9223372036854775808,5000000000,5000000000,0,0,0,0,0,0,0,0
605000,1,0,833,0,0,tick,605001,0,0,0,0,5000000000,1000000000,10000000000,500000000,1000000000,4611686018427387904,1000,4000,100000,1,0,9223372036854775808,5000000000,5000000000,0,0,0,0,0,0,0,0,9223372036854775808,5000000000,5000000000,0,0,0,0,0,0,0,0
605000,1,1,833,1,1,tick,605001,0,0,0,0,5000000000,1000000000,10000000000,500000000,1000000000,4611686018427387904,1000,4000,100000,1,0,9223372036854775808,5000000000,5000000000,0,0,0,0,0,0,0,0,9223372036854775808,5000000000,5000000000,0,0,0,0,0,0,0,0
606000,1,0,834,0,0,tick,606001,0,0,0,0,5000000000,1000000000,10000000000,500000000,1000000000,4611686018427387904,1000,4000,100000,1,0,9223372036854775808,5000000000,5000000000,0,0,0,0,0,0,0,0,9223372036854775808,5000000000,5000000000,0,0,0,0,0,0,0,0
606000,1,1,834,1,1,tick,606001,0,0,0,0,5000000000,1000000000,10000000000,500000000,1000000000,4611686018427387904,1000,4000,100000,1,0,9223372036854775808,5000000000,5000000000,0,0,0,0,0,0,0,0,9223372036854775808,5000000000,5000000000,0,0,0,0,0,0,0,0
607000,1,0,835,0,0,tick,607001,0,0,0,0,5000000000,1000000000,10000000000,500000000,1000000000,4611686018427387904,1000,4000,100000,1,0,9223372036854775808,5000000000,5000000000,0,0,0,0,0,0,0,0,9223372036854775808,5000000000,5000000000,0,0,0,0,0,0,0,0
607000,1,1,835,1,1,tick,607001,0,0,0,0,5000000000,1000000000,10000000000,500000000,1000000000,4611686018427387904,1000,4000,100000,1,0,9223372036854775808,5000000000,5000000000,0,0,0,0,0,0,0,0,9223372036854775808,5000000000,5000000000,0,0,0,0,0,0,0,0
608000,1,0,836,0,0,tick,608001,0,0,0,0,5000000000,1000000000,10000000000,500000000,1000000000,4611686018427387904,1000,4000,100000,1,0,9223372036854775808,5000000000,5000000000,0,0,0,0,0,0,0,0,9223372036854775808,5000000000,5000000000,0,0,0,0,0,0,0,0
608000,1,1,836,1,1,tick,608001,0,0,0,0,5000000000,1000000000,10000000000,500000000,1000000000,4611686018427387904,1000,4000,100000,1,0,9223372036854775808,5000000000,5000000000,0,0,0,0,0,0,0,0,9223372036854775808,5000000000,5000000000,0,0,0,0,0,0,0,0
609000,1,0,837,0,0,tick,609001,0,0,0,0,5000000000,1000000000,10000000000,500000000,1000000000,4611686018427387904,1000,4000,100000,1,0,9223372036854775808,5000000000,5000000000,0,0,0,0,0,0,0,0,9223372036854775808,5000000000,5000000000,0,0,0,0,0,0,0,0
609000,1,1,837,1,1,tick,609001,0,0,0,0,5000000000,1000000000,10000000000,500000000,1000000000,4611686018427387904,1000,4000,100000,1,0,9223372036854775808,5000000000,5000000000,0,0,0,0,0,0,0,0,9223372036854775808,5000000000,5000000000,0,0,0,0,0,0,0,0
610000,1,0,839,0,0,tick,610001,0,0,0,0,5000000000,1000000000,10000000000,500000000,1000000000,4611686018427387904,1000,4000,100000,1,0,9223372036854775808,5000000000,5000000000,0,0,0,0,0,0,0,0,9223372036854775808,5000000000,5000000000,0,0,0,0,0,0,0,0
610000,1,1,839,1,1,tick,610001,0,0,0,0,5000000000,1000000000,10000000000,500000000,1000000000,4611686018427387904,1000,4000,100000,1,0,9223372036854775808,5000000000,5000000000,0,0,0,0,0,0,0,0,9223372036854775808,5000000000,5000000000,0,0,0,0,0,0,0,0
611000,1,0,842,0,0,tick,611001,0,0,0,0,5000000000,1000000000,10000000000,500000000,1000000000,4611686018427387904,1000,4000,100000,1,0,9223372036854775808,5000000000,5000000000,0,0,0,0,0,0,0,0,9223372036854775808,5000000000,5000000000,0,0,0,0,0,0,0,0
611000,1,1,842,1,1,tick,611001,0,0,0,0,5000000000,1000000000,10000000000,500000000,1000000000,4611686018427387904,1000,4000,100000,1,0,9223372036854775808,5000000000,5000000000,0,0,0,0,0,0,0,0,9223372036854775808,5000000000,5000000000,0,0,0,0,0,0,0,0
612000,1,0,843,0,0,tick,612001,0,0,0,0,5000000000,1000000000,10000000000,500000000,1000000000,4611686018427387904,1000,4000,100000,1,0,9223372036854775808,5000000000,5000000000,0,0,0,0,0,0,0,0,9223372036854775808,5000000000,5000000000,0,0,0,0,0,0,0,0
612000,1,1,843,1,1,tick,612001,0,0,0,0,5000000000,1000000000,10000000000,500000000,1000000000,4611686018427387904,1000,4000,100000,1,0,9223372036854775808,5000000000,5000000000,0,0,0,0,0,0,0,0,9223372036854775808,5000000000,5000000000,0,0,0,0,0,0,0,0
613000,1,0,844,0,0,tick,613001,0,0,0,0,5000000000,1000000000,10000000000,500000000,1000000000,4611686018427387904,1000,4000,100000,1,0,9223372036854775808,5000000000,5000000000,0,0,0,0,0,0,0,0,9223372036854775808,5000000000,5000000000,0,0,0,0,0,0,0,0
613000,1,1,844,1,1,tick,613001,0,0,0,0,5000000000,1000000000,10000000000,500000000,1000000000,4611686018427387904,1000,4000,100000,1,0,9223372036854775808,5000000000,5000000000,0,0,0,0,0,0,0,0,9223372036854775808,5000000000,5000000000,0,0,0,0,0,0,0,0
614000,1,0,845,0,0,tick,614001,0,0,0,0,5000000000,1000000000,10000000000,500000000,1000000000,4611686018427387904,1000,4000,100000,1,0,9223372036854775808,5000000000,5000000000,0,0,0,0,0,0,0,0,9223372036854775808,5000000000,5000000000,0,0,0,0,0,0,0,0
614000,1,1,845,1,1,tick,614001,0,0,0,0,5000000000,1000000000,10000000000,500000000,1000000000,4611686018427387904,1000,4000,100000,1,0,9223372036854775808,5000000000,5000000000,0,0,0,0,0,0,0,0,9223372036854775808,5000000000,5000000000,0,0,0,0,0,0,0,0
615000,1,0,846,0,0,tick,615001,0,0,0,0,5000000000,1000000000,10000000000,500000000,1000000000,4611686018427387904,1000,4000,100000,1,0,9223372036854775808,5000000000,5000000000,0,0,0,0,0,0,0,0,9223372036854775808,5000000000,5000000000,0,0,0,0,0,0,0,0
615000,1,1,846,1,1,tick,615001,0,0,0,0,5000000000,1000000000,10000000000,500000000,1000000000,4611686018427387904,1000,4000,100000,1,0,9223372036854775808,5000000000,5000000000,0,0,0,0,0,0,0,0,9223372036854775808,5000000000,5000000000,0,0,0,0,0,0,0,0
616000,1,0,847,0,0,tick,616001,0,0,0,0,5000000000,1000000000,10000000000,500000000,1000000000,4611686018427387904,1000,4000,100000,1,0,9223372036854775808,5000000000,5000000000,0,0,0,0,0,0,0,0,9223372036854775808,5000000000,5000000000,0,0,0,0,0,0,0,0
616000,1,1,847,1,1,tick,616001,0,0,0,0,5000000000,1000000000,10000000000,500000000,1000000000,4611686018427387904,1000,4000,100000,1,0,9223372036854775808,5000000000,5000000000,0,0,0,0,0,0,0,0,9223372036854775808,5000000000,5000000000,0,0,0,0,0,0,0,0
617000,1,0,848,0,0,tick,617001,0,0,0,0,5000000000,1000000000,10000000000,500000000,1000000000,4611686018427387904,1000,4000,100000,1,0,9223372036854775808,5000000000,5000000000,0,0,0,0,0,0,0,0,9223372036854775808,5000000000,5000000000,0,0,0,0,0,0,0,0
617000,1,1,848,1,1,tick,617001,0,0,0,0,5000000000,1000000000,10000000000,500000000,1000000000,4611686018427387904,1000,4000,100000,1,0,9223372036854775808,5000000000,5000000000,0,0,0,0,0,0,0,0,9223372036854775808,5000000000,5000000000,0,0,0,0,0,0,0,0
618000,1,0,850,0,0,tick,618001,0,0,0,0,5000000000,1000000000,10000000000,500000000,1000000000,4611686018427387904,1000,4000,100000,1,0,9223372036854775808,5000000000,5000000000,0,0,0,0,0,0,0,0,9223372036854775808,5000000000,5000000000,0,0,0,0,0,0,0,0
618000,1,1,850,1,1,tick,618001,0,0,0,0,5000000000,1000000000,10000000000,500000000,1000000000,4611686018427387904,1000,4000,100000,1,0,9223372036854775808,5000000000,5000000000,0,0,0,0,0,0,0,0,9223372036854775808,5000000000,5000000000,0,0,0,0,0,0,0,0
619000,1,0,853,0,0,tick,619001,0,0,0,0,5000000000,1000000000,10000000000,500000000,1000000000,4611686018427387904,1000,4000,100000,1,0,9223372036854775808,5000000000,5000000000,0,0,0,0,0,0,0,0,9223372036854775808,5000000000,5000000000,0,0,0,0,0,0,0,0
619000,1,1,853,1,1,tick,619001,0,0,0,0,5000000000,1000000000,10000000000,500000000,1000000000,4611686018427387904,1000,4000,100000,1,0,9223372036854775808,5000000000,5000000000,0,0,0,0,0,0,0,0,9223372036854775808,5000000000,5000000000,0,0,0,0,0,0,0,0
620000,1,0,854,0,0,tick,620001,0,0,0,0,5000000000,1000000000,10000000000,500000000,1000000000,4611686018427387904,1000,4000,100000,1,0,9223372036854775808,5000000000,5000000000,0,0,0,0,0,0,0,0,9223372036854775808,5000000000,5000000000,0,0,0,0,0,0,0,0
620000,1,1,854,1,1,tick,620001,0,0,0,0,5000000000,1000000000,10000000000,500000000,1000000000,4611686018427387904,1000,4000,100000,1,0,9223372036854775808,5000000000,5000000000,0,0,0,0,0,0,0,0,9223372036854775808,5000000000,5000000000,0,0,0,0,0,0,0,0
621000,1,0,855,0,0,tick,621001,0,0,0,0,5000000000,1000000000,10000000000,500000000,1000000000,4611686018427387904,1000,4000,100000,1,0,9223372036854775808,5000000000,5000000000,0,0,0,0,0,0,0,0,9223372036854775808,5000000000,5000000000,0,0,0,0,0,0,0,0
621000,1,1,855,1,1,tick,621001,0,0,0,0,5000000000,1000000000,10000000000,500000000,1000000000,4611686018427387904,1000,4000,100000,1,0,9223372036854775808,5000000000,5000000000,0,0,0,0,0,0,0,0,9223372036854775808,5000000000,5000000000,0,0,0,0,0,0,0,0
622000,1,0,856,0,0,tick,622001,0,0,0,0,5000000000,1000000000,10000000000,500000000,1000000000,4611686018427387904,1000,4000,100000,1,0,9223372036854775808,5000000000,5000000000,0,0,0,0,0,0,0,0,9223372036854775808,5000000000,5000000000,0,0,0,0,0,0,0,0
622000,1,1,856,1,1,tick,622001,0,0,0,0,5000000000,1000000000,10000000000,500000000,1000000000,4611686018427387904,1000,4000,100000,1,0,9223372036854775808,5000000000,5000000000,0,0,0,0,0,0,0,0,9223372036854775808,5000000000,5000000000,0,0,0,0,0,0,0,0
623000,1,0,857,0,0,tick,623001,0,0,0,0,5000000000,1000000000,10000000000,500000000,1000000000,4611686018427387904,1000,4000,100000,1,0,9223372036854775808,5000000000,5000000000,0,0,0,0,0,0,0,0,9223372036854775808,5000000000,5000000000,0,0,0,0,0,0,0,0
623000,1,1,857,1,1,tick,623001,0,0,0,0,5000000000,1000000000,10000000000,500000000,1000000000,4611686018427387904,1000,4000,100000,1,0,9223372036854775808,5000000000,5000000000,0,0,0,0,0,0,0,0,9223372036854775808,5000000000,5000000000,0,0,0,0,0,0,0,0
624000,1,0,858,0,0,tick,624001,0,0,0,0,5000000000,1000000000,10000000000,500000000,1000000000,4611686018427387904,1000,4000,100000,1,0,9223372036854775808,5000000000,5000000000,0,0,0,0,0,0,0,0,9223372036854775808,5000000000,5000000000,0,0,0,0,0,0,0,0
624000,1,1,858,1,1,tick,624001,0,0,0,0,5000000000,1000000000,10000000000,500000000,1000000000,4611686018427387904,1000,4000,100000,1,0,9223372036854775808,5000000000,5000000000,0,0,0,0,0,0,0,0,9223372036854775808,5000000000,5000000000,0,0,0,0,0,0,0,0
625000,1,0,859,0,0,tick,625001,0,0,0,0,5000000000,1000000000,10000000000,500000000,1000000000,4611686018427387904,1000,4000,100000,1,0,9223372036854775808,5000000000,5000000000,0,0,0,0,0,0,0,0,9223372036854775808,5000000000,5000000000,0,0,0,0,0,0,0,0
625000,1,1,859,1,1,tick,625001,0,0,0,0,5000000000,1000000000,10000000000,500000000,1000000000,4611686018427387904,1000,4000,100000,1,0,9223372036854775808,5000000000,5000000000,0,0,0,0,0,0,0,0,9223372036854775808,5000000000,5000000000,0,0,0,0,0,0,0,0
626000,1,0,861,0,0,tick,626001,0,0,0,0,5000000000,1000000000,10000000000,500000000,1000000000,4611686018427387904,1000,4000,100000,1,0,9223372036854775808,5000000000,5000000000,0,0,0,0,0,0,0,0,9223372036854775808,5000000000,5000000000,0,0,0,0,0,0,0,0
626000,1,1,861,1,1,tick,626001,0,0,0,0,5000000000,1000000000,10000000000,500000000,1000000000,4611686018427387904,1000,4000,100000,1,0,9223372036854775808,5000000000,5000000000,0,0,0,0,0,0,0,0,9223372036854775808,5000000000,5000000000,0,0,0,0,0,0,0,0
627000,1,0,864,0,0,tick,627001,0,0,0,0,5000000000,1000000000,10000000000,500000000,1000000000,4611686018427387904,1000,4000,100000,1,0,9223372036854775808,5000000000,5000000000,0,0,0,0,0,0,0,0,9223372036854775808,5000000000,5000000000,0,0,0,0,0,0,0,0
627000,1,1,864,1,1,tick,627001,0,0,0,0,5000000000,1000000000,10000000000,500000000,1000000000,4611686018427387904,1000,4000,100000,1,0,9223372036854775808,5000000000,5000000000,0,0,0,0,0,0,0,0,9223372036854775808,5000000000,5000000000,0,0,0,0,0,0,0,0
628000,1,0,865,0,0,tick,628001,0,0,0,0,5000000000,1000000000,10000000000,500000000,1000000000,4611686018427387904,1000,4000,100000,1,0,9223372036854775808,5000000000,5000000000,0,0,0,0,0,0,0,0,9223372036854775808,5000000000,5000000000,0,0,0,0,0,0,0,0
628000,1,1,865,1,1,tick,628001,0,0,0,0,5000000000,1000000000,10000000000,500000000,1000000000,4611686018427387904,1000,4000,100000,1,0,9223372036854775808,5000000000,5000000000,0,0,0,0,0,0,0,0,9223372036854775808,5000000000,5000000000,0,0,0,0,0,0,0,0
629000,1,0,866,0,0,tick,629001,0,0,0,0,5000000000,1000000000,10000000000,500000000,1000000000,4611686018427387904,1000,4000,100000,1,0,9223372036854775808,5000000000,5000000000,0,0,0,0,0,0,0,0,9223372036854775808,5000000000,5000000000,0,0,0,0,0,0,0,0
629000,1,1,866,1,1,tick,629001,0,0,0,0,5000000000,1000000000,10000000000,500000000,1000000000,4611686018427387904,1000,4000,100000,1,0,9223372036854775808,5000000000,5000000000,0,0,0,0,0,0,0,0,9223372036854775808,5000000000,5000000000,0,0,0,0,0,0,0,0
630000,1,0,867,0,0,tick,630001,0,0,0,0,5000000000,1000000000,10000000000,500000000,1000000000,4611686018427387904,1000,4000,100000,1,0,9223372036854775808,5000000000,5000000000,0,0,0,0,0,0,0,0,9223372036854775808,5000000000,5000000000,0,0,0,0,0,0,0,0
630000,1,1,867,1,1,tick,630001,0,0,0,0,5000000000,1000000000,10000000000,500000000,1000000000,4611686018427387904,1000,4000,100000,1,0,9223372036854775808,5000000000,5000000000,0,0,0,0,0,0,0,0,9223372036854775808,5000000000,5000000000,0,0,0,0,0,0,0,0
631000,1,0,868,0,0,tick,631001,0,0,0,0,5000000000,1000000000,10000000000,500000000,1000000000,4611686018427387904,1000,4000,100000,1,0,9223372036854775808,5000000000,5000000000,0,0,0,0,0,0,0,0,9223372036854775808,5000000000,5000000000,0,0,0,0,0,0,0,0
631000,1,1,868,1,1,tick,631001,0,0,0,0,5000000000,1000000000,10000000000,500000000,1000000000,4611686018427387904,1000,4000,100000,1,0,9223372036854775808,5000000000,5000000000,0,0,0,0,0,0,0,0,9223372036854775808,5000000000,5000000000,0,0,0,0,0,0,0,0
632000,1,0,869,0,0,tick,632001,0,0,0,0,5000000000,1000000000,10000000000,500000000,1000000000,4611686018427387904,1000,4000,100000,1,0,9223372036854775808,5000000000,5000000000,0,0,0,0,0,0,0,0,9223372036854775808,5000000000,5000000000,0,0,0,0,0,0,0,0
632000,1,1,869,1,1,tick,632001,0,0,0,0,5000000000,1000000000,10000000000,500000000,1000000000,4611686018427387904,1000,4000,100000,1,0,9223372036854775808,5000000000,5000000000,0,0,0,0,0,0,0,0,9223372036854775808,5000000000,5000000000,0,0,0,0,0,0,0,0
633000,1,0,870,0,0,tick,633001,0,0,0,0,5000000000,1000000000,10000000000,500000000,1000000000,4611686018427387904,1000,4000,100000,1,0,9223372036854775808,5000000000,5000000000,0,0,0,0,0,0,0,0,9223372036854775808,5000000000,5000000000,0,0,0,0,0,0,0,0
633000,1,1,870,1,1,tick,633001,0,0,0,0,5000000000,1000000000,10000000000,500000000,1000000000,4611686018427387904,1000,4000,100000,1,0,9223372036854775808,5000000000,5000000000,0,0,0,0,0,0,0,0,9223372036854775808,5000000000,5000000000,0,0,0,0,0,0,0,0
634000,1,0,872,0,0,tick,634001,0,0,0,0,5000000000,1000000000,10000000000,500000000,1000000000,4611686018427387904,1000,4000,100000,1,0,9223372036854775808,5000000000,5000000000,0,0,0,0,0,0,0,0,9223372036854775808,5000000000,5000000000,0,0,0,0,0,0,0,0
634000,1,1,872,1,1,tick,634001,0,0,0,0,5000000000,1000000000,10000000000,500000000,1000000000,4611686018427387904,1000,4000,100000,1,0,9223372036854775808,5000000000,5000000000,0,0,0,0,0,0,0,0,9223372036854775808,5000000000,5000000000,0,0,0,0,0,0,0,0
635000,1,0,875,0,0,tick,635001,0,0,0,0,5000000000,1000000000,10000000000,500000000,1000000000,4611686018427387904,1000,4000,100000,1,0,9223372036854775808,5000000000,5000000000,0,0,0,0,0,0,0,0,9223372036854775808,5000000000,5000000000,0,0,0,0,0,0,0,0
635000,1,1,875,1,1,tick,635001,0,0,0,0,5000000000,1000000000,10000000000,500000000,1000000000,4611686018427387904,1000,4000,100000,1,0,9223372036854775808,5000000000,5000000000,0,0,0,0,0,0,0,0,9223372036854775808,5000000000,5000000000,0,0,0,0,0,0,0,0
636000,1,0,876,0,0,tick,636001,0,0,0,0,5000000000,1000000000,10000000000,500000000,1000000000,4611686018427387904,1000,4000,100000,1,0,9223372036854775808,5000000000,5000000000,0,0,0,0,0,0,0,0,9223372036854775808,5000000000,5000000000,0,0,0,0,0,0,0,0
636000,1,1,876,1,1,tick,636001,0,0,0,0,5000000000,1000000000,10000000000,500000000,1000000000,4611686018427387904,1000,4000,100000,1,0,9223372036854775808,5000000000,5000000000,0,0,0,0,0,0,0,0,9223372036854775808,5000000000,5000000000,0,0,0,0,0,0,0,0
637000,1,0,877,0,0,tick,637001,0,0,0,0,5000000000,1000000000,10000000000,500000000,1000000000,4611686018427387904,1000,4000,100000,1,0,9223372036854775808,5000000000,5000000000,0,0,0,0,0,0,0,0,9223372036854775808,5000000000,5000000000,0,0,0,0,0,0,0,0
637000,1,1,877,1,1,tick,637001,0,0,0,0,5000000000,1000000000,10000000000,500000000,1000000000,4611686018427387904,1000,4000,100000,1,0,9223372036854775808,5000000000,5000000000,0,0,0,0,0,0,0,0,9223372036854775808,5000000000,5000000000,0,0,0,0,0,0,0,0
638000,1,0,878,0,0,tick,638001,0,0,0,0,5000000000,1000000000,10000000000,500000000,1000000000,4611686018427387904,1000,4000,100000,1,0,9223372036854775808,5000000000,5000000000,0,0,0,0,0,0,0,0,9223372036854775808,5000000000,5000000000,0,0,0,0,0,0,0,0
638000,1,1,878,1,1,tick,638001,0,0,0,0,5000000000,1000000000,10000000000,500000000,1000000000,4611686018427387904,1000,4000,100000,1,0,9223372036854775808,5000000000,5000000000,0,0,0,0,0,0,0,0,9223372036854775808,5000000000,5000000000,0,0,0,0,0,0,0,0
639000,1,0,879,0,0,tick,639001,0,0,0,0,5000000000,1000000000,10000000000,500000000,1000000000,4611686018427387904,1000,4000,100000,1,0,9223372036854775808,5000000000,5000000000,0,0,0,0,0,0,0,0,9223372036854775808,5000000000,5000000000,0,0,0,0,0,0,0,0
639000,1,1,879,1,1,tick,639001,0,0,0,0,5000000000,1000000000,10000000000,500000000,1000000000,4611686018427387904,1000,4000,100000,1,0,9223372036854775808,5000000000,5000000000,0,0,0,0,0,0,0,0,9223372036854775808,5000000000,5000000000,0,0,0,0,0,0,0,0
640000,1,0,880,0,0,tick,640001,0,0,0,0,5000000000,1000000000,10000000000,500000000,1000000000,4611686018427387904,1000,4000,100000,1,0,9223372036854775808,5000000000,5000000000,0,0,0,0,0,0,0,0,9223372036854775808,5000000000,5000000000,0,0,0,0,0,0,0,0
640000,1,1,880,1,1,tick,640001,0,0,0,0,5000000000,1000000000,10000000000,500000000,1000000000,4611686018427387904,1000,4000,100000,1,0,9223372036854775808,5000000000,5000000000,0,0,0,0,0,0,0,0,9223372036854775808,5000000000,5000000000,0,0,0,0,0,0,0,0
641000,1,0,881,0,0,tick,641001,0,0,0,0,5000000000,1000000000,10000000000,500000000,1000000000,4611686018427387904,1000,4000,100000,1,0,9223372036854775808,5000000000,5000000000,0,0,0,0,0,0,0,0,9223372036854775808,5000000000,5000000000,0,0,0,0,0,0,0,0
641000,1,1,881,1,1,tick,641001,0,0,0,0,5000000000,1000000000,10000000000,500000000,1000000000,4611686018427387904,1000,4000,100000,1,0,9223372036854775808,5000000000,5000000000,0,0,0,0,0,0,0,0,9223372036854775808,5000000000,5000000000,0,0,0,0,0,0,0,0
642000,1,0,883,0,0,tick,642001,0,0,0,0,5000000000,1000000000,10000000000,500000000,1000000000,4611686018427387904,1000,4000,100000,1,0,9223372036854775808,5000000000,5000000000,0,0,0,0,0,0,0,0,9223372036854775808,5000000000,5000000000,0,0,0,0,0,0,0,0
642000,1,1,883,1,1,tick,642001,0,0,0,0,5000000000,1000000000,10000000000,500000000,1000000000,4611686018427387904,1000,4000,100000,1,0,9223372036854775808,5000000000,5000000000,0,0,0,0,0,0,0,0,9223372036854775808,5000000000,5000000000,0,0,0,0,0,0,0,0
643000,1,0,886,0,0,tick,643001,0,0,0,0,5000000000,1000000000,10000000000,500000000,1000000000,4611686018427387904,1000,4000,100000,1,0,9223372036854775808,5000000000,5000000000,0,0,0,0,0,0,0,0,9223372036854775808,5000000000,5000000000,0,0,0,0,0,0,0,0
643000,1,1,886,1,1,tick,643001,0,0,0,0,5000000000,1000000000,10000000000,500000000,1000000000,4611686018427387904,1000,4000,100000,1,0,9223372036854775808,5000000000,5000000000,0,0,0,0,0,0,0,0,9223372036854775808,5000000000,5000000000,0,0,0,0,0,0,0,0
644000,1,0,887,0,0,tick,644001,0,0,0,0,5000000000,1000000000,10000000000,500000000,1000000000,4611686018427387904,1000,4000,100000,1,0,9223372036854775808,5000000000,5000000000,0,0,0,0,0,0,0,0,9223372036854775808,5000000000,5000000000,0,0,0,0,0,0,0,0
644000,1,1,887,1,1,tick,644001,0,0,0,0,5000000000,1000000000,10000000000,500000000,1000000000,4611686018427387904,1000,4000,100000,1,0,9223372036854775808,5000000000,5000000000,0,0,0,0,0,0,0,0,9223372036854775808,5000000000,5000000000,0,0,0,0,0,0,0,0
645000,1,0,888,0,0,tick,645001,0,0,0,0,5000000000,1000000000,10000000000,500000000,1000000000,4611686018427387904,1000,4000,100000,1,0,9223372036854775808,5000000000,5000000000,0,0,0,0,0,0,0,0,9223372036854775808,5000000000,5000000000,0,0,0,0,0,0,0,0
645000,1,1,888,1,1,tick,645001,0,0,0,0,5000000000,1000000000,10000000000,500000000,1000000000,4611686018427387904,1000,4000,100000,1,0,9223372036854775808,5000000000,5000000000,0,0,0,0,0,0,0,0,9223372036854775808,5000000000,5000000000,0,0,0,0,0,0,0,0
646000,1,0,889,0,0,tick,646001,0,0,0,0,5000000000,1000000000,10000000000,500000000,1000000000,4611686018427387904,1000,4000,100000,1,0,9223372036854775808,5000000000,5000000000,0,0,0,0,0,0,0,0,9223372036854775808,5000000000,5000000000,0,0,0,0,0,0,0,0
646000,1,1,889,1,1,tick,646001,0,0,0,0,5000000000,1000000000,10000000000,500000000,1000000000,4611686018427387904,1000,4000,100000,1,0,9223372036854775808,5000000000,5000000000,0,0,0,0,0,0,0,0,9223372036854775808,5000000000,5000000000,0,0,0,0,0,0,0,0
647000,1,0,890,0,0,tick,647001,0,0,0,0,5000000000,1000000000,10000000000,500000000,1000000000,4611686018427387904,1000,4000,100000,1,0,9223372036854775808,5000000000,5000000000,0,0,0,0,0,0,0,0,9223372036854775808,5000000000,5000000000,0,0,0,0,0,0,0,0
647000,1,1,890,1,1,tick,647001,0,0,0,0,5000000000,1000000000,10000000000,500000000,1000000000,4611686018427387904,1000,4000,100000,1,0,9223372036854775808,5000000000,5000000000,0,0,0,0,0,0,0,0,9223372036854775808,5000000000,5000000000,0,0,0,0,0,0,0,0
648000,1,0,891,0,0,tick,648001,0,0,0,0,5000000000,1000000000,10000000000,500000000,1000000000,4611686018427387904,1000,4000,100000,1,0,9223372036854775808,5000000000,5000000000,0,0,0,0,0,0,0,0,9223372036854775808,5000000000,5000000000,0,0,0,0,0,0,0,0
648000,1,1,891,1,1,tick,648001,0,0,0,0,5000000000,1000000000,10000000000,500000000,1000000000,4611686018427387904,1000,4000,100000,1,0,9223372036854775808,5000000000,5000000000,0,0,0,0,0,0,0,0,9223372036854775808,5000000000,5000000000,0,0,0,0,0,0,0,0
649000,1,0,892,0,0,tick,649001,0,0,0,0,5000000000,1000000000,10000000000,500000000,1000000000,4611686018427387904,1000,4000,100000,1,0,9223372036854775808,5000000000,5000000000,0,0,0,0,0,0,0,0,9223372036854775808,5000000000,5000000000,0,0,0,0,0,0,0,0
649000,1,1,892,1,1,tick,649001,0,0,0,0,5000000000,1000000000,10000000000,500000000,1000000000,4611686018427387904,1000,4000,100000,1,0,9223372036854775808,5000000000,5000000000,0,0,0,0,0,0,0,0,9223372036854775808,5000000000,5000000000,0,0,0,0,0,0,0,0
650000,1,0,894,0,0,tick,650001,0,0,0,0,5000000000,1000000000,10000000000,500000000,1000000000,4611686018427387904,1000,4000,100000,1,0,9223372036854775808,5000000000,5000000000,0,0,0,0,0,0,0,0,9223372036854775808,5000000000,5000000000,0,0,0,0,0,0,0,0
650000,1,1,894,1,1,tick,650001,0,0,0,0,5000000000,1000000000,10000000000,500000000,1000000000,4611686018427387904,1000,4000,100000,1,0,9223372036854775808,5000000000,5000000000,0,0,0,0,0,0,0,0,9223372036854775808,5000000000,5000000000,0,0,0,0,0,0,0,0
651000,1,0,897,0,0,tick,651001,0,0,0,0,5000000000,1000000000,10000000000,500000000,1000000000,4611686018427387904,1000,4000,100000,1,0,9223372036854775808,5000000000,5000000000,0,0,0,0,0,0,0,0,9223372036854775808,5000000000,5000000000,0,0,0,0,0,0,0,0
651000,1,1,897,1,1,tick,651001,0,0,0,0,5000000000,1000000000,10000000000,500000000,1000000000,4611686018427387904,1000,4000,100000,1,0,9223372036854775808,5000000000,5000000000,0,0,0,0,0,0,0,0,9223372036854775808,5000000000,5000000000,0,0,0,0,0,0,0,0
652000,1,0,898,0,0,tick,652001,0,0,0,0,5000000000,1000000000,10000000000,500000000,1000000000,4611686018427387904,1000,4000,100000,1,0,9223372036854775808,5000000000,5000000000,0,0,0,0,0,0,0,0,9223372036854775808,5000000000,5000000000,0,0,0,0,0,0,0,0
652000,1,1,898,1,1,tick,652001,0,0,0,0,5000000000,1000000000,10000000000,500000000,1000000000,4611686018427387904,1000,4000,100000,1,0,9223372036854775808,5000000000,5000000000,0,0,0,0,0,0,0,0,9223372036854775808,5000000000,5000000000,0,0,0,0,0,0,0,0
653000,1,0,899,0,0,tick,653001,0,0,0,0,5000000000,1000000000,10000000000,500000000,1000000000,4611686018427387904,1000,4000,100000,1,0,9223372036854775808,5000000000,5000000000,0,0,0,0,0,0,0,0,9223372036854775808,5000000000,5000000000,0,0,0,0,0,0,0,0
653000,1,1,899,1,1,tick,653001,0,0,0,0,5000000000,1000000000,10000000000,500000000,1000000000,4611686018427387904,1000,4000,100000,1,0,9223372036854775808,5000000000,5000000000,0,0,0,0,0,0,0,0,9223372036854775808,5000000000,5000000000,0,0,0,0,0,0,0,0
654000,1,0,900,0,0,tick,654001,0,0,0,0,5000000000,1000000000,10000000000,500000000,1000000000,4611686018427387904,1000,4000,100000,1,0,9223372036854775808,5000000000,5000000000,0,0,0,0,0,0,0,0,9223372036854775808,5000000000,5000000000,0,0,0,0,0,0,0,0
654000,1,1,900,1,1,tick,654001,0,0,0,0,5000000000,1000000000,10000000000,500000000,1000000000,4611686018427387904,1000,4000,100000,1,0,9223372036854775808,5000000000,5000000000,0,0,0,0,0,0,0,0,9223372036854775808,5000000000,5000000000,0,0,0,0,0,0,0,0
655000,1,0,901,0,0,tick,655001,0,0,0,0,5000000000,1000000000,10000000000,500000000,1000000000,4611686018427387904,1000,4000,100000,1,0,9223372036854775808,5000000000,5000000000,0,0,0,0,0,0,0,0,9223372036854775808,5000000000,5000000000,0,0,0,0,0,0,0,0
655000,1,1,901,1,1,tick,655001,0,0,0,0,5000000000,1000000000,10000000000,500000000,1000000000,4611686018427387904,1000,4000,100000,1,0,9223372036854775808,5000000000,5000000000,0,0,0,0,0,0,0,0,9223372036854775808,5000000000,5000000000,0,0,0,0,0,0,0,0
656000,1,0,902,0,0,tick,656001,0,0,0,0,5000000000,1000000000,10000000000,500000000,1000000000,4611686018427387904,1000,4000,100000,1,0,9223372036854775808,5000000000,5000000000,0,0,0,0,0,0,0,0,9223372036854775808,5000000000,5000000000,0,0,0,0,0,0,0,0
656000,1,1,902,1,1,tick,656001,0,0,0,0,5000000000,1000000000,10000000000,500000000,1000000000,4611686018427387904,1000,4000,100000,1,0,9223372036854775808,5000000000,5000000000,0,0,0,0,0,0,0,0,9223372036854775808,5000000000,5000000000,0,0,0,0,0,0,0,0
657000,1,0,903,0,0,tick,657001,0,0,0,0,5000000000,1000000000,10000000000,500000000,1000000000,4611686018427387904,1000,4000,100000,1,0,9223372036854775808,5000000000,5000000000,0,0,0,0,0,0,0,0,9223372036854775808,5000000000,5000000000,0,0,0,0,0,0,0,0
657000,1,1,903,1,1,tick,657001,0,0,0,0,5000000000,1000000000,10000000000,500000000,1000000000,4611686018427387904,1000,4000,100000,1,0,9223372036854775808,5000000000,5000000000,0,0,0,0,0,0,0,0,9223372036854775808,5000000000,5000000000,0,0,0,0,0,0,0,0
658000,1,0,905,0,0,tick,658001,0,0,0,0,5000000000,1000000000,10000000000,500000000,1000000000,4611686018427387904,1000,4000,100000,1,0,9223372036854775808,5000000000,5000000000,0,0,0,0,0,0,0,0,9223372036854775808,5000000000,5000000000,0,0,0,0,0,0,0,0
658000,1,1,905,1,1,tick,658001,0,0,0,0,5000000000,1000000000,10000000000,500000000,1000000000,4611686018427387904,1000,4000,100000,1,0,9223372036854775808,5000000000,5000000000,0,0,0,0,0,0,0,0,9223372036854775808,5000000000,5000000000,0,0,0,0,0,0,0,0
659000,1,0,908,0,0,tick,659001,0,0,0,0,5000000000,1000000000,10000000000,500000000,1000000000,4611686018427387904,1000,4000,100000,1,0,9223372036854775808,5000000000,5000000000,0,0,0,0,0,0,0,0,9223372036854775808,5000000000,5000000000,0,0,0,0,0,0,0,0
659000,1,1,908,1,1,tick,659001,0,0,0,0,5000000000,1000000000,10000000000,500000000,1000000000,4611686018427387904,1000,4000,100000,1,0,9223372036854775808,5000000000,5000000000,0,0,0,0,0,0,0,0,9223372036854775808,5000000000,5000000000,0,0,0,0,0,0,0,0
660000,1,0,909,0,0,tick,660001,0,0,0,0,5000000000,1000000000,10000000000,500000000,1000000000,4611686018427387904,1000,4000,100000,1,0,9223372036854775808,5000000000,5000000000,0,0,0,0,0,0,0,0,9223372036854775808,5000000000,5000000000,0,0,0,0,0,0,0,0
660000,1,1,909,1,1,tick,660001,0,0,0,0,5000000000,1000000000,10000000000,500000000,1000000000,4611686018427387904,1000,4000,100000,1,0,9223372036854775808,5000000000,5000000000,0,0,0,0,0,0,0,0,9223372036854775808,5000000000,5000000000,0,0,0,0,0,0,0,0
661000,1,0,910,0,0,tick,661001,0,0,0,0,5000000000,1000000000,10000000000,500000000,1000000000,4611686018427387904,1000,4000,100000,1,0,9223372036854775808,5000000000,5000000000,0,0,0,0,0,0,0,0,9223372036854775808,5000000000,5000000000,0,0,0,0,0,0,0,0
661000,1,1,910,1,1,tick,661001,0,0,0,0,5000000000,1000000000,10000000000,500000000,1000000000,4611686018427387904,1000,4000,100000,1,0,9223372036854775808,5000000000,5000000000,0,0,0,0,0,0,0,0,9223372036854775808,5000000000,5000000000,0,0,0,0,0,0,0,0
662000,1,0,911,0,0,tick,662001,0,0,0,0,5000000000,1000000000,10000000000,500000000,1000000000,4611686018427387904,1000,4000,100000,1,0,9223372036854775808,5000000000,5000000000,0,0,0,0,0,0,0,0,9223372036854775808,5000000000,5000000000,0,0,0,0,0,0,0,0
662000,1,1,911,1,1,tick,662001,0,0,0,0,5000000000,1000000000,10000000000,500000000,1000000000,4611686018427387904,1000,4000,100000,1,0,9223372036854775808,5000000000,5000000000,0,0,0,0,0,0,0,0,9223372036854775808,5000000000,5000000000,0,0,0,0,0,0,0,0
663000,1,0,912,0,0,tick,663001,0,0,0,0,5000000000,1000000000,10000000000,500000000,1000000000,4611686018427387904,1000,4000,100000,1,0,9223372036854775808,5000000000,5000000000,0,0,0,0,0,0,0,0,9223372036854775808,5000000000,5000000000,0,0,0,0,0,0,0,0
663000,1,1,912,1,1,tick,663001,0,0,0,0,5000000000,1000000000,10000000000,500000000,1000000000,4611686018427387904,1000,4000,100000,1,0,9223372036854775808,5000000000,5000000000,0,0,0,0,0,0,0,0,9223372036854775808,5000000000,5000000000,0,0,0,0,0,0,0,0
664000,1,0,913,0,0,tick,664001,0,0,0,0,5000000000,1000000000,10000000000,500000000,1000000000,4611686018427387904,1000,4000,100000,1,0,9223372036854775808,5000000000,5000000000,0,0,0,0,0,0,0,0,9223372036854775808,5000000000,5000000000,0,0,0,0,0,0,0,0
664000,1,1,913,1,1,tick,664001,0,0,0,0,5000000000,1000000000,10000000000,500000000,1000000000,4611686018427387904,1000,4000,100000,1,0,9223372036854775808,5000000000,5000000000,0,0,0,0,0,0,0,0,9223372036854775808,5000000000,5000000000,0,0,0,0,0,0,0,0
665000,1,0,914,0,0,tick,665001,0,0,0,0,5000000000,1000000000,10000000000,500000000,1000000000,4611686018427387904,1000,4000,100000,1,0,9223372036854775808,5000000000,5000000000,0,0,0,0,0,0,0,0,9223372036854775808,5000000000,5000000000,0,0,0,0,0,0,0,0
665000,1,1,914,1,1,tick,665001,0,0,0,0,5000000000,1000000000,10000000000,500000000,1000000000,4611686018427387904,1000,4000,100000,1,0,9223372036854775808,5000000000,5000000000,0,0,0,0,0,0,0,0,9223372036854775808,5000000000,5000000000,0,0,0,0,0,0,0,0
666000,1,0,916,0,0,tick,666001,0,0,0,0,5000000000,1000000000,10000000000,500000000,1000000000,4611686018427387904,1000,4000,100000,1,0,9223372036854775808,5000000000,5000000000,0,0,0,0,0,0,0,0,9223372036854775808,5000000000,5000000000,0,0,0,0,0,0,0,0
666000,1,1,916,1,1,tick,666001,0,0,0,0,5000000000,1000000000,10000000000,500000000,1000000000,4611686018427387904,1000,4000,100000,1,0,9223372036854775808,5000000000,5000000000,0,0,0,0,0,0,0,0,9223372036854775808,5000000000,5000000000,0,0,0,0,0,0,0,0
667000,1,0,919,0,0,tick,667001,0,0,0,0,5000000000,1000000000,10000000000,500000000,1000000000,4611686018427387904,1000,4000,100000,1,0,9223372036854775808,5000000000,5000000000,0,0,0,0,0,0,0,0,9223372036854775808,5000000000,5000000000,0,0,0,0,0,0,0,0
667000,1,1,919,1,1,tick,667001,0,0,0,0,5000000000,1000000000,10000000000,500000000,1000000000,4611686018427387904,1000,4000,100000,1,0,9223372036854775808,5000000000,5000000000,0,0,0,0,0,0,0,0,9223372036854775808,5000000000,5000000000,0,0,0,0,0,0,0,0
668000,1,0,920,0,0,tick,668001,0,0,0,0,5000000000,1000000000,10000000000,500000000,1000000000,4611686018427387904,1000,4000,100000,1,0,9223372036854775808,5000000000,5000000000,0,0,0,0,0,0,0,0,9223372036854775808,5000000000,5000000000,0,0,0,0,0,0,0,0
668000,1,1,920,1,1,tick,668001,0,0,0,0,5000000000,1000000000,10000000000,500000000,1000000000,4611686018427387904,1000,4000,100000,1,0,9223372036854775808,5000000000,5000000000,0,0,0,0,0,0,0,0,9223372036854775808,5000000000,5000000000,0,0,0,0,0,0,0,0
669000,1,0,921,0,0,tick,669001,0,0,0,0,5000000000,1000000000,10000000000,500000000,1000000000,4611686018427387904,1000,4000,100000,1,0,9223372036854775808,5000000000,5000000000,0,0,0,0,0,0,0,0,9223372036854775808,5000000000,5000000000,0,0,0,0,0,0,0,0
669000,1,1,921,1,1,tick,669001,0,0,0,0,5000000000,1000000000,10000000000,500000000,1000000000,4611686018427387904,1000,4000,100000,1,0,9223372036854775808,5000000000,5000000000,0,0,0,0,0,0,0,0,9223372036854775808,5000000000,5000000000,0,0,0,0,0,0,0,0
670000,1,0,922,0,0,tick,670001,0,0,0,0,5000000000,1000000000,10000000000,500000000,1000000000,4611686018427387904,1000,4000,100000,1,0,9223372036854775808,5000000000,5000000000,0,0,0,0,0,0,0,0,9223372036854775808,5000000000,5000000000,0,0,0,0,0,0,0,0
670000,1,1,922,1,1,tick,670001,0,0,0,0,5000000000,1000000000,10000000000,500000000,1000000000,4611686018427387904,1000,4000,100000,1,0,9223372036854775808,5000000000,5000000000,0,0,0,0,0,0,0,0,9223372036854775808,5000000000,5000000000,0,0,0,0,0,0,0,0
671000,1,0,923,0,0,tick,671001,0,0,0,0,5000000000,1000000000,10000000000,500000000,1000000000,4611686018427387904,1000,4000,100000,1,0,9223372036854775808,5000000000,5000000000,0,0,0,0,0,0,0,0,9223372036854775808,5000000000,5000000000,0,0,0,0,0,0,0,0
671000,1,1,923,1,1,tick,671001,0,0,0,0,5000000000,1000000000,10000000000,500000000,1000000000,4611686018427387904,1000,4000,100000,1,0,9223372036854775808,5000000000,5000000000,0,0,0,0,0,0,0,0,9223372036854775808,5000000000,5000000000,0,0,0,0,0,0,0,0
672000,1,0,924,0,0,tick,672001,0,0,0,0,5000000000,1000000000,10000000000,500000000,1000000000,4611686018427387904,1000,4000,100000,1,0,9223372036854775808,5000000000,5000000000,0,0,0,0,0,0,0,0,9223372036854775808,5000000000,5000000000,0,0,0,0,0,0,0,0
672000,1,1,924,1,1,tick,672001,0,0,0,0,5000000000,1000000000,10000000000,500000000,1000000000,4611686018427387904,1000,4000,100000,1,0,9223372036854775808,5000000000,5000000000,0,0,0,0,0,0,0,0,9223372036854775808,5000000000,5000000000,0,0,0,0,0,0,0,0
673000,1,0,925,0,0,tick,673001,0,0,0,0,5000000000,1000000000,10000000000,500000000,1000000000,4611686018427387904,1000,4000,100000,1,0,9223372036854775808,5000000000,5000000000,0,0,0,0,0,0,0,0,9223372036854775808,5000000000,5000000000,0,0,0,0,0,0,0,0
673000,1,1,925,1,1,tick,673001,0,0,0,0,5000000000,1000000000,10000000000,500000000,1000000000,4611686018427387904,1000,4000,100000,1,0,9223372036854775808,5000000000,5000000000,0,0,0,0,0,0,0,0,9223372036854775808,5000000000,5000000000,0,0,0,0,0,0,0,0
674000,1,0,927,0,0,tick,674001,0,0,0,0,5000000000,1000000000,10000000000,500000000,1000000000,4611686018427387904,1000,4000,100000,1,0,9223372036854775808,5000000000,5000000000,0,0,0,0,0,0,0,0,9223372036854775808,5000000000,5000000000,0,0,0,0,0,0,0,0
674000,1,1,927,1,1,tick,674001,0,0,0,0,5000000000,1000000000,10000000000,500000000,1000000000,4611686018427387904,1000,4000,100000,1,0,9223372036854775808,5000000000,5000000000,0,0,0,0,0,0,0,0,9223372036854775808,5000000000,5000000000,0,0,0,0,0,0,0,0
675000,1,0,930,0,0,tick,675001,0,0,0,0,5000000000,1000000000,10000000000,500000000,1000000000,4611686018427387904,1000,4000,100000,1,0,9223372036854775808,5000000000,5000000000,0,0,0,0,0,0,0,0,9223372036854775808,5000000000,5000000000,0,0,0,0,0,0,0,0
675000,1,1,930,1,1,tick,675001,0,0,0,0,5000000000,1000000000,10000000000,500000000,1000000000,4611686018427387904,1000,4000,100000,1,0,9223372036854775808,5000000000,5000000000,0,0,0,0,0,0,0,0,9223372036854775808,5000000000,5000000000,0,0,0,0,0,0,0,0
676000,1,0,931,0,0,tick,676001,0,0,0,0,5000000000,1000000000,10000000000,500000000,1000000000,4611686018427387904,1000,4000,100000,1,0,9223372036854775808,5000000000,5000000000,0,0,0,0,0,0,0,0,9223372036854775808,5000000000,5000000000,0,0,0,0,0,0,0,0
676000,1,1,931,1,1,tick,676001,0,0,0,0,5000000000,1000000000,10000000000,500000000,1000000000,4611686018427387904,1000,4000,100000,1,0,9223372036854775808,5000000000,5000000000,0,0,0,0,0,0,0,0,9223372036854775808,5000000000,5000000000,0,0,0,0,0,0,0,0
677000,1,0,932,0,0,tick,677001,0,0,0,0,5000000000,1000000000,10000000000,500000000,1000000000,4611686018427387904,1000,4000,100000,1,0,9223372036854775808,5000000000,5000000000,0,0,0,0,0,0,0,0,9223372036854775808,5000000000,5000000000,0,0,0,0,0,0,0,0
677000,1,1,932,1,1,tick,677001,0,0,0,0,5000000000,1000000000,10000000000,500000000,1000000000,4611686018427387904,1000,4000,100000,1,0,9223372036854775808,5000000000,5000000000,0,0,0,0,0,0,0,0,9223372036854775808,5000000000,5000000000,0,0,0,0,0,0,0,0
678000,1,0,933,0,0,tick,678001,0,0,0,0,5000000000,1000000000,10000000000,500000000,1000000000,4611686018427387904,1000,4000,100000,1,0,9223372036854775808,5000000000,5000000000,0,0,0,0,0,0,0,0,9223372036854775808,5000000000,5000000000,0,0,0,0,0,0,0,0
678000,1,1,933,1,1,tick,678001,0,0,0,0,5000000000,1000000000,10000000000,500000000,1000000000,4611686018427387904,1000,4000,100000,1,0,9223372036854775808,5000000000,5000000000,0,0,0,0,0,0,0,0,9223372036854775808,5000000000,5000000000,0,0,0,0,0,0,0,0
679000,1,0,934,0,0,tick,679001,0,0,0,0,5000000000,1000000000,10000000000,500000000,1000000000,4611686018427387904,1000,4000,100000,1,0,9223372036854775808,5000000000,5000000000,0,0,0,0,0,0,0,0,9223372036854775808,5000000000,5000000000,0,0,0,0,0,0,0,0
679000,1,1,934,1,1,tick,679001,0,0,0,0,5000000000,1000000000,10000000000,500000000,1000000000,4611686018427387904,1000,4000,100000,1,0,9223372036854775808,5000000000,5000000000,0,0,0,0,0,0,0,0,9223372036854775808,5000000000,5000000000,0,0,0,0,0,0,0,0
680000,1,0,935,0,0,tick,680001,0,0,0,0,5000000000,1000000000,10000000000,500000000,1000000000,4611686018427387904,1000,4000,100000,1,0,9223372036854775808,5000000000,5000000000,0,0,0,0,0,0,0,0,9223372036854775808,5000000000,5000000000,0,0,0,0,0,0,0,0
680000,1,1,935,1,1,tick,680001,0,0,0,0,5000000000,1000000000,10000000000,500000000,1000000000,4611686018427387904,1000,4000,100000,1,0,9223372036854775808,5000000000,5000000000,0,0,0,0,0,0,0,0,9223372036854775808,5000000000,5000000000,0,0,0,0,0,0,0,0
681000,1,0,936,0,0,tick,681001,0,0,0,0,5000000000,1000000000,10000000000,500000000,1000000000,4611686018427387904,1000,4000,100000,1,0,9223372036854775808,5000000000,5000000000,0,0,0,0,0,0,0,0,9223372036854775808,5000000000,5000000000,0,0,0,0,0,0,0,0
681000,1,1,936,1,1,tick,681001,0,0,0,0,5000000000,1000000000,10000000000,500000000,1000000000,4611686018427387904,1000,4000,100000,1,0,9223372036854775808,5000000000,5000000000,0,0,0,0,0,0,0,0,9223372036854775808,5000000000,5000000000,0,0,0,0,0,0,0,0
682000,1,0,938,0,0,tick,682001,0,0,0,0,5000000000,1000000000,10000000000,500000000,1000000000,4611686018427387904,1000,4000,100000,1,0,9223372036854775808,5000000000,5000000000,0,0,0,0,0,0,0,0,9223372036854775808,5000000000,5000000000,0,0,0,0,0,0,0,0
682000,1,1,938,1,1,tick,682001,0,0,0,0,5000000000,1000000000,10000000000,500000000,1000000000,4611686018427387904,1000,4000,100000,1,0,9223372036854775808,5000000000,5000000000,0,0,0,0,0,0,0,0,9223372036854775808,5000000000,5000000000,0,0,0,0,0,0,0,0
683000,1,0,941,0,0,tick,683001,0,0,0,0,5000000000,1000000000,10000000000,500000000,1000000000,4611686018427387904,1000,4000,100000,1,0,9223372036854775808,5000000000,5000000000,0,0,0,0,0,0,0,0,9223372036854775808,5000000000,5000000000,0,0,0,0,0,0,0,0
683000,1,1,941,1,1,tick,683001,0,0,0,0,5000000000,1000000000,10000000000,500000000,1000000000,4611686018427387904,1000,4000,100000,1,0,9223372036854775808,5000000000,5000000000,0,0,0,0,0,0,0,0,9223372036854775808,5000000000,5000000000,0,0,0,0,0,0,0,0
684000,1,0,942,0,0,tick,684001,0,0,0,0,5000000000,1000000000,10000000000,500000000,1000000000,4611686018427387904,1000,4000,100000,1,0,9223372036854775808,5000000000,5000000000,0,0,0,0,0,0,0,0,9223372036854775808,5000000000,5000000000,0,0,0,0,0,0,0,0
684000,1,1,942,1,1,tick,684001,0,0,0,0,5000000000,1000000000,10000000000,500000000,1000000000,4611686018427387904,1000,4000,100000,1,0,9223372036854775808,5000000000,5000000000,0,0,0,0,0,0,0,0,9223372036854775808,5000000000,5000000000,0,0,0,0,0,0,0,0
685000,1,0,943,0,0,tick,685001,0,0,0,0,5000000000,1000000000,10000000000,500000000,1000000000,4611686018427387904,1000,4000,100000,1,0,9223372036854775808,5000000000,5000000000,0,0,0,0,0,0,0,0,9223372036854775808,5000000000,5000000000,0,0,0,0,0,0,0,0
685000,1,1,943,1,1,tick,685001,0,0,0,0,5000000000,1000000000,10000000000,500000000,1000000000,4611686018427387904,1000,4000,100000,1,0,9223372036854775808,5000000000,5000000000,0,0,0,0,0,0,0,0,9223372036854775808,5000000000,5000000000,0,0,0,0,0,0,0,0
686000,1,0,944,0,0,tick,686001,0,0,0,0,5000000000,1000000000,10000000000,500000000,1000000000,4611686018427387904,1000,4000,100000,1,0,9223372036854775808,5000000000,5000000000,0,0,0,0,0,0,0,0,9223372036854775808,5000000000,5000000000,0,0,0,0,0,0,0,0
686000,1,1,944,1,1,tick,686001,0,0,0,0,5000000000,1000000000,10000000000,500000000,1000000000,4611686018427387904,1000,4000,100000,1,0,9223372036854775808,5000000000,5000000000,0,0,0,0,0,0,0,0,9223372036854775808,5000000000,5000000000,0,0,0,0,0,0,0,0
687000,1,0,945,0,0,tick,687001,0,0,0,0,5000000000,1000000000,10000000000,500000000,1000000000,4611686018427387904,1000,4000,100000,1,0,9223372036854775808,5000000000,5000000000,0,0,0,0,0,0,0,0,9223372036854775808,5000000000,5000000000,0,0,0,0,0,0,0,0
687000,1,1,945,1,1,tick,687001,0,0,0,0,5000000000,1000000000,10000000000,500000000,1000000000,4611686018427387904,1000,4000,100000,1,0,9223372036854775808,5000000000,5000000000,0,0,0,0,0,0,0,0,9223372036854775808,5000000000,5000000000,0,0,0,0,0,0,0,0
688000,1,0,946,0,0,tick,688001,0,0,0,0,5000000000,1000000000,10000000000,500000000,1000000000,4611686018427387904,1000,4000,100000,1,0,9223372036854775808,5000000000,5000000000,0,0,0,0,0,0,0,0,9223372036854775808,5000000000,5000000000,0,0,0,0,0,0,0,0
688000,1,1,946,1,1,tick,688001,0,0,0,0,5000000000,1000000000,10000000000,500000000,1000000000,4611686018427387904,1000,4000,100000,1,0,9223372036854775808,5000000000,5000000000,0,0,0,0,0,0,0,0,9223372036854775808,5000000000,5000000000,0,0,0,0,0,0,0,0
689000,1,0,947,0,0,tick,689001,0,0,0,0,5000000000,1000000000,10000000000,500000000,1000000000,4611686018427387904,1000,4000,100000,1,0,9223372036854775808,5000000000,5000000000,0,0,0,0,0,0,0,0,9223372036854775808,5000000000,5000000000,0,0,0,0,0,0,0,0
689000,1,1,947,1,1,tick,689001,0,0,0,0,5000000000,1000000000,10000000000,500000000,1000000000,4611686018427387904,1000,4000,100000,1,0,9223372036854775808,5000000000,5000000000,0,0,0,0,0,0,0,0,9223372036854775808,5000000000,5000000000,0,0,0,0,0,0,0,0
690000,1,0,949,0,0,tick,690001,0,0,0,0,5000000000,1000000000,10000000000,500000000,1000000000,4611686018427387904,1000,4000,100000,1,0,9223372036854775808,5000000000,5000000000,0,0,0,0,0,0,0,0,9223372036854775808,5000000000,5000000000,0,0,0,0,0,0,0,0
690000,1,1,949,1,1,tick,690001,0,0,0,0,5000000000,1000000000,10000000000,500000000,1000000000,4611686018427387904,1000,4000,100000,1,0,9223372036854775808,5000000000,5000000000,0,0,0,0,0,0,0,0,9223372036854775808,5000000000,5000000000,0,0,0,0,0,0,0,0
691000,1,0,952,0,0,tick,691001,0,0,0,0,5000000000,1000000000,10000000000,500000000,1000000000,4611686018427387904,1000,4000,100000,1,0,9223372036854775808,5000000000,5000000000,0,0,0,0,0,0,0,0,9223372036854775808,5000000000,5000000000,0,0,0,0,0,0,0,0
691000,1,1,952,1,1,tick,691001,0,0,0,0,5000000000,1000000000,10000000000,500000000,1000000000,4611686018427387904,1000,4000,100000,1,0,9223372036854775808,5000000000,5000000000,0,0,0,0,0,0,0,0,9223372036854775808,5000000000,5000000000,0,0,0,0,0,0,0,0
692000,1,0,953,0,0,tick,692001,0,0,0,0,5000000000,1000000000,10000000000,500000000,1000000000,4611686018427387904,1000,4000,100000,1,0,9223372036854775808,5000000000,5000000000,0,0,0,0,0,0,0,0,9223372036854775808,5000000000,5000000000,0,0,0,0,0,0,0,0
692000,1,1,953,1,1,tick,692001,0,0,0,0,5000000000,1000000000,10000000000,500000000,1000000000,4611686018427387904,1000,4000,100000,1,0,9223372036854775808,5000000000,5000000000,0,0,0,0,0,0,0,0,9223372036854775808,5000000000,5000000000,0,0,0,0,0,0,0,0
693000,1,0,954,0,0,tick,693001,0,0,0,0,5000000000,1000000000,10000000000,500000000,1000000000,4611686018427387904,1000,4000,100000,1,0,9223372036854775808,5000000000,5000000000,0,0,0,0,0,0,0,0,9223372036854775808,5000000000,5000000000,0,0,0,0,0,0,0,0
693000,1,1,954,1,1,tick,693001,0,0,0,0,5000000000,1000000000,10000000000,500000000,1000000000,4611686018427387904,1000,4000,100000,1,0,9223372036854775808,5000000000,5000000000,0,0,0,0,0,0,0,0,9223372036854775808,5000000000,5000000000,0,0,0,0,0,0,0,0
694000,1,0,955,0,0,tick,694001,0,0,0,0,5000000000,1000000000,10000000000,500000000,1000000000,4611686018427387904,1000,4000,100000,1,0,9223372036854775808,5000000000,5000000000,0,0,0,0,0,0,0,0,9223372036854775808,5000000000,5000000000,0,0,0,0,0,0,0,0
694000,1,1,955,1,1,tick,694001,0,0,0,0,5000000000,1000000000,10000000000,500000000,1000000000,4611686018427387904,1000,4000,100000,1,0,9223372036854775808,5000000000,5000000000,0,0,0,0,0,0,0,0,9223372036854775808,5000000000,5000000000,0,0,0,0,0,0,0,0
695000,1,0,956,0,0,tick,695001,0,0,0,0,5000000000,1000000000,10000000000,500000000,1000000000,4611686018427387904,1000,4000,100000,1,0,9223372036854775808,5000000000,5000000000,0,0,0,0,0,0,0,0,9223372036854775808,5000000000,5000000000,0,0,0,0,0,0,0,0
695000,1,1,956,1,1,tick,695001,0,0,0,0,5000000000,1000000000,10000000000,500000000,1000000000,4611686018427387904,1000,4000,100000,1,0,9223372036854775808,5000000000,5000000000,0,0,0,0,0,0,0,0,9223372036854775808,5000000000,5000000000,0,0,0,0,0,0,0,0
696000,1,0,957,0,0,tick,696001,0,0,0,0,5000000000,1000000000,10000000000,500000000,1000000000,4611686018427387904,1000,4000,100000,1,0,9223372036854775808,5000000000,5000000000,0,0,0,0,0,0,0,0,9223372036854775808,5000000000,5000000000,0,0,0,0,0,0,0,0
696000,1,1,957,1,1,tick,696001,0,0,0,0,5000000000,1000000000,10000000000,500000000,1000000000,4611686018427387904,1000,4000,100000,1,0,9223372036854775808,5000000000,5000000000,0,0,0,0,0,0,0,0,9223372036854775808,5000000000,5000000000,0,0,0,0,0,0,0,0
697000,1,0,958,0,0,tick,697001,0,0,0,0,5000000000,1000000000,10000000000,500000000,1000000000,4611686018427387904,1000,4000,100000,1,0,9223372036854775808,5000000000,5000000000,0,0,0,0,0,0,0,0,9223372036854775808,5000000000,5000000000,0,0,0,0,0,0,0,0
697000,1,1,958,1,1,tick,697001,0,0,0,0,5000000000,1000000000,10000000000,500000000,1000000000,4611686018427387904,1000,4000,100000,1,0,9223372036854775808,5000000000,5000000000,0,0,0,0,0,0,0,0,9223372036854775808,5000000000,5000000000,0,0,0,0,0,0,0,0
698000,1,0,960,0,0,tick,698001,0,0,0,0,5000000000,1000000000,10000000000,500000000,1000000000,4611686018427387904,1000,4000,100000,1,0,9223372036854775808,5000000000,5000000000,0,0,0,0,0,0,0,0,9223372036854775808,5000000000,5000000000,0,0,0,0,0,0,0,0
698000,1,1,960,1,1,tick,698001,0,0,0,0,5000000000,1000000000,10000000000,500000000,1000000000,4611686018427387904,1000,4000,100000,1,0,9223372036854775808,5000000000,5000000000,0,0,0,0,0,0,0,0,9223372036854775808,5000000000,5000000000,0,0,0,0,0,0,0,0
699000,1,0,963,0,0,tick,699001,0,0,0,0,5000000000,1000000000,10000000000,500000000,1000000000,4611686018427387904,1000,4000,100000,1,0,9223372036854775808,5000000000,5000000000,0,0,0,0,0,0,0,0,9223372036854775808,5000000000,5000000000,0,0,0,0,0,0,0,0
699000,1,1,963,1,1,tick,699001,0,0,0,0,5000000000,1000000000,10000000000,500000000,1000000000,4611686018427387904,1000,4000,100000,1,0,9223372036854775808,5000000000,5000000000,0,0,0,0,0,0,0,0,9223372036854775808,5000000000,5000000000,0,0,0,0,0,0,0,0
700000,1,0,964,0,0,tick,700001,0,0,0,0,5000000000,1000000000,10000000000,500000000,1000000000,4611686018427387904,1000,4000,100000,1,0,9223372036854775808,5000000000,5000000000,0,0,0,0,0,0,0,0,9223372036854775808,5000000000,5000000000,0,0,0,0,0,0,0,0
700000,1,1,964,1,1,tick,700001,0,0,0,0,5000000000,1000000000,10000000000,500000000,1000000000,4611686018427387904,1000,4000,100000,1,0,9223372036854775808,5000000000,5000000000,0,0,0,0,0,0,0,0,9223372036854775808,5000000000,5000000000,0,0,0,0,0,0,0,0
701000,1,0,965,0,0,tick,701001,0,0,0,0,5000000000,1000000000,10000000000,500000000,1000000000,4611686018427387904,1000,4000,100000,1,0,9223372036854775808,5000000000,5000000000,0,0,0,0,0,0,0,0,9223372036854775808,5000000000,5000000000,0,0,0,0,0,0,0,0
701000,1,1,965,1,1,tick,701001,0,0,0,0,5000000000,1000000000,10000000000,500000000,1000000000,4611686018427387904,1000,4000,100000,1,0,9223372036854775808,5000000000,5000000000,0,0,0,0,0,0,0,0,9223372036854775808,5000000000,5000000000,0,0,0,0,0,0,0,0
702000,1,0,966,0,0,tick,702001,0,0,0,0,5000000000,1000000000,10000000000,500000000,1000000000,4611686018427387904,1000,4000,100000,1,0,9223372036854775808,5000000000,5000000000,0,0,0,0,0,0,0,0,9223372036854775808,5000000000,5000000000,0,0,0,0,0,0,0,0
702000,1,1,966,1,1,tick,702001,0,0,0,0,5000000000,1000000000,10000000000,500000000,1000000000,4611686018427387904,1000,4000,100000,1,0,9223372036854775808,5000000000,5000000000,0,0,0,0,0,0,0,0,9223372036854775808,5000000000,5000000000,0,0,0,0,0,0,0,0
703000,1,0,967,0,0,tick,703001,0,0,0,0,5000000000,1000000000,10000000000,500000000,1000000000,4611686018427387904,1000,4000,100000,1,0,9223372036854775808,5000000000,5000000000,0,0,0,0,0,0,0,0,9223372036854775808,5000000000,5000000000,0,0,0,0,0,0,0,0
703000,1,1,967,1,1,tick,703001,0,0,0,0,5000000000,1000000000,10000000000,500000000,1000000000,4611686018427387904,1000,4000,100000,1,0,9223372036854775808,5000000000,5000000000,0,0,0,0,0,0,0,0,9223372036854775808,5000000000,5000000000,0,0,0,0,0,0,0,0
704000,1,0,968,0,0,tick,704001,0,0,0,0,5000000000,1000000000,10000000000,500000000,1000000000,4611686018427387904,1000,4000,100000,1,0,9223372036854775808,5000000000,5000000000,0,0,0,0,0,0,0,0,9223372036854775808,5000000000,5000000000,0,0,0,0,0,0,0,0
704000,1,1,968,1,1,tick,704001,0,0,0,0,5000000000,1000000000,10000000000,500000000,1000000000,4611686018427387904,1000,4000,100000,1,0,9223372036854775808,5000000000,5000000000,0,0,0,0,0,0,0,0,9223372036854775808,5000000000,5000000000,0,0,0,0,0,0,0,0
705000,1,0,969,0,0,tick,705001,0,0,0,0,5000000000,1000000000,10000000000,500000000,1000000000,4611686018427387904,1000,4000,100000,1,0,9223372036854775808,5000000000,5000000000,0,0,0,0,0,0,0,0,9223372036854775808,5000000000,5000000000,0,0,0,0,0,0,0,0
705000,1,1,969,1,1,tick,705001,0,0,0,0,5000000000,1000000000,10000000000,500000000,1000000000,4611686018427387904,1000,4000,100000,1,0,9223372036854775808,5000000000,5000000000,0,0,0,0,0,0,0,0,9223372036854775808,5000000000,5000000000,0,0,0,0,0,0,0,0
706000,1,0,971,0,0,tick,706001,0,0,0,0,5000000000,1000000000,10000000000,500000000,1000000000,4611686018427387904,1000,4000,100000,1,0,9223372036854775808,5000000000,5000000000,0,0,0,0,0,0,0,0,9223372036854775808,5000000000,5000000000,0,0,0,0,0,0,0,0
706000,1,1,971,1,1,tick,706001,0,0,0,0,5000000000,1000000000,10000000000,500000000,1000000000,4611686018427387904,1000,4000,100000,1,0,9223372036854775808,5000000000,5000000000,0,0,0,0,0,0,0,0,9223372036854775808,5000000000,5000000000,0,0,0,0,0,0,0,0
707000,1,0,974,0,0,tick,707001,0,0,0,0,5000000000,1000000000,10000000000,500000000,1000000000,4611686018427387904,1000,4000,100000,1,0,9223372036854775808,5000000000,5000000000,0,0,0,0,0,0,0,0,9223372036854775808,5000000000,5000000000,0,0,0,0,0,0,0,0
707000,1,1,974,1,1,tick,707001,0,0,0,0,5000000000,1000000000,10000000000,500000000,1000000000,4611686018427387904,1000,4000,100000,1,0,9223372036854775808,5000000000,5000000000,0,0,0,0,0,0,0,0,9223372036854775808,5000000000,5000000000,0,0,0,0,0,0,0,0
708000,1,0,975,0,0,tick,708001,0,0,0,0,5000000000,1000000000,10000000000,500000000,1000000000,4611686018427387904,1000,4000,100000,1,0,9223372036854775808,5000000000,5000000000,0,0,0,0,0,0,0,0,9223372036854775808,5000000000,5000000000,0,0,0,0,0,0,0,0
708000,1,1,975,1,1,tick,708001,0,0,0,0,5000000000,1000000000,10000000000,500000000,1000000000,4611686018427387904,1000,4000,100000,1,0,9223372036854775808,5000000000,5000000000,0,0,0,0,0,0,0,0,9223372036854775808,5000000000,5000000000,0,0,0,0,0,0,0,0
709000,1,0,976,0,0,tick,709001,0,0,0,0,5000000000,1000000000,10000000000,500000000,1000000000,4611686018427387904,1000,4000,100000,1,0,9223372036854775808,5000000000,5000000000,0,0,0,0,0,0,0,0,9223372036854775808,5000000000,5000000000,0,0,0,0,0,0,0,0
709000,1,1,976,1,1,tick,709001,0,0,0,0,5000000000,1000000000,10000000000,500000000,1000000000,4611686018427387904,1000,4000,100000,1,0,9223372036854775808,5000000000,5000000000,0,0,0,0,0,0,0,0,9223372036854775808,5000000000,5000000000,0,0,0,0,0,0,0,0
710000,1,0,977,0,0,tick,710001,0,0,0,0,5000000000,1000000000,10000000000,500000000,1000000000,4611686018427387904,1000,4000,100000,1,0,9223372036854775808,5000000000,5000000000,0,0,0,0,0,0,0,0,9223372036854775808,5000000000,5000000000,0,0,0,0,0,0,0,0
710000,1,1,977,1,1,tick,710001,0,0,0,0,5000000000,1000000000,10000000000,500000000,1000000000,4611686018427387904,1000,4000,100000,1,0,9223372036854775808,5000000000,5000000000,0,0,0,0,0,0,0,0,9223372036854775808,5000000000,5000000000,0,0,0,0,0,0,0,0
711000,1,0,978,0,0,tick,711001,0,0,0,0,5000000000,1000000000,10000000000,500000000,1000000000,4611686018427387904,1000,4000,100000,1,0,9223372036854775808,5000000000,5000000000,0,0,0,0,0,0,0,0,9223372036854775808,5000000000,5000000000,0,0,0,0,0,0,0,0
711000,1,1,978,1,1,tick,711001,0,0,0,0,5000000000,1000000000,10000000000,500000000,1000000000,4611686018427387904,1000,4000,100000,1,0,9223372036854775808,5000000000,5000000000,0,0,0,0,0,0,0,0,9223372036854775808,5000000000,5000000000,0,0,0,0,0,0,0,0
712000,1,0,979,0,0,tick,712001,0,0,0,0,5000000000,1000000000,10000000000,500000000,1000000000,4611686018427387904,1000,4000,100000,1,0,9223372036854775808,5000000000,5000000000,0,0,0,0,0,0,0,0,9223372036854775808,5000000000,5000000000,0,0,0,0,0,0,0,0
712000,1,1,979,1,1,tick,712001,0,0,0,0,5000000000,1000000000,10000000000,500000000,1000000000,4611686018427387904,1000,4000,100000,1,0,9223372036854775808,5000000000,5000000000,0,0,0,0,0,0,0,0,9223372036854775808,5000000000,5000000000,0,0,0,0,0,0,0,0
713000,1,0,980,0,0,tick,713001,0,0,0,0,5000000000,1000000000,10000000000,500000000,1000000000,4611686018427387904,1000,4000,100000,1,0,9223372036854775808,5000000000,5000000000,0,0,0,0,0,0,0,0,9223372036854775808,5000000000,5000000000,0,0,0,0,0,0,0,0
713000,1,1,980,1,1,tick,713001,0,0,0,0,5000000000,1000000000,10000000000,500000000,1000000000,4611686018427387904,1000,4000,100000,1,0,9223372036854775808,5000000000,5000000000,0,0,0,0,0,0,0,0,9223372036854775808,5000000000,5000000000,0,0,0,0,0,0,0,0
714000,1,0,982,0,0,tick,714001,0,0,0,0,5000000000,1000000000,10000000000,500000000,1000000000,4611686018427387904,1000,4000,100000,1,0,9223372036854775808,5000000000,5000000000,0,0,0,0,0,0,0,0,9223372036854775808,5000000000,5000000000,0,0,0,0,0,0,0,0
714000,1,1,982,1,1,tick,714001,0,0,0,0,5000000000,1000000000,10000000000,500000000,1000000000,4611686018427387904,1000,4000,100000,1,0,9223372036854775808,5000000000,5000000000,0,0,0,0,0,0,0,0,9223372036854775808,5000000000,5000000000,0,0,0,0,0,0,0,0
715000,1,0,985,0,0,tick,715001,0,0,0,0,5000000000,1000000000,10000000000,500000000,1000000000,4611686018427387904,1000,4000,100000,1,0,9223372036854775808,5000000000,5000000000,0,0,0,0,0,0,0,0,9223372036854775808,5000000000,5000000000,0,0,0,0,0,0,0,0
715000,1,1,985,1,1,tick,715001,0,0,0,0,5000000000,1000000000,10000000000,500000000,1000000000,4611686018427387904,1000,4000,100000,1,0,9223372036854775808,5000000000,5000000000,0,0,0,0,0,0,0,0,9223372036854775808,5000000000,5000000000,0,0,0,0,0,0,0,0
716000,1,0,986,0,0,tick,716001,0,0,0,0,5000000000,1000000000,10000000000,500000000,1000000000,4611686018427387904,1000,4000,100000,1,0,9223372036854775808,5000000000,5000000000,0,0,0,0,0,0,0,0,9223372036854775808,5000000000,5000000000,0,0,0,0,0,0,0,0
716000,1,1,986,1,1,tick,716001,0,0,0,0,5000000000,1000000000,10000000000,500000000,1000000000,4611686018427387904,1000,4000,100000,1,0,9223372036854775808,5000000000,5000000000,0,0,0,0,0,0,0,0,9223372036854775808,5000000000,5000000000,0,0,0,0,0,0,0,0
717000,1,0,987,0,0,tick,717001,0,0,0,0,5000000000,1000000000,10000000000,500000000,1000000000,4611686018427387904,1000,4000,100000,1,0,9223372036854775808,5000000000,5000000000,0,0,0,0,0,0,0,0,9223372036854775808,5000000000,5000000000,0,0,0,0,0,0,0,0
717000,1,1,987,1,1,tick,717001,0,0,0,0,5000000000,1000000000,10000000000,500000000,1000000000,4611686018427387904,1000,4000,100000,1,0,9223372036854775808,5000000000,5000000000,0,0,0,0,0,0,0,0,9223372036854775808,5000000000,5000000000,0,0,0,0,0,0,0,0
718000,1,0,988,0,0,tick,718001,0,0,0,0,5000000000,1000000000,10000000000,500000000,1000000000,4611686018427387904,1000,4000,100000,1,0,9223372036854775808,5000000000,5000000000,0,0,0,0,0,0,0,0,9223372036854775808,5000000000,5000000000,0,0,0,0,0,0,0,0
718000,1,1,988,1,1,tick,718001,0,0,0,0,5000000000,1000000000,10000000000,500000000,1000000000,4611686018427387904,1000,4000,100000,1,0,9223372036854775808,5000000000,5000000000,0,0,0,0,0,0,0,0,9223372036854775808,5000000000,5000000000,0,0,0,0,0,0,0,0
719000,1,0,989,0,0,tick,719001,0,0,0,0,5000000000,1000000000,10000000000,500000000,1000000000,4611686018427387904,1000,4000,100000,1,0,9223372036854775808,5000000000,5000000000,0,0,0,0,0,0,0,0,9223372036854775808,5000000000,5000000000,0,0,0,0,0,0,0,0
719000,1,1,989,1,1,tick,719001,0,0,0,0,5000000000,1000000000,10000000000,500000000,1000000000,4611686018427387904,1000,4000,100000,1,0,9223372036854775808,5000000000,5000000000,0,0,0,0,0,0,0,0,9223372036854775808,5000000000,5000000000,0,0,0,0,0,0,0,0
720000,1,0,990,0,0,tick,720001,0,0,0,0,5000000000,1000000000,10000000000,500000000,1000000000,4611686018427387904,1000,4000,100000,1,0,9223372036854775808,5000000000,5000000000,0,0,0,0,0,0,0,0,9223372036854775808,5000000000,5000000000,0,0,0,0,0,0,0,0
720000,1,1,990,1,1,tick,720001,0,0,0,0,5000000000,1000000000,10000000000,500000000,1000000000,4611686018427387904,1000,4000,100000,1,0,9223372036854775808,5000000000,5000000000,0,0,0,0,0,0,0,0,9223372036854775808,5000000000,5000000000,0,0,0,0,0,0,0,0
721000,1,0,991,0,0,tick,721001,0,0,0,0,5000000000,1000000000,10000000000,500000000,1000000000,4611686018427387904,1000,4000,100000,1,0,9223372036854775808,5000000000,5000000000,0,0,0,0,0,0,0,0,9223372036854775808,5000000000,5000000000,0,0,0,0,0,0,0,0
721000,1,1,991,1,1,tick,721001,0,0,0,0,5000000000,1000000000,10000000000,500000000,1000000000,4611686018427387904,1000,4000,100000,1,0,9223372036854775808,5000000000,5000000000,0,0,0,0,0,0,0,0,9223372036854775808,5000000000,5000000000,0,0,0,0,0,0,0,0
722000,1,0,993,0,0,tick,722001,0,0,0,0,5000000000,1000000000,10000000000,500000000,1000000000,4611686018427387904,1000,4000,100000,1,0,9223372036854775808,5000000000,5000000000,0,0,0,0,0,0,0,0,9223372036854775808,5000000000,5000000000,0,0,0,0,0,0,0,0
722000,1,1,993,1,1,tick,722001,0,0,0,0,5000000000,1000000000,10000000000,500000000,1000000000,4611686018427387904,1000,4000,100000,1,0,9223372036854775808,5000000000,5000000000,0,0,0,0,0,0,0,0,9223372036854775808,5000000000,5000000000,0,0,0,0,0,0,0,0
723000,1,0,996,0,0,tick,723001,0,0,0,0,5000000000,1000000000,10000000000,500000000,1000000000,4611686018427387904,1000,4000,100000,1,0,9223372036854775808,5000000000,5000000000,0,0,0,0,0,0,0,0,9223372036854775808,5000000000,5000000000,0,0,0,0,0,0,0,0
723000,1,1,996,1,1,tick,723001,0,0,0,0,5000000000,1000000000,10000000000,500000000,1000000000,4611686018427387904,1000,4000,100000,1,0,9223372036854775808,5000000000,5000000000,0,0,0,0,0,0,0,0,9223372036854775808,5000000000,5000000000,0,0,0,0,0,0,0,0
724000,1,0,997,0,0,tick,724001,0,0,0,0,5000000000,1000000000,10000000000,500000000,1000000000,4611686018427387904,1000,4000,100000,1,0,9223372036854775808,5000000000,5000000000,0,0,0,0,0,0,0,0,9223372036854775808,5000000000,5000000000,0,0,0,0,0,0,0,0
724000,1,1,997,1,1,tick,724001,0,0,0,0,5000000000,1000000000,10000000000,500000000,1000000000,4611686018427387904,1000,4000,100000,1,0,9223372036854775808,5000000000,5000000000,0,0,0,0,0,0,0,0,9223372036854775808,5000000000,5000000000,0,0,0,0,0,0,0,0
725000,1,0,998,0,0,tick,725001,0,0,0,0,5000000000,1000000000,10000000000,500000000,1000000000,4611686018427387904,1000,4000,100000,1,0,9223372036854775808,5000000000,5000000000,0,0,0,0,0,0,0,0,9223372036854775808,5000000000,5000000000,0,0,0,0,0,0,0,0
725000,1,1,998,1,1,tick,725001,0,0,0,0,5000000000,1000000000,10000000000,500000000,1000000000,4611686018427387904,1000,4000,100000,1,0,9223372036854775808,5000000000,5000000000,0,0,0,0,0,0,0,0,9223372036854775808,5000000000,5000000000,0,0,0,0,0,0,0,0
726000,1,0,999,0,0,tick,726001,0,0,0,0,5000000000,1000000000,10000000000,500000000,1000000000,4611686018427387904,1000,4000,100000,1,0,9223372036854775808,5000000000,5000000000,0,0,0,0,0,0,0,0,9223372036854775808,5000000000,5000000000,0,0,0,0,0,0,0,0
726000,1,1,999,1,1,tick,726001,0,0,0,0,5000000000,1000000000,10000000000,500000000,1000000000,4611686018427387904,1000,4000,100000,1,0,9223372036854775808,5000000000,5000000000,0,0,0,0,0,0,0,0,9223372036854775808,5000000000,5000000000,0,0,0,0,0,0,0,0
727000,1,0,1000,0,0,tick,727001,0,0,0,0,5000000000,1000000000,10000000000,500000000,1000000000,4611686018427387904,1000,4000,100000,1,0,9223372036854775808,5000000000,5000000000,0,0,0,0,0,0,0,0,9223372036854775808,5000000000,5000000000,0,0,0,0,0,0,0,0
727000,1,1,1000,1,1,tick,727001,0,0,0,0,5000000000,1000000000,10000000000,500000000,1000000000,4611686018427387904,1000,4000,100000,1,0,9223372036854775808,5000000000,5000000000,0,0,0,0,0,0,0,0,9223372036854775808,5000000000,5000000000,0,0,0,0,0,0,0,0
728000,1,0,1001,0,0,tick,728001,0,0,0,0,5000000000,1000000000,10000000000,500000000,1000000000,4611686018427387904,1000,4000,100000,1,0,9223372036854775808,5000000000,5000000000,0,0,0,0,0,0,0,0,9223372036854775808,5000000000,5000000000,0,0,0,0,0,0,0,0
728000,1,1,1001,1,1,tick,728001,0,0,0,0,5000000000,1000000000,10000000000,500000000,1000000000,4611686018427387904,1000,4000,100000,1,0,9223372036854775808,5000000000,5000000000,0,0,0,0,0,0,0,0,9223372036854775808,5000000000,5000000000,0,0,0,0,0,0,0,0
729000,1,0,1002,0,0,tick,729001,0,0,0,0,5000000000,1000000000,10000000000,500000000,1000000000,4611686018427387904,1000,4000,100000,1,0,9223372036854775808,5000000000,5000000000,0,0,0,0,0,0,0,0,9223372036854775808,5000000000,5000000000,0,0,0,0,0,0,0,0
729000,1,1,1002,1,1,tick,729001,0,0,0,0,5000000000,1000000000,10000000000,500000000,1000000000,4611686018427387904,1000,4000,100000,1,0,9223372036854775808,5000000000,5000000000,0,0,0,0,0,0,0,0,9223372036854775808,5000000000,5000000000,0,0,0,0,0,0,0,0
730000,1,0,1004,0,0,tick,730001,0,0,0,0,5000000000,1000000000,10000000000,500000000,1000000000,4611686018427387904,1000,4000,100000,1,0,9223372036854775808,5000000000,5000000000,0,0,0,0,0,0,0,0,9223372036854775808,5000000000,5000000000,0,0,0,0,0,0,0,0
730000,1,1,1004,1,1,tick,730001,0,0,0,0,5000000000,1000000000,10000000000,500000000,1000000000,4611686018427387904,1000,4000,100000,1,0,9223372036854775808,5000000000,5000000000,0,0,0,0,0,0,0,0,9223372036854775808,5000000000,5000000000,0,0,0,0,0,0,0,0
731000,1,0,1007,0,0,tick,731001,0,0,0,0,5000000000,1000000000,10000000000,500000000,1000000000,4611686018427387904,1000,4000,100000,1,0,9223372036854775808,5000000000,5000000000,0,0,0,0,0,0,0,0,9223372036854775808,5000000000,5000000000,0,0,0,0,0,0,0,0
731000,1,1,1007,1,1,tick,731001,0,0,0,0,5000000000,1000000000,10000000000,500000000,1000000000,4611686018427387904,1000,4000,100000,1,0,9223372036854775808,5000000000,5000000000,0,0,0,0,0,0,0,0,9223372036854775808,5000000000,5000000000,0,0,0,0,0,0,0,0
732000,1,0,1008,0,0,tick,732001,0,0,0,0,5000000000,1000000000,10000000000,500000000,1000000000,4611686018427387904,1000,4000,100000,1,0,9223372036854775808,5000000000,5000000000,0,0,0,0,0,0,0,0,9223372036854775808,5000000000,5000000000,0,0,0,0,0,0,0,0
732000,1,1,1008,1,1,tick,732001,0,0,0,0,5000000000,1000000000,10000000000,500000000,1000000000,4611686018427387904,1000,4000,100000,1,0,9223372036854775808,5000000000,5000000000,0,0,0,0,0,0,0,0,9223372036854775808,5000000000,5000000000,0,0,0,0,0,0,0,0
733000,1,0,1009,0,0,tick,733001,0,0,0,0,5000000000,1000000000,10000000000,500000000,1000000000,4611686018427387904,1000,4000,100000,1,0,9223372036854775808,5000000000,5000000000,0,0,0,0,0,0,0,0,9223372036854775808,5000000000,5000000000,0,0,0,0,0,0,0,0
733000,1,1,1009,1,1,tick,733001,0,0,0,0,5000000000,1000000000,10000000000,500000000,1000000000,4611686018427387904,1000,4000,100000,1,0,9223372036854775808,5000000000,5000000000,0,0,0,0,0,0,0,0,9223372036854775808,5000000000,5000000000,0,0,0,0,0,0,0,0
734000,1,0,1010,0,0,tick,734001,0,0,0,0,5000000000,1000000000,10000000000,500000000,1000000000,4611686018427387904,1000,4000,100000,1,0,9223372036854775808,5000000000,5000000000,0,0,0,0,0,0,0,0,9223372036854775808,5000000000,5000000000,0,0,0,0,0,0,0,0
734000,1,1,1010,1,1,tick,734001,0,0,0,0,5000000000,1000000000,10000000000,500000000,1000000000,4611686018427387904,1000,4000,100000,1,0,9223372036854775808,5000000000,5000000000,0,0,0,0,0,0,0,0,9223372036854775808,5000000000,5000000000,0,0,0,0,0,0,0,0
735000,1,0,1011,0,0,tick,735001,0,0,0,0,5000000000,1000000000,10000000000,500000000,1000000000,4611686018427387904,1000,4000,100000,1,0,9223372036854775808,5000000000,5000000000,0,0,0,0,0,0,0,0,9223372036854775808,5000000000,5000000000,0,0,0,0,0,0,0,0
735000,1,1,1011,1,1,tick,735001,0,0,0,0,5000000000,1000000000,10000000000,500000000,1000000000,4611686018427387904,1000,4000,100000,1,0,9223372036854775808,5000000000,5000000000,0,0,0,0,0,0,0,0,9223372036854775808,5000000000,5000000000,0,0,0,0,0,0,0,0
736000,1,0,1012,0,0,tick,736001,0,0,0,0,5000000000,1000000000,10000000000,500000000,1000000000,4611686018427387904,1000,4000,100000,1,0,9223372036854775808,5000000000,5000000000,0,0,0,0,0,0,0,0,9223372036854775808,5000000000,5000000000,0,0,0,0,0,0,0,0
736000,1,1,1012,1,1,tick,736001,0,0,0,0,5000000000,1000000000,10000000000,500000000,1000000000,4611686018427387904,1000,4000,100000,1,0,9223372036854775808,5000000000,5000000000,0,0,0,0,0,0,0,0,9223372036854775808,5000000000,5000000000,0,0,0,0,0,0,0,0
737000,1,0,1013,0,0,tick,737001,0,0,0,0,5000000000,1000000000,10000000000,500000000,1000000000,4611686018427387904,1000,4000,100000,1,0,9223372036854775808,5000000000,5000000000,0,0,0,0,0,0,0,0,9223372036854775808,5000000000,5000000000,0,0,0,0,0,0,0,0
737000,1,1,1013,1,1,tick,737001,0,0,0,0,5000000000,1000000000,10000000000,500000000,1000000000,4611686018427387904,1000,4000,100000,1,0,9223372036854775808,5000000000,5000000000,0,0,0,0,0,0,0,0,9223372036854775808,5000000000,5000000000,0,0,0,0,0,0,0,0
738000,1,0,1015,0,0,tick,738001,0,0,0,0,5000000000,1000000000,10000000000,500000000,1000000000,4611686018427387904,1000,4000,100000,1,0,9223372036854775808,5000000000,5000000000,0,0,0,0,0,0,0,0,9223372036854775808,5000000000,5000000000,0,0,0,0,0,0,0,0
738000,1,1,1015,1,1,tick,738001,0,0,0,0,5000000000,1000000000,10000000000,500000000,1000000000,4611686018427387904,1000,4000,100000,1,0,9223372036854775808,5000000000,5000000000,0,0,0,0,0,0,0,0,9223372036854775808,5000000000,5000000000,0,0,0,0,0,0,0,0
739000,1,0,1018,0,0,tick,739001,0,0,0,0,5000000000,1000000000,10000000000,500000000,1000000000,4611686018427387904,1000,4000,100000,1,0,9223372036854775808,5000000000,5000000000,0,0,0,0,0,0,0,0,9223372036854775808,5000000000,5000000000,0,0,0,0,0,0,0,0
739000,1,1,1018,1,1,tick,739001,0,0,0,0,5000000000,1000000000,10000000000,500000000,1000000000,4611686018427387904,1000,4000,100000,1,0,9223372036854775808,5000000000,5000000000,0,0,0,0,0,0,0,0,9223372036854775808,5000000000,5000000000,0,0,0,0,0,0,0,0
740000,1,0,1019,0,0,tick,740001,0,0,0,0,5000000000,1000000000,10000000000,500000000,1000000000,4611686018427387904,1000,4000,100000,1,0,9223372036854775808,5000000000,5000000000,0,0,0,0,0,0,0,0,9223372036854775808,5000000000,5000000000,0,0,0,0,0,0,0,0
740000,1,1,1019,1,1,tick,740001,0,0,0,0,5000000000,1000000000,10000000000,500000000,1000000000,4611686018427387904,1000,4000,100000,1,0,9223372036854775808,5000000000,5000000000,0,0,0,0,0,0,0,0,9223372036854775808,5000000000,5000000000,0,0,0,0,0,0,0,0
741000,1,0,1020,0,0,tick,741001,0,0,0,0,5000000000,1000000000,10000000000,500000000,1000000000,4611686018427387904,1000,4000,100000,1,0,9223372036854775808,5000000000,5000000000,0,0,0,0,0,0,0,0,9223372036854775808,5000000000,5000000000,0,0,0,0,0,0,0,0
741000,1,1,1020,1,1,tick,741001,0,0,0,0,5000000000,1000000000,10000000000,500000000,1000000000,4611686018427387904,1000,4000,100000,1,0,9223372036854775808,5000000000,5000000000,0,0,0,0,0,0,0,0,9223372036854775808,5000000000,5000000000,0,0,0,0,0,0,0,0
742000,1,0,1021,0,0,tick,742001,0,0,0,0,5000000000,1000000000,10000000000,500000000,1000000000,4611686018427387904,1000,4000,100000,1,0,9223372036854775808,5000000000,5000000000,0,0,0,0,0,0,0,0,9223372036854775808,5000000000,5000000000,0,0,0,0,0,0,0,0
742000,1,1,1021,1,1,tick,742001,0,0,0,0,5000000000,1000000000,10000000000,500000000,1000000000,4611686018427387904,1000,4000,100000,1,0,9223372036854775808,5000000000,5000000000,0,0,0,0,0,0,0,0,9223372036854775808,5000000000,5000000000,0,0,0,0,0,0,0,0
743000,1,0,1022,0,0,tick,743001,0,0,0,0,5000000000,1000000000,10000000000,500000000,1000000000,4611686018427387904,1000,4000,100000,1,0,9223372036854775808,5000000000,5000000000,0,0,0,0,0,0,0,0,9223372036854775808,5000000000,5000000000,0,0,0,0,0,0,0,0
743000,1,1,1022,1,1,tick,743001,0,0,0,0,5000000000,1000000000,10000000000,500000000,1000000000,4611686018427387904,1000,4000,100000,1,0,9223372036854775808,5000000000,5000000000,0,0,0,0,0,0,0,0,9223372036854775808,5000000000,5000000000,0,0,0,0,0,0,0,0
744000,1,0,1023,0,0,tick,744001,0,0,0,0,5000000000,1000000000,10000000000,500000000,1000000000,4611686018427387904,1000,4000,100000,1,0,9223372036854775808,5000000000,5000000000,0,0,0,0,0,0,0,0,9223372036854775808,5000000000,5000000000,0,0,0,0,0,0,0,0
744000,1,1,1023,1,1,tick,744001,0,0,0,0,5000000000,1000000000,10000000000,500000000,1000000000,4611686018427387904,1000,4000,100000,1,0,9223372036854775808,5000000000,5000000000,0,0,0,0,0,0,0,0,9223372036854775808,5000000000,5000000000,0,0,0,0,0,0,0,0
745000,1,0,1024,0,0,tick,745001,0,0,0,0,5000000000,1000000000,10000000000,500000000,1000000000,4611686018427387904,1000,4000,100000,1,0,9223372036854775808,5000000000,5000000000,0,0,0,0,0,0,0,0,9223372036854775808,5000000000,5000000000,0,0,0,0,0,0,0,0
745000,1,1,1024,1,1,tick,745001,0,0,0,0,5000000000,1000000000,10000000000,500000000,1000000000,4611686018427387904,1000,4000,100000,1,0,9223372036854775808,5000000000,5000000000,0,0,0,0,0,0,0,0,9223372036854775808,5000000000,5000000000,0,0,0,0,0,0,0,0
746000,1,0,1026,0,0,tick,746001,0,0,0,0,5000000000,1000000000,10000000000,500000000,1000000000,4611686018427387904,1000,4000,100000,1,0,9223372036854775808,5000000000,5000000000,0,0,0,0,0,0,0,0,9223372036854775808,5000000000,5000000000,0,0,0,0,0,0,0,0
746000,1,1,1026,1,1,tick,746001,0,0,0,0,5000000000,1000000000,10000000000,500000000,1000000000,4611686018427387904,1000,4000,100000,1,0,9223372036854775808,5000000000,5000000000,0,0,0,0,0,0,0,0,9223372036854775808,5000000000,5000000000,0,0,0,0,0,0,0,0
747000,1,0,1029,0,0,tick,747001,0,0,0,0,5000000000,1000000000,10000000000,500000000,1000000000,4611686018427387904,1000,4000,100000,1,0,9223372036854775808,5000000000,5000000000,0,0,0,0,0,0,0,0,9223372036854775808,5000000000,5000000000,0,0,0,0,0,0,0,0
747000,1,1,1029,1,1,tick,747001,0,0,0,0,5000000000,1000000000,10000000000,500000000,1000000000,4611686018427387904,1000,4000,100000,1,0,9223372036854775808,5000000000,5000000000,0,0,0,0,0,0,0,0,9223372036854775808,5000000000,5000000000,0,0,0,0,0,0,0,0
748000,1,0,1030,0,0,tick,748001,0,0,0,0,5000000000,1000000000,10000000000,500000000,1000000000,4611686018427387904,1000,4000,100000,1,0,9223372036854775808,5000000000,5000000000,0,0,0,0,0,0,0,0,9223372036854775808,5000000000,5000000000,0,0,0,0,0,0,0,0
748000,1,1,1030,1,1,tick,748001,0,0,0,0,5000000000,1000000000,10000000000,500000000,1000000000,4611686018427387904,1000,4000,100000,1,0,9223372036854775808,5000000000,5000000000,0,0,0,0,0,0,0,0,9223372036854775808,5000000000,5000000000,0,0,0,0,0,0,0,0
749000,1,0,1031,0,0,tick,749001,0,0,0,0,5000000000,1000000000,10000000000,500000000,1000000000,4611686018427387904,1000,4000,100000,1,0,9223372036854775808,5000000000,5000000000,0,0,0,0,0,0,0,0,9223372036854775808,5000000000,5000000000,0,0,0,0,0,0,0,0
749000,1,1,1031,1,1,tick,749001,0,0,0,0,5000000000,1000000000,10000000000,500000000,1000000000,4611686018427387904,1000,4000,100000,1,0,9223372036854775808,5000000000,5000000000,0,0,0,0,0,0,0,0,9223372036854775808,5000000000,5000000000,0,0,0,0,0,0,0,0
750000,1,0,1032,0,0,tick,750001,0,0,0,0,5000000000,1000000000,10000000000,500000000,1000000000,4611686018427387904,1000,4000,100000,1,0,9223372036854775808,5000000000,5000000000,0,0,0,0,0,0,0,0,9223372036854775808,5000000000,5000000000,0,0,0,0,0,0,0,0
750000,1,1,1032,1,1,tick,750001,0,0,0,0,5000000000,1000000000,10000000000,500000000,1000000000,4611686018427387904,1000,4000,100000,1,0,9223372036854775808,5000000000,5000000000,0,0,0,0,0,0,0,0,9223372036854775808,5000000000,5000000000,0,0,0,0,0,0,0,0
751000,1,0,1033,0,0,tick,751001,0,0,0,0,5000000000,1000000000,10000000000,500000000,1000000000,4611686018427387904,1000,4000,100000,1,0,9223372036854775808,5000000000,5000000000,0,0,0,0,0,0,0,0,9223372036854775808,5000000000,5000000000,0,0,0,0,0,0,0,0
751000,1,1,1033,1,1,tick,751001,0,0,0,0,5000000000,1000000000,10000000000,500000000,1000000000,4611686018427387904,1000,4000,100000,1,0,9223372036854775808,5000000000,5000000000,0,0,0,0,0,0,0,0,9223372036854775808,5000000000,5000000000,0,0,0,0,0,0,0,0
752000,1,0,1034,0,0,tick,752001,0,0,0,0,5000000000,1000000000,10000000000,500000000,1000000000,4611686018427387904,1000,4000,100000,1,0,9223372036854775808,5000000000,5000000000,0,0,0,0,0,0,0,0,9223372036854775808,5000000000,5000000000,0,0,0,0,0,0,0,0
752000,1,1,1034,1,1,tick,752001,0,0,0,0,5000000000,1000000000,10000000000,500000000,1000000000,4611686018427387904,1000,4000,100000,1,0,9223372036854775808,5000000000,5000000000,0,0,0,0,0,0,0,0,9223372036854775808,5000000000,5000000000,0,0,0,0,0,0,0,0
753000,1,0,1035,0,0,tick,753001,0,0,0,0,5000000000,1000000000,10000000000,500000000,1000000000,4611686018427387904,1000,4000,100000,1,0,9223372036854775808,5000000000,5000000000,0,0,0,0,0,0,0,0,9223372036854775808,5000000000,5000000000,0,0,0,0,0,0,0,0
753000,1,1,1035,1,1,tick,753001,0,0,0,0,5000000000,1000000000,10000000000,500000000,1000000000,4611686018427387904,1000,4000,100000,1,0,9223372036854775808,5000000000,5000000000,0,0,0,0,0,0,0,0,9223372036854775808,5000000000,5000000000,0,0,0,0,0,0,0,0
754000,1,0,1037,0,0,tick,754001,0,0,0,0,5000000000,1000000000,10000000000,500000000,1000000000,4611686018427387904,1000,4000,100000,1,0,9223372036854775808,5000000000,5000000000,0,0,0,0,0,0,0,0,9223372036854775808,5000000000,5000000000,0,0,0,0,0,0,0,0
754000,1,1,1037,1,1,tick,754001,0,0,0,0,5000000000,1000000000,10000000000,500000000,1000000000,4611686018427387904,1000,4000,100000,1,0,9223372036854775808,5000000000,5000000000,0,0,0,0,0,0,0,0,9223372036854775808,5000000000,5000000000,0,0,0,0,0,0,0,0
755000,1,0,1040,0,0,tick,755001,0,0,0,0,5000000000,1000000000,10000000000,500000000,1000000000,4611686018427387904,1000,4000,100000,1,0,9223372036854775808,5000000000,5000000000,0,0,0,0,0,0,0,0,9223372036854775808,5000000000,5000000000,0,0,0,0,0,0,0,0
755000,1,1,1040,1,1,tick,755001,0,0,0,0,5000000000,1000000000,10000000000,500000000,1000000000,4611686018427387904,1000,4000,100000,1,0,9223372036854775808,5000000000,5000000000,0,0,0,0,0,0,0,0,9223372036854775808,5000000000,5000000000,0,0,0,0,0,0,0,0
756000,1,0,1041,0,0,tick,756001,0,0,0,0,5000000000,1000000000,10000000000,500000000,1000000000,4611686018427387904,1000,4000,100000,1,0,9223372036854775808,5000000000,5000000000,0,0,0,0,0,0,0,0,9223372036854775808,5000000000,5000000000,0,0,0,0,0,0,0,0
756000,1,1,1041,1,1,tick,756001,0,0,0,0,5000000000,1000000000,10000000000,500000000,1000000000,4611686018427387904,1000,4000,100000,1,0,9223372036854775808,5000000000,5000000000,0,0,0,0,0,0,0,0,9223372036854775808,5000000000,5000000000,0,0,0,0,0,0,0,0
757000,1,0,1042,0,0,tick,757001,0,0,0,0,5000000000,1000000000,10000000000,500000000,1000000000,4611686018427387904,1000,4000,100000,1,0,9223372036854775808,5000000000,5000000000,0,0,0,0,0,0,0,0,9223372036854775808,5000000000,5000000000,0,0,0,0,0,0,0,0
757000,1,1,1042,1,1,tick,757001,0,0,0,0,5000000000,1000000000,10000000000,500000000,1000000000,4611686018427387904,1000,4000,100000,1,0,9223372036854775808,5000000000,5000000000,0,0,0,0,0,0,0,0,9223372036854775808,5000000000,5000000000,0,0,0,0,0,0,0,0
758000,1,0,1043,0,0,tick,758001,0,0,0,0,5000000000,1000000000,10000000000,500000000,1000000000,4611686018427387904,1000,4000,100000,1,0,9223372036854775808,5000000000,5000000000,0,0,0,0,0,0,0,0,9223372036854775808,5000000000,5000000000,0,0,0,0,0,0,0,0
758000,1,1,1043,1,1,tick,758001,0,0,0,0,5000000000,1000000000,10000000000,500000000,1000000000,4611686018427387904,1000,4000,100000,1,0,9223372036854775808,5000000000,5000000000,0,0,0,0,0,0,0,0,9223372036854775808,5000000000,5000000000,0,0,0,0,0,0,0,0
759000,1,0,1044,0,0,tick,759001,0,0,0,0,5000000000,1000000000,10000000000,500000000,1000000000,4611686018427387904,1000,4000,100000,1,0,9223372036854775808,5000000000,5000000000,0,0,0,0,0,0,0,0,9223372036854775808,5000000000,5000000000,0,0,0,0,0,0,0,0
759000,1,1,1044,1,1,tick,759001,0,0,0,0,5000000000,1000000000,10000000000,500000000,1000000000,4611686018427387904,1000,4000,100000,1,0,9223372036854775808,5000000000,5000000000,0,0,0,0,0,0,0,0,9223372036854775808,5000000000,5000000000,0,0,0,0,0,0,0,0
760000,1,0,1045,0,0,tick,760001,0,0,0,0,5000000000,1000000000,10000000000,500000000,1000000000,4611686018427387904,1000,4000,100000,1,0,9223372036854775808,5000000000,5000000000,0,0,0,0,0,0,0,0,9223372036854775808,5000000000,5000000000,0,0,0,0,0,0,0,0
760000,1,1,1045,1,1,tick,760001,0,0,0,0,5000000000,1000000000,10000000000,500000000,1000000000,4611686018427387904,1000,4000,100000,1,0,9223372036854775808,5000000000,5000000000,0,0,0,0,0,0,0,0,9223372036854775808,5000000000,5000000000,0,0,0,0,0,0,0,0
761000,1,0,1046,0,0,tick,761001,0,0,0,0,5000000000,1000000000,10000000000,500000000,1000000000,4611686018427387904,1000,4000,100000,1,0,9223372036854775808,5000000000,5000000000,0,0,0,0,0,0,0,0,9223372036854775808,5000000000,5000000000,0,0,0,0,0,0,0,0
761000,1,1,1046,1,1,tick,761001,0,0,0,0,5000000000,1000000000,10000000000,500000000,1000000000,4611686018427387904,1000,4000,100000,1,0,9223372036854775808,5000000000,5000000000,0,0,0,0,0,0,0,0,9223372036854775808,5000000000,5000000000,0,0,0,0,0,0,0,0
762000,1,0,1048,0,0,tick,762001,0,0,0,0,5000000000,1000000000,10000000000,500000000,1000000000,4611686018427387904,1000,4000,100000,1,0,9223372036854775808,5000000000,5000000000,0,0,0,0,0,0,0,0,9223372036854775808,5000000000,5000000000,0,0,0,0,0,0,0,0
762000,1,1,1048,1,1,tick,762001,0,0,0,0,5000000000,1000000000,10000000000,500000000,1000000000,4611686018427387904,1000,4000,100000,1,0,9223372036854775808,5000000000,5000000000,0,0,0,0,0,0,0,0,9223372036854775808,5000000000,5000000000,0,0,0,0,0,0,0,0
763000,1,0,1051,0,0,tick,763001,0,0,0,0,5000000000,1000000000,10000000000,500000000,1000000000,4611686018427387904,1000,4000,100000,1,0,9223372036854775808,5000000000,5000000000,0,0,0,0,0,0,0,0,9223372036854775808,5000000000,5000000000,0,0,0,0,0,0,0,0
763000,1,1,1051,1,1,tick,763001,0,0,0,0,5000000000,1000000000,10000000000,500000000,1000000000,4611686018427387904,1000,4000,100000,1,0,9223372036854775808,5000000000,5000000000,0,0,0,0,0,0,0,0,9223372036854775808,5000000000,5000000000,0,0,0,0,0,0,0,0
764000,1,0,1052,0,0,tick,764001,0,0,0,0,5000000000,1000000000,10000000000,500000000,1000000000,4611686018427387904,1000,4000,100000,1,0,9223372036854775808,5000000000,5000000000,0,0,0,0,0,0,0,0,9223372036854775808,5000000000,5000000000,0,0,0,0,0,0,0,0
764000,1,1,1052,1,1,tick,764001,0,0,0,0,5000000000,1000000000,10000000000,500000000,1000000000,4611686018427387904,1000,4000,100000,1,0,9223372036854775808,5000000000,5000000000,0,0,0,0,0,0,0,0,9223372036854775808,5000000000,5000000000,0,0,0,0,0,0,0,0
765000,1,0,1053,0,0,tick,765001,0,0,0,0,5000000000,1000000000,10000000000,500000000,1000000000,4611686018427387904,1000,4000,100000,1,0,9223372036854775808,5000000000,5000000000,0,0,0,0,0,0,0,0,9223372036854775808,5000000000,5000000000,0,0,0,0,0,0,0,0
765000,1,1,1053,1,1,tick,765001,0,0,0,0,5000000000,1000000000,10000000000,500000000,1000000000,4611686018427387904,1000,4000,100000,1,0,9223372036854775808,5000000000,5000000000,0,0,0,0,0,0,0,0,9223372036854775808,5000000000,5000000000,0,0,0,0,0,0,0,0
766000,1,0,1054,0,0,tick,766001,0,0,0,0,5000000000,1000000000,10000000000,500000000,1000000000,4611686018427387904,1000,4000,100000,1,0,9223372036854775808,5000000000,5000000000,0,0,0,0,0,0,0,0,9223372036854775808,5000000000,5000000000,0,0,0,0,0,0,0,0
766000,1,1,1054,1,1,tick,766001,0,0,0,0,5000000000,1000000000,10000000000,500000000,1000000000,4611686018427387904,1000,4000,100000,1,0,9223372036854775808,5000000000,5000000000,0,0,0,0,0,0,0,0,9223372036854775808,5000000000,5000000000,0,0,0,0,0,0,0,0
767000,1,0,1055,0,0,tick,767001,0,0,0,0,5000000000,1000000000,10000000000,500000000,1000000000,4611686018427387904,1000,4000,100000,1,0,9223372036854775808,5000000000,5000000000,0,0,0,0,0,0,0,0,9223372036854775808,5000000000,5000000000,0,0,0,0,0,0,0,0
767000,1,1,1055,1,1,tick,767001,0,0,0,0,5000000000,1000000000,10000000000,500000000,1000000000,4611686018427387904,1000,4000,100000,1,0,9223372036854775808,5000000000,5000000000,0,0,0,0,0,0,0,0,9223372036854775808,5000000000,5000000000,0,0,0,0,0,0,0,0
768000,1,0,1056,0,0,tick,768001,0,0,0,0,5000000000,1000000000,10000000000,500000000,1000000000,4611686018427387904,1000,4000,100000,1,0,9223372036854775808,5000000000,5000000000,0,0,0,0,0,0,0,0,9223372036854775808,5000000000,5000000000,0,0,0,0,0,0,0,0
768000,1,1,1056,1,1,tick,768001,0,0,0,0,5000000000,1000000000,10000000000,500000000,1000000000,4611686018427387904,1000,4000,100000,1,0,9223372036854775808,5000000000,5000000000,0,0,0,0,0,0,0,0,9223372036854775808,5000000000,5000000000,0,0,0,0,0,0,0,0
769000,1,0,1057,0,0,tick,769001,0,0,0,0,5000000000,1000000000,10000000000,500000000,1000000000,4611686018427387904,1000,4000,100000,1,0,9223372036854775808,5000000000,5000000000,0,0,0,0,0,0,0,0,9223372036854775808,5000000000,5000000000,0,0,0,0,0,0,0,0
769000,1,1,1057,1,1,tick,769001,0,0,0,0,5000000000,1000000000,10000000000,500000000,1000000000,4611686018427387904,1000,4000,100000,1,0,9223372036854775808,5000000000,5000000000,0,0,0,0,0,0,0,0,9223372036854775808,5000000000,5000000000,0,0,0,0,0,0,0,0
770000,1,0,1059,0,0,tick,770001,0,0,0,0,5000000000,1000000000,10000000000,500000000,1000000000,4611686018427387904,1000,4000,100000,1,0,9223372036854775808,5000000000,5000000000,0,0,0,0,0,0,0,0,9223372036854775808,5000000000,5000000000,0,0,0,0,0,0,0,0
770000,1,1,1059,1,1,tick,770001,0,0,0,0,5000000000,1000000000,10000000000,500000000,1000000000,4611686018427387904,1000,4000,100000,1,0,9223372036854775808,5000000000,5000000000,0,0,0,0,0,0,0,0,9223372036854775808,5000000000,5000000000,0,0,0,0,0,0,0,0
771000,1,0,1062,0,0,tick,771001,0,0,0,0,5000000000,1000000000,10000000000,500000000,1000000000,4611686018427387904,1000,4000,100000,1,0,9223372036854775808,5000000000,5000000000,0,0,0,0,0,0,0,0,9223372036854775808,5000000000,5000000000,0,0,0,0,0,0,0,0
771000,1,1,1062,1,1,tick,771001,0,0,0,0,5000000000,1000000000,10000000000,500000000,1000000000,4611686018427387904,1000,4000,100000,1,0,9223372036854775808,5000000000,5000000000,0,0,0,0,0,0,0,0,9223372036854775808,5000000000,5000000000,0,0,0,0,0,0,0,0
772000,1,0,1063,0,0,tick,772001,0,0,0,0,5000000000,1000000000,10000000000,500000000,1000000000,4611686018427387904,1000,4000,100000,1,0,9223372036854775808,5000000000,5000000000,0,0,0,0,0,0,0,0,9223372036854775808,5000000000,5000000000,0,0,0,0,0,0,0,0
772000,1,1,1063,1,1,tick,772001,0,0,0,0,5000000000,1000000000,10000000000,500000000,1000000000,4611686018427387904,1000,4000,100000,1,0,9223372036854775808,5000000000,5000000000,0,0,0,0,0,0,0,0,9223372036854775808,5000000000,5000000000,0,0,0,0,0,0,0,0
773000,1,0,1064,0,0,tick,773001,0,0,0,0,5000000000,1000000000,10000000000,500000000,1000000000,4611686018427387904,1000,4000,100000,1,0,9223372036854775808,5000000000,5000000000,0,0,0,0,0,0,0,0,9223372036854775808,5000000000,5000000000,0,0,0,0,0,0,0,0
773000,1,1,1064,1,1,tick,773001,0,0,0,0,5000000000,1000000000,10000000000,500000000,1000000000,4611686018427387904,1000,4000,100000,1,0,9223372036854775808,5000000000,5000000000,0,0,0,0,0,0,0,0,9223372036854775808,5000000000,5000000000,0,0,0,0,0,0,0,0
774000,1,0,1065,0,0,tick,774001,0,0,0,0,5000000000,1000000000,10000000000,500000000,1000000000,4611686018427387904,1000,4000,100000,1,0,9223372036854775808,5000000000,5000000000,0,0,0,0,0,0,0,0,9223372036854775808,5000000000,5000000000,0,0,0,0,0,0,0,0
774000,1,1,1065,1,1,tick,774001,0,0,0,0,5000000000,1000000000,10000000000,500000000,1000000000,4611686018427387904,1000,4000,100000,1,0,9223372036854775808,5000000000,5000000000,0,0,0,0,0,0,0,0,9223372036854775808,5000000000,5000000000,0,0,0,0,0,0,0,0
775000,1,0,1066,0,0,tick,775001,0,0,0,0,5000000000,1000000000,10000000000,500000000,1000000000,4611686018427387904,1000,4000,100000,1,0,9223372036854775808,5000000000,5000000000,0,0,0,0,0,0,0,0,9223372036854775808,5000000000,5000000000,0,0,0,0,0,0,0,0
775000,1,1,1066,1,1,tick,775001,0,0,0,0,5000000000,1000000000,10000000000,500000000,1000000000,4611686018427387904,1000,4000,100000,1,0,9223372036854775808,5000000000,5000000000,0,0,0,0,0,0,0,0,9223372036854775808,5000000000,5000000000,0,0,0,0,0,0,0,0
776000,1,0,1067,0,0,tick,776001,0,0,0,0,5000000000,1000000000,10000000000,500000000,1000000000,4611686018427387904,1000,4000,100000,1,0,9223372036854775808,5000000000,5000000000,0,0,0,0,0,0,0,0,9223372036854775808,5000000000,5000000000,0,0,0,0,0,0,0,0
776000,1,1,1067,1,1,tick,776001,0,0,0,0,5000000000,1000000000,10000000000,500000000,1000000000,4611686018427387904,1000,4000,100000,1,0,9223372036854775808,5000000000,5000000000,0,0,0,0,0,0,0,0,9223372036854775808,5000000000,5000000000,0,0,0,0,0,0,0,0
777000,1,0,1068,0,0,tick,777001,0,0,0,0,5000000000,1000000000,10000000000,500000000,1000000000,4611686018427387904,1000,4000,100000,1,0,9223372036854775808,5000000000,5000000000,0,0,0,0,0,0,0,0,9223372036854775808,5000000000,5000000000,0,0,0,0,0,0,0,0
777000,1,1,1068,1,1,tick,777001,0,0,0,0,5000000000,1000000000,10000000000,500000000,1000000000,4611686018427387904,1000,4000,100000,1,0,9223372036854775808,5000000000,5000000000,0,0,0,0,0,0,0,0,9223372036854775808,5000000000,5000000000,0,0,0,0,0,0,0,0
778000,1,0,1070,0,0,tick,778001,0,0,0,0,5000000000,1000000000,10000000000,500000000,1000000000,4611686018427387904,1000,4000,100000,1,0,9223372036854775808,5000000000,5000000000,0,0,0,0,0,0,0,0,9223372036854775808,5000000000,5000000000,0,0,0,0,0,0,0,0
778000,1,1,1070,1,1,tick,778001,0,0,0,0,5000000000,1000000000,10000000000,500000000,1000000000,4611686018427387904,1000,4000,100000,1,0,9223372036854775808,5000000000,5000000000,0,0,0,0,0,0,0,0,9223372036854775808,5000000000,5000000000,0,0,0,0,0,0,0,0
779000,1,0,1073,0,0,tick,779001,0,0,0,0,5000000000,1000000000,10000000000,500000000,1000000000,4611686018427387904,1000,4000,100000,1,0,9223372036854775808,5000000000,5000000000,0,0,0,0,0,0,0,0,9223372036854775808,5000000000,5000000000,0,0,0,0,0,0,0,0
779000,1,1,1073,1,1,tick,779001,0,0,0,0,5000000000,1000000000,10000000000,500000000,1000000000,4611686018427387904,1000,4000,100000,1,0,9223372036854775808,5000000000,5000000000,0,0,0,0,0,0,0,0,9223372036854775808,5000000000,5000000000,0,0,0,0,0,0,0,0
780000,1,0,1074,0,0,tick,780001,0,0,0,0,5000000000,1000000000,10000000000,500000000,1000000000,4611686018427387904,1000,4000,100000,1,0,9223372036854775808,5000000000,5000000000,0,0,0,0,0,0,0,0,9223372036854775808,5000000000,5000000000,0,0,0,0,0,0,0,0
780000,1,1,1074,1,1,tick,780001,0,0,0,0,5000000000,1000000000,10000000000,500000000,1000000000,4611686018427387904,1000,4000,100000,1,0,9223372036854775808,5000000000,5000000000,0,0,0,0,0,0,0,0,9223372036854775808,5000000000,5000000000,0,0,0,0,0,0,0,0
781000,1,0,1075,0,0,tick,781001,0,0,0,0,5000000000,1000000000,10000000000,500000000,1000000000,4611686018427387904,1000,4000,100000,1,0,9223372036854775808,5000000000,5000000000,0,0,0,0,0,0,0,0,9223372036854775808,5000000000,5000000000,0,0,0,0,0,0,0,0
781000,1,1,1075,1,1,tick,781001,0,0,0,0,5000000000,1000000000,10000000000,500000000,1000000000,4611686018427387904,1000,4000,100000,1,0,9223372036854775808,5000000000,5000000000,0,0,0,0,0,0,0,0,9223372036854775808,5000000000,5000000000,0,0,0,0,0,0,0,0
782000,1,0,1076,0,0,tick,782001,0,0,0,0,5000000000,1000000000,10000000000,500000000,1000000000,4611686018427387904,1000,4000,100000,1,0,9223372036854775808,5000000000,5000000000,0,0,0,0,0,0,0,0,9223372036854775808,5000000000,5000000000,0,0,0,0,0,0,0,0
782000,1,1,1076,1,1,tick,782001,0,0,0,0,5000000000,1000000000,10000000000,500000000,1000000000,4611686018427387904,1000,4000,100000,1,0,9223372036854775808,5000000000,5000000000,0,0,0,0,0,0,0,0,9223372036854775808,5000000000,5000000000,0,0,0,0,0,0,0,0
783000,1,0,1077,0,0,tick,783001,0,0,0,0,5000000000,1000000000,10000000000,500000000,1000000000,4611686018427387904,1000,4000,100000,1,0,9223372036854775808,5000000000,5000000000,0,0,0,0,0,0,0,0,9223372036854775808,5000000000,5000000000,0,0,0,0,0,0,0,0
783000,1,1,1077,1,1,tick,783001,0,0,0,0,5000000000,1000000000,10000000000,500000000,1000000000,4611686018427387904,1000,4000,100000,1,0,9223372036854775808,5000000000,5000000000,0,0,0,0,0,0,0,0,9223372036854775808,5000000000,5000000000,0,0,0,0,0,0,0,0
784000,1,0,1078,0,0,tick,784001,0,0,0,0,5000000000,1000000000,10000000000,500000000,1000000000,4611686018427387904,1000,4000,100000,1,0,9223372036854775808,5000000000,5000000000,0,0,0,0,0,0,0,0,9223372036854775808,5000000000,5000000000,0,0,0,0,0,0,0,0
784000,1,1,1078,1,1,tick,784001,0,0,0,0,5000000000,1000000000,10000000000,500000000,1000000000,4611686018427387904,1000,4000,100000,1,0,9223372036854775808,5000000000,5000000000,0,0,0,0,0,0,0,0,9223372036854775808,5000000000,5000000000,0,0,0,0,0,0,0,0
785000,1,0,1079,0,0,tick,785001,0,0,0,0,5000000000,1000000000,10000000000,500000000,1000000000,4611686018427387904,1000,4000,100000,1,0,9223372036854775808,5000000000,5000000000,0,0,0,0,0,0,0,0,9223372036854775808,5000000000,5000000000,0,0,0,0,0,0,0,0
785000,1,1,1079,1,1,tick,785001,0,0,0,0,5000000000,1000000000,10000000000,500000000,1000000000,4611686018427387904,1000,4000,100000,1,0,9223372036854775808,5000000000,5000000000,0,0,0,0,0,0,0,0,9223372036854775808,5000000000,5000000000,0,0,0,0,0,0,0,0
786000,1,0,1081,0,0,tick,786001,0,0,0,0,5000000000,1000000000,10000000000,500000000,1000000000,4611686018427387904,1000,4000,100000,1,0,9223372036854775808,5000000000,5000000000,0,0,0,0,0,0,0,0,9223372036854775808,5000000000,5000000000,0,0,0,0,0,0,0,0
786000,1,1,1081,1,1,tick,786001,0,0,0,0,5000000000,1000000000,10000000000,500000000,1000000000,4611686018427387904,1000,4000,100000,1,0,9223372036854775808,5000000000,5000000000,0,0,0,0,0,0,0,0,9223372036854775808,5000000000,5000000000,0,0,0,0,0,0,0,0
787000,1,0,1084,0,0,tick,787001,0,0,0,0,5000000000,1000000000,10000000000,500000000,1000000000,4611686018427387904,1000,4000,100000,1,0,9223372036854775808,5000000000,5000000000,0,0,0,0,0,0,0,0,9223372036854775808,5000000000,5000000000,0,0,0,0,0,0,0,0
787000,1,1,1084,1,1,tick,787001,0,0,0,0,5000000000,1000000000,10000000000,500000000,1000000000,4611686018427387904,1000,4000,100000,1,0,9223372036854775808,5000000000,5000000000,0,0,0,0,0,0,0,0,9223372036854775808,5000000000,5000000000,0,0,0,0,0,0,0,0
788000,1,0,1085,0,0,tick,788001,0,0,0,0,5000000000,1000000000,10000000000,500000000,1000000000,4611686018427387904,1000,4000,100000,1,0,9223372036854775808,5000000000,5000000000,0,0,0,0,0,0,0,0,9223372036854775808,5000000000,5000000000,0,0,0,0,0,0,0,0
788000,1,1,1085,1,1,tick,788001,0,0,0,0,5000000000,1000000000,10000000000,500000000,1000000000,4611686018427387904,1000,4000,100000,1,0,9223372036854775808,5000000000,5000000000,0,0,0,0,0,0,0,0,9223372036854775808,5000000000,5000000000,0,0,0,0,0,0,0,0
789000,1,0,1086,0,0,tick,789001,0,0,0,0,5000000000,1000000000,10000000000,500000000,1000000000,4611686018427387904,1000,4000,100000,1,0,9223372036854775808,5000000000,5000000000,0,0,0,0,0,0,0,0,9223372036854775808,5000000000,5000000000,0,0,0,0,0,0,0,0
789000,1,1,1086,1,1,tick,789001,0,0,0,0,5000000000,1000000000,10000000000,500000000,1000000000,4611686018427387904,1000,4000,100000,1,0,9223372036854775808,5000000000,5000000000,0,0,0,0,0,0,0,0,9223372036854775808,5000000000,5000000000,0,0,0,0,0,0,0,0
790000,1,0,1087,0,0,tick,790001,0,0,0,0,5000000000,1000000000,10000000000,500000000,1000000000,4611686018427387904,1000,4000,100000,1,0,9223372036854775808,5000000000,5000000000,0,0,0,0,0,0,0,0,9223372036854775808,5000000000,5000000000,0,0,0,0,0,0,0,0
790000,1,1,1087,1,1,tick,790001,0,0,0,0,5000000000,1000000000,10000000000,500000000,1000000000,4611686018427387904,1000,4000,100000,1,0,9223372036854775808,5000000000,5000000000,0,0,0,0,0,0,0,0,9223372036854775808,5000000000,5000000000,0,0,0,0,0,0,0,0
791000,1,0,1088,0,0,tick,791001,0,0,0,0,5000000000,1000000000,10000000000,500000000,1000000000,4611686018427387904,1000,4000,100000,1,0,9223372036854775808,5000000000,5000000000,0,0,0,0,0,0,0,0,9223372036854775808,5000000000,5000000000,0,0,0,0,0,0,0,0
791000,1,1,1088,1,1,tick,791001,0,0,0,0,5000000000,1000000000,10000000000,500000000,1000000000,4611686018427387904,1000,4000,100000,1,0,9223372036854775808,5000000000,5000000000,0,0,0,0,0,0,0,0,9223372036854775808,5000000000,5000000000,0,0,0,0,0,0,0,0
792000,1,0,1089,0,0,tick,792001,0,0,0,0,5000000000,1000000000,10000000000,500000000,1000000000,4611686018427387904,1000,4000,100000,1,0,9223372036854775808,5000000000,5000000000,0,0,0,0,0,0,0,0,9223372036854775808,5000000000,5000000000,0,0,0,0,0,0,0,0
792000,1,1,1089,1,1,tick,792001,0,0,0,0,5000000000,1000000000,10000000000,500000000,1000000000,4611686018427387904,1000,4000,100000,1,0,9223372036854775808,5000000000,5000000000,0,0,0,0,0,0,0,0,9223372036854775808,5000000000,5000000000,0,0,0,0,0,0,0,0
793000,1,0,1090,0,0,tick,793001,0,0,0,0,5000000000,1000000000,10000000000,500000000,1000000000,4611686018427387904,1000,4000,100000,1,0,9223372036854775808,5000000000,5000000000,0,0,0,0,0,0,0,0,9223372036854775808,5000000000,5000000000,0,0,0,0,0,0,0,0
793000,1,1,1090,1,1,tick,793001,0,0,0,0,5000000000,1000000000,10000000000,500000000,1000000000,4611686018427387904,1000,4000,100000,1,0,9223372036854775808,5000000000,5000000000,0,0,0,0,0,0,0,0,9223372036854775808,5000000000,5000000000,0,0,0,0,0,0,0,0
794000,1,0,1092,0,0,tick,794001,0,0,0,0,5000000000,1000000000,10000000000,500000000,1000000000,4611686018427387904,1000,4000,100000,1,0,9223372036854775808,5000000000,5000000000,0,0,0,0,0,0,0,0,9223372036854775808,5000000000,5000000000,0,0,0,0,0,0,0,0
794000,1,1,1092,1,1,tick,794001,0,0,0,0,5000000000,1000000000,10000000000,500000000,1000000000,4611686018427387904,1000,4000,100000,1,0,9223372036854775808,5000000000,5000000000,0,0,0,0,0,0,0,0,9223372036854775808,5000000000,5000000000,0,0,0,0,0,0,0,0
795000,1,0,1095,0,0,tick,795001,0,0,0,0,5000000000,1000000000,10000000000,500000000,1000000000,4611686018427387904,1000,4000,100000,1,0,9223372036854775808,5000000000,5000000000,0,0,0,0,0,0,0,0,9223372036854775808,5000000000,5000000000,0,0,0,0,0,0,0,0
795000,1,1,1095,1,1,tick,795001,0,0,0,0,5000000000,1000000000,10000000000,500000000,1000000000,4611686018427387904,1000,4000,100000,1,0,9223372036854775808,5000000000,5000000000,0,0,0,0,0,0,0,0,9223372036854775808,5000000000,5000000000,0,0,0,0,0,0,0,0
796000,1,0,1096,0,0,tick,796001,0,0,0,0,5000000000,1000000000,10000000000,500000000,1000000000,4611686018427387904,1000,4000,100000,1,0,9223372036854775808,5000000000,5000000000,0,0,0,0,0,0,0,0,9223372036854775808,5000000000,5000000000,0,0,0,0,0,0,0,0
796000,1,1,1096,1,1,tick,796001,0,0,0,0,5000000000,1000000000,10000000000,500000000,1000000000,4611686018427387904,1000,4000,100000,1,0,9223372036854775808,5000000000,5000000000,0,0,0,0,0,0,0,0,9223372036854775808,5000000000,5000000000,0,0,0,0,0,0,0,0
797000,1,0,1097,0,0,tick,797001,0,0,0,0,5000000000,1000000000,10000000000,500000000,1000000000,4611686018427387904,1000,4000,100000,1,0,9223372036854775808,5000000000,5000000000,0,0,0,0,0,0,0,0,9223372036854775808,5000000000,5000000000,0,0,0,0,0,0,0,0
797000,1,1,1097,1,1,tick,797001,0,0,0,0,5000000000,1000000000,10000000000,500000000,1000000000,4611686018427387904,1000,4000,100000,1,0,9223372036854775808,5000000000,5000000000,0,0,0,0,0,0,0,0,9223372036854775808,5000000000,5000000000,0,0,0,0,0,0,0,0
798000,1,0,1098,0,0,tick,798001,0,0,0,0,5000000000,1000000000,10000000000,500000000,1000000000,4611686018427387904,1000,4000,100000,1,0,9223372036854775808,5000000000,5000000000,0,0,0,0,0,0,0,0,9223372036854775808,5000000000,5000000000,0,0,0,0,0,0,0,0
798000,1,1,1098,1,1,tick,798001,0,0,0,0,5000000000,1000000000,10000000000,500000000,1000000000,4611686018427387904,1000,4000,100000,1,0,9223372036854775808,5000000000,5000000000,0,0,0,0,0,0,0,0,9223372036854775808,5000000000,5000000000,0,0,0,0,0,0,0,0
799000,1,0,1099,0,0,tick,799001,0,0,0,0,5000000000,1000000000,10000000000,500000000,1000000000,4611686018427387904,1000,4000,100000,1,0,9223372036854775808,5000000000,5000000000,0,0,0,0,0,0,0,0,9223372036854775808,5000000000,5000000000,0,0,0,0,0,0,0,0
799000,1,1,1099,1,1,tick,799001,0,0,0,0,5000000000,1000000000,10000000000,500000000,1000000000,4611686018427387904,1000,4000,100000,1,0,9223372036854775808,5000000000,5000000000,0,0,0,0,0,0,0,0,9223372036854775808,5000000000,5000000000,0,0,0,0,0,0,0,0
800000,1,0,1100,0,0,tick,800001,0,0,0,0,5000000000,1000000000,10000000000,500000000,1000000000,4611686018427387904,1000,4000,100000,1,0,9223372036854775808,5000000000,5000000000,0,0,0,0,0,0,0,0,9223372036854775808,5000000000,5000000000,0,0,0,0,0,0,0,0
800000,1,1,1100,1,1,tick,800001,0,0,0,0,5000000000,1000000000,10000000000,500000000,1000000000,4611686018427387904,1000,4000,100000,1,0,9223372036854775808,5000000000,5000000000,0,0,0,0,0,0,0,0,9223372036854775808,5000000000,5000000000,0,0,0,0,0,0,0,0
801000,1,0,1101,0,0,tick,801001,0,0,0,0,5000000000,1000000000,10000000000,500000000,1000000000,4611686018427387904,1000,4000,100000,1,0,9223372036854775808,5000000000,5000000000,0,0,0,0,0,0,0,0,9223372036854775808,5000000000,5000000000,0,0,0,0,0,0,0,0
801000,1,1,1101,1,1,tick,801001,0,0,0,0,5000000000,1000000000,10000000000,500000000,1000000000,4611686018427387904,1000,4000,100000,1,0,9223372036854775808,5000000000,5000000000,0,0,0,0,0,0,0,0,9223372036854775808,5000000000,5000000000,0,0,0,0,0,0,0,0
802000,1,0,1103,0,0,tick,802001,0,0,0,0,5000000000,1000000000,10000000000,500000000,1000000000,4611686018427387904,1000,4000,100000,1,0,9223372036854775808,5000000000,5000000000,0,0,0,0,0,0,0,0,9223372036854775808,5000000000,5000000000,0,0,0,0,0,0,0,0
802000,1,1,1103,1,1,tick,802001,0,0,0,0,5000000000,1000000000,10000000000,500000000,1000000000,4611686018427387904,1000,4000,100000,1,0,9223372036854775808,5000000000,5000000000,0,0,0,0,0,0,0,0,9223372036854775808,5000000000,5000000000,0,0,0,0,0,0,0,0
803000,1,0,1106,0,0,tick,803001,0,0,0,0,5000000000,1000000000,10000000000,500000000,1000000000,4611686018427387904,1000,4000,100000,1,0,9223372036854775808,5000000000,5000000000,0,0,0,0,0,0,0,0,9223372036854775808,5000000000,5000000000,0,0,0,0,0,0,0,0
803000,1,1,1106,1,1,tick,803001,0,0,0,0,5000000000,1000000000,10000000000,500000000,1000000000,4611686018427387904,1000,4000,100000,1,0,9223372036854775808,5000000000,5000000000,0,0,0,0,0,0,0,0,9223372036854775808,5000000000,5000000000,0,0,0,0,0,0,0,0
804000,1,0,1107,0,0,tick,804001,0,0,0,0,5000000000,1000000000,10000000000,500000000,1000000000,4611686018427387904,1000,4000,100000,1,0,9223372036854775808,5000000000,5000000000,0,0,0,0,0,0,0,0,9223372036854775808,5000000000,5000000000,0,0,0,0,0,0,0,0
804000,1,1,1107,1,1,tick,804001,0,0,0,0,5000000000,1000000000,10000000000,500000000,1000000000,4611686018427387904,1000,4000,100000,1,0,9223372036854775808,5000000000,5000000000,0,0,0,0,0,0,0,0,9223372036854775808,5000000000,5000000000,0,0,0,0,0,0,0,0
805000,1,0,1108,0,0,tick,805001,0,0,0,0,5000000000,1000000000,10000000000,500000000,1000000000,4611686018427387904,1000,4000,100000,1,0,9223372036854775808,5000000000,5000000000,0,0,0,0,0,0,0,0,9223372036854775808,5000000000,5000000000,0,0,0,0,0,0,0,0
805000,1,1,1108,1,1,tick,805001,0,0,0,0,5000000000,1000000000,10000000000,500000000,1000000000,4611686018427387904,1000,4000,100000,1,0,9223372036854775808,5000000000,5000000000,0,0,0,0,0,0,0,0,9223372036854775808,5000000000,5000000000,0,0,0,0,0,0,0,0
806000,1,0,1109,0,0,tick,806001,0,0,0,0,5000000000,1000000000,10000000000,500000000,1000000000,4611686018427387904,1000,4000,100000,1,0,9223372036854775808,5000000000,5000000000,0,0,0,0,0,0,0,0,9223372036854775808,5000000000,5000000000,0,0,0,0,0,0,0,0
806000,1,1,1109,1,1,tick,806001,0,0,0,0,5000000000,1000000000,10000000000,500000000,1000000000,4611686018427387904,1000,4000,100000,1,0,9223372036854775808,5000000000,5000000000,0,0,0,0,0,0,0,0,9223372036854775808,5000000000,5000000000,0,0,0,0,0,0,0,0
807000,1,0,1110,0,0,tick,807001,0,0,0,0,5000000000,1000000000,10000000000,500000000,1000000000,4611686018427387904,1000,4000,100000,1,0,9223372036854775808,5000000000,5000000000,0,0,0,0,0,0,0,0,9223372036854775808,5000000000,5000000000,0,0,0,0,0,0,0,0
807000,1,1,1110,1,1,tick,807001,0,0,0,0,5000000000,1000000000,10000000000,500000000,1000000000,4611686018427387904,1000,4000,100000,1,0,9223372036854775808,5000000000,5000000000,0,0,0,0,0,0,0,0,9223372036854775808,5000000000,5000000000,0,0,0,0,0,0,0,0
808000,1,0,1111,0,0,tick,808001,0,0,0,0,5000000000,1000000000,10000000000,500000000,1000000000,4611686018427387904,1000,4000,100000,1,0,9223372036854775808,5000000000,5000000000,0,0,0,0,0,0,0,0,9223372036854775808,5000000000,5000000000,0,0,0,0,0,0,0,0
808000,1,1,1111,1,1,tick,808001,0,0,0,0,5000000000,1000000000,10000000000,500000000,1000000000,4611686018427387904,1000,4000,100000,1,0,9223372036854775808,5000000000,5000000000,0,0,0,0,0,0,0,0,9223372036854775808,5000000000,5000000000,0,0,0,0,0,0,0,0
809000,1,0,1112,0,0,tick,809001,0,0,0,0,5000000000,1000000000,10000000000,500000000,1000000000,4611686018427387904,1000,4000,100000,1,0,9223372036854775808,5000000000,5000000000,0,0,0,0,0,0,0,0,9223372036854775808,5000000000,5000000000,0,0,0,0,0,0,0,0
809000,1,1,1112,1,1,tick,809001,0,0,0,0,5000000000,1000000000,10000000000,500000000,1000000000,4611686018427387904,1000,4000,100000,1,0,9223372036854775808,5000000000,5000000000,0,0,0,0,0,0,0,0,9223372036854775808,5000000000,5000000000,0,0,0,0,0,0,0,0
810000,1,0,1114,0,0,tick,810001,0,0,0,0,5000000000,1000000000,10000000000,500000000,1000000000,4611686018427387904,1000,4000,100000,1,0,9223372036854775808,5000000000,5000000000,0,0,0,0,0,0,0,0,9223372036854775808,5000000000,5000000000,0,0,0,0,0,0,0,0
810000,1,1,1114,1,1,tick,810001,0,0,0,0,5000000000,1000000000,10000000000,500000000,1000000000,4611686018427387904,1000,4000,100000,1,0,9223372036854775808,5000000000,5000000000,0,0,0,0,0,0,0,0,9223372036854775808,5000000000,5000000000,0,0,0,0,0,0,0,0
811000,1,0,1117,0,0,tick,811001,0,0,0,0,5000000000,1000000000,10000000000,500000000,1000000000,4611686018427387904,1000,4000,100000,1,0,9223372036854775808,5000000000,5000000000,0,0,0,0,0,0,0,0,9223372036854775808,5000000000,5000000000,0,0,0,0,0,0,0,0
811000,1,1,1117,1,1,tick,811001,0,0,0,0,5000000000,1000000000,10000000000,500000000,1000000000,4611686018427387904,1000,4000,100000,1,0,9223372036854775808,5000000000,5000000000,0,0,0,0,0,0,0,0,9223372036854775808,5000000000,5000000000,0,0,0,0,0,0,0,0
812000,1,0,1118,0,0,tick,812001,0,0,0,0,5000000000,1000000000,10000000000,500000000,1000000000,4611686018427387904,1000,4000,100000,1,0,9223372036854775808,5000000000,5000000000,0,0,0,0,0,0,0,0,9223372036854775808,5000000000,5000000000,0,0,0,0,0,0,0,0
812000,1,1,1118,1,1,tick,812001,0,0,0,0,5000000000,1000000000,10000000000,500000000,1000000000,4611686018427387904,1000,4000,100000,1,0,9223372036854775808,5000000000,5000000000,0,0,0,0,0,0,0,0,9223372036854775808,5000000000,5000000000,0,0,0,0,0,0,0,0
813000,1,0,1119,0,0,tick,813001,0,0,0,0,5000000000,1000000000,10000000000,500000000,1000000000,4611686018427387904,1000,4000,100000,1,0,9223372036854775808,5000000000,5000000000,0,0,0,0,0,0,0,0,9223372036854775808,5000000000,5000000000,0,0,0,0,0,0,0,0
813000,1,1,1119,1,1,tick,813001,0,0,0,0,5000000000,1000000000,10000000000,500000000,1000000000,4611686018427387904,1000,4000,100000,1,0,9223372036854775808,5000000000,5000000000,0,0,0,0,0,0,0,0,9223372036854775808,5000000000,5000000000,0,0,0,0,0,0,0,0
814000,1,0,1120,0,0,tick,814001,0,0,0,0,5000000000,1000000000,10000000000,500000000,1000000000,4611686018427387904,1000,4000,100000,1,0,9223372036854775808,5000000000,5000000000,0,0,0,0,0,0,0,0,9223372036854775808,5000000000,5000000000,0,0,0,0,0,0,0,0
814000,1,1,1120,1,1,tick,814001,0,0,0,0,5000000000,1000000000,10000000000,500000000,1000000000,4611686018427387904,1000,4000,100000,1,0,9223372036854775808,5000000000,5000000000,0,0,0,0,0,0,0,0,9223372036854775808,5000000000,5000000000,0,0,0,0,0,0,0,0
815000,1,0,1121,0,0,tick,815001,0,0,0,0,5000000000,1000000000,10000000000,500000000,1000000000,4611686018427387904,1000,4000,100000,1,0,9223372036854775808,5000000000,5000000000,0,0,0,0,0,0,0,0,9223372036854775808,5000000000,5000000000,0,0,0,0,0,0,0,0
815000,1,1,1121,1,1,tick,815001,0,0,0,0,5000000000,1000000000,10000000000,500000000,1000000000,4611686018427387904,1000,4000,100000,1,0,9223372036854775808,5000000000,5000000000,0,0,0,0,0,0,0,0,9223372036854775808,5000000000,5000000000,0,0,0,0,0,0,0,0
816000,1,0,1122,0,0,tick,816001,0,0,0,0,5000000000,1000000000,10000000000,500000000,1000000000,4611686018427387904,1000,4000,100000,1,0,9223372036854775808,5000000000,5000000000,0,0,0,0,0,0,0,0,9223372036854775808,5000000000,5000000000,0,0,0,0,0,0,0,0
816000,1,1,1122,1,1,tick,816001,0,0,0,0,5000000000,1000000000,10000000000,500000000,1000000000,4611686018427387904,1000,4000,100000,1,0,9223372036854775808,5000000000,5000000000,0,0,0,0,0,0,0,0,9223372036854775808,5000000000,5000000000,0,0,0,0,0,0,0,0
817000,1,0,1123,0,0,tick,817001,0,0,0,0,5000000000,1000000000,10000000000,500000000,1000000000,4611686018427387904,1000,4000,100000,1,0,9223372036854775808,5000000000,5000000000,0,0,0,0,0,0,0,0,9223372036854775808,5000000000,5000000000,0,0,0,0,0,0,0,0
817000,1,1,1123,1,1,tick,817001,0,0,0,0,5000000000,1000000000,10000000000,500000000,1000000000,4611686018427387904,1000,4000,100000,1,0,9223372036854775808,5000000000,5000000000,0,0,0,0,0,0,0,0,9223372036854775808,5000000000,5000000000,0,0,0,0,0,0,0,0
818000,1,0,1125,0,0,tick,818001,0,0,0,0,5000000000,1000000000,10000000000,500000000,1000000000,4611686018427387904,1000,4000,100000,1,0,9223372036854775808,5000000000,5000000000,0,0,0,0,0,0,0,0,9223372036854775808,5000000000,5000000000,0,0,0,0,0,0,0,0
818000,1,1,1125,1,1,tick,818001,0,0,0,0,5000000000,1000000000,10000000000,500000000,1000000000,4611686018427387904,1000,4000,100000,1,0,9223372036854775808,5000000000,5000000000,0,0,0,0,0,0,0,0,9223372036854775808,5000000000,5000000000,0,0,0,0,0,0,0,0
819000,1,0,1128,0,0,tick,819001,0,0,0,0,5000000000,1000000000,10000000000,500000000,1000000000,4611686018427387904,1000,4000,100000,1,0,9223372036854775808,5000000000,5000000000,0,0,0,0,0,0,0,0,9223372036854775808,5000000000,5000000000,0,0,0,0,0,0,0,0
819000,1,1,1128,1,1,tick,819001,0,0,0,0,5000000000,1000000000,10000000000,500000000,1000000000,4611686018427387904,1000,4000,100000,1,0,9223372036854775808,5000000000,5000000000,0,0,0,0,0,0,0,0,9223372036854775808,5000000000,5000000000,0,0,0,0,0,0,0,0
820000,1,0,1129,0,0,tick,820001,0,0,0,0,5000000000,1000000000,10000000000,500000000,1000000000,4611686018427387904,1000,4000,100000,1,0,9223372036854775808,5000000000,5000000000,0,0,0,0,0,0,0,0,9223372036854775808,5000000000,5000000000,0,0,0,0,0,0,0,0
820000,1,1,1129,1,1,tick,820001,0,0,0,0,5000000000,1000000000,10000000000,500000000,1000000000,4611686018427387904,1000,4000,100000,1,0,9223372036854775808,5000000000,5000000000,0,0,0,0,0,0,0,0,9223372036854775808,5000000000,5000000000,0,0,0,0,0,0,0,0
821000,1,0,1130,0,0,tick,821001,0,0,0,0,5000000000,1000000000,10000000000,500000000,1000000000,4611686018427387904,1000,4000,100000,1,0,9223372036854775808,5000000000,5000000000,0,0,0,0,0,0,0,0,9223372036854775808,5000000000,5000000000,0,0,0,0,0,0,0,0
821000,1,1,1130,1,1,tick,821001,0,0,0,0,5000000000,1000000000,10000000000,500000000,1000000000,4611686018427387904,1000,4000,100000,1,0,9223372036854775808,5000000000,5000000000,0,0,0,0,0,0,0,0,9223372036854775808,5000000000,5000000000,0,0,0,0,0,0,0,0
822000,1,0,1131,0,0,tick,822001,0,0,0,0,5000000000,1000000000,10000000000,500000000,1000000000,4611686018427387904,1000,4000,100000,1,0,9223372036854775808,5000000000,5000000000,0,0,0,0,0,0,0,0,9223372036854775808,5000000000,5000000000,0,0,0,0,0,0,0,0
822000,1,1,1131,1,1,tick,822001,0,0,0,0,5000000000,1000000000,10000000000,500000000,1000000000,4611686018427387904,1000,4000,100000,1,0,9223372036854775808,5000000000,5000000000,0,0,0,0,0,0,0,0,9223372036854775808,5000000000,5000000000,0,0,0,0,0,0,0,0
823000,1,0,1132,0,0,tick,823001,0,0,0,0,5000000000,1000000000,10000000000,500000000,1000000000,4611686018427387904,1000,4000,100000,1,0,9223372036854775808,5000000000,5000000000,0,0,0,0,0,0,0,0,9223372036854775808,5000000000,5000000000,0,0,0,0,0,0,0,0
823000,1,1,1132,1,1,tick,823001,0,0,0,0,5000000000,1000000000,10000000000,500000000,1000000000,4611686018427387904,1000,4000,100000,1,0,9223372036854775808,5000000000,5000000000,0,0,0,0,0,0,0,0,9223372036854775808,5000000000,5000000000,0,0,0,0,0,0,0,0
824000,1,0,1133,0,0,tick,824001,0,0,0,0,5000000000,1000000000,10000000000,500000000,1000000000,4611686018427387904,1000,4000,100000,1,0,9223372036854775808,5000000000,5000000000,0,0,0,0,0,0,0,0,9223372036854775808,5000000000,5000000000,0,0,0,0,0,0,0,0
824000,1,1,1133,1,1,tick,824001,0,0,0,0,5000000000,1000000000,10000000000,500000000,1000000000,4611686018427387904,1000,4000,100000,1,0,9223372036854775808,5000000000,5000000000,0,0,0,0,0,0,0,0,9223372036854775808,5000000000,5000000000,0,0,0,0,0,0,0,0
825000,1,0,1134,0,0,tick,825001,0,0,0,0,5000000000,1000000000,10000000000,500000000,1000000000,4611686018427387904,1000,4000,100000,1,0,9223372036854775808,5000000000,5000000000,0,0,0,0,0,0,0,0,9223372036854775808,5000000000,5000000000,0,0,0,0,0,0,0,0
825000,1,1,1134,1,1,tick,825001,0,0,0,0,5000000000,1000000000,10000000000,500000000,1000000000,4611686018427387904,1000,4000,100000,1,0,9223372036854775808,5000000000,5000000000,0,0,0,0,0,0,0,0,9223372036854775808,5000000000,5000000000,0,0,0,0,0,0,0,0
826000,1,0,1136,0,0,tick,826001,0,0,0,0,5000000000,1000000000,10000000000,500000000,1000000000,4611686018427387904,1000,4000,100000,1,0,9223372036854775808,5000000000,5000000000,0,0,0,0,0,0,0,0,9223372036854775808,5000000000,5000000000,0,0,0,0,0,0,0,0
826000,1,1,1136,1,1,tick,826001,0,0,0,0,5000000000,1000000000,10000000000,500000000,1000000000,4611686018427387904,1000,4000,100000,1,0,9223372036854775808,5000000000,5000000000,0,0,0,0,0,0,0,0,9223372036854775808,5000000000,5000000000,0,0,0,0,0,0,0,0
827000,1,0,1139,0,0,tick,827001,0,0,0,0,5000000000,1000000000,10000000000,500000000,1000000000,4611686018427387904,1000,4000,100000,1,0,9223372036854775808,5000000000,5000000000,0,0,0,0,0,0,0,0,9223372036854775808,5000000000,5000000000,0,0,0,0,0,0,0,0
827000,1,1,1139,1,1,tick,827001,0,0,0,0,5000000000,1000000000,10000000000,500000000,1000000000,4611686018427387904,1000,4000,100000,1,0,9223372036854775808,5000000000,5000000000,0,0,0,0,0,0,0,0,9223372036854775808,5000000000,5000000000,0,0,0,0,0,0,0,0
828000,1,0,1140,0,0,tick,828001,0,0,0,0,5000000000,1000000000,10000000000,500000000,1000000000,4611686018427387904,1000,4000,100000,1,0,9223372036854775808,5000000000,5000000000,0,0,0,0,0,0,0,0,9223372036854775808,5000000000,5000000000,0,0,0,0,0,0,0,0
828000,1,1,1140,1,1,tick,828001,0,0,0,0,5000000000,1000000000,10000000000,500000000,1000000000,4611686018427387904,1000,4000,100000,1,0,9223372036854775808,5000000000,5000000000,0,0,0,0,0,0,0,0,9223372036854775808,5000000000,5000000000,0,0,0,0,0,0,0,0
829000,1,0,1141,0,0,tick,829001,0,0,0,0,5000000000,1000000000,10000000000,500000000,1000000000,4611686018427387904,1000,4000,100000,1,0,9223372036854775808,5000000000,5000000000,0,0,0,0,0,0,0,0,9223372036854775808,5000000000,5000000000,0,0,0,0,0,0,0,0
829000,1,1,1141,1,1,tick,829001,0,0,0,0,5000000000,1000000000,10000000000,500000000,1000000000,4611686018427387904,1000,4000,100000,1,0,9223372036854775808,5000000000,5000000000,0,0,0,0,0,0,0,0,9223372036854775808,5000000000,5000000000,0,0,0,0,0,0,0,0
830000,1,0,1142,0,0,tick,830001,0,0,0,0,5000000000,1000000000,10000000000,500000000,1000000000,4611686018427387904,1000,4000,100000,1,0,9223372036854775808,5000000000,5000000000,0,0,0,0,0,0,0,0,9223372036854775808,5000000000,5000000000,0,0,0,0,0,0,0,0
830000,1,1,1142,1,1,tick,830001,0,0,0,0,5000000000,1000000000,10000000000,500000000,1000000000,4611686018427387904,1000,4000,100000,1,0,9223372036854775808,5000000000,5000000000,0,0,0,0,0,0,0,0,9223372036854775808,5000000000,5000000000,0,0,0,0,0,0,0,0
831000,1,0,1143,0,0,tick,831001,0,0,0,0,5000000000,1000000000,10000000000,500000000,1000000000,4611686018427387904,1000,4000,100000,1,0,9223372036854775808,5000000000,5000000000,0,0,0,0,0,0,0,0,9223372036854775808,5000000000,5000000000,0,0,0,0,0,0,0,0
831000,1,1,1143,1,1,tick,831001,0,0,0,0,5000000000,1000000000,10000000000,500000000,1000000000,4611686018427387904,1000,4000,100000,1,0,9223372036854775808,5000000000,5000000000,0,0,0,0,0,0,0,0,9223372036854775808,5000000000,5000000000,0,0,0,0,0,0,0,0
832000,1,0,1144,0,0,tick,832001,0,0,0,0,5000000000,1000000000,10000000000,500000000,1000000000,4611686018427387904,1000,4000,100000,1,0,9223372036854775808,5000000000,5000000000,0,0,0,0,0,0,0,0,9223372036854775808,5000000000,5000000000,0,0,0,0,0,0,0,0
832000,1,1,1144,1,1,tick,832001,0,0,0,0,5000000000,1000000000,10000000000,500000000,1000000000,4611686018427387904,1000,4000,100000,1,0,9223372036854775808,5000000000,5000000000,0,0,0,0,0,0,0,0,9223372036854775808,5000000000,5000000000,0,0,0,0,0,0,0,0
833000,1,0,1145,0,0,tick,833001,0,0,0,0,5000000000,1000000000,10000000000,500000000,1000000000,4611686018427387904,1000,4000,100000,1,0,9223372036854775808,5000000000,5000000000,0,0,0,0,0,0,0,0,9223372036854775808,5000000000,5000000000,0,0,0,0,0,0,0,0
833000,1,1,1145,1,1,tick,833001,0,0,0,0,5000000000,1000000000,10000000000,500000000,1000000000,4611686018427387904,1000,4000,100000,1,0,9223372036854775808,5000000000,5000000000,0,0,0,0,0,0,0,0,9223372036854775808,5000000000,5000000000,0,0,0,0,0,0,0,0
834000,1,0,1147,0,0,tick,834001,0,0,0,0,5000000000,1000000000,10000000000,500000000,1000000000,4611686018427387904,1000,4000,100000,1,0,9223372036854775808,5000000000,5000000000,0,0,0,0,0,0,0,0,9223372036854775808,5000000000,5000000000,0,0,0,0,0,0,0,0
834000,1,1,1147,1,1,tick,834001,0,0,0,0,5000000000,1000000000,10000000000,500000000,1000000000,4611686018427387904,1000,4000,100000,1,0,9223372036854775808,5000000000,5000000000,0,0,0,0,0,0,0,0,9223372036854775808,5000000000,5000000000,0,0,0,0,0,0,0,0
835000,1,0,1150,0,0,tick,835001,0,0,0,0,5000000000,1000000000,10000000000,500000000,1000000000,4611686018427387904,1000,4000,100000,1,0,9223372036854775808,5000000000,5000000000,0,0,0,0,0,0,0,0,9223372036854775808,5000000000,5000000000,0,0,0,0,0,0,0,0
835000,1,1,1150,1,1,tick,835001,0,0,0,0,5000000000,1000000000,10000000000,500000000,1000000000,4611686018427387904,1000,4000,100000,1,0,9223372036854775808,5000000000,5000000000,0,0,0,0,0,0,0,0,9223372036854775808,5000000000,5000000000,0,0,0,0,0,0,0,0
836000,1,0,1151,0,0,tick,836001,0,0,0,0,5000000000,1000000000,10000000000,500000000,1000000000,4611686018427387904,1000,4000,100000,1,0,9223372036854775808,5000000000,5000000000,0,0,0,0,0,0,0,0,9223372036854775808,5000000000,5000000000,0,0,0,0,0,0,0,0
836000,1,1,1151,1,1,tick,836001,0,0,0,0,5000000000,1000000000,10000000000,500000000,1000000000,4611686018427387904,1000,4000,100000,1,0,9223372036854775808,5000000000,5000000000,0,0,0,0,0,0,0,0,9223372036854775808,5000000000,5000000000,0,0,0,0,0,0,0,0
837000,1,0,1152,0,0,tick,837001,0,0,0,0,5000000000,1000000000,10000000000,500000000,1000000000,4611686018427387904,1000,4000,100000,1,0,9223372036854775808,5000000000,5000000000,0,0,0,0,0,0,0,0,9223372036854775808,5000000000,5000000000,0,0,0,0,0,0,0,0
837000,1,1,1152,1,1,tick,837001,0,0,0,0,5000000000,1000000000,10000000000,500000000,1000000000,4611686018427387904,1000,4000,100000,1,0,9223372036854775808,5000000000,5000000000,0,0,0,0,0,0,0,0,9223372036854775808,5000000000,5000000000,0,0,0,0,0,0,0,0
838000,1,0,1153,0,0,tick,838001,0,0,0,0,5000000000,1000000000,10000000000,500000000,1000000000,4611686018427387904,1000,4000,100000,1,0,9223372036854775808,5000000000,5000000000,0,0,0,0,0,0,0,0,9223372036854775808,5000000000,5000000000,0,0,0,0,0,0,0,0
838000,1,1,1153,1,1,tick,838001,0,0,0,0,5000000000,1000000000,10000000000,500000000,1000000000,4611686018427387904,1000,4000,100000,1,0,9223372036854775808,5000000000,5000000000,0,0,0,0,0,0,0,0,9223372036854775808,5000000000,5000000000,0,0,0,0,0,0,0,0
839000,1,0,1154,0,0,tick,839001,0,0,0,0,5000000000,1000000000,10000000000,500000000,1000000000,4611686018427387904,1000,4000,100000,1,0,9223372036854775808,5000000000,5000000000,0,0,0,0,0,0,0,0,9223372036854775808,5000000000,5000000000,0,0,0,0,0,0,0,0
839000,1,1,1154,1,1,tick,839001,0,0,0,0,5000000000,1000000000,10000000000,500000000,1000000000,4611686018427387904,1000,4000,100000,1,0,9223372036854775808,5000000000,5000000000,0,0,0,0,0,0,0,0,9223372036854775808,5000000000,5000000000,0,0,0,0,0,0,0,0
840000,1,0,1155,0,0,tick,840001,0,0,0,0,5000000000,1000000000,10000000000,500000000,1000000000,4611686018427387904,1000,4000,100000,1,0,9223372036854775808,5000000000,5000000000,0,0,0,0,0,0,0,0,9223372036854775808,5000000000,5000000000,0,0,0,0,0,0,0,0
840000,1,1,1155,1,1,tick,840001,0,0,0,0,5000000000,1000000000,10000000000,500000000,1000000000,4611686018427387904,1000,4000,100000,1,0,9223372036854775808,5000000000,5000000000,0,0,0,0,0,0,0,0,9223372036854775808,5000000000,5000000000,0,0,0,0,0,0,0,0
841000,1,0,1156,0,0,tick,841001,0,0,0,0,5000000000,1000000000,10000000000,500000000,1000000000,4611686018427387904,1000,4000,100000,1,0,9223372036854775808,5000000000,5000000000,0,0,0,0,0,0,0,0,9223372036854775808,5000000000,5000000000,0,0,0,0,0,0,0,0
841000,1,1,1156,1,1,tick,841001,0,0,0,0,5000000000,1000000000,10000000000,500000000,1000000000,4611686018427387904,1000,4000,100000,1,0,9223372036854775808,5000000000,5000000000,0,0,0,0,0,0,0,0,9223372036854775808,5000000000,5000000000,0,0,0,0,0,0,0,0
842000,1,0,1158,0,0,tick,842001,0,0,0,0,5000000000,1000000000,10000000000,500000000,1000000000,4611686018427387904,1000,4000,100000,1,0,9223372036854775808,5000000000,5000000000,0,0,0,0,0,0,0,0,9223372036854775808,5000000000,5000000000,0,0,0,0,0,0,0,0
842000,1,1,1158,1,1,tick,842001,0,0,0,0,5000000000,1000000000,10000000000,500000000,1000000000,4611686018427387904,1000,4000,100000,1,0,9223372036854775808,5000000000,5000000000,0,0,0,0,0,0,0,0,9223372036854775808,5000000000,5000000000,0,0,0,0,0,0,0,0
843000,1,0,1161,0,0,tick,843001,0,0,0,0,5000000000,1000000000,10000000000,500000000,1000000000,4611686018427387904,1000,4000,100000,1,0,9223372036854775808,5000000000,5000000000,0,0,0,0,0,0,0,0,9223372036854775808,5000000000,5000000000,0,0,0,0,0,0,0,0
843000,1,1,1161,1,1,tick,843001,0,0,0,0,5000000000,1000000000,10000000000,500000000,1000000000,4611686018427387904,1000,4000,100000,1,0,9223372036854775808,5000000000,5000000000,0,0,0,0,0,0,0,0,9223372036854775808,5000000000,5000000000,0,0,0,0,0,0,0,0
844000,1,0,1162,0,0,tick,844001,0,0,0,0,5000000000,1000000000,10000000000,500000000,1000000000,4611686018427387904,1000,4000,100000,1,0,9223372036854775808,5000000000,5000000000,0,0,0,0,0,0,0,0,9223372036854775808,5000000000,5000000000,0,0,0,0,0,0,0,0
844000,1,1,1162,1,1,tick,844001,0,0,0,0,5000000000,1000000000,10000000000,500000000,1000000000,4611686018427387904,1000,4000,100000,1,0,9223372036854775808,5000000000,5000000000,0,0,0,0,0,0,0,0,9223372036854775808,5000000000,5000000000,0,0,0,0,0,0,0,0
845000,1,0,1163,0,0,tick,845001,0,0,0,0,5000000000,1000000000,10000000000,500000000,1000000000,4611686018427387904,1000,4000,100000,1,0,9223372036854775808,5000000000,5000000000,0,0,0,0,0,0,0,0,9223372036854775808,5000000000,5000000000,0,0,0,0,0,0,0,0
845000,1,1,1163,1,1,tick,845001,0,0,0,0,5000000000,1000000000,10000000000,500000000,1000000000,4611686018427387904,1000,4000,100000,1,0,9223372036854775808,5000000000,5000000000,0,0,0,0,0,0,0,0,9223372036854775808,5000000000,5000000000,0,0,0,0,0,0,0,0
846000,1,0,1164,0,0,tick,846001,0,0,0,0,5000000000,1000000000,10000000000,500000000,1000000000,4611686018427387904,1000,4000,100000,1,0,9223372036854775808,5000000000,5000000000,0,0,0,0,0,0,0,0,9223372036854775808,5000000000,5000000000,0,0,0,0,0,0,0,0
846000,1,1,1164,1,1,tick,846001,0,0,0,0,5000000000,1000000000,10000000000,500000000,1000000000,4611686018427387904,1000,4000,100000,1,0,9223372036854775808,5000000000,5000000000,0,0,0,0,0,0,0,0,9223372036854775808,5000000000,5000000000,0,0,0,0,0,0,0,0
847000,1,0,1165,0,0,tick,847001,0,0,0,0,5000000000,1000000000,10000000000,500000000,1000000000,4611686018427387904,1000,4000,100000,1,0,9223372036854775808,5000000000,5000000000,0,0,0,0,0,0,0,0,9223372036854775808,5000000000,5000000000,0,0,0,0,0,0,0,0
847000,1,1,1165,1,1,tick,847001,0,0,0,0,5000000000,1000000000,10000000000,500000000,1000000000,4611686018427387904,1000,4000,100000,1,0,9223372036854775808,5000000000,5000000000,0,0,0,0,0,0,0,0,9223372036854775808,5000000000,5000000000,0,0,0,0,0,0,0,0
848000,1,0,1166,0,0,tick,848001,0,0,0,0,5000000000,1000000000,10000000000,500000000,1000000000,4611686018427387904,1000,4000,100000,1,0,9223372036854775808,5000000000,5000000000,0,0,0,0,0,0,0,0,9223372036854775808,5000000000,5000000000,0,0,0,0,0,0,0,0
848000,1,1,1166,1,1,tick,848001,0,0,0,0,5000000000,1000000000,10000000000,500000000,1000000000,4611686018427387904,1000,4000,100000,1,0,9223372036854775808,5000000000,5000000000,0,0,0,0,0,0,0,0,9223372036854775808,5000000000,5000000000,0,0,0,0,0,0,0,0
849000,1,0,1167,0,0,tick,849001,0,0,0,0,5000000000,1000000000,10000000000,500000000,1000000000,4611686018427387904,1000,4000,100000,1,0,9223372036854775808,5000000000,5000000000,0,0,0,0,0,0,0,0,9223372036854775808,5000000000,5000000000,0,0,0,0,0,0,0,0
849000,1,1,1167,1,1,tick,849001,0,0,0,0,5000000000,1000000000,10000000000,500000000,1000000000,4611686018427387904,1000,4000,100000,1,0,9223372036854775808,5000000000,5000000000,0,0,0,0,0,0,0,0,9223372036854775808,5000000000,5000000000,0,0,0,0,0,0,0,0
850000,1,0,1169,0,0,tick,850001,0,0,0,0,5000000000,1000000000,10000000000,500000000,1000000000,4611686018427387904,1000,4000,100000,1,0,9223372036854775808,5000000000,5000000000,0,0,0,0,0,0,0,0,9223372036854775808,5000000000,5000000000,0,0,0,0,0,0,0,0
850000,1,1,1169,1,1,tick,850001,0,0,0,0,5000000000,1000000000,10000000000,500000000,1000000000,4611686018427387904,1000,4000,100000,1,0,9223372036854775808,5000000000,5000000000,0,0,0,0,0,0,0,0,9223372036854775808,5000000000,5000000000,0,0,0,0,0,0,0,0
851000,1,0,1172,0,0,tick,851001,0,0,0,0,5000000000,1000000000,10000000000,500000000,1000000000,4611686018427387904,1000,4000,100000,1,0,9223372036854775808,5000000000,5000000000,0,0,0,0,0,0,0,0,9223372036854775808,5000000000,5000000000,0,0,0,0,0,0,0,0
851000,1,1,1172,1,1,tick,851001,0,0,0,0,5000000000,1000000000,10000000000,500000000,1000000000,4611686018427387904,1000,4000,100000,1,0,9223372036854775808,5000000000,5000000000,0,0,0,0,0,0,0,0,9223372036854775808,5000000000,5000000000,0,0,0,0,0,0,0,0
852000,1,0,1173,0,0,tick,852001,0,0,0,0,5000000000,1000000000,10000000000,500000000,1000000000,4611686018427387904,1000,4000,100000,1,0,9223372036854775808,5000000000,5000000000,0,0,0,0,0,0,0,0,9223372036854775808,5000000000,5000000000,0,0,0,0,0,0,0,0
852000,1,1,1173,1,1,tick,852001,0,0,0,0,5000000000,1000000000,10000000000,500000000,1000000000,4611686018427387904,1000,4000,100000,1,0,9223372036854775808,5000000000,5000000000,0,0,0,0,0,0,0,0,9223372036854775808,5000000000,5000000000,0,0,0,0,0,0,0,0
853000,1,0,1174,0,0,tick,853001,0,0,0,0,5000000000,1000000000,10000000000,500000000,1000000000,4611686018427387904,1000,4000,100000,1,0,9223372036854775808,5000000000,5000000000,0,0,0,0,0,0,0,0,9223372036854775808,5000000000,5000000000,0,0,0,0,0,0,0,0
853000,1,1,1174,1,1,tick,853001,0,0,0,0,5000000000,1000000000,10000000000,500000000,1000000000,4611686018427387904,1000,4000,100000,1,0,9223372036854775808,5000000000,5000000000,0,0,0,0,0,0,0,0,9223372036854775808,5000000000,5000000000,0,0,0,0,0,0,0,0
854000,1,0,1175,0,0,tick,854001,0,0,0,0,5000000000,1000000000,10000000000,500000000,1000000000,4611686018427387904,1000,4000,100000,1,0,9223372036854775808,5000000000,5000000000,0,0,0,0,0,0,0,0,9223372036854775808,5000000000,5000000000,0,0,0,0,0,0,0,0
854000,1,1,1175,1,1,tick,854001,0,0,0,0,5000000000,1000000000,10000000000,500000000,1000000000,4611686018427387904,1000,4000,100000,1,0,9223372036854775808,5000000000,5000000000,0,0,0,0,0,0,0,0,9223372036854775808,5000000000,5000000000,0,0,0,0,0,0,0,0
855000,1,0,1176,0,0,tick,855001,0,0,0,0,5000000000,1000000000,10000000000,500000000,1000000000,4611686018427387904,1000,4000,100000,1,0,9223372036854775808,5000000000,5000000000,0,0,0,0,0,0,0,0,9223372036854775808,5000000000,5000000000,0,0,0,0,0,0,0,0
855000,1,1,1176,1,1,tick,855001,0,0,0,0,5000000000,1000000000,10000000000,500000000,1000000000,4611686018427387904,1000,4000,100000,1,0,9223372036854775808,5000000000,5000000000,0,0,0,0,0,0,0,0,9223372036854775808,5000000000,5000000000,0,0,0,0,0,0,0,0
856000,1,0,1177,0,0,tick,856001,0,0,0,0,5000000000,1000000000,10000000000,500000000,1000000000,4611686018427387904,1000,4000,100000,1,0,9223372036854775808,5000000000,5000000000,0,0,0,0,0,0,0,0,9223372036854775808,5000000000,5000000000,0,0,0,0,0,0,0,0
856000,1,1,1177,1,1,tick,856001,0,0,0,0,5000000000,1000000000,10000000000,500000000,1000000000,4611686018427387904,1000,4000,100000,1,0,9223372036854775808,5000000000,5000000000,0,0,0,0,0,0,0,0,9223372036854775808,5000000000,5000000000,0,0,0,0,0,0,0,0
857000,1,0,1178,0,0,tick,857001,0,0,0,0,5000000000,1000000000,10000000000,500000000,1000000000,4611686018427387904,1000,4000,100000,1,0,9223372036854775808,5000000000,5000000000,0,0,0,0,0,0,0,0,9223372036854775808,5000000000,5000000000,0,0,0,0,0,0,0,0
857000,1,1,1178,1,1,tick,857001,0,0,0,0,5000000000,1000000000,10000000000,500000000,1000000000,4611686018427387904,1000,4000,100000,1,0,9223372036854775808,5000000000,5000000000,0,0,0,0,0,0,0,0,9223372036854775808,5000000000,5000000000,0,0,0,0,0,0,0,0
858000,1,0,1180,0,0,tick,858001,0,0,0,0,5000000000,1000000000,10000000000,500000000,1000000000,4611686018427387904,1000,4000,100000,1,0,9223372036854775808,5000000000,5000000000,0,0,0,0,0,0,0,0,9223372036854775808,5000000000,5000000000,0,0,0,0,0,0,0,0
858000,1,1,1180,1,1,tick,858001,0,0,0,0,5000000000,1000000000,10000000000,500000000,1000000000,4611686018427387904,1000,4000,100000,1,0,9223372036854775808,5000000000,5000000000,0,0,0,0,0,0,0,0,9223372036854775808,5000000000,5000000000,0,0,0,0,0,0,0,0
859000,1,0,1183,0,0,tick,859001,0,0,0,0,5000000000,1000000000,10000000000,500000000,1000000000,4611686018427387904,1000,4000,100000,1,0,9223372036854775808,5000000000,5000000000,0,0,0,0,0,0,0,0,9223372036854775808,5000000000,5000000000,0,0,0,0,0,0,0,0
859000,1,1,1183,1,1,tick,859001,0,0,0,0,5000000000,1000000000,10000000000,500000000,1000000000,4611686018427387904,1000,4000,100000,1,0,9223372036854775808,5000000000,5000000000,0,0,0,0,0,0,0,0,9223372036854775808,5000000000,5000000000,0,0,0,0,0,0,0,0
860000,1,0,1184,0,0,tick,860001,0,0,0,0,5000000000,1000000000,10000000000,500000000,1000000000,4611686018427387904,1000,4000,100000,1,0,9223372036854775808,5000000000,5000000000,0,0,0,0,0,0,0,0,9223372036854775808,5000000000,5000000000,0,0,0,0,0,0,0,0
860000,1,1,1184,1,1,tick,860001,0,0,0,0,5000000000,1000000000,10000000000,500000000,1000000000,4611686018427387904,1000,4000,100000,1,0,9223372036854775808,5000000000,5000000000,0,0,0,0,0,0,0,0,9223372036854775808,5000000000,5000000000,0,0,0,0,0,0,0,0
861000,1,0,1185,0,0,tick,861001,0,0,0,0,5000000000,1000000000,10000000000,500000000,1000000000,4611686018427387904,1000,4000,100000,1,0,9223372036854775808,5000000000,5000000000,0,0,0,0,0,0,0,0,9223372036854775808,5000000000,5000000000,0,0,0,0,0,0,0,0
861000,1,1,1185,1,1,tick,861001,0,0,0,0,5000000000,1000000000,10000000000,500000000,1000000000,4611686018427387904,1000,4000,100000,1,0,9223372036854775808,5000000000,5000000000,0,0,0,0,0,0,0,0,9223372036854775808,5000000000,5000000000,0,0,0,0,0,0,0,0
862000,1,0,1186,0,0,tick,862001,0,0,0,0,5000000000,1000000000,10000000000,500000000,1000000000,4611686018427387904,1000,4000,100000,1,0,9223372036854775808,5000000000,5000000000,0,0,0,0,0,0,0,0,9223372036854775808,5000000000,5000000000,0,0,0,0,0,0,0,0
862000,1,1,1186,1,1,tick,862001,0,0,0,0,5000000000,1000000000,10000000000,500000000,1000000000,4611686018427387904,1000,4000,100000,1,0,9223372036854775808,5000000000,5000000000,0,0,0,0,0,0,0,0,9223372036854775808,5000000000,5000000000,0,0,0,0,0,0,0,0
863000,1,0,1187,0,0,tick,863001,0,0,0,0,5000000000,1000000000,10000000000,500000000,1000000000,4611686018427387904,1000,4000,100000,1,0,9223372036854775808,5000000000,5000000000,0,0,0,0,0,0,0,0,9223372036854775808,5000000000,5000000000,0,0,0,0,0,0,0,0
863000,1,1,1187,1,1,tick,863001,0,0,0,0,5000000000,1000000000,10000000000,500000000,1000000000,4611686018427387904,1000,4000,100000,1,0,9223372036854775808,5000000000,5000000000,0,0,0,0,0,0,0,0,9223372036854775808,5000000000,5000000000,0,0,0,0,0,0,0,0
864000,1,0,1188,0,0,tick,864001,0,0,0,0,5000000000,1000000000,10000000000,500000000,1000000000,4611686018427387904,1000,4000,100000,1,0,9223372036854775808,5000000000,5000000000,0,0,0,0,0,0,0,0,9223372036854775808,5000000000,5000000000,0,0,0,0,0,0,0,0
864000,1,1,1188,1,1,tick,864001,0,0,0,0,5000000000,1000000000,10000000000,500000000,1000000000,4611686018427387904,1000,4000,100000,1,0,9223372036854775808,5000000000,5000000000,0,0,0,0,0,0,0,0,9223372036854775808,5000000000,5000000000,0,0,0,0,0,0,0,0
865000,1,0,1189,0,0,tick,865001,0,0,0,0,5000000000,1000000000,10000000000,500000000,1000000000,4611686018427387904,1000,4000,100000,1,0,9223372036854775808,5000000000,5000000000,0,0,0,0,0,0,0,0,9223372036854775808,5000000000,5000000000,0,0,0,0,0,0,0,0
865000,1,1,1189,1,1,tick,865001,0,0,0,0,5000000000,1000000000,10000000000,500000000,1000000000,4611686018427387904,1000,4000,100000,1,0,9223372036854775808,5000000000,5000000000,0,0,0,0,0,0,0,0,9223372036854775808,5000000000,5000000000,0,0,0,0,0,0,0,0
866000,1,0,1191,0,0,tick,866001,0,0,0,0,5000000000,1000000000,10000000000,500000000,1000000000,4611686018427387904,1000,4000,100000,1,0,9223372036854775808,5000000000,5000000000,0,0,0,0,0,0,0,0,9223372036854775808,5000000000,5000000000,0,0,0,0,0,0,0,0
866000,1,1,1191,1,1,tick,866001,0,0,0,0,5000000000,1000000000,10000000000,500000000,1000000000,4611686018427387904,1000,4000,100000,1,0,9223372036854775808,5000000000,5000000000,0,0,0,0,0,0,0,0,9223372036854775808,5000000000,5000000000,0,0,0,0,0,0,0,0
867000,1,0,1194,0,0,tick,867001,0,0,0,0,5000000000,1000000000,10000000000,500000000,1000000000,4611686018427387904,1000,4000,100000,1,0,9223372036854775808,5000000000,5000000000,0,0,0,0,0,0,0,0,9223372036854775808,5000000000,5000000000,0,0,0,0,0,0,0,0
867000,1,1,1194,1,1,tick,867001,0,0,0,0,5000000000,1000000000,10000000000,500000000,1000000000,4611686018427387904,1000,4000,100000,1,0,9223372036854775808,5000000000,5000000000,0,0,0,0,0,0,0,0,9223372036854775808,5000000000,5000000000,0,0,0,0,0,0,0,0
868000,1,0,1195,0,0,tick,868001,0,0,0,0,5000000000,1000000000,10000000000,500000000,1000000000,4611686018427387904,1000,4000,100000,1,0,9223372036854775808,5000000000,5000000000,0,0,0,0,0,0,0,0,9223372036854775808,5000000000,5000000000,0,0,0,0,0,0,0,0
868000,1,1,1195,1,1,tick,868001,0,0,0,0,5000000000,1000000000,10000000000,500000000,1000000000,4611686018427387904,1000,4000,100000,1,0,9223372036854775808,5000000000,5000000000,0,0,0,0,0,0,0,0,9223372036854775808,5000000000,5000000000,0,0,0,0,0,0,0,0
869000,1,0,1196,0,0,tick,869001,0,0,0,0,5000000000,1000000000,10000000000,500000000,1000000000,4611686018427387904,1000,4000,100000,1,0,9223372036854775808,5000000000,5000000000,0,0,0,0,0,0,0,0,9223372036854775808,5000000000,5000000000,0,0,0,0,0,0,0,0
869000,1,1,1196,1,1,tick,869001,0,0,0,0,5000000000,1000000000,10000000000,500000000,1000000000,4611686018427387904,1000,4000,100000,1,0,9223372036854775808,5000000000,5000000000,0,0,0,0,0,0,0,0,9223372036854775808,5000000000,5000000000,0,0,0,0,0,0,0,0
870000,1,0,1197,0,0,tick,870001,0,0,0,0,5000000000,1000000000,10000000000,500000000,1000000000,4611686018427387904,1000,4000,100000,1,0,9223372036854775808,5000000000,5000000000,0,0,0,0,0,0,0,0,9223372036854775808,5000000000,5000000000,0,0,0,0,0,0,0,0
870000,1,1,1197,1,1,tick,870001,0,0,0,0,5000000000,1000000000,10000000000,500000000,1000000000,4611686018427387904,1000,4000,100000,1,0,9223372036854775808,5000000000,5000000000,0,0,0,0,0,0,0,0,9223372036854775808,5000000000,5000000000,0,0,0,0,0,0,0,0
871000,1,0,1198,0,0,tick,871001,0,0,0,0,5000000000,1000000000,10000000000,500000000,1000000000,4611686018427387904,1000,4000,100000,1,0,9223372036854775808,5000000000,5000000000,0,0,0,0,0,0,0,0,9223372036854775808,5000000000,5000000000,0,0,0,0,0,0,0,0
871000,1,1,1198,1,1,tick,871001,0,0,0,0,5000000000,1000000000,10000000000,500000000,1000000000,4611686018427387904,1000,4000,100000,1,0,9223372036854775808,5000000000,5000000000,0,0,0,0,0,0,0,0,9223372036854775808,5000000000,5000000000,0,0,0,0,0,0,0,0
872000,1,0,1199,0,0,tick,872001,0,0,0,0,5000000000,1000000000,10000000000,500000000,1000000000,4611686018427387904,1000,4000,100000,1,0,9223372036854775808,5000000000,5000000000,0,0,0,0,0,0,0,0,9223372036854775808,5000000000,5000000000,0,0,0,0,0,0,0,0
872000,1,1,1199,1,1,tick,872001,0,0,0,0,5000000000,1000000000,10000000000,500000000,1000000000,4611686018427387904,1000,4000,100000,1,0,9223372036854775808,5000000000,5000000000,0,0,0,0,0,0,0,0,9223372036854775808,5000000000,5000000000,0,0,0,0,0,0,0,0
873000,1,0,1200,0,0,tick,873001,0,0,0,0,5000000000,1000000000,10000000000,500000000,1000000000,4611686018427387904,1000,4000,100000,1,0,9223372036854775808,5000000000,5000000000,0,0,0,0,0,0,0,0,9223372036854775808,5000000000,5000000000,0,0,0,0,0,0,0,0
873000,1,1,1200,1,1,tick,873001,0,0,0,0,5000000000,1000000000,10000000000,500000000,1000000000,4611686018427387904,1000,4000,100000,1,0,9223372036854775808,5000000000,5000000000,0,0,0,0,0,0,0,0,9223372036854775808,5000000000,5000000000,0,0,0,0,0,0,0,0
874000,1,0,1202,0,0,tick,874001,0,0,0,0,5000000000,1000000000,10000000000,500000000,1000000000,4611686018427387904,1000,4000,100000,1,0,9223372036854775808,5000000000,5000000000,0,0,0,0,0,0,0,0,9223372036854775808,5000000000,5000000000,0,0,0,0,0,0,0,0
874000,1,1,1202,1,1,tick,874001,0,0,0,0,5000000000,1000000000,10000000000,500000000,1000000000,4611686018427387904,1000,4000,100000,1,0,9223372036854775808,5000000000,5000000000,0,0,0,0,0,0,0,0,9223372036854775808,5000000000,5000000000,0,0,0,0,0,0,0,0
875000,1,0,1205,0,0,tick,875001,0,0,0,0,5000000000,1000000000,10000000000,500000000,1000000000,4611686018427387904,1000,4000,100000,1,0,9223372036854775808,5000000000,5000000000,0,0,0,0,0,0,0,0,9223372036854775808,5000000000,5000000000,0,0,0,0,0,0,0,0
875000,1,1,1205,1,1,tick,875001,0,0,0,0,5000000000,1000000000,10000000000,500000000,1000000000,4611686018427387904,1000,4000,100000,1,0,9223372036854775808,5000000000,5000000000,0,0,0,0,0,0,0,0,9223372036854775808,5000000000,5000000000,0,0,0,0,0,0,0,0
876000,1,0,1206,0,0,tick,876001,0,0,0,0,5000000000,1000000000,10000000000,500000000,1000000000,4611686018427387904,1000,4000,100000,1,0,9223372036854775808,5000000000,5000000000,0,0,0,0,0,0,0,0,9223372036854775808,5000000000,5000000000,0,0,0,0,0,0,0,0
876000,1,1,1206,1,1,tick,876001,0,0,0,0,5000000000,1000000000,10000000000,500000000,1000000000,4611686018427387904,1000,4000,100000,1,0,9223372036854775808,5000000000,5000000000,0,0,0,0,0,0,0,0,9223372036854775808,5000000000,5000000000,0,0,0,0,0,0,0,0
877000,1,0,1207,0,0,tick,877001,0,0,0,0,5000000000,1000000000,10000000000,500000000,1000000000,4611686018427387904,1000,4000,100000,1,0,9223372036854775808,5000000000,5000000000,0,0,0,0,0,0,0,0,9223372036854775808,5000000000,5000000000,0,0,0,0,0,0,0,0
877000,1,1,1207,1,1,tick,877001,0,0,0,0,5000000000,1000000000,10000000000,500000000,1000000000,4611686018427387904,1000,4000,100000,1,0,9223372036854775808,5000000000,5000000000,0,0,0,0,0,0,0,0,9223372036854775808,5000000000,5000000000,0,0,0,0,0,0,0,0
878000,1,0,1208,0,0,tick,878001,0,0,0,0,5000000000,1000000000,10000000000,500000000,1000000000,4611686018427387904,1000,4000,100000,1,0,9223372036854775808,5000000000,5000000000,0,0,0,0,0,0,0,0,9223372036854775808,5000000000,5000000000,0,0,0,0,0,0,0,0
878000,1,1,1208,1,1,tick,878001,0,0,0,0,5000000000,1000000000,10000000000,500000000,1000000000,4611686018427387904,1000,4000,100000,1,0,9223372036854775808,5000000000,5000000000,0,0,0,0,0,0,0,0,9223372036854775808,5000000000,5000000000,0,0,0,0,0,0,0,0
879000,1,0,1209,0,0,tick,879001,0,0,0,0,5000000000,1000000000,10000000000,500000000,1000000000,4611686018427387904,1000,4000,100000,1,0,9223372036854775808,5000000000,5000000000,0,0,0,0,0,0,0,0,9223372036854775808,5000000000,5000000000,0,0,0,0,0,0,0,0
879000,1,1,1209,1,1,tick,879001,0,0,0,0,5000000000,1000000000,10000000000,500000000,1000000000,4611686018427387904,1000,4000,100000,1,0,9223372036854775808,5000000000,5000000000,0,0,0,0,0,0,0,0,9223372036854775808,5000000000,5000000000,0,0,0,0,0,0,0,0
880000,1,0,1210,0,0,tick,880001,0,0,0,0,5000000000,1000000000,10000000000,500000000,1000000000,4611686018427387904,1000,4000,100000,1,0,9223372036854775808,5000000000,5000000000,0,0,0,0,0,0,0,0,9223372036854775808,5000000000,5000000000,0,0,0,0,0,0,0,0
880000,1,1,1210,1,1,tick,880001,0,0,0,0,5000000000,1000000000,10000000000,500000000,1000000000,4611686018427387904,1000,4000,100000,1,0,9223372036854775808,5000000000,5000000000,0,0,0,0,0,0,0,0,9223372036854775808,5000000000,5000000000,0,0,0,0,0,0,0,0
881000,1,0,1211,0,0,tick,881001,0,0,0,0,5000000000,1000000000,10000000000,500000000,1000000000,4611686018427387904,1000,4000,100000,1,0,9223372036854775808,5000000000,5000000000,0,0,0,0,0,0,0,0,9223372036854775808,5000000000,5000000000,0,0,0,0,0,0,0,0
881000,1,1,1211,1,1,tick,881001,0,0,0,0,5000000000,1000000000,10000000000,500000000,1000000000,4611686018427387904,1000,4000,100000,1,0,9223372036854775808,5000000000,5000000000,0,0,0,0,0,0,0,0,9223372036854775808,5000000000,5000000000,0,0,0,0,0,0,0,0
882000,1,0,1213,0,0,tick,882001,0,0,0,0,5000000000,1000000000,10000000000,500000000,1000000000,4611686018427387904,1000,4000,100000,1,0,9223372036854775808,5000000000,5000000000,0,0,0,0,0,0,0,0,9223372036854775808,5000000000,5000000000,0,0,0,0,0,0,0,0
882000,1,1,1213,1,1,tick,882001,0,0,0,0,5000000000,1000000000,10000000000,500000000,1000000000,4611686018427387904,1000,4000,100000,1,0,9223372036854775808,5000000000,5000000000,0,0,0,0,0,0,0,0,9223372036854775808,5000000000,5000000000,0,0,0,0,0,0,0,0
883000,1,0,1216,0,0,tick,883001,0,0,0,0,5000000000,1000000000,10000000000,500000000,1000000000,4611686018427387904,1000,4000,100000,1,0,9223372036854775808,5000000000,5000000000,0,0,0,0,0,0,0,0,9223372036854775808,5000000000,5000000000,0,0,0,0,0,0,0,0
883000,1,1,1216,1,1,tick,883001,0,0,0,0,5000000000,1000000000,10000000000,500000000,1000000000,4611686018427387904,1000,4000,100000,1,0,9223372036854775808,5000000000,5000000000,0,0,0,0,0,0,0,0,9223372036854775808,5000000000,5000000000,0,0,0,0,0,0,0,0
884000,1,0,1217,0,0,tick,884001,0,0,0,0,5000000000,1000000000,10000000000,500000000,1000000000,4611686018427387904,1000,4000,100000,1,0,9223372036854775808,5000000000,5000000000,0,0,0,0,0,0,0,0,9223372036854775808,5000000000,5000000000,0,0,0,0,0,0,0,0
884000,1,1,1217,1,1,tick,884001,0,0,0,0,5000000000,1000000000,10000000000,500000000,1000000000,4611686018427387904,1000,4000,100000,1,0,9223372036854775808,5000000000,5000000000,0,0,0,0,0,0,0,0,9223372036854775808,5000000000,5000000000,0,0,0,0,0,0,0,0
885000,1,0,1218,0,0,tick,885001,0,0,0,0,5000000000,1000000000,10000000000,500000000,1000000000,4611686018427387904,1000,4000,100000,1,0,9223372036854775808,5000000000,5000000000,0,0,0,0,0,0,0,0,9223372036854775808,5000000000,5000000000,0,0,0,0,0,0,0,0
885000,1,1,1218,1,1,tick,885001,0,0,0,0,5000000000,1000000000,10000000000,500000000,1000000000,4611686018427387904,1000,4000,100000,1,0,9223372036854775808,5000000000,5000000000,0,0,0,0,0,0,0,0,9223372036854775808,5000000000,5000000000,0,0,0,0,0,0,0,0
886000,1,0,1219,0,0,tick,886001,0,0,0,0,5000000000,1000000000,10000000000,500000000,1000000000,4611686018427387904,1000,4000,100000,1,0,9223372036854775808,5000000000,5000000000,0,0,0,0,0,0,0,0,9223372036854775808,5000000000,5000000000,0,0,0,0,0,0,0,0
886000,1,1,1219,1,1,tick,886001,0,0,0,0,5000000000,1000000000,10000000000,500000000,1000000000,4611686018427387904,1000,4000,100000,1,0,9223372036854775808,5000000000,5000000000,0,0,0,0,0,0,0,0,9223372036854775808,5000000000,5000000000,0,0,0,0,0,0,0,0
887000,1,0,1220,0,0,tick,887001,0,0,0,0,5000000000,1000000000,10000000000,500000000,1000000000,4611686018427387904,1000,4000,100000,1,0,9223372036854775808,5000000000,5000000000,0,0,0,0,0,0,0,0,9223372036854775808,5000000000,5000000000,0,0,0,0,0,0,0,0
887000,1,1,1220,1,1,tick,887001,0,0,0,0,5000000000,1000000000,10000000000,500000000,1000000000,4611686018427387904,1000,4000,100000,1,0,9223372036854775808,5000000000,5000000000,0,0,0,0,0,0,0,0,9223372036854775808,5000000000,5000000000,0,0,0,0,0,0,0,0
888000,1,0,1221,0,0,tick,888001,0,0,0,0,5000000000,1000000000,10000000000,500000000,1000000000,4611686018427387904,1000,4000,100000,1,0,9223372036854775808,5000000000,5000000000,0,0,0,0,0,0,0,0,9223372036854775808,5000000000,5000000000,0,0,0,0,0,0,0,0
888000,1,1,1221,1,1,tick,888001,0,0,0,0,5000000000,1000000000,10000000000,500000000,1000000000,4611686018427387904,1000,4000,100000,1,0,9223372036854775808,5000000000,5000000000,0,0,0,0,0,0,0,0,9223372036854775808,5000000000,5000000000,0,0,0,0,0,0,0,0
889000,1,0,1222,0,0,tick,889001,0,0,0,0,5000000000,1000000000,10000000000,500000000,1000000000,4611686018427387904,1000,4000,100000,1,0,9223372036854775808,5000000000,5000000000,0,0,0,0,0,0,0,0,9223372036854775808,5000000000,5000000000,0,0,0,0,0,0,0,0
889000,1,1,1222,1,1,tick,889001,0,0,0,0,5000000000,1000000000,10000000000,500000000,1000000000,4611686018427387904,1000,4000,100000,1,0,9223372036854775808,5000000000,5000000000,0,0,0,0,0,0,0,0,9223372036854775808,5000000000,5000000000,0,0,0,0,0,0,0,0
890000,1,0,1224,0,0,tick,890001,0,0,0,0,5000000000,1000000000,10000000000,500000000,1000000000,4611686018427387904,1000,4000,100000,1,0,9223372036854775808,5000000000,5000000000,0,0,0,0,0,0,0,0,9223372036854775808,5000000000,5000000000,0,0,0,0,0,0,0,0
890000,1,1,1224,1,1,tick,890001,0,0,0,0,5000000000,1000000000,10000000000,500000000,1000000000,4611686018427387904,1000,4000,100000,1,0,9223372036854775808,5000000000,5000000000,0,0,0,0,0,0,0,0,9223372036854775808,5000000000,5000000000,0,0,0,0,0,0,0,0
891000,1,0,1227,0,0,tick,891001,0,0,0,0,5000000000,1000000000,10000000000,500000000,1000000000,4611686018427387904,1000,4000,100000,1,0,9223372036854775808,5000000000,5000000000,0,0,0,0,0,0,0,0,9223372036854775808,5000000000,5000000000,0,0,0,0,0,0,0,0
891000,1,1,1227,1,1,tick,891001,0,0,0,0,5000000000,1000000000,10000000000,500000000,1000000000,4611686018427387904,1000,4000,100000,1,0,9223372036854775808,5000000000,5000000000,0,0,0,0,0,0,0,0,9223372036854775808,5000000000,5000000000,0,0,0,0,0,0,0,0
892000,1,0,1228,0,0,tick,892001,0,0,0,0,5000000000,1000000000,10000000000,500000000,1000000000,4611686018427387904,1000,4000,100000,1,0,9223372036854775808,5000000000,5000000000,0,0,0,0,0,0,0,0,9223372036854775808,5000000000,5000000000,0,0,0,0,0,0,0,0
892000,1,1,1228,1,1,tick,892001,0,0,0,0,5000000000,1000000000,10000000000,500000000,1000000000,4611686018427387904,1000,4000,100000,1,0,9223372036854775808,5000000000,5000000000,0,0,0,0,0,0,0,0,9223372036854775808,5000000000,5000000000,0,0,0,0,0,0,0,0
893000,1,0,1229,0,0,tick,893001,0,0,0,0,5000000000,1000000000,10000000000,500000000,1000000000,4611686018427387904,1000,4000,100000,1,0,9223372036854775808,5000000000,5000000000,0,0,0,0,0,0,0,0,9223372036854775808,5000000000,5000000000,0,0,0,0,0,0,0,0
893000,1,1,1229,1,1,tick,893001,0,0,0,0,5000000000,1000000000,10000000000,500000000,1000000000,4611686018427387904,1000,4000,100000,1,0,9223372036854775808,5000000000,5000000000,0,0,0,0,0,0,0,0,9223372036854775808,5000000000,5000000000,0,0,0,0,0,0,0,0
894000,1,0,1230,0,0,tick,894001,0,0,0,0,5000000000,1000000000,10000000000,500000000,1000000000,4611686018427387904,1000,4000,100000,1,0,9223372036854775808,5000000000,5000000000,0,0,0,0,0,0,0,0,9223372036854775808,5000000000,5000000000,0,0,0,0,0,0,0,0
894000,1,1,1230,1,1,tick,894001,0,0,0,0,5000000000,1000000000,10000000000,500000000,1000000000,4611686018427387904,1000,4000,100000,1,0,9223372036854775808,5000000000,5000000000,0,0,0,0,0,0,0,0,9223372036854775808,5000000000,5000000000,0,0,0,0,0,0,0,0
895000,1,0,1231,0,0,tick,895001,0,0,0,0,5000000000,1000000000,10000000000,500000000,1000000000,4611686018427387904,1000,4000,100000,1,0,9223372036854775808,5000000000,5000000000,0,0,0,0,0,0,0,0,9223372036854775808,5000000000,5000000000,0,0,0,0,0,0,0,0
895000,1,1,1231,1,1,tick,895001,0,0,0,0,5000000000,1000000000,10000000000,500000000,1000000000,4611686018427387904,1000,4000,100000,1,0,9223372036854775808,5000000000,5000000000,0,0,0,0,0,0,0,0,9223372036854775808,5000000000,5000000000,0,0,0,0,0,0,0,0
896000,1,0,1232,0,0,tick,896001,0,0,0,0,5000000000,1000000000,10000000000,500000000,1000000000,4611686018427387904,1000,4000,100000,1,0,9223372036854775808,5000000000,5000000000,0,0,0,0,0,0,0,0,9223372036854775808,5000000000,5000000000,0,0,0,0,0,0,0,0
896000,1,1,1232,1,1,tick,896001,0,0,0,0,5000000000,1000000000,10000000000,500000000,1000000000,4611686018427387904,1000,4000,100000,1,0,9223372036854775808,5000000000,5000000000,0,0,0,0,0,0,0,0,9223372036854775808,5000000000,5000000000,0,0,0,0,0,0,0,0
897000,1,0,1233,0,0,tick,897001,0,0,0,0,5000000000,1000000000,10000000000,500000000,1000000000,4611686018427387904,1000,4000,100000,1,0,9223372036854775808,5000000000,5000000000,0,0,0,0,0,0,0,0,9223372036854775808,5000000000,5000000000,0,0,0,0,0,0,0,0
897000,1,1,1233,1,1,tick,897001,0,0,0,0,5000000000,1000000000,10000000000,500000000,1000000000,4611686018427387904,1000,4000,100000,1,0,9223372036854775808,5000000000,5000000000,0,0,0,0,0,0,0,0,9223372036854775808,5000000000,5000000000,0,0,0,0,0,0,0,0
898000,1,0,1235,0,0,tick,898001,0,0,0,0,5000000000,1000000000,10000000000,500000000,1000000000,4611686018427387904,1000,4000,100000,1,0,9223372036854775808,5000000000,5000000000,0,0,0,0,0,0,0,0,9223372036854775808,5000000000,5000000000,0,0,0,0,0,0,0,0
898000,1,1,1235,1,1,tick,898001,0,0,0,0,5000000000,1000000000,10000000000,500000000,1000000000,4611686018427387904,1000,4000,100000,1,0,9223372036854775808,5000000000,5000000000,0,0,0,0,0,0,0,0,9223372036854775808,5000000000,5000000000,0,0,0,0,0,0,0,0
899000,1,0,1238,0,0,tick,899001,0,0,0,0,5000000000,1000000000,10000000000,500000000,1000000000,4611686018427387904,1000,4000,100000,1,0,9223372036854775808,5000000000,5000000000,0,0,0,0,0,0,0,0,9223372036854775808,5000000000,5000000000,0,0,0,0,0,0,0,0
899000,1,1,1238,1,1,tick,899001,0,0,0,0,5000000000,1000000000,10000000000,500000000,1000000000,4611686018427387904,1000,4000,100000,1,0,9223372036854775808,5000000000,5000000000,0,0,0,0,0,0,0,0,9223372036854775808,5000000000,5000000000,0,0,0,0,0,0,0,0
900000,1,0,1239,0,0,tick,900001,0,0,0,0,5000000000,1000000000,10000000000,500000000,1000000000,4611686018427387904,1000,4000,100000,1,0,9223372036854775808,5000000000,5000000000,0,0,0,0,0,0,0,0,9223372036854775808,5000000000,5000000000,0,0,0,0,0,0,0,0
900000,1,1,1239,1,1,tick,900001,0,0,0,0,5000000000,1000000000,10000000000,500000000,1000000000,4611686018427387904,1000,4000,100000,1,0,9223372036854775808,5000000000,5000000000,0,0,0,0,0,0,0,0,9223372036854775808,5000000000,5000000000,0,0,0,0,0,0,0,0
901000,1,0,1240,0,0,tick,901001,0,0,0,0,5000000000,1000000000,10000000000,500000000,1000000000,4611686018427387904,1000,4000,100000,1,0,9223372036854775808,5000000000,5000000000,0,0,0,0,0,0,0,0,9223372036854775808,5000000000,5000000000,0,0,0,0,0,0,0,0
901000,1,1,1240,1,1,tick,901001,0,0,0,0,5000000000,1000000000,10000000000,500000000,1000000000,4611686018427387904,1000,4000,100000,1,0,9223372036854775808,5000000000,5000000000,0,0,0,0,0,0,0,0,9223372036854775808,5000000000,5000000000,0,0,0,0,0,0,0,0
902000,1,0,1241,0,0,tick,902001,0,0,0,0,5000000000,1000000000,10000000000,500000000,1000000000,4611686018427387904,1000,4000,100000,1,0,9223372036854775808,5000000000,5000000000,0,0,0,0,0,0,0,0,9223372036854775808,5000000000,5000000000,0,0,0,0,0,0,0,0
902000,1,1,1241,1,1,tick,902001,0,0,0,0,5000000000,1000000000,10000000000,500000000,1000000000,4611686018427387904,1000,4000,100000,1,0,9223372036854775808,5000000000,5000000000,0,0,0,0,0,0,0,0,9223372036854775808,5000000000,5000000000,0,0,0,0,0,0,0,0
903000,1,0,1242,0,0,tick,903001,0,0,0,0,5000000000,1000000000,10000000000,500000000,1000000000,4611686018427387904,1000,4000,100000,1,0,9223372036854775808,5000000000,5000000000,0,0,0,0,0,0,0,0,9223372036854775808,5000000000,5000000000,0,0,0,0,0,0,0,0
903000,1,1,1242,1,1,tick,903001,0,0,0,0,5000000000,1000000000,10000000000,500000000,1000000000,4611686018427387904,1000,4000,100000,1,0,9223372036854775808,5000000000,5000000000,0,0,0,0,0,0,0,0,9223372036854775808,5000000000,5000000000,0,0,0,0,0,0,0,0
904000,1,0,1243,0,0,tick,904001,0,0,0,0,5000000000,1000000000,10000000000,500000000,1000000000,4611686018427387904,1000,4000,100000,1,0,9223372036854775808,5000000000,5000000000,0,0,0,0,0,0,0,0,9223372036854775808,5000000000,5000000000,0,0,0,0,0,0,0,0
904000,1,1,1243,1,1,tick,904001,0,0,0,0,5000000000,1000000000,10000000000,500000000,1000000000,4611686018427387904,1000,4000,100000,1,0,9223372036854775808,5000000000,5000000000,0,0,0,0,0,0,0,0,9223372036854775808,5000000000,5000000000,0,0,0,0,0,0,0,0
905000,1,0,1244,0,0,tick,905001,0,0,0,0,5000000000,1000000000,10000000000,500000000,1000000000,4611686018427387904,1000,4000,100000,1,0,9223372036854775808,5000000000,5000000000,0,0,0,0,0,0,0,0,9223372036854775808,5000000000,5000000000,0,0,0,0,0,0,0,0
905000,1,1,1244,1,1,tick,905001,0,0,0,0,5000000000,1000000000,10000000000,500000000,1000000000,4611686018427387904,1000,4000,100000,1,0,9223372036854775808,5000000000,5000000000,0,0,0,0,0,0,0,0,9223372036854775808,5000000000,5000000000,0,0,0,0,0,0,0,0
906000,1,0,1246,0,0,tick,906001,0,0,0,0,5000000000,1000000000,10000000000,500000000,1000000000,4611686018427387904,1000,4000,100000,1,0,9223372036854775808,5000000000,5000000000,0,0,0,0,0,0,0,0,9223372036854775808,5000000000,5000000000,0,0,0,0,0,0,0,0
906000,1,1,1246,1,1,tick,906001,0,0,0,0,5000000000,1000000000,10000000000,500000000,1000000000,4611686018427387904,1000,4000,100000,1,0,9223372036854775808,5000000000,5000000000,0,0,0,0,0,0,0,0,9223372036854775808,5000000000,5000000000,0,0,0,0,0,0,0,0
907000,1,0,1249,0,0,tick,907001,0,0,0,0,5000000000,1000000000,10000000000,500000000,1000000000,4611686018427387904,1000,4000,100000,1,0,9223372036854775808,5000000000,5000000000,0,0,0,0,0,0,0,0,9223372036854775808,5000000000,5000000000,0,0,0,0,0,0,0,0
907000,1,1,1249,1,1,tick,907001,0,0,0,0,5000000000,1000000000,10000000000,500000000,1000000000,4611686018427387904,1000,4000,100000,1,0,9223372036854775808,5000000000,5000000000,0,0,0,0,0,0,0,0,9223372036854775808,5000000000,5000000000,0,0,0,0,0,0,0,0
908000,1,0,1250,0,0,tick,908001,0,0,0,0,5000000000,1000000000,10000000000,500000000,1000000000,4611686018427387904,1000,4000,100000,1,0,9223372036854775808,5000000000,5000000000,0,0,0,0,0,0,0,0,9223372036854775808,5000000000,5000000000,0,0,0,0,0,0,0,0
908000,1,1,1250,1,1,tick,908001,0,0,0,0,5000000000,1000000000,10000000000,500000000,1000000000,4611686018427387904,1000,4000,100000,1,0,9223372036854775808,5000000000,5000000000,0,0,0,0,0,0,0,0,9223372036854775808,5000000000,5000000000,0,0,0,0,0,0,0,0
909000,1,0,1251,0,0,tick,909001,0,0,0,0,5000000000,1000000000,10000000000,500000000,1000000000,4611686018427387904,1000,4000,100000,1,0,9223372036854775808,5000000000,5000000000,0,0,0,0,0,0,0,0,9223372036854775808,5000000000,5000000000,0,0,0,0,0,0,0,0
909000,1,1,1251,1,1,tick,909001,0,0,0,0,5000000000,1000000000,10000000000,500000000,1000000000,4611686018427387904,1000,4000,100000,1,0,9223372036854775808,5000000000,5000000000,0,0,0,0,0,0,0,0,9223372036854775808,5000000000,5000000000,0,0,0,0,0,0,0,0
910000,1,0,1252,0,0,tick,910001,0,0,0,0,5000000000,1000000000,10000000000,500000000,1000000000,4611686018427387904,1000,4000,100000,1,0,9223372036854775808,5000000000,5000000000,0,0,0,0,0,0,0,0,9223372036854775808,5000000000,5000000000,0,0,0,0,0,0,0,0
910000,1,1,1252,1,1,tick,910001,0,0,0,0,5000000000,1000000000,10000000000,500000000,1000000000,4611686018427387904,1000,4000,100000,1,0,9223372036854775808,5000000000,5000000000,0,0,0,0,0,0,0,0,9223372036854775808,5000000000,5000000000,0,0,0,0,0,0,0,0
911000,1,0,1253,0,0,tick,911001,0,0,0,0,5000000000,1000000000,10000000000,500000000,1000000000,4611686018427387904,1000,4000,100000,1,0,9223372036854775808,5000000000,5000000000,0,0,0,0,0,0,0,0,9223372036854775808,5000000000,5000000000,0,0,0,0,0,0,0,0
911000,1,1,1253,1,1,tick,911001,0,0,0,0,5000000000,1000000000,10000000000,500000000,1000000000,4611686018427387904,1000,4000,100000,1,0,9223372036854775808,5000000000,5000000000,0,0,0,0,0,0,0,0,9223372036854775808,5000000000,5000000000,0,0,0,0,0,0,0,0
912000,1,0,1254,0,0,tick,912001,0,0,0,0,5000000000,1000000000,10000000000,500000000,1000000000,4611686018427387904,1000,4000,100000,1,0,9223372036854775808,5000000000,5000000000,0,0,0,0,0,0,0,0,9223372036854775808,5000000000,5000000000,0,0,0,0,0,0,0,0
912000,1,1,1254,1,1,tick,912001,0,0,0,0,5000000000,1000000000,10000000000,500000000,1000000000,4611686018427387904,1000,4000,100000,1,0,9223372036854775808,5000000000,5000000000,0,0,0,0,0,0,0,0,9223372036854775808,5000000000,5000000000,0,0,0,0,0,0,0,0
913000,1,0,1255,0,0,tick,913001,0,0,0,0,5000000000,1000000000,10000000000,500000000,1000000000,4611686018427387904,1000,4000,100000,1,0,9223372036854775808,5000000000,5000000000,0,0,0,0,0,0,0,0,9223372036854775808,5000000000,5000000000,0,0,0,0,0,0,0,0
913000,1,1,1255,1,1,tick,913001,0,0,0,0,5000000000,1000000000,10000000000,500000000,1000000000,4611686018427387904,1000,4000,100000,1,0,9223372036854775808,5000000000,5000000000,0,0,0,0,0,0,0,0,9223372036854775808,5000000000,5000000000,0,0,0,0,0,0,0,0
914000,1,0,1257,0,0,tick,914001,0,0,0,0,5000000000,1000000000,10000000000,500000000,1000000000,4611686018427387904,1000,4000,100000,1,0,9223372036854775808,5000000000,5000000000,0,0,0,0,0,0,0,0,9223372036854775808,5000000000,5000000000,0,0,0,0,0,0,0,0
914000,1,1,1257,1,1,tick,914001,0,0,0,0,5000000000,1000000000,10000000000,500000000,1000000000,4611686018427387904,1000,4000,100000,1,0,9223372036854775808,5000000000,5000000000,0,0,0,0,0,0,0,0,9223372036854775808,5000000000,5000000000,0,0,0,0,0,0,0,0
915000,1,0,1260,0,0,tick,915001,0,0,0,0,5000000000,1000000000,10000000000,500000000,1000000000,4611686018427387904,1000,4000,100000,1,0,9223372036854775808,5000000000,5000000000,0,0,0,0,0,0,0,0,9223372036854775808,5000000000,5000000000,0,0,0,0,0,0,0,0
915000,1,1,1260,1,1,tick,915001,0,0,0,0,5000000000,1000000000,10000000000,500000000,1000000000,4611686018427387904,1000,4000,100000,1,0,9223372036854775808,5000000000,5000000000,0,0,0,0,0,0,0,0,9223372036854775808,5000000000,5000000000,0,0,0,0,0,0,0,0
916000,1,0,1261,0,0,tick,916001,0,0,0,0,5000000000,1000000000,10000000000,500000000,1000000000,4611686018427387904,1000,4000,100000,1,0,9223372036854775808,5000000000,5000000000,0,0,0,0,0,0,0,0,9223372036854775808,5000000000,5000000000,0,0,0,0,0,0,0,0
916000,1,1,1261,1,1,tick,916001,0,0,0,0,5000000000,1000000000,10000000000,500000000,1000000000,4611686018427387904,1000,4000,100000,1,0,9223372036854775808,5000000000,5000000000,0,0,0,0,0,0,0,0,9223372036854775808,5000000000,5000000000,0,0,0,0,0,0,0,0
917000,1,0,1262,0,0,tick,917001,0,0,0,0,5000000000,1000000000,10000000000,500000000,1000000000,4611686018427387904,1000,4000,100000,1,0,9223372036854775808,5000000000,5000000000,0,0,0,0,0,0,0,0,9223372036854775808,5000000000,5000000000,0,0,0,0,0,0,0,0
917000,1,1,1262,1,1,tick,917001,0,0,0,0,5000000000,1000000000,10000000000,500000000,1000000000,4611686018427387904,1000,4000,100000,1,0,9223372036854775808,5000000000,5000000000,0,0,0,0,0,0,0,0,9223372036854775808,5000000000,5000000000,0,0,0,0,0,0,0,0
918000,1,0,1263,0,0,tick,918001,0,0,0,0,5000000000,1000000000,10000000000,500000000,1000000000,4611686018427387904,1000,4000,100000,1,0,9223372036854775808,5000000000,5000000000,0,0,0,0,0,0,0,0,9223372036854775808,5000000000,5000000000,0,0,0,0,0,0,0,0
918000,1,1,1263,1,1,tick,918001,0,0,0,0,5000000000,1000000000,10000000000,500000000,1000000000,4611686018427387904,1000,4000,100000,1,0,9223372036854775808,5000000000,5000000000,0,0,0,0,0,0,0,0,9223372036854775808,5000000000,5000000000,0,0,0,0,0,0,0,0
919000,1,0,1264,0,0,tick,919001,0,0,0,0,5000000000,1000000000,10000000000,500000000,1000000000,4611686018427387904,1000,4000,100000,1,0,9223372036854775808,5000000000,5000000000,0,0,0,0,0,0,0,0,9223372036854775808,5000000000,5000000000,0,0,0,0,0,0,0,0
919000,1,1,1264,1,1,tick,919001,0,0,0,0,5000000000,1000000000,10000000000,500000000,1000000000,4611686018427387904,1000,4000,100000,1,0,9223372036854775808,5000000000,5000000000,0,0,0,0,0,0,0,0,9223372036854775808,5000000000,5000000000,0,0,0,0,0,0,0,0
920000,1,0,1265,0,0,tick,920001,0,0,0,0,5000000000,1000000000,10000000000,500000000,1000000000,4611686018427387904,1000,4000,100000,1,0,9223372036854775808,5000000000,5000000000,0,0,0,0,0,0,0,0,9223372036854775808,5000000000,5000000000,0,0,0,0,0,0,0,0
920000,1,1,1265,1,1,tick,920001,0,0,0,0,5000000000,1000000000,10000000000,500000000,1000000000,4611686018427387904,1000,4000,100000,1,0,9223372036854775808,5000000000,5000000000,0,0,0,0,0,0,0,0,9223372036854775808,5000000000,5000000000,0,0,0,0,0,0,0,0
921000,1,0,1266,0,0,tick,921001,0,0,0,0,5000000000,1000000000,10000000000,500000000,1000000000,4611686018427387904,1000,4000,100000,1,0,9223372036854775808,5000000000,5000000000,0,0,0,0,0,0,0,0,9223372036854775808,5000000000,5000000000,0,0,0,0,0,0,0,0
921000,1,1,1266,1,1,tick,921001,0,0,0,0,5000000000,1000000000,10000000000,500000000,1000000000,4611686018427387904,1000,4000,100000,1,0,9223372036854775808,5000000000,5000000000,0,0,0,0,0,0,0,0,9223372036854775808,5000000000,5000000000,0,0,0,0,0,0,0,0
922000,1,0,1268,0,0,tick,922001,0,0,0,0,5000000000,1000000000,10000000000,500000000,1000000000,4611686018427387904,1000,4000,100000,1,0,9223372036854775808,5000000000,5000000000,0,0,0,0,0,0,0,0,9223372036854775808,5000000000,5000000000,0,0,0,0,0,0,0,0
922000,1,1,1268,1,1,tick,922001,0,0,0,0,5000000000,1000000000,10000000000,500000000,1000000000,4611686018427387904,1000,4000,100000,1,0,9223372036854775808,5000000000,5000000000,0,0,0,0,0,0,0,0,9223372036854775808,5000000000,5000000000,0,0,0,0,0,0,0,0
923000,1,0,1271,0,0,tick,923001,0,0,0,0,5000000000,1000000000,10000000000,500000000,1000000000,4611686018427387904,1000,4000,100000,1,0,9223372036854775808,5000000000,5000000000,0,0,0,0,0,0,0,0,9223372036854775808,5000000000,5000000000,0,0,0,0,0,0,0,0
923000,1,1,1271,1,1,tick,923001,0,0,0,0,5000000000,1000000000,10000000000,500000000,1000000000,4611686018427387904,1000,4000,100000,1,0,9223372036854775808,5000000000,5000000000,0,0,0,0,0,0,0,0,9223372036854775808,5000000000,5000000000,0,0,0,0,0,0,0,0
924000,1,0,1272,0,0,tick,924001,0,0,0,0,5000000000,1000000000,10000000000,500000000,1000000000,4611686018427387904,1000,4000,100000,1,0,9223372036854775808,5000000000,5000000000,0,0,0,0,0,0,0,0,9223372036854775808,5000000000,5000000000,0,0,0,0,0,0,0,0
924000,1,1,1272,1,1,tick,924001,0,0,0,0,5000000000,1000000000,10000000000,500000000,1000000000,4611686018427387904,1000,4000,100000,1,0,9223372036854775808,5000000000,5000000000,0,0,0,0,0,0,0,0,9223372036854775808,5000000000,5000000000,0,0,0,0,0,0,0,0
925000,1,0,1273,0,0,tick,925001,0,0,0,0,5000000000,1000000000,10000000000,500000000,1000000000,4611686018427387904,1000,4000,100000,1,0,9223372036854775808,5000000000,5000000000,0,0,0,0,0,0,0,0,9223372036854775808,5000000000,5000000000,0,0,0,0,0,0,0,0
925000,1,1,1273,1,1,tick,925001,0,0,0,0,5000000000,1000000000,10000000000,500000000,1000000000,4611686018427387904,1000,4000,100000,1,0,9223372036854775808,5000000000,5000000000,0,0,0,0,0,0,0,0,9223372036854775808,5000000000,5000000000,0,0,0,0,0,0,0,0
926000,1,0,1274,0,0,tick,926001,0,0,0,0,5000000000,1000000000,10000000000,500000000,1000000000,4611686018427387904,1000,4000,100000,1,0,9223372036854775808,5000000000,5000000000,0,0,0,0,0,0,0,0,9223372036854775808,5000000000,5000000000,0,0,0,0,0,0,0,0
926000,1,1,1274,1,1,tick,926001,0,0,0,0,5000000000,1000000000,10000000000,500000000,1000000000,4611686018427387904,1000,4000,100000,1,0,9223372036854775808,5000000000,5000000000,0,0,0,0,0,0,0,0,9223372036854775808,5000000000,5000000000,0,0,0,0,0,0,0,0
927000,1,0,1275,0,0,tick,927001,0,0,0,0,5000000000,1000000000,10000000000,500000000,1000000000,4611686018427387904,1000,4000,100000,1,0,9223372036854775808,5000000000,5000000000,0,0,0,0,0,0,0,0,9223372036854775808,5000000000,5000000000,0,0,0,0,0,0,0,0
927000,1,1,1275,1,1,tick,927001,0,0,0,0,5000000000,1000000000,10000000000,500000000,1000000000,4611686018427387904,1000,4000,100000,1,0,9223372036854775808,5000000000,5000000000,0,0,0,0,0,0,0,0,9223372036854775808,5000000000,5000000000,0,0,0,0,0,0,0,0
928000,1,0,1276,0,0,tick,928001,0,0,0,0,5000000000,1000000000,10000000000,500000000,1000000000,4611686018427387904,1000,4000,100000,1,0,9223372036854775808,5000000000,5000000000,0,0,0,0,0,0,0,0,9223372036854775808,5000000000,5000000000,0,0,0,0,0,0,0,0
928000,1,1,1276,1,1,tick,928001,0,0,0,0,5000000000,1000000000,10000000000,500000000,1000000000,4611686018427387904,1000,4000,100000,1,0,9223372036854775808,5000000000,5000000000,0,0,0,0,0,0,0,0,9223372036854775808,5000000000,5000000000,0,0,0,0,0,0,0,0
929000,1,0,1277,0,0,tick,929001,0,0,0,0,5000000000,1000000000,10000000000,500000000,1000000000,4611686018427387904,1000,4000,100000,1,0,9223372036854775808,5000000000,5000000000,0,0,0,0,0,0,0,0,9223372036854775808,5000000000,5000000000,0,0,0,0,0,0,0,0
929000,1,1,1277,1,1,tick,929001,0,0,0,0,5000000000,1000000000,10000000000,500000000,1000000000,4611686018427387904,1000,4000,100000,1,0,9223372036854775808,5000000000,5000000000,0,0,0,0,0,0,0,0,9223372036854775808,5000000000,5000000000,0,0,0,0,0,0,0,0
930000,1,0,1279,0,0,tick,930001,0,0,0,0,5000000000,1000000000,10000000000,500000000,1000000000,4611686018427387904,1000,4000,100000,1,0,9223372036854775808,5000000000,5000000000,0,0,0,0,0,0,0,0,9223372036854775808,5000000000,5000000000,0,0,0,0,0,0,0,0
930000,1,1,1279,1,1,tick,930001,0,0,0,0,5000000000,1000000000,10000000000,500000000,1000000000,4611686018427387904,1000,4000,100000,1,0,9223372036854775808,5000000000,5000000000,0,0,0,0,0,0,0,0,9223372036854775808,5000000000,5000000000,0,0,0,0,0,0,0,0
931000,1,0,1282,0,0,tick,931001,0,0,0,0,5000000000,1000000000,10000000000,500000000,1000000000,4611686018427387904,1000,4000,100000,1,0,9223372036854775808,5000000000,5000000000,0,0,0,0,0,0,0,0,9223372036854775808,5000000000,5000000000,0,0,0,0,0,0,0,0
931000,1,1,1282,1,1,tick,931001,0,0,0,0,5000000000,1000000000,10000000000,500000000,1000000000,4611686018427387904,1000,4000,100000,1,0,9223372036854775808,5000000000,5000000000,0,0,0,0,0,0,0,0,9223372036854775808,5000000000,5000000000,0,0,0,0,0,0,0,0
932000,1,0,1283,0,0,tick,932001,0,0,0,0,5000000000,1000000000,10000000000,500000000,1000000000,4611686018427387904,1000,4000,100000,1,0,9223372036854775808,5000000000,5000000000,0,0,0,0,0,0,0,0,9223372036854775808,5000000000,5000000000,0,0,0,0,0,0,0,0
932000,1,1,1283,1,1,tick,932001,0,0,0,0,5000000000,1000000000,10000000000,500000000,1000000000,4611686018427387904,1000,4000,100000,1,0,9223372036854775808,5000000000,5000000000,0,0,0,0,0,0,0,0,9223372036854775808,5000000000,5000000000,0,0,0,0,0,0,0,0
933000,1,0,1284,0,0,tick,933001,0,0,0,0,5000000000,1000000000,10000000000,500000000,1000000000,4611686018427387904,1000,4000,100000,1,0,9223372036854775808,5000000000,5000000000,0,0,0,0,0,0,0,0,9223372036854775808,5000000000,5000000000,0,0,0,0,0,0,0,0
933000,1,1,1284,1,1,tick,933001,0,0,0,0,5000000000,1000000000,10000000000,500000000,1000000000,4611686018427387904,1000,4000,100000,1,0,9223372036854775808,5000000000,5000000000,0,0,0,0,0,0,0,0,9223372036854775808,5000000000,5000000000,0,0,0,0,0,0,0,0
934000,1,0,1285,0,0,tick,934001,0,0,0,0,5000000000,1000000000,10000000000,500000000,1000000000,4611686018427387904,1000,4000,100000,1,0,9223372036854775808,5000000000,5000000000,0,0,0,0,0,0,0,0,9223372036854775808,5000000000,5000000000,0,0,0,0,0,0,0,0
934000,1,1,1285,1,1,tick,934001,0,0,0,0,5000000000,1000000000,10000000000,500000000,1000000000,4611686018427387904,1000,4000,100000,1,0,9223372036854775808,5000000000,5000000000,0,0,0,0,0,0,0,0,9223372036854775808,5000000000,5000000000,0,0,0,0,0,0,0,0
935000,1,0,1286,0,0,tick,935001,0,0,0,0,5000000000,1000000000,10000000000,500000000,1000000000,4611686018427387904,1000,4000,100000,1,0,9223372036854775808,5000000000,5000000000,0,0,0,0,0,0,0,0,9223372036854775808,5000000000,5000000000,0,0,0,0,0,0,0,0
935000,1,1,1286,1,1,tick,935001,0,0,0,0,5000000000,1000000000,10000000000,500000000,1000000000,4611686018427387904,1000,4000,100000,1,0,9223372036854775808,5000000000,5000000000,0,0,0,0,0,0,0,0,9223372036854775808,5000000000,5000000000,0,0,0,0,0,0,0,0
936000,1,0,1287,0,0,tick,936001,0,0,0,0,5000000000,1000000000,10000000000,500000000,1000000000,4611686018427387904,1000,4000,100000,1,0,9223372036854775808,5000000000,5000000000,0,0,0,0,0,0,0,0,9223372036854775808,5000000000,5000000000,0,0,0,0,0,0,0,0
936000,1,1,1287,1,1,tick,936001,0,0,0,0,5000000000,1000000000,10000000000,500000000,1000000000,4611686018427387904,1000,4000,100000,1,0,9223372036854775808,5000000000,5000000000,0,0,0,0,0,0,0,0,9223372036854775808,5000000000,5000000000,0,0,0,0,0,0,0,0
937000,1,0,1288,0,0,tick,937001,0,0,0,0,5000000000,1000000000,10000000000,500000000,1000000000,4611686018427387904,1000,4000,100000,1,0,9223372036854775808,5000000000,5000000000,0,0,0,0,0,0,0,0,9223372036854775808,5000000000,5000000000,0,0,0,0,0,0,0,0
937000,1,1,1288,1,1,tick,937001,0,0,0,0,5000000000,1000000000,10000000000,500000000,1000000000,4611686018427387904,1000,4000,100000,1,0,9223372036854775808,5000000000,5000000000,0,0,0,0,0,0,0,0,9223372036854775808,5000000000,5000000000,0,0,0,0,0,0,0,0
938000,1,0,1290,0,0,tick,938001,0,0,0,0,5000000000,1000000000,10000000000,500000000,1000000000,4611686018427387904,1000,4000,100000,1,0,9223372036854775808,5000000000,5000000000,0,0,0,0,0,0,0,0,9223372036854775808,5000000000,5000000000,0,0,0,0,0,0,0,0
938000,1,1,1290,1,1,tick,938001,0,0,0,0,5000000000,1000000000,10000000000,500000000,1000000000,4611686018427387904,1000,4000,100000,1,0,9223372036854775808,5000000000,5000000000,0,0,0,0,0,0,0,0,9223372036854775808,5000000000,5000000000,0,0,0,0,0,0,0,0
939000,1,0,1293,0,0,tick,939001,0,0,0,0,5000000000,1000000000,10000000000,500000000,1000000000,4611686018427387904,1000,4000,100000,1,0,9223372036854775808,5000000000,5000000000,0,0,0,0,0,0,0,0,9223372036854775808,5000000000,5000000000,0,0,0,0,0,0,0,0
939000,1,1,1293,1,1,tick,939001,0,0,0,0,5000000000,1000000000,10000000000,500000000,1000000000,4611686018427387904,1000,4000,100000,1,0,9223372036854775808,5000000000,5000000000,0,0,0,0,0,0,0,0,9223372036854775808,5000000000,5000000000,0,0,0,0,0,0,0,0
940000,1,0,1294,0,0,tick,940001,0,0,0,0,5000000000,1000000000,10000000000,500000000,1000000000,4611686018427387904,1000,4000,100000,1,0,9223372036854775808,5000000000,5000000000,0,0,0,0,0,0,0,0,9223372036854775808,5000000000,5000000000,0,0,0,0,0,0,0,0
940000,1,1,1294,1,1,tick,940001,0,0,0,0,5000000000,1000000000,10000000000,500000000,1000000000,4611686018427387904,1000,4000,100000,1,0,9223372036854775808,5000000000,5000000000,0,0,0,0,0,0,0,0,9223372036854775808,5000000000,5000000000,0,0,0,0,0,0,0,0
941000,1,0,1295,0,0,tick,941001,0,0,0,0,5000000000,1000000000,10000000000,500000000,1000000000,4611686018427387904,1000,4000,100000,1,0,9223372036854775808,5000000000,5000000000,0,0,0,0,0,0,0,0,9223372036854775808,5000000000,5000000000,0,0,0,0,0,0,0,0
941000,1,1,1295,1,1,tick,941001,0,0,0,0,5000000000,1000000000,10000000000,500000000,1000000000,4611686018427387904,1000,4000,100000,1,0,9223372036854775808,5000000000,5000000000,0,0,0,0,0,0,0,0,9223372036854775808,5000000000,5000000000,0,0,0,0,0,0,0,0
942000,1,0,1296,0,0,tick,942001,0,0,0,0,5000000000,1000000000,10000000000,500000000,1000000000,4611686018427387904,1000,4000,100000,1,0,9223372036854775808,5000000000,5000000000,0,0,0,0,0,0,0,0,9223372036854775808,5000000000,5000000000,0,0,0,0,0,0,0,0
942000,1,1,1296,1,1,tick,942001,0,0,0,0,5000000000,1000000000,10000000000,500000000,1000000000,4611686018427387904,1000,4000,100000,1,0,9223372036854775808,5000000000,5000000000,0,0,0,0,0,0,0,0,9223372036854775808,5000000000,5000000000,0,0,0,0,0,0,0,0
943000,1,0,1297,0,0,tick,943001,0,0,0,0,5000000000,1000000000,10000000000,500000000,1000000000,4611686018427387904,1000,4000,100000,1,0,9223372036854775808,5000000000,5000000000,0,0,0,0,0,0,0,0,9223372036854775808,5000000000,5000000000,0,0,0,0,0,0,0,0
943000,1,1,1297,1,1,tick,943001,0,0,0,0,5000000000,1000000000,10000000000,500000000,1000000000,4611686018427387904,1000,4000,100000,1,0,9223372036854775808,5000000000,5000000000,0,0,0,0,0,0,0,0,9223372036854775808,5000000000,5000000000,0,0,0,0,0,0,0,0
944000,1,0,1298,0,0,tick,944001,0,0,0,0,5000000000,1000000000,10000000000,500000000,1000000000,4611686018427387904,1000,4000,100000,1,0,9223372036854775808,5000000000,5000000000,0,0,0,0,0,0,0,0,9223372036854775808,5000000000,5000000000,0,0,0,0,0,0,0,0
944000,1,1,1298,1,1,tick,944001,0,0,0,0,5000000000,1000000000,10000000000,500000000,1000000000,4611686018427387904,1000,4000,100000,1,0,9223372036854775808,5000000000,5000000000,0,0,0,0,0,0,0,0,9223372036854775808,5000000000,5000000000,0,0,0,0,0,0,0,0
945000,1,0,1299,0,0,tick,945001,0,0,0,0,5000000000,1000000000,10000000000,500000000,1000000000,4611686018427387904,1000,4000,100000,1,0,9223372036854775808,5000000000,5000000000,0,0,0,0,0,0,0,0,9223372036854775808,5000000000,5000000000,0,0,0,0,0,0,0,0
945000,1,1,1299,1,1,tick,945001,0,0,0,0,5000000000,1000000000,10000000000,500000000,1000000000,4611686018427387904,1000,4000,100000,1,0,9223372036854775808,5000000000,5000000000,0,0,0,0,0,0,0,0,9223372036854775808,5000000000,5000000000,0,0,0,0,0,0,0,0
946000,1,0,1301,0,0,tick,946001,0,0,0,0,5000000000,1000000000,10000000000,500000000,1000000000,4611686018427387904,1000,4000,100000,1,0,9223372036854775808,5000000000,5000000000,0,0,0,0,0,0,0,0,9223372036854775808,5000000000,5000000000,0,0,0,0,0,0,0,0
946000,1,1,1301,1,1,tick,946001,0,0,0,0,5000000000,1000000000,10000000000,500000000,1000000000,4611686018427387904,1000,4000,100000,1,0,9223372036854775808,5000000000,5000000000,0,0,0,0,0,0,0,0,9223372036854775808,5000000000,5000000000,0,0,0,0,0,0,0,0
947000,1,0,1304,0,0,tick,947001,0,0,0,0,5000000000,1000000000,10000000000,500000000,1000000000,4611686018427387904,1000,4000,100000,1,0,9223372036854775808,5000000000,5000000000,0,0,0,0,0,0,0,0,9223372036854775808,5000000000,5000000000,0,0,0,0,0,0,0,0
947000,1,1,1304,1,1,tick,947001,0,0,0,0,5000000000,1000000000,10000000000,500000000,1000000000,4611686018427387904,1000,4000,100000,1,0,9223372036854775808,5000000000,5000000000,0,0,0,0,0,0,0,0,9223372036854775808,5000000000,5000000000,0,0,0,0,0,0,0,0
948000,1,0,1305,0,0,tick,948001,0,0,0,0,5000000000,1000000000,10000000000,500000000,1000000000,4611686018427387904,1000,4000,100000,1,0,9223372036854775808,5000000000,5000000000,0,0,0,0,0,0,0,0,9223372036854775808,5000000000,5000000000,0,0,0,0,0,0,0,0
948000,1,1,1305,1,1,tick,948001,0,0,0,0,5000000000,1000000000,10000000000,500000000,1000000000,4611686018427387904,1000,4000,100000,1,0,9223372036854775808,5000000000,5000000000,0,0,0,0,0,0,0,0,9223372036854775808,5000000000,5000000000,0,0,0,0,0,0,0,0
949000,1,0,1306,0,0,tick,949001,0,0,0,0,5000000000,1000000000,10000000000,500000000,1000000000,4611686018427387904,1000,4000,100000,1,0,9223372036854775808,5000000000,5000000000,0,0,0,0,0,0,0,0,9223372036854775808,5000000000,5000000000,0,0,0,0,0,0,0,0
949000,1,1,1306,1,1,tick,949001,0,0,0,0,5000000000,1000000000,10000000000,500000000,1000000000,4611686018427387904,1000,4000,100000,1,0,9223372036854775808,5000000000,5000000000,0,0,0,0,0,0,0,0,9223372036854775808,5000000000,5000000000,0,0,0,0,0,0,0,0
950000,1,0,1307,0,0,tick,950001,0,0,0,0,5000000000,1000000000,10000000000,500000000,1000000000,4611686018427387904,1000,4000,100000,1,0,9223372036854775808,5000000000,5000000000,0,0,0,0,0,0,0,0,9223372036854775808,5000000000,5000000000,0,0,0,0,0,0,0,0
950000,1,1,1307,1,1,tick,950001,0,0,0,0,5000000000,1000000000,10000000000,500000000,1000000000,4611686018427387904,1000,4000,100000,1,0,9223372036854775808,5000000000,5000000000,0,0,0,0,0,0,0,0,9223372036854775808,5000000000,5000000000,0,0,0,0,0,0,0,0
951000,1,0,1308,0,0,tick,951001,0,0,0,0,5000000000,1000000000,10000000000,500000000,1000000000,4611686018427387904,1000,4000,100000,1,0,9223372036854775808,5000000000,5000000000,0,0,0,0,0,0,0,0,9223372036854775808,5000000000,5000000000,0,0,0,0,0,0,0,0
951000,1,1,1308,1,1,tick,951001,0,0,0,0,5000000000,1000000000,10000000000,500000000,1000000000,4611686018427387904,1000,4000,100000,1,0,9223372036854775808,5000000000,5000000000,0,0,0,0,0,0,0,0,9223372036854775808,5000000000,5000000000,0,0,0,0,0,0,0,0
952000,1,0,1309,0,0,tick,952001,0,0,0,0,5000000000,1000000000,10000000000,500000000,1000000000,4611686018427387904,1000,4000,100000,1,0,9223372036854775808,5000000000,5000000000,0,0,0,0,0,0,0,0,9223372036854775808,5000000000,5000000000,0,0,0,0,0,0,0,0
952000,1,1,1309,1,1,tick,952001,0,0,0,0,5000000000,1000000000,10000000000,500000000,1000000000,4611686018427387904,1000,4000,100000,1,0,9223372036854775808,5000000000,5000000000,0,0,0,0,0,0,0,0,9223372036854775808,5000000000,5000000000,0,0,0,0,0,0,0,0
953000,1,0,1310,0,0,tick,953001,0,0,0,0,5000000000,1000000000,10000000000,500000000,1000000000,4611686018427387904,1000,4000,100000,1,0,9223372036854775808,5000000000,5000000000,0,0,0,0,0,0,0,0,9223372036854775808,5000000000,5000000000,0,0,0,0,0,0,0,0
953000,1,1,1310,1,1,tick,953001,0,0,0,0,5000000000,1000000000,10000000000,500000000,1000000000,4611686018427387904,1000,4000,100000,1,0,9223372036854775808,5000000000,5000000000,0,0,0,0,0,0,0,0,9223372036854775808,5000000000,5000000000,0,0,0,0,0,0,0,0
954000,1,0,1312,0,0,tick,954001,0,0,0,0,5000000000,1000000000,10000000000,500000000,1000000000,4611686018427387904,1000,4000,100000,1,0,9223372036854775808,5000000000,5000000000,0,0,0,0,0,0,0,0,9223372036854775808,5000000000,5000000000,0,0,0,0,0,0,0,0
954000,1,1,1312,1,1,tick,954001,0,0,0,0,5000000000,1000000000,10000000000,500000000,1000000000,4611686018427387904,1000,4000,100000,1,0,9223372036854775808,5000000000,5000000000,0,0,0,0,0,0,0,0,9223372036854775808,5000000000,5000000000,0,0,0,0,0,0,0,0
955000,1,0,1315,0,0,tick,955001,0,0,0,0,5000000000,1000000000,10000000000,500000000,1000000000,4611686018427387904,1000,4000,100000,1,0,9223372036854775808,5000000000,5000000000,0,0,0,0,0,0,0,0,9223372036854775808,5000000000,5000000000,0,0,0,0,0,0,0,0
955000,1,1,1315,1,1,tick,955001,0,0,0,0,5000000000,1000000000,10000000000,500000000,1000000000,4611686018427387904,1000,4000,100000,1,0,9223372036854775808,5000000000,5000000000,0,0,0,0,0,0,0,0,9223372036854775808,5000000000,5000000000,0,0,0,0,0,0,0,0
956000,1,0,1316,0,0,tick,956001,0,0,0,0,5000000000,1000000000,10000000000,500000000,1000000000,4611686018427387904,1000,4000,100000,1,0,9223372036854775808,5000000000,5000000000,0,0,0,0,0,0,0,0,9223372036854775808,5000000000,5000000000,0,0,0,0,0,0,0,0
956000,1,1,1316,1,1,tick,956001,0,0,0,0,5000000000,1000000000,10000000000,500000000,1000000000,4611686018427387904,1000,4000,100000,1,0,9223372036854775808,5000000000,5000000000,0,0,0,0,0,0,0,0,9223372036854775808,5000000000,5000000000,0,0,0,0,0,0,0,0
957000,1,0,1317,0,0,tick,957001,0,0,0,0,5000000000,1000000000,10000000000,500000000,1000000000,4611686018427387904,1000,4000,100000,1,0,9223372036854775808,5000000000,5000000000,0,0,0,0,0,0,0,0,9223372036854775808,5000000000,5000000000,0,0,0,0,0,0,0,0
957000,1,1,1317,1,1,tick,957001,0,0,0,0,5000000000,1000000000,10000000000,500000000,1000000000,4611686018427387904,1000,4000,100000,1,0,9223372036854775808,5000000000,5000000000,0,0,0,0,0,0,0,0,9223372036854775808,5000000000,5000000000,0,0,0,0,0,0,0,0
958000,1,0,1318,0,0,tick,958001,0,0,0,0,5000000000,1000000000,10000000000,500000000,1000000000,4611686018427387904,1000,4000,100000,1,0,9223372036854775808,5000000000,5000000000,0,0,0,0,0,0,0,0,9223372036854775808,5000000000,5000000000,0,0,0,0,0,0,0,0
958000,1,1,1318,1,1,tick,958001,0,0,0,0,5000000000,1000000000,10000000000,500000000,1000000000,4611686018427387904,1000,4000,100000,1,0,9223372036854775808,5000000000,5000000000,0,0,0,0,0,0,0,0,9223372036854775808,5000000000,5000000000,0,0,0,0,0,0,0,0
959000,1,0,1319,0,0,tick,959001,0,0,0,0,5000000000,1000000000,10000000000,500000000,1000000000,4611686018427387904,1000,4000,100000,1,0,9223372036854775808,5000000000,5000000000,0,0,0,0,0,0,0,0,9223372036854775808,5000000000,5000000000,0,0,0,0,0,0,0,0
959000,1,1,1319,1,1,tick,959001,0,0,0,0,5000000000,1000000000,10000000000,500000000,1000000000,4611686018427387904,1000,4000,100000,1,0,9223372036854775808,5000000000,5000000000,0,0,0,0,0,0,0,0,9223372036854775808,5000000000,5000000000,0,0,0,0,0,0,0,0
960000,1,0,1320,0,0,tick,960001,0,0,0,0,5000000000,1000000000,10000000000,500000000,1000000000,4611686018427387904,1000,4000,100000,1,0,9223372036854775808,5000000000,5000000000,0,0,0,0,0,0,0,0,9223372036854775808,5000000000,5000000000,0,0,0,0,0,0,0,0
960000,1,1,1320,1,1,tick,960001,0,0,0,0,5000000000,1000000000,10000000000,500000000,1000000000,4611686018427387904,1000,4000,100000,1,0,9223372036854775808,5000000000,5000000000,0,0,0,0,0,0,0,0,9223372036854775808,5000000000,5000000000,0,0,0,0,0,0,0,0
961000,1,0,1321,0,0,tick,961001,0,0,0,0,5000000000,1000000000,10000000000,500000000,1000000000,4611686018427387904,1000,4000,100000,1,0,9223372036854775808,5000000000,5000000000,0,0,0,0,0,0,0,0,9223372036854775808,5000000000,5000000000,0,0,0,0,0,0,0,0
961000,1,1,1321,1,1,tick,961001,0,0,0,0,5000000000,1000000000,10000000000,500000000,1000000000,4611686018427387904,1000,4000,100000,1,0,9223372036854775808,5000000000,5000000000,0,0,0,0,0,0,0,0,9223372036854775808,5000000000,5000000000,0,0,0,0,0,0,0,0
962000,1,0,1323,0,0,tick,962001,0,0,0,0,5000000000,1000000000,10000000000,500000000,1000000000,4611686018427387904,1000,4000,100000,1,0,9223372036854775808,5000000000,5000000000,0,0,0,0,0,0,0,0,9223372036854775808,5000000000,5000000000,0,0,0,0,0,0,0,0
962000,1,1,1323,1,1,tick,962001,0,0,0,0,5000000000,1000000000,10000000000,500000000,1000000000,4611686018427387904,1000,4000,100000,1,0,9223372036854775808,5000000000,5000000000,0,0,0,0,0,0,0,0,9223372036854775808,5000000000,5000000000,0,0,0,0,0,0,0,0
963000,1,0,1326,0,0,tick,963001,0,0,0,0,5000000000,1000000000,10000000000,500000000,1000000000,4611686018427387904,1000,4000,100000,1,0,9223372036854775808,5000000000,5000000000,0,0,0,0,0,0,0,0,9223372036854775808,5000000000,5000000000,0,0,0,0,0,0,0,0
963000,1,1,1326,1,1,tick,963001,0,0,0,0,5000000000,1000000000,10000000000,500000000,1000000000,4611686018427387904,1000,4000,100000,1,0,9223372036854775808,5000000000,5000000000,0,0,0,0,0,0,0,0,9223372036854775808,5000000000,5000000000,0,0,0,0,0,0,0,0
964000,1,0,1327,0,0,tick,964001,0,0,0,0,5000000000,1000000000,10000000000,500000000,1000000000,4611686018427387904,1000,4000,100000,1,0,9223372036854775808,5000000000,5000000000,0,0,0,0,0,0,0,0,9223372036854775808,5000000000,5000000000,0,0,0,0,0,0,0,0
964000,1,1,1327,1,1,tick,964001,0,0,0,0,5000000000,1000000000,10000000000,500000000,1000000000,4611686018427387904,1000,4000,100000,1,0,9223372036854775808,5000000000,5000000000,0,0,0,0,0,0,0,0,9223372036854775808,5000000000,5000000000,0,0,0,0,0,0,0,0
965000,1,0,1328,0,0,tick,965001,0,0,0,0,5000000000,1000000000,10000000000,500000000,1000000000,4611686018427387904,1000,4000,100000,1,0,9223372036854775808,5000000000,5000000000,0,0,0,0,0,0,0,0,9223372036854775808,5000000000,5000000000,0,0,0,0,0,0,0,0
965000,1,1,1328,1,1,tick,965001,0,0,0,0,5000000000,1000000000,10000000000,500000000,1000000000,4611686018427387904,1000,4000,100000,1,0,9223372036854775808,5000000000,5000000000,0,0,0,0,0,0,0,0,9223372036854775808,5000000000,5000000000,0,0,0,0,0,0,0,0
966000,1,0,1329,0,0,tick,966001,0,0,0,0,5000000000,1000000000,10000000000,500000000,1000000000,4611686018427387904,1000,4000,100000,1,0,9223372036854775808,5000000000,5000000000,0,0,0,0,0,0,0,0,9223372036854775808,5000000000,5000000000,0,0,0,0,0,0,0,0
966000,1,1,1329,1,1,tick,966001,0,0,0,0,5000000000,1000000000,10000000000,500000000,1000000000,4611686018427387904,1000,4000,100000,1,0,9223372036854775808,5000000000,5000000000,0,0,0,0,0,0,0,0,9223372036854775808,5000000000,5000000000,0,0,0,0,0,0,0,0
967000,1,0,1330,0,0,tick,967001,0,0,0,0,5000000000,1000000000,10000000000,500000000,1000000000,4611686018427387904,1000,4000,100000,1,0,9223372036854775808,5000000000,5000000000,0,0,0,0,0,0,0,0,9223372036854775808,5000000000,5000000000,0,0,0,0,0,0,0,0
967000,1,1,1330,1,1,tick,967001,0,0,0,0,5000000000,1000000000,10000000000,500000000,1000000000,4611686018427387904,1000,4000,100000,1,0,9223372036854775808,5000000000,5000000000,0,0,0,0,0,0,0,0,9223372036854775808,5000000000,5000000000,0,0,0,0,0,0,0,0
968000,1,0,1331,0,0,tick,968001,0,0,0,0,5000000000,1000000000,10000000000,500000000,1000000000,4611686018427387904,1000,4000,100000,1,0,9223372036854775808,5000000000,5000000000,0,0,0,0,0,0,0,0,9223372036854775808,5000000000,5000000000,0,0,0,0,0,0,0,0
968000,1,1,1331,1,1,tick,968001,0,0,0,0,5000000000,1000000000,10000000000,500000000,1000000000,4611686018427387904,1000,4000,100000,1,0,9223372036854775808,5000000000,5000000000,0,0,0,0,0,0,0,0,9223372036854775808,5000000000,5000000000,0,0,0,0,0,0,0,0
969000,1,0,1332,0,0,tick,969001,0,0,0,0,5000000000,1000000000,10000000000,500000000,1000000000,4611686018427387904,1000,4000,100000,1,0,9223372036854775808,5000000000,5000000000,0,0,0,0,0,0,0,0,9223372036854775808,5000000000,5000000000,0,0,0,0,0,0,0,0
969000,1,1,1332,1,1,tick,969001,0,0,0,0,5000000000,1000000000,10000000000,500000000,1000000000,4611686018427387904,1000,4000,100000,1,0,9223372036854775808,5000000000,5000000000,0,0,0,0,0,0,0,0,9223372036854775808,5000000000,5000000000,0,0,0,0,0,0,0,0
970000,1,0,1334,0,0,tick,970001,0,0,0,0,5000000000,1000000000,10000000000,500000000,1000000000,4611686018427387904,1000,4000,100000,1,0,9223372036854775808,5000000000,5000000000,0,0,0,0,0,0,0,0,9223372036854775808,5000000000,5000000000,0,0,0,0,0,0,0,0
970000,1,1,1334,1,1,tick,970001,0,0,0,0,5000000000,1000000000,10000000000,500000000,1000000000,4611686018427387904,1000,4000,100000,1,0,9223372036854775808,5000000000,5000000000,0,0,0,0,0,0,0,0,9223372036854775808,5000000000,5000000000,0,0,0,0,0,0,0,0
971000,1,0,1337,0,0,tick,971001,0,0,0,0,5000000000,1000000000,10000000000,500000000,1000000000,4611686018427387904,1000,4000,100000,1,0,9223372036854775808,5000000000,5000000000,0,0,0,0,0,0,0,0,9223372036854775808,5000000000,5000000000,0,0,0,0,0,0,0,0
971000,1,1,1337,1,1,tick,971001,0,0,0,0,5000000000,1000000000,10000000000,500000000,1000000000,4611686018427387904,1000,4000,100000,1,0,9223372036854775808,5000000000,5000000000,0,0,0,0,0,0,0,0,9223372036854775808,5000000000,5000000000,0,0,0,0,0,0,0,0
972000,1,0,1338,0,0,tick,972001,0,0,0,0,5000000000,1000000000,10000000000,500000000,1000000000,4611686018427387904,1000,4000,100000,1,0,9223372036854775808,5000000000,5000000000,0,0,0,0,0,0,0,0,9223372036854775808,5000000000,5000000000,0,0,0,0,0,0,0,0
972000,1,1,1338,1,1,tick,972001,0,0,0,0,5000000000,1000000000,10000000000,500000000,1000000000,4611686018427387904,1000,4000,100000,1,0,9223372036854775808,5000000000,5000000000,0,0,0,0,0,0,0,0,9223372036854775808,5000000000,5000000000,0,0,0,0,0,0,0,0
973000,1,0,1339,0,0,tick,973001,0,0,0,0,5000000000,1000000000,10000000000,500000000,1000000000,4611686018427387904,1000,4000,100000,1,0,9223372036854775808,5000000000,5000000000,0,0,0,0,0,0,0,0,9223372036854775808,5000000000,5000000000,0,0,0,0,0,0,0,0
973000,1,1,1339,1,1,tick,973001,0,0,0,0,5000000000,1000000000,10000000000,500000000,1000000000,4611686018427387904,1000,4000,100000,1,0,9223372036854775808,5000000000,5000000000,0,0,0,0,0,0,0,0,9223372036854775808,5000000000,5000000000,0,0,0,0,0,0,0,0
974000,1,0,1340,0,0,tick,974001,0,0,0,0,5000000000,1000000000,10000000000,500000000,1000000000,4611686018427387904,1000,4000,100000,1,0,9223372036854775808,5000000000,5000000000,0,0,0,0,0,0,0,0,9223372036854775808,5000000000,5000000000,0,0,0,0,0,0,0,0
974000,1,1,1340,1,1,tick,974001,0,0,0,0,5000000000,1000000000,10000000000,500000000,1000000000,4611686018427387904,1000,4000,100000,1,0,9223372036854775808,5000000000,5000000000,0,0,0,0,0,0,0,0,9223372036854775808,5000000000,5000000000,0,0,0,0,0,0,0,0
975000,1,0,1341,0,0,tick,975001,0,0,0,0,5000000000,1000000000,10000000000,500000000,1000000000,4611686018427387904,1000,4000,100000,1,0,9223372036854775808,5000000000,5000000000,0,0,0,0,0,0,0,0,9223372036854775808,5000000000,5000000000,0,0,0,0,0,0,0,0
975000,1,1,1341,1,1,tick,975001,0,0,0,0,5000000000,1000000000,10000000000,500000000,1000000000,4611686018427387904,1000,4000,100000,1,0,9223372036854775808,5000000000,5000000000,0,0,0,0,0,0,0,0,9223372036854775808,5000000000,5000000000,0,0,0,0,0,0,0,0
976000,1,0,1342,0,0,tick,976001,0,0,0,0,5000000000,1000000000,10000000000,500000000,1000000000,4611686018427387904,1000,4000,100000,1,0,9223372036854775808,5000000000,5000000000,0,0,0,0,0,0,0,0,9223372036854775808,5000000000,5000000000,0,0,0,0,0,0,0,0
976000,1,1,1342,1,1,tick,976001,0,0,0,0,5000000000,1000000000,10000000000,500000000,1000000000,4611686018427387904,1000,4000,100000,1,0,9223372036854775808,5000000000,5000000000,0,0,0,0,0,0,0,0,9223372036854775808,5000000000,5000000000,0,0,0,0,0,0,0,0
977000,1,0,1343,0,0,tick,977001,0,0,0,0,5000000000,1000000000,10000000000,500000000,1000000000,4611686018427387904,1000,4000,100000,1,0,9223372036854775808,5000000000,5000000000,0,0,0,0,0,0,0,0,9223372036854775808,5000000000,5000000000,0,0,0,0,0,0,0,0
977000,1,1,1343,1,1,tick,977001,0,0,0,0,5000000000,1000000000,10000000000,500000000,1000000000,4611686018427387904,1000,4000,100000,1,0,9223372036854775808,5000000000,5000000000,0,0,0,0,0,0,0,0,9223372036854775808,5000000000,5000000000,0,0,0,0,0,0,0,0
978000,1,0,1345,0,0,tick,978001,0,0,0,0,5000000000,1000000000,10000000000,500000000,1000000000,4611686018427387904,1000,4000,100000,1,0,9223372036854775808,5000000000,5000000000,0,0,0,0,0,0,0,0,9223372036854775808,5000000000,5000000000,0,0,0,0,0,0,0,0
978000,1,1,1345,1,1,tick,978001,0,0,0,0,5000000000,1000000000,10000000000,500000000,1000000000,4611686018427387904,1000,4000,100000,1,0,9223372036854775808,5000000000,5000000000,0,0,0,0,0,0,0,0,9223372036854775808,5000000000,5000000000,0,0,0,0,0,0,0,0
979000,1,0,1348,0,0,tick,979001,0,0,0,0,5000000000,1000000000,10000000000,500000000,1000000000,4611686018427387904,1000,4000,100000,1,0,9223372036854775808,5000000000,5000000000,0,0,0,0,0,0,0,0,9223372036854775808,5000000000,5000000000,0,0,0,0,0,0,0,0
979000,1,1,1348,1,1,tick,979001,0,0,0,0,5000000000,1000000000,10000000000,500000000,1000000000,4611686018427387904,1000,4000,100000,1,0,9223372036854775808,5000000000,5000000000,0,0,0,0,0,0,0,0,9223372036854775808,5000000000,5000000000,0,0,0,0,0,0,0,0
980000,1,0,1349,0,0,tick,980001,0,0,0,0,5000000000,1000000000,10000000000,500000000,1000000000,4611686018427387904,1000,4000,100000,1,0,9223372036854775808,5000000000,5000000000,0,0,0,0,0,0,0,0,9223372036854775808,5000000000,5000000000,0,0,0,0,0,0,0,0
980000,1,1,1349,1,1,tick,980001,0,0,0,0,5000000000,1000000000,10000000000,500000000,1000000000,4611686018427387904,1000,4000,100000,1,0,9223372036854775808,5000000000,5000000000,0,0,0,0,0,0,0,0,9223372036854775808,5000000000,5000000000,0,0,0,0,0,0,0,0
981000,1,0,1350,0,0,tick,981001,0,0,0,0,5000000000,1000000000,10000000000,500000000,1000000000,4611686018427387904,1000,4000,100000,1,0,9223372036854775808,5000000000,5000000000,0,0,0,0,0,0,0,0,9223372036854775808,5000000000,5000000000,0,0,0,0,0,0,0,0
981000,1,1,1350,1,1,tick,981001,0,0,0,0,5000000000,1000000000,10000000000,500000000,1000000000,4611686018427387904,1000,4000,100000,1,0,9223372036854775808,5000000000,5000000000,0,0,0,0,0,0,0,0,9223372036854775808,5000000000,5000000000,0,0,0,0,0,0,0,0
982000,1,0,1351,0,0,tick,982001,0,0,0,0,5000000000,1000000000,10000000000,500000000,1000000000,4611686018427387904,1000,4000,100000,1,0,9223372036854775808,5000000000,5000000000,0,0,0,0,0,0,0,0,9223372036854775808,5000000000,5000000000,0,0,0,0,0,0,0,0
982000,1,1,1351,1,1,tick,982001,0,0,0,0,5000000000,1000000000,10000000000,500000000,1000000000,4611686018427387904,1000,4000,100000,1,0,9223372036854775808,5000000000,5000000000,0,0,0,0,0,0,0,0,9223372036854775808,5000000000,5000000000,0,0,0,0,0,0,0,0
983000,1,0,1352,0,0,tick,983001,0,0,0,0,5000000000,1000000000,10000000000,500000000,1000000000,4611686018427387904,1000,4000,100000,1,0,9223372036854775808,5000000000,5000000000,0,0,0,0,0,0,0,0,9223372036854775808,5000000000,5000000000,0,0,0,0,0,0,0,0
983000,1,1,1352,1,1,tick,983001,0,0,0,0,5000000000,1000000000,10000000000,500000000,1000000000,4611686018427387904,1000,4000,100000,1,0,9223372036854775808,5000000000,5000000000,0,0,0,0,0,0,0,0,9223372036854775808,5000000000,5000000000,0,0,0,0,0,0,0,0
984000,1,0,1353,0,0,tick,984001,0,0,0,0,5000000000,1000000000,10000000000,500000000,1000000000,4611686018427387904,1000,4000,100000,1,0,9223372036854775808,5000000000,5000000000,0,0,0,0,0,0,0,0,9223372036854775808,5000000000,5000000000,0,0,0,0,0,0,0,0
984000,1,1,1353,1,1,tick,984001,0,0,0,0,5000000000,1000000000,10000000000,500000000,1000000000,4611686018427387904,1000,4000,100000,1,0,9223372036854775808,5000000000,5000000000,0,0,0,0,0,0,0,0,9223372036854775808,5000000000,5000000000,0,0,0,0,0,0,0,0
985000,1,0,1354,0,0,tick,985001,0,0,0,0,5000000000,1000000000,10000000000,500000000,1000000000,4611686018427387904,1000,4000,100000,1,0,9223372036854775808,5000000000,5000000000,0,0,0,0,0,0,0,0,9223372036854775808,5000000000,5000000000,0,0,0,0,0,0,0,0
985000,1,1,1354,1,1,tick,985001,0,0,0,0,5000000000,1000000000,10000000000,500000000,1000000000,4611686018427387904,1000,4000,100000,1,0,9223372036854775808,5000000000,5000000000,0,0,0,0,0,0,0,0,9223372036854775808,5000000000,5000000000,0,0,0,0,0,0,0,0
986000,1,0,1356,0,0,tick,986001,0,0,0,0,5000000000,1000000000,10000000000,500000000,1000000000,4611686018427387904,1000,4000,100000,1,0,9223372036854775808,5000000000,5000000000,0,0,0,0,0,0,0,0,9223372036854775808,5000000000,5000000000,0,0,0,0,0,0,0,0
986000,1,1,1356,1,1,tick,986001,0,0,0,0,5000000000,1000000000,10000000000,500000000,1000000000,4611686018427387904,1000,4000,100000,1,0,9223372036854775808,5000000000,5000000000,0,0,0,0,0,0,0,0,9223372036854775808,5000000000,5000000000,0,0,0,0,0,0,0,0
987000,1,0,1359,0,0,tick,987001,0,0,0,0,5000000000,1000000000,10000000000,500000000,1000000000,4611686018427387904,1000,4000,100000,1,0,9223372036854775808,5000000000,5000000000,0,0,0,0,0,0,0,0,9223372036854775808,5000000000,5000000000,0,0,0,0,0,0,0,0
987000,1,1,1359,1,1,tick,987001,0,0,0,0,5000000000,1000000000,10000000000,500000000,1000000000,4611686018427387904,1000,4000,100000,1,0,9223372036854775808,5000000000,5000000000,0,0,0,0,0,0,0,0,9223372036854775808,5000000000,5000000000,0,0,0,0,0,0,0,0
988000,1,0,1360,0,0,tick,988001,0,0,0,0,5000000000,1000000000,10000000000,500000000,1000000000,4611686018427387904,1000,4000,100000,1,0,9223372036854775808,5000000000,5000000000,0,0,0,0,0,0,0,0,9223372036854775808,5000000000,5000000000,0,0,0,0,0,0,0,0
988000,1,1,1360,1,1,tick,988001,0,0,0,0,5000000000,1000000000,10000000000,500000000,1000000000,4611686018427387904,1000,4000,100000,1,0,9223372036854775808,5000000000,5000000000,0,0,0,0,0,0,0,0,9223372036854775808,5000000000,5000000000,0,0,0,0,0,0,0,0
989000,1,0,1361,0,0,tick,989001,0,0,0,0,5000000000,1000000000,10000000000,500000000,1000000000,4611686018427387904,1000,4000,100000,1,0,9223372036854775808,5000000000,5000000000,0,0,0,0,0,0,0,0,9223372036854775808,5000000000,5000000000,0,0,0,0,0,0,0,0
989000,1,1,1361,1,1,tick,989001,0,0,0,0,5000000000,1000000000,10000000000,500000000,1000000000,4611686018427387904,1000,4000,100000,1,0,9223372036854775808,5000000000,5000000000,0,0,0,0,0,0,0,0,9223372036854775808,5000000000,5000000000,0,0,0,0,0,0,0,0
990000,1,0,1362,0,0,tick,990001,0,0,0,0,5000000000,1000000000,10000000000,500000000,1000000000,4611686018427387904,1000,4000,100000,1,0,9223372036854775808,5000000000,5000000000,0,0,0,0,0,0,0,0,9223372036854775808,5000000000,5000000000,0,0,0,0,0,0,0,0
990000,1,1,1362,1,1,tick,990001,0,0,0,0,5000000000,1000000000,10000000000,500000000,1000000000,4611686018427387904,1000,4000,100000,1,0,9223372036854775808,5000000000,5000000000,0,0,0,0,0,0,0,0,9223372036854775808,5000000000,5000000000,0,0,0,0,0,0,0,0
991000,1,0,1363,0,0,tick,991001,0,0,0,0,5000000000,1000000000,10000000000,500000000,1000000000,4611686018427387904,1000,4000,100000,1,0,9223372036854775808,5000000000,5000000000,0,0,0,0,0,0,0,0,9223372036854775808,5000000000,5000000000,0,0,0,0,0,0,0,0
991000,1,1,1363,1,1,tick,991001,0,0,0,0,5000000000,1000000000,10000000000,500000000,1000000000,4611686018427387904,1000,4000,100000,1,0,9223372036854775808,5000000000,5000000000,0,0,0,0,0,0,0,0,9223372036854775808,5000000000,5000000000,0,0,0,0,0,0,0,0
992000,1,0,1364,0,0,tick,992001,0,0,0,0,5000000000,1000000000,10000000000,500000000,1000000000,4611686018427387904,1000,4000,100000,1,0,9223372036854775808,5000000000,5000000000,0,0,0,0,0,0,0,0,9223372036854775808,5000000000,5000000000,0,0,0,0,0,0,0,0
992000,1,1,1364,1,1,tick,992001,0,0,0,0,5000000000,1000000000,10000000000,500000000,1000000000,4611686018427387904,1000,4000,100000,1,0,9223372036854775808,5000000000,5000000000,0,0,0,0,0,0,0,0,9223372036854775808,5000000000,5000000000,0,0,0,0,0,0,0,0
993000,1,0,1365,0,0,tick,993001,0,0,0,0,5000000000,1000000000,10000000000,500000000,1000000000,4611686018427387904,1000,4000,100000,1,0,9223372036854775808,5000000000,5000000000,0,0,0,0,0,0,0,0,9223372036854775808,5000000000,5000000000,0,0,0,0,0,0,0,0
993000,1,1,1365,1,1,tick,993001,0,0,0,0,5000000000,1000000000,10000000000,500000000,1000000000,4611686018427387904,1000,4000,100000,1,0,9223372036854775808,5000000000,5000000000,0,0,0,0,0,0,0,0,9223372036854775808,5000000000,5000000000,0,0,0,0,0,0,0,0
994000,1,0,1367,0,0,tick,994001,0,0,0,0,5000000000,1000000000,10000000000,500000000,1000000000,4611686018427387904,1000,4000,100000,1,0,9223372036854775808,5000000000,5000000000,0,0,0,0,0,0,0,0,9223372036854775808,5000000000,5000000000,0,0,0,0,0,0,0,0
994000,1,1,1367,1,1,tick,994001,0,0,0,0,5000000000,1000000000,10000000000,500000000,1000000000,4611686018427387904,1000,4000,100000,1,0,9223372036854775808,5000000000,5000000000,0,0,0,0,0,0,0,0,9223372036854775808,5000000000,5000000000,0,0,0,0,0,0,0,0
995000,1,0,1370,0,0,tick,995001,0,0,0,0,5000000000,1000000000,10000000000,500000000,1000000000,4611686018427387904,1000,4000,100000,1,0,9223372036854775808,5000000000,5000000000,0,0,0,0,0,0,0,0,9223372036854775808,5000000000,5000000000,0,0,0,0,0,0,0,0
995000,1,1,1370,1,1,tick,995001,0,0,0,0,5000000000,1000000000,10000000000,500000000,1000000000,4611686018427387904,1000,4000,100000,1,0,9223372036854775808,5000000000,5000000000,0,0,0,0,0,0,0,0,9223372036854775808,5000000000,5000000000,0,0,0,0,0,0,0,0
996000,1,0,1371,0,0,tick,996001,0,0,0,0,5000000000,1000000000,10000000000,500000000,1000000000,4611686018427387904,1000,4000,100000,1,0,9223372036854775808,5000000000,5000000000,0,0,0,0,0,0,0,0,9223372036854775808,5000000000,5000000000,0,0,0,0,0,0,0,0
996000,1,1,1371,1,1,tick,996001,0,0,0,0,5000000000,1000000000,10000000000,500000000,1000000000,4611686018427387904,1000,4000,100000,1,0,9223372036854775808,5000000000,5000000000,0,0,0,0,0,0,0,0,9223372036854775808,5000000000,5000000000,0,0,0,0,0,0,0,0
997000,1,0,1372,0,0,tick,997001,0,0,0,0,5000000000,1000000000,10000000000,500000000,1000000000,4611686018427387904,1000,4000,100000,1,0,9223372036854775808,5000000000,5000000000,0,0,0,0,0,0,0,0,9223372036854775808,5000000000,5000000000,0,0,0,0,0,0,0,0
997000,1,1,1372,1,1,tick,997001,0,0,0,0,5000000000,1000000000,10000000000,500000000,1000000000,4611686018427387904,1000,4000,100000,1,0,9223372036854775808,5000000000,5000000000,0,0,0,0,0,0,0,0,9223372036854775808,5000000000,5000000000,0,0,0,0,0,0,0,0
998000,1,0,1373,0,0,tick,998001,0,0,0,0,5000000000,1000000000,10000000000,500000000,1000000000,4611686018427387904,1000,4000,100000,1,0,9223372036854775808,5000000000,5000000000,0,0,0,0,0,0,0,0,9223372036854775808,5000000000,5000000000,0,0,0,0,0,0,0,0
998000,1,1,1373,1,1,tick,998001,0,0,0,0,5000000000,1000000000,10000000000,500000000,1000000000,4611686018427387904,1000,4000,100000,1,0,9223372036854775808,5000000000,5000000000,0,0,0,0,0,0,0,0,9223372036854775808,5000000000,5000000000,0,0,0,0,0,0,0,0
999000,1,0,1374,0,0,tick,999001,0,0,0,0,5000000000,1000000000,10000000000,500000000,1000000000,4611686018427387904,1000,4000,100000,1,0,9223372036854775808,5000000000,5000000000,0,0,0,0,0,0,0,0,9223372036854775808,5000000000,5000000000,0,0,0,0,0,0,0,0
999000,1,1,1374,1,1,tick,999001,0,0,0,0,5000000000,1000000000,10000000000,500000000,1000000000,4611686018427387904,1000,4000,100000,1,0,9223372036854775808,5000000000,5000000000,0,0,0,0,0,0,0,0,9223372036854775808,5000000000,5000000000,0,0,0,0,0,0,0,0
1000000,1,0,1375,0,0,tick,1000001,0,0,0,0,5000000000,1000000000,10000000000,500000000,1000000000,4611686018427387904,1000,4000,100000,1,0,9223372036854775808,5000000000,5000000000,0,0,0,0,0,0,0,0,9223372036854775808,5000000000,5000000000,0,0,0,0,0,0,0,0
1000000,1,1,1375,1,1,tick,1000001,0,0,0,0,5000000000,1000000000,10000000000,500000000,1000000000,4611686018427387904,1000,4000,100000,1,0,9223372036854775808,5000000000,5000000000,0,0,0,0,0,0,0,0,9223372036854775808,5000000000,5000000000,0,0,0,0,0,0,0,0
1001000,1,0,1376,0,0,tick,1001001,0,0,0,0,5000000000,1000000000,10000000000,500000000,1000000000,4611686018427387904,1000,4000,100000,1,0,9223372036854775808,5000000000,5000000000,0,0,0,0,0,0,0,0,9223372036854775808,5000000000,5000000000,0,0,0,0,0,0,0,0
1001000,1,1,1376,1,1,tick,1001001,0,0,0,0,5000000000,1000000000,10000000000,500000000,1000000000,4611686018427387904,1000,4000,100000,1,0,9223372036854775808,5000000000,5000000000,0,0,0,0,0,0,0,0,9223372036854775808,5000000000,5000000000,0,0,0,0,0,0,0,0
1002000,1,0,1378,0,0,tick,1002001,0,0,0,0,5000000000,1000000000,10000000000,500000000,1000000000,4611686018427387904,1000,4000,100000,1,0,9223372036854775808,5000000000,5000000000,0,0,0,0,0,0,0,0,9223372036854775808,5000000000,5000000000,0,0,0,0,0,0,0,0
1002000,1,1,1378,1,1,tick,1002001,0,0,0,0,5000000000,1000000000,10000000000,500000000,1000000000,4611686018427387904,1000,4000,100000,1,0,9223372036854775808,5000000000,5000000000,0,0,0,0,0,0,0,0,9223372036854775808,5000000000,5000000000,0,0,0,0,0,0,0,0
1003000,1,0,1381,0,0,tick,1003001,0,0,0,0,5000000000,1000000000,10000000000,500000000,1000000000,4611686018427387904,1000,4000,100000,1,0,9223372036854775808,5000000000,5000000000,0,0,0,0,0,0,0,0,9223372036854775808,5000000000,5000000000,0,0,0,0,0,0,0,0
1003000,1,1,1381,1,1,tick,1003001,0,0,0,0,5000000000,1000000000,10000000000,500000000,1000000000,4611686018427387904,1000,4000,100000,1,0,9223372036854775808,5000000000,5000000000,0,0,0,0,0,0,0,0,9223372036854775808,5000000000,5000000000,0,0,0,0,0,0,0,0
1004000,1,0,1382,0,0,tick,1004001,0,0,0,0,5000000000,1000000000,10000000000,500000000,1000000000,4611686018427387904,1000,4000,100000,1,0,9223372036854775808,5000000000,5000000000,0,0,0,0,0,0,0,0,9223372036854775808,5000000000,5000000000,0,0,0,0,0,0,0,0
1004000,1,1,1382,1,1,tick,1004001,0,0,0,0,5000000000,1000000000,10000000000,500000000,1000000000,4611686018427387904,1000,4000,100000,1,0,9223372036854775808,5000000000,5000000000,0,0,0,0,0,0,0,0,9223372036854775808,5000000000,5000000000,0,0,0,0,0,0,0,0
1005000,1,0,1383,0,0,tick,1005001,0,0,0,0,5000000000,1000000000,10000000000,500000000,1000000000,4611686018427387904,1000,4000,100000,1,0,9223372036854775808,5000000000,5000000000,0,0,0,0,0,0,0,0,9223372036854775808,5000000000,5000000000,0,0,0,0,0,0,0,0
1005000,1,1,1383,1,1,tick,1005001,0,0,0,0,5000000000,1000000000,10000000000,500000000,1000000000,4611686018427387904,1000,4000,100000,1,0,9223372036854775808,5000000000,5000000000,0,0,0,0,0,0,0,0,9223372036854775808,5000000000,5000000000,0,0,0,0,0,0,0,0
1006000,1,0,1384,0,0,tick,1006001,0,0,0,0,5000000000,1000000000,10000000000,500000000,1000000000,4611686018427387904,1000,4000,100000,1,0,9223372036854775808,5000000000,5000000000,0,0,0,0,0,0,0,0,9223372036854775808,5000000000,5000000000,0,0,0,0,0,0,0,0
1006000,1,1,1384,1,1,tick,1006001,0,0,0,0,5000000000,1000000000,10000000000,500000000,1000000000,4611686018427387904,1000,4000,100000,1,0,9223372036854775808,5000000000,5000000000,0,0,0,0,0,0,0,0,9223372036854775808,5000000000,5000000000,0,0,0,0,0,0,0,0
1007000,1,0,1385,0,0,tick,1007001,0,0,0,0,5000000000,1000000000,10000000000,500000000,1000000000,4611686018427387904,1000,4000,100000,1,0,9223372036854775808,5000000000,5000000000,0,0,0,0,0,0,0,0,9223372036854775808,5000000000,5000000000,0,0,0,0,0,0,0,0
1007000,1,1,1385,1,1,tick,1007001,0,0,0,0,5000000000,1000000000,10000000000,500000000,1000000000,4611686018427387904,1000,4000,100000,1,0,9223372036854775808,5000000000,5000000000,0,0,0,0,0,0,0,0,9223372036854775808,5000000000,5000000000,0,0,0,0,0,0,0,0
1008000,1,0,1386,0,0,tick,1008001,0,0,0,0,5000000000,1000000000,10000000000,500000000,1000000000,4611686018427387904,1000,4000,100000,1,0,9223372036854775808,5000000000,5000000000,0,0,0,0,0,0,0,0,9223372036854775808,5000000000,5000000000,0,0,0,0,0,0,0,0
1008000,1,1,1386,1,1,tick,1008001,0,0,0,0,5000000000,1000000000,10000000000,500000000,1000000000,4611686018427387904,1000,4000,100000,1,0,9223372036854775808,5000000000,5000000000,0,0,0,0,0,0,0,0,9223372036854775808,5000000000,5000000000,0,0,0,0,0,0,0,0
1009000,1,0,1387,0,0,tick,1009001,0,0,0,0,5000000000,1000000000,10000000000,500000000,1000000000,4611686018427387904,1000,4000,100000,1,0,9223372036854775808,5000000000,5000000000,0,0,0,0,0,0,0,0,9223372036854775808,5000000000,5000000000,0,0,0,0,0,0,0,0
1009000,1,1,1387,1,1,tick,1009001,0,0,0,0,5000000000,1000000000,10000000000,500000000,1000000000,4611686018427387904,1000,4000,100000,1,0,9223372036854775808,5000000000,5000000000,0,0,0,0,0,0,0,0,9223372036854775808,5000000000,5000000000,0,0,0,0,0,0,0,0
1010000,1,0,1389,0,0,tick,1010001,0,0,0,0,5000000000,1000000000,10000000000,500000000,1000000000,4611686018427387904,1000,4000,100000,1,0,9223372036854775808,5000000000,5000000000,0,0,0,0,0,0,0,0,9223372036854775808,5000000000,5000000000,0,0,0,0,0,0,0,0
1010000,1,1,1389,1,1,tick,1010001,0,0,0,0,5000000000,1000000000,10000000000,500000000,1000000000,4611686018427387904,1000,4000,100000,1,0,9223372036854775808,5000000000,5000000000,0,0,0,0,0,0,0,0,9223372036854775808,5000000000,5000000000,0,0,0,0,0,0,0,0
1011000,1,0,1392,0,0,tick,1011001,0,0,0,0,5000000000,1000000000,10000000000,500000000,1000000000,4611686018427387904,1000,4000,100000,1,0,9223372036854775808,5000000000,5000000000,0,0,0,0,0,0,0,0,9223372036854775808,5000000000,5000000000,0,0,0,0,0,0,0,0
1011000,1,1,1392,1,1,tick,1011001,0,0,0,0,5000000000,1000000000,10000000000,500000000,1000000000,4611686018427387904,1000,4000,100000,1,0,9223372036854775808,5000000000,5000000000,0,0,0,0,0,0,0,0,9223372036854775808,5000000000,5000000000,0,0,0,0,0,0,0,0
1012000,1,0,1393,0,0,tick,1012001,0,0,0,0,5000000000,1000000000,10000000000,500000000,1000000000,4611686018427387904,1000,4000,100000,1,0,9223372036854775808,5000000000,5000000000,0,0,0,0,0,0,0,0,9223372036854775808,5000000000,5000000000,0,0,0,0,0,0,0,0
1012000,1,1,1393,1,1,tick,1012001,0,0,0,0,5000000000,1000000000,10000000000,500000000,1000000000,4611686018427387904,1000,4000,100000,1,0,9223372036854775808,5000000000,5000000000,0,0,0,0,0,0,0,0,9223372036854775808,5000000000,5000000000,0,0,0,0,0,0,0,0
1013000,1,0,1394,0,0,tick,1013001,0,0,0,0,5000000000,1000000000,10000000000,500000000,1000000000,4611686018427387904,1000,4000,100000,1,0,9223372036854775808,5000000000,5000000000,0,0,0,0,0,0,0,0,9223372036854775808,5000000000,5000000000,0,0,0,0,0,0,0,0
1013000,1,1,1394,1,1,tick,1013001,0,0,0,0,5000000000,1000000000,10000000000,500000000,1000000000,4611686018427387904,1000,4000,100000,1,0,9223372036854775808,5000000000,5000000000,0,0,0,0,0,0,0,0,9223372036854775808,5000000000,5000000000,0,0,0,0,0,0,0,0
1014000,1,0,1395,0,0,tick,1014001,0,0,0,0,5000000000,1000000000,10000000000,500000000,1000000000,4611686018427387904,1000,4000,100000,1,0,9223372036854775808,5000000000,5000000000,0,0,0,0,0,0,0,0,9223372036854775808,5000000000,5000000000,0,0,0,0,0,0,0,0
1014000,1,1,1395,1,1,tick,1014001,0,0,0,0,5000000000,1000000000,10000000000,500000000,1000000000,4611686018427387904,1000,4000,100000,1,0,9223372036854775808,5000000000,5000000000,0,0,0,0,0,0,0,0,9223372036854775808,5000000000,5000000000,0,0,0,0,0,0,0,0
1015000,1,0,1396,0,0,tick,1015001,0,0,0,0,5000000000,1000000000,10000000000,500000000,1000000000,4611686018427387904,1000,4000,100000,1,0,9223372036854775808,5000000000,5000000000,0,0,0,0,0,0,0,0,9223372036854775808,5000000000,5000000000,0,0,0,0,0,0,0,0
1015000,1,1,1396,1,1,tick,1015001,0,0,0,0,5000000000,1000000000,10000000000,500000000,1000000000,4611686018427387904,1000,4000,100000,1,0,9223372036854775808,5000000000,5000000000,0,0,0,0,0,0,0,0,9223372036854775808,5000000000,5000000000,0,0,0,0,0,0,0,0
1016000,1,0,1397,0,0,tick,1016001,0,0,0,0,5000000000,1000000000,10000000000,500000000,1000000000,4611686018427387904,1000,4000,100000,1,0,9223372036854775808,5000000000,5000000000,0,0,0,0,0,0,0,0,9223372036854775808,5000000000,5000000000,0,0,0,0,0,0,0,0
1016000,1,1,1397,1,1,tick,1016001,0,0,0,0,5000000000,1000000000,10000000000,500000000,1000000000,4611686018427387904,1000,4000,100000,1,0,9223372036854775808,5000000000,5000000000,0,0,0,0,0,0,0,0,9223372036854775808,5000000000,5000000000,0,0,0,0,0,0,0,0
1017000,1,0,1398,0,0,tick,1017001,0,0,0,0,5000000000,1000000000,10000000000,500000000,1000000000,4611686018427387904,1000,4000,100000,1,0,9223372036854775808,5000000000,5000000000,0,0,0,0,0,0,0,0,9223372036854775808,5000000000,5000000000,0,0,0,0,0,0,0,0
1017000,1,1,1398,1,1,tick,1017001,0,0,0,0,5000000000,1000000000,10000000000,500000000,1000000000,4611686018427387904,1000,4000,100000,1,0,9223372036854775808,5000000000,5000000000,0,0,0,0,0,0,0,0,9223372036854775808,5000000000,5000000000,0,0,0,0,0,0,0,0
1018000,1,0,1400,0,0,tick,1018001,0,0,0,0,5000000000,1000000000,10000000000,500000000,1000000000,4611686018427387904,1000,4000,100000,1,0,9223372036854775808,5000000000,5000000000,0,0,0,0,0,0,0,0,9223372036854775808,5000000000,5000000000,0,0,0,0,0,0,0,0
1018000,1,1,1400,1,1,tick,1018001,0,0,0,0,5000000000,1000000000,10000000000,500000000,1000000000,4611686018427387904,1000,4000,100000,1,0,9223372036854775808,5000000000,5000000000,0,0,0,0,0,0,0,0,9223372036854775808,5000000000,5000000000,0,0,0,0,0,0,0,0
1019000,1,0,1403,0,0,tick,1019001,0,0,0,0,5000000000,1000000000,10000000000,500000000,1000000000,4611686018427387904,1000,4000,100000,1,0,9223372036854775808,5000000000,5000000000,0,0,0,0,0,0,0,0,9223372036854775808,5000000000,5000000000,0,0,0,0,0,0,0,0
1019000,1,1,1403,1,1,tick,1019001,0,0,0,0,5000000000,1000000000,10000000000,500000000,1000000000,4611686018427387904,1000,4000,100000,1,0,9223372036854775808,5000000000,5000000000,0,0,0,0,0,0,0,0,9223372036854775808,5000000000,5000000000,0,0,0,0,0,0,0,0
1020000,1,0,1404,0,0,tick,1020001,0,0,0,0,5000000000,1000000000,10000000000,500000000,1000000000,4611686018427387904,1000,4000,100000,1,0,9223372036854775808,5000000000,5000000000,0,0,0,0,0,0,0,0,9223372036854775808,5000000000,5000000000,0,0,0,0,0,0,0,0
1020000,1,1,1404,1,1,tick,1020001,0,0,0,0,5000000000,1000000000,10000000000,500000000,1000000000,4611686018427387904,1000,4000,100000,1,0,9223372036854775808,5000000000,5000000000,0,0,0,0,0,0,0,0,9223372036854775808,5000000000,5000000000,0,0,0,0,0,0,0,0
1021000,1,0,1405,0,0,tick,1021001,0,0,0,0,5000000000,1000000000,10000000000,500000000,1000000000,4611686018427387904,1000,4000,100000,1,0,9223372036854775808,5000000000,5000000000,0,0,0,0,0,0,0,0,9223372036854775808,5000000000,5000000000,0,0,0,0,0,0,0,0
1021000,1,1,1405,1,1,tick,1021001,0,0,0,0,5000000000,1000000000,10000000000,500000000,1000000000,4611686018427387904,1000,4000,100000,1,0,9223372036854775808,5000000000,5000000000,0,0,0,0,0,0,0,0,9223372036854775808,5000000000,5000000000,0,0,0,0,0,0,0,0
1022000,1,0,1406,0,0,tick,1022001,0,0,0,0,5000000000,1000000000,10000000000,500000000,1000000000,4611686018427387904,1000,4000,100000,1,0,9223372036854775808,5000000000,5000000000,0,0,0,0,0,0,0,0,9223372036854775808,5000000000,5000000000,0,0,0,0,0,0,0,0
1022000,1,1,1406,1,1,tick,1022001,0,0,0,0,5000000000,1000000000,10000000000,500000000,1000000000,4611686018427387904,1000,4000,100000,1,0,9223372036854775808,5000000000,5000000000,0,0,0,0,0,0,0,0,9223372036854775808,5000000000,5000000000,0,0,0,0,0,0,0,0
1023000,1,0,1407,0,0,tick,1023001,0,0,0,0,5000000000,1000000000,10000000000,500000000,1000000000,4611686018427387904,1000,4000,100000,1,0,9223372036854775808,5000000000,5000000000,0,0,0,0,0,0,0,0,9223372036854775808,5000000000,5000000000,0,0,0,0,0,0,0,0
1023000,1,1,1407,1,1,tick,1023001,0,0,0,0,5000000000,1000000000,10000000000,500000000,1000000000,4611686018427387904,1000,4000,100000,1,0,9223372036854775808,5000000000,5000000000,0,0,0,0,0,0,0,0,9223372036854775808,5000000000,5000000000,0,0,0,0,0,0,0,0
1024000,1,0,1408,0,0,tick,1024001,0,0,0,0,5000000000,1000000000,10000000000,500000000,1000000000,4611686018427387904,1000,4000,100000,1,0,9223372036854775808,5000000000,5000000000,0,0,0,0,0,0,0,0,9223372036854775808,5000000000,5000000000,0,0,0,0,0,0,0,0
1024000,1,1,1408,1,1,tick,1024001,0,0,0,0,5000000000,1000000000,10000000000,500000000,1000000000,4611686018427387904,1000,4000,100000,1,0,9223372036854775808,5000000000,5000000000,0,0,0,0,0,0,0,0,9223372036854775808,5000000000,5000000000,0,0,0,0,0,0,0,0
1025000,1,0,1409,0,0,tick,1025001,0,0,0,0,5000000000,1000000000,10000000000,500000000,1000000000,4611686018427387904,1000,4000,100000,1,0,9223372036854775808,5000000000,5000000000,0,0,0,0,0,0,0,0,9223372036854775808,5000000000,5000000000,0,0,0,0,0,0,0,0
1025000,1,1,1409,1,1,tick,1025001,0,0,0,0,5000000000,1000000000,10000000000,500000000,1000000000,4611686018427387904,1000,4000,100000,1,0,9223372036854775808,5000000000,5000000000,0,0,0,0,0,0,0,0,9223372036854775808,5000000000,5000000000,0,0,0,0,0,0,0,0
1026000,1,0,1411,0,0,tick,1026001,0,0,0,0,5000000000,1000000000,10000000000,500000000,1000000000,4611686018427387904,1000,4000,100000,1,0,9223372036854775808,5000000000,5000000000,0,0,0,0,0,0,0,0,9223372036854775808,5000000000,5000000000,0,0,0,0,0,0,0,0
1026000,1,1,1411,1,1,tick,1026001,0,0,0,0,5000000000,1000000000,10000000000,500000000,1000000000,4611686018427387904,1000,4000,100000,1,0,9223372036854775808,5000000000,5000000000,0,0,0,0,0,0,0,0,9223372036854775808,5000000000,5000000000,0,0,0,0,0,0,0,0
1027000,1,0,1414,0,0,tick,1027001,0,0,0,0,5000000000,1000000000,10000000000,500000000,1000000000,4611686018427387904,1000,4000,100000,1,0,9223372036854775808,5000000000,5000000000,0,0,0,0,0,0,0,0,9223372036854775808,5000000000,5000000000,0,0,0,0,0,0,0,0
1027000,1,1,1414,1,1,tick,1027001,0,0,0,0,5000000000,1000000000,10000000000,500000000,1000000000,4611686018427387904,1000,4000,100000,1,0,9223372036854775808,5000000000,5000000000,0,0,0,0,0,0,0,0,9223372036854775808,5000000000,5000000000,0,0,0,0,0,0,0,0
1028000,1,0,1415,0,0,tick,1028001,0,0,0,0,5000000000,1000000000,10000000000,500000000,1000000000,4611686018427387904,1000,4000,100000,1,0,9223372036854775808,5000000000,5000000000,0,0,0,0,0,0,0,0,9223372036854775808,5000000000,5000000000,0,0,0,0,0,0,0,0
1028000,1,1,1415,1,1,tick,1028001,0,0,0,0,5000000000,1000000000,10000000000,500000000,1000000000,4611686018427387904,1000,4000,100000,1,0,9223372036854775808,5000000000,5000000000,0,0,0,0,0,0,0,0,9223372036854775808,5000000000,5000000000,0,0,0,0,0,0,0,0
1029000,1,0,1416,0,0,tick,1029001,0,0,0,0,5000000000,1000000000,10000000000,500000000,1000000000,4611686018427387904,1000,4000,100000,1,0,9223372036854775808,5000000000,5000000000,0,0,0,0,0,0,0,0,9223372036854775808,5000000000,5000000000,0,0,0,0,0,0,0,0
1029000,1,1,1416,1,1,tick,1029001,0,0,0,0,5000000000,1000000000,10000000000,500000000,1000000000,4611686018427387904,1000,4000,100000,1,0,9223372036854775808,5000000000,5000000000,0,0,0,0,0,0,0,0,9223372036854775808,5000000000,5000000000,0,0,0,0,0,0,0,0
1030000,1,0,1417,0,0,tick,1030001,0,0,0,0,5000000000,1000000000,10000000000,500000000,1000000000,4611686018427387904,1000,4000,100000,1,0,9223372036854775808,5000000000,5000000000,0,0,0,0,0,0,0,0,9223372036854775808,5000000000,5000000000,0,0,0,0,0,0,0,0
1030000,1,1,1417,1,1,tick,1030001,0,0,0,0,5000000000,1000000000,10000000000,500000000,1000000000,4611686018427387904,1000,4000,100000,1,0,9223372036854775808,5000000000,5000000000,0,0,0,0,0,0,0,0,9223372036854775808,5000000000,5000000000,0,0,0,0,0,0,0,0
1031000,1,0,1418,0,0,tick,1031001,0,0,0,0,5000000000,1000000000,10000000000,500000000,1000000000,4611686018427387904,1000,4000,100000,1,0,9223372036854775808,5000000000,5000000000,0,0,0,0,0,0,0,0,9223372036854775808,5000000000,5000000000,0,0,0,0,0,0,0,0
1031000,1,1,1418,1,1,tick,1031001,0,0,0,0,5000000000,1000000000,10000000000,500000000,1000000000,4611686018427387904,1000,4000,100000,1,0,9223372036854775808,5000000000,5000000000,0,0,0,0,0,0,0,0,9223372036854775808,5000000000,5000000000,0,0,0,0,0,0,0,0
1032000,1,0,1419,0,0,tick,1032001,0,0,0,0,5000000000,1000000000,10000000000,500000000,1000000000,4611686018427387904,1000,4000,100000,1,0,9223372036854775808,5000000000,5000000000,0,0,0,0,0,0,0,0,9223372036854775808,5000000000,5000000000,0,0,0,0,0,0,0,0
1032000,1,1,1419,1,1,tick,1032001,0,0,0,0,5000000000,1000000000,10000000000,500000000,1000000000,4611686018427387904,1000,4000,100000,1,0,9223372036854775808,5000000000,5000000000,0,0,0,0,0,0,0,0,9223372036854775808,5000000000,5000000000,0,0,0,0,0,0,0,0
1033000,1,0,1420,0,0,tick,1033001,0,0,0,0,5000000000,1000000000,10000000000,500000000,1000000000,4611686018427387904,1000,4000,100000,1,0,9223372036854775808,5000000000,5000000000,0,0,0,0,0,0,0,0,9223372036854775808,5000000000,5000000000,0,0,0,0,0,0,0,0
1033000,1,1,1420,1,1,tick,1033001,0,0,0,0,5000000000,1000000000,10000000000,500000000,1000000000,4611686018427387904,1000,4000,100000,1,0,9223372036854775808,5000000000,5000000000,0,0,0,0,0,0,0,0,9223372036854775808,5000000000,5000000000,0,0,0,0,0,0,0,0
1034000,1,0,1422,0,0,tick,1034001,0,0,0,0,5000000000,1000000000,10000000000,500000000,1000000000,4611686018427387904,1000,4000,100000,1,0,9223372036854775808,5000000000,5000000000,0,0,0,0,0,0,0,0,9223372036854775808,5000000000,5000000000,0,0,0,0,0,0,0,0
1034000,1,1,1422,1,1,tick,1034001,0,0,0,0,5000000000,1000000000,10000000000,500000000,1000000000,4611686018427387904,1000,4000,100000,1,0,9223372036854775808,5000000000,5000000000,0,0,0,0,0,0,0,0,9223372036854775808,5000000000,5000000000,0,0,0,0,0,0,0,0
1035000,1,0,1425,0,0,tick,1035001,0,0,0,0,5000000000,1000000000,10000000000,500000000,1000000000,4611686018427387904,1000,4000,100000,1,0,9223372036854775808,5000000000,5000000000,0,0,0,0,0,0,0,0,9223372036854775808,5000000000,5000000000,0,0,0,0,0,0,0,0
1035000,1,1,1425,1,1,tick,1035001,0,0,0,0,5000000000,1000000000,10000000000,500000000,1000000000,4611686018427387904,1000,4000,100000,1,0,9223372036854775808,5000000000,5000000000,0,0,0,0,0,0,0,0,9223372036854775808,5000000000,5000000000,0,0,0,0,0,0,0,0
1036000,1,0,1426,0,0,tick,1036001,0,0,0,0,5000000000,1000000000,10000000000,500000000,1000000000,4611686018427387904,1000,4000,100000,1,0,9223372036854775808,5000000000,5000000000,0,0,0,0,0,0,0,0,9223372036854775808,5000000000,5000000000,0,0,0,0,0,0,0,0
1036000,1,1,1426,1,1,tick,1036001,0,0,0,0,5000000000,1000000000,10000000000,500000000,1000000000,4611686018427387904,1000,4000,100000,1,0,9223372036854775808,5000000000,5000000000,0,0,0,0,0,0,0,0,9223372036854775808,5000000000,5000000000,0,0,0,0,0,0,0,0
1037000,1,0,1427,0,0,tick,1037001,0,0,0,0,5000000000,1000000000,10000000000,500000000,1000000000,4611686018427387904,1000,4000,100000,1,0,9223372036854775808,5000000000,5000000000,0,0,0,0,0,0,0,0,9223372036854775808,5000000000,5000000000,0,0,0,0,0,0,0,0
1037000,1,1,1427,1,1,tick,1037001,0,0,0,0,5000000000,1000000000,10000000000,500000000,1000000000,4611686018427387904,1000,4000,100000,1,0,9223372036854775808,5000000000,5000000000,0,0,0,0,0,0,0,0,9223372036854775808,5000000000,5000000000,0,0,0,0,0,0,0,0
1038000,1,0,1428,0,0,tick,1038001,0,0,0,0,5000000000,1000000000,10000000000,500000000,1000000000,4611686018427387904,1000,4000,100000,1,0,9223372036854775808,5000000000,5000000000,0,0,0,0,0,0,0,0,9223372036854775808,5000000000,5000000000,0,0,0,0,0,0,0,0
1038000,1,1,1428,1,1,tick,1038001,0,0,0,0,5000000000,1000000000,10000000000,500000000,1000000000,4611686018427387904,1000,4000,100000,1,0,9223372036854775808,5000000000,5000000000,0,0,0,0,0,0,0,0,9223372036854775808,5000000000,5000000000,0,0,0,0,0,0,0,0
1039000,1,0,1429,0,0,tick,1039001,0,0,0,0,5000000000,1000000000,10000000000,500000000,1000000000,4611686018427387904,1000,4000,100000,1,0,9223372036854775808,5000000000,5000000000,0,0,0,0,0,0,0,0,9223372036854775808,5000000000,5000000000,0,0,0,0,0,0,0,0
1039000,1,1,1429,1,1,tick,1039001,0,0,0,0,5000000000,1000000000,10000000000,500000000,1000000000,4611686018427387904,1000,4000,100000,1,0,9223372036854775808,5000000000,5000000000,0,0,0,0,0,0,0,0,9223372036854775808,5000000000,5000000000,0,0,0,0,0,0,0,0
1040000,1,0,1430,0,0,tick,1040001,0,0,0,0,5000000000,1000000000,10000000000,500000000,1000000000,4611686018427387904,1000,4000,100000,1,0,9223372036854775808,5000000000,5000000000,0,0,0,0,0,0,0,0,9223372036854775808,5000000000,5000000000,0,0,0,0,0,0,0,0
1040000,1,1,1430,1,1,tick,1040001,0,0,0,0,5000000000,1000000000,10000000000,500000000,1000000000,4611686018427387904,1000,4000,100000,1,0,9223372036854775808,5000000000,5000000000,0,0,0,0,0,0,0,0,9223372036854775808,5000000000,5000000000,0,0,0,0,0,0,0,0
1041000,1,0,1431,0,0,tick,1041001,0,0,0,0,5000000000,1000000000,10000000000,500000000,1000000000,4611686018427387904,1000,4000,100000,1,0,9223372036854775808,5000000000,5000000000,0,0,0,0,0,0,0,0,9223372036854775808,5000000000,5000000000,0,0,0,0,0,0,0,0
1041000,1,1,1431,1,1,tick,1041001,0,0,0,0,5000000000,1000000000,10000000000,500000000,1000000000,4611686018427387904,1000,4000,100000,1,0,9223372036854775808,5000000000,5000000000,0,0,0,0,0,0,0,0,9223372036854775808,5000000000,5000000000,0,0,0,0,0,0,0,0
1042000,1,0,1433,0,0,tick,1042001,0,0,0,0,5000000000,1000000000,10000000000,500000000,1000000000,4611686018427387904,1000,4000,100000,1,0,9223372036854775808,5000000000,5000000000,0,0,0,0,0,0,0,0,9223372036854775808,5000000000,5000000000,0,0,0,0,0,0,0,0
1042000,1,1,1433,1,1,tick,1042001,0,0,0,0,5000000000,1000000000,10000000000,500000000,1000000000,4611686018427387904,1000,4000,100000,1,0,9223372036854775808,5000000000,5000000000,0,0,0,0,0,0,0,0,9223372036854775808,5000000000,5000000000,0,0,0,0,0,0,0,0
1043000,1,0,1436,0,0,tick,1043001,0,0,0,0,5000000000,1000000000,10000000000,500000000,1000000000,4611686018427387904,1000,4000,100000,1,0,9223372036854775808,5000000000,5000000000,0,0,0,0,0,0,0,0,9223372036854775808,5000000000,5000000000,0,0,0,0,0,0,0,0
1043000,1,1,1436,1,1,tick,1043001,0,0,0,0,5000000000,1000000000,10000000000,500000000,1000000000,4611686018427387904,1000,4000,100000,1,0,9223372036854775808,5000000000,5000000000,0,0,0,0,0,0,0,0,9223372036854775808,5000000000,5000000000,0,0,0,0,0,0,0,0
1044000,1,0,1437,0,0,tick,1044001,0,0,0,0,5000000000,1000000000,10000000000,500000000,1000000000,4611686018427387904,1000,4000,100000,1,0,9223372036854775808,5000000000,5000000000,0,0,0,0,0,0,0,0,9223372036854775808,5000000000,5000000000,0,0,0,0,0,0,0,0
1044000,1,1,1437,1,1,tick,1044001,0,0,0,0,5000000000,1000000000,10000000000,500000000,1000000000,4611686018427387904,1000,4000,100000,1,0,9223372036854775808,5000000000,5000000000,0,0,0,0,0,0,0,0,9223372036854775808,5000000000,5000000000,0,0,0,0,0,0,0,0
1045000,1,0,1438,0,0,tick,1045001,0,0,0,0,5000000000,1000000000,10000000000,500000000,1000000000,4611686018427387904,1000,4000,100000,1,0,9223372036854775808,5000000000,5000000000,0,0,0,0,0,0,0,0,9223372036854775808,5000000000,5000000000,0,0,0,0,0,0,0,0
1045000,1,1,1438,1,1,tick,1045001,0,0,0,0,5000000000,1000000000,10000000000,500000000,1000000000,4611686018427387904,1000,4000,100000,1,0,9223372036854775808,5000000000,5000000000,0,0,0,0,0,0,0,0,9223372036854775808,5000000000,5000000000,0,0,0,0,0,0,0,0
1046000,1,0,1439,0,0,tick,1046001,0,0,0,0,5000000000,1000000000,10000000000,500000000,1000000000,4611686018427387904,1000,4000,100000,1,0,9223372036854775808,5000000000,5000000000,0,0,0,0,0,0,0,0,9223372036854775808,5000000000,5000000000,0,0,0,0,0,0,0,0
1046000,1,1,1439,1,1,tick,1046001,0,0,0,0,5000000000,1000000000,10000000000,500000000,1000000000,4611686018427387904,1000,4000,100000,1,0,9223372036854775808,5000000000,5000000000,0,0,0,0,0,0,0,0,9223372036854775808,5000000000,5000000000,0,0,0,0,0,0,0,0
1047000,1,0,1440,0,0,tick,1047001,0,0,0,0,5000000000,1000000000,10000000000,500000000,1000000000,4611686018427387904,1000,4000,100000,1,0,9223372036854775808,5000000000,5000000000,0,0,0,0,0,0,0,0,9223372036854775808,5000000000,5000000000,0,0,0,0,0,0,0,0
1047000,1,1,1440,1,1,tick,1047001,0,0,0,0,5000000000,1000000000,10000000000,500000000,1000000000,4611686018427387904,1000,4000,100000,1,0,9223372036854775808,5000000000,5000000000,0,0,0,0,0,0,0,0,9223372036854775808,5000000000,5000000000,0,0,0,0,0,0,0,0
1048000,1,0,1441,0,0,tick,1048001,0,0,0,0,5000000000,1000000000,10000000000,500000000,1000000000,4611686018427387904,1000,4000,100000,1,0,9223372036854775808,5000000000,5000000000,0,0,0,0,0,0,0,0,9223372036854775808,5000000000,5000000000,0,0,0,0,0,0,0,0
1048000,1,1,1441,1,1,tick,1048001,0,0,0,0,5000000000,1000000000,10000000000,500000000,1000000000,4611686018427387904,1000,4000,100000,1,0,9223372036854775808,5000000000,5000000000,0,0,0,0,0,0,0,0,9223372036854775808,5000000000,5000000000,0,0,0,0,0,0,0,0
1049000,1,0,1442,0,0,tick,1049001,0,0,0,0,5000000000,1000000000,10000000000,500000000,1000000000,4611686018427387904,1000,4000,100000,1,0,9223372036854775808,5000000000,5000000000,0,0,0,0,0,0,0,0,9223372036854775808,5000000000,5000000000,0,0,0,0,0,0,0,0
1049000,1,1,1442,1,1,tick,1049001,0,0,0,0,5000000000,1000000000,10000000000,500000000,1000000000,4611686018427387904,1000,4000,100000,1,0,9223372036854775808,5000000000,5000000000,0,0,0,0,0,0,0,0,9223372036854775808,5000000000,5000000000,0,0,0,0,0,0,0,0
1050000,1,0,1444,0,0,tick,1050001,0,0,0,0,5000000000,1000000000,10000000000,500000000,1000000000,4611686018427387904,1000,4000,100000,1,0,9223372036854775808,5000000000,5000000000,0,0,0,0,0,0,0,0,9223372036854775808,5000000000,5000000000,0,0,0,0,0,0,0,0
1050000,1,1,1444,1,1,tick,1050001,0,0,0,0,5000000000,1000000000,10000000000,500000000,1000000000,4611686018427387904,1000,4000,100000,1,0,9223372036854775808,5000000000,5000000000,0,0,0,0,0,0,0,0,9223372036854775808,5000000000,5000000000,0,0,0,0,0,0,0,0
1051000,1,0,1447,0,0,tick,1051001,0,0,0,0,5000000000,1000000000,10000000000,500000000,1000000000,4611686018427387904,1000,4000,100000,1,0,9223372036854775808,5000000000,5000000000,0,0,0,0,0,0,0,0,9223372036854775808,5000000000,5000000000,0,0,0,0,0,0,0,0
1051000,1,1,1447,1,1,tick,1051001,0,0,0,0,5000000000,1000000000,10000000000,500000000,1000000000,4611686018427387904,1000,4000,100000,1,0,9223372036854775808,5000000000,5000000000,0,0,0,0,0,0,0,0,9223372036854775808,5000000000,5000000000,0,0,0,0,0,0,0,0
1052000,1,0,1448,0,0,tick,1052001,0,0,0,0,5000000000,1000000000,10000000000,500000000,1000000000,4611686018427387904,1000,4000,100000,1,0,9223372036854775808,5000000000,5000000000,0,0,0,0,0,0,0,0,9223372036854775808,5000000000,5000000000,0,0,0,0,0,0,0,0
1052000,1,1,1448,1,1,tick,1052001,0,0,0,0,5000000000,1000000000,10000000000,500000000,1000000000,4611686018427387904,1000,4000,100000,1,0,9223372036854775808,5000000000,5000000000,0,0,0,0,0,0,0,0,9223372036854775808,5000000000,5000000000,0,0,0,0,0,0,0,0
1053000,1,0,1449,0,0,tick,1053001,0,0,0,0,5000000000,1000000000,10000000000,500000000,1000000000,4611686018427387904,1000,4000,100000,1,0,9223372036854775808,5000000000,5000000000,0,0,0,0,0,0,0,0,9223372036854775808,5000000000,5000000000,0,0,0,0,0,0,0,0
1053000,1,1,1449,1,1,tick,1053001,0,0,0,0,5000000000,1000000000,10000000000,500000000,1000000000,4611686018427387904,1000,4000,100000,1,0,9223372036854775808,5000000000,5000000000,0,0,0,0,0,0,0,0,9223372036854775808,5000000000,5000000000,0,0,0,0,0,0,0,0
1054000,1,0,1450,0,0,tick,1054001,0,0,0,0,5000000000,1000000000,10000000000,500000000,1000000000,4611686018427387904,1000,4000,100000,1,0,9223372036854775808,5000000000,5000000000,0,0,0,0,0,0,0,0,9223372036854775808,5000000000,5000000000,0,0,0,0,0,0,0,0
1054000,1,1,1450,1,1,tick,1054001,0,0,0,0,5000000000,1000000000,10000000000,500000000,1000000000,4611686018427387904,1000,4000,100000,1,0,9223372036854775808,5000000000,5000000000,0,0,0,0,0,0,0,0,9223372036854775808,5000000000,5000000000,0,0,0,0,0,0,0,0
1055000,1,0,1451,0,0,tick,1055001,0,0,0,0,5000000000,1000000000,10000000000,500000000,1000000000,4611686018427387904,1000,4000,100000,1,0,9223372036854775808,5000000000,5000000000,0,0,0,0,0,0,0,0,9223372036854775808,5000000000,5000000000,0,0,0,0,0,0,0,0
1055000,1,1,1451,1,1,tick,1055001,0,0,0,0,5000000000,1000000000,10000000000,500000000,1000000000,4611686018427387904,1000,4000,100000,1,0,9223372036854775808,5000000000,5000000000,0,0,0,0,0,0,0,0,9223372036854775808,5000000000,5000000000,0,0,0,0,0,0,0,0
1056000,1,0,1452,0,0,tick,1056001,0,0,0,0,5000000000,1000000000,10000000000,500000000,1000000000,4611686018427387904,1000,4000,100000,1,0,9223372036854775808,5000000000,5000000000,0,0,0,0,0,0,0,0,9223372036854775808,5000000000,5000000000,0,0,0,0,0,0,0,0
1056000,1,1,1452,1,1,tick,1056001,0,0,0,0,5000000000,1000000000,10000000000,500000000,1000000000,4611686018427387904,1000,4000,100000,1,0,9223372036854775808,5000000000,5000000000,0,0,0,0,0,0,0,0,9223372036854775808,5000000000,5000000000,0,0,0,0,0,0,0,0
1057000,1,0,1453,0,0,tick,1057001,0,0,0,0,5000000000,1000000000,10000000000,500000000,1000000000,4611686018427387904,1000,4000,100000,1,0,9223372036854775808,5000000000,5000000000,0,0,0,0,0,0,0,0,9223372036854775808,5000000000,5000000000,0,0,0,0,0,0,0,0
1057000,1,1,1453,1,1,tick,1057001,0,0,0,0,5000000000,1000000000,10000000000,500000000,1000000000,4611686018427387904,1000,4000,100000,1,0,9223372036854775808,5000000000,5000000000,0,0,0,0,0,0,0,0,9223372036854775808,5000000000,5000000000,0,0,0,0,0,0,0,0
1058000,1,0,1455,0,0,tick,1058001,0,0,0,0,5000000000,1000000000,10000000000,500000000,1000000000,4611686018427387904,1000,4000,100000,1,0,9223372036854775808,5000000000,5000000000,0,0,0,0,0,0,0,0,9223372036854775808,5000000000,5000000000,0,0,0,0,0,0,0,0
1058000,1,1,1455,1,1,tick,1058001,0,0,0,0,5000000000,1000000000,10000000000,500000000,1000000000,4611686018427387904,1000,4000,100000,1,0,9223372036854775808,5000000000,5000000000,0,0,0,0,0,0,0,0,9223372036854775808,5000000000,5000000000,0,0,0,0,0,0,0,0
1059000,1,0,1458,0,0,tick,1059001,0,0,0,0,5000000000,1000000000,10000000000,500000000,1000000000,4611686018427387904,1000,4000,100000,1,0,9223372036854775808,5000000000,5000000000,0,0,0,0,0,0,0,0,9223372036854775808,5000000000,5000000000,0,0,0,0,0,0,0,0
1059000,1,1,1458,1,1,tick,1059001,0,0,0,0,5000000000,1000000000,10000000000,500000000,1000000000,4611686018427387904,1000,4000,100000,1,0,9223372036854775808,5000000000,5000000000,0,0,0,0,0,0,0,0,9223372036854775808,5000000000,5000000000,0,0,0,0,0,0,0,0
1060000,1,0,1459,0,0,tick,1060001,0,0,0,0,5000000000,1000000000,10000000000,500000000,1000000000,4611686018427387904,1000,4000,100000,1,0,9223372036854775808,5000000000,5000000000,0,0,0,0,0,0,0,0,9223372036854775808,5000000000,5000000000,0,0,0,0,0,0,0,0
1060000,1,1,1459,1,1,tick,1060001,0,0,0,0,5000000000,1000000000,10000000000,500000000,1000000000,4611686018427387904,1000,4000,100000,1,0,9223372036854775808,5000000000,5000000000,0,0,0,0,0,0,0,0,9223372036854775808,5000000000,5000000000,0,0,0,0,0,0,0,0
1061000,1,0,1460,0,0,tick,1061001,0,0,0,0,5000000000,1000000000,10000000000,500000000,1000000000,4611686018427387904,1000,4000,100000,1,0,9223372036854775808,5000000000,5000000000,0,0,0,0,0,0,0,0,9223372036854775808,5000000000,5000000000,0,0,0,0,0,0,0,0
1061000,1,1,1460,1,1,tick,1061001,0,0,0,0,5000000000,1000000000,10000000000,500000000,1000000000,4611686018427387904,1000,4000,100000,1,0,9223372036854775808,5000000000,5000000000,0,0,0,0,0,0,0,0,9223372036854775808,5000000000,5000000000,0,0,0,0,0,0,0,0
1062000,1,0,1461,0,0,tick,1062001,0,0,0,0,5000000000,1000000000,10000000000,500000000,1000000000,4611686018427387904,1000,4000,100000,1,0,9223372036854775808,5000000000,5000000000,0,0,0,0,0,0,0,0,9223372036854775808,5000000000,5000000000,0,0,0,0,0,0,0,0
1062000,1,1,1461,1,1,tick,1062001,0,0,0,0,5000000000,1000000000,10000000000,500000000,1000000000,4611686018427387904,1000,4000,100000,1,0,9223372036854775808,5000000000,5000000000,0,0,0,0,0,0,0,0,9223372036854775808,5000000000,5000000000,0,0,0,0,0,0,0,0
1063000,1,0,1462,0,0,tick,1063001,0,0,0,0,5000000000,1000000000,10000000000,500000000,1000000000,4611686018427387904,1000,4000,100000,1,0,9223372036854775808,5000000000,5000000000,0,0,0,0,0,0,0,0,9223372036854775808,5000000000,5000000000,0,0,0,0,0,0,0,0
1063000,1,1,1462,1,1,tick,1063001,0,0,0,0,5000000000,1000000000,10000000000,500000000,1000000000,4611686018427387904,1000,4000,100000,1,0,9223372036854775808,5000000000,5000000000,0,0,0,0,0,0,0,0,9223372036854775808,5000000000,5000000000,0,0,0,0,0,0,0,0
1064000,1,0,1463,0,0,tick,1064001,0,0,0,0,5000000000,1000000000,10000000000,500000000,1000000000,4611686018427387904,1000,4000,100000,1,0,9223372036854775808,5000000000,5000000000,0,0,0,0,0,0,0,0,9223372036854775808,5000000000,5000000000,0,0,0,0,0,0,0,0
1064000,1,1,1463,1,1,tick,1064001,0,0,0,0,5000000000,1000000000,10000000000,500000000,1000000000,4611686018427387904,1000,4000,100000,1,0,9223372036854775808,5000000000,5000000000,0,0,0,0,0,0,0,0,9223372036854775808,5000000000,5000000000,0,0,0,0,0,0,0,0
1065000,1,0,1464,0,0,tick,1065001,0,0,0,0,5000000000,1000000000,10000000000,500000000,1000000000,4611686018427387904,1000,4000,100000,1,0,9223372036854775808,5000000000,5000000000,0,0,0,0,0,0,0,0,9223372036854775808,5000000000,5000000000,0,0,0,0,0,0,0,0
1065000,1,1,1464,1,1,tick,1065001,0,0,0,0,5000000000,1000000000,10000000000,500000000,1000000000,4611686018427387904,1000,4000,100000,1,0,9223372036854775808,5000000000,5000000000,0,0,0,0,0,0,0,0,9223372036854775808,5000000000,5000000000,0,0,0,0,0,0,0,0
1066000,1,0,1466,0,0,tick,1066001,0,0,0,0,5000000000,1000000000,10000000000,500000000,1000000000,4611686018427387904,1000,4000,100000,1,0,9223372036854775808,5000000000,5000000000,0,0,0,0,0,0,0,0,9223372036854775808,5000000000,5000000000,0,0,0,0,0,0,0,0
1066000,1,1,1466,1,1,tick,1066001,0,0,0,0,5000000000,1000000000,10000000000,500000000,1000000000,4611686018427387904,1000,4000,100000,1,0,9223372036854775808,5000000000,5000000000,0,0,0,0,0,0,0,0,9223372036854775808,5000000000,5000000000,0,0,0,0,0,0,0,0
1067000,1,0,1469,0,0,tick,1067001,0,0,0,0,5000000000,1000000000,10000000000,500000000,1000000000,4611686018427387904,1000,4000,100000,1,0,9223372036854775808,5000000000,5000000000,0,0,0,0,0,0,0,0,9223372036854775808,5000000000,5000000000,0,0,0,0,0,0,0,0
1067000,1,1,1469,1,1,tick,1067001,0,0,0,0,5000000000,1000000000,10000000000,500000000,1000000000,4611686018427387904,1000,4000,100000,1,0,9223372036854775808,5000000000,5000000000,0,0,0,0,0,0,0,0,9223372036854775808,5000000000,5000000000,0,0,0,0,0,0,0,0
1068000,1,0,1470,0,0,tick,1068001,0,0,0,0,5000000000,1000000000,10000000000,500000000,1000000000,4611686018427387904,1000,4000,100000,1,0,9223372036854775808,5000000000,5000000000,0,0,0,0,0,0,0,0,9223372036854775808,5000000000,5000000000,0,0,0,0,0,0,0,0
1068000,1,1,1470,1,1,tick,1068001,0,0,0,0,5000000000,1000000000,10000000000,500000000,1000000000,4611686018427387904,1000,4000,100000,1,0,9223372036854775808,5000000000,5000000000,0,0,0,0,0,0,0,0,9223372036854775808,5000000000,5000000000,0,0,0,0,0,0,0,0
1069000,1,0,1471,0,0,tick,1069001,0,0,0,0,5000000000,1000000000,10000000000,500000000,1000000000,4611686018427387904,1000,4000,100000,1,0,9223372036854775808,5000000000,5000000000,0,0,0,0,0,0,0,0,9223372036854775808,5000000000,5000000000,0,0,0,0,0,0,0,0
1069000,1,1,1471,1,1,tick,1069001,0,0,0,0,5000000000,1000000000,10000000000,500000000,1000000000,4611686018427387904,1000,4000,100000,1,0,9223372036854775808,5000000000,5000000000,0,0,0,0,0,0,0,0,9223372036854775808,5000000000,5000000000,0,0,0,0,0,0,0,0
1070000,1,0,1472,0,0,tick,1070001,0,0,0,0,5000000000,1000000000,10000000000,500000000,1000000000,4611686018427387904,1000,4000,100000,1,0,9223372036854775808,5000000000,5000000000,0,0,0,0,0,0,0,0,9223372036854775808,5000000000,5000000000,0,0,0,0,0,0,0,0
1070000,1,1,1472,1,1,tick,1070001,0,0,0,0,5000000000,1000000000,10000000000,500000000,1000000000,4611686018427387904,1000,4000,100000,1,0,9223372036854775808,5000000000,5000000000,0,0,0,0,0,0,0,0,9223372036854775808,5000000000,5000000000,0,0,0,0,0,0,0,0
1071000,1,0,1473,0,0,tick,1071001,0,0,0,0,5000000000,1000000000,10000000000,500000000,1000000000,4611686018427387904,1000,4000,100000,1,0,9223372036854775808,5000000000,5000000000,0,0,0,0,0,0,0,0,9223372036854775808,5000000000,5000000000,0,0,0,0,0,0,0,0
1071000,1,1,1473,1,1,tick,1071001,0,0,0,0,5000000000,1000000000,10000000000,500000000,1000000000,4611686018427387904,1000,4000,100000,1,0,9223372036854775808,5000000000,5000000000,0,0,0,0,0,0,0,0,9223372036854775808,5000000000,5000000000,0,0,0,0,0,0,0,0
1072000,1,0,1474,0,0,tick,1072001,0,0,0,0,5000000000,1000000000,10000000000,500000000,1000000000,4611686018427387904,1000,4000,100000,1,0,9223372036854775808,5000000000,5000000000,0,0,0,0,0,0,0,0,9223372036854775808,5000000000,5000000000,0,0,0,0,0,0,0,0
1072000,1,1,1474,1,1,tick,1072001,0,0,0,0,5000000000,1000000000,10000000000,500000000,1000000000,4611686018427387904,1000,4000,100000,1,0,9223372036854775808,5000000000,5000000000,0,0,0,0,0,0,0,0,9223372036854775808,5000000000,5000000000,0,0,0,0,0,0,0,0
1073000,1,0,1475,0,0,tick,1073001,0,0,0,0,5000000000,1000000000,10000000000,500000000,1000000000,4611686018427387904,1000,4000,100000,1,0,9223372036854775808,5000000000,5000000000,0,0,0,0,0,0,0,0,9223372036854775808,5000000000,5000000000,0,0,0,0,0,0,0,0
1073000,1,1,1475,1,1,tick,1073001,0,0,0,0,5000000000,1000000000,10000000000,500000000,1000000000,4611686018427387904,1000,4000,100000,1,0,9223372036854775808,5000000000,5000000000,0,0,0,0,0,0,0,0,9223372036854775808,5000000000,5000000000,0,0,0,0,0,0,0,0
1074000,1,0,1477,0,0,tick,1074001,0,0,0,0,5000000000,1000000000,10000000000,500000000,1000000000,4611686018427387904,1000,4000,100000,1,0,9223372036854775808,5000000000,5000000000,0,0,0,0,0,0,0,0,9223372036854775808,5000000000,5000000000,0,0,0,0,0,0,0,0
1074000,1,1,1477,1,1,tick,1074001,0,0,0,0,5000000000,1000000000,10000000000,500000000,1000000000,4611686018427387904,1000,4000,100000,1,0,9223372036854775808,5000000000,5000000000,0,0,0,0,0,0,0,0,9223372036854775808,5000000000,5000000000,0,0,0,0,0,0,0,0
1075000,1,0,1480,0,0,tick,1075001,0,0,0,0,5000000000,1000000000,10000000000,500000000,1000000000,4611686018427387904,1000,4000,100000,1,0,9223372036854775808,5000000000,5000000000,0,0,0,0,0,0,0,0,9223372036854775808,5000000000,5000000000,0,0,0,0,0,0,0,0
1075000,1,1,1480,1,1,tick,1075001,0,0,0,0,5000000000,1000000000,10000000000,500000000,1000000000,4611686018427387904,1000,4000,100000,1,0,9223372036854775808,5000000000,5000000000,0,0,0,0,0,0,0,0,9223372036854775808,5000000000,5000000000,0,0,0,0,0,0,0,0
1076000,1,0,1481,0,0,tick,1076001,0,0,0,0,5000000000,1000000000,10000000000,500000000,1000000000,4611686018427387904,1000,4000,100000,1,0,9223372036854775808,5000000000,5000000000,0,0,0,0,0,0,0,0,9223372036854775808,5000000000,5000000000,0,0,0,0,0,0,0,0
1076000,1,1,1481,1,1,tick,1076001,0,0,0,0,5000000000,1000000000,10000000000,500000000,1000000000,4611686018427387904,1000,4000,100000,1,0,9223372036854775808,5000000000,5000000000,0,0,0,0,0,0,0,0,9223372036854775808,5000000000,5000000000,0,0,0,0,0,0,0,0
1077000,1,0,1482,0,0,tick,1077001,0,0,0,0,5000000000,1000000000,10000000000,500000000,1000000000,4611686018427387904,1000,4000,100000,1,0,9223372036854775808,5000000000,5000000000,0,0,0,0,0,0,0,0,9223372036854775808,5000000000,5000000000,0,0,0,0,0,0,0,0
1077000,1,1,1482,1,1,tick,1077001,0,0,0,0,5000000000,1000000000,10000000000,500000000,1000000000,4611686018427387904,1000,4000,100000,1,0,9223372036854775808,5000000000,5000000000,0,0,0,0,0,0,0,0,9223372036854775808,5000000000,5000000000,0,0,0,0,0,0,0,0
1078000,1,0,1483,0,0,tick,1078001,0,0,0,0,5000000000,1000000000,10000000000,500000000,1000000000,4611686018427387904,1000,4000,100000,1,0,9223372036854775808,5000000000,5000000000,0,0,0,0,0,0,0,0,9223372036854775808,5000000000,5000000000,0,0,0,0,0,0,0,0
1078000,1,1,1483,1,1,tick,1078001,0,0,0,0,5000000000,1000000000,10000000000,500000000,1000000000,4611686018427387904,1000,4000,100000,1,0,9223372036854775808,5000000000,5000000000,0,0,0,0,0,0,0,0,9223372036854775808,5000000000,5000000000,0,0,0,0,0,0,0,0
1079000,1,0,1484,0,0,tick,1079001,0,0,0,0,5000000000,1000000000,10000000000,500000000,1000000000,4611686018427387904,1000,4000,100000,1,0,9223372036854775808,5000000000,5000000000,0,0,0,0,0,0,0,0,9223372036854775808,5000000000,5000000000,0,0,0,0,0,0,0,0
1079000,1,1,1484,1,1,tick,1079001,0,0,0,0,5000000000,1000000000,10000000000,500000000,1000000000,4611686018427387904,1000,4000,100000,1,0,9223372036854775808,5000000000,5000000000,0,0,0,0,0,0,0,0,9223372036854775808,5000000000,5000000000,0,0,0,0,0,0,0,0
1080000,1,0,1485,0,0,tick,1080001,0,0,0,0,5000000000,1000000000,10000000000,500000000,1000000000,4611686018427387904,1000,4000,100000,1,0,9223372036854775808,5000000000,5000000000,0,0,0,0,0,0,0,0,9223372036854775808,5000000000,5000000000,0,0,0,0,0,0,0,0
1080000,1,1,1485,1,1,tick,1080001,0,0,0,0,5000000000,1000000000,10000000000,500000000,1000000000,4611686018427387904,1000,4000,100000,1,0,9223372036854775808,5000000000,5000000000,0,0,0,0,0,0,0,0,9223372036854775808,5000000000,5000000000,0,0,0,0,0,0,0,0
1081000,1,0,1486,0,0,tick,1081001,0,0,0,0,5000000000,1000000000,10000000000,500000000,1000000000,4611686018427387904,1000,4000,100000,1,0,9223372036854775808,5000000000,5000000000,0,0,0,0,0,0,0,0,9223372036854775808,5000000000,5000000000,0,0,0,0,0,0,0,0
1081000,1,1,1486,1,1,tick,1081001,0,0,0,0,5000000000,1000000000,10000000000,500000000,1000000000,4611686018427387904,1000,4000,100000,1,0,9223372036854775808,5000000000,5000000000,0,0,0,0,0,0,0,0,9223372036854775808,5000000000,5000000000,0,0,0,0,0,0,0,0
1082000,1,0,1488,0,0,tick,1082001,0,0,0,0,5000000000,1000000000,10000000000,500000000,1000000000,4611686018427387904,1000,4000,100000,1,0,9223372036854775808,5000000000,5000000000,0,0,0,0,0,0,0,0,9223372036854775808,5000000000,5000000000,0,0,0,0,0,0,0,0
1082000,1,1,1488,1,1,tick,1082001,0,0,0,0,5000000000,1000000000,10000000000,500000000,1000000000,4611686018427387904,1000,4000,100000,1,0,9223372036854775808,5000000000,5000000000,0,0,0,0,0,0,0,0,9223372036854775808,5000000000,5000000000,0,0,0,0,0,0,0,0
1083000,1,0,1491,0,0,tick,1083001,0,0,0,0,5000000000,1000000000,10000000000,500000000,1000000000,4611686018427387904,1000,4000,100000,1,0,9223372036854775808,5000000000,5000000000,0,0,0,0,0,0,0,0,9223372036854775808,5000000000,5000000000,0,0,0,0,0,0,0,0
1083000,1,1,1491,1,1,tick,1083001,0,0,0,0,5000000000,1000000000,10000000000,500000000,1000000000,4611686018427387904,1000,4000,100000,1,0,9223372036854775808,5000000000,5000000000,0,0,0,0,0,0,0,0,9223372036854775808,5000000000,5000000000,0,0,0,0,0,0,0,0
1084000,1,0,1492,0,0,tick,1084001,0,0,0,0,5000000000,1000000000,10000000000,500000000,1000000000,4611686018427387904,1000,4000,100000,1,0,9223372036854775808,5000000000,5000000000,0,0,0,0,0,0,0,0,9223372036854775808,5000000000,5000000000,0,0,0,0,0,0,0,0
1084000,1,1,1492,1,1,tick,1084001,0,0,0,0,5000000000,1000000000,10000000000,500000000,1000000000,4611686018427387904,1000,4000,100000,1,0,9223372036854775808,5000000000,5000000000,0,0,0,0,0,0,0,0,9223372036854775808,5000000000,5000000000,0,0,0,0,0,0,0,0
1085000,1,0,1493,0,0,tick,1085001,0,0,0,0,5000000000,1000000000,10000000000,500000000,1000000000,4611686018427387904,1000,4000,100000,1,0,9223372036854775808,5000000000,5000000000,0,0,0,0,0,0,0,0,9223372036854775808,5000000000,5000000000,0,0,0,0,0,0,0,0
1085000,1,1,1493,1,1,tick,1085001,0,0,0,0,5000000000,1000000000,10000000000,500000000,1000000000,4611686018427387904,1000,4000,100000,1,0,9223372036854775808,5000000000,5000000000,0,0,0,0,0,0,0,0,9223372036854775808,5000000000,5000000000,0,0,0,0,0,0,0,0
1086000,1,0,1494,0,0,tick,1086001,0,0,0,0,5000000000,1000000000,10000000000,500000000,1000000000,4611686018427387904,1000,4000,100000,1,0,9223372036854775808,5000000000,5000000000,0,0,0,0,0,0,0,0,9223372036854775808,5000000000,5000000000,0,0,0,0,0,0,0,0
1086000,1,1,1494,1,1,tick,1086001,0,0,0,0,5000000000,1000000000,10000000000,500000000,1000000000,4611686018427387904,1000,4000,100000,1,0,9223372036854775808,5000000000,5000000000,0,0,0,0,0,0,0,0,9223372036854775808,5000000000,5000000000,0,0,0,0,0,0,0,0
1087000,1,0,1495,0,0,tick,1087001,0,0,0,0,5000000000,1000000000,10000000000,500000000,1000000000,4611686018427387904,1000,4000,100000,1,0,9223372036854775808,5000000000,5000000000,0,0,0,0,0,0,0,0,9223372036854775808,5000000000,5000000000,0,0,0,0,0,0,0,0
1087000,1,1,1495,1,1,tick,1087001,0,0,0,0,5000000000,1000000000,10000000000,500000000,1000000000,4611686018427387904,1000,4000,100000,1,0,9223372036854775808,5000000000,5000000000,0,0,0,0,0,0,0,0,9223372036854775808,5000000000,5000000000,0,0,0,0,0,0,0,0
1088000,1,0,1496,0,0,tick,1088001,0,0,0,0,5000000000,1000000000,10000000000,500000000,1000000000,4611686018427387904,1000,4000,100000,1,0,9223372036854775808,5000000000,5000000000,0,0,0,0,0,0,0,0,9223372036854775808,5000000000,5000000000,0,0,0,0,0,0,0,0
1088000,1,1,1496,1,1,tick,1088001,0,0,0,0,5000000000,1000000000,10000000000,500000000,1000000000,4611686018427387904,1000,4000,100000,1,0,9223372036854775808,5000000000,5000000000,0,0,0,0,0,0,0,0,9223372036854775808,5000000000,5000000000,0,0,0,0,0,0,0,0
1089000,1,0,1497,0,0,tick,1089001,0,0,0,0,5000000000,1000000000,10000000000,500000000,1000000000,4611686018427387904,1000,4000,100000,1,0,9223372036854775808,5000000000,5000000000,0,0,0,0,0,0,0,0,9223372036854775808,5000000000,5000000000,0,0,0,0,0,0,0,0
1089000,1,1,1497,1,1,tick,1089001,0,0,0,0,5000000000,1000000000,10000000000,500000000,1000000000,4611686018427387904,1000,4000,100000,1,0,9223372036854775808,5000000000,5000000000,0,0,0,0,0,0,0,0,9223372036854775808,5000000000,5000000000,0,0,0,0,0,0,0,0
1090000,1,0,1499,0,0,tick,1090001,0,0,0,0,5000000000,1000000000,10000000000,500000000,1000000000,4611686018427387904,1000,4000,100000,1,0,9223372036854775808,5000000000,5000000000,0,0,0,0,0,0,0,0,9223372036854775808,5000000000,5000000000,0,0,0,0,0,0,0,0
1090000,1,1,1499,1,1,tick,1090001,0,0,0,0,5000000000,1000000000,10000000000,500000000,1000000000,4611686018427387904,1000,4000,100000,1,0,9223372036854775808,5000000000,5000000000,0,0,0,0,0,0,0,0,9223372036854775808,5000000000,5000000000,0,0,0,0,0,0,0,0
1091000,1,0,1502,0,0,tick,1091001,0,0,0,0,5000000000,1000000000,10000000000,500000000,1000000000,4611686018427387904,1000,4000,100000,1,0,9223372036854775808,5000000000,5000000000,0,0,0,0,0,0,0,0,9223372036854775808,5000000000,5000000000,0,0,0,0,0,0,0,0
1091000,1,1,1502,1,1,tick,1091001,0,0,0,0,5000000000,1000000000,10000000000,500000000,1000000000,4611686018427387904,1000,4000,100000,1,0,9223372036854775808,5000000000,5000000000,0,0,0,0,0,0,0,0,9223372036854775808,5000000000,5000000000,0,0,0,0,0,0,0,0
1092000,1,0,1503,0,0,tick,1092001,0,0,0,0,5000000000,1000000000,10000000000,500000000,1000000000,4611686018427387904,1000,4000,100000,1,0,9223372036854775808,5000000000,5000000000,0,0,0,0,0,0,0,0,9223372036854775808,5000000000,5000000000,0,0,0,0,0,0,0,0
1092000,1,1,1503,1,1,tick,1092001,0,0,0,0,5000000000,1000000000,10000000000,500000000,1000000000,4611686018427387904,1000,4000,100000,1,0,9223372036854775808,5000000000,5000000000,0,0,0,0,0,0,0,0,9223372036854775808,5000000000,5000000000,0,0,0,0,0,0,0,0
1093000,1,0,1504,0,0,tick,1093001,0,0,0,0,5000000000,1000000000,10000000000,500000000,1000000000,4611686018427387904,1000,4000,100000,1,0,9223372036854775808,5000000000,5000000000,0,0,0,0,0,0,0,0,9223372036854775808,5000000000,5000000000,0,0,0,0,0,0,0,0
1093000,1,1,1504,1,1,tick,1093001,0,0,0,0,5000000000,1000000000,10000000000,500000000,1000000000,4611686018427387904,1000,4000,100000,1,0,9223372036854775808,5000000000,5000000000,0,0,0,0,0,0,0,0,9223372036854775808,5000000000,5000000000,0,0,0,0,0,0,0,0
1094000,1,0,1505,0,0,tick,1094001,0,0,0,0,5000000000,1000000000,10000000000,500000000,1000000000,4611686018427387904,1000,4000,100000,1,0,9223372036854775808,5000000000,5000000000,0,0,0,0,0,0,0,0,9223372036854775808,5000000000,5000000000,0,0,0,0,0,0,0,0
1094000,1,1,1505,1,1,tick,1094001,0,0,0,0,5000000000,1000000000,10000000000,500000000,1000000000,4611686018427387904,1000,4000,100000,1,0,9223372036854775808,5000000000,5000000000,0,0,0,0,0,0,0,0,9223372036854775808,5000000000,5000000000,0,0,0,0,0,0,0,0
1095000,1,0,1506,0,0,tick,1095001,0,0,0,0,5000000000,1000000000,10000000000,500000000,1000000000,4611686018427387904,1000,4000,100000,1,0,9223372036854775808,5000000000,5000000000,0,0,0,0,0,0,0,0,9223372036854775808,5000000000,5000000000,0,0,0,0,0,0,0,0
1095000,1,1,1506,1,1,tick,1095001,0,0,0,0,5000000000,1000000000,10000000000,500000000,1000000000,4611686018427387904,1000,4000,100000,1,0,9223372036854775808,5000000000,5000000000,0,0,0,0,0,0,0,0,9223372036854775808,5000000000,5000000000,0,0,0,0,0,0,0,0
1096000,1,0,1507,0,0,tick,1096001,0,0,0,0,5000000000,1000000000,10000000000,500000000,1000000000,4611686018427387904,1000,4000,100000,1,0,9223372036854775808,5000000000,5000000000,0,0,0,0,0,0,0,0,9223372036854775808,5000000000,5000000000,0,0,0,0,0,0,0,0
1096000,1,1,1507,1,1,tick,1096001,0,0,0,0,5000000000,1000000000,10000000000,500000000,1000000000,4611686018427387904,1000,4000,100000,1,0,9223372036854775808,5000000000,5000000000,0,0,0,0,0,0,0,0,9223372036854775808,5000000000,5000000000,0,0,0,0,0,0,0,0
1097000,1,0,1508,0,0,tick,1097001,0,0,0,0,5000000000,1000000000,10000000000,500000000,1000000000,4611686018427387904,1000,4000,100000,1,0,9223372036854775808,5000000000,5000000000,0,0,0,0,0,0,0,0,9223372036854775808,5000000000,5000000000,0,0,0,0,0,0,0,0
1097000,1,1,1508,1,1,tick,1097001,0,0,0,0,5000000000,1000000000,10000000000,500000000,1000000000,4611686018427387904,1000,4000,100000,1,0,9223372036854775808,5000000000,5000000000,0,0,0,0,0,0,0,0,9223372036854775808,5000000000,5000000000,0,0,0,0,0,0,0,0
1098000,1,0,1510,0,0,tick,1098001,0,0,0,0,5000000000,1000000000,10000000000,500000000,1000000000,4611686018427387904,1000,4000,100000,1,0,9223372036854775808,5000000000,5000000000,0,0,0,0,0,0,0,0,9223372036854775808,5000000000,5000000000,0,0,0,0,0,0,0,0
1098000,1,1,1510,1,1,tick,1098001,0,0,0,0,5000000000,1000000000,10000000000,500000000,1000000000,4611686018427387904,1000,4000,100000,1,0,9223372036854775808,5000000000,5000000000,0,0,0,0,0,0,0,0,9223372036854775808,5000000000,5000000000,0,0,0,0,0,0,0,0
1099000,1,0,1513,0,0,tick,1099001,0,0,0,0,5000000000,1000000000,10000000000,500000000,1000000000,4611686018427387904,1000,4000,100000,1,0,9223372036854775808,5000000000,5000000000,0,0,0,0,0,0,0,0,9223372036854775808,5000000000,5000000000,0,0,0,0,0,0,0,0
1099000,1,1,1513,1,1,tick,1099001,0,0,0,0,5000000000,1000000000,10000000000,500000000,1000000000,4611686018427387904,1000,4000,100000,1,0,9223372036854775808,5000000000,5000000000,0,0,0,0,0,0,0,0,9223372036854775808,5000000000,5000000000,0,0,0,0,0,0,0,0
1100000,1,0,1514,0,0,tick,1100001,0,0,0,0,5000000000,1000000000,10000000000,500000000,1000000000,4611686018427387904,1000,4000,100000,1,0,9223372036854775808,5000000000,5000000000,0,0,0,0,0,0,0,0,9223372036854775808,5000000000,5000000000,0,0,0,0,0,0,0,0
1100000,1,1,1514,1,1,tick,1100001,0,0,0,0,5000000000,1000000000,10000000000,500000000,1000000000,4611686018427387904,1000,4000,100000,1,0,9223372036854775808,5000000000,5000000000,0,0,0,0,0,0,0,0,9223372036854775808,5000000000,5000000000,0,0,0,0,0,0,0,0
1101000,1,0,1515,0,0,tick,1101001,0,0,0,0,5000000000,1000000000,10000000000,500000000,1000000000,4611686018427387904,1000,4000,100000,1,0,9223372036854775808,5000000000,5000000000,0,0,0,0,0,0,0,0,9223372036854775808,5000000000,5000000000,0,0,0,0,0,0,0,0
1101000,1,1,1515,1,1,tick,1101001,0,0,0,0,5000000000,1000000000,10000000000,500000000,1000000000,4611686018427387904,1000,4000,100000,1,0,9223372036854775808,5000000000,5000000000,0,0,0,0,0,0,0,0,9223372036854775808,5000000000,5000000000,0,0,0,0,0,0,0,0
1102000,1,0,1516,0,0,tick,1102001,0,0,0,0,5000000000,1000000000,10000000000,500000000,1000000000,4611686018427387904,1000,4000,100000,1,0,9223372036854775808,5000000000,5000000000,0,0,0,0,0,0,0,0,9223372036854775808,5000000000,5000000000,0,0,0,0,0,0,0,0
1102000,1,1,1516,1,1,tick,1102001,0,0,0,0,5000000000,1000000000,10000000000,500000000,1000000000,4611686018427387904,1000,4000,100000,1,0,9223372036854775808,5000000000,5000000000,0,0,0,0,0,0,0,0,9223372036854775808,5000000000,5000000000,0,0,0,0,0,0,0,0
1103000,1,0,1517,0,0,tick,1103001,0,0,0,0,5000000000,1000000000,10000000000,500000000,1000000000,4611686018427387904,1000,4000,100000,1,0,9223372036854775808,5000000000,5000000000,0,0,0,0,0,0,0,0,9223372036854775808,5000000000,5000000000,0,0,0,0,0,0,0,0
1103000,1,1,1517,1,1,tick,1103001,0,0,0,0,5000000000,1000000000,10000000000,500000000,1000000000,4611686018427387904,1000,4000,100000,1,0,9223372036854775808,5000000000,5000000000,0,0,0,0,0,0,0,0,9223372036854775808,5000000000,5000000000,0,0,0,0,0,0,0,0
1104000,1,0,1518,0,0,tick,1104001,0,0,0,0,5000000000,1000000000,10000000000,500000000,1000000000,4611686018427387904,1000,4000,100000,1,0,9223372036854775808,5000000000,5000000000,0,0,0,0,0,0,0,0,9223372036854775808,5000000000,5000000000,0,0,0,0,0,0,0,0
1104000,1,1,1518,1,1,tick,1104001,0,0,0,0,5000000000,1000000000,10000000000,500000000,1000000000,4611686018427387904,1000,4000,100000,1,0,9223372036854775808,5000000000,5000000000,0,0,0,0,0,0,0,0,9223372036854775808,5000000000,5000000000,0,0,0,0,0,0,0,0
1105000,1,0,1519,0,0,tick,1105001,0,0,0,0,5000000000,1000000000,10000000000,500000000,1000000000,4611686018427387904,1000,4000,100000,1,0,9223372036854775808,5000000000,5000000000,0,0,0,0,0,0,0,0,9223372036854775808,5000000000,5000000000,0,0,0,0,0,0,0,0
1105000,1,1,1519,1,1,tick,1105001,0,0,0,0,5000000000,1000000000,10000000000,500000000,1000000000,4611686018427387904,1000,4000,100000,1,0,9223372036854775808,5000000000,5000000000,0,0,0,0,0,0,0,0,9223372036854775808,5000000000,5000000000,0,0,0,0,0,0,0,0
1106000,1,0,1521,0,0,tick,1106001,0,0,0,0,5000000000,1000000000,10000000000,500000000,1000000000,4611686018427387904,1000,4000,100000,1,0,9223372036854775808,5000000000,5000000000,0,0,0,0,0,0,0,0,9223372036854775808,5000000000,5000000000,0,0,0,0,0,0,0,0
1106000,1,1,1521,1,1,tick,1106001,0,0,0,0,5000000000,1000000000,10000000000,500000000,1000000000,4611686018427387904,1000,4000,100000,1,0,9223372036854775808,5000000000,5000000000,0,0,0,0,0,0,0,0,9223372036854775808,5000000000,5000000000,0,0,0,0,0,0,0,0
1107000,1,0,1524,0,0,tick,1107001,0,0,0,0,5000000000,1000000000,10000000000,500000000,1000000000,4611686018427387904,1000,4000,100000,1,0,9223372036854775808,5000000000,5000000000,0,0,0,0,0,0,0,0,9223372036854775808,5000000000,5000000000,0,0,0,0,0,0,0,0
1107000,1,1,1524,1,1,tick,1107001,0,0,0,0,5000000000,1000000000,10000000000,500000000,1000000000,4611686018427387904,1000,4000,100000,1,0,9223372036854775808,5000000000,5000000000,0,0,0,0,0,0,0,0,9223372036854775808,5000000000,5000000000,0,0,0,0,0,0,0,0
1108000,1,0,1525,0,0,tick,1108001,0,0,0,0,5000000000,1000000000,10000000000,500000000,1000000000,4611686018427387904,1000,4000,100000,1,0,9223372036854775808,5000000000,5000000000,0,0,0,0,0,0,0,0,9223372036854775808,5000000000,5000000000,0,0,0,0,0,0,0,0
1108000,1,1,1525,1,1,tick,1108001,0,0,0,0,5000000000,1000000000,10000000000,500000000,1000000000,4611686018427387904,1000,4000,100000,1,0,9223372036854775808,5000000000,5000000000,0,0,0,0,0,0,0,0,9223372036854775808,5000000000,5000000000,0,0,0,0,0,0,0,0
1109000,1,0,1526,0,0,tick,1109001,0,0,0,0,5000000000,1000000000,10000000000,500000000,1000000000,4611686018427387904,1000,4000,100000,1,0,9223372036854775808,5000000000,5000000000,0,0,0,0,0,0,0,0,9223372036854775808,5000000000,5000000000,0,0,0,0,0,0,0,0
1109000,1,1,1526,1,1,tick,1109001,0,0,0,0,5000000000,1000000000,10000000000,500000000,1000000000,4611686018427387904,1000,4000,100000,1,0,9223372036854775808,5000000000,5000000000,0,0,0,0,0,0,0,0,9223372036854775808,5000000000,5000000000,0,0,0,0,0,0,0,0
1110000,1,0,1527,0,0,tick,1110001,0,0,0,0,5000000000,1000000000,10000000000,500000000,1000000000,4611686018427387904,1000,4000,100000,1,0,9223372036854775808,5000000000,5000000000,0,0,0,0,0,0,0,0,9223372036854775808,5000000000,5000000000,0,0,0,0,0,0,0,0
1110000,1,1,1527,1,1,tick,1110001,0,0,0,0,5000000000,1000000000,10000000000,500000000,1000000000,4611686018427387904,1000,4000,100000,1,0,9223372036854775808,5000000000,5000000000,0,0,0,0,0,0,0,0,9223372036854775808,5000000000,5000000000,0,0,0,0,0,0,0,0
1111000,1,0,1528,0,0,tick,1111001,0,0,0,0,5000000000,1000000000,10000000000,500000000,1000000000,4611686018427387904,1000,4000,100000,1,0,9223372036854775808,5000000000,5000000000,0,0,0,0,0,0,0,0,9223372036854775808,5000000000,5000000000,0,0,0,0,0,0,0,0
1111000,1,1,1528,1,1,tick,1111001,0,0,0,0,5000000000,1000000000,10000000000,500000000,1000000000,4611686018427387904,1000,4000,100000,1,0,9223372036854775808,5000000000,5000000000,0,0,0,0,0,0,0,0,9223372036854775808,5000000000,5000000000,0,0,0,0,0,0,0,0
1112000,1,0,1529,0,0,tick,1112001,0,0,0,0,5000000000,1000000000,10000000000,500000000,1000000000,4611686018427387904,1000,4000,100000,1,0,9223372036854775808,5000000000,5000000000,0,0,0,0,0,0,0,0,9223372036854775808,5000000000,5000000000,0,0,0,0,0,0,0,0
1112000,1,1,1529,1,1,tick,1112001,0,0,0,0,5000000000,1000000000,10000000000,500000000,1000000000,4611686018427387904,1000,4000,100000,1,0,9223372036854775808,5000000000,5000000000,0,0,0,0,0,0,0,0,9223372036854775808,5000000000,5000000000,0,0,0,0,0,0,0,0
1113000,1,0,1530,0,0,tick,1113001,0,0,0,0,5000000000,1000000000,10000000000,500000000,1000000000,4611686018427387904,1000,4000,100000,1,0,9223372036854775808,5000000000,5000000000,0,0,0,0,0,0,0,0,9223372036854775808,5000000000,5000000000,0,0,0,0,0,0,0,0
1113000,1,1,1530,1,1,tick,1113001,0,0,0,0,5000000000,1000000000,10000000000,500000000,1000000000,4611686018427387904,1000,4000,100000,1,0,9223372036854775808,5000000000,5000000000,0,0,0,0,0,0,0,0,9223372036854775808,5000000000,5000000000,0,0,0,0,0,0,0,0
1114000,1,0,1532,0,0,tick,1114001,0,0,0,0,5000000000,1000000000,10000000000,500000000,1000000000,4611686018427387904,1000,4000,100000,1,0,9223372036854775808,5000000000,5000000000,0,0,0,0,0,0,0,0,9223372036854775808,5000000000,5000000000,0,0,0,0,0,0,0,0
1114000,1,1,1532,1,1,tick,1114001,0,0,0,0,5000000000,1000000000,10000000000,500000000,1000000000,4611686018427387904,1000,4000,100000,1,0,9223372036854775808,5000000000,5000000000,0,0,0,0,0,0,0,0,9223372036854775808,5000000000,5000000000,0,0,0,0,0,0,0,0
1115000,1,0,1535,0,0,tick,1115001,0,0,0,0,5000000000,1000000000,10000000000,500000000,1000000000,4611686018427387904,1000,4000,100000,1,0,9223372036854775808,5000000000,5000000000,0,0,0,0,0,0,0,0,9223372036854775808,5000000000,5000000000,0,0,0,0,0,0,0,0
1115000,1,1,1535,1,1,tick,1115001,0,0,0,0,5000000000,1000000000,10000000000,500000000,1000000000,4611686018427387904,1000,4000,100000,1,0,9223372036854775808,5000000000,5000000000,0,0,0,0,0,0,0,0,9223372036854775808,5000000000,5000000000,0,0,0,0,0,0,0,0
1116000,1,0,1536,0,0,tick,1116001,0,0,0,0,5000000000,1000000000,10000000000,500000000,1000000000,4611686018427387904,1000,4000,100000,1,0,9223372036854775808,5000000000,5000000000,0,0,0,0,0,0,0,0,9223372036854775808,5000000000,5000000000,0,0,0,0,0,0,0,0
1116000,1,1,1536,1,1,tick,1116001,0,0,0,0,5000000000,1000000000,10000000000,500000000,1000000000,4611686018427387904,1000,4000,100000,1,0,9223372036854775808,5000000000,5000000000,0,0,0,0,0,0,0,0,9223372036854775808,5000000000,5000000000,0,0,0,0,0,0,0,0
1117000,1,0,1537,0,0,tick,1117001,0,0,0,0,5000000000,1000000000,10000000000,500000000,1000000000,4611686018427387904,1000,4000,100000,1,0,9223372036854775808,5000000000,5000000000,0,0,0,0,0,0,0,0,9223372036854775808,5000000000,5000000000,0,0,0,0,0,0,0,0
1117000,1,1,1537,1,1,tick,1117001,0,0,0,0,5000000000,1000000000,10000000000,500000000,1000000000,4611686018427387904,1000,4000,100000,1,0,9223372036854775808,5000000000,5000000000,0,0,0,0,0,0,0,0,9223372036854775808,5000000000,5000000000,0,0,0,0,0,0,0,0
1118000,1,0,1538,0,0,tick,1118001,0,0,0,0,5000000000,1000000000,10000000000,500000000,1000000000,4611686018427387904,1000,4000,100000,1,0,9223372036854775808,5000000000,5000000000,0,0,0,0,0,0,0,0,9223372036854775808,5000000000,5000000000,0,0,0,0,0,0,0,0
1118000,1,1,1538,1,1,tick,1118001,0,0,0,0,5000000000,1000000000,10000000000,500000000,1000000000,4611686018427387904,1000,4000,100000,1,0,9223372036854775808,5000000000,5000000000,0,0,0,0,0,0,0,0,9223372036854775808,5000000000,5000000000,0,0,0,0,0,0,0,0
1119000,1,0,1539,0,0,tick,1119001,0,0,0,0,5000000000,1000000000,10000000000,500000000,1000000000,4611686018427387904,1000,4000,100000,1,0,9223372036854775808,5000000000,5000000000,0,0,0,0,0,0,0,0,9223372036854775808,5000000000,5000000000,0,0,0,0,0,0,0,0
1119000,1,1,1539,1,1,tick,1119001,0,0,0,0,5000000000,1000000000,10000000000,500000000,1000000000,4611686018427387904,1000,4000,100000,1,0,9223372036854775808,5000000000,5000000000,0,0,0,0,0,0,0,0,9223372036854775808,5000000000,5000000000,0,0,0,0,0,0,0,0
1120000,1,0,1540,0,0,tick,1120001,0,0,0,0,5000000000,1000000000,10000000000,500000000,1000000000,4611686018427387904,1000,4000,100000,1,0,9223372036854775808,5000000000,5000000000,0,0,0,0,0,0,0,0,9223372036854775808,5000000000,5000000000,0,0,0,0,0,0,0,0
1120000,1,1,1540,1,1,tick,1120001,0,0,0,0,5000000000,1000000000,10000000000,500000000,1000000000,4611686018427387904,1000,4000,100000,1,0,9223372036854775808,5000000000,5000000000,0,0,0,0,0,0,0,0,9223372036854775808,5000000000,5000000000,0,0,0,0,0,0,0,0
1121000,1,0,1541,0,0,tick,1121001,0,0,0,0,5000000000,1000000000,10000000000,500000000,1000000000,4611686018427387904,1000,4000,100000,1,0,9223372036854775808,5000000000,5000000000,0,0,0,0,0,0,0,0,9223372036854775808,5000000000,5000000000,0,0,0,0,0,0,0,0
1121000,1,1,1541,1,1,tick,1121001,0,0,0,0,5000000000,1000000000,10000000000,500000000,1000000000,4611686018427387904,1000,4000,100000,1,0,9223372036854775808,5000000000,5000000000,0,0,0,0,0,0,0,0,9223372036854775808,5000000000,5000000000,0,0,0,0,0,0,0,0
1122000,1,0,1543,0,0,tick,1122001,0,0,0,0,5000000000,1000000000,10000000000,500000000,1000000000,4611686018427387904,1000,4000,100000,1,0,9223372036854775808,5000000000,5000000000,0,0,0,0,0,0,0,0,9223372036854775808,5000000000,5000000000,0,0,0,0,0,0,0,0
1122000,1,1,1543,1,1,tick,1122001,0,0,0,0,5000000000,1000000000,10000000000,500000000,1000000000,4611686018427387904,1000,4000,100000,1,0,9223372036854775808,5000000000,5000000000,0,0,0,0,0,0,0,0,9223372036854775808,5000000000,5000000000,0,0,0,0,0,0,0,0
1123000,1,0,1546,0,0,tick,1123001,0,0,0,0,5000000000,1000000000,10000000000,500000000,1000000000,4611686018427387904,1000,4000,100000,1,0,9223372036854775808,5000000000,5000000000,0,0,0,0,0,0,0,0,9223372036854775808,5000000000,5000000000,0,0,0,0,0,0,0,0
1123000,1,1,1546,1,1,tick,1123001,0,0,0,0,5000000000,1000000000,10000000000,500000000,1000000000,4611686018427387904,1000,4000,100000,1,0,9223372036854775808,5000000000,5000000000,0,0,0,0,0,0,0,0,9223372036854775808,5000000000,5000000000,0,0,0,0,0,0,0,0
1124000,1,0,1547,0,0,tick,1124001,0,0,0,0,5000000000,1000000000,10000000000,500000000,1000000000,4611686018427387904,1000,4000,100000,1,0,9223372036854775808,5000000000,5000000000,0,0,0,0,0,0,0,0,9223372036854775808,5000000000,5000000000,0,0,0,0,0,0,0,0
1124000,1,1,1547,1,1,tick,1124001,0,0,0,0,5000000000,1000000000,10000000000,500000000,1000000000,4611686018427387904,1000,4000,100000,1,0,9223372036854775808,5000000000,5000000000,0,0,0,0,0,0,0,0,9223372036854775808,5000000000,5000000000,0,0,0,0,0,0,0,0
1125000,1,0,1548,0,0,tick,1125001,0,0,0,0,5000000000,1000000000,10000000000,500000000,1000000000,4611686018427387904,1000,4000,100000,1,0,9223372036854775808,5000000000,5000000000,0,0,0,0,0,0,0,0,9223372036854775808,5000000000,5000000000,0,0,0,0,0,0,0,0
1125000,1,1,1548,1,1,tick,1125001,0,0,0,0,5000000000,1000000000,10000000000,500000000,1000000000,4611686018427387904,1000,4000,100000,1,0,9223372036854775808,5000000000,5000000000,0,0,0,0,0,0,0,0,9223372036854775808,5000000000,5000000000,0,0,0,0,0,0,0,0
1126000,1,0,1549,0,0,tick,1126001,0,0,0,0,5000000000,1000000000,10000000000,500000000,1000000000,4611686018427387904,1000,4000,100000,1,0,9223372036854775808,5000000000,5000000000,0,0,0,0,0,0,0,0,9223372036854775808,5000000000,5000000000,0,0,0,0,0,0,0,0
1126000,1,1,1549,1,1,tick,1126001,0,0,0,0,5000000000,1000000000,10000000000,500000000,1000000000,4611686018427387904,1000,4000,100000,1,0,9223372036854775808,5000000000,5000000000,0,0,0,0,0,0,0,0,9223372036854775808,5000000000,5000000000,0,0,0,0,0,0,0,0
1127000,1,0,1550,0,0,tick,1127001,0,0,0,0,5000000000,1000000000,10000000000,500000000,1000000000,4611686018427387904,1000,4000,100000,1,0,9223372036854775808,5000000000,5000000000,0,0,0,0,0,0,0,0,9223372036854775808,5000000000,5000000000,0,0,0,0,0,0,0,0
1127000,1,1,1550,1,1,tick,1127001,0,0,0,0,5000000000,1000000000,10000000000,500000000,1000000000,4611686018427387904,1000,4000,100000,1,0,9223372036854775808,5000000000,5000000000,0,0,0,0,0,0,0,0,9223372036854775808,5000000000,5000000000,0,0,0,0,0,0,0,0
1128000,1,0,1551,0,0,tick,1128001,0,0,0,0,5000000000,1000000000,10000000000,500000000,1000000000,4611686018427387904,1000,4000,100000,1,0,9223372036854775808,5000000000,5000000000,0,0,0,0,0,0,0,0,9223372036854775808,5000000000,5000000000,0,0,0,0,0,0,0,0
1128000,1,1,1551,1,1,tick,1128001,0,0,0,0,5000000000,1000000000,10000000000,500000000,1000000000,4611686018427387904,1000,4000,100000,1,0,9223372036854775808,5000000000,5000000000,0,0,0,0,0,0,0,0,9223372036854775808,5000000000,5000000000,0,0,0,0,0,0,0,0
1129000,1,0,1552,0,0,tick,1129001,0,0,0,0,5000000000,1000000000,10000000000,500000000,1000000000,4611686018427387904,1000,4000,100000,1,0,9223372036854775808,5000000000,5000000000,0,0,0,0,0,0,0,0,9223372036854775808,5000000000,5000000000,0,0,0,0,0,0,0,0
1129000,1,1,1552,1,1,tick,1129001,0,0,0,0,5000000000,1000000000,10000000000,500000000,1000000000,4611686018427387904,1000,4000,100000,1,0,9223372036854775808,5000000000,5000000000,0,0,0,0,0,0,0,0,9223372036854775808,5000000000,5000000000,0,0,0,0,0,0,0,0
1130000,1,0,1554,0,0,tick,1130001,0,0,0,0,5000000000,1000000000,10000000000,500000000,1000000000,4611686018427387904,1000,4000,100000,1,0,9223372036854775808,5000000000,5000000000,0,0,0,0,0,0,0,0,9223372036854775808,5000000000,5000000000,0,0,0,0,0,0,0,0
1130000,1,1,1554,1,1,tick,1130001,0,0,0,0,5000000000,1000000000,10000000000,500000000,1000000000,4611686018427387904,1000,4000,100000,1,0,9223372036854775808,5000000000,5000000000,0,0,0,0,0,0,0,0,9223372036854775808,5000000000,5000000000,0,0,0,0,0,0,0,0
1131000,1,0,1557,0,0,tick,1131001,0,0,0,0,5000000000,1000000000,10000000000,500000000,1000000000,4611686018427387904,1000,4000,100000,1,0,9223372036854775808,5000000000,5000000000,0,0,0,0,0,0,0,0,9223372036854775808,5000000000,5000000000,0,0,0,0,0,0,0,0
1131000,1,1,1557,1,1,tick,1131001,0,0,0,0,5000000000,1000000000,10000000000,500000000,1000000000,4611686018427387904,1000,4000,100000,1,0,9223372036854775808,5000000000,5000000000,0,0,0,0,0,0,0,0,9223372036854775808,5000000000,5000000000,0,0,0,0,0,0,0,0
1132000,1,0,1558,0,0,tick,1132001,0,0,0,0,5000000000,1000000000,10000000000,500000000,1000000000,4611686018427387904,1000,4000,100000,1,0,9223372036854775808,5000000000,5000000000,0,0,0,0,0,0,0,0,9223372036854775808,5000000000,5000000000,0,0,0,0,0,0,0,0
1132000,1,1,1558,1,1,tick,1132001,0,0,0,0,5000000000,1000000000,10000000000,500000000,1000000000,4611686018427387904,1000,4000,100000,1,0,9223372036854775808,5000000000,5000000000,0,0,0,0,0,0,0,0,9223372036854775808,5000000000,5000000000,0,0,0,0,0,0,0,0
1133000,1,0,1559,0,0,tick,1133001,0,0,0,0,5000000000,1000000000,10000000000,500000000,1000000000,4611686018427387904,1000,4000,100000,1,0,9223372036854775808,5000000000,5000000000,0,0,0,0,0,0,0,0,9223372036854775808,5000000000,5000000000,0,0,0,0,0,0,0,0
1133000,1,1,1559,1,1,tick,1133001,0,0,0,0,5000000000,1000000000,10000000000,500000000,1000000000,4611686018427387904,1000,4000,100000,1,0,9223372036854775808,5000000000,5000000000,0,0,0,0,0,0,0,0,9223372036854775808,5000000000,5000000000,0,0,0,0,0,0,0,0
1134000,1,0,1560,0,0,tick,1134001,0,0,0,0,5000000000,1000000000,10000000000,500000000,1000000000,4611686018427387904,1000,4000,100000,1,0,9223372036854775808,5000000000,5000000000,0,0,0,0,0,0,0,0,9223372036854775808,5000000000,5000000000,0,0,0,0,0,0,0,0
1134000,1,1,1560,1,1,tick,1134001,0,0,0,0,5000000000,1000000000,10000000000,500000000,1000000000,4611686018427387904,1000,4000,100000,1,0,9223372036854775808,5000000000,5000000000,0,0,0,0,0,0,0,0,9223372036854775808,5000000000,5000000000,0,0,0,0,0,0,0,0
1135000,1,0,1561,0,0,tick,1135001,0,0,0,0,5000000000,1000000000,10000000000,500000000,1000000000,4611686018427387904,1000,4000,100000,1,0,9223372036854775808,5000000000,5000000000,0,0,0,0,0,0,0,0,9223372036854775808,5000000000,5000000000,0,0,0,0,0,0,0,0
1135000,1,1,1561,1,1,tick,1135001,0,0,0,0,5000000000,1000000000,10000000000,500000000,1000000000,4611686018427387904,1000,4000,100000,1,0,9223372036854775808,5000000000,5000000000,0,0,0,0,0,0,0,0,9223372036854775808,5000000000,5000000000,0,0,0,0,0,0,0,0
1136000,1,0,1562,0,0,tick,1136001,0,0,0,0,5000000000,1000000000,10000000000,500000000,1000000000,4611686018427387904,1000,4000,100000,1,0,9223372036854775808,5000000000,5000000000,0,0,0,0,0,0,0,0,9223372036854775808,5000000000,5000000000,0,0,0,0,0,0,0,0
1136000,1,1,1562,1,1,tick,1136001,0,0,0,0,5000000000,1000000000,10000000000,500000000,1000000000,4611686018427387904,1000,4000,100000,1,0,9223372036854775808,5000000000,5000000000,0,0,0,0,0,0,0,0,9223372036854775808,5000000000,5000000000,0,0,0,0,0,0,0,0
1137000,1,0,1563,0,0,tick,1137001,0,0,0,0,5000000000,1000000000,10000000000,500000000,1000000000,4611686018427387904,1000,4000,100000,1,0,9223372036854775808,5000000000,5000000000,0,0,0,0,0,0,0,0,9223372036854775808,5000000000,5000000000,0,0,0,0,0,0,0,0
1137000,1,1,1563,1,1,tick,1137001,0,0,0,0,5000000000,1000000000,10000000000,500000000,1000000000,4611686018427387904,1000,4000,100000,1,0,9223372036854775808,5000000000,5000000000,0,0,0,0,0,0,0,0,9223372036854775808,5000000000,5000000000,0,0,0,0,0,0,0,0
1138000,1,0,1565,0,0,tick,1138001,0,0,0,0,5000000000,1000000000,10000000000,500000000,1000000000,4611686018427387904,1000,4000,100000,1,0,9223372036854775808,5000000000,5000000000,0,0,0,0,0,0,0,0,9223372036854775808,5000000000,5000000000,0,0,0,0,0,0,0,0
1138000,1,1,1565,1,1,tick,1138001,0,0,0,0,5000000000,1000000000,10000000000,500000000,1000000000,4611686018427387904,1000,4000,100000,1,0,9223372036854775808,5000000000,5000000000,0,0,0,0,0,0,0,0,9223372036854775808,5000000000,5000000000,0,0,0,0,0,0,0,0
1139000,1,0,1568,0,0,tick,1139001,0,0,0,0,5000000000,1000000000,10000000000,500000000,1000000000,4611686018427387904,1000,4000,100000,1,0,9223372036854775808,5000000000,5000000000,0,0,0,0,0,0,0,0,9223372036854775808,5000000000,5000000000,0,0,0,0,0,0,0,0
1139000,1,1,1568,1,1,tick,1139001,0,0,0,0,5000000000,1000000000,10000000000,500000000,1000000000,4611686018427387904,1000,4000,100000,1,0,9223372036854775808,5000000000,5000000000,0,0,0,0,0,0,0,0,9223372036854775808,5000000000,5000000000,0,0,0,0,0,0,0,0
1140000,1,0,1569,0,0,tick,1140001,0,0,0,0,5000000000,1000000000,10000000000,500000000,1000000000,4611686018427387904,1000,4000,100000,1,0,9223372036854775808,5000000000,5000000000,0,0,0,0,0,0,0,0,9223372036854775808,5000000000,5000000000,0,0,0,0,0,0,0,0
1140000,1,1,1569,1,1,tick,1140001,0,0,0,0,5000000000,1000000000,10000000000,500000000,1000000000,4611686018427387904,1000,4000,100000,1,0,9223372036854775808,5000000000,5000000000,0,0,0,0,0,0,0,0,9223372036854775808,5000000000,5000000000,0,0,0,0,0,0,0,0
1141000,1,0,1570,0,0,tick,1141001,0,0,0,0,5000000000,1000000000,10000000000,500000000,1000000000,4611686018427387904,1000,4000,100000,1,0,9223372036854775808,5000000000,5000000000,0,0,0,0,0,0,0,0,9223372036854775808,5000000000,5000000000,0,0,0,0,0,0,0,0
1141000,1,1,1570,1,1,tick,1141001,0,0,0,0,5000000000,1000000000,10000000000,500000000,1000000000,4611686018427387904,1000,4000,100000,1,0,9223372036854775808,5000000000,5000000000,0,0,0,0,0,0,0,0,9223372036854775808,5000000000,5000000000,0,0,0,0,0,0,0,0
1142000,1,0,1571,0,0,tick,1142001,0,0,0,0,5000000000,1000000000,10000000000,500000000,1000000000,4611686018427387904,1000,4000,100000,1,0,9223372036854775808,5000000000,5000000000,0,0,0,0,0,0,0,0,9223372036854775808,5000000000,5000000000,0,0,0,0,0,0,0,0
1142000,1,1,1571,1,1,tick,1142001,0,0,0,0,5000000000,1000000000,10000000000,500000000,1000000000,4611686018427387904,1000,4000,100000,1,0,9223372036854775808,5000000000,5000000000,0,0,0,0,0,0,0,0,9223372036854775808,5000000000,5000000000,0,0,0,0,0,0,0,0
1143000,1,0,1572,0,0,tick,1143001,0,0,0,0,5000000000,1000000000,10000000000,500000000,1000000000,4611686018427387904,1000,4000,100000,1,0,9223372036854775808,5000000000,5000000000,0,0,0,0,0,0,0,0,9223372036854775808,5000000000,5000000000,0,0,0,0,0,0,0,0
1143000,1,1,1572,1,1,tick,1143001,0,0,0,0,5000000000,1000000000,10000000000,500000000,1000000000,4611686018427387904,1000,4000,100000,1,0,9223372036854775808,5000000000,5000000000,0,0,0,0,0,0,0,0,9223372036854775808,5000000000,5000000000,0,0,0,0,0,0,0,0
1144000,1,0,1573,0,0,tick,1144001,0,0,0,0,5000000000,1000000000,10000000000,500000000,1000000000,4611686018427387904,1000,4000,100000,1,0,9223372036854775808,5000000000,5000000000,0,0,0,0,0,0,0,0,9223372036854775808,5000000000,5000000000,0,0,0,0,0,0,0,0
1144000,1,1,1573,1,1,tick,1144001,0,0,0,0,5000000000,1000000000,10000000000,500000000,1000000000,4611686018427387904,1000,4000,100000,1,0,9223372036854775808,5000000000,5000000000,0,0,0,0,0,0,0,0,9223372036854775808,5000000000,5000000000,0,0,0,0,0,0,0,0
1145000,1,0,1574,0,0,tick,1145001,0,0,0,0,5000000000,1000000000,10000000000,500000000,1000000000,4611686018427387904,1000,4000,100000,1,0,9223372036854775808,5000000000,5000000000,0,0,0,0,0,0,0,0,9223372036854775808,5000000000,5000000000,0,0,0,0,0,0,0,0
1145000,1,1,1574,1,1,tick,1145001,0,0,0,0,5000000000,1000000000,10000000000,500000000,1000000000,4611686018427387904,1000,4000,100000,1,0,9223372036854775808,5000000000,5000000000,0,0,0,0,0,0,0,0,9223372036854775808,5000000000,5000000000,0,0,0,0,0,0,0,0
1146000,1,0,1576,0,0,tick,1146001,0,0,0,0,5000000000,1000000000,10000000000,500000000,1000000000,4611686018427387904,1000,4000,100000,1,0,9223372036854775808,5000000000,5000000000,0,0,0,0,0,0,0,0,9223372036854775808,5000000000,5000000000,0,0,0,0,0,0,0,0
1146000,1,1,1576,1,1,tick,1146001,0,0,0,0,5000000000,1000000000,10000000000,500000000,1000000000,4611686018427387904,1000,4000,100000,1,0,9223372036854775808,5000000000,5000000000,0,0,0,0,0,0,0,0,9223372036854775808,5000000000,5000000000,0,0,0,0,0,0,0,0
1147000,1,0,1579,0,0,tick,1147001,0,0,0,0,5000000000,1000000000,10000000000,500000000,1000000000,4611686018427387904,1000,4000,100000,1,0,9223372036854775808,5000000000,5000000000,0,0,0,0,0,0,0,0,9223372036854775808,5000000000,5000000000,0,0,0,0,0,0,0,0
1147000,1,1,1579,1,1,tick,1147001,0,0,0,0,5000000000,1000000000,10000000000,500000000,1000000000,4611686018427387904,1000,4000,100000,1,0,9223372036854775808,5000000000,5000000000,0,0,0,0,0,0,0,0,9223372036854775808,5000000000,5000000000,0,0,0,0,0,0,0,0
1148000,1,0,1580,0,0,tick,1148001,0,0,0,0,5000000000,1000000000,10000000000,500000000,1000000000,4611686018427387904,1000,4000,100000,1,0,9223372036854775808,5000000000,5000000000,0,0,0,0,0,0,0,0,9223372036854775808,5000000000,5000000000,0,0,0,0,0,0,0,0
1148000,1,1,1580,1,1,tick,1148001,0,0,0,0,5000000000,1000000000,10000000000,500000000,1000000000,4611686018427387904,1000,4000,100000,1,0,9223372036854775808,5000000000,5000000000,0,0,0,0,0,0,0,0,9223372036854775808,5000000000,5000000000,0,0,0,0,0,0,0,0
1149000,1,0,1581,0,0,tick,1149001,0,0,0,0,5000000000,1000000000,10000000000,500000000,1000000000,4611686018427387904,1000,4000,100000,1,0,9223372036854775808,5000000000,5000000000,0,0,0,0,0,0,0,0,9223372036854775808,5000000000,5000000000,0,0,0,0,0,0,0,0
1149000,1,1,1581,1,1,tick,1149001,0,0,0,0,5000000000,1000000000,10000000000,500000000,1000000000,4611686018427387904,1000,4000,100000,1,0,9223372036854775808,5000000000,5000000000,0,0,0,0,0,0,0,0,9223372036854775808,5000000000,5000000000,0,0,0,0,0,0,0,0
1150000,1,0,1582,0,0,tick,1150001,0,0,0,0,5000000000,1000000000,10000000000,500000000,1000000000,4611686018427387904,1000,4000,100000,1,0,9223372036854775808,5000000000,5000000000,0,0,0,0,0,0,0,0,9223372036854775808,5000000000,5000000000,0,0,0,0,0,0,0,0
1150000,1,1,1582,1,1,tick,1150001,0,0,0,0,5000000000,1000000000,10000000000,500000000,1000000000,4611686018427387904,1000,4000,100000,1,0,9223372036854775808,5000000000,5000000000,0,0,0,0,0,0,0,0,9223372036854775808,5000000000,5000000000,0,0,0,0,0,0,0,0
1151000,1,0,1583,0,0,tick,1151001,0,0,0,0,5000000000,1000000000,10000000000,500000000,1000000000,4611686018427387904,1000,4000,100000,1,0,9223372036854775808,5000000000,5000000000,0,0,0,0,0,0,0,0,9223372036854775808,5000000000,5000000000,0,0,0,0,0,0,0,0
1151000,1,1,1583,1,1,tick,1151001,0,0,0,0,5000000000,1000000000,10000000000,500000000,1000000000,4611686018427387904,1000,4000,100000,1,0,9223372036854775808,5000000000,5000000000,0,0,0,0,0,0,0,0,9223372036854775808,5000000000,5000000000,0,0,0,0,0,0,0,0
1152000,1,0,1584,0,0,tick,1152001,0,0,0,0,5000000000,1000000000,10000000000,500000000,1000000000,4611686018427387904,1000,4000,100000,1,0,9223372036854775808,5000000000,5000000000,0,0,0,0,0,0,0,0,9223372036854775808,5000000000,5000000000,0,0,0,0,0,0,0,0
1152000,1,1,1584,1,1,tick,1152001,0,0,0,0,5000000000,1000000000,10000000000,500000000,1000000000,4611686018427387904,1000,4000,100000,1,0,9223372036854775808,5000000000,5000000000,0,0,0,0,0,0,0,0,9223372036854775808,5000000000,5000000000,0,0,0,0,0,0,0,0
1153000,1,0,1585,0,0,tick,1153001,0,0,0,0,5000000000,1000000000,10000000000,500000000,1000000000,4611686018427387904,1000,4000,100000,1,0,9223372036854775808,5000000000,5000000000,0,0,0,0,0,0,0,0,9223372036854775808,5000000000,5000000000,0,0,0,0,0,0,0,0
1153000,1,1,1585,1,1,tick,1153001,0,0,0,0,5000000000,1000000000,10000000000,500000000,1000000000,4611686018427387904,1000,4000,100000,1,0,9223372036854775808,5000000000,5000000000,0,0,0,0,0,0,0,0,9223372036854775808,5000000000,5000000000,0,0,0,0,0,0,0,0
1154000,1,0,1587,0,0,tick,1154001,0,0,0,0,5000000000,1000000000,10000000000,500000000,1000000000,4611686018427387904,1000,4000,100000,1,0,9223372036854775808,5000000000,5000000000,0,0,0,0,0,0,0,0,9223372036854775808,5000000000,5000000000,0,0,0,0,0,0,0,0
1154000,1,1,1587,1,1,tick,1154001,0,0,0,0,5000000000,1000000000,10000000000,500000000,1000000000,4611686018427387904,1000,4000,100000,1,0,9223372036854775808,5000000000,5000000000,0,0,0,0,0,0,0,0,9223372036854775808,5000000000,5000000000,0,0,0,0,0,0,0,0
1155000,1,0,1590,0,0,tick,1155001,0,0,0,0,5000000000,1000000000,10000000000,500000000,1000000000,4611686018427387904,1000,4000,100000,1,0,9223372036854775808,5000000000,5000000000,0,0,0,0,0,0,0,0,9223372036854775808,5000000000,5000000000,0,0,0,0,0,0,0,0
1155000,1,1,1590,1,1,tick,1155001,0,0,0,0,5000000000,1000000000,10000000000,500000000,1000000000,4611686018427387904,1000,4000,100000,1,0,9223372036854775808,5000000000,5000000000,0,0,0,0,0,0,0,0,9223372036854775808,5000000000,5000000000,0,0,0,0,0,0,0,0
1156000,1,0,1591,0,0,tick,1156001,0,0,0,0,5000000000,1000000000,10000000000,500000000,1000000000,4611686018427387904,1000,4000,100000,1,0,9223372036854775808,5000000000,5000000000,0,0,0,0,0,0,0,0,9223372036854775808,5000000000,5000000000,0,0,0,0,0,0,0,0
1156000,1,1,1591,1,1,tick,1156001,0,0,0,0,5000000000,1000000000,10000000000,500000000,1000000000,4611686018427387904,1000,4000,100000,1,0,9223372036854775808,5000000000,5000000000,0,0,0,0,0,0,0,0,9223372036854775808,5000000000,5000000000,0,0,0,0,0,0,0,0
1157000,1,0,1592,0,0,tick,1157001,0,0,0,0,5000000000,1000000000,10000000000,500000000,1000000000,4611686018427387904,1000,4000,100000,1,0,9223372036854775808,5000000000,5000000000,0,0,0,0,0,0,0,0,9223372036854775808,5000000000,5000000000,0,0,0,0,0,0,0,0
1157000,1,1,1592,1,1,tick,1157001,0,0,0,0,5000000000,1000000000,10000000000,500000000,1000000000,4611686018427387904,1000,4000,100000,1,0,9223372036854775808,5000000000,5000000000,0,0,0,0,0,0,0,0,9223372036854775808,5000000000,5000000000,0,0,0,0,0,0,0,0
1158000,1,0,1593,0,0,tick,1158001,0,0,0,0,5000000000,1000000000,10000000000,500000000,1000000000,4611686018427387904,1000,4000,100000,1,0,9223372036854775808,5000000000,5000000000,0,0,0,0,0,0,0,0,9223372036854775808,5000000000,5000000000,0,0,0,0,0,0,0,0
1158000,1,1,1593,1,1,tick,1158001,0,0,0,0,5000000000,1000000000,10000000000,500000000,1000000000,4611686018427387904,1000,4000,100000,1,0,9223372036854775808,5000000000,5000000000,0,0,0,0,0,0,0,0,9223372036854775808,5000000000,5000000000,0,0,0,0,0,0,0,0
1159000,1,0,1594,0,0,tick,1159001,0,0,0,0,5000000000,1000000000,10000000000,500000000,1000000000,4611686018427387904,1000,4000,100000,1,0,9223372036854775808,5000000000,5000000000,0,0,0,0,0,0,0,0,9223372036854775808,5000000000,5000000000,0,0,0,0,0,0,0,0
1159000,1,1,1594,1,1,tick,1159001,0,0,0,0,5000000000,1000000000,10000000000,500000000,1000000000,4611686018427387904,1000,4000,100000,1,0,9223372036854775808,5000000000,5000000000,0,0,0,0,0,0,0,0,9223372036854775808,5000000000,5000000000,0,0,0,0,0,0,0,0
1160000,1,0,1595,0,0,tick,1160001,0,0,0,0,5000000000,1000000000,10000000000,500000000,1000000000,4611686018427387904,1000,4000,100000,1,0,9223372036854775808,5000000000,5000000000,0,0,0,0,0,0,0,0,9223372036854775808,5000000000,5000000000,0,0,0,0,0,0,0,0
1160000,1,1,1595,1,1,tick,1160001,0,0,0,0,5000000000,1000000000,10000000000,500000000,1000000000,4611686018427387904,1000,4000,100000,1,0,9223372036854775808,5000000000,5000000000,0,0,0,0,0,0,0,0,9223372036854775808,5000000000,5000000000,0,0,0,0,0,0,0,0
1161000,1,0,1596,0,0,tick,1161001,0,0,0,0,5000000000,1000000000,10000000000,500000000,1000000000,4611686018427387904,1000,4000,100000,1,0,9223372036854775808,5000000000,5000000000,0,0,0,0,0,0,0,0,9223372036854775808,5000000000,5000000000,0,0,0,0,0,0,0,0
1161000,1,1,1596,1,1,tick,1161001,0,0,0,0,5000000000,1000000000,10000000000,500000000,1000000000,4611686018427387904,1000,4000,100000,1,0,9223372036854775808,5000000000,5000000000,0,0,0,0,0,0,0,0,9223372036854775808,5000000000,5000000000,0,0,0,0,0,0,0,0
1162000,1,0,1598,0,0,tick,1162001,0,0,0,0,5000000000,1000000000,10000000000,500000000,1000000000,4611686018427387904,1000,4000,100000,1,0,9223372036854775808,5000000000,5000000000,0,0,0,0,0,0,0,0,9223372036854775808,5000000000,5000000000,0,0,0,0,0,0,0,0
1162000,1,1,1598,1,1,tick,1162001,0,0,0,0,5000000000,1000000000,10000000000,500000000,1000000000,4611686018427387904,1000,4000,100000,1,0,9223372036854775808,5000000000,5000000000,0,0,0,0,0,0,0,0,9223372036854775808,5000000000,5000000000,0,0,0,0,0,0,0,0
1163000,1,0,1601,0,0,tick,1163001,0,0,0,0,5000000000,1000000000,10000000000,500000000,1000000000,4611686018427387904,1000,4000,100000,1,0,9223372036854775808,5000000000,5000000000,0,0,0,0,0,0,0,0,9223372036854775808,5000000000,5000000000,0,0,0,0,0,0,0,0
1163000,1,1,1601,1,1,tick,1163001,0,0,0,0,5000000000,1000000000,10000000000,500000000,1000000000,4611686018427387904,1000,4000,100000,1,0,9223372036854775808,5000000000,5000000000,0,0,0,0,0,0,0,0,9223372036854775808,5000000000,5000000000,0,0,0,0,0,0,0,0
1164000,1,0,1602,0,0,tick,1164001,0,0,0,0,5000000000,1000000000,10000000000,500000000,1000000000,4611686018427387904,1000,4000,100000,1,0,9223372036854775808,5000000000,5000000000,0,0,0,0,0,0,0,0,9223372036854775808,5000000000,5000000000,0,0,0,0,0,0,0,0
1164000,1,1,1602,1,1,tick,1164001,0,0,0,0,5000000000,1000000000,10000000000,500000000,1000000000,4611686018427387904,1000,4000,100000,1,0,9223372036854775808,5000000000,5000000000,0,0,0,0,0,0,0,0,9223372036854775808,5000000000,5000000000,0,0,0,0,0,0,0,0
1165000,1,0,1603,0,0,tick,1165001,0,0,0,0,5000000000,1000000000,10000000000,500000000,1000000000,4611686018427387904,1000,4000,100000,1,0,9223372036854775808,5000000000,5000000000,0,0,0,0,0,0,0,0,9223372036854775808,5000000000,5000000000,0,0,0,0,0,0,0,0
1165000,1,1,1603,1,1,tick,1165001,0,0,0,0,5000000000,1000000000,10000000000,500000000,1000000000,4611686018427387904,1000,4000,100000,1,0,9223372036854775808,5000000000,5000000000,0,0,0,0,0,0,0,0,9223372036854775808,5000000000,5000000000,0,0,0,0,0,0,0,0
1166000,1,0,1604,0,0,tick,1166001,0,0,0,0,5000000000,1000000000,10000000000,500000000,1000000000,4611686018427387904,1000,4000,100000,1,0,9223372036854775808,5000000000,5000000000,0,0,0,0,0,0,0,0,9223372036854775808,5000000000,5000000000,0,0,0,0,0,0,0,0
1166000,1,1,1604,1,1,tick,1166001,0,0,0,0,5000000000,1000000000,10000000000,500000000,1000000000,4611686018427387904,1000,4000,100000,1,0,9223372036854775808,5000000000,5000000000,0,0,0,0,0,0,0,0,9223372036854775808,5000000000,5000000000,0,0,0,0,0,0,0,0
1167000,1,0,1605,0,0,tick,1167001,0,0,0,0,5000000000,1000000000,10000000000,500000000,1000000000,4611686018427387904,1000,4000,100000,1,0,9223372036854775808,5000000000,5000000000,0,0,0,0,0,0,0,0,9223372036854775808,5000000000,5000000000,0,0,0,0,0,0,0,0
1167000,1,1,1605,1,1,tick,1167001,0,0,0,0,5000000000,1000000000,10000000000,500000000,1000000000,4611686018427387904,1000,4000,100000,1,0,9223372036854775808,5000000000,5000000000,0,0,0,0,0,0,0,0,9223372036854775808,5000000000,5000000000,0,0,0,0,0,0,0,0
1168000,1,0,1606,0,0,tick,1168001,0,0,0,0,5000000000,1000000000,10000000000,500000000,1000000000,4611686018427387904,1000,4000,100000,1,0,9223372036854775808,5000000000,5000000000,0,0,0,0,0,0,0,0,9223372036854775808,5000000000,5000000000,0,0,0,0,0,0,0,0
1168000,1,1,1606,1,1,tick,1168001,0,0,0,0,5000000000,1000000000,10000000000,500000000,1000000000,4611686018427387904,1000,4000,100000,1,0,9223372036854775808,5000000000,5000000000,0,0,0,0,0,0,0,0,9223372036854775808,5000000000,5000000000,0,0,0,0,0,0,0,0
1169000,1,0,1607,0,0,tick,1169001,0,0,0,0,5000000000,1000000000,10000000000,500000000,1000000000,4611686018427387904,1000,4000,100000,1,0,9223372036854775808,5000000000,5000000000,0,0,0,0,0,0,0,0,9223372036854775808,5000000000,5000000000,0,0,0,0,0,0,0,0
1169000,1,1,1607,1,1,tick,1169001,0,0,0,0,5000000000,1000000000,10000000000,500000000,1000000000,4611686018427387904,1000,4000,100000,1,0,9223372036854775808,5000000000,5000000000,0,0,0,0,0,0,0,0,9223372036854775808,5000000000,5000000000,0,0,0,0,0,0,0,0
1170000,1,0,1609,0,0,tick,1170001,0,0,0,0,5000000000,1000000000,10000000000,500000000,1000000000,4611686018427387904,1000,4000,100000,1,0,9223372036854775808,5000000000,5000000000,0,0,0,0,0,0,0,0,9223372036854775808,5000000000,5000000000,0,0,0,0,0,0,0,0
1170000,1,1,1609,1,1,tick,1170001,0,0,0,0,5000000000,1000000000,10000000000,500000000,1000000000,4611686018427387904,1000,4000,100000,1,0,9223372036854775808,5000000000,5000000000,0,0,0,0,0,0,0,0,9223372036854775808,5000000000,5000000000,0,0,0,0,0,0,0,0
1171000,1,0,1612,0,0,tick,1171001,0,0,0,0,5000000000,1000000000,10000000000,500000000,1000000000,4611686018427387904,1000,4000,100000,1,0,9223372036854775808,5000000000,5000000000,0,0,0,0,0,0,0,0,9223372036854775808,5000000000,5000000000,0,0,0,0,0,0,0,0
1171000,1,1,1612,1,1,tick,1171001,0,0,0,0,5000000000,1000000000,10000000000,500000000,1000000000,4611686018427387904,1000,4000,100000,1,0,9223372036854775808,5000000000,5000000000,0,0,0,0,0,0,0,0,9223372036854775808,5000000000,5000000000,0,0,0,0,0,0,0,0
1172000,1,0,1613,0,0,tick,1172001,0,0,0,0,5000000000,1000000000,10000000000,500000000,1000000000,4611686018427387904,1000,4000,100000,1,0,9223372036854775808,5000000000,5000000000,0,0,0,0,0,0,0,0,9223372036854775808,5000000000,5000000000,0,0,0,0,0,0,0,0
1172000,1,1,1613,1,1,tick,1172001,0,0,0,0,5000000000,1000000000,10000000000,500000000,1000000000,4611686018427387904,1000,4000,100000,1,0,9223372036854775808,5000000000,5000000000,0,0,0,0,0,0,0,0,9223372036854775808,5000000000,5000000000,0,0,0,0,0,0,0,0
1173000,1,0,1614,0,0,tick,1173001,0,0,0,0,5000000000,1000000000,10000000000,500000000,1000000000,4611686018427387904,1000,4000,100000,1,0,9223372036854775808,5000000000,5000000000,0,0,0,0,0,0,0,0,9223372036854775808,5000000000,5000000000,0,0,0,0,0,0,0,0
1173000,1,1,1614,1,1,tick,1173001,0,0,0,0,5000000000,1000000000,10000000000,500000000,1000000000,4611686018427387904,1000,4000,100000,1,0,9223372036854775808,5000000000,5000000000,0,0,0,0,0,0,0,0,9223372036854775808,5000000000,5000000000,0,0,0,0,0,0,0,0
1174000,1,0,1615,0,0,tick,1174001,0,0,0,0,5000000000,1000000000,10000000000,500000000,1000000000,4611686018427387904,1000,4000,100000,1,0,9223372036854775808,5000000000,5000000000,0,0,0,0,0,0,0,0,9223372036854775808,5000000000,5000000000,0,0,0,0,0,0,0,0
1174000,1,1,1615,1,1,tick,1174001,0,0,0,0,5000000000,1000000000,10000000000,500000000,1000000000,4611686018427387904,1000,4000,100000,1,0,9223372036854775808,5000000000,5000000000,0,0,0,0,0,0,0,0,9223372036854775808,5000000000,5000000000,0,0,0,0,0,0,0,0
1175000,1,0,1616,0,0,tick,1175001,0,0,0,0,5000000000,1000000000,10000000000,500000000,1000000000,4611686018427387904,1000,4000,100000,1,0,9223372036854775808,5000000000,5000000000,0,0,0,0,0,0,0,0,9223372036854775808,5000000000,5000000000,0,0,0,0,0,0,0,0
1175000,1,1,1616,1,1,tick,1175001,0,0,0,0,5000000000,1000000000,10000000000,500000000,1000000000,4611686018427387904,1000,4000,100000,1,0,9223372036854775808,5000000000,5000000000,0,0,0,0,0,0,0,0,9223372036854775808,5000000000,5000000000,0,0,0,0,0,0,0,0
1176000,1,0,1617,0,0,tick,1176001,0,0,0,0,5000000000,1000000000,10000000000,500000000,1000000000,4611686018427387904,1000,4000,100000,1,0,9223372036854775808,5000000000,5000000000,0,0,0,0,0,0,0,0,9223372036854775808,5000000000,5000000000,0,0,0,0,0,0,0,0
1176000,1,1,1617,1,1,tick,1176001,0,0,0,0,5000000000,1000000000,10000000000,500000000,1000000000,4611686018427387904,1000,4000,100000,1,0,9223372036854775808,5000000000,5000000000,0,0,0,0,0,0,0,0,9223372036854775808,5000000000,5000000000,0,0,0,0,0,0,0,0
1177000,1,0,1618,0,0,tick,1177001,0,0,0,0,5000000000,1000000000,10000000000,500000000,1000000000,4611686018427387904,1000,4000,100000,1,0,9223372036854775808,5000000000,5000000000,0,0,0,0,0,0,0,0,9223372036854775808,5000000000,5000000000,0,0,0,0,0,0,0,0
1177000,1,1,1618,1,1,tick,1177001,0,0,0,0,5000000000,1000000000,10000000000,500000000,1000000000,4611686018427387904,1000,4000,100000,1,0,9223372036854775808,5000000000,5000000000,0,0,0,0,0,0,0,0,9223372036854775808,5000000000,5000000000,0,0,0,0,0,0,0,0
1178000,1,0,1620,0,0,tick,1178001,0,0,0,0,5000000000,1000000000,10000000000,500000000,1000000000,4611686018427387904,1000,4000,100000,1,0,9223372036854775808,5000000000,5000000000,0,0,0,0,0,0,0,0,9223372036854775808,5000000000,5000000000,0,0,0,0,0,0,0,0
1178000,1,1,1620,1,1,tick,1178001,0,0,0,0,5000000000,1000000000,10000000000,500000000,1000000000,4611686018427387904,1000,4000,100000,1,0,9223372036854775808,5000000000,5000000000,0,0,0,0,0,0,0,0,9223372036854775808,5000000000,5000000000,0,0,0,0,0,0,0,0
1179000,1,0,1623,0,0,tick,1179001,0,0,0,0,5000000000,1000000000,10000000000,500000000,1000000000,4611686018427387904,1000,4000,100000,1,0,9223372036854775808,5000000000,5000000000,0,0,0,0,0,0,0,0,9223372036854775808,5000000000,5000000000,0,0,0,0,0,0,0,0
1179000,1,1,1623,1,1,tick,1179001,0,0,0,0,5000000000,1000000000,10000000000,500000000,1000000000,4611686018427387904,1000,4000,100000,1,0,9223372036854775808,5000000000,5000000000,0,0,0,0,0,0,0,0,9223372036854775808,5000000000,5000000000,0,0,0,0,0,0,0,0
1180000,1,0,1624,0,0,tick,1180001,0,0,0,0,5000000000,1000000000,10000000000,500000000,1000000000,4611686018427387904,1000,4000,100000,1,0,9223372036854775808,5000000000,5000000000,0,0,0,0,0,0,0,0,9223372036854775808,5000000000,5000000000,0,0,0,0,0,0,0,0
1180000,1,1,1624,1,1,tick,1180001,0,0,0,0,5000000000,1000000000,10000000000,500000000,1000000000,4611686018427387904,1000,4000,100000,1,0,9223372036854775808,5000000000,5000000000,0,0,0,0,0,0,0,0,9223372036854775808,5000000000,5000000000,0,0,0,0,0,0,0,0
1181000,1,0,1625,0,0,tick,1181001,0,0,0,0,5000000000,1000000000,10000000000,500000000,1000000000,4611686018427387904,1000,4000,100000,1,0,9223372036854775808,5000000000,5000000000,0,0,0,0,0,0,0,0,9223372036854775808,5000000000,5000000000,0,0,0,0,0,0,0,0
1181000,1,1,1625,1,1,tick,1181001,0,0,0,0,5000000000,1000000000,10000000000,500000000,1000000000,4611686018427387904,1000,4000,100000,1,0,9223372036854775808,5000000000,5000000000,0,0,0,0,0,0,0,0,9223372036854775808,5000000000,5000000000,0,0,0,0,0,0,0,0
1182000,1,0,1626,0,0,tick,1182001,0,0,0,0,5000000000,1000000000,10000000000,500000000,1000000000,4611686018427387904,1000,4000,100000,1,0,9223372036854775808,5000000000,5000000000,0,0,0,0,0,0,0,0,9223372036854775808,5000000000,5000000000,0,0,0,0,0,0,0,0
1182000,1,1,1626,1,1,tick,1182001,0,0,0,0,5000000000,1000000000,10000000000,500000000,1000000000,4611686018427387904,1000,4000,100000,1,0,9223372036854775808,5000000000,5000000000,0,0,0,0,0,0,0,0,9223372036854775808,5000000000,5000000000,0,0,0,0,0,0,0,0
1183000,1,0,1627,0,0,tick,1183001,0,0,0,0,5000000000,1000000000,10000000000,500000000,1000000000,4611686018427387904,1000,4000,100000,1,0,9223372036854775808,5000000000,5000000000,0,0,0,0,0,0,0,0,9223372036854775808,5000000000,5000000000,0,0,0,0,0,0,0,0
1183000,1,1,1627,1,1,tick,1183001,0,0,0,0,5000000000,1000000000,10000000000,500000000,1000000000,4611686018427387904,1000,4000,100000,1,0,9223372036854775808,5000000000,5000000000,0,0,0,0,0,0,0,0,9223372036854775808,5000000000,5000000000,0,0,0,0,0,0,0,0
1184000,1,0,1628,0,0,tick,1184001,0,0,0,0,5000000000,1000000000,10000000000,500000000,1000000000,4611686018427387904,1000,4000,100000,1,0,9223372036854775808,5000000000,5000000000,0,0,0,0,0,0,0,0,9223372036854775808,5000000000,5000000000,0,0,0,0,0,0,0,0
1184000,1,1,1628,1,1,tick,1184001,0,0,0,0,5000000000,1000000000,10000000000,500000000,1000000000,4611686018427387904,1000,4000,100000,1,0,9223372036854775808,5000000000,5000000000,0,0,0,0,0,0,0,0,9223372036854775808,5000000000,5000000000,0,0,0,0,0,0,0,0
1185000,1,0,1629,0,0,tick,1185001,0,0,0,0,5000000000,1000000000,10000000000,500000000,1000000000,4611686018427387904,1000,4000,100000,1,0,9223372036854775808,5000000000,5000000000,0,0,0,0,0,0,0,0,9223372036854775808,5000000000,5000000000,0,0,0,0,0,0,0,0
1185000,1,1,1629,1,1,tick,1185001,0,0,0,0,5000000000,1000000000,10000000000,500000000,1000000000,4611686018427387904,1000,4000,100000,1,0,9223372036854775808,5000000000,5000000000,0,0,0,0,0,0,0,0,9223372036854775808,5000000000,5000000000,0,0,0,0,0,0,0,0
1186000,1,0,1631,0,0,tick,1186001,0,0,0,0,5000000000,1000000000,10000000000,500000000,1000000000,4611686018427387904,1000,4000,100000,1,0,9223372036854775808,5000000000,5000000000,0,0,0,0,0,0,0,0,9223372036854775808,5000000000,5000000000,0,0,0,0,0,0,0,0
1186000,1,1,1631,1,1,tick,1186001,0,0,0,0,5000000000,1000000000,10000000000,500000000,1000000000,4611686018427387904,1000,4000,100000,1,0,9223372036854775808,5000000000,5000000000,0,0,0,0,0,0,0,0,9223372036854775808,5000000000,5000000000,0,0,0,0,0,0,0,0
1187000,1,0,1634,0,0,tick,1187001,0,0,0,0,5000000000,1000000000,10000000000,500000000,1000000000,4611686018427387904,1000,4000,100000,1,0,9223372036854775808,5000000000,5000000000,0,0,0,0,0,0,0,0,9223372036854775808,5000000000,5000000000,0,0,0,0,0,0,0,0
1187000,1,1,1634,1,1,tick,1187001,0,0,0,0,5000000000,1000000000,10000000000,500000000,1000000000,4611686018427387904,1000,4000,100000,1,0,9223372036854775808,5000000000,5000000000,0,0,0,0,0,0,0,0,9223372036854775808,5000000000,5000000000,0,0,0,0,0,0,0,0
1188000,1,0,1635,0,0,tick,1188001,0,0,0,0,5000000000,1000000000,10000000000,500000000,1000000000,4611686018427387904,1000,4000,100000,1,0,9223372036854775808,5000000000,5000000000,0,0,0,0,0,0,0,0,9223372036854775808,5000000000,5000000000,0,0,0,0,0,0,0,0
1188000,1,1,1635,1,1,tick,1188001,0,0,0,0,5000000000,1000000000,10000000000,500000000,1000000000,4611686018427387904,1000,4000,100000,1,0,9223372036854775808,5000000000,5000000000,0,0,0,0,0,0,0,0,9223372036854775808,5000000000,5000000000,0,0,0,0,0,0,0,0
1189000,1,0,1636,0,0,tick,1189001,0,0,0,0,5000000000,1000000000,10000000000,500000000,1000000000,4611686018427387904,1000,4000,100000,1,0,9223372036854775808,5000000000,5000000000,0,0,0,0,0,0,0,0,9223372036854775808,5000000000,5000000000,0,0,0,0,0,0,0,0
1189000,1,1,1636,1,1,tick,1189001,0,0,0,0,5000000000,1000000000,10000000000,500000000,1000000000,4611686018427387904,1000,4000,100000,1,0,9223372036854775808,5000000000,5000000000,0,0,0,0,0,0,0,0,9223372036854775808,5000000000,5000000000,0,0,0,0,0,0,0,0
1190000,1,0,1637,0,0,tick,1190001,0,0,0,0,5000000000,1000000000,10000000000,500000000,1000000000,4611686018427387904,1000,4000,100000,1,0,9223372036854775808,5000000000,5000000000,0,0,0,0,0,0,0,0,9223372036854775808,5000000000,5000000000,0,0,0,0,0,0,0,0
1190000,1,1,1637,1,1,tick,1190001,0,0,0,0,5000000000,1000000000,10000000000,500000000,1000000000,4611686018427387904,1000,4000,100000,1,0,9223372036854775808,5000000000,5000000000,0,0,0,0,0,0,0,0,9223372036854775808,5000000000,5000000000,0,0,0,0,0,0,0,0
1191000,1,0,1638,0,0,tick,1191001,0,0,0,0,5000000000,1000000000,10000000000,500000000,1000000000,4611686018427387904,1000,4000,100000,1,0,9223372036854775808,5000000000,5000000000,0,0,0,0,0,0,0,0,9223372036854775808,5000000000,5000000000,0,0,0,0,0,0,0,0
1191000,1,1,1638,1,1,tick,1191001,0,0,0,0,5000000000,1000000000,10000000000,500000000,1000000000,4611686018427387904,1000,4000,100000,1,0,9223372036854775808,5000000000,5000000000,0,0,0,0,0,0,0,0,9223372036854775808,5000000000,5000000000,0,0,0,0,0,0,0,0
1192000,1,0,1639,0,0,tick,1192001,0,0,0,0,5000000000,1000000000,10000000000,500000000,1000000000,4611686018427387904,1000,4000,100000,1,0,9223372036854775808,5000000000,5000000000,0,0,0,0,0,0,0,0,9223372036854775808,5000000000,5000000000,0,0,0,0,0,0,0,0
1192000,1,1,1639,1,1,tick,1192001,0,0,0,0,5000000000,1000000000,10000000000,500000000,1000000000,4611686018427387904,1000,4000,100000,1,0,9223372036854775808,5000000000,5000000000,0,0,0,0,0,0,0,0,9223372036854775808,5000000000,5000000000,0,0,0,0,0,0,0,0
1193000,1,0,1640,0,0,tick,1193001,0,0,0,0,5000000000,1000000000,10000000000,500000000,1000000000,4611686018427387904,1000,4000,100000,1,0,9223372036854775808,5000000000,5000000000,0,0,0,0,0,0,0,0,9223372036854775808,5000000000,5000000000,0,0,0,0,0,0,0,0
1193000,1,1,1640,1,1,tick,1193001,0,0,0,0,5000000000,1000000000,10000000000,500000000,1000000000,4611686018427387904,1000,4000,100000,1,0,9223372036854775808,5000000000,5000000000,0,0,0,0,0,0,0,0,9223372036854775808,5000000000,5000000000,0,0,0,0,0,0,0,0
1194000,1,0,1642,0,0,tick,1194001,0,0,0,0,5000000000,1000000000,10000000000,500000000,1000000000,4611686018427387904,1000,4000,100000,1,0,9223372036854775808,5000000000,5000000000,0,0,0,0,0,0,0,0,9223372036854775808,5000000000,5000000000,0,0,0,0,0,0,0,0
1194000,1,1,1642,1,1,tick,1194001,0,0,0,0,5000000000,1000000000,10000000000,500000000,1000000000,4611686018427387904,1000,4000,100000,1,0,9223372036854775808,5000000000,5000000000,0,0,0,0,0,0,0,0,9223372036854775808,5000000000,5000000000,0,0,0,0,0,0,0,0
1195000,1,0,1645,0,0,tick,1195001,0,0,0,0,5000000000,1000000000,10000000000,500000000,1000000000,4611686018427387904,1000,4000,100000,1,0,9223372036854775808,5000000000,5000000000,0,0,0,0,0,0,0,0,9223372036854775808,5000000000,5000000000,0,0,0,0,0,0,0,0
1195000,1,1,1645,1,1,tick,1195001,0,0,0,0,5000000000,1000000000,10000000000,500000000,1000000000,4611686018427387904,1000,4000,100000,1,0,9223372036854775808,5000000000,5000000000,0,0,0,0,0,0,0,0,9223372036854775808,5000000000,5000000000,0,0,0,0,0,0,0,0
1196000,1,0,1646,0,0,tick,1196001,0,0,0,0,5000000000,1000000000,10000000000,500000000,1000000000,4611686018427387904,1000,4000,100000,1,0,9223372036854775808,5000000000,5000000000,0,0,0,0,0,0,0,0,9223372036854775808,5000000000,5000000000,0,0,0,0,0,0,0,0
1196000,1,1,1646,1,1,tick,1196001,0,0,0,0,5000000000,1000000000,10000000000,500000000,1000000000,4611686018427387904,1000,4000,100000,1,0,9223372036854775808,5000000000,5000000000,0,0,0,0,0,0,0,0,9223372036854775808,5000000000,5000000000,0,0,0,0,0,0,0,0
1197000,1,0,1647,0,0,tick,1197001,0,0,0,0,5000000000,1000000000,10000000000,500000000,1000000000,4611686018427387904,1000,4000,100000,1,0,9223372036854775808,5000000000,5000000000,0,0,0,0,0,0,0,0,9223372036854775808,5000000000,5000000000,0,0,0,0,0,0,0,0
1197000,1,1,1647,1,1,tick,1197001,0,0,0,0,5000000000,1000000000,10000000000,500000000,1000000000,4611686018427387904,1000,4000,100000,1,0,9223372036854775808,5000000000,5000000000,0,0,0,0,0,0,0,0,9223372036854775808,5000000000,5000000000,0,0,0,0,0,0,0,0
1198000,1,0,1648,0,0,tick,1198001,0,0,0,0,5000000000,1000000000,10000000000,500000000,1000000000,4611686018427387904,1000,4000,100000,1,0,9223372036854775808,5000000000,5000000000,0,0,0,0,0,0,0,0,9223372036854775808,5000000000,5000000000,0,0,0,0,0,0,0,0
1198000,1,1,1648,1,1,tick,1198001,0,0,0,0,5000000000,1000000000,10000000000,500000000,1000000000,4611686018427387904,1000,4000,100000,1,0,9223372036854775808,5000000000,5000000000,0,0,0,0,0,0,0,0,9223372036854775808,5000000000,5000000000,0,0,0,0,0,0,0,0
1199000,1,0,1649,0,0,tick,1199001,0,0,0,0,5000000000,1000000000,10000000000,500000000,1000000000,4611686018427387904,1000,4000,100000,1,0,9223372036854775808,5000000000,5000000000,0,0,0,0,0,0,0,0,9223372036854775808,5000000000,5000000000,0,0,0,0,0,0,0,0
1199000,1,1,1649,1,1,tick,1199001,0,0,0,0,5000000000,1000000000,10000000000,500000000,1000000000,4611686018427387904,1000,4000,100000,1,0,9223372036854775808,5000000000,5000000000,0,0,0,0,0,0,0,0,9223372036854775808,5000000000,5000000000,0,0,0,0,0,0,0,0
1200000,1,0,1650,0,0,tick,1200001,0,0,0,0,5000000000,1000000000,10000000000,500000000,1000000000,4611686018427387904,1000,4000,100000,1,0,9223372036854775808,5000000000,5000000000,0,0,0,0,0,0,0,0,9223372036854775808,5000000000,5000000000,0,0,0,0,0,0,0,0
1200000,1,1,1650,1,1,tick,1200001,0,0,0,0,5000000000,1000000000,10000000000,500000000,1000000000,4611686018427387904,1000,4000,100000,1,0,9223372036854775808,5000000000,5000000000,0,0,0,0,0,0,0,0,9223372036854775808,5000000000,5000000000,0,0,0,0,0,0,0,0
1201000,1,0,1651,0,0,tick,1201001,0,0,0,0,5000000000,1000000000,10000000000,500000000,1000000000,4611686018427387904,1000,4000,100000,1,0,9223372036854775808,5000000000,5000000000,0,0,0,0,0,0,0,0,9223372036854775808,5000000000,5000000000,0,0,0,0,0,0,0,0
1201000,1,1,1651,1,1,tick,1201001,0,0,0,0,5000000000,1000000000,10000000000,500000000,1000000000,4611686018427387904,1000,4000,100000,1,0,9223372036854775808,5000000000,5000000000,0,0,0,0,0,0,0,0,9223372036854775808,5000000000,5000000000,0,0,0,0,0,0,0,0
1202000,1,0,1653,0,0,tick,1202001,0,0,0,0,5000000000,1000000000,10000000000,500000000,1000000000,4611686018427387904,1000,4000,100000,1,0,9223372036854775808,5000000000,5000000000,0,0,0,0,0,0,0,0,9223372036854775808,5000000000,5000000000,0,0,0,0,0,0,0,0
1202000,1,1,1653,1,1,tick,1202001,0,0,0,0,5000000000,1000000000,10000000000,500000000,1000000000,4611686018427387904,1000,4000,100000,1,0,9223372036854775808,5000000000,5000000000,0,0,0,0,0,0,0,0,9223372036854775808,5000000000,5000000000,0,0,0,0,0,0,0,0
1203000,1,0,1656,0,0,tick,1203001,0,0,0,0,5000000000,1000000000,10000000000,500000000,1000000000,4611686018427387904,1000,4000,100000,1,0,9223372036854775808,5000000000,5000000000,0,0,0,0,0,0,0,0,9223372036854775808,5000000000,5000000000,0,0,0,0,0,0,0,0
1203000,1,1,1656,1,1,tick,1203001,0,0,0,0,5000000000,1000000000,10000000000,500000000,1000000000,4611686018427387904,1000,4000,100000,1,0,9223372036854775808,5000000000,5000000000,0,0,0,0,0,0,0,0,9223372036854775808,5000000000,5000000000,0,0,0,0,0,0,0,0
1204000,1,0,1657,0,0,tick,1204001,0,0,0,0,5000000000,1000000000,10000000000,500000000,1000000000,4611686018427387904,1000,4000,100000,1,0,9223372036854775808,5000000000,5000000000,0,0,0,0,0,0,0,0,9223372036854775808,5000000000,5000000000,0,0,0,0,0,0,0,0
1204000,1,1,1657,1,1,tick,1204001,0,0,0,0,5000000000,1000000000,10000000000,500000000,1000000000,4611686018427387904,1000,4000,100000,1,0,9223372036854775808,5000000000,5000000000,0,0,0,0,0,0,0,0,9223372036854775808,5000000000,5000000000,0,0,0,0,0,0,0,0
1205000,1,0,1658,0,0,tick,1205001,0,0,0,0,5000000000,1000000000,10000000000,500000000,1000000000,4611686018427387904,1000,4000,100000,1,0,9223372036854775808,5000000000,5000000000,0,0,0,0,0,0,0,0,9223372036854775808,5000000000,5000000000,0,0,0,0,0,0,0,0
1205000,1,1,1658,1,1,tick,1205001,0,0,0,0,5000000000,1000000000,10000000000,500000000,1000000000,4611686018427387904,1000,4000,100000,1,0,9223372036854775808,5000000000,5000000000,0,0,0,0,0,0,0,0,9223372036854775808,5000000000,5000000000,0,0,0,0,0,0,0,0
1206000,1,0,1659,0,0,tick,1206001,0,0,0,0,5000000000,1000000000,10000000000,500000000,1000000000,4611686018427387904,1000,4000,100000,1,0,9223372036854775808,5000000000,5000000000,0,0,0,0,0,0,0,0,9223372036854775808,5000000000,5000000000,0,0,0,0,0,0,0,0
1206000,1,1,1659,1,1,tick,1206001,0,0,0,0,5000000000,1000000000,10000000000,500000000,1000000000,4611686018427387904,1000,4000,100000,1,0,9223372036854775808,5000000000,5000000000,0,0,0,0,0,0,0,0,9223372036854775808,5000000000,5000000000,0,0,0,0,0,0,0,0
1207000,1,0,1660,0,0,tick,1207001,0,0,0,0,5000000000,1000000000,10000000000,500000000,1000000000,4611686018427387904,1000,4000,100000,1,0,9223372036854775808,5000000000,5000000000,0,0,0,0,0,0,0,0,9223372036854775808,5000000000,5000000000,0,0,0,0,0,0,0,0
1207000,1,1,1660,1,1,tick,1207001,0,0,0,0,5000000000,1000000000,10000000000,500000000,1000000000,4611686018427387904,1000,4000,100000,1,0,9223372036854775808,5000000000,5000000000,0,0,0,0,0,0,0,0,9223372036854775808,5000000000,5000000000,0,0,0,0,0,0,0,0
1208000,1,0,1661,0,0,tick,1208001,0,0,0,0,5000000000,1000000000,10000000000,500000000,1000000000,4611686018427387904,1000,4000,100000,1,0,9223372036854775808,5000000000,5000000000,0,0,0,0,0,0,0,0,9223372036854775808,5000000000,5000000000,0,0,0,0,0,0,0,0
1208000,1,1,1661,1,1,tick,1208001,0,0,0,0,5000000000,1000000000,10000000000,500000000,1000000000,4611686018427387904,1000,4000,100000,1,0,9223372036854775808,5000000000,5000000000,0,0,0,0,0,0,0,0,9223372036854775808,5000000000,5000000000,0,0,0,0,0,0,0,0
1209000,1,0,1662,0,0,tick,1209001,0,0,0,0,5000000000,1000000000,10000000000,500000000,1000000000,4611686018427387904,1000,4000,100000,1,0,9223372036854775808,5000000000,5000000000,0,0,0,0,0,0,0,0,9223372036854775808,5000000000,5000000000,0,0,0,0,0,0,0,0
1209000,1,1,1662,1,1,tick,1209001,0,0,0,0,5000000000,1000000000,10000000000,500000000,1000000000,4611686018427387904,1000,4000,100000,1,0,9223372036854775808,5000000000,5000000000,0,0,0,0,0,0,0,0,9223372036854775808,5000000000,5000000000,0,0,0,0,0,0,0,0
1210000,1,0,1664,0,0,tick,1210001,0,0,0,0,5000000000,1000000000,10000000000,500000000,1000000000,4611686018427387904,1000,4000,100000,1,0,9223372036854775808,5000000000,5000000000,0,0,0,0,0,0,0,0,9223372036854775808,5000000000,5000000000,0,0,0,0,0,0,0,0
1210000,1,1,1664,1,1,tick,1210001,0,0,0,0,5000000000,1000000000,10000000000,500000000,1000000000,4611686018427387904,1000,4000,100000,1,0,9223372036854775808,5000000000,5000000000,0,0,0,0,0,0,0,0,9223372036854775808,5000000000,5000000000,0,0,0,0,0,0,0,0
1211000,1,0,1667,0,0,tick,1211001,0,0,0,0,5000000000,1000000000,10000000000,500000000,1000000000,4611686018427387904,1000,4000,100000,1,0,9223372036854775808,5000000000,5000000000,0,0,0,0,0,0,0,0,9223372036854775808,5000000000,5000000000,0,0,0,0,0,0,0,0
1211000,1,1,1667,1,1,tick,1211001,0,0,0,0,5000000000,1000000000,10000000000,500000000,1000000000,4611686018427387904,1000,4000,100000,1,0,9223372036854775808,5000000000,5000000000,0,0,0,0,0,0,0,0,9223372036854775808,5000000000,5000000000,0,0,0,0,0,0,0,0
1212000,1,0,1668,0,0,tick,1212001,0,0,0,0,5000000000,1000000000,10000000000,500000000,1000000000,4611686018427387904,1000,4000,100000,1,0,9223372036854775808,5000000000,5000000000,0,0,0,0,0,0,0,0,9223372036854775808,5000000000,5000000000,0,0,0,0,0,0,0,0
1212000,1,1,1668,1,1,tick,1212001,0,0,0,0,5000000000,1000000000,10000000000,500000000,1000000000,4611686018427387904,1000,4000,100000,1,0,9223372036854775808,5000000000,5000000000,0,0,0,0,0,0,0,0,9223372036854775808,5000000000,5000000000,0,0,0,0,0,0,0,0
1213000,1,0,1669,0,0,tick,1213001,0,0,0,0,5000000000,1000000000,10000000000,500000000,1000000000,4611686018427387904,1000,4000,100000,1,0,9223372036854775808,5000000000,5000000000,0,0,0,0,0,0,0,0,9223372036854775808,5000000000,5000000000,0,0,0,0,0,0,0,0
1213000,1,1,1669,1,1,tick,1213001,0,0,0,0,5000000000,1000000000,10000000000,500000000,1000000000,4611686018427387904,1000,4000,100000,1,0,9223372036854775808,5000000000,5000000000,0,0,0,0,0,0,0,0,9223372036854775808,5000000000,5000000000,0,0,0,0,0,0,0,0
1214000,1,0,1670,0,0,tick,1214001,0,0,0,0,5000000000,1000000000,10000000000,500000000,1000000000,4611686018427387904,1000,4000,100000,1,0,9223372036854775808,5000000000,5000000000,0,0,0,0,0,0,0,0,9223372036854775808,5000000000,5000000000,0,0,0,0,0,0,0,0
1214000,1,1,1670,1,1,tick,1214001,0,0,0,0,5000000000,1000000000,10000000000,500000000,1000000000,4611686018427387904,1000,4000,100000,1,0,9223372036854775808,5000000000,5000000000,0,0,0,0,0,0,0,0,9223372036854775808,5000000000,5000000000,0,0,0,0,0,0,0,0
1215000,1,0,1671,0,0,tick,1215001,0,0,0,0,5000000000,1000000000,10000000000,500000000,1000000000,4611686018427387904,1000,4000,100000,1,0,9223372036854775808,5000000000,5000000000,0,0,0,0,0,0,0,0,9223372036854775808,5000000000,5000000000,0,0,0,0,0,0,0,0
1215000,1,1,1671,1,1,tick,1215001,0,0,0,0,5000000000,1000000000,10000000000,500000000,1000000000,4611686018427387904,1000,4000,100000,1,0,9223372036854775808,5000000000,5000000000,0,0,0,0,0,0,0,0,9223372036854775808,5000000000,5000000000,0,0,0,0,0,0,0,0
1216000,1,0,1672,0,0,tick,1216001,0,0,0,0,5000000000,1000000000,10000000000,500000000,1000000000,4611686018427387904,1000,4000,100000,1,0,9223372036854775808,5000000000,5000000000,0,0,0,0,0,0,0,0,9223372036854775808,5000000000,5000000000,0,0,0,0,0,0,0,0
1216000,1,1,1672,1,1,tick,1216001,0,0,0,0,5000000000,1000000000,10000000000,500000000,1000000000,4611686018427387904,1000,4000,100000,1,0,9223372036854775808,5000000000,5000000000,0,0,0,0,0,0,0,0,9223372036854775808,5000000000,5000000000,0,0,0,0,0,0,0,0
1217000,1,0,1673,0,0,tick,1217001,0,0,0,0,5000000000,1000000000,10000000000,500000000,1000000000,4611686018427387904,1000,4000,100000,1,0,9223372036854775808,5000000000,5000000000,0,0,0,0,0,0,0,0,9223372036854775808,5000000000,5000000000,0,0,0,0,0,0,0,0
1217000,1,1,1673,1,1,tick,1217001,0,0,0,0,5000000000,1000000000,10000000000,500000000,1000000000,4611686018427387904,1000,4000,100000,1,0,9223372036854775808,5000000000,5000000000,0,0,0,0,0,0,0,0,9223372036854775808,5000000000,5000000000,0,0,0,0,0,0,0,0
1218000,1,0,1675,0,0,tick,1218001,0,0,0,0,5000000000,1000000000,10000000000,500000000,1000000000,4611686018427387904,1000,4000,100000,1,0,9223372036854775808,5000000000,5000000000,0,0,0,0,0,0,0,0,9223372036854775808,5000000000,5000000000,0,0,0,0,0,0,0,0
1218000,1,1,1675,1,1,tick,1218001,0,0,0,0,5000000000,1000000000,10000000000,500000000,1000000000,4611686018427387904,1000,4000,100000,1,0,9223372036854775808,5000000000,5000000000,0,0,0,0,0,0,0,0,9223372036854775808,5000000000,5000000000,0,0,0,0,0,0,0,0
1219000,1,0,1678,0,0,tick,1219001,0,0,0,0,5000000000,1000000000,10000000000,500000000,1000000000,4611686018427387904,1000,4000,100000,1,0,9223372036854775808,5000000000,5000000000,0,0,0,0,0,0,0,0,9223372036854775808,5000000000,5000000000,0,0,0,0,0,0,0,0
1219000,1,1,1678,1,1,tick,1219001,0,0,0,0,5000000000,1000000000,10000000000,500000000,1000000000,4611686018427387904,1000,4000,100000,1,0,9223372036854775808,5000000000,5000000000,0,0,0,0,0,0,0,0,9223372036854775808,5000000000,5000000000,0,0,0,0,0,0,0,0
1220000,1,0,1679,0,0,tick,1220001,0,0,0,0,5000000000,1000000000,10000000000,500000000,1000000000,4611686018427387904,1000,4000,100000,1,0,9223372036854775808,5000000000,5000000000,0,0,0,0,0,0,0,0,9223372036854775808,5000000000,5000000000,0,0,0,0,0,0,0,0
1220000,1,1,1679,1,1,tick,1220001,0,0,0,0,5000000000,1000000000,10000000000,500000000,1000000000,4611686018427387904,1000,4000,100000,1,0,9223372036854775808,5000000000,5000000000,0,0,0,0,0,0,0,0,9223372036854775808,5000000000,5000000000,0,0,0,0,0,0,0,0
1221000,1,0,1680,0,0,tick,1221001,0,0,0,0,5000000000,1000000000,10000000000,500000000,1000000000,4611686018427387904,1000,4000,100000,1,0,9223372036854775808,5000000000,5000000000,0,0,0,0,0,0,0,0,9223372036854775808,5000000000,5000000000,0,0,0,0,0,0,0,0
1221000,1,1,1680,1,1,tick,1221001,0,0,0,0,5000000000,1000000000,10000000000,500000000,1000000000,4611686018427387904,1000,4000,100000,1,0,9223372036854775808,5000000000,5000000000,0,0,0,0,0,0,0,0,9223372036854775808,5000000000,5000000000,0,0,0,0,0,0,0,0
1222000,1,0,1681,0,0,tick,1222001,0,0,0,0,5000000000,1000000000,10000000000,500000000,1000000000,4611686018427387904,1000,4000,100000,1,0,9223372036854775808,5000000000,5000000000,0,0,0,0,0,0,0,0,9223372036854775808,5000000000,5000000000,0,0,0,0,0,0,0,0
1222000,1,1,1681,1,1,tick,1222001,0,0,0,0,5000000000,1000000000,10000000000,500000000,1000000000,4611686018427387904,1000,4000,100000,1,0,9223372036854775808,5000000000,5000000000,0,0,0,0,0,0,0,0,9223372036854775808,5000000000,5000000000,0,0,0,0,0,0,0,0
1223000,1,0,1682,0,0,tick,1223001,0,0,0,0,5000000000,1000000000,10000000000,500000000,1000000000,4611686018427387904,1000,4000,100000,1,0,9223372036854775808,5000000000,5000000000,0,0,0,0,0,0,0,0,9223372036854775808,5000000000,5000000000,0,0,0,0,0,0,0,0
1223000,1,1,1682,1,1,tick,1223001,0,0,0,0,5000000000,1000000000,10000000000,500000000,1000000000,4611686018427387904,1000,4000,100000,1,0,9223372036854775808,5000000000,5000000000,0,0,0,0,0,0,0,0,9223372036854775808,5000000000,5000000000,0,0,0,0,0,0,0,0
1224000,1,0,1683,0,0,tick,1224001,0,0,0,0,5000000000,1000000000,10000000000,500000000,1000000000,4611686018427387904,1000,4000,100000,1,0,9223372036854775808,5000000000,5000000000,0,0,0,0,0,0,0,0,9223372036854775808,5000000000,5000000000,0,0,0,0,0,0,0,0
1224000,1,1,1683,1,1,tick,1224001,0,0,0,0,5000000000,1000000000,10000000000,500000000,1000000000,4611686018427387904,1000,4000,100000,1,0,9223372036854775808,5000000000,5000000000,0,0,0,0,0,0,0,0,9223372036854775808,5000000000,5000000000,0,0,0,0,0,0,0,0
1225000,1,0,1684,0,0,tick,1225001,0,0,0,0,5000000000,1000000000,10000000000,500000000,1000000000,4611686018427387904,1000,4000,100000,1,0,9223372036854775808,5000000000,5000000000,0,0,0,0,0,0,0,0,9223372036854775808,5000000000,5000000000,0,0,0,0,0,0,0,0
1225000,1,1,1684,1,1,tick,1225001,0,0,0,0,5000000000,1000000000,10000000000,500000000,1000000000,4611686018427387904,1000,4000,100000,1,0,9223372036854775808,5000000000,5000000000,0,0,0,0,0,0,0,0,9223372036854775808,5000000000,5000000000,0,0,0,0,0,0,0,0
1226000,1,0,1686,0,0,tick,1226001,0,0,0,0,5000000000,1000000000,10000000000,500000000,1000000000,4611686018427387904,1000,4000,100000,1,0,9223372036854775808,5000000000,5000000000,0,0,0,0,0,0,0,0,9223372036854775808,5000000000,5000000000,0,0,0,0,0,0,0,0
1226000,1,1,1686,1,1,tick,1226001,0,0,0,0,5000000000,1000000000,10000000000,500000000,1000000000,4611686018427387904,1000,4000,100000,1,0,9223372036854775808,5000000000,5000000000,0,0,0,0,0,0,0,0,9223372036854775808,5000000000,5000000000,0,0,0,0,0,0,0,0
1227000,1,0,1689,0,0,tick,1227001,0,0,0,0,5000000000,1000000000,10000000000,500000000,1000000000,4611686018427387904,1000,4000,100000,1,0,9223372036854775808,5000000000,5000000000,0,0,0,0,0,0,0,0,9223372036854775808,5000000000,5000000000,0,0,0,0,0,0,0,0
1227000,1,1,1689,1,1,tick,1227001,0,0,0,0,5000000000,1000000000,10000000000,500000000,1000000000,4611686018427387904,1000,4000,100000,1,0,9223372036854775808,5000000000,5000000000,0,0,0,0,0,0,0,0,9223372036854775808,5000000000,5000000000,0,0,0,0,0,0,0,0
1228000,1,0,1690,0,0,tick,1228001,0,0,0,0,5000000000,1000000000,10000000000,500000000,1000000000,4611686018427387904,1000,4000,100000,1,0,9223372036854775808,5000000000,5000000000,0,0,0,0,0,0,0,0,9223372036854775808,5000000000,5000000000,0,0,0,0,0,0,0,0
1228000,1,1,1690,1,1,tick,1228001,0,0,0,0,5000000000,1000000000,10000000000,500000000,1000000000,4611686018427387904,1000,4000,100000,1,0,9223372036854775808,5000000000,5000000000,0,0,0,0,0,0,0,0,9223372036854775808,5000000000,5000000000,0,0,0,0,0,0,0,0
1229000,1,0,1691,0,0,tick,1229001,0,0,0,0,5000000000,1000000000,10000000000,500000000,1000000000,4611686018427387904,1000,4000,100000,1,0,9223372036854775808,5000000000,5000000000,0,0,0,0,0,0,0,0,9223372036854775808,5000000000,5000000000,0,0,0,0,0,0,0,0
1229000,1,1,1691,1,1,tick,1229001,0,0,0,0,5000000000,1000000000,10000000000,500000000,1000000000,4611686018427387904,1000,4000,100000,1,0,9223372036854775808,5000000000,5000000000,0,0,0,0,0,0,0,0,9223372036854775808,5000000000,5000000000,0,0,0,0,0,0,0,0
1230000,1,0,1692,0,0,tick,1230001,0,0,0,0,5000000000,1000000000,10000000000,500000000,1000000000,4611686018427387904,1000,4000,100000,1,0,9223372036854775808,5000000000,5000000000,0,0,0,0,0,0,0,0,9223372036854775808,5000000000,5000000000,0,0,0,0,0,0,0,0
1230000,1,1,1692,1,1,tick,1230001,0,0,0,0,5000000000,1000000000,10000000000,500000000,1000000000,4611686018427387904,1000,4000,100000,1,0,9223372036854775808,5000000000,5000000000,0,0,0,0,0,0,0,0,9223372036854775808,5000000000,5000000000,0,0,0,0,0,0,0,0
1231000,1,0,1693,0,0,tick,1231001,0,0,0,0,5000000000,1000000000,10000000000,500000000,1000000000,4611686018427387904,1000,4000,100000,1,0,9223372036854775808,5000000000,5000000000,0,0,0,0,0,0,0,0,9223372036854775808,5000000000,5000000000,0,0,0,0,0,0,0,0
1231000,1,1,1693,1,1,tick,1231001,0,0,0,0,5000000000,1000000000,10000000000,500000000,1000000000,4611686018427387904,1000,4000,100000,1,0,9223372036854775808,5000000000,5000000000,0,0,0,0,0,0,0,0,9223372036854775808,5000000000,5000000000,0,0,0,0,0,0,0,0
1232000,1,0,1694,0,0,tick,1232001,0,0,0,0,5000000000,1000000000,10000000000,500000000,1000000000,4611686018427387904,1000,4000,100000,1,0,9223372036854775808,5000000000,5000000000,0,0,0,0,0,0,0,0,9223372036854775808,5000000000,5000000000,0,0,0,0,0,0,0,0
1232000,1,1,1694,1,1,tick,1232001,0,0,0,0,5000000000,1000000000,10000000000,500000000,1000000000,4611686018427387904,1000,4000,100000,1,0,9223372036854775808,5000000000,5000000000,0,0,0,0,0,0,0,0,9223372036854775808,5000000000,5000000000,0,0,0,0,0,0,0,0
1233000,1,0,1695,0,0,tick,1233001,0,0,0,0,5000000000,1000000000,10000000000,500000000,1000000000,4611686018427387904,1000,4000,100000,1,0,9223372036854775808,5000000000,5000000000,0,0,0,0,0,0,0,0,9223372036854775808,5000000000,5000000000,0,0,0,0,0,0,0,0
1233000,1,1,1695,1,1,tick,1233001,0,0,0,0,5000000000,1000000000,10000000000,500000000,1000000000,4611686018427387904,1000,4000,100000,1,0,9223372036854775808,5000000000,5000000000,0,0,0,0,0,0,0,0,9223372036854775808,5000000000,5000000000,0,0,0,0,0,0,0,0
1234000,1,0,1697,0,0,tick,1234001,0,0,0,0,5000000000,1000000000,10000000000,500000000,1000000000,4611686018427387904,1000,4000,100000,1,0,9223372036854775808,5000000000,5000000000,0,0,0,0,0,0,0,0,9223372036854775808,5000000000,5000000000,0,0,0,0,0,0,0,0
1234000,1,1,1697,1,1,tick,1234001,0,0,0,0,5000000000,1000000000,10000000000,500000000,1000000000,4611686018427387904,1000,4000,100000,1,0,9223372036854775808,5000000000,5000000000,0,0,0,0,0,0,0,0,9223372036854775808,5000000000,5000000000,0,0,0,0,0,0,0,0
1235000,1,0,1700,0,0,tick,1235001,0,0,0,0,5000000000,1000000000,10000000000,500000000,1000000000,4611686018427387904,1000,4000,100000,1,0,9223372036854775808,5000000000,5000000000,0,0,0,0,0,0,0,0,9223372036854775808,5000000000,5000000000,0,0,0,0,0,0,0,0
1235000,1,1,1700,1,1,tick,1235001,0,0,0,0,5000000000,1000000000,10000000000,500000000,1000000000,4611686018427387904,1000,4000,100000,1,0,9223372036854775808,5000000000,5000000000,0,0,0,0,0,0,0,0,9223372036854775808,5000000000,5000000000,0,0,0,0,0,0,0,0
1236000,1,0,1701,0,0,tick,1236001,0,0,0,0,5000000000,1000000000,10000000000,500000000,1000000000,4611686018427387904,1000,4000,100000,1,0,9223372036854775808,5000000000,5000000000,0,0,0,0,0,0,0,0,9223372036854775808,5000000000,5000000000,0,0,0,0,0,0,0,0
1236000,1,1,1701,1,1,tick,1236001,0,0,0,0,5000000000,1000000000,10000000000,500000000,1000000000,4611686018427387904,1000,4000,100000,1,0,9223372036854775808,5000000000,5000000000,0,0,0,0,0,0,0,0,9223372036854775808,5000000000,5000000000,0,0,0,0,0,0,0,0
1237000,1,0,1702,0,0,tick,1237001,0,0,0,0,5000000000,1000000000,10000000000,500000000,1000000000,4611686018427387904,1000,4000,100000,1,0,9223372036854775808,5000000000,5000000000,0,0,0,0,0,0,0,0,9223372036854775808,5000000000,5000000000,0,0,0,0,0,0,0,0
1237000,1,1,1702,1,1,tick,1237001,0,0,0,0,5000000000,1000000000,10000000000,500000000,1000000000,4611686018427387904,1000,4000,100000,1,0,9223372036854775808,5000000000,5000000000,0,0,0,0,0,0,0,0,9223372036854775808,5000000000,5000000000,0,0,0,0,0,0,0,0
1238000,1,0,1703,0,0,tick,1238001,0,0,0,0,5000000000,1000000000,10000000000,500000000,1000000000,4611686018427387904,1000,4000,100000,1,0,9223372036854775808,5000000000,5000000000,0,0,0,0,0,0,0,0,9223372036854775808,5000000000,5000000000,0,0,0,0,0,0,0,0
1238000,1,1,1703,1,1,tick,1238001,0,0,0,0,5000000000,1000000000,10000000000,500000000,1000000000,4611686018427387904,1000,4000,100000,1,0,9223372036854775808,5000000000,5000000000,0,0,0,0,0,0,0,0,9223372036854775808,5000000000,5000000000,0,0,0,0,0,0,0,0
1239000,1,0,1704,0,0,tick,1239001,0,0,0,0,5000000000,1000000000,10000000000,500000000,1000000000,4611686018427387904,1000,4000,100000,1,0,9223372036854775808,5000000000,5000000000,0,0,0,0,0,0,0,0,9223372036854775808,5000000000,5000000000,0,0,0,0,0,0,0,0
1239000,1,1,1704,1,1,tick,1239001,0,0,0,0,5000000000,1000000000,10000000000,500000000,1000000000,4611686018427387904,1000,4000,100000,1,0,9223372036854775808,5000000000,5000000000,0,0,0,0,0,0,0,0,9223372036854775808,5000000000,5000000000,0,0,0,0,0,0,0,0
1240000,1,0,1705,0,0,tick,1240001,0,0,0,0,5000000000,1000000000,10000000000,500000000,1000000000,4611686018427387904,1000,4000,100000,1,0,9223372036854775808,5000000000,5000000000,0,0,0,0,0,0,0,0,9223372036854775808,5000000000,5000000000,0,0,0,0,0,0,0,0
1240000,1,1,1705,1,1,tick,1240001,0,0,0,0,5000000000,1000000000,10000000000,500000000,1000000000,4611686018427387904,1000,4000,100000,1,0,9223372036854775808,5000000000,5000000000,0,0,0,0,0,0,0,0,9223372036854775808,5000000000,5000000000,0,0,0,0,0,0,0,0
1241000,1,0,1706,0,0,tick,1241001,0,0,0,0,5000000000,1000000000,10000000000,500000000,1000000000,4611686018427387904,1000,4000,100000,1,0,9223372036854775808,5000000000,5000000000,0,0,0,0,0,0,0,0,9223372036854775808,5000000000,5000000000,0,0,0,0,0,0,0,0
1241000,1,1,1706,1,1,tick,1241001,0,0,0,0,5000000000,1000000000,10000000000,500000000,1000000000,4611686018427387904,1000,4000,100000,1,0,9223372036854775808,5000000000,5000000000,0,0,0,0,0,0,0,0,9223372036854775808,5000000000,5000000000,0,0,0,0,0,0,0,0
1242000,1,0,1708,0,0,tick,1242001,0,0,0,0,5000000000,1000000000,10000000000,500000000,1000000000,4611686018427387904,1000,4000,100000,1,0,9223372036854775808,5000000000,5000000000,0,0,0,0,0,0,0,0,9223372036854775808,5000000000,5000000000,0,0,0,0,0,0,0,0
1242000,1,1,1708,1,1,tick,1242001,0,0,0,0,5000000000,1000000000,10000000000,500000000,1000000000,4611686018427387904,1000,4000,100000,1,0,9223372036854775808,5000000000,5000000000,0,0,0,0,0,0,0,0,9223372036854775808,5000000000,5000000000,0,0,0,0,0,0,0,0
1243000,1,0,1711,0,0,tick,1243001,0,0,0,0,5000000000,1000000000,10000000000,500000000,1000000000,4611686018427387904,1000,4000,100000,1,0,9223372036854775808,5000000000,5000000000,0,0,0,0,0,0,0,0,9223372036854775808,5000000000,5000000000,0,0,0,0,0,0,0,0
1243000,1,1,1711,1,1,tick,1243001,0,0,0,0,5000000000,1000000000,10000000000,500000000,1000000000,4611686018427387904,1000,4000,100000,1,0,9223372036854775808,5000000000,5000000000,0,0,0,0,0,0,0,0,9223372036854775808,5000000000,5000000000,0,0,0,0,0,0,0,0
1244000,1,0,1712,0,0,tick,1244001,0,0,0,0,5000000000,1000000000,10000000000,500000000,1000000000,4611686018427387904,1000,4000,100000,1,0,9223372036854775808,5000000000,5000000000,0,0,0,0,0,0,0,0,9223372036854775808,5000000000,5000000000,0,0,0,0,0,0,0,0
1244000,1,1,1712,1,1,tick,1244001,0,0,0,0,5000000000,1000000000,10000000000,500000000,1000000000,4611686018427387904,1000,4000,100000,1,0,9223372036854775808,5000000000,5000000000,0,0,0,0,0,0,0,0,9223372036854775808,5000000000,5000000000,0,0,0,0,0,0,0,0
1245000,1,0,1713,0,0,tick,1245001,0,0,0,0,5000000000,1000000000,10000000000,500000000,1000000000,4611686018427387904,1000,4000,100000,1,0,9223372036854775808,5000000000,5000000000,0,0,0,0,0,0,0,0,9223372036854775808,5000000000,5000000000,0,0,0,0,0,0,0,0
1245000,1,1,1713,1,1,tick,1245001,0,0,0,0,5000000000,1000000000,10000000000,500000000,1000000000,4611686018427387904,1000,4000,100000,1,0,9223372036854775808,5000000000,5000000000,0,0,0,0,0,0,0,0,9223372036854775808,5000000000,5000000000,0,0,0,0,0,0,0,0
1246000,1,0,1714,0,0,tick,1246001,0,0,0,0,5000000000,1000000000,10000000000,500000000,1000000000,4611686018427387904,1000,4000,100000,1,0,9223372036854775808,5000000000,5000000000,0,0,0,0,0,0,0,0,9223372036854775808,5000000000,5000000000,0,0,0,0,0,0,0,0
1246000,1,1,1714,1,1,tick,1246001,0,0,0,0,5000000000,1000000000,10000000000,500000000,1000000000,4611686018427387904,1000,4000,100000,1,0,9223372036854775808,5000000000,5000000000,0,0,0,0,0,0,0,0,9223372036854775808,5000000000,5000000000,0,0,0,0,0,0,0,0
1247000,1,0,1715,0,0,tick,1247001,0,0,0,0,5000000000,1000000000,10000000000,500000000,1000000000,4611686018427387904,1000,4000,100000,1,0,9223372036854775808,5000000000,5000000000,0,0,0,0,0,0,0,0,9223372036854775808,5000000000,5000000000,0,0,0,0,0,0,0,0
1247000,1,1,1715,1,1,tick,1247001,0,0,0,0,5000000000,1000000000,10000000000,500000000,1000000000,4611686018427387904,1000,4000,100000,1,0,9223372036854775808,5000000000,5000000000,0,0,0,0,0,0,0,0,9223372036854775808,5000000000,5000000000,0,0,0,0,0,0,0,0
1248000,1,0,1716,0,0,tick,1248001,0,0,0,0,5000000000,1000000000,10000000000,500000000,1000000000,4611686018427387904,1000,4000,100000,1,0,9223372036854775808,5000000000,5000000000,0,0,0,0,0,0,0,0,9223372036854775808,5000000000,5000000000,0,0,0,0,0,0,0,0
1248000,1,1,1716,1,1,tick,1248001,0,0,0,0,5000000000,1000000000,10000000000,500000000,1000000000,4611686018427387904,1000,4000,100000,1,0,9223372036854775808,5000000000,5000000000,0,0,0,0,0,0,0,0,9223372036854775808,5000000000,5000000000,0,0,0,0,0,0,0,0
1249000,1,0,1717,0,0,tick,1249001,0,0,0,0,5000000000,1000000000,10000000000,500000000,1000000000,4611686018427387904,1000,4000,100000,1,0,9223372036854775808,5000000000,5000000000,0,0,0,0,0,0,0,0,9223372036854775808,5000000000,5000000000,0,0,0,0,0,0,0,0
1249000,1,1,1717,1,1,tick,1249001,0,0,0,0,5000000000,1000000000,10000000000,500000000,1000000000,4611686018427387904,1000,4000,100000,1,0,9223372036854775808,5000000000,5000000000,0,0,0,0,0,0,0,0,9223372036854775808,5000000000,5000000000,0,0,0,0,0,0,0,0
1250000,1,0,1719,0,0,tick,1250001,0,0,0,0,5000000000,1000000000,10000000000,500000000,1000000000,4611686018427387904,1000,4000,100000,1,0,9223372036854775808,5000000000,5000000000,0,0,0,0,0,0,0,0,9223372036854775808,5000000000,5000000000,0,0,0,0,0,0,0,0
1250000,1,1,1719,1,1,tick,1250001,0,0,0,0,5000000000,1000000000,10000000000,500000000,1000000000,4611686018427387904,1000,4000,100000,1,0,9223372036854775808,5000000000,5000000000,0,0,0,0,0,0,0,0,9223372036854775808,5000000000,5000000000,0,0,0,0,0,0,0,0
1251000,1,0,1722,0,0,tick,1251001,0,0,0,0,5000000000,1000000000,10000000000,500000000,1000000000,4611686018427387904,1000,4000,100000,1,0,9223372036854775808,5000000000,5000000000,0,0,0,0,0,0,0,0,9223372036854775808,5000000000,5000000000,0,0,0,0,0,0,0,0
1251000,1,1,1722,1,1,tick,1251001,0,0,0,0,5000000000,1000000000,10000000000,500000000,1000000000,4611686018427387904,1000,4000,100000,1,0,9223372036854775808,5000000000,5000000000,0,0,0,0,0,0,0,0,9223372036854775808,5000000000,5000000000,0,0,0,0,0,0,0,0
1252000,1,0,1723,0,0,tick,1252001,0,0,0,0,5000000000,1000000000,10000000000,500000000,1000000000,4611686018427387904,1000,4000,100000,1,0,9223372036854775808,5000000000,5000000000,0,0,0,0,0,0,0,0,9223372036854775808,5000000000,5000000000,0,0,0,0,0,0,0,0
1252000,1,1,1723,1,1,tick,1252001,0,0,0,0,5000000000,1000000000,10000000000,500000000,1000000000,4611686018427387904,1000,4000,100000,1,0,9223372036854775808,5000000000,5000000000,0,0,0,0,0,0,0,0,9223372036854775808,5000000000,5000000000,0,0,0,0,0,0,0,0
1253000,1,0,1724,0,0,tick,1253001,0,0,0,0,5000000000,1000000000,10000000000,500000000,1000000000,4611686018427387904,1000,4000,100000,1,0,9223372036854775808,5000000000,5000000000,0,0,0,0,0,0,0,0,9223372036854775808,5000000000,5000000000,0,0,0,0,0,0,0,0
1253000,1,1,1724,1,1,tick,1253001,0,0,0,0,5000000000,1000000000,10000000000,500000000,1000000000,4611686018427387904,1000,4000,100000,1,0,9223372036854775808,5000000000,5000000000,0,0,0,0,0,0,0,0,9223372036854775808,5000000000,5000000000,0,0,0,0,0,0,0,0
1254000,1,0,1725,0,0,tick,1254001,0,0,0,0,5000000000,1000000000,10000000000,500000000,1000000000,4611686018427387904,1000,4000,100000,1,0,9223372036854775808,5000000000,5000000000,0,0,0,0,0,0,0,0,9223372036854775808,5000000000,5000000000,0,0,0,0,0,0,0,0
1254000,1,1,1725,1,1,tick,1254001,0,0,0,0,5000000000,1000000000,10000000000,500000000,1000000000,4611686018427387904,1000,4000,100000,1,0,9223372036854775808,5000000000,5000000000,0,0,0,0,0,0,0,0,9223372036854775808,5000000000,5000000000,0,0,0,0,0,0,0,0
1255000,1,0,1726,0,0,tick,1255001,0,0,0,0,5000000000,1000000000,10000000000,500000000,1000000000,4611686018427387904,1000,4000,100000,1,0,9223372036854775808,5000000000,5000000000,0,0,0,0,0,0,0,0,9223372036854775808,5000000000,5000000000,0,0,0,0,0,0,0,0
1255000,1,1,1726,1,1,tick,1255001,0,0,0,0,5000000000,1000000000,10000000000,500000000,1000000000,4611686018427387904,1000,4000,100000,1,0,9223372036854775808,5000000000,5000000000,0,0,0,0,0,0,0,0,9223372036854775808,5000000000,5000000000,0,0,0,0,0,0,0,0
1256000,1,0,1727,0,0,tick,1256001,0,0,0,0,5000000000,1000000000,10000000000,500000000,1000000000,4611686018427387904,1000,4000,100000,1,0,9223372036854775808,5000000000,5000000000,0,0,0,0,0,0,0,0,9223372036854775808,5000000000,5000000000,0,0,0,0,0,0,0,0
1256000,1,1,1727,1,1,tick,1256001,0,0,0,0,5000000000,1000000000,10000000000,500000000,1000000000,4611686018427387904,1000,4000,100000,1,0,9223372036854775808,5000000000,5000000000,0,0,0,0,0,0,0,0,9223372036854775808,5000000000,5000000000,0,0,0,0,0,0,0,0
1257000,1,0,1728,0,0,tick,1257001,0,0,0,0,5000000000,1000000000,10000000000,500000000,1000000000,4611686018427387904,1000,4000,100000,1,0,9223372036854775808,5000000000,5000000000,0,0,0,0,0,0,0,0,9223372036854775808,5000000000,5000000000,0,0,0,0,0,0,0,0
1257000,1,1,1728,1,1,tick,1257001,0,0,0,0,5000000000,1000000000,10000000000,500000000,1000000000,4611686018427387904,1000,4000,100000,1,0,9223372036854775808,5000000000,5000000000,0,0,0,0,0,0,0,0,9223372036854775808,5000000000,5000000000,0,0,0,0,0,0,0,0
1258000,1,0,1730,0,0,tick,1258001,0,0,0,0,5000000000,1000000000,10000000000,500000000,1000000000,4611686018427387904,1000,4000,100000,1,0,9223372036854775808,5000000000,5000000000,0,0,0,0,0,0,0,0,9223372036854775808,5000000000,5000000000,0,0,0,0,0,0,0,0
1258000,1,1,1730,1,1,tick,1258001,0,0,0,0,5000000000,1000000000,10000000000,500000000,1000000000,4611686018427387904,1000,4000,100000,1,0,9223372036854775808,5000000000,5000000000,0,0,0,0,0,0,0,0,9223372036854775808,5000000000,5000000000,0,0,0,0,0,0,0,0
1259000,1,0,1733,0,0,tick,1259001,0,0,0,0,5000000000,1000000000,10000000000,500000000,1000000000,4611686018427387904,1000,4000,100000,1,0,9223372036854775808,5000000000,5000000000,0,0,0,0,0,0,0,0,9223372036854775808,5000000000,5000000000,0,0,0,0,0,0,0,0
1259000,1,1,1733,1,1,tick,1259001,0,0,0,0,5000000000,1000000000,10000000000,500000000,1000000000,4611686018427387904,1000,4000,100000,1,0,9223372036854775808,5000000000,5000000000,0,0,0,0,0,0,0,0,9223372036854775808,5000000000,5000000000,0,0,0,0,0,0,0,0
1260000,1,0,1734,0,0,tick,1260001,0,0,0,0,5000000000,1000000000,10000000000,500000000,1000000000,4611686018427387904,1000,4000,100000,1,0,9223372036854775808,5000000000,5000000000,0,0,0,0,0,0,0,0,9223372036854775808,5000000000,5000000000,0,0,0,0,0,0,0,0
1260000,1,1,1734,1,1,tick,1260001,0,0,0,0,5000000000,1000000000,10000000000,500000000,1000000000,4611686018427387904,1000,4000,100000,1,0,9223372036854775808,5000000000,5000000000,0,0,0,0,0,0,0,0,9223372036854775808,5000000000,5000000000,0,0,0,0,0,0,0,0
1261000,1,0,1735,0,0,tick,1261001,0,0,0,0,5000000000,1000000000,10000000000,500000000,1000000000,4611686018427387904,1000,4000,100000,1,0,9223372036854775808,5000000000,5000000000,0,0,0,0,0,0,0,0,9223372036854775808,5000000000,5000000000,0,0,0,0,0,0,0,0
1261000,1,1,1735,1,1,tick,1261001,0,0,0,0,5000000000,1000000000,10000000000,500000000,1000000000,4611686018427387904,1000,4000,100000,1,0,9223372036854775808,5000000000,5000000000,0,0,0,0,0,0,0,0,9223372036854775808,5000000000,5000000000,0,0,0,0,0,0,0,0
1262000,1,0,1736,0,0,tick,1262001,0,0,0,0,5000000000,1000000000,10000000000,500000000,1000000000,4611686018427387904,1000,4000,100000,1,0,9223372036854775808,5000000000,5000000000,0,0,0,0,0,0,0,0,9223372036854775808,5000000000,5000000000,0,0,0,0,0,0,0,0
1262000,1,1,1736,1,1,tick,1262001,0,0,0,0,5000000000,1000000000,10000000000,500000000,1000000000,4611686018427387904,1000,4000,100000,1,0,9223372036854775808,5000000000,5000000000,0,0,0,0,0,0,0,0,9223372036854775808,5000000000,5000000000,0,0,0,0,0,0,0,0
1263000,1,0,1737,0,0,tick,1263001,0,0,0,0,5000000000,1000000000,10000000000,500000000,1000000000,4611686018427387904,1000,4000,100000,1,0,9223372036854775808,5000000000,5000000000,0,0,0,0,0,0,0,0,9223372036854775808,5000000000,5000000000,0,0,0,0,0,0,0,0
1263000,1,1,1737,1,1,tick,1263001,0,0,0,0,5000000000,1000000000,10000000000,500000000,1000000000,4611686018427387904,1000,4000,100000,1,0,9223372036854775808,5000000000,5000000000,0,0,0,0,0,0,0,0,9223372036854775808,5000000000,5000000000,0,0,0,0,0,0,0,0
1264000,1,0,1738,0,0,tick,1264001,0,0,0,0,5000000000,1000000000,10000000000,500000000,1000000000,4611686018427387904,1000,4000,100000,1,0,9223372036854775808,5000000000,5000000000,0,0,0,0,0,0,0,0,9223372036854775808,5000000000,5000000000,0,0,0,0,0,0,0,0
1264000,1,1,1738,1,1,tick,1264001,0,0,0,0,5000000000,1000000000,10000000000,500000000,1000000000,4611686018427387904,1000,4000,100000,1,0,9223372036854775808,5000000000,5000000000,0,0,0,0,0,0,0,0,9223372036854775808,5000000000,5000000000,0,0,0,0,0,0,0,0
1265000,1,0,1739,0,0,tick,1265001,0,0,0,0,5000000000,1000000000,10000000000,500000000,1000000000,4611686018427387904,1000,4000,100000,1,0,9223372036854775808,5000000000,5000000000,0,0,0,0,0,0,0,0,9223372036854775808,5000000000,5000000000,0,0,0,0,0,0,0,0
1265000,1,1,1739,1,1,tick,1265001,0,0,0,0,5000000000,1000000000,10000000000,500000000,1000000000,4611686018427387904,1000,4000,100000,1,0,9223372036854775808,5000000000,5000000000,0,0,0,0,0,0,0,0,9223372036854775808,5000000000,5000000000,0,0,0,0,0,0,0,0
1266000,1,0,1741,0,0,tick,1266001,0,0,0,0,5000000000,1000000000,10000000000,500000000,1000000000,4611686018427387904,1000,4000,100000,1,0,9223372036854775808,5000000000,5000000000,0,0,0,0,0,0,0,0,9223372036854775808,5000000000,5000000000,0,0,0,0,0,0,0,0
1266000,1,1,1741,1,1,tick,1266001,0,0,0,0,5000000000,1000000000,10000000000,500000000,1000000000,4611686018427387904,1000,4000,100000,1,0,9223372036854775808,5000000000,5000000000,0,0,0,0,0,0,0,0,9223372036854775808,5000000000,5000000000,0,0,0,0,0,0,0,0
1267000,1,0,1744,0,0,tick,1267001,0,0,0,0,5000000000,1000000000,10000000000,500000000,1000000000,4611686018427387904,1000,4000,100000,1,0,9223372036854775808,5000000000,5000000000,0,0,0,0,0,0,0,0,9223372036854775808,5000000000,5000000000,0,0,0,0,0,0,0,0
1267000,1,1,1744,1,1,tick,1267001,0,0,0,0,5000000000,1000000000,10000000000,500000000,1000000000,4611686018427387904,1000,4000,100000,1,0,9223372036854775808,5000000000,5000000000,0,0,0,0,0,0,0,0,9223372036854775808,5000000000,5000000000,0,0,0,0,0,0,0,0
1268000,1,0,1745,0,0,tick,1268001,0,0,0,0,5000000000,1000000000,10000000000,500000000,1000000000,4611686018427387904,1000,4000,100000,1,0,9223372036854775808,5000000000,5000000000,0,0,0,0,0,0,0,0,9223372036854775808,5000000000,5000000000,0,0,0,0,0,0,0,0
1268000,1,1,1745,1,1,tick,1268001,0,0,0,0,5000000000,1000000000,10000000000,500000000,1000000000,4611686018427387904,1000,4000,100000,1,0,9223372036854775808,5000000000,5000000000,0,0,0,0,0,0,0,0,9223372036854775808,5000000000,5000000000,0,0,0,0,0,0,0,0
1269000,1,0,1746,0,0,tick,1269001,0,0,0,0,5000000000,1000000000,10000000000,500000000,1000000000,4611686018427387904,1000,4000,100000,1,0,9223372036854775808,5000000000,5000000000,0,0,0,0,0,0,0,0,9223372036854775808,5000000000,5000000000,0,0,0,0,0,0,0,0
1269000,1,1,1746,1,1,tick,1269001,0,0,0,0,5000000000,1000000000,10000000000,500000000,1000000000,4611686018427387904,1000,4000,100000,1,0,9223372036854775808,5000000000,5000000000,0,0,0,0,0,0,0,0,9223372036854775808,5000000000,5000000000,0,0,0,0,0,0,0,0
1270000,1,0,1747,0,0,tick,1270001,0,0,0,0,5000000000,1000000000,10000000000,500000000,1000000000,4611686018427387904,1000,4000,100000,1,0,9223372036854775808,5000000000,5000000000,0,0,0,0,0,0,0,0,9223372036854775808,5000000000,5000000000,0,0,0,0,0,0,0,0
1270000,1,1,1747,1,1,tick,1270001,0,0,0,0,5000000000,1000000000,10000000000,500000000,1000000000,4611686018427387904,1000,4000,100000,1,0,9223372036854775808,5000000000,5000000000,0,0,0,0,0,0,0,0,9223372036854775808,5000000000,5000000000,0,0,0,0,0,0,0,0
1271000,1,0,1748,0,0,tick,1271001,0,0,0,0,5000000000,1000000000,10000000000,500000000,1000000000,4611686018427387904,1000,4000,100000,1,0,9223372036854775808,5000000000,5000000000,0,0,0,0,0,0,0,0,9223372036854775808,5000000000,5000000000,0,0,0,0,0,0,0,0
1271000,1,1,1748,1,1,tick,1271001,0,0,0,0,5000000000,1000000000,10000000000,500000000,1000000000,4611686018427387904,1000,4000,100000,1,0,9223372036854775808,5000000000,5000000000,0,0,0,0,0,0,0,0,9223372036854775808,5000000000,5000000000,0,0,0,0,0,0,0,0
1272000,1,0,1749,0,0,tick,1272001,0,0,0,0,5000000000,1000000000,10000000000,500000000,1000000000,4611686018427387904,1000,4000,100000,1,0,9223372036854775808,5000000000,5000000000,0,0,0,0,0,0,0,0,9223372036854775808,5000000000,5000000000,0,0,0,0,0,0,0,0
1272000,1,1,1749,1,1,tick,1272001,0,0,0,0,5000000000,1000000000,10000000000,500000000,1000000000,4611686018427387904,1000,4000,100000,1,0,9223372036854775808,5000000000,5000000000,0,0,0,0,0,0,0,0,9223372036854775808,5000000000,5000000000,0,0,0,0,0,0,0,0
1273000,1,0,1750,0,0,tick,1273001,0,0,0,0,5000000000,1000000000,10000000000,500000000,1000000000,4611686018427387904,1000,4000,100000,1,0,9223372036854775808,5000000000,5000000000,0,0,0,0,0,0,0,0,9223372036854775808,5000000000,5000000000,0,0,0,0,0,0,0,0
1273000,1,1,1750,1,1,tick,1273001,0,0,0,0,5000000000,1000000000,10000000000,500000000,1000000000,4611686018427387904,1000,4000,100000,1,0,9223372036854775808,5000000000,5000000000,0,0,0,0,0,0,0,0,9223372036854775808,5000000000,5000000000,0,0,0,0,0,0,0,0
1274000,1,0,1752,0,0,tick,1274001,0,0,0,0,5000000000,1000000000,10000000000,500000000,1000000000,4611686018427387904,1000,4000,100000,1,0,9223372036854775808,5000000000,5000000000,0,0,0,0,0,0,0,0,9223372036854775808,5000000000,5000000000,0,0,0,0,0,0,0,0
1274000,1,1,1752,1,1,tick,1274001,0,0,0,0,5000000000,1000000000,10000000000,500000000,1000000000,4611686018427387904,1000,4000,100000,1,0,9223372036854775808,5000000000,5000000000,0,0,0,0,0,0,0,0,9223372036854775808,5000000000,5000000000,0,0,0,0,0,0,0,0
1275000,1,0,1755,0,0,tick,1275001,0,0,0,0,5000000000,1000000000,10000000000,500000000,1000000000,4611686018427387904,1000,4000,100000,1,0,9223372036854775808,5000000000,5000000000,0,0,0,0,0,0,0,0,9223372036854775808,5000000000,5000000000,0,0,0,0,0,0,0,0
1275000,1,1,1755,1,1,tick,1275001,0,0,0,0,5000000000,1000000000,10000000000,500000000,1000000000,4611686018427387904,1000,4000,100000,1,0,9223372036854775808,5000000000,5000000000,0,0,0,0,0,0,0,0,9223372036854775808,5000000000,5000000000,0,0,0,0,0,0,0,0
1276000,1,0,1756,0,0,tick,1276001,0,0,0,0,5000000000,1000000000,10000000000,500000000,1000000000,4611686018427387904,1000,4000,100000,1,0,9223372036854775808,5000000000,5000000000,0,0,0,0,0,0,0,0,9223372036854775808,5000000000,5000000000,0,0,0,0,0,0,0,0
1276000,1,1,1756,1,1,tick,1276001,0,0,0,0,5000000000,1000000000,10000000000,500000000,1000000000,4611686018427387904,1000,4000,100000,1,0,9223372036854775808,5000000000,5000000000,0,0,0,0,0,0,0,0,9223372036854775808,5000000000,5000000000,0,0,0,0,0,0,0,0
1277000,1,0,1757,0,0,tick,1277001,0,0,0,0,5000000000,1000000000,10000000000,500000000,1000000000,4611686018427387904,1000,4000,100000,1,0,9223372036854775808,5000000000,5000000000,0,0,0,0,0,0,0,0,9223372036854775808,5000000000,5000000000,0,0,0,0,0,0,0,0
1277000,1,1,1757,1,1,tick,1277001,0,0,0,0,5000000000,1000000000,10000000000,500000000,1000000000,4611686018427387904,1000,4000,100000,1,0,9223372036854775808,5000000000,5000000000,0,0,0,0,0,0,0,0,9223372036854775808,5000000000,5000000000,0,0,0,0,0,0,0,0
1278000,1,0,1758,0,0,tick,1278001,0,0,0,0,5000000000,1000000000,10000000000,500000000,1000000000,4611686018427387904,1000,4000,100000,1,0,9223372036854775808,5000000000,5000000000,0,0,0,0,0,0,0,0,9223372036854775808,5000000000,5000000000,0,0,0,0,0,0,0,0
1278000,1,1,1758,1,1,tick,1278001,0,0,0,0,5000000000,1000000000,10000000000,500000000,1000000000,4611686018427387904,1000,4000,100000,1,0,9223372036854775808,5000000000,5000000000,0,0,0,0,0,0,0,0,9223372036854775808,5000000000,5000000000,0,0,0,0,0,0,0,0
1279000,1,0,1759,0,0,tick,1279001,0,0,0,0,5000000000,1000000000,10000000000,500000000,1000000000,4611686018427387904,1000,4000,100000,1,0,9223372036854775808,5000000000,5000000000,0,0,0,0,0,0,0,0,9223372036854775808,5000000000,5000000000,0,0,0,0,0,0,0,0
1279000,1,1,1759,1,1,tick,1279001,0,0,0,0,5000000000,1000000000,10000000000,500000000,1000000000,4611686018427387904,1000,4000,100000,1,0,9223372036854775808,5000000000,5000000000,0,0,0,0,0,0,0,0,9223372036854775808,5000000000,5000000000,0,0,0,0,0,0,0,0
1280000,1,0,1760,0,0,tick,1280001,0,0,0,0,5000000000,1000000000,10000000000,500000000,1000000000,4611686018427387904,1000,4000,100000,1,0,9223372036854775808,5000000000,5000000000,0,0,0,0,0,0,0,0,9223372036854775808,5000000000,5000000000,0,0,0,0,0,0,0,0
1280000,1,1,1760,1,1,tick,1280001,0,0,0,0,5000000000,1000000000,10000000000,500000000,1000000000,4611686018427387904,1000,4000,100000,1,0,9223372036854775808,5000000000,5000000000,0,0,0,0,0,0,0,0,9223372036854775808,5000000000,5000000000,0,0,0,0,0,0,0,0
1281000,1,0,1761,0,0,tick,1281001,0,0,0,0,5000000000,1000000000,10000000000,500000000,1000000000,4611686018427387904,1000,4000,100000,1,0,9223372036854775808,5000000000,5000000000,0,0,0,0,0,0,0,0,9223372036854775808,5000000000,5000000000,0,0,0,0,0,0,0,0
1281000,1,1,1761,1,1,tick,1281001,0,0,0,0,5000000000,1000000000,10000000000,500000000,1000000000,4611686018427387904,1000,4000,100000,1,0,9223372036854775808,5000000000,5000000000,0,0,0,0,0,0,0,0,9223372036854775808,5000000000,5000000000,0,0,0,0,0,0,0,0
1282000,1,0,1763,0,0,tick,1282001,0,0,0,0,5000000000,1000000000,10000000000,500000000,1000000000,4611686018427387904,1000,4000,100000,1,0,9223372036854775808,5000000000,5000000000,0,0,0,0,0,0,0,0,9223372036854775808,5000000000,5000000000,0,0,0,0,0,0,0,0
1282000,1,1,1763,1,1,tick,1282001,0,0,0,0,5000000000,1000000000,10000000000,500000000,1000000000,4611686018427387904,1000,4000,100000,1,0,9223372036854775808,5000000000,5000000000,0,0,0,0,0,0,0,0,9223372036854775808,5000000000,5000000000,0,0,0,0,0,0,0,0
1283000,1,0,1766,0,0,tick,1283001,0,0,0,0,5000000000,1000000000,10000000000,500000000,1000000000,4611686018427387904,1000,4000,100000,1,0,9223372036854775808,5000000000,5000000000,0,0,0,0,0,0,0,0,9223372036854775808,5000000000,5000000000,0,0,0,0,0,0,0,0
1283000,1,1,1766,1,1,tick,1283001,0,0,0,0,5000000000,1000000000,10000000000,500000000,1000000000,4611686018427387904,1000,4000,100000,1,0,9223372036854775808,5000000000,5000000000,0,0,0,0,0,0,0,0,9223372036854775808,5000000000,5000000000,0,0,0,0,0,0,0,0
1284000,1,0,1767,0,0,tick,1284001,0,0,0,0,5000000000,1000000000,10000000000,500000000,1000000000,4611686018427387904,1000,4000,100000,1,0,9223372036854775808,5000000000,5000000000,0,0,0,0,0,0,0,0,9223372036854775808,5000000000,5000000000,0,0,0,0,0,0,0,0
1284000,1,1,1767,1,1,tick,1284001,0,0,0,0,5000000000,1000000000,10000000000,500000000,1000000000,4611686018427387904,1000,4000,100000,1,0,9223372036854775808,5000000000,5000000000,0,0,0,0,0,0,0,0,9223372036854775808,5000000000,5000000000,0,0,0,0,0,0,0,0
1285000,1,0,1768,0,0,tick,1285001,0,0,0,0,5000000000,1000000000,10000000000,500000000,1000000000,4611686018427387904,1000,4000,100000,1,0,9223372036854775808,5000000000,5000000000,0,0,0,0,0,0,0,0,9223372036854775808,5000000000,5000000000,0,0,0,0,0,0,0,0
1285000,1,1,1768,1,1,tick,1285001,0,0,0,0,5000000000,1000000000,10000000000,500000000,1000000000,4611686018427387904,1000,4000,100000,1,0,9223372036854775808,5000000000,5000000000,0,0,0,0,0,0,0,0,9223372036854775808,5000000000,5000000000,0,0,0,0,0,0,0,0
1286000,1,0,1769,0,0,tick,1286001,0,0,0,0,5000000000,1000000000,10000000000,500000000,1000000000,4611686018427387904,1000,4000,100000,1,0,9223372036854775808,5000000000,5000000000,0,0,0,0,0,0,0,0,9223372036854775808,5000000000,5000000000,0,0,0,0,0,0,0,0
1286000,1,1,1769,1,1,tick,1286001,0,0,0,0,5000000000,1000000000,10000000000,500000000,1000000000,4611686018427387904,1000,4000,100000,1,0,9223372036854775808,5000000000,5000000000,0,0,0,0,0,0,0,0,9223372036854775808,5000000000,5000000000,0,0,0,0,0,0,0,0
1287000,1,0,1770,0,0,tick,1287001,0,0,0,0,5000000000,1000000000,10000000000,500000000,1000000000,4611686018427387904,1000,4000,100000,1,0,9223372036854775808,5000000000,5000000000,0,0,0,0,0,0,0,0,9223372036854775808,5000000000,5000000000,0,0,0,0,0,0,0,0
1287000,1,1,1770,1,1,tick,1287001,0,0,0,0,5000000000,1000000000,10000000000,500000000,1000000000,4611686018427387904,1000,4000,100000,1,0,9223372036854775808,5000000000,5000000000,0,0,0,0,0,0,0,0,9223372036854775808,5000000000,5000000000,0,0,0,0,0,0,0,0
1288000,1,0,1771,0,0,tick,1288001,0,0,0,0,5000000000,1000000000,10000000000,500000000,1000000000,4611686018427387904,1000,4000,100000,1,0,9223372036854775808,5000000000,5000000000,0,0,0,0,0,0,0,0,9223372036854775808,5000000000,5000000000,0,0,0,0,0,0,0,0
1288000,1,1,1771,1,1,tick,1288001,0,0,0,0,5000000000,1000000000,10000000000,500000000,1000000000,4611686018427387904,1000,4000,100000,1,0,9223372036854775808,5000000000,5000000000,0,0,0,0,0,0,0,0,9223372036854775808,5000000000,5000000000,0,0,0,0,0,0,0,0
1289000,1,0,1772,0,0,tick,1289001,0,0,0,0,5000000000,1000000000,10000000000,500000000,1000000000,4611686018427387904,1000,4000,100000,1,0,9223372036854775808,5000000000,5000000000,0,0,0,0,0,0,0,0,9223372036854775808,5000000000,5000000000,0,0,0,0,0,0,0,0
1289000,1,1,1772,1,1,tick,1289001,0,0,0,0,5000000000,1000000000,10000000000,500000000,1000000000,4611686018427387904,1000,4000,100000,1,0,9223372036854775808,5000000000,5000000000,0,0,0,0,0,0,0,0,9223372036854775808,5000000000,5000000000,0,0,0,0,0,0,0,0
1290000,1,0,1774,0,0,tick,1290001,0,0,0,0,5000000000,1000000000,10000000000,500000000,1000000000,4611686018427387904,1000,4000,100000,1,0,9223372036854775808,5000000000,5000000000,0,0,0,0,0,0,0,0,9223372036854775808,5000000000,5000000000,0,0,0,0,0,0,0,0
1290000,1,1,1774,1,1,tick,1290001,0,0,0,0,5000000000,1000000000,10000000000,500000000,1000000000,4611686018427387904,1000,4000,100000,1,0,9223372036854775808,5000000000,5000000000,0,0,0,0,0,0,0,0,9223372036854775808,5000000000,5000000000,0,0,0,0,0,0,0,0
1291000,1,0,1777,0,0,tick,1291001,0,0,0,0,5000000000,1000000000,10000000000,500000000,1000000000,4611686018427387904,1000,4000,100000,1,0,9223372036854775808,5000000000,5000000000,0,0,0,0,0,0,0,0,9223372036854775808,5000000000,5000000000,0,0,0,0,0,0,0,0
1291000,1,1,1777,1,1,tick,1291001,0,0,0,0,5000000000,1000000000,10000000000,500000000,1000000000,4611686018427387904,1000,4000,100000,1,0,9223372036854775808,5000000000,5000000000,0,0,0,0,0,0,0,0,9223372036854775808,5000000000,5000000000,0,0,0,0,0,0,0,0
1292000,1,0,1778,0,0,tick,1292001,0,0,0,0,5000000000,1000000000,10000000000,500000000,1000000000,4611686018427387904,1000,4000,100000,1,0,9223372036854775808,5000000000,5000000000,0,0,0,0,0,0,0,0,9223372036854775808,5000000000,5000000000,0,0,0,0,0,0,0,0
1292000,1,1,1778,1,1,tick,1292001,0,0,0,0,5000000000,1000000000,10000000000,500000000,1000000000,4611686018427387904,1000,4000,100000,1,0,9223372036854775808,5000000000,5000000000,0,0,0,0,0,0,0,0,9223372036854775808,5000000000,5000000000,0,0,0,0,0,0,0,0
1293000,1,0,1779,0,0,tick,1293001,0,0,0,0,5000000000,1000000000,10000000000,500000000,1000000000,4611686018427387904,1000,4000,100000,1,0,9223372036854775808,5000000000,5000000000,0,0,0,0,0,0,0,0,9223372036854775808,5000000000,5000000000,0,0,0,0,0,0,0,0
1293000,1,1,1779,1,1,tick,1293001,0,0,0,0,5000000000,1000000000,10000000000,500000000,1000000000,4611686018427387904,1000,4000,100000,1,0,9223372036854775808,5000000000,5000000000,0,0,0,0,0,0,0,0,9223372036854775808,5000000000,5000000000,0,0,0,0,0,0,0,0
1294000,1,0,1780,0,0,tick,1294001,0,0,0,0,5000000000,1000000000,10000000000,500000000,1000000000,4611686018427387904,1000,4000,100000,1,0,9223372036854775808,5000000000,5000000000,0,0,0,0,0,0,0,0,9223372036854775808,5000000000,5000000000,0,0,0,0,0,0,0,0
1294000,1,1,1780,1,1,tick,1294001,0,0,0,0,5000000000,1000000000,10000000000,500000000,1000000000,4611686018427387904,1000,4000,100000,1,0,9223372036854775808,5000000000,5000000000,0,0,0,0,0,0,0,0,9223372036854775808,5000000000,5000000000,0,0,0,0,0,0,0,0
1295000,1,0,1781,0,0,tick,1295001,0,0,0,0,5000000000,1000000000,10000000000,500000000,1000000000,4611686018427387904,1000,4000,100000,1,0,9223372036854775808,5000000000,5000000000,0,0,0,0,0,0,0,0,9223372036854775808,5000000000,5000000000,0,0,0,0,0,0,0,0
1295000,1,1,1781,1,1,tick,1295001,0,0,0,0,5000000000,1000000000,10000000000,500000000,1000000000,4611686018427387904,1000,4000,100000,1,0,9223372036854775808,5000000000,5000000000,0,0,0,0,0,0,0,0,9223372036854775808,5000000000,5000000000,0,0,0,0,0,0,0,0
1296000,1,0,1782,0,0,tick,1296001,0,0,0,0,5000000000,1000000000,10000000000,500000000,1000000000,4611686018427387904,1000,4000,100000,1,0,9223372036854775808,5000000000,5000000000,0,0,0,0,0,0,0,0,9223372036854775808,5000000000,5000000000,0,0,0,0,0,0,0,0
1296000,1,1,1782,1,1,tick,1296001,0,0,0,0,5000000000,1000000000,10000000000,500000000,1000000000,4611686018427387904,1000,4000,100000,1,0,9223372036854775808,5000000000,5000000000,0,0,0,0,0,0,0,0,9223372036854775808,5000000000,5000000000,0,0,0,0,0,0,0,0
1297000,1,0,1783,0,0,tick,1297001,0,0,0,0,5000000000,1000000000,10000000000,500000000,1000000000,4611686018427387904,1000,4000,100000,1,0,9223372036854775808,5000000000,5000000000,0,0,0,0,0,0,0,0,9223372036854775808,5000000000,5000000000,0,0,0,0,0,0,0,0
1297000,1,1,1783,1,1,tick,1297001,0,0,0,0,5000000000,1000000000,10000000000,500000000,1000000000,4611686018427387904,1000,4000,100000,1,0,9223372036854775808,5000000000,5000000000,0,0,0,0,0,0,0,0,9223372036854775808,5000000000,5000000000,0,0,0,0,0,0,0,0
1298000,1,0,1785,0,0,tick,1298001,0,0,0,0,5000000000,1000000000,10000000000,500000000,1000000000,4611686018427387904,1000,4000,100000,1,0,9223372036854775808,5000000000,5000000000,0,0,0,0,0,0,0,0,9223372036854775808,5000000000,5000000000,0,0,0,0,0,0,0,0
1298000,1,1,1785,1,1,tick,1298001,0,0,0,0,5000000000,1000000000,10000000000,500000000,1000000000,4611686018427387904,1000,4000,100000,1,0,9223372036854775808,5000000000,5000000000,0,0,0,0,0,0,0,0,9223372036854775808,5000000000,5000000000,0,0,0,0,0,0,0,0
1299000,1,0,1788,0,0,tick,1299001,0,0,0,0,5000000000,1000000000,10000000000,500000000,1000000000,4611686018427387904,1000,4000,100000,1,0,9223372036854775808,5000000000,5000000000,0,0,0,0,0,0,0,0,9223372036854775808,5000000000,5000000000,0,0,0,0,0,0,0,0
1299000,1,1,1788,1,1,tick,1299001,0,0,0,0,5000000000,1000000000,10000000000,500000000,1000000000,4611686018427387904,1000,4000,100000,1,0,9223372036854775808,5000000000,5000000000,0,0,0,0,0,0,0,0,9223372036854775808,5000000000,5000000000,0,0,0,0,0,0,0,0
1300000,1,0,1789,0,0,tick,1300001,0,0,0,0,5000000000,1000000000,10000000000,500000000,1000000000,4611686018427387904,1000,4000,100000,1,0,9223372036854775808,5000000000,5000000000,0,0,0,0,0,0,0,0,9223372036854775808,5000000000,5000000000,0,0,0,0,0,0,0,0
1300000,1,1,1789,1,1,tick,1300001,0,0,0,0,5000000000,1000000000,10000000000,500000000,1000000000,4611686018427387904,1000,4000,100000,1,0,9223372036854775808,5000000000,5000000000,0,0,0,0,0,0,0,0,9223372036854775808,5000000000,5000000000,0,0,0,0,0,0,0,0
1301000,1,0,1790,0,0,tick,1301001,0,0,0,0,5000000000,1000000000,10000000000,500000000,1000000000,4611686018427387904,1000,4000,100000,1,0,9223372036854775808,5000000000,5000000000,0,0,0,0,0,0,0,0,9223372036854775808,5000000000,5000000000,0,0,0,0,0,0,0,0
1301000,1,1,1790,1,1,tick,1301001,0,0,0,0,5000000000,1000000000,10000000000,500000000,1000000000,4611686018427387904,1000,4000,100000,1,0,9223372036854775808,5000000000,5000000000,0,0,0,0,0,0,0,0,9223372036854775808,5000000000,5000000000,0,0,0,0,0,0,0,0
1302000,1,0,1791,0,0,tick,1302001,0,0,0,0,5000000000,1000000000,10000000000,500000000,1000000000,4611686018427387904,1000,4000,100000,1,0,9223372036854775808,5000000000,5000000000,0,0,0,0,0,0,0,0,9223372036854775808,5000000000,5000000000,0,0,0,0,0,0,0,0
1302000,1,1,1791,1,1,tick,1302001,0,0,0,0,5000000000,1000000000,10000000000,500000000,1000000000,4611686018427387904,1000,4000,100000,1,0,9223372036854775808,5000000000,5000000000,0,0,0,0,0,0,0,0,9223372036854775808,5000000000,5000000000,0,0,0,0,0,0,0,0
1303000,1,0,1792,0,0,tick,1303001,0,0,0,0,5000000000,1000000000,10000000000,500000000,1000000000,4611686018427387904,1000,4000,100000,1,0,9223372036854775808,5000000000,5000000000,0,0,0,0,0,0,0,0,9223372036854775808,5000000000,5000000000,0,0,0,0,0,0,0,0
1303000,1,1,1792,1,1,tick,1303001,0,0,0,0,5000000000,1000000000,10000000000,500000000,1000000000,4611686018427387904,1000,4000,100000,1,0,9223372036854775808,5000000000,5000000000,0,0,0,0,0,0,0,0,9223372036854775808,5000000000,5000000000,0,0,0,0,0,0,0,0
1304000,1,0,1793,0,0,tick,1304001,0,0,0,0,5000000000,1000000000,10000000000,500000000,1000000000,4611686018427387904,1000,4000,100000,1,0,9223372036854775808,5000000000,5000000000,0,0,0,0,0,0,0,0,9223372036854775808,5000000000,5000000000,0,0,0,0,0,0,0,0
1304000,1,1,1793,1,1,tick,1304001,0,0,0,0,5000000000,1000000000,10000000000,500000000,1000000000,4611686018427387904,1000,4000,100000,1,0,9223372036854775808,5000000000,5000000000,0,0,0,0,0,0,0,0,9223372036854775808,5000000000,5000000000,0,0,0,0,0,0,0,0
1305000,1,0,1794,0,0,tick,1305001,0,0,0,0,5000000000,1000000000,10000000000,500000000,1000000000,4611686018427387904,1000,4000,100000,1,0,9223372036854775808,5000000000,5000000000,0,0,0,0,0,0,0,0,9223372036854775808,5000000000,5000000000,0,0,0,0,0,0,0,0
1305000,1,1,1794,1,1,tick,1305001,0,0,0,0,5000000000,1000000000,10000000000,500000000,1000000000,4611686018427387904,1000,4000,100000,1,0,9223372036854775808,5000000000,5000000000,0,0,0,0,0,0,0,0,9223372036854775808,5000000000,5000000000,0,0,0,0,0,0,0,0
1306000,1,0,1796,0,0,tick,1306001,0,0,0,0,5000000000,1000000000,10000000000,500000000,1000000000,4611686018427387904,1000,4000,100000,1,0,9223372036854775808,5000000000,5000000000,0,0,0,0,0,0,0,0,9223372036854775808,5000000000,5000000000,0,0,0,0,0,0,0,0
1306000,1,1,1796,1,1,tick,1306001,0,0,0,0,5000000000,1000000000,10000000000,500000000,1000000000,4611686018427387904,1000,4000,100000,1,0,9223372036854775808,5000000000,5000000000,0,0,0,0,0,0,0,0,9223372036854775808,5000000000,5000000000,0,0,0,0,0,0,0,0
1307000,1,0,1799,0,0,tick,1307001,0,0,0,0,5000000000,1000000000,10000000000,500000000,1000000000,4611686018427387904,1000,4000,100000,1,0,9223372036854775808,5000000000,5000000000,0,0,0,0,0,0,0,0,9223372036854775808,5000000000,5000000000,0,0,0,0,0,0,0,0
1307000,1,1,1799,1,1,tick,1307001,0,0,0,0,5000000000,1000000000,10000000000,500000000,1000000000,4611686018427387904,1000,4000,100000,1,0,9223372036854775808,5000000000,5000000000,0,0,0,0,0,0,0,0,9223372036854775808,5000000000,5000000000,0,0,0,0,0,0,0,0
1308000,1,0,1800,0,0,tick,1308001,0,0,0,0,5000000000,1000000000,10000000000,500000000,1000000000,4611686018427387904,1000,4000,100000,1,0,9223372036854775808,5000000000,5000000000,0,0,0,0,0,0,0,0,9223372036854775808,5000000000,5000000000,0,0,0,0,0,0,0,0
1308000,1,1,1800,1,1,tick,1308001,0,0,0,0,5000000000,1000000000,10000000000,500000000,1000000000,4611686018427387904,1000,4000,100000,1,0,9223372036854775808,5000000000,5000000000,0,0,0,0,0,0,0,0,9223372036854775808,5000000000,5000000000,0,0,0,0,0,0,0,0
1309000,1,0,1801,0,0,tick,1309001,0,0,0,0,5000000000,1000000000,10000000000,500000000,1000000000,4611686018427387904,1000,4000,100000,1,0,9223372036854775808,5000000000,5000000000,0,0,0,0,0,0,0,0,9223372036854775808,5000000000,5000000000,0,0,0,0,0,0,0,0
1309000,1,1,1801,1,1,tick,1309001,0,0,0,0,5000000000,1000000000,10000000000,500000000,1000000000,4611686018427387904,1000,4000,100000,1,0,9223372036854775808,5000000000,5000000000,0,0,0,0,0,0,0,0,9223372036854775808,5000000000,5000000000,0,0,0,0,0,0,0,0
1310000,1,0,1802,0,0,tick,1310001,0,0,0,0,5000000000,1000000000,10000000000,500000000,1000000000,4611686018427387904,1000,4000,100000,1,0,9223372036854775808,5000000000,5000000000,0,0,0,0,0,0,0,0,9223372036854775808,5000000000,5000000000,0,0,0,0,0,0,0,0
1310000,1,1,1802,1,1,tick,1310001,0,0,0,0,5000000000,1000000000,10000000000,500000000,1000000000,4611686018427387904,1000,4000,100000,1,0,9223372036854775808,5000000000,5000000000,0,0,0,0,0,0,0,0,9223372036854775808,5000000000,5000000000,0,0,0,0,0,0,0,0
1311000,1,0,1803,0,0,tick,1311001,0,0,0,0,5000000000,1000000000,10000000000,500000000,1000000000,4611686018427387904,1000,4000,100000,1,0,9223372036854775808,5000000000,5000000000,0,0,0,0,0,0,0,0,9223372036854775808,5000000000,5000000000,0,0,0,0,0,0,0,0
1311000,1,1,1803,1,1,tick,1311001,0,0,0,0,5000000000,1000000000,10000000000,500000000,1000000000,4611686018427387904,1000,4000,100000,1,0,9223372036854775808,5000000000,5000000000,0,0,0,0,0,0,0,0,9223372036854775808,5000000000,5000000000,0,0,0,0,0,0,0,0
1312000,1,0,1804,0,0,tick,1312001,0,0,0,0,5000000000,1000000000,10000000000,500000000,1000000000,4611686018427387904,1000,4000,100000,1,0,9223372036854775808,5000000000,5000000000,0,0,0,0,0,0,0,0,9223372036854775808,5000000000,5000000000,0,0,0,0,0,0,0,0
1312000,1,1,1804,1,1,tick,1312001,0,0,0,0,5000000000,1000000000,10000000000,500000000,1000000000,4611686018427387904,1000,4000,100000,1,0,9223372036854775808,5000000000,5000000000,0,0,0,0,0,0,0,0,9223372036854775808,5000000000,5000000000,0,0,0,0,0,0,0,0
1313000,1,0,1805,0,0,tick,1313001,0,0,0,0,5000000000,1000000000,10000000000,500000000,1000000000,4611686018427387904,1000,4000,100000,1,0,9223372036854775808,5000000000,5000000000,0,0,0,0,0,0,0,0,9223372036854775808,5000000000,5000000000,0,0,0,0,0,0,0,0
1313000,1,1,1805,1,1,tick,1313001,0,0,0,0,5000000000,1000000000,10000000000,500000000,1000000000,4611686018427387904,1000,4000,100000,1,0,9223372036854775808,5000000000,5000000000,0,0,0,0,0,0,0,0,9223372036854775808,5000000000,5000000000,0,0,0,0,0,0,0,0
1314000,1,0,1807,0,0,tick,1314001,0,0,0,0,5000000000,1000000000,10000000000,500000000,1000000000,4611686018427387904,1000,4000,100000,1,0,9223372036854775808,5000000000,5000000000,0,0,0,0,0,0,0,0,9223372036854775808,5000000000,5000000000,0,0,0,0,0,0,0,0
1314000,1,1,1807,1,1,tick,1314001,0,0,0,0,5000000000,1000000000,10000000000,500000000,1000000000,4611686018427387904,1000,4000,100000,1,0,9223372036854775808,5000000000,5000000000,0,0,0,0,0,0,0,0,9223372036854775808,5000000000,5000000000,0,0,0,0,0,0,0,0
1315000,1,0,1810,0,0,tick,1315001,0,0,0,0,5000000000,1000000000,10000000000,500000000,1000000000,4611686018427387904,1000,4000,100000,1,0,9223372036854775808,5000000000,5000000000,0,0,0,0,0,0,0,0,9223372036854775808,5000000000,5000000000,0,0,0,0,0,0,0,0
1315000,1,1,1810,1,1,tick,1315001,0,0,0,0,5000000000,1000000000,10000000000,500000000,1000000000,4611686018427387904,1000,4000,100000,1,0,9223372036854775808,5000000000,5000000000,0,0,0,0,0,0,0,0,9223372036854775808,5000000000,5000000000,0,0,0,0,0,0,0,0
1316000,1,0,1811,0,0,tick,1316001,0,0,0,0,5000000000,1000000000,10000000000,500000000,1000000000,4611686018427387904,1000,4000,100000,1,0,9223372036854775808,5000000000,5000000000,0,0,0,0,0,0,0,0,9223372036854775808,5000000000,5000000000,0,0,0,0,0,0,0,0
1316000,1,1,1811,1,1,tick,1316001,0,0,0,0,5000000000,1000000000,10000000000,500000000,1000000000,4611686018427387904,1000,4000,100000,1,0,9223372036854775808,5000000000,5000000000,0,0,0,0,0,0,0,0,9223372036854775808,5000000000,5000000000,0,0,0,0,0,0,0,0
1317000,1,0,1812,0,0,tick,1317001,0,0,0,0,5000000000,1000000000,10000000000,500000000,1000000000,4611686018427387904,1000,4000,100000,1,0,9223372036854775808,5000000000,5000000000,0,0,0,0,0,0,0,0,9223372036854775808,5000000000,5000000000,0,0,0,0,0,0,0,0
1317000,1,1,1812,1,1,tick,1317001,0,0,0,0,5000000000,1000000000,10000000000,500000000,1000000000,4611686018427387904,1000,4000,100000,1,0,9223372036854775808,5000000000,5000000000,0,0,0,0,0,0,0,0,9223372036854775808,5000000000,5000000000,0,0,0,0,0,0,0,0
1318000,1,0,1813,0,0,tick,1318001,0,0,0,0,5000000000,1000000000,10000000000,500000000,1000000000,4611686018427387904,1000,4000,100000,1,0,9223372036854775808,5000000000,5000000000,0,0,0,0,0,0,0,0,9223372036854775808,5000000000,5000000000,0,0,0,0,0,0,0,0
1318000,1,1,1813,1,1,tick,1318001,0,0,0,0,5000000000,1000000000,10000000000,500000000,1000000000,4611686018427387904,1000,4000,100000,1,0,9223372036854775808,5000000000,5000000000,0,0,0,0,0,0,0,0,9223372036854775808,5000000000,5000000000,0,0,0,0,0,0,0,0
1319000,1,0,1814,0,0,tick,1319001,0,0,0,0,5000000000,1000000000,10000000000,500000000,1000000000,4611686018427387904,1000,4000,100000,1,0,9223372036854775808,5000000000,5000000000,0,0,0,0,0,0,0,0,9223372036854775808,5000000000,5000000000,0,0,0,0,0,0,0,0
1319000,1,1,1814,1,1,tick,1319001,0,0,0,0,5000000000,1000000000,10000000000,500000000,1000000000,4611686018427387904,1000,4000,100000,1,0,9223372036854775808,5000000000,5000000000,0,0,0,0,0,0,0,0,9223372036854775808,5000000000,5000000000,0,0,0,0,0,0,0,0
1320000,1,0,1815,0,0,tick,1320001,0,0,0,0,5000000000,1000000000,10000000000,500000000,1000000000,4611686018427387904,1000,4000,100000,1,0,9223372036854775808,5000000000,5000000000,0,0,0,0,0,0,0,0,9223372036854775808,5000000000,5000000000,0,0,0,0,0,0,0,0
1320000,1,1,1815,1,1,tick,1320001,0,0,0,0,5000000000,1000000000,10000000000,500000000,1000000000,4611686018427387904,1000,4000,100000,1,0,9223372036854775808,5000000000,5000000000,0,0,0,0,0,0,0,0,9223372036854775808,5000000000,5000000000,0,0,0,0,0,0,0,0
1321000,1,0,1816,0,0,tick,1321001,0,0,0,0,5000000000,1000000000,10000000000,500000000,1000000000,4611686018427387904,1000,4000,100000,1,0,9223372036854775808,5000000000,5000000000,0,0,0,0,0,0,0,0,9223372036854775808,5000000000,5000000000,0,0,0,0,0,0,0,0
1321000,1,1,1816,1,1,tick,1321001,0,0,0,0,5000000000,1000000000,10000000000,500000000,1000000000,4611686018427387904,1000,4000,100000,1,0,9223372036854775808,5000000000,5000000000,0,0,0,0,0,0,0,0,9223372036854775808,5000000000,5000000000,0,0,0,0,0,0,0,0
1322000,1,0,1818,0,0,tick,1322001,0,0,0,0,5000000000,1000000000,10000000000,500000000,1000000000,4611686018427387904,1000,4000,100000,1,0,9223372036854775808,5000000000,5000000000,0,0,0,0,0,0,0,0,9223372036854775808,5000000000,5000000000,0,0,0,0,0,0,0,0
1322000,1,1,1818,1,1,tick,1322001,0,0,0,0,5000000000,1000000000,10000000000,500000000,1000000000,4611686018427387904,1000,4000,100000,1,0,9223372036854775808,5000000000,5000000000,0,0,0,0,0,0,0,0,9223372036854775808,5000000000,5000000000,0,0,0,0,0,0,0,0
1323000,1,0,1821,0,0,tick,1323001,0,0,0,0,5000000000,1000000000,10000000000,500000000,1000000000,4611686018427387904,1000,4000,100000,1,0,9223372036854775808,5000000000,5000000000,0,0,0,0,0,0,0,0,9223372036854775808,5000000000,5000000000,0,0,0,0,0,0,0,0
1323000,1,1,1821,1,1,tick,1323001,0,0,0,0,5000000000,1000000000,10000000000,500000000,1000000000,4611686018427387904,1000,4000,100000,1,0,9223372036854775808,5000000000,5000000000,0,0,0,0,0,0,0,0,9223372036854775808,5000000000,5000000000,0,0,0,0,0,0,0,0
1324000,1,0,1822,0,0,tick,1324001,0,0,0,0,5000000000,1000000000,10000000000,500000000,1000000000,4611686018427387904,1000,4000,100000,1,0,9223372036854775808,5000000000,5000000000,0,0,0,0,0,0,0,0,9223372036854775808,5000000000,5000000000,0,0,0,0,0,0,0,0
1324000,1,1,1822,1,1,tick,1324001,0,0,0,0,5000000000,1000000000,10000000000,500000000,1000000000,4611686018427387904,1000,4000,100000,1,0,9223372036854775808,5000000000,5000000000,0,0,0,0,0,0,0,0,9223372036854775808,5000000000,5000000000,0,0,0,0,0,0,0,0
1325000,1,0,1823,0,0,tick,1325001,0,0,0,0,5000000000,1000000000,10000000000,500000000,1000000000,4611686018427387904,1000,4000,100000,1,0,9223372036854775808,5000000000,5000000000,0,0,0,0,0,0,0,0,9223372036854775808,5000000000,5000000000,0,0,0,0,0,0,0,0
1325000,1,1,1823,1,1,tick,1325001,0,0,0,0,5000000000,1000000000,10000000000,500000000,1000000000,4611686018427387904,1000,4000,100000,1,0,9223372036854775808,5000000000,5000000000,0,0,0,0,0,0,0,0,9223372036854775808,5000000000,5000000000,0,0,0,0,0,0,0,0
1326000,1,0,1824,0,0,tick,1326001,0,0,0,0,5000000000,1000000000,10000000000,500000000,1000000000,4611686018427387904,1000,4000,100000,1,0,9223372036854775808,5000000000,5000000000,0,0,0,0,0,0,0,0,9223372036854775808,5000000000,5000000000,0,0,0,0,0,0,0,0
1326000,1,1,1824,1,1,tick,1326001,0,0,0,0,5000000000,1000000000,10000000000,500000000,1000000000,4611686018427387904,1000,4000,100000,1,0,9223372036854775808,5000000000,5000000000,0,0,0,0,0,0,0,0,9223372036854775808,5000000000,5000000000,0,0,0,0,0,0,0,0
1327000,1,0,1825,0,0,tick,1327001,0,0,0,0,5000000000,1000000000,10000000000,500000000,1000000000,4611686018427387904,1000,4000,100000,1,0,9223372036854775808,5000000000,5000000000,0,0,0,0,0,0,0,0,9223372036854775808,5000000000,5000000000,0,0,0,0,0,0,0,0
1327000,1,1,1825,1,1,tick,1327001,0,0,0,0,5000000000,1000000000,10000000000,500000000,1000000000,4611686018427387904,1000,4000,100000,1,0,9223372036854775808,5000000000,5000000000,0,0,0,0,0,0,0,0,9223372036854775808,5000000000,5000000000,0,0,0,0,0,0,0,0
1328000,1,0,1826,0,0,tick,1328001,0,0,0,0,5000000000,1000000000,10000000000,500000000,1000000000,4611686018427387904,1000,4000,100000,1,0,9223372036854775808,5000000000,5000000000,0,0,0,0,0,0,0,0,9223372036854775808,5000000000,5000000000,0,0,0,0,0,0,0,0
1328000,1,1,1826,1,1,tick,1328001,0,0,0,0,5000000000,1000000000,10000000000,500000000,1000000000,4611686018427387904,1000,4000,100000,1,0,9223372036854775808,5000000000,5000000000,0,0,0,0,0,0,0,0,9223372036854775808,5000000000,5000000000,0,0,0,0,0,0,0,0
1329000,1,0,1827,0,0,tick,1329001,0,0,0,0,5000000000,1000000000,10000000000,500000000,1000000000,4611686018427387904,1000,4000,100000,1,0,9223372036854775808,5000000000,5000000000,0,0,0,0,0,0,0,0,9223372036854775808,5000000000,5000000000,0,0,0,0,0,0,0,0
1329000,1,1,1827,1,1,tick,1329001,0,0,0,0,5000000000,1000000000,10000000000,500000000,1000000000,4611686018427387904,1000,4000,100000,1,0,9223372036854775808,5000000000,5000000000,0,0,0,0,0,0,0,0,9223372036854775808,5000000000,5000000000,0,0,0,0,0,0,0,0
1330000,1,0,1829,0,0,tick,1330001,0,0,0,0,5000000000,1000000000,10000000000,500000000,1000000000,4611686018427387904,1000,4000,100000,1,0,9223372036854775808,5000000000,5000000000,0,0,0,0,0,0,0,0,9223372036854775808,5000000000,5000000000,0,0,0,0,0,0,0,0
1330000,1,1,1829,1,1,tick,1330001,0,0,0,0,5000000000,1000000000,10000000000,500000000,1000000000,4611686018427387904,1000,4000,100000,1,0,9223372036854775808,5000000000,5000000000,0,0,0,0,0,0,0,0,9223372036854775808,5000000000,5000000000,0,0,0,0,0,0,0,0
1331000,1,0,1832,0,0,tick,1331001,0,0,0,0,5000000000,1000000000,10000000000,500000000,1000000000,4611686018427387904,1000,4000,100000,1,0,9223372036854775808,5000000000,5000000000,0,0,0,0,0,0,0,0,9223372036854775808,5000000000,5000000000,0,0,0,0,0,0,0,0
1331000,1,1,1832,1,1,tick,1331001,0,0,0,0,5000000000,1000000000,10000000000,500000000,1000000000,4611686018427387904,1000,4000,100000,1,0,9223372036854775808,5000000000,5000000000,0,0,0,0,0,0,0,0,9223372036854775808,5000000000,5000000000,0,0,0,0,0,0,0,0
1332000,1,0,1833,0,0,tick,1332001,0,0,0,0,5000000000,1000000000,10000000000,500000000,1000000000,4611686018427387904,1000,4000,100000,1,0,9223372036854775808,5000000000,5000000000,0,0,0,0,0,0,0,0,9223372036854775808,5000000000,5000000000,0,0,0,0,0,0,0,0
1332000,1,1,1833,1,1,tick,1332001,0,0,0,0,5000000000,1000000000,10000000000,500000000,1000000000,4611686018427387904,1000,4000,100000,1,0,9223372036854775808,5000000000,5000000000,0,0,0,0,0,0,0,0,9223372036854775808,5000000000,5000000000,0,0,0,0,0,0,0,0
1333000,1,0,1834,0,0,tick,1333001,0,0,0,0,5000000000,1000000000,10000000000,500000000,1000000000,4611686018427387904,1000,4000,100000,1,0,9223372036854775808,5000000000,5000000000,0,0,0,0,0,0,0,0,9223372036854775808,5000000000,5000000000,0,0,0,0,0,0,0,0
1333000,1,1,1834,1,1,tick,1333001,0,0,0,0,5000000000,1000000000,10000000000,500000000,1000000000,4611686018427387904,1000,4000,100000,1,0,9223372036854775808,5000000000,5000000000,0,0,0,0,0,0,0,0,9223372036854775808,5000000000,5000000000,0,0,0,0,0,0,0,0
1334000,1,0,1835,0,0,tick,1334001,0,0,0,0,5000000000,1000000000,10000000000,500000000,1000000000,4611686018427387904,1000,4000,100000,1,0,9223372036854775808,5000000000,5000000000,0,0,0,0,0,0,0,0,9223372036854775808,5000000000,5000000000,0,0,0,0,0,0,0,0
1334000,1,1,1835,1,1,tick,1334001,0,0,0,0,5000000000,1000000000,10000000000,500000000,1000000000,4611686018427387904,1000,4000,100000,1,0,9223372036854775808,5000000000,5000000000,0,0,0,0,0,0,0,0,9223372036854775808,5000000000,5000000000,0,0,0,0,0,0,0,0
1335000,1,0,1836,0,0,tick,1335001,0,0,0,0,5000000000,1000000000,10000000000,500000000,1000000000,4611686018427387904,1000,4000,100000,1,0,9223372036854775808,5000000000,5000000000,0,0,0,0,0,0,0,0,9223372036854775808,5000000000,5000000000,0,0,0,0,0,0,0,0
1335000,1,1,1836,1,1,tick,1335001,0,0,0,0,5000000000,1000000000,10000000000,500000000,1000000000,4611686018427387904,1000,4000,100000,1,0,9223372036854775808,5000000000,5000000000,0,0,0,0,0,0,0,0,9223372036854775808,5000000000,5000000000,0,0,0,0,0,0,0,0
1336000,1,0,1837,0,0,tick,1336001,0,0,0,0,5000000000,1000000000,10000000000,500000000,1000000000,4611686018427387904,1000,4000,100000,1,0,9223372036854775808,5000000000,5000000000,0,0,0,0,0,0,0,0,9223372036854775808,5000000000,5000000000,0,0,0,0,0,0,0,0
1336000,1,1,1837,1,1,tick,1336001,0,0,0,0,5000000000,1000000000,10000000000,500000000,1000000000,4611686018427387904,1000,4000,100000,1,0,9223372036854775808,5000000000,5000000000,0,0,0,0,0,0,0,0,9223372036854775808,5000000000,5000000000,0,0,0,0,0,0,0,0
1337000,1,0,1838,0,0,tick,1337001,0,0,0,0,5000000000,1000000000,10000000000,500000000,1000000000,4611686018427387904,1000,4000,100000,1,0,9223372036854775808,5000000000,5000000000,0,0,0,0,0,0,0,0,9223372036854775808,5000000000,5000000000,0,0,0,0,0,0,0,0
1337000,1,1,1838,1,1,tick,1337001,0,0,0,0,5000000000,1000000000,10000000000,500000000,1000000000,4611686018427387904,1000,4000,100000,1,0,9223372036854775808,5000000000,5000000000,0,0,0,0,0,0,0,0,9223372036854775808,5000000000,5000000000,0,0,0,0,0,0,0,0
1338000,1,0,1840,0,0,tick,1338001,0,0,0,0,5000000000,1000000000,10000000000,500000000,1000000000,4611686018427387904,1000,4000,100000,1,0,9223372036854775808,5000000000,5000000000,0,0,0,0,0,0,0,0,9223372036854775808,5000000000,5000000000,0,0,0,0,0,0,0,0
1338000,1,1,1840,1,1,tick,1338001,0,0,0,0,5000000000,1000000000,10000000000,500000000,1000000000,4611686018427387904,1000,4000,100000,1,0,9223372036854775808,5000000000,5000000000,0,0,0,0,0,0,0,0,9223372036854775808,5000000000,5000000000,0,0,0,0,0,0,0,0
1339000,1,0,1843,0,0,tick,1339001,0,0,0,0,5000000000,1000000000,10000000000,500000000,1000000000,4611686018427387904,1000,4000,100000,1,0,9223372036854775808,5000000000,5000000000,0,0,0,0,0,0,0,0,9223372036854775808,5000000000,5000000000,0,0,0,0,0,0,0,0
1339000,1,1,1843,1,1,tick,1339001,0,0,0,0,5000000000,1000000000,10000000000,500000000,1000000000,4611686018427387904,1000,4000,100000,1,0,9223372036854775808,5000000000,5000000000,0,0,0,0,0,0,0,0,9223372036854775808,5000000000,5000000000,0,0,0,0,0,0,0,0
1340000,1,0,1844,0,0,tick,1340001,0,0,0,0,5000000000,1000000000,10000000000,500000000,1000000000,4611686018427387904,1000,4000,100000,1,0,9223372036854775808,5000000000,5000000000,0,0,0,0,0,0,0,0,9223372036854775808,5000000000,5000000000,0,0,0,0,0,0,0,0
1340000,1,1,1844,1,1,tick,1340001,0,0,0,0,5000000000,1000000000,10000000000,500000000,1000000000,4611686018427387904,1000,4000,100000,1,0,9223372036854775808,5000000000,5000000000,0,0,0,0,0,0,0,0,9223372036854775808,5000000000,5000000000,0,0,0,0,0,0,0,0
1341000,1,0,1845,0,0,tick,1341001,0,0,0,0,5000000000,1000000000,10000000000,500000000,1000000000,4611686018427387904,1000,4000,100000,1,0,9223372036854775808,5000000000,5000000000,0,0,0,0,0,0,0,0,9223372036854775808,5000000000,5000000000,0,0,0,0,0,0,0,0
1341000,1,1,1845,1,1,tick,1341001,0,0,0,0,5000000000,1000000000,10000000000,500000000,1000000000,4611686018427387904,1000,4000,100000,1,0,9223372036854775808,5000000000,5000000000,0,0,0,0,0,0,0,0,9223372036854775808,5000000000,5000000000,0,0,0,0,0,0,0,0
1342000,1,0,1846,0,0,tick,1342001,0,0,0,0,5000000000,1000000000,10000000000,500000000,1000000000,4611686018427387904,1000,4000,100000,1,0,9223372036854775808,5000000000,5000000000,0,0,0,0,0,0,0,0,9223372036854775808,5000000000,5000000000,0,0,0,0,0,0,0,0
1342000,1,1,1846,1,1,tick,1342001,0,0,0,0,5000000000,1000000000,10000000000,500000000,1000000000,4611686018427387904,1000,4000,100000,1,0,9223372036854775808,5000000000,5000000000,0,0,0,0,0,0,0,0,9223372036854775808,5000000000,5000000000,0,0,0,0,0,0,0,0
1343000,1,0,1847,0,0,tick,1343001,0,0,0,0,5000000000,1000000000,10000000000,500000000,1000000000,4611686018427387904,1000,4000,100000,1,0,9223372036854775808,5000000000,5000000000,0,0,0,0,0,0,0,0,9223372036854775808,5000000000,5000000000,0,0,0,0,0,0,0,0
1343000,1,1,1847,1,1,tick,1343001,0,0,0,0,5000000000,1000000000,10000000000,500000000,1000000000,4611686018427387904,1000,4000,100000,1,0,9223372036854775808,5000000000,5000000000,0,0,0,0,0,0,0,0,9223372036854775808,5000000000,5000000000,0,0,0,0,0,0,0,0
1344000,1,0,1848,0,0,tick,1344001,0,0,0,0,5000000000,1000000000,10000000000,500000000,1000000000,4611686018427387904,1000,4000,100000,1,0,9223372036854775808,5000000000,5000000000,0,0,0,0,0,0,0,0,9223372036854775808,5000000000,5000000000,0,0,0,0,0,0,0,0
1344000,1,1,1848,1,1,tick,1344001,0,0,0,0,5000000000,1000000000,10000000000,500000000,1000000000,4611686018427387904,1000,4000,100000,1,0,9223372036854775808,5000000000,5000000000,0,0,0,0,0,0,0,0,9223372036854775808,5000000000,5000000000,0,0,0,0,0,0,0,0
1345000,1,0,1849,0,0,tick,1345001,0,0,0,0,5000000000,1000000000,10000000000,500000000,1000000000,4611686018427387904,1000,4000,100000,1,0,9223372036854775808,5000000000,5000000000,0,0,0,0,0,0,0,0,9223372036854775808,5000000000,5000000000,0,0,0,0,0,0,0,0
1345000,1,1,1849,1,1,tick,1345001,0,0,0,0,5000000000,1000000000,10000000000,500000000,1000000000,4611686018427387904,1000,4000,100000,1,0,9223372036854775808,5000000000,5000000000,0,0,0,0,0,0,0,0,9223372036854775808,5000000000,5000000000,0,0,0,0,0,0,0,0
1346000,1,0,1851,0,0,tick,1346001,0,0,0,0,5000000000,1000000000,10000000000,500000000,1000000000,4611686018427387904,1000,4000,100000,1,0,9223372036854775808,5000000000,5000000000,0,0,0,0,0,0,0,0,9223372036854775808,5000000000,5000000000,0,0,0,0,0,0,0,0
1346000,1,1,1851,1,1,tick,1346001,0,0,0,0,5000000000,1000000000,10000000000,500000000,1000000000,4611686018427387904,1000,4000,100000,1,0,9223372036854775808,5000000000,5000000000,0,0,0,0,0,0,0,0,9223372036854775808,5000000000,5000000000,0,0,0,0,0,0,0,0
1347000,1,0,1854,0,0,tick,1347001,0,0,0,0,5000000000,1000000000,10000000000,500000000,1000000000,4611686018427387904,1000,4000,100000,1,0,9223372036854775808,5000000000,5000000000,0,0,0,0,0,0,0,0,9223372036854775808,5000000000,5000000000,0,0,0,0,0,0,0,0
1347000,1,1,1854,1,1,tick,1347001,0,0,0,0,5000000000,1000000000,10000000000,500000000,1000000000,4611686018427387904,1000,4000,100000,1,0,9223372036854775808,5000000000,5000000000,0,0,0,0,0,0,0,0,9223372036854775808,5000000000,5000000000,0,0,0,0,0,0,0,0
1348000,1,0,1855,0,0,tick,1348001,0,0,0,0,5000000000,1000000000,10000000000,500000000,1000000000,4611686018427387904,1000,4000,100000,1,0,9223372036854775808,5000000000,5000000000,0,0,0,0,0,0,0,0,9223372036854775808,5000000000,5000000000,0,0,0,0,0,0,0,0
1348000,1,1,1855,1,1,tick,1348001,0,0,0,0,5000000000,1000000000,10000000000,500000000,1000000000,4611686018427387904,1000,4000,100000,1,0,9223372036854775808,5000000000,5000000000,0,0,0,0,0,0,0,0,9223372036854775808,5000000000,5000000000,0,0,0,0,0,0,0,0
1349000,1,0,1856,0,0,tick,1349001,0,0,0,0,5000000000,1000000000,10000000000,500000000,1000000000,4611686018427387904,1000,4000,100000,1,0,9223372036854775808,5000000000,5000000000,0,0,0,0,0,0,0,0,9223372036854775808,5000000000,5000000000,0,0,0,0,0,0,0,0
1349000,1,1,1856,1,1,tick,1349001,0,0,0,0,5000000000,1000000000,10000000000,500000000,1000000000,4611686018427387904,1000,4000,100000,1,0,9223372036854775808,5000000000,5000000000,0,0,0,0,0,0,0,0,9223372036854775808,5000000000,5000000000,0,0,0,0,0,0,0,0
1350000,1,0,1857,0,0,tick,1350001,0,0,0,0,5000000000,1000000000,10000000000,500000000,1000000000,4611686018427387904,1000,4000,100000,1,0,9223372036854775808,5000000000,5000000000,0,0,0,0,0,0,0,0,9223372036854775808,5000000000,5000000000,0,0,0,0,0,0,0,0
1350000,1,1,1857,1,1,tick,1350001,0,0,0,0,5000000000,1000000000,10000000000,500000000,1000000000,4611686018427387904,1000,4000,100000,1,0,9223372036854775808,5000000000,5000000000,0,0,0,0,0,0,0,0,9223372036854775808,5000000000,5000000000,0,0,0,0,0,0,0,0
1351000,1,0,1858,0,0,tick,1351001,0,0,0,0,5000000000,1000000000,10000000000,500000000,1000000000,4611686018427387904,1000,4000,100000,1,0,9223372036854775808,5000000000,5000000000,0,0,0,0,0,0,0,0,9223372036854775808,5000000000,5000000000,0,0,0,0,0,0,0,0
1351000,1,1,1858,1,1,tick,1351001,0,0,0,0,5000000000,1000000000,10000000000,500000000,1000000000,4611686018427387904,1000,4000,100000,1,0,9223372036854775808,5000000000,5000000000,0,0,0,0,0,0,0,0,9223372036854775808,5000000000,5000000000,0,0,0,0,0,0,0,0
1352000,1,0,1859,0,0,tick,1352001,0,0,0,0,5000000000,1000000000,10000000000,500000000,1000000000,4611686018427387904,1000,4000,100000,1,0,9223372036854775808,5000000000,5000000000,0,0,0,0,0,0,0,0,9223372036854775808,5000000000,5000000000,0,0,0,0,0,0,0,0
1352000,1,1,1859,1,1,tick,1352001,0,0,0,0,5000000000,1000000000,10000000000,500000000,1000000000,4611686018427387904,1000,4000,100000,1,0,9223372036854775808,5000000000,5000000000,0,0,0,0,0,0,0,0,9223372036854775808,5000000000,5000000000,0,0,0,0,0,0,0,0
1353000,1,0,1860,0,0,tick,1353001,0,0,0,0,5000000000,1000000000,10000000000,500000000,1000000000,4611686018427387904,1000,4000,100000,1,0,9223372036854775808,5000000000,5000000000,0,0,0,0,0,0,0,0,9223372036854775808,5000000000,5000000000,0,0,0,0,0,0,0,0
1353000,1,1,1860,1,1,tick,1353001,0,0,0,0,5000000000,1000000000,10000000000,500000000,1000000000,4611686018427387904,1000,4000,100000,1,0,9223372036854775808,5000000000,5000000000,0,0,0,0,0,0,0,0,9223372036854775808,5000000000,5000000000,0,0,0,0,0,0,0,0
1354000,1,0,1862,0,0,tick,1354001,0,0,0,0,5000000000,1000000000,10000000000,500000000,1000000000,4611686018427387904,1000,4000,100000,1,0,9223372036854775808,5000000000,5000000000,0,0,0,0,0,0,0,0,9223372036854775808,5000000000,5000000000,0,0,0,0,0,0,0,0
1354000,1,1,1862,1,1,tick,1354001,0,0,0,0,5000000000,1000000000,10000000000,500000000,1000000000,4611686018427387904,1000,4000,100000,1,0,9223372036854775808,5000000000,5000000000,0,0,0,0,0,0,0,0,9223372036854775808,5000000000,5000000000,0,0,0,0,0,0,0,0
1355000,1,0,1865,0,0,tick,1355001,0,0,0,0,5000000000,1000000000,10000000000,500000000,1000000000,4611686018427387904,1000,4000,100000,1,0,9223372036854775808,5000000000,5000000000,0,0,0,0,0,0,0,0,9223372036854775808,5000000000,5000000000,0,0,0,0,0,0,0,0
1355000,1,1,1865,1,1,tick,1355001,0,0,0,0,5000000000,1000000000,10000000000,500000000,1000000000,4611686018427387904,1000,4000,100000,1,0,9223372036854775808,5000000000,5000000000,0,0,0,0,0,0,0,0,9223372036854775808,5000000000,5000000000,0,0,0,0,0,0,0,0
1356000,1,0,1866,0,0,tick,1356001,0,0,0,0,5000000000,1000000000,10000000000,500000000,1000000000,4611686018427387904,1000,4000,100000,1,0,9223372036854775808,5000000000,5000000000,0,0,0,0,0,0,0,0,9223372036854775808,5000000000,5000000000,0,0,0,0,0,0,0,0
1356000,1,1,1866,1,1,tick,1356001,0,0,0,0,5000000000,1000000000,10000000000,500000000,1000000000,4611686018427387904,1000,4000,100000,1,0,9223372036854775808,5000000000,5000000000,0,0,0,0,0,0,0,0,9223372036854775808,5000000000,5000000000,0,0,0,0,0,0,0,0
1357000,1,0,1867,0,0,tick,1357001,0,0,0,0,5000000000,1000000000,10000000000,500000000,1000000000,4611686018427387904,1000,4000,100000,1,0,9223372036854775808,5000000000,5000000000,0,0,0,0,0,0,0,0,9223372036854775808,5000000000,5000000000,0,0,0,0,0,0,0,0
1357000,1,1,1867,1,1,tick,1357001,0,0,0,0,5000000000,1000000000,10000000000,500000000,1000000000,4611686018427387904,1000,4000,100000,1,0,9223372036854775808,5000000000,5000000000,0,0,0,0,0,0,0,0,9223372036854775808,5000000000,5000000000,0,0,0,0,0,0,0,0
1358000,1,0,1868,0,0,tick,1358001,0,0,0,0,5000000000,1000000000,10000000000,500000000,1000000000,4611686018427387904,1000,4000,100000,1,0,9223372036854775808,5000000000,5000000000,0,0,0,0,0,0,0,0,9223372036854775808,5000000000,5000000000,0,0,0,0,0,0,0,0
1358000,1,1,1868,1,1,tick,1358001,0,0,0,0,5000000000,1000000000,10000000000,500000000,1000000000,4611686018427387904,1000,4000,100000,1,0,9223372036854775808,5000000000,5000000000,0,0,0,0,0,0,0,0,9223372036854775808,5000000000,5000000000,0,0,0,0,0,0,0,0
1359000,1,0,1869,0,0,tick,1359001,0,0,0,0,5000000000,1000000000,10000000000,500000000,1000000000,4611686018427387904,1000,4000,100000,1,0,9223372036854775808,5000000000,5000000000,0,0,0,0,0,0,0,0,9223372036854775808,5000000000,5000000000,0,0,0,0,0,0,0,0
1359000,1,1,1869,1,1,tick,1359001,0,0,0,0,5000000000,1000000000,10000000000,500000000,1000000000,4611686018427387904,1000,4000,100000,1,0,9223372036854775808,5000000000,5000000000,0,0,0,0,0,0,0,0,9223372036854775808,5000000000,5000000000,0,0,0,0,0,0,0,0
1360000,1,0,1870,0,0,tick,1360001,0,0,0,0,5000000000,1000000000,10000000000,500000000,1000000000,4611686018427387904,1000,4000,100000,1,0,9223372036854775808,5000000000,5000000000,0,0,0,0,0,0,0,0,9223372036854775808,5000000000,5000000000,0,0,0,0,0,0,0,0
1360000,1,1,1870,1,1,tick,1360001,0,0,0,0,5000000000,1000000000,10000000000,500000000,1000000000,4611686018427387904,1000,4000,100000,1,0,9223372036854775808,5000000000,5000000000,0,0,0,0,0,0,0,0,9223372036854775808,5000000000,5000000000,0,0,0,0,0,0,0,0
1361000,1,0,1871,0,0,tick,1361001,0,0,0,0,5000000000,1000000000,10000000000,500000000,1000000000,4611686018427387904,1000,4000,100000,1,0,9223372036854775808,5000000000,5000000000,0,0,0,0,0,0,0,0,9223372036854775808,5000000000,5000000000,0,0,0,0,0,0,0,0
1361000,1,1,1871,1,1,tick,1361001,0,0,0,0,5000000000,1000000000,10000000000,500000000,1000000000,4611686018427387904,1000,4000,100000,1,0,9223372036854775808,5000000000,5000000000,0,0,0,0,0,0,0,0,9223372036854775808,5000000000,5000000000,0,0,0,0,0,0,0,0
1362000,1,0,1873,0,0,tick,1362001,0,0,0,0,5000000000,1000000000,10000000000,500000000,1000000000,4611686018427387904,1000,4000,100000,1,0,9223372036854775808,5000000000,5000000000,0,0,0,0,0,0,0,0,9223372036854775808,5000000000,5000000000,0,0,0,0,0,0,0,0
1362000,1,1,1873,1,1,tick,1362001,0,0,0,0,5000000000,1000000000,10000000000,500000000,1000000000,4611686018427387904,1000,4000,100000,1,0,9223372036854775808,5000000000,5000000000,0,0,0,0,0,0,0,0,9223372036854775808,5000000000,5000000000,0,0,0,0,0,0,0,0
1363000,1,0,1876,0,0,tick,1363001,0,0,0,0,5000000000,1000000000,10000000000,500000000,1000000000,4611686018427387904,1000,4000,100000,1,0,9223372036854775808,5000000000,5000000000,0,0,0,0,0,0,0,0,9223372036854775808,5000000000,5000000000,0,0,0,0,0,0,0,0
1363000,1,1,1876,1,1,tick,1363001,0,0,0,0,5000000000,1000000000,10000000000,500000000,1000000000,4611686018427387904,1000,4000,100000,1,0,9223372036854775808,5000000000,5000000000,0,0,0,0,0,0,0,0,9223372036854775808,5000000000,5000000000,0,0,0,0,0,0,0,0
1364000,1,0,1877,0,0,tick,1364001,0,0,0,0,5000000000,1000000000,10000000000,500000000,1000000000,4611686018427387904,1000,4000,100000,1,0,9223372036854775808,5000000000,5000000000,0,0,0,0,0,0,0,0,9223372036854775808,5000000000,5000000000,0,0,0,0,0,0,0,0
1364000,1,1,1877,1,1,tick,1364001,0,0,0,0,5000000000,1000000000,10000000000,500000000,1000000000,4611686018427387904,1000,4000,100000,1,0,9223372036854775808,5000000000,5000000000,0,0,0,0,0,0,0,0,9223372036854775808,5000000000,5000000000,0,0,0,0,0,0,0,0
1365000,1,0,1878,0,0,tick,1365001,0,0,0,0,5000000000,1000000000,10000000000,500000000,1000000000,4611686018427387904,1000,4000,100000,1,0,9223372036854775808,5000000000,5000000000,0,0,0,0,0,0,0,0,9223372036854775808,5000000000,5000000000,0,0,0,0,0,0,0,0
1365000,1,1,1878,1,1,tick,1365001,0,0,0,0,5000000000,1000000000,10000000000,500000000,1000000000,4611686018427387904,1000,4000,100000,1,0,9223372036854775808,5000000000,5000000000,0,0,0,0,0,0,0,0,9223372036854775808,5000000000,5000000000,0,0,0,0,0,0,0,0
1366000,1,0,1879,0,0,tick,1366001,0,0,0,0,5000000000,1000000000,10000000000,500000000,1000000000,4611686018427387904,1000,4000,100000,1,0,9223372036854775808,5000000000,5000000000,0,0,0,0,0,0,0,0,9223372036854775808,5000000000,5000000000,0,0,0,0,0,0,0,0
1366000,1,1,1879,1,1,tick,1366001,0,0,0,0,5000000000,1000000000,10000000000,500000000,1000000000,4611686018427387904,1000,4000,100000,1,0,9223372036854775808,5000000000,5000000000,0,0,0,0,0,0,0,0,9223372036854775808,5000000000,5000000000,0,0,0,0,0,0,0,0
1367000,1,0,1880,0,0,tick,1367001,0,0,0,0,5000000000,1000000000,10000000000,500000000,1000000000,4611686018427387904,1000,4000,100000,1,0,9223372036854775808,5000000000,5000000000,0,0,0,0,0,0,0,0,9223372036854775808,5000000000,5000000000,0,0,0,0,0,0,0,0
1367000,1,1,1880,1,1,tick,1367001,0,0,0,0,5000000000,1000000000,10000000000,500000000,1000000000,4611686018427387904,1000,4000,100000,1,0,9223372036854775808,5000000000,5000000000,0,0,0,0,0,0,0,0,9223372036854775808,5000000000,5000000000,0,0,0,0,0,0,0,0
1368000,1,0,1881,0,0,tick,1368001,0,0,0,0,5000000000,1000000000,10000000000,500000000,1000000000,4611686018427387904,1000,4000,100000,1,0,9223372036854775808,5000000000,5000000000,0,0,0,0,0,0,0,0,9223372036854775808,5000000000,5000000000,0,0,0,0,0,0,0,0
1368000,1,1,1881,1,1,tick,1368001,0,0,0,0,5000000000,1000000000,10000000000,500000000,1000000000,4611686018427387904,1000,4000,100000,1,0,9223372036854775808,5000000000,5000000000,0,0,0,0,0,0,0,0,9223372036854775808,5000000000,5000000000,0,0,0,0,0,0,0,0
1369000,1,0,1882,0,0,tick,1369001,0,0,0,0,5000000000,1000000000,10000000000,500000000,1000000000,4611686018427387904,1000,4000,100000,1,0,9223372036854775808,5000000000,5000000000,0,0,0,0,0,0,0,0,9223372036854775808,5000000000,5000000000,0,0,0,0,0,0,0,0
1369000,1,1,1882,1,1,tick,1369001,0,0,0,0,5000000000,1000000000,10000000000,500000000,1000000000,4611686018427387904,1000,4000,100000,1,0,9223372036854775808,5000000000,5000000000,0,0,0,0,0,0,0,0,9223372036854775808,5000000000,5000000000,0,0,0,0,0,0,0,0
1370000,1,0,1884,0,0,tick,1370001,0,0,0,0,5000000000,1000000000,10000000000,500000000,1000000000,4611686018427387904,1000,4000,100000,1,0,9223372036854775808,5000000000,5000000000,0,0,0,0,0,0,0,0,9223372036854775808,5000000000,5000000000,0,0,0,0,0,0,0,0
1370000,1,1,1884,1,1,tick,1370001,0,0,0,0,5000000000,1000000000,10000000000,500000000,1000000000,4611686018427387904,1000,4000,100000,1,0,9223372036854775808,5000000000,5000000000,0,0,0,0,0,0,0,0,9223372036854775808,5000000000,5000000000,0,0,0,0,0,0,0,0
1371000,1,0,1887,0,0,tick,1371001,0,0,0,0,5000000000,1000000000,10000000000,500000000,1000000000,4611686018427387904,1000,4000,100000,1,0,9223372036854775808,5000000000,5000000000,0,0,0,0,0,0,0,0,9223372036854775808,5000000000,5000000000,0,0,0,0,0,0,0,0
1371000,1,1,1887,1,1,tick,1371001,0,0,0,0,5000000000,1000000000,10000000000,500000000,1000000000,4611686018427387904,1000,4000,100000,1,0,9223372036854775808,5000000000,5000000000,0,0,0,0,0,0,0,0,9223372036854775808,5000000000,5000000000,0,0,0,0,0,0,0,0
1372000,1,0,1888,0,0,tick,1372001,0,0,0,0,5000000000,1000000000,10000000000,500000000,1000000000,4611686018427387904,1000,4000,100000,1,0,9223372036854775808,5000000000,5000000000,0,0,0,0,0,0,0,0,9223372036854775808,5000000000,5000000000,0,0,0,0,0,0,0,0
1372000,1,1,1888,1,1,tick,1372001,0,0,0,0,5000000000,1000000000,10000000000,500000000,1000000000,4611686018427387904,1000,4000,100000,1,0,9223372036854775808,5000000000,5000000000,0,0,0,0,0,0,0,0,9223372036854775808,5000000000,5000000000,0,0,0,0,0,0,0,0
1373000,1,0,1889,0,0,tick,1373001,0,0,0,0,5000000000,1000000000,10000000000,500000000,1000000000,4611686018427387904,1000,4000,100000,1,0,9223372036854775808,5000000000,5000000000,0,0,0,0,0,0,0,0,9223372036854775808,5000000000,5000000000,0,0,0,0,0,0,0,0
1373000,1,1,1889,1,1,tick,1373001,0,0,0,0,5000000000,1000000000,10000000000,500000000,1000000000,4611686018427387904,1000,4000,100000,1,0,9223372036854775808,5000000000,5000000000,0,0,0,0,0,0,0,0,9223372036854775808,5000000000,5000000000,0,0,0,0,0,0,0,0
1374000,1,0,1890,0,0,tick,1374001,0,0,0,0,5000000000,1000000000,10000000000,500000000,1000000000,4611686018427387904,1000,4000,100000,1,0,9223372036854775808,5000000000,5000000000,0,0,0,0,0,0,0,0,9223372036854775808,5000000000,5000000000,0,0,0,0,0,0,0,0
1374000,1,1,1890,1,1,tick,1374001,0,0,0,0,5000000000,1000000000,10000000000,500000000,1000000000,4611686018427387904,1000,4000,100000,1,0,9223372036854775808,5000000000,5000000000,0,0,0,0,0,0,0,0,9223372036854775808,5000000000,5000000000,0,0,0,0,0,0,0,0
1375000,1,0,1891,0,0,tick,1375001,0,0,0,0,5000000000,1000000000,10000000000,500000000,1000000000,4611686018427387904,1000,4000,100000,1,0,9223372036854775808,5000000000,5000000000,0,0,0,0,0,0,0,0,9223372036854775808,5000000000,5000000000,0,0,0,0,0,0,0,0
1375000,1,1,1891,1,1,tick,1375001,0,0,0,0,5000000000,1000000000,10000000000,500000000,1000000000,4611686018427387904,1000,4000,100000,1,0,9223372036854775808,5000000000,5000000000,0,0,0,0,0,0,0,0,9223372036854775808,5000000000,5000000000,0,0,0,0,0,0,0,0
1376000,1,0,1892,0,0,tick,1376001,0,0,0,0,5000000000,1000000000,10000000000,500000000,1000000000,4611686018427387904,1000,4000,100000,1,0,9223372036854775808,5000000000,5000000000,0,0,0,0,0,0,0,0,9223372036854775808,5000000000,5000000000,0,0,0,0,0,0,0,0
1376000,1,1,1892,1,1,tick,1376001,0,0,0,0,5000000000,1000000000,10000000000,500000000,1000000000,4611686018427387904,1000,4000,100000,1,0,9223372036854775808,5000000000,5000000000,0,0,0,0,0,0,0,0,9223372036854775808,5000000000,5000000000,0,0,0,0,0,0,0,0
1377000,1,0,1893,0,0,tick,1377001,0,0,0,0,5000000000,1000000000,10000000000,500000000,1000000000,4611686018427387904,1000,4000,100000,1,0,9223372036854775808,5000000000,5000000000,0,0,0,0,0,0,0,0,9223372036854775808,5000000000,5000000000,0,0,0,0,0,0,0,0
1377000,1,1,1893,1,1,tick,1377001,0,0,0,0,5000000000,1000000000,10000000000,500000000,1000000000,4611686018427387904,1000,4000,100000,1,0,9223372036854775808,5000000000,5000000000,0,0,0,0,0,0,0,0,9223372036854775808,5000000000,5000000000,0,0,0,0,0,0,0,0
1378000,1,0,1895,0,0,tick,1378001,0,0,0,0,5000000000,1000000000,10000000000,500000000,1000000000,4611686018427387904,1000,4000,100000,1,0,9223372036854775808,5000000000,5000000000,0,0,0,0,0,0,0,0,9223372036854775808,5000000000,5000000000,0,0,0,0,0,0,0,0
1378000,1,1,1895,1,1,tick,1378001,0,0,0,0,5000000000,1000000000,10000000000,500000000,1000000000,4611686018427387904,1000,4000,100000,1,0,9223372036854775808,5000000000,5000000000,0,0,0,0,0,0,0,0,9223372036854775808,5000000000,5000000000,0,0,0,0,0,0,0,0
1379000,1,0,1898,0,0,tick,1379001,0,0,0,0,5000000000,1000000000,10000000000,500000000,1000000000,4611686018427387904,1000,4000,100000,1,0,9223372036854775808,5000000000,5000000000,0,0,0,0,0,0,0,0,9223372036854775808,5000000000,5000000000,0,0,0,0,0,0,0,0
1379000,1,1,1898,1,1,tick,1379001,0,0,0,0,5000000000,1000000000,10000000000,500000000,1000000000,4611686018427387904,1000,4000,100000,1,0,9223372036854775808,5000000000,5000000000,0,0,0,0,0,0,0,0,9223372036854775808,5000000000,5000000000,0,0,0,0,0,0,0,0
1380000,1,0,1899,0,0,tick,1380001,0,0,0,0,5000000000,1000000000,10000000000,500000000,1000000000,4611686018427387904,1000,4000,100000,1,0,9223372036854775808,5000000000,5000000000,0,0,0,0,0,0,0,0,9223372036854775808,5000000000,5000000000,0,0,0,0,0,0,0,0
1380000,1,1,1899,1,1,tick,1380001,0,0,0,0,5000000000,1000000000,10000000000,500000000,1000000000,4611686018427387904,1000,4000,100000,1,0,9223372036854775808,5000000000,5000000000,0,0,0,0,0,0,0,0,9223372036854775808,5000000000,5000000000,0,0,0,0,0,0,0,0
1381000,1,0,1900,0,0,tick,1381001,0,0,0,0,5000000000,1000000000,10000000000,500000000,1000000000,4611686018427387904,1000,4000,100000,1,0,9223372036854775808,5000000000,5000000000,0,0,0,0,0,0,0,0,9223372036854775808,5000000000,5000000000,0,0,0,0,0,0,0,0
1381000,1,1,1900,1,1,tick,1381001,0,0,0,0,5000000000,1000000000,10000000000,500000000,1000000000,4611686018427387904,1000,4000,100000,1,0,9223372036854775808,5000000000,5000000000,0,0,0,0,0,0,0,0,9223372036854775808,5000000000,5000000000,0,0,0,0,0,0,0,0
1382000,1,0,1901,0,0,tick,1382001,0,0,0,0,5000000000,1000000000,10000000000,500000000,1000000000,4611686018427387904,1000,4000,100000,1,0,9223372036854775808,5000000000,5000000000,0,0,0,0,0,0,0,0,9223372036854775808,5000000000,5000000000,0,0,0,0,0,0,0,0
1382000,1,1,1901,1,1,tick,1382001,0,0,0,0,5000000000,1000000000,10000000000,500000000,1000000000,4611686018427387904,1000,4000,100000,1,0,9223372036854775808,5000000000,5000000000,0,0,0,0,0,0,0,0,9223372036854775808,5000000000,5000000000,0,0,0,0,0,0,0,0
1383000,1,0,1902,0,0,tick,1383001,0,0,0,0,5000000000,1000000000,10000000000,500000000,1000000000,4611686018427387904,1000,4000,100000,1,0,9223372036854775808,5000000000,5000000000,0,0,0,0,0,0,0,0,9223372036854775808,5000000000,5000000000,0,0,0,0,0,0,0,0
1383000,1,1,1902,1,1,tick,1383001,0,0,0,0,5000000000,1000000000,10000000000,500000000,1000000000,4611686018427387904,1000,4000,100000,1,0,9223372036854775808,5000000000,5000000000,0,0,0,0,0,0,0,0,9223372036854775808,5000000000,5000000000,0,0,0,0,0,0,0,0
1384000,1,0,1903,0,0,tick,1384001,0,0,0,0,5000000000,1000000000,10000000000,500000000,1000000000,4611686018427387904,1000,4000,100000,1,0,9223372036854775808,5000000000,5000000000,0,0,0,0,0,0,0,0,9223372036854775808,5000000000,5000000000,0,0,0,0,0,0,0,0
1384000,1,1,1903,1,1,tick,1384001,0,0,0,0,5000000000,1000000000,10000000000,500000000,1000000000,4611686018427387904,1000,4000,100000,1,0,9223372036854775808,5000000000,5000000000,0,0,0,0,0,0,0,0,9223372036854775808,5000000000,5000000000,0,0,0,0,0,0,0,0
1385000,1,0,1904,0,0,tick,1385001,0,0,0,0,5000000000,1000000000,10000000000,500000000,1000000000,4611686018427387904,1000,4000,100000,1,0,9223372036854775808,5000000000,5000000000,0,0,0,0,0,0,0,0,9223372036854775808,5000000000,5000000000,0,0,0,0,0,0,0,0
1385000,1,1,1904,1,1,tick,1385001,0,0,0,0,5000000000,1000000000,10000000000,500000000,1000000000,4611686018427387904,1000,4000,100000,1,0,9223372036854775808,5000000000,5000000000,0,0,0,0,0,0,0,0,9223372036854775808,5000000000,5000000000,0,0,0,0,0,0,0,0
1386000,1,0,1906,0,0,tick,1386001,0,0,0,0,5000000000,1000000000,10000000000,500000000,1000000000,4611686018427387904,1000,4000,100000,1,0,9223372036854775808,5000000000,5000000000,0,0,0,0,0,0,0,0,9223372036854775808,5000000000,5000000000,0,0,0,0,0,0,0,0
1386000,1,1,1906,1,1,tick,1386001,0,0,0,0,5000000000,1000000000,10000000000,500000000,1000000000,4611686018427387904,1000,4000,100000,1,0,9223372036854775808,5000000000,5000000000,0,0,0,0,0,0,0,0,9223372036854775808,5000000000,5000000000,0,0,0,0,0,0,0,0
1387000,1,0,1909,0,0,tick,1387001,0,0,0,0,5000000000,1000000000,10000000000,500000000,1000000000,4611686018427387904,1000,4000,100000,1,0,9223372036854775808,5000000000,5000000000,0,0,0,0,0,0,0,0,9223372036854775808,5000000000,5000000000,0,0,0,0,0,0,0,0
1387000,1,1,1909,1,1,tick,1387001,0,0,0,0,5000000000,1000000000,10000000000,500000000,1000000000,4611686018427387904,1000,4000,100000,1,0,9223372036854775808,5000000000,5000000000,0,0,0,0,0,0,0,0,9223372036854775808,5000000000,5000000000,0,0,0,0,0,0,0,0
1388000,1,0,1910,0,0,tick,1388001,0,0,0,0,5000000000,1000000000,10000000000,500000000,1000000000,4611686018427387904,1000,4000,100000,1,0,9223372036854775808,5000000000,5000000000,0,0,0,0,0,0,0,0,9223372036854775808,5000000000,5000000000,0,0,0,0,0,0,0,0
1388000,1,1,1910,1,1,tick,1388001,0,0,0,0,5000000000,1000000000,10000000000,500000000,1000000000,4611686018427387904,1000,4000,100000,1,0,9223372036854775808,5000000000,5000000000,0,0,0,0,0,0,0,0,9223372036854775808,5000000000,5000000000,0,0,0,0,0,0,0,0
1389000,1,0,1911,0,0,tick,1389001,0,0,0,0,5000000000,1000000000,10000000000,500000000,1000000000,4611686018427387904,1000,4000,100000,1,0,9223372036854775808,5000000000,5000000000,0,0,0,0,0,0,0,0,9223372036854775808,5000000000,5000000000,0,0,0,0,0,0,0,0
1389000,1,1,1911,1,1,tick,1389001,0,0,0,0,5000000000,1000000000,10000000000,500000000,1000000000,4611686018427387904,1000,4000,100000,1,0,9223372036854775808,5000000000,5000000000,0,0,0,0,0,0,0,0,9223372036854775808,5000000000,5000000000,0,0,0,0,0,0,0,0
1390000,1,0,1912,0,0,tick,1390001,0,0,0,0,5000000000,1000000000,10000000000,500000000,1000000000,4611686018427387904,1000,4000,100000,1,0,9223372036854775808,5000000000,5000000000,0,0,0,0,0,0,0,0,9223372036854775808,5000000000,5000000000,0,0,0,0,0,0,0,0
1390000,1,1,1912,1,1,tick,1390001,0,0,0,0,5000000000,1000000000,10000000000,500000000,1000000000,4611686018427387904,1000,4000,100000,1,0,9223372036854775808,5000000000,5000000000,0,0,0,0,0,0,0,0,9223372036854775808,5000000000,5000000000,0,0,0,0,0,0,0,0
1391000,1,0,1913,0,0,tick,1391001,0,0,0,0,5000000000,1000000000,10000000000,500000000,1000000000,4611686018427387904,1000,4000,100000,1,0,9223372036854775808,5000000000,5000000000,0,0,0,0,0,0,0,0,9223372036854775808,5000000000,5000000000,0,0,0,0,0,0,0,0
1391000,1,1,1913,1,1,tick,1391001,0,0,0,0,5000000000,1000000000,10000000000,500000000,1000000000,4611686018427387904,1000,4000,100000,1,0,9223372036854775808,5000000000,5000000000,0,0,0,0,0,0,0,0,9223372036854775808,5000000000,5000000000,0,0,0,0,0,0,0,0
1392000,1,0,1914,0,0,tick,1392001,0,0,0,0,5000000000,1000000000,10000000000,500000000,1000000000,4611686018427387904,1000,4000,100000,1,0,9223372036854775808,5000000000,5000000000,0,0,0,0,0,0,0,0,9223372036854775808,5000000000,5000000000,0,0,0,0,0,0,0,0
1392000,1,1,1914,1,1,tick,1392001,0,0,0,0,5000000000,1000000000,10000000000,500000000,1000000000,4611686018427387904,1000,4000,100000,1,0,9223372036854775808,5000000000,5000000000,0,0,0,0,0,0,0,0,9223372036854775808,5000000000,5000000000,0,0,0,0,0,0,0,0
1393000,1,0,1915,0,0,tick,1393001,0,0,0,0,5000000000,1000000000,10000000000,500000000,1000000000,4611686018427387904,1000,4000,100000,1,0,9223372036854775808,5000000000,5000000000,0,0,0,0,0,0,0,0,9223372036854775808,5000000000,5000000000,0,0,0,0,0,0,0,0
1393000,1,1,1915,1,1,tick,1393001,0,0,0,0,5000000000,1000000000,10000000000,500000000,1000000000,4611686018427387904,1000,4000,100000,1,0,9223372036854775808,5000000000,5000000000,0,0,0,0,0,0,0,0,9223372036854775808,5000000000,5000000000,0,0,0,0,0,0,0,0
1394000,1,0,1917,0,0,tick,1394001,0,0,0,0,5000000000,1000000000,10000000000,500000000,1000000000,4611686018427387904,1000,4000,100000,1,0,9223372036854775808,5000000000,5000000000,0,0,0,0,0,0,0,0,9223372036854775808,5000000000,5000000000,0,0,0,0,0,0,0,0
1394000,1,1,1917,1,1,tick,1394001,0,0,0,0,5000000000,1000000000,10000000000,500000000,1000000000,4611686018427387904,1000,4000,100000,1,0,9223372036854775808,5000000000,5000000000,0,0,0,0,0,0,0,0,9223372036854775808,5000000000,5000000000,0,0,0,0,0,0,0,0
1395000,1,0,1920,0,0,tick,1395001,0,0,0,0,5000000000,1000000000,10000000000,500000000,1000000000,4611686018427387904,1000,4000,100000,1,0,9223372036854775808,5000000000,5000000000,0,0,0,0,0,0,0,0,9223372036854775808,5000000000,5000000000,0,0,0,0,0,0,0,0
1395000,1,1,1920,1,1,tick,1395001,0,0,0,0,5000000000,1000000000,10000000000,500000000,1000000000,4611686018427387904,1000,4000,100000,1,0,9223372036854775808,5000000000,5000000000,0,0,0,0,0,0,0,0,9223372036854775808,5000000000,5000000000,0,0,0,0,0,0,0,0
1396000,1,0,1921,0,0,tick,1396001,0,0,0,0,5000000000,1000000000,10000000000,500000000,1000000000,4611686018427387904,1000,4000,100000,1,0,9223372036854775808,5000000000,5000000000,0,0,0,0,0,0,0,0,9223372036854775808,5000000000,5000000000,0,0,0,0,0,0,0,0
1396000,1,1,1921,1,1,tick,1396001,0,0,0,0,5000000000,1000000000,10000000000,500000000,1000000000,4611686018427387904,1000,4000,100000,1,0,9223372036854775808,5000000000,5000000000,0,0,0,0,0,0,0,0,9223372036854775808,5000000000,5000000000,0,0,0,0,0,0,0,0
1397000,1,0,1922,0,0,tick,1397001,0,0,0,0,5000000000,1000000000,10000000000,500000000,1000000000,4611686018427387904,1000,4000,100000,1,0,9223372036854775808,5000000000,5000000000,0,0,0,0,0,0,0,0,9223372036854775808,5000000000,5000000000,0,0,0,0,0,0,0,0
1397000,1,1,1922,1,1,tick,1397001,0,0,0,0,5000000000,1000000000,10000000000,500000000,1000000000,4611686018427387904,1000,4000,100000,1,0,9223372036854775808,5000000000,5000000000,0,0,0,0,0,0,0,0,9223372036854775808,5000000000,5000000000,0,0,0,0,0,0,0,0
1398000,1,0,1923,0,0,tick,1398001,0,0,0,0,5000000000,1000000000,10000000000,500000000,1000000000,4611686018427387904,1000,4000,100000,1,0,9223372036854775808,5000000000,5000000000,0,0,0,0,0,0,0,0,9223372036854775808,5000000000,5000000000,0,0,0,0,0,0,0,0
1398000,1,1,1923,1,1,tick,1398001,0,0,0,0,5000000000,1000000000,10000000000,500000000,1000000000,4611686018427387904,1000,4000,100000,1,0,9223372036854775808,5000000000,5000000000,0,0,0,0,0,0,0,0,9223372036854775808,5000000000,5000000000,0,0,0,0,0,0,0,0
1399000,1,0,1924,0,0,tick,1399001,0,0,0,0,5000000000,1000000000,10000000000,500000000,1000000000,4611686018427387904,1000,4000,100000,1,0,9223372036854775808,5000000000,5000000000,0,0,0,0,0,0,0,0,9223372036854775808,5000000000,5000000000,0,0,0,0,0,0,0,0
1399000,1,1,1924,1,1,tick,1399001,0,0,0,0,5000000000,1000000000,10000000000,500000000,1000000000,4611686018427387904,1000,4000,100000,1,0,9223372036854775808,5000000000,5000000000,0,0,0,0,0,0,0,0,9223372036854775808,5000000000,5000000000,0,0,0,0,0,0,0,0
1400000,1,0,1925,0,0,tick,1400001,0,0,0,0,5000000000,1000000000,10000000000,500000000,1000000000,4611686018427387904,1000,4000,100000,1,0,9223372036854775808,5000000000,5000000000,0,0,0,0,0,0,0,0,9223372036854775808,5000000000,5000000000,0,0,0,0,0,0,0,0
1400000,1,1,1925,1,1,tick,1400001,0,0,0,0,5000000000,1000000000,10000000000,500000000,1000000000,4611686018427387904,1000,4000,100000,1,0,9223372036854775808,5000000000,5000000000,0,0,0,0,0,0,0,0,9223372036854775808,5000000000,5000000000,0,0,0,0,0,0,0,0
1401000,1,0,1926,0,0,tick,1401001,0,0,0,0,5000000000,1000000000,10000000000,500000000,1000000000,4611686018427387904,1000,4000,100000,1,0,9223372036854775808,5000000000,5000000000,0,0,0,0,0,0,0,0,9223372036854775808,5000000000,5000000000,0,0,0,0,0,0,0,0
1401000,1,1,1926,1,1,tick,1401001,0,0,0,0,5000000000,1000000000,10000000000,500000000,1000000000,4611686018427387904,1000,4000,100000,1,0,9223372036854775808,5000000000,5000000000,0,0,0,0,0,0,0,0,9223372036854775808,5000000000,5000000000,0,0,0,0,0,0,0,0
1402000,1,0,1928,0,0,tick,1402001,0,0,0,0,5000000000,1000000000,10000000000,500000000,1000000000,4611686018427387904,1000,4000,100000,1,0,9223372036854775808,5000000000,5000000000,0,0,0,0,0,0,0,0,9223372036854775808,5000000000,5000000000,0,0,0,0,0,0,0,0
1402000,1,1,1928,1,1,tick,1402001,0,0,0,0,5000000000,1000000000,10000000000,500000000,1000000000,4611686018427387904,1000,4000,100000,1,0,9223372036854775808,5000000000,5000000000,0,0,0,0,0,0,0,0,9223372036854775808,5000000000,5000000000,0,0,0,0,0,0,0,0
1403000,1,0,1931,0,0,tick,1403001,0,0,0,0,5000000000,1000000000,10000000000,500000000,1000000000,4611686018427387904,1000,4000,100000,1,0,9223372036854775808,5000000000,5000000000,0,0,0,0,0,0,0,0,9223372036854775808,5000000000,5000000000,0,0,0,0,0,0,0,0
1403000,1,1,1931,1,1,tick,1403001,0,0,0,0,5000000000,1000000000,10000000000,500000000,1000000000,4611686018427387904,1000,4000,100000,1,0,9223372036854775808,5000000000,5000000000,0,0,0,0,0,0,0,0,9223372036854775808,5000000000,5000000000,0,0,0,0,0,0,0,0
1404000,1,0,1932,0,0,tick,1404001,0,0,0,0,5000000000,1000000000,10000000000,500000000,1000000000,4611686018427387904,1000,4000,100000,1,0,9223372036854775808,5000000000,5000000000,0,0,0,0,0,0,0,0,9223372036854775808,5000000000,5000000000,0,0,0,0,0,0,0,0
1404000,1,1,1932,1,1,tick,1404001,0,0,0,0,5000000000,1000000000,10000000000,500000000,1000000000,4611686018427387904,1000,4000,100000,1,0,9223372036854775808,5000000000,5000000000,0,0,0,0,0,0,0,0,9223372036854775808,5000000000,5000000000,0,0,0,0,0,0,0,0
1405000,1,0,1933,0,0,tick,1405001,0,0,0,0,5000000000,1000000000,10000000000,500000000,1000000000,4611686018427387904,1000,4000,100000,1,0,9223372036854775808,5000000000,5000000000,0,0,0,0,0,0,0,0,9223372036854775808,5000000000,5000000000,0,0,0,0,0,0,0,0
1405000,1,1,1933,1,1,tick,1405001,0,0,0,0,5000000000,1000000000,10000000000,500000000,1000000000,4611686018427387904,1000,4000,100000,1,0,9223372036854775808,5000000000,5000000000,0,0,0,0,0,0,0,0,9223372036854775808,5000000000,5000000000,0,0,0,0,0,0,0,0
1406000,1,0,1934,0,0,tick,1406001,0,0,0,0,5000000000,1000000000,10000000000,500000000,1000000000,4611686018427387904,1000,4000,100000,1,0,9223372036854775808,5000000000,5000000000,0,0,0,0,0,0,0,0,9223372036854775808,5000000000,5000000000,0,0,0,0,0,0,0,0
1406000,1,1,1934,1,1,tick,1406001,0,0,0,0,5000000000,1000000000,10000000000,500000000,1000000000,4611686018427387904,1000,4000,100000,1,0,9223372036854775808,5000000000,5000000000,0,0,0,0,0,0,0,0,9223372036854775808,5000000000,5000000000,0,0,0,0,0,0,0,0
1407000,1,0,1935,0,0,tick,1407001,0,0,0,0,5000000000,1000000000,10000000000,500000000,1000000000,4611686018427387904,1000,4000,100000,1,0,9223372036854775808,5000000000,5000000000,0,0,0,0,0,0,0,0,9223372036854775808,5000000000,5000000000,0,0,0,0,0,0,0,0
1407000,1,1,1935,1,1,tick,1407001,0,0,0,0,5000000000,1000000000,10000000000,500000000,1000000000,4611686018427387904,1000,4000,100000,1,0,9223372036854775808,5000000000,5000000000,0,0,0,0,0,0,0,0,9223372036854775808,5000000000,5000000000,0,0,0,0,0,0,0,0
1408000,1,0,1936,0,0,tick,1408001,0,0,0,0,5000000000,1000000000,10000000000,500000000,1000000000,4611686018427387904,1000,4000,100000,1,0,9223372036854775808,5000000000,5000000000,0,0,0,0,0,0,0,0,9223372036854775808,5000000000,5000000000,0,0,0,0,0,0,0,0
1408000,1,1,1936,1,1,tick,1408001,0,0,0,0,5000000000,1000000000,10000000000,500000000,1000000000,4611686018427387904,1000,4000,100000,1,0,9223372036854775808,5000000000,5000000000,0,0,0,0,0,0,0,0,9223372036854775808,5000000000,5000000000,0,0,0,0,0,0,0,0
1409000,1,0,1937,0,0,tick,1409001,0,0,0,0,5000000000,1000000000,10000000000,500000000,1000000000,4611686018427387904,1000,4000,100000,1,0,9223372036854775808,5000000000,5000000000,0,0,0,0,0,0,0,0,9223372036854775808,5000000000,5000000000,0,0,0,0,0,0,0,0
1409000,1,1,1937,1,1,tick,1409001,0,0,0,0,5000000000,1000000000,10000000000,500000000,1000000000,4611686018427387904,1000,4000,100000,1,0,9223372036854775808,5000000000,5000000000,0,0,0,0,0,0,0,0,9223372036854775808,5000000000,5000000000,0,0,0,0,0,0,0,0
1410000,1,0,1939,0,0,tick,1410001,0,0,0,0,5000000000,1000000000,10000000000,500000000,1000000000,4611686018427387904,1000,4000,100000,1,0,9223372036854775808,5000000000,5000000000,0,0,0,0,0,0,0,0,9223372036854775808,5000000000,5000000000,0,0,0,0,0,0,0,0
1410000,1,1,1939,1,1,tick,1410001,0,0,0,0,5000000000,1000000000,10000000000,500000000,1000000000,4611686018427387904,1000,4000,100000,1,0,9223372036854775808,5000000000,5000000000,0,0,0,0,0,0,0,0,9223372036854775808,5000000000,5000000000,0,0,0,0,0,0,0,0
1411000,1,0,1942,0,0,tick,1411001,0,0,0,0,5000000000,1000000000,10000000000,500000000,1000000000,4611686018427387904,1000,4000,100000,1,0,9223372036854775808,5000000000,5000000000,0,0,0,0,0,0,0,0,9223372036854775808,5000000000,5000000000,0,0,0,0,0,0,0,0
1411000,1,1,1942,1,1,tick,1411001,0,0,0,0,5000000000,1000000000,10000000000,500000000,1000000000,4611686018427387904,1000,4000,100000,1,0,9223372036854775808,5000000000,5000000000,0,0,0,0,0,0,0,0,9223372036854775808,5000000000,5000000000,0,0,0,0,0,0,0,0
1412000,1,0,1943,0,0,tick,1412001,0,0,0,0,5000000000,1000000000,10000000000,500000000,1000000000,4611686018427387904,1000,4000,100000,1,0,9223372036854775808,5000000000,5000000000,0,0,0,0,0,0,0,0,9223372036854775808,5000000000,5000000000,0,0,0,0,0,0,0,0
1412000,1,1,1943,1,1,tick,1412001,0,0,0,0,5000000000,1000000000,10000000000,500000000,1000000000,4611686018427387904,1000,4000,100000,1,0,9223372036854775808,5000000000,5000000000,0,0,0,0,0,0,0,0,9223372036854775808,5000000000,5000000000,0,0,0,0,0,0,0,0
1413000,1,0,1944,0,0,tick,1413001,0,0,0,0,5000000000,1000000000,10000000000,500000000,1000000000,4611686018427387904,1000,4000,100000,1,0,9223372036854775808,5000000000,5000000000,0,0,0,0,0,0,0,0,9223372036854775808,5000000000,5000000000,0,0,0,0,0,0,0,0
1413000,1,1,1944,1,1,tick,1413001,0,0,0,0,5000000000,1000000000,10000000000,500000000,1000000000,4611686018427387904,1000,4000,100000,1,0,9223372036854775808,5000000000,5000000000,0,0,0,0,0,0,0,0,9223372036854775808,5000000000,5000000000,0,0,0,0,0,0,0,0
1414000,1,0,1945,0,0,tick,1414001,0,0,0,0,5000000000,1000000000,10000000000,500000000,1000000000,4611686018427387904,1000,4000,100000,1,0,9223372036854775808,5000000000,5000000000,0,0,0,0,0,0,0,0,9223372036854775808,5000000000,5000000000,0,0,0,0,0,0,0,0
1414000,1,1,1945,1,1,tick,1414001,0,0,0,0,5000000000,1000000000,10000000000,500000000,1000000000,4611686018427387904,1000,4000,100000,1,0,9223372036854775808,5000000000,5000000000,0,0,0,0,0,0,0,0,9223372036854775808,5000000000,5000000000,0,0,0,0,0,0,0,0
1415000,1,0,1946,0,0,tick,1415001,0,0,0,0,5000000000,1000000000,10000000000,500000000,1000000000,4611686018427387904,1000,4000,100000,1,0,9223372036854775808,5000000000,5000000000,0,0,0,0,0,0,0,0,9223372036854775808,5000000000,5000000000,0,0,0,0,0,0,0,0
1415000,1,1,1946,1,1,tick,1415001,0,0,0,0,5000000000,1000000000,10000000000,500000000,1000000000,4611686018427387904,1000,4000,100000,1,0,9223372036854775808,5000000000,5000000000,0,0,0,0,0,0,0,0,9223372036854775808,5000000000,5000000000,0,0,0,0,0,0,0,0
1416000,1,0,1947,0,0,tick,1416001,0,0,0,0,5000000000,1000000000,10000000000,500000000,1000000000,4611686018427387904,1000,4000,100000,1,0,9223372036854775808,5000000000,5000000000,0,0,0,0,0,0,0,0,9223372036854775808,5000000000,5000000000,0,0,0,0,0,0,0,0
1416000,1,1,1947,1,1,tick,1416001,0,0,0,0,5000000000,1000000000,10000000000,500000000,1000000000,4611686018427387904,1000,4000,100000,1,0,9223372036854775808,5000000000,5000000000,0,0,0,0,0,0,0,0,9223372036854775808,5000000000,5000000000,0,0,0,0,0,0,0,0
1417000,1,0,1948,0,0,tick,1417001,0,0,0,0,5000000000,1000000000,10000000000,500000000,1000000000,4611686018427387904,1000,4000,100000,1,0,9223372036854775808,5000000000,5000000000,0,0,0,0,0,0,0,0,9223372036854775808,5000000000,5000000000,0,0,0,0,0,0,0,0
1417000,1,1,1948,1,1,tick,1417001,0,0,0,0,5000000000,1000000000,10000000000,500000000,1000000000,4611686018427387904,1000,4000,100000,1,0,9223372036854775808,5000000000,5000000000,0,0,0,0,0,0,0,0,9223372036854775808,5000000000,5000000000,0,0,0,0,0,0,0,0
1418000,1,0,1950,0,0,tick,1418001,0,0,0,0,5000000000,1000000000,10000000000,500000000,1000000000,4611686018427387904,1000,4000,100000,1,0,9223372036854775808,5000000000,5000000000,0,0,0,0,0,0,0,0,9223372036854775808,5000000000,5000000000,0,0,0,0,0,0,0,0
1418000,1,1,1950,1,1,tick,1418001,0,0,0,0,5000000000,1000000000,10000000000,500000000,1000000000,4611686018427387904,1000,4000,100000,1,0,9223372036854775808,5000000000,5000000000,0,0,0,0,0,0,0,0,9223372036854775808,5000000000,5000000000,0,0,0,0,0,0,0,0
1419000,1,0,1953,0,0,tick,1419001,0,0,0,0,5000000000,1000000000,10000000000,500000000,1000000000,4611686018427387904,1000,4000,100000,1,0,9223372036854775808,5000000000,5000000000,0,0,0,0,0,0,0,0,9223372036854775808,5000000000,5000000000,0,0,0,0,0,0,0,0
1419000,1,1,1953,1,1,tick,1419001,0,0,0,0,5000000000,1000000000,10000000000,500000000,1000000000,4611686018427387904,1000,4000,100000,1,0,9223372036854775808,5000000000,5000000000,0,0,0,0,0,0,0,0,9223372036854775808,5000000000,5000000000,0,0,0,0,0,0,0,0
1420000,1,0,1954,0,0,tick,1420001,0,0,0,0,5000000000,1000000000,10000000000,500000000,1000000000,4611686018427387904,1000,4000,100000,1,0,9223372036854775808,5000000000,5000000000,0,0,0,0,0,0,0,0,9223372036854775808,5000000000,5000000000,0,0,0,0,0,0,0,0
1420000,1,1,1954,1,1,tick,1420001,0,0,0,0,5000000000,1000000000,10000000000,500000000,1000000000,4611686018427387904,1000,4000,100000,1,0,9223372036854775808,5000000000,5000000000,0,0,0,0,0,0,0,0,9223372036854775808,5000000000,5000000000,0,0,0,0,0,0,0,0
1421000,1,0,1955,0,0,tick,1421001,0,0,0,0,5000000000,1000000000,10000000000,500000000,1000000000,4611686018427387904,1000,4000,100000,1,0,9223372036854775808,5000000000,5000000000,0,0,0,0,0,0,0,0,9223372036854775808,5000000000,5000000000,0,0,0,0,0,0,0,0
1421000,1,1,1955,1,1,tick,1421001,0,0,0,0,5000000000,1000000000,10000000000,500000000,1000000000,4611686018427387904,1000,4000,100000,1,0,9223372036854775808,5000000000,5000000000,0,0,0,0,0,0,0,0,9223372036854775808,5000000000,5000000000,0,0,0,0,0,0,0,0
1422000,1,0,1956,0,0,tick,1422001,0,0,0,0,5000000000,1000000000,10000000000,500000000,1000000000,4611686018427387904,1000,4000,100000,1,0,9223372036854775808,5000000000,5000000000,0,0,0,0,0,0,0,0,9223372036854775808,5000000000,5000000000,0,0,0,0,0,0,0,0
1422000,1,1,1956,1,1,tick,1422001,0,0,0,0,5000000000,1000000000,10000000000,500000000,1000000000,4611686018427387904,1000,4000,100000,1,0,9223372036854775808,5000000000,5000000000,0,0,0,0,0,0,0,0,9223372036854775808,5000000000,5000000000,0,0,0,0,0,0,0,0
1423000,1,0,1957,0,0,tick,1423001,0,0,0,0,5000000000,1000000000,10000000000,500000000,1000000000,4611686018427387904,1000,4000,100000,1,0,9223372036854775808,5000000000,5000000000,0,0,0,0,0,0,0,0,9223372036854775808,5000000000,5000000000,0,0,0,0,0,0,0,0
1423000,1,1,1957,1,1,tick,1423001,0,0,0,0,5000000000,1000000000,10000000000,500000000,1000000000,4611686018427387904,1000,4000,100000,1,0,9223372036854775808,5000000000,5000000000,0,0,0,0,0,0,0,0,9223372036854775808,5000000000,5000000000,0,0,0,0,0,0,0,0
1424000,1,0,1958,0,0,tick,1424001,0,0,0,0,5000000000,1000000000,10000000000,500000000,1000000000,4611686018427387904,1000,4000,100000,1,0,9223372036854775808,5000000000,5000000000,0,0,0,0,0,0,0,0,9223372036854775808,5000000000,5000000000,0,0,0,0,0,0,0,0
1424000,1,1,1958,1,1,tick,1424001,0,0,0,0,5000000000,1000000000,10000000000,500000000,1000000000,4611686018427387904,1000,4000,100000,1,0,9223372036854775808,5000000000,5000000000,0,0,0,0,0,0,0,0,9223372036854775808,5000000000,5000000000,0,0,0,0,0,0,0,0
1425000,1,0,1959,0,0,tick,1425001,0,0,0,0,5000000000,1000000000,10000000000,500000000,1000000000,4611686018427387904,1000,4000,100000,1,0,9223372036854775808,5000000000,5000000000,0,0,0,0,0,0,0,0,9223372036854775808,5000000000,5000000000,0,0,0,0,0,0,0,0
1425000,1,1,1959,1,1,tick,1425001,0,0,0,0,5000000000,1000000000,10000000000,500000000,1000000000,4611686018427387904,1000,4000,100000,1,0,9223372036854775808,5000000000,5000000000,0,0,0,0,0,0,0,0,9223372036854775808,5000000000,5000000000,0,0,0,0,0,0,0,0
1426000,1,0,1961,0,0,tick,1426001,0,0,0,0,5000000000,1000000000,10000000000,500000000,1000000000,4611686018427387904,1000,4000,100000,1,0,9223372036854775808,5000000000,5000000000,0,0,0,0,0,0,0,0,9223372036854775808,5000000000,5000000000,0,0,0,0,0,0,0,0
1426000,1,1,1961,1,1,tick,1426001,0,0,0,0,5000000000,1000000000,10000000000,500000000,1000000000,4611686018427387904,1000,4000,100000,1,0,9223372036854775808,5000000000,5000000000,0,0,0,0,0,0,0,0,9223372036854775808,5000000000,5000000000,0,0,0,0,0,0,0,0
1427000,1,0,1964,0,0,tick,1427001,0,0,0,0,5000000000,1000000000,10000000000,500000000,1000000000,4611686018427387904,1000,4000,100000,1,0,9223372036854775808,5000000000,5000000000,0,0,0,0,0,0,0,0,9223372036854775808,5000000000,5000000000,0,0,0,0,0,0,0,0
1427000,1,1,1964,1,1,tick,1427001,0,0,0,0,5000000000,1000000000,10000000000,500000000,1000000000,4611686018427387904,1000,4000,100000,1,0,9223372036854775808,5000000000,5000000000,0,0,0,0,0,0,0,0,9223372036854775808,5000000000,5000000000,0,0,0,0,0,0,0,0
1428000,1,0,1965,0,0,tick,1428001,0,0,0,0,5000000000,1000000000,10000000000,500000000,1000000000,4611686018427387904,1000,4000,100000,1,0,9223372036854775808,5000000000,5000000000,0,0,0,0,0,0,0,0,9223372036854775808,5000000000,5000000000,0,0,0,0,0,0,0,0
1428000,1,1,1965,1,1,tick,1428001,0,0,0,0,5000000000,1000000000,10000000000,500000000,1000000000,4611686018427387904,1000,4000,100000,1,0,9223372036854775808,5000000000,5000000000,0,0,0,0,0,0,0,0,9223372036854775808,5000000000,5000000000,0,0,0,0,0,0,0,0
1429000,1,0,1966,0,0,tick,1429001,0,0,0,0,5000000000,1000000000,10000000000,500000000,1000000000,4611686018427387904,1000,4000,100000,1,0,9223372036854775808,5000000000,5000000000,0,0,0,0,0,0,0,0,9223372036854775808,5000000000,5000000000,0,0,0,0,0,0,0,0
1429000,1,1,1966,1,1,tick,1429001,0,0,0,0,5000000000,1000000000,10000000000,500000000,1000000000,4611686018427387904,1000,4000,100000,1,0,9223372036854775808,5000000000,5000000000,0,0,0,0,0,0,0,0,9223372036854775808,5000000000,5000000000,0,0,0,0,0,0,0,0
1430000,1,0,1967,0,0,tick,1430001,0,0,0,0,5000000000,1000000000,10000000000,500000000,1000000000,4611686018427387904,1000,4000,100000,1,0,9223372036854775808,5000000000,5000000000,0,0,0,0,0,0,0,0,9223372036854775808,5000000000,5000000000,0,0,0,0,0,0,0,0
1430000,1,1,1967,1,1,tick,1430001,0,0,0,0,5000000000,1000000000,10000000000,500000000,1000000000,4611686018427387904,1000,4000,100000,1,0,9223372036854775808,5000000000,5000000000,0,0,0,0,0,0,0,0,9223372036854775808,5000000000,5000000000,0,0,0,0,0,0,0,0
1431000,1,0,1968,0,0,tick,1431001,0,0,0,0,5000000000,1000000000,10000000000,500000000,1000000000,4611686018427387904,1000,4000,100000,1,0,9223372036854775808,5000000000,5000000000,0,0,0,0,0,0,0,0,9223372036854775808,5000000000,5000000000,0,0,0,0,0,0,0,0
1431000,1,1,1968,1,1,tick,1431001,0,0,0,0,5000000000,1000000000,10000000000,500000000,1000000000,4611686018427387904,1000,4000,100000,1,0,9223372036854775808,5000000000,5000000000,0,0,0,0,0,0,0,0,9223372036854775808,5000000000,5000000000,0,0,0,0,0,0,0,0
1432000,1,0,1969,0,0,tick,1432001,0,0,0,0,5000000000,1000000000,10000000000,500000000,1000000000,4611686018427387904,1000,4000,100000,1,0,9223372036854775808,5000000000,5000000000,0,0,0,0,0,0,0,0,9223372036854775808,5000000000,5000000000,0,0,0,0,0,0,0,0
1432000,1,1,1969,1,1,tick,1432001,0,0,0,0,5000000000,1000000000,10000000000,500000000,1000000000,4611686018427387904,1000,4000,100000,1,0,9223372036854775808,5000000000,5000000000,0,0,0,0,0,0,0,0,9223372036854775808,5000000000,5000000000,0,0,0,0,0,0,0,0
1433000,1,0,1970,0,0,tick,1433001,0,0,0,0,5000000000,1000000000,10000000000,500000000,1000000000,4611686018427387904,1000,4000,100000,1,0,9223372036854775808,5000000000,5000000000,0,0,0,0,0,0,0,0,9223372036854775808,5000000000,5000000000,0,0,0,0,0,0,0,0
1433000,1,1,1970,1,1,tick,1433001,0,0,0,0,5000000000,1000000000,10000000000,500000000,1000000000,4611686018427387904,1000,4000,100000,1,0,9223372036854775808,5000000000,5000000000,0,0,0,0,0,0,0,0,9223372036854775808,5000000000,5000000000,0,0,0,0,0,0,0,0
1434000,1,0,1972,0,0,tick,1434001,0,0,0,0,5000000000,1000000000,10000000000,500000000,1000000000,4611686018427387904,1000,4000,100000,1,0,9223372036854775808,5000000000,5000000000,0,0,0,0,0,0,0,0,9223372036854775808,5000000000,5000000000,0,0,0,0,0,0,0,0
1434000,1,1,1972,1,1,tick,1434001,0,0,0,0,5000000000,1000000000,10000000000,500000000,1000000000,4611686018427387904,1000,4000,100000,1,0,9223372036854775808,5000000000,5000000000,0,0,0,0,0,0,0,0,9223372036854775808,5000000000,5000000000,0,0,0,0,0,0,0,0
1435000,1,0,1975,0,0,tick,1435001,0,0,0,0,5000000000,1000000000,10000000000,500000000,1000000000,4611686018427387904,1000,4000,100000,1,0,9223372036854775808,5000000000,5000000000,0,0,0,0,0,0,0,0,9223372036854775808,5000000000,5000000000,0,0,0,0,0,0,0,0
1435000,1,1,1975,1,1,tick,1435001,0,0,0,0,5000000000,1000000000,10000000000,500000000,1000000000,4611686018427387904,1000,4000,100000,1,0,9223372036854775808,5000000000,5000000000,0,0,0,0,0,0,0,0,9223372036854775808,5000000000,5000000000,0,0,0,0,0,0,0,0
1436000,1,0,1976,0,0,tick,1436001,0,0,0,0,5000000000,1000000000,10000000000,500000000,1000000000,4611686018427387904,1000,4000,100000,1,0,9223372036854775808,5000000000,5000000000,0,0,0,0,0,0,0,0,9223372036854775808,5000000000,5000000000,0,0,0,0,0,0,0,0
1436000,1,1,1976,1,1,tick,1436001,0,0,0,0,5000000000,1000000000,10000000000,500000000,1000000000,4611686018427387904,1000,4000,100000,1,0,9223372036854775808,5000000000,5000000000,0,0,0,0,0,0,0,0,9223372036854775808,5000000000,5000000000,0,0,0,0,0,0,0,0
1437000,1,0,1977,0,0,tick,1437001,0,0,0,0,5000000000,1000000000,10000000000,500000000,1000000000,4611686018427387904,1000,4000,100000,1,0,9223372036854775808,5000000000,5000000000,0,0,0,0,0,0,0,0,9223372036854775808,5000000000,5000000000,0,0,0,0,0,0,0,0
1437000,1,1,1977,1,1,tick,1437001,0,0,0,0,5000000000,1000000000,10000000000,500000000,1000000000,4611686018427387904,1000,4000,100000,1,0,9223372036854775808,5000000000,5000000000,0,0,0,0,0,0,0,0,9223372036854775808,5000000000,5000000000,0,0,0,0,0,0,0,0
1438000,1,0,1978,0,0,tick,1438001,0,0,0,0,5000000000,1000000000,10000000000,500000000,1000000000,4611686018427387904,1000,4000,100000,1,0,9223372036854775808,5000000000,5000000000,0,0,0,0,0,0,0,0,9223372036854775808,5000000000,5000000000,0,0,0,0,0,0,0,0
1438000,1,1,1978,1,1,tick,1438001,0,0,0,0,5000000000,1000000000,10000000000,500000000,1000000000,4611686018427387904,1000,4000,100000,1,0,9223372036854775808,5000000000,5000000000,0,0,0,0,0,0,0,0,9223372036854775808,5000000000,5000000000,0,0,0,0,0,0,0,0
1439000,1,0,1979,0,0,tick,1439001,0,0,0,0,5000000000,1000000000,10000000000,500000000,1000000000,4611686018427387904,1000,4000,100000,1,0,9223372036854775808,5000000000,5000000000,0,0,0,0,0,0,0,0,9223372036854775808,5000000000,5000000000,0,0,0,0,0,0,0,0
1439000,1,1,1979,1,1,tick,1439001,0,0,0,0,5000000000,1000000000,10000000000,500000000,1000000000,4611686018427387904,1000,4000,100000,1,0,9223372036854775808,5000000000,5000000000,0,0,0,0,0,0,0,0,9223372036854775808,5000000000,5000000000,0,0,0,0,0,0,0,0
1440000,1,0,1980,0,0,tick,1440001,0,0,0,0,5000000000,1000000000,10000000000,500000000,1000000000,4611686018427387904,1000,4000,100000,1,0,9223372036854775808,5000000000,5000000000,0,0,0,0,0,0,0,0,9223372036854775808,5000000000,5000000000,0,0,0,0,0,0,0,0
1440000,1,1,1980,1,1,tick,1440001,0,0,0,0,5000000000,1000000000,10000000000,500000000,1000000000,4611686018427387904,1000,4000,100000,1,0,9223372036854775808,5000000000,5000000000,0,0,0,0,0,0,0,0,9223372036854775808,5000000000,5000000000,0,0,0,0,0,0,0,0
1441000,1,0,1981,0,0,tick,1441001,0,0,0,0,5000000000,1000000000,10000000000,500000000,1000000000,4611686018427387904,1000,4000,100000,1,0,9223372036854775808,5000000000,5000000000,0,0,0,0,0,0,0,0,9223372036854775808,5000000000,5000000000,0,0,0,0,0,0,0,0
1441000,1,1,1981,1,1,tick,1441001,0,0,0,0,5000000000,1000000000,10000000000,500000000,1000000000,4611686018427387904,1000,4000,100000,1,0,9223372036854775808,5000000000,5000000000,0,0,0,0,0,0,0,0,9223372036854775808,5000000000,5000000000,0,0,0,0,0,0,0,0
1442000,1,0,1983,0,0,tick,1442001,0,0,0,0,5000000000,1000000000,10000000000,500000000,1000000000,4611686018427387904,1000,4000,100000,1,0,9223372036854775808,5000000000,5000000000,0,0,0,0,0,0,0,0,9223372036854775808,5000000000,5000000000,0,0,0,0,0,0,0,0
1442000,1,1,1983,1,1,tick,1442001,0,0,0,0,5000000000,1000000000,10000000000,500000000,1000000000,4611686018427387904,1000,4000,100000,1,0,9223372036854775808,5000000000,5000000000,0,0,0,0,0,0,0,0,9223372036854775808,5000000000,5000000000,0,0,0,0,0,0,0,0
1443000,1,0,1986,0,0,tick,1443001,0,0,0,0,5000000000,1000000000,10000000000,500000000,1000000000,4611686018427387904,1000,4000,100000,1,0,9223372036854775808,5000000000,5000000000,0,0,0,0,0,0,0,0,9223372036854775808,5000000000,5000000000,0,0,0,0,0,0,0,0
1443000,1,1,1986,1,1,tick,1443001,0,0,0,0,5000000000,1000000000,10000000000,500000000,1000000000,4611686018427387904,1000,4000,100000,1,0,9223372036854775808,5000000000,5000000000,0,0,0,0,0,0,0,0,9223372036854775808,5000000000,5000000000,0,0,0,0,0,0,0,0
1444000,1,0,1987,0,0,tick,1444001,0,0,0,0,5000000000,1000000000,10000000000,500000000,1000000000,4611686018427387904,1000,4000,100000,1,0,9223372036854775808,5000000000,5000000000,0,0,0,0,0,0,0,0,9223372036854775808,5000000000,5000000000,0,0,0,0,0,0,0,0
1444000,1,1,1987,1,1,tick,1444001,0,0,0,0,5000000000,1000000000,10000000000,500000000,1000000000,4611686018427387904,1000,4000,100000,1,0,9223372036854775808,5000000000,5000000000,0,0,0,0,0,0,0,0,9223372036854775808,5000000000,5000000000,0,0,0,0,0,0,0,0
1445000,1,0,1988,0,0,tick,1445001,0,0,0,0,5000000000,1000000000,10000000000,500000000,1000000000,4611686018427387904,1000,4000,100000,1,0,9223372036854775808,5000000000,5000000000,0,0,0,0,0,0,0,0,9223372036854775808,5000000000,5000000000,0,0,0,0,0,0,0,0
1445000,1,1,1988,1,1,tick,1445001,0,0,0,0,5000000000,1000000000,10000000000,500000000,1000000000,4611686018427387904,1000,4000,100000,1,0,9223372036854775808,5000000000,5000000000,0,0,0,0,0,0,0,0,9223372036854775808,5000000000,5000000000,0,0,0,0,0,0,0,0
1446000,1,0,1989,0,0,tick,1446001,0,0,0,0,5000000000,1000000000,10000000000,500000000,1000000000,4611686018427387904,1000,4000,100000,1,0,9223372036854775808,5000000000,5000000000,0,0,0,0,0,0,0,0,9223372036854775808,5000000000,5000000000,0,0,0,0,0,0,0,0
1446000,1,1,1989,1,1,tick,1446001,0,0,0,0,5000000000,1000000000,10000000000,500000000,1000000000,4611686018427387904,1000,4000,100000,1,0,9223372036854775808,5000000000,5000000000,0,0,0,0,0,0,0,0,9223372036854775808,5000000000,5000000000,0,0,0,0,0,0,0,0
1447000,1,0,1990,0,0,tick,1447001,0,0,0,0,5000000000,1000000000,10000000000,500000000,1000000000,4611686018427387904,1000,4000,100000,1,0,9223372036854775808,5000000000,5000000000,0,0,0,0,0,0,0,0,9223372036854775808,5000000000,5000000000,0,0,0,0,0,0,0,0
1447000,1,1,1990,1,1,tick,1447001,0,0,0,0,5000000000,1000000000,10000000000,500000000,1000000000,4611686018427387904,1000,4000,100000,1,0,9223372036854775808,5000000000,5000000000,0,0,0,0,0,0,0,0,9223372036854775808,5000000000,5000000000,0,0,0,0,0,0,0,0
1448000,1,0,1991,0,0,tick,1448001,0,0,0,0,5000000000,1000000000,10000000000,500000000,1000000000,4611686018427387904,1000,4000,100000,1,0,9223372036854775808,5000000000,5000000000,0,0,0,0,0,0,0,0,9223372036854775808,5000000000,5000000000,0,0,0,0,0,0,0,0
1448000,1,1,1991,1,1,tick,1448001,0,0,0,0,5000000000,1000000000,10000000000,500000000,1000000000,4611686018427387904,1000,4000,100000,1,0,9223372036854775808,5000000000,5000000000,0,0,0,0,0,0,0,0,9223372036854775808,5000000000,5000000000,0,0,0,0,0,0,0,0
1449000,1,0,1992,0,0,tick,1449001,0,0,0,0,5000000000,1000000000,10000000000,500000000,1000000000,4611686018427387904,1000,4000,100000,1,0,9223372036854775808,5000000000,5000000000,0,0,0,0,0,0,0,0,9223372036854775808,5000000000,5000000000,0,0,0,0,0,0,0,0
1449000,1,1,1992,1,1,tick,1449001,0,0,0,0,5000000000,1000000000,10000000000,500000000,1000000000,4611686018427387904,1000,4000,100000,1,0,9223372036854775808,5000000000,5000000000,0,0,0,0,0,0,0,0,9223372036854775808,5000000000,5000000000,0,0,0,0,0,0,0,0
1450000,1,0,1994,0,0,tick,1450001,0,0,0,0,5000000000,1000000000,10000000000,500000000,1000000000,4611686018427387904,1000,4000,100000,1,0,9223372036854775808,5000000000,5000000000,0,0,0,0,0,0,0,0,9223372036854775808,5000000000,5000000000,0,0,0,0,0,0,0,0
1450000,1,1,1994,1,1,tick,1450001,0,0,0,0,5000000000,1000000000,10000000000,500000000,1000000000,4611686018427387904,1000,4000,100000,1,0,9223372036854775808,5000000000,5000000000,0,0,0,0,0,0,0,0,9223372036854775808,5000000000,5000000000,0,0,0,0,0,0,0,0
1451000,1,0,1997,0,0,tick,1451001,0,0,0,0,5000000000,1000000000,10000000000,500000000,1000000000,4611686018427387904,1000,4000,100000,1,0,9223372036854775808,5000000000,5000000000,0,0,0,0,0,0,0,0,9223372036854775808,5000000000,5000000000,0,0,0,0,0,0,0,0
1451000,1,1,1997,1,1,tick,1451001,0,0,0,0,5000000000,1000000000,10000000000,500000000,1000000000,4611686018427387904,1000,4000,100000,1,0,9223372036854775808,5000000000,5000000000,0,0,0,0,0,0,0,0,9223372036854775808,5000000000,5000000000,0,0,0,0,0,0,0,0
1452000,1,0,1998,0,0,tick,1452001,0,0,0,0,5000000000,1000000000,10000000000,500000000,1000000000,4611686018427387904,1000,4000,100000,1,0,9223372036854775808,5000000000,5000000000,0,0,0,0,0,0,0,0,9223372036854775808,5000000000,5000000000,0,0,0,0,0,0,0,0
1452000,1,1,1998,1,1,tick,1452001,0,0,0,0,5000000000,1000000000,10000000000,500000000,1000000000,4611686018427387904,1000,4000,100000,1,0,9223372036854775808,5000000000,5000000000,0,0,0,0,0,0,0,0,9223372036854775808,5000000000,5000000000,0,0,0,0,0,0,0,0
1453000,1,0,1999,0,0,tick,1453001,0,0,0,0,5000000000,1000000000,10000000000,500000000,1000000000,4611686018427387904,1000,4000,100000,1,0,9223372036854775808,5000000000,5000000000,0,0,0,0,0,0,0,0,9223372036854775808,5000000000,5000000000,0,0,0,0,0,0,0,0
1453000,1,1,1999,1,1,tick,1453001,0,0,0,0,5000000000,1000000000,10000000000,500000000,1000000000,4611686018427387904,1000,4000,100000,1,0,9223372036854775808,5000000000,5000000000,0,0,0,0,0,0,0,0,9223372036854775808,5000000000,5000000000,0,0,0,0,0,0,0,0
1454000,1,0,2000,0,0,tick,1454001,0,0,0,0,5000000000,1000000000,10000000000,500000000,1000000000,4611686018427387904,1000,4000,100000,1,0,9223372036854775808,5000000000,5000000000,0,0,0,0,0,0,0,0,9223372036854775808,5000000000,5000000000,0,0,0,0,0,0,0,0
1454000,1,1,2000,1,1,tick,1454001,0,0,0,0,5000000000,1000000000,10000000000,500000000,1000000000,4611686018427387904,1000,4000,100000,1,0,9223372036854775808,5000000000,5000000000,0,0,0,0,0,0,0,0,9223372036854775808,5000000000,5000000000,0,0,0,0,0,0,0,0
1455000,1,0,2001,0,0,tick,1455001,0,0,0,0,5000000000,1000000000,10000000000,500000000,1000000000,4611686018427387904,1000,4000,100000,1,0,9223372036854775808,5000000000,5000000000,0,0,0,0,0,0,0,0,9223372036854775808,5000000000,5000000000,0,0,0,0,0,0,0,0
1455000,1,1,2001,1,1,tick,1455001,0,0,0,0,5000000000,1000000000,10000000000,500000000,1000000000,4611686018427387904,1000,4000,100000,1,0,9223372036854775808,5000000000,5000000000,0,0,0,0,0,0,0,0,9223372036854775808,5000000000,5000000000,0,0,0,0,0,0,0,0
1456000,1,0,2002,0,0,tick,1456001,0,0,0,0,5000000000,1000000000,10000000000,500000000,1000000000,4611686018427387904,1000,4000,100000,1,0,9223372036854775808,5000000000,5000000000,0,0,0,0,0,0,0,0,9223372036854775808,5000000000,5000000000,0,0,0,0,0,0,0,0
1456000,1,1,2002,1,1,tick,1456001,0,0,0,0,5000000000,1000000000,10000000000,500000000,1000000000,4611686018427387904,1000,4000,100000,1,0,9223372036854775808,5000000000,5000000000,0,0,0,0,0,0,0,0,9223372036854775808,5000000000,5000000000,0,0,0,0,0,0,0,0
1457000,1,0,2003,0,0,tick,1457001,0,0,0,0,5000000000,1000000000,10000000000,500000000,1000000000,4611686018427387904,1000,4000,100000,1,0,9223372036854775808,5000000000,5000000000,0,0,0,0,0,0,0,0,9223372036854775808,5000000000,5000000000,0,0,0,0,0,0,0,0
1457000,1,1,2003,1,1,tick,1457001,0,0,0,0,5000000000,1000000000,10000000000,500000000,1000000000,4611686018427387904,1000,4000,100000,1,0,9223372036854775808,5000000000,5000000000,0,0,0,0,0,0,0,0,9223372036854775808,5000000000,5000000000,0,0,0,0,0,0,0,0
1458000,1,0,2005,0,0,tick,1458001,0,0,0,0,5000000000,1000000000,10000000000,500000000,1000000000,4611686018427387904,1000,4000,100000,1,0,9223372036854775808,5000000000,5000000000,0,0,0,0,0,0,0,0,9223372036854775808,5000000000,5000000000,0,0,0,0,0,0,0,0
1458000,1,1,2005,1,1,tick,1458001,0,0,0,0,5000000000,1000000000,10000000000,500000000,1000000000,4611686018427387904,1000,4000,100000,1,0,9223372036854775808,5000000000,5000000000,0,0,0,0,0,0,0,0,9223372036854775808,5000000000,5000000000,0,0,0,0,0,0,0,0
1459000,1,0,2008,0,0,tick,1459001,0,0,0,0,5000000000,1000000000,10000000000,500000000,1000000000,4611686018427387904,1000,4000,100000,1,0,9223372036854775808,5000000000,5000000000,0,0,0,0,0,0,0,0,9223372036854775808,5000000000,5000000000,0,0,0,0,0,0,0,0
1459000,1,1,2008,1,1,tick,1459001,0,0,0,0,5000000000,1000000000,10000000000,500000000,1000000000,4611686018427387904,1000,4000,100000,1,0,9223372036854775808,5000000000,5000000000,0,0,0,0,0,0,0,0,9223372036854775808,5000000000,5000000000,0,0,0,0,0,0,0,0
1460000,1,0,2009,0,0,tick,1460001,0,0,0,0,5000000000,1000000000,10000000000,500000000,1000000000,4611686018427387904,1000,4000,100000,1,0,9223372036854775808,5000000000,5000000000,0,0,0,0,0,0,0,0,9223372036854775808,5000000000,5000000000,0,0,0,0,0,0,0,0
1460000,1,1,2009,1,1,tick,1460001,0,0,0,0,5000000000,1000000000,10000000000,500000000,1000000000,4611686018427387904,1000,4000,100000,1,0,9223372036854775808,5000000000,5000000000,0,0,0,0,0,0,0,0,9223372036854775808,5000000000,5000000000,0,0,0,0,0,0,0,0
1461000,1,0,2010,0,0,tick,1461001,0,0,0,0,5000000000,1000000000,10000000000,500000000,1000000000,4611686018427387904,1000,4000,100000,1,0,9223372036854775808,5000000000,5000000000,0,0,0,0,0,0,0,0,9223372036854775808,5000000000,5000000000,0,0,0,0,0,0,0,0
1461000,1,1,2010,1,1,tick,1461001,0,0,0,0,5000000000,1000000000,10000000000,500000000,1000000000,4611686018427387904,1000,4000,100000,1,0,9223372036854775808,5000000000,5000000000,0,0,0,0,0,0,0,0,9223372036854775808,5000000000,5000000000,0,0,0,0,0,0,0,0
1462000,1,0,2011,0,0,tick,1462001,0,0,0,0,5000000000,1000000000,10000000000,500000000,1000000000,4611686018427387904,1000,4000,100000,1,0,9223372036854775808,5000000000,5000000000,0,0,0,0,0,0,0,0,9223372036854775808,5000000000,5000000000,0,0,0,0,0,0,0,0
1462000,1,1,2011,1,1,tick,1462001,0,0,0,0,5000000000,1000000000,10000000000,500000000,1000000000,4611686018427387904,1000,4000,100000,1,0,9223372036854775808,5000000000,5000000000,0,0,0,0,0,0,0,0,9223372036854775808,5000000000,5000000000,0,0,0,0,0,0,0,0
1463000,1,0,2012,0,0,tick,1463001,0,0,0,0,5000000000,1000000000,10000000000,500000000,1000000000,4611686018427387904,1000,4000,100000,1,0,9223372036854775808,5000000000,5000000000,0,0,0,0,0,0,0,0,9223372036854775808,5000000000,5000000000,0,0,0,0,0,0,0,0
1463000,1,1,2012,1,1,tick,1463001,0,0,0,0,5000000000,1000000000,10000000000,500000000,1000000000,4611686018427387904,1000,4000,100000,1,0,9223372036854775808,5000000000,5000000000,0,0,0,0,0,0,0,0,9223372036854775808,5000000000,5000000000,0,0,0,0,0,0,0,0
1464000,1,0,2013,0,0,tick,1464001,0,0,0,0,5000000000,1000000000,10000000000,500000000,1000000000,4611686018427387904,1000,4000,100000,1,0,9223372036854775808,5000000000,5000000000,0,0,0,0,0,0,0,0,9223372036854775808,5000000000,5000000000,0,0,0,0,0,0,0,0
1464000,1,1,2013,1,1,tick,1464001,0,0,0,0,5000000000,1000000000,10000000000,500000000,1000000000,4611686018427387904,1000,4000,100000,1,0,9223372036854775808,5000000000,5000000000,0,0,0,0,0,0,0,0,9223372036854775808,5000000000,5000000000,0,0,0,0,0,0,0,0
1465000,1,0,2014,0,0,tick,1465001,0,0,0,0,5000000000,1000000000,10000000000,500000000,1000000000,4611686018427387904,1000,4000,100000,1,0,9223372036854775808,5000000000,5000000000,0,0,0,0,0,0,0,0,9223372036854775808,5000000000,5000000000,0,0,0,0,0,0,0,0
1465000,1,1,2014,1,1,tick,1465001,0,0,0,0,5000000000,1000000000,10000000000,500000000,1000000000,4611686018427387904,1000,4000,100000,1,0,9223372036854775808,5000000000,5000000000,0,0,0,0,0,0,0,0,9223372036854775808,5000000000,5000000000,0,0,0,0,0,0,0,0
1466000,1,0,2016,0,0,tick,1466001,0,0,0,0,5000000000,1000000000,10000000000,500000000,1000000000,4611686018427387904,1000,4000,100000,1,0,9223372036854775808,5000000000,5000000000,0,0,0,0,0,0,0,0,9223372036854775808,5000000000,5000000000,0,0,0,0,0,0,0,0
1466000,1,1,2016,1,1,tick,1466001,0,0,0,0,5000000000,1000000000,10000000000,500000000,1000000000,4611686018427387904,1000,4000,100000,1,0,9223372036854775808,5000000000,5000000000,0,0,0,0,0,0,0,0,9223372036854775808,5000000000,5000000000,0,0,0,0,0,0,0,0
1467000,1,0,2019,0,0,tick,1467001,0,0,0,0,5000000000,1000000000,10000000000,500000000,1000000000,4611686018427387904,1000,4000,100000,1,0,9223372036854775808,5000000000,5000000000,0,0,0,0,0,0,0,0,9223372036854775808,5000000000,5000000000,0,0,0,0,0,0,0,0
1467000,1,1,2019,1,1,tick,1467001,0,0,0,0,5000000000,1000000000,10000000000,500000000,1000000000,4611686018427387904,1000,4000,100000,1,0,9223372036854775808,5000000000,5000000000,0,0,0,0,0,0,0,0,9223372036854775808,5000000000,5000000000,0,0,0,0,0,0,0,0
1468000,1,0,2020,0,0,tick,1468001,0,0,0,0,5000000000,1000000000,10000000000,500000000,1000000000,4611686018427387904,1000,4000,100000,1,0,9223372036854775808,5000000000,5000000000,0,0,0,0,0,0,0,0,9223372036854775808,5000000000,5000000000,0,0,0,0,0,0,0,0
1468000,1,1,2020,1,1,tick,1468001,0,0,0,0,5000000000,1000000000,10000000000,500000000,1000000000,4611686018427387904,1000,4000,100000,1,0,9223372036854775808,5000000000,5000000000,0,0,0,0,0,0,0,0,9223372036854775808,5000000000,5000000000,0,0,0,0,0,0,0,0
1469000,1,0,2021,0,0,tick,1469001,0,0,0,0,5000000000,1000000000,10000000000,500000000,1000000000,4611686018427387904,1000,4000,100000,1,0,9223372036854775808,5000000000,5000000000,0,0,0,0,0,0,0,0,9223372036854775808,5000000000,5000000000,0,0,0,0,0,0,0,0
1469000,1,1,2021,1,1,tick,1469001,0,0,0,0,5000000000,1000000000,10000000000,500000000,1000000000,4611686018427387904,1000,4000,100000,1,0,9223372036854775808,5000000000,5000000000,0,0,0,0,0,0,0,0,9223372036854775808,5000000000,5000000000,0,0,0,0,0,0,0,0
1470000,1,0,2022,0,0,tick,1470001,0,0,0,0,5000000000,1000000000,10000000000,500000000,1000000000,4611686018427387904,1000,4000,100000,1,0,9223372036854775808,5000000000,5000000000,0,0,0,0,0,0,0,0,9223372036854775808,5000000000,5000000000,0,0,0,0,0,0,0,0
1470000,1,1,2022,1,1,tick,1470001,0,0,0,0,5000000000,1000000000,10000000000,500000000,1000000000,4611686018427387904,1000,4000,100000,1,0,9223372036854775808,5000000000,5000000000,0,0,0,0,0,0,0,0,9223372036854775808,5000000000,5000000000,0,0,0,0,0,0,0,0
1471000,1,0,2023,0,0,tick,1471001,0,0,0,0,5000000000,1000000000,10000000000,500000000,1000000000,4611686018427387904,1000,4000,100000,1,0,9223372036854775808,5000000000,5000000000,0,0,0,0,0,0,0,0,9223372036854775808,5000000000,5000000000,0,0,0,0,0,0,0,0
1471000,1,1,2023,1,1,tick,1471001,0,0,0,0,5000000000,1000000000,10000000000,500000000,1000000000,4611686018427387904,1000,4000,100000,1,0,9223372036854775808,5000000000,5000000000,0,0,0,0,0,0,0,0,9223372036854775808,5000000000,5000000000,0,0,0,0,0,0,0,0
1472000,1,0,2024,0,0,tick,1472001,0,0,0,0,5000000000,1000000000,10000000000,500000000,1000000000,4611686018427387904,1000,4000,100000,1,0,9223372036854775808,5000000000,5000000000,0,0,0,0,0,0,0,0,9223372036854775808,5000000000,5000000000,0,0,0,0,0,0,0,0
1472000,1,1,2024,1,1,tick,1472001,0,0,0,0,5000000000,1000000000,10000000000,500000000,1000000000,4611686018427387904,1000,4000,100000,1,0,9223372036854775808,5000000000,5000000000,0,0,0,0,0,0,0,0,9223372036854775808,5000000000,5000000000,0,0,0,0,0,0,0,0
1473000,1,0,2025,0,0,tick,1473001,0,0,0,0,5000000000,1000000000,10000000000,500000000,1000000000,4611686018427387904,1000,4000,100000,1,0,9223372036854775808,5000000000,5000000000,0,0,0,0,0,0,0,0,9223372036854775808,5000000000,5000000000,0,0,0,0,0,0,0,0
1473000,1,1,2025,1,1,tick,1473001,0,0,0,0,5000000000,1000000000,10000000000,500000000,1000000000,4611686018427387904,1000,4000,100000,1,0,9223372036854775808,5000000000,5000000000,0,0,0,0,0,0,0,0,9223372036854775808,5000000000,5000000000,0,0,0,0,0,0,0,0
1474000,1,0,2027,0,0,tick,1474001,0,0,0,0,5000000000,1000000000,10000000000,500000000,1000000000,4611686018427387904,1000,4000,100000,1,0,9223372036854775808,5000000000,5000000000,0,0,0,0,0,0,0,0,9223372036854775808,5000000000,5000000000,0,0,0,0,0,0,0,0
1474000,1,1,2027,1,1,tick,1474001,0,0,0,0,5000000000,1000000000,10000000000,500000000,1000000000,4611686018427387904,1000,4000,100000,1,0,9223372036854775808,5000000000,5000000000,0,0,0,0,0,0,0,0,9223372036854775808,5000000000,5000000000,0,0,0,0,0,0,0,0
1475000,1,0,2030,0,0,tick,1475001,0,0,0,0,5000000000,1000000000,10000000000,500000000,1000000000,4611686018427387904,1000,4000,100000,1,0,9223372036854775808,5000000000,5000000000,0,0,0,0,0,0,0,0,9223372036854775808,5000000000,5000000000,0,0,0,0,0,0,0,0
1475000,1,1,2030,1,1,tick,1475001,0,0,0,0,5000000000,1000000000,10000000000,500000000,1000000000,4611686018427387904,1000,4000,100000,1,0,9223372036854775808,5000000000,5000000000,0,0,0,0,0,0,0,0,9223372036854775808,5000000000,5000000000,0,0,0,0,0,0,0,0
1476000,1,0,2031,0,0,tick,1476001,0,0,0,0,5000000000,1000000000,10000000000,500000000,1000000000,4611686018427387904,1000,4000,100000,1,0,9223372036854775808,5000000000,5000000000,0,0,0,0,0,0,0,0,9223372036854775808,5000000000,5000000000,0,0,0,0,0,0,0,0
1476000,1,1,2031,1,1,tick,1476001,0,0,0,0,5000000000,1000000000,10000000000,500000000,1000000000,4611686018427387904,1000,4000,100000,1,0,9223372036854775808,5000000000,5000000000,0,0,0,0,0,0,0,0,9223372036854775808,5000000000,5000000000,0,0,0,0,0,0,0,0
1477000,1,0,2032,0,0,tick,1477001,0,0,0,0,5000000000,1000000000,10000000000,500000000,1000000000,4611686018427387904,1000,4000,100000,1,0,9223372036854775808,5000000000,5000000000,0,0,0,0,0,0,0,0,9223372036854775808,5000000000,5000000000,0,0,0,0,0,0,0,0
1477000,1,1,2032,1,1,tick,1477001,0,0,0,0,5000000000,1000000000,10000000000,500000000,1000000000,4611686018427387904,1000,4000,100000,1,0,9223372036854775808,5000000000,5000000000,0,0,0,0,0,0,0,0,9223372036854775808,5000000000,5000000000,0,0,0,0,0,0,0,0
1478000,1,0,2033,0,0,tick,1478001,0,0,0,0,5000000000,1000000000,10000000000,500000000,1000000000,4611686018427387904,1000,4000,100000,1,0,9223372036854775808,5000000000,5000000000,0,0,0,0,0,0,0,0,9223372036854775808,5000000000,5000000000,0,0,0,0,0,0,0,0
1478000,1,1,2033,1,1,tick,1478001,0,0,0,0,5000000000,1000000000,10000000000,500000000,1000000000,4611686018427387904,1000,4000,100000,1,0,9223372036854775808,5000000000,5000000000,0,0,0,0,0,0,0,0,9223372036854775808,5000000000,5000000000,0,0,0,0,0,0,0,0
1479000,1,0,2034,0,0,tick,1479001,0,0,0,0,5000000000,1000000000,10000000000,500000000,1000000000,4611686018427387904,1000,4000,100000,1,0,9223372036854775808,5000000000,5000000000,0,0,0,0,0,0,0,0,9223372036854775808,5000000000,5000000000,0,0,0,0,0,0,0,0
1479000,1,1,2034,1,1,tick,1479001,0,0,0,0,5000000000,1000000000,10000000000,500000000,1000000000,4611686018427387904,1000,4000,100000,1,0,9223372036854775808,5000000000,5000000000,0,0,0,0,0,0,0,0,9223372036854775808,5000000000,5000000000,0,0,0,0,0,0,0,0
1480000,1,0,2035,0,0,tick,1480001,0,0,0,0,5000000000,1000000000,10000000000,500000000,1000000000,4611686018427387904,1000,4000,100000,1,0,9223372036854775808,5000000000,5000000000,0,0,0,0,0,0,0,0,9223372036854775808,5000000000,5000000000,0,0,0,0,0,0,0,0
1480000,1,1,2035,1,1,tick,1480001,0,0,0,0,5000000000,1000000000,10000000000,500000000,1000000000,4611686018427387904,1000,4000,100000,1,0,9223372036854775808,5000000000,5000000000,0,0,0,0,0,0,0,0,9223372036854775808,5000000000,5000000000,0,0,0,0,0,0,0,0
1481000,1,0,2036,0,0,tick,1481001,0,0,0,0,5000000000,1000000000,10000000000,500000000,1000000000,4611686018427387904,1000,4000,100000,1,0,9223372036854775808,5000000000,5000000000,0,0,0,0,0,0,0,0,9223372036854775808,5000000000,5000000000,0,0,0,0,0,0,0,0
1481000,1,1,2036,1,1,tick,1481001,0,0,0,0,5000000000,1000000000,10000000000,500000000,1000000000,4611686018427387904,1000,4000,100000,1,0,9223372036854775808,5000000000,5000000000,0,0,0,0,0,0,0,0,9223372036854775808,5000000000,5000000000,0,0,0,0,0,0,0,0
1482000,1,0,2038,0,0,tick,1482001,0,0,0,0,5000000000,1000000000,10000000000,500000000,1000000000,4611686018427387904,1000,4000,100000,1,0,9223372036854775808,5000000000,5000000000,0,0,0,0,0,0,0,0,9223372036854775808,5000000000,5000000000,0,0,0,0,0,0,0,0
1482000,1,1,2038,1,1,tick,1482001,0,0,0,0,5000000000,1000000000,10000000000,500000000,1000000000,4611686018427387904,1000,4000,100000,1,0,9223372036854775808,5000000000,5000000000,0,0,0,0,0,0,0,0,9223372036854775808,5000000000,5000000000,0,0,0,0,0,0,0,0
1483000,1,0,2041,0,0,tick,1483001,0,0,0,0,5000000000,1000000000,10000000000,500000000,1000000000,4611686018427387904,1000,4000,100000,1,0,9223372036854775808,5000000000,5000000000,0,0,0,0,0,0,0,0,9223372036854775808,5000000000,5000000000,0,0,0,0,0,0,0,0
1483000,1,1,2041,1,1,tick,1483001,0,0,0,0,5000000000,1000000000,10000000000,500000000,1000000000,4611686018427387904,1000,4000,100000,1,0,9223372036854775808,5000000000,5000000000,0,0,0,0,0,0,0,0,9223372036854775808,5000000000,5000000000,0,0,0,0,0,0,0,0
1484000,1,0,2042,0,0,tick,1484001,0,0,0,0,5000000000,1000000000,10000000000,500000000,1000000000,4611686018427387904,1000,4000,100000,1,0,9223372036854775808,5000000000,5000000000,0,0,0,0,0,0,0,0,9223372036854775808,5000000000,5000000000,0,0,0,0,0,0,0,0
1484000,1,1,2042,1,1,tick,1484001,0,0,0,0,5000000000,1000000000,10000000000,500000000,1000000000,4611686018427387904,1000,4000,100000,1,0,9223372036854775808,5000000000,5000000000,0,0,0,0,0,0,0,0,9223372036854775808,5000000000,5000000000,0,0,0,0,0,0,0,0
1485000,1,0,2043,0,0,tick,1485001,0,0,0,0,5000000000,1000000000,10000000000,500000000,1000000000,4611686018427387904,1000,4000,100000,1,0,9223372036854775808,5000000000,5000000000,0,0,0,0,0,0,0,0,9223372036854775808,5000000000,5000000000,0,0,0,0,0,0,0,0
1485000,1,1,2043,1,1,tick,1485001,0,0,0,0,5000000000,1000000000,10000000000,500000000,1000000000,4611686018427387904,1000,4000,100000,1,0,9223372036854775808,5000000000,5000000000,0,0,0,0,0,0,0,0,9223372036854775808,5000000000,5000000000,0,0,0,0,0,0,0,0
1486000,1,0,2044,0,0,tick,1486001,0,0,0,0,5000000000,1000000000,10000000000,500000000,1000000000,4611686018427387904,1000,4000,100000,1,0,9223372036854775808,5000000000,5000000000,0,0,0,0,0,0,0,0,9223372036854775808,5000000000,5000000000,0,0,0,0,0,0,0,0
1486000,1,1,2044,1,1,tick,1486001,0,0,0,0,5000000000,1000000000,10000000000,500000000,1000000000,4611686018427387904,1000,4000,100000,1,0,9223372036854775808,5000000000,5000000000,0,0,0,0,0,0,0,0,9223372036854775808,5000000000,5000000000,0,0,0,0,0,0,0,0
1487000,1,0,2045,0,0,tick,1487001,0,0,0,0,5000000000,1000000000,10000000000,500000000,1000000000,4611686018427387904,1000,4000,100000,1,0,9223372036854775808,5000000000,5000000000,0,0,0,0,0,0,0,0,9223372036854775808,5000000000,5000000000,0,0,0,0,0,0,0,0
1487000,1,1,2045,1,1,tick,1487001,0,0,0,0,5000000000,1000000000,10000000000,500000000,1000000000,4611686018427387904,1000,4000,100000,1,0,9223372036854775808,5000000000,5000000000,0,0,0,0,0,0,0,0,9223372036854775808,5000000000,5000000000,0,0,0,0,0,0,0,0
1488000,1,0,2046,0,0,tick,1488001,0,0,0,0,5000000000,1000000000,10000000000,500000000,1000000000,4611686018427387904,1000,4000,100000,1,0,9223372036854775808,5000000000,5000000000,0,0,0,0,0,0,0,0,9223372036854775808,5000000000,5000000000,0,0,0,0,0,0,0,0
1488000,1,1,2046,1,1,tick,1488001,0,0,0,0,5000000000,1000000000,10000000000,500000000,1000000000,4611686018427387904,1000,4000,100000,1,0,9223372036854775808,5000000000,5000000000,0,0,0,0,0,0,0,0,9223372036854775808,5000000000,5000000000,0,0,0,0,0,0,0,0
1489000,1,0,2047,0,0,tick,1489001,0,0,0,0,5000000000,1000000000,10000000000,500000000,1000000000,4611686018427387904,1000,4000,100000,1,0,9223372036854775808,5000000000,5000000000,0,0,0,0,0,0,0,0,9223372036854775808,5000000000,5000000000,0,0,0,0,0,0,0,0
1489000,1,1,2047,1,1,tick,1489001,0,0,0,0,5000000000,1000000000,10000000000,500000000,1000000000,4611686018427387904,1000,4000,100000,1,0,9223372036854775808,5000000000,5000000000,0,0,0,0,0,0,0,0,9223372036854775808,5000000000,5000000000,0,0,0,0,0,0,0,0
1490000,1,0,2049,0,0,tick,1490001,0,0,0,0,5000000000,1000000000,10000000000,500000000,1000000000,4611686018427387904,1000,4000,100000,1,0,9223372036854775808,5000000000,5000000000,0,0,0,0,0,0,0,0,9223372036854775808,5000000000,5000000000,0,0,0,0,0,0,0,0
1490000,1,1,2049,1,1,tick,1490001,0,0,0,0,5000000000,1000000000,10000000000,500000000,1000000000,4611686018427387904,1000,4000,100000,1,0,9223372036854775808,5000000000,5000000000,0,0,0,0,0,0,0,0,9223372036854775808,5000000000,5000000000,0,0,0,0,0,0,0,0
1491000,1,0,2052,0,0,tick,1491001,0,0,0,0,5000000000,1000000000,10000000000,500000000,1000000000,4611686018427387904,1000,4000,100000,1,0,9223372036854775808,5000000000,5000000000,0,0,0,0,0,0,0,0,9223372036854775808,5000000000,5000000000,0,0,0,0,0,0,0,0
1491000,1,1,2052,1,1,tick,1491001,0,0,0,0,5000000000,1000000000,10000000000,500000000,1000000000,4611686018427387904,1000,4000,100000,1,0,9223372036854775808,5000000000,5000000000,0,0,0,0,0,0,0,0,9223372036854775808,5000000000,5000000000,0,0,0,0,0,0,0,0
1492000,1,0,2053,0,0,tick,1492001,0,0,0,0,5000000000,1000000000,10000000000,500000000,1000000000,4611686018427387904,1000,4000,100000,1,0,9223372036854775808,5000000000,5000000000,0,0,0,0,0,0,0,0,9223372036854775808,5000000000,5000000000,0,0,0,0,0,0,0,0
1492000,1,1,2053,1,1,tick,1492001,0,0,0,0,5000000000,1000000000,10000000000,500000000,1000000000,4611686018427387904,1000,4000,100000,1,0,9223372036854775808,5000000000,5000000000,0,0,0,0,0,0,0,0,9223372036854775808,5000000000,5000000000,0,0,0,0,0,0,0,0
1493000,1,0,2054,0,0,tick,1493001,0,0,0,0,5000000000,1000000000,10000000000,500000000,1000000000,4611686018427387904,1000,4000,100000,1,0,9223372036854775808,5000000000,5000000000,0,0,0,0,0,0,0,0,9223372036854775808,5000000000,5000000000,0,0,0,0,0,0,0,0
1493000,1,1,2054,1,1,tick,1493001,0,0,0,0,5000000000,1000000000,10000000000,500000000,1000000000,4611686018427387904,1000,4000,100000,1,0,9223372036854775808,5000000000,5000000000,0,0,0,0,0,0,0,0,9223372036854775808,5000000000,5000000000,0,0,0,0,0,0,0,0
1494000,1,0,2055,0,0,tick,1494001,0,0,0,0,5000000000,1000000000,10000000000,500000000,1000000000,4611686018427387904,1000,4000,100000,1,0,9223372036854775808,5000000000,5000000000,0,0,0,0,0,0,0,0,9223372036854775808,5000000000,5000000000,0,0,0,0,0,0,0,0
1494000,1,1,2055,1,1,tick,1494001,0,0,0,0,5000000000,1000000000,10000000000,500000000,1000000000,4611686018427387904,1000,4000,100000,1,0,9223372036854775808,5000000000,5000000000,0,0,0,0,0,0,0,0,9223372036854775808,5000000000,5000000000,0,0,0,0,0,0,0,0
1495000,1,0,2056,0,0,tick,1495001,0,0,0,0,5000000000,1000000000,10000000000,500000000,1000000000,4611686018427387904,1000,4000,100000,1,0,9223372036854775808,5000000000,5000000000,0,0,0,0,0,0,0,0,9223372036854775808,5000000000,5000000000,0,0,0,0,0,0,0,0
1495000,1,1,2056,1,1,tick,1495001,0,0,0,0,5000000000,1000000000,10000000000,500000000,1000000000,4611686018427387904,1000,4000,100000,1,0,9223372036854775808,5000000000,5000000000,0,0,0,0,0,0,0,0,9223372036854775808,5000000000,5000000000,0,0,0,0,0,0,0,0
1496000,1,0,2057,0,0,tick,1496001,0,0,0,0,5000000000,1000000000,10000000000,500000000,1000000000,4611686018427387904,1000,4000,100000,1,0,9223372036854775808,5000000000,5000000000,0,0,0,0,0,0,0,0,9223372036854775808,5000000000,5000000000,0,0,0,0,0,0,0,0
1496000,1,1,2057,1,1,tick,1496001,0,0,0,0,5000000000,1000000000,10000000000,500000000,1000000000,4611686018427387904,1000,4000,100000,1,0,9223372036854775808,5000000000,5000000000,0,0,0,0,0,0,0,0,9223372036854775808,5000000000,5000000000,0,0,0,0,0,0,0,0
1497000,1,0,2058,0,0,tick,1497001,0,0,0,0,5000000000,1000000000,10000000000,500000000,1000000000,4611686018427387904,1000,4000,100000,1,0,9223372036854775808,5000000000,5000000000,0,0,0,0,0,0,0,0,9223372036854775808,5000000000,5000000000,0,0,0,0,0,0,0,0
1497000,1,1,2058,1,1,tick,1497001,0,0,0,0,5000000000,1000000000,10000000000,500000000,1000000000,4611686018427387904,1000,4000,100000,1,0,9223372036854775808,5000000000,5000000000,0,0,0,0,0,0,0,0,9223372036854775808,5000000000,5000000000,0,0,0,0,0,0,0,0
1498000,1,0,2060,0,0,tick,1498001,0,0,0,0,5000000000,1000000000,10000000000,500000000,1000000000,4611686018427387904,1000,4000,100000,1,0,9223372036854775808,5000000000,5000000000,0,0,0,0,0,0,0,0,9223372036854775808,5000000000,5000000000,0,0,0,0,0,0,0,0
1498000,1,1,2060,1,1,tick,1498001,0,0,0,0,5000000000,1000000000,10000000000,500000000,1000000000,4611686018427387904,1000,4000,100000,1,0,9223372036854775808,5000000000,5000000000,0,0,0,0,0,0,0,0,9223372036854775808,5000000000,5000000000,0,0,0,0,0,0,0,0
1499000,1,0,2063,0,0,tick,1499001,0,0,0,0,5000000000,1000000000,10000000000,500000000,1000000000,4611686018427387904,1000,4000,100000,1,0,9223372036854775808,5000000000,5000000000,0,0,0,0,0,0,0,0,9223372036854775808,5000000000,5000000000,0,0,0,0,0,0,0,0
1499000,1,1,2063,1,1,tick,1499001,0,0,0,0,5000000000,1000000000,10000000000,500000000,1000000000,4611686018427387904,1000,4000,100000,1,0,9223372036854775808,5000000000,5000000000,0,0,0,0,0,0,0,0,9223372036854775808,5000000000,5000000000,0,0,0,0,0,0,0,0
1500000,1,0,2064,0,0,tick,1500001,0,0,0,0,5000000000,1000000000,10000000000,500000000,1000000000,4611686018427387904,1000,4000,100000,1,0,9223372036854775808,5000000000,5000000000,0,0,0,0,0,0,0,0,9223372036854775808,5000000000,5000000000,0,0,0,0,0,0,0,0
1500000,1,1,2064,1,1,tick,1500001,0,0,0,0,5000000000,1000000000,10000000000,500000000,1000000000,4611686018427387904,1000,4000,100000,1,0,9223372036854775808,5000000000,5000000000,0,0,0,0,0,0,0,0,9223372036854775808,5000000000,5000000000,0,0,0,0,0,0,0,0
1501000,1,0,2065,0,0,tick,1501001,0,0,0,0,5000000000,1000000000,10000000000,500000000,1000000000,4611686018427387904,1000,4000,100000,1,0,9223372036854775808,5000000000,5000000000,0,0,0,0,0,0,0,0,9223372036854775808,5000000000,5000000000,0,0,0,0,0,0,0,0
1501000,1,1,2065,1,1,tick,1501001,0,0,0,0,5000000000,1000000000,10000000000,500000000,1000000000,4611686018427387904,1000,4000,100000,1,0,9223372036854775808,5000000000,5000000000,0,0,0,0,0,0,0,0,9223372036854775808,5000000000,5000000000,0,0,0,0,0,0,0,0
1502000,1,0,2066,0,0,tick,1502001,0,0,0,0,5000000000,1000000000,10000000000,500000000,1000000000,4611686018427387904,1000,4000,100000,1,0,9223372036854775808,5000000000,5000000000,0,0,0,0,0,0,0,0,9223372036854775808,5000000000,5000000000,0,0,0,0,0,0,0,0
1502000,1,1,2066,1,1,tick,1502001,0,0,0,0,5000000000,1000000000,10000000000,500000000,1000000000,4611686018427387904,1000,4000,100000,1,0,9223372036854775808,5000000000,5000000000,0,0,0,0,0,0,0,0,9223372036854775808,5000000000,5000000000,0,0,0,0,0,0,0,0
1503000,1,0,2067,0,0,tick,1503001,0,0,0,0,5000000000,1000000000,10000000000,500000000,1000000000,4611686018427387904,1000,4000,100000,1,0,9223372036854775808,5000000000,5000000000,0,0,0,0,0,0,0,0,9223372036854775808,5000000000,5000000000,0,0,0,0,0,0,0,0
1503000,1,1,2067,1,1,tick,1503001,0,0,0,0,5000000000,1000000000,10000000000,500000000,1000000000,4611686018427387904,1000,4000,100000,1,0,9223372036854775808,5000000000,5000000000,0,0,0,0,0,0,0,0,9223372036854775808,5000000000,5000000000,0,0,0,0,0,0,0,0
1504000,1,0,2068,0,0,tick,1504001,0,0,0,0,5000000000,1000000000,10000000000,500000000,1000000000,4611686018427387904,1000,4000,100000,1,0,9223372036854775808,5000000000,5000000000,0,0,0,0,0,0,0,0,9223372036854775808,5000000000,5000000000,0,0,0,0,0,0,0,0
1504000,1,1,2068,1,1,tick,1504001,0,0,0,0,5000000000,1000000000,10000000000,500000000,1000000000,4611686018427387904,1000,4000,100000,1,0,9223372036854775808,5000000000,5000000000,0,0,0,0,0,0,0,0,9223372036854775808,5000000000,5000000000,0,0,0,0,0,0,0,0
1505000,1,0,2069,0,0,tick,1505001,0,0,0,0,5000000000,1000000000,10000000000,500000000,1000000000,4611686018427387904,1000,4000,100000,1,0,9223372036854775808,5000000000,5000000000,0,0,0,0,0,0,0,0,9223372036854775808,5000000000,5000000000,0,0,0,0,0,0,0,0
1505000,1,1,2069,1,1,tick,1505001,0,0,0,0,5000000000,1000000000,10000000000,500000000,1000000000,4611686018427387904,1000,4000,100000,1,0,9223372036854775808,5000000000,5000000000,0,0,0,0,0,0,0,0,9223372036854775808,5000000000,5000000000,0,0,0,0,0,0,0,0
1506000,1,0,2071,0,0,tick,1506001,0,0,0,0,5000000000,1000000000,10000000000,500000000,1000000000,4611686018427387904,1000,4000,100000,1,0,9223372036854775808,5000000000,5000000000,0,0,0,0,0,0,0,0,9223372036854775808,5000000000,5000000000,0,0,0,0,0,0,0,0
1506000,1,1,2071,1,1,tick,1506001,0,0,0,0,5000000000,1000000000,10000000000,500000000,1000000000,4611686018427387904,1000,4000,100000,1,0,9223372036854775808,5000000000,5000000000,0,0,0,0,0,0,0,0,9223372036854775808,5000000000,5000000000,0,0,0,0,0,0,0,0
1507000,1,0,2074,0,0,tick,1507001,0,0,0,0,5000000000,1000000000,10000000000,500000000,1000000000,4611686018427387904,1000,4000,100000,1,0,9223372036854775808,5000000000,5000000000,0,0,0,0,0,0,0,0,9223372036854775808,5000000000,5000000000,0,0,0,0,0,0,0,0
1507000,1,1,2074,1,1,tick,1507001,0,0,0,0,5000000000,1000000000,10000000000,500000000,1000000000,4611686018427387904,1000,4000,100000,1,0,9223372036854775808,5000000000,5000000000,0,0,0,0,0,0,0,0,9223372036854775808,5000000000,5000000000,0,0,0,0,0,0,0,0
1508000,1,0,2075,0,0,tick,1508001,0,0,0,0,5000000000,1000000000,10000000000,500000000,1000000000,4611686018427387904,1000,4000,100000,1,0,9223372036854775808,5000000000,5000000000,0,0,0,0,0,0,0,0,9223372036854775808,5000000000,5000000000,0,0,0,0,0,0,0,0
1508000,1,1,2075,1,1,tick,1508001,0,0,0,0,5000000000,1000000000,10000000000,500000000,1000000000,4611686018427387904,1000,4000,100000,1,0,9223372036854775808,5000000000,5000000000,0,0,0,0,0,0,0,0,9223372036854775808,5000000000,5000000000,0,0,0,0,0,0,0,0
1509000,1,0,2076,0,0,tick,1509001,0,0,0,0,5000000000,1000000000,10000000000,500000000,1000000000,4611686018427387904,1000,4000,100000,1,0,9223372036854775808,5000000000,5000000000,0,0,0,0,0,0,0,0,9223372036854775808,5000000000,5000000000,0,0,0,0,0,0,0,0
1509000,1,1,2076,1,1,tick,1509001,0,0,0,0,5000000000,1000000000,10000000000,500000000,1000000000,4611686018427387904,1000,4000,100000,1,0,9223372036854775808,5000000000,5000000000,0,0,0,0,0,0,0,0,9223372036854775808,5000000000,5000000000,0,0,0,0,0,0,0,0
1510000,1,0,2077,0,0,tick,1510001,0,0,0,0,5000000000,1000000000,10000000000,500000000,1000000000,4611686018427387904,1000,4000,100000,1,0,9223372036854775808,5000000000,5000000000,0,0,0,0,0,0,0,0,9223372036854775808,5000000000,5000000000,0,0,0,0,0,0,0,0
1510000,1,1,2077,1,1,tick,1510001,0,0,0,0,5000000000,1000000000,10000000000,500000000,1000000000,4611686018427387904,1000,4000,100000,1,0,9223372036854775808,5000000000,5000000000,0,0,0,0,0,0,0,0,9223372036854775808,5000000000,5000000000,0,0,0,0,0,0,0,0
1511000,1,0,2078,0,0,tick,1511001,0,0,0,0,5000000000,1000000000,10000000000,500000000,1000000000,4611686018427387904,1000,4000,100000,1,0,9223372036854775808,5000000000,5000000000,0,0,0,0,0,0,0,0,9223372036854775808,5000000000,5000000000,0,0,0,0,0,0,0,0
1511000,1,1,2078,1,1,tick,1511001,0,0,0,0,5000000000,1000000000,10000000000,500000000,1000000000,4611686018427387904,1000,4000,100000,1,0,9223372036854775808,5000000000,5000000000,0,0,0,0,0,0,0,0,9223372036854775808,5000000000,5000000000,0,0,0,0,0,0,0,0
1512000,1,0,2079,0,0,tick,1512001,0,0,0,0,5000000000,1000000000,10000000000,500000000,1000000000,4611686018427387904,1000,4000,100000,1,0,9223372036854775808,5000000000,5000000000,0,0,0,0,0,0,0,0,9223372036854775808,5000000000,5000000000,0,0,0,0,0,0,0,0
1512000,1,1,2079,1,1,tick,1512001,0,0,0,0,5000000000,1000000000,10000000000,500000000,1000000000,4611686018427387904,1000,4000,100000,1,0,9223372036854775808,5000000000,5000000000,0,0,0,0,0,0,0,0,9223372036854775808,5000000000,5000000000,0,0,0,0,0,0,0,0
1513000,1,0,2080,0,0,tick,1513001,0,0,0,0,5000000000,1000000000,10000000000,500000000,1000000000,4611686018427387904,1000,4000,100000,1,0,9223372036854775808,5000000000,5000000000,0,0,0,0,0,0,0,0,9223372036854775808,5000000000,5000000000,0,0,0,0,0,0,0,0
1513000,1,1,2080,1,1,tick,1513001,0,0,0,0,5000000000,1000000000,10000000000,500000000,1000000000,4611686018427387904,1000,4000,100000,1,0,9223372036854775808,5000000000,5000000000,0,0,0,0,0,0,0,0,9223372036854775808,5000000000,5000000000,0,0,0,0,0,0,0,0
1514000,1,0,2082,0,0,tick,1514001,0,0,0,0,5000000000,1000000000,10000000000,500000000,1000000000,4611686018427387904,1000,4000,100000,1,0,9223372036854775808,5000000000,5000000000,0,0,0,0,0,0,0,0,9223372036854775808,5000000000,5000000000,0,0,0,0,0,0,0,0
1514000,1,1,2082,1,1,tick,1514001,0,0,0,0,5000000000,1000000000,10000000000,500000000,1000000000,4611686018427387904,1000,4000,100000,1,0,9223372036854775808,5000000000,5000000000,0,0,0,0,0,0,0,0,9223372036854775808,5000000000,5000000000,0,0,0,0,0,0,0,0
1515000,1,0,2085,0,0,tick,1515001,0,0,0,0,5000000000,1000000000,10000000000,500000000,1000000000,4611686018427387904,1000,4000,100000,1,0,9223372036854775808,5000000000,5000000000,0,0,0,0,0,0,0,0,9223372036854775808,5000000000,5000000000,0,0,0,0,0,0,0,0
1515000,1,1,2085,1,1,tick,1515001,0,0,0,0,5000000000,1000000000,10000000000,500000000,1000000000,4611686018427387904,1000,4000,100000,1,0,9223372036854775808,5000000000,5000000000,0,0,0,0,0,0,0,0,9223372036854775808,5000000000,5000000000,0,0,0,0,0,0,0,0
1516000,1,0,2086,0,0,tick,1516001,0,0,0,0,5000000000,1000000000,10000000000,500000000,1000000000,4611686018427387904,1000,4000,100000,1,0,9223372036854775808,5000000000,5000000000,0,0,0,0,0,0,0,0,9223372036854775808,5000000000,5000000000,0,0,0,0,0,0,0,0
1516000,1,1,2086,1,1,tick,1516001,0,0,0,0,5000000000,1000000000,10000000000,500000000,1000000000,4611686018427387904,1000,4000,100000,1,0,9223372036854775808,5000000000,5000000000,0,0,0,0,0,0,0,0,9223372036854775808,5000000000,5000000000,0,0,0,0,0,0,0,0
1517000,1,0,2087,0,0,tick,1517001,0,0,0,0,5000000000,1000000000,10000000000,500000000,1000000000,4611686018427387904,1000,4000,100000,1,0,9223372036854775808,5000000000,5000000000,0,0,0,0,0,0,0,0,9223372036854775808,5000000000,5000000000,0,0,0,0,0,0,0,0
1517000,1,1,2087,1,1,tick,1517001,0,0,0,0,5000000000,1000000000,10000000000,500000000,1000000000,4611686018427387904,1000,4000,100000,1,0,9223372036854775808,5000000000,5000000000,0,0,0,0,0,0,0,0,9223372036854775808,5000000000,5000000000,0,0,0,0,0,0,0,0
1518000,1,0,2088,0,0,tick,1518001,0,0,0,0,5000000000,1000000000,10000000000,500000000,1000000000,4611686018427387904,1000,4000,100000,1,0,9223372036854775808,5000000000,5000000000,0,0,0,0,0,0,0,0,9223372036854775808,5000000000,5000000000,0,0,0,0,0,0,0,0
1518000,1,1,2088,1,1,tick,1518001,0,0,0,0,5000000000,1000000000,10000000000,500000000,1000000000,4611686018427387904,1000,4000,100000,1,0,9223372036854775808,5000000000,5000000000,0,0,0,0,0,0,0,0,9223372036854775808,5000000000,5000000000,0,0,0,0,0,0,0,0
1519000,1,0,2089,0,0,tick,1519001,0,0,0,0,5000000000,1000000000,10000000000,500000000,1000000000,4611686018427387904,1000,4000,100000,1,0,9223372036854775808,5000000000,5000000000,0,0,0,0,0,0,0,0,9223372036854775808,5000000000,5000000000,0,0,0,0,0,0,0,0
1519000,1,1,2089,1,1,tick,1519001,0,0,0,0,5000000000,1000000000,10000000000,500000000,1000000000,4611686018427387904,1000,4000,100000,1,0,9223372036854775808,5000000000,5000000000,0,0,0,0,0,0,0,0,9223372036854775808,5000000000,5000000000,0,0,0,0,0,0,0,0
1520000,1,0,2090,0,0,tick,1520001,0,0,0,0,5000000000,1000000000,10000000000,500000000,1000000000,4611686018427387904,1000,4000,100000,1,0,9223372036854775808,5000000000,5000000000,0,0,0,0,0,0,0,0,9223372036854775808,5000000000,5000000000,0,0,0,0,0,0,0,0
1520000,1,1,2090,1,1,tick,1520001,0,0,0,0,5000000000,1000000000,10000000000,500000000,1000000000,4611686018427387904,1000,4000,100000,1,0,9223372036854775808,5000000000,5000000000,0,0,0,0,0,0,0,0,9223372036854775808,5000000000,5000000000,0,0,0,0,0,0,0,0
1521000,1,0,2091,0,0,tick,1521001,0,0,0,0,5000000000,1000000000,10000000000,500000000,1000000000,4611686018427387904,1000,4000,100000,1,0,9223372036854775808,5000000000,5000000000,0,0,0,0,0,0,0,0,9223372036854775808,5000000000,5000000000,0,0,0,0,0,0,0,0
1521000,1,1,2091,1,1,tick,1521001,0,0,0,0,5000000000,1000000000,10000000000,500000000,1000000000,4611686018427387904,1000,4000,100000,1,0,9223372036854775808,5000000000,5000000000,0,0,0,0,0,0,0,0,9223372036854775808,5000000000,5000000000,0,0,0,0,0,0,0,0
1522000,1,0,2093,0,0,tick,1522001,0,0,0,0,5000000000,1000000000,10000000000,500000000,1000000000,4611686018427387904,1000,4000,100000,1,0,9223372036854775808,5000000000,5000000000,0,0,0,0,0,0,0,0,9223372036854775808,5000000000,5000000000,0,0,0,0,0,0,0,0
1522000,1,1,2093,1,1,tick,1522001,0,0,0,0,5000000000,1000000000,10000000000,500000000,1000000000,4611686018427387904,1000,4000,100000,1,0,9223372036854775808,5000000000,5000000000,0,0,0,0,0,0,0,0,9223372036854775808,5000000000,5000000000,0,0,0,0,0,0,0,0
1523000,1,0,2096,0,0,tick,1523001,0,0,0,0,5000000000,1000000000,10000000000,500000000,1000000000,4611686018427387904,1000,4000,100000,1,0,9223372036854775808,5000000000,5000000000,0,0,0,0,0,0,0,0,9223372036854775808,5000000000,5000000000,0,0,0,0,0,0,0,0
1523000,1,1,2096,1,1,tick,1523001,0,0,0,0,5000000000,1000000000,10000000000,500000000,1000000000,4611686018427387904,1000,4000,100000,1,0,9223372036854775808,5000000000,5000000000,0,0,0,0,0,0,0,0,9223372036854775808,5000000000,5000000000,0,0,0,0,0,0,0,0
1524000,1,0,2097,0,0,tick,1524001,0,0,0,0,5000000000,1000000000,10000000000,500000000,1000000000,4611686018427387904,1000,4000,100000,1,0,9223372036854775808,5000000000,5000000000,0,0,0,0,0,0,0,0,9223372036854775808,5000000000,5000000000,0,0,0,0,0,0,0,0
1524000,1,1,2097,1,1,tick,1524001,0,0,0,0,5000000000,1000000000,10000000000,500000000,1000000000,4611686018427387904,1000,4000,100000,1,0,9223372036854775808,5000000000,5000000000,0,0,0,0,0,0,0,0,9223372036854775808,5000000000,5000000000,0,0,0,0,0,0,0,0
1525000,1,0,2098,0,0,tick,1525001,0,0,0,0,5000000000,1000000000,10000000000,500000000,1000000000,4611686018427387904,1000,4000,100000,1,0,9223372036854775808,5000000000,5000000000,0,0,0,0,0,0,0,0,9223372036854775808,5000000000,5000000000,0,0,0,0,0,0,0,0
1525000,1,1,2098,1,1,tick,1525001,0,0,0,0,5000000000,1000000000,10000000000,500000000,1000000000,4611686018427387904,1000,4000,100000,1,0,9223372036854775808,5000000000,5000000000,0,0,0,0,0,0,0,0,9223372036854775808,5000000000,5000000000,0,0,0,0,0,0,0,0
1526000,1,0,2099,0,0,tick,1526001,0,0,0,0,5000000000,1000000000,10000000000,500000000,1000000000,4611686018427387904,1000,4000,100000,1,0,9223372036854775808,5000000000,5000000000,0,0,0,0,0,0,0,0,9223372036854775808,5000000000,5000000000,0,0,0,0,0,0,0,0
1526000,1,1,2099,1,1,tick,1526001,0,0,0,0,5000000000,1000000000,10000000000,500000000,1000000000,4611686018427387904,1000,4000,100000,1,0,9223372036854775808,5000000000,5000000000,0,0,0,0,0,0,0,0,9223372036854775808,5000000000,5000000000,0,0,0,0,0,0,0,0
1527000,1,0,2100,0,0,tick,1527001,0,0,0,0,5000000000,1000000000,10000000000,500000000,1000000000,4611686018427387904,1000,4000,100000,1,0,9223372036854775808,5000000000,5000000000,0,0,0,0,0,0,0,0,9223372036854775808,5000000000,5000000000,0,0,0,0,0,0,0,0
1527000,1,1,2100,1,1,tick,1527001,0,0,0,0,5000000000,1000000000,10000000000,500000000,1000000000,4611686018427387904,1000,4000,100000,1,0,9223372036854775808,5000000000,5000000000,0,0,0,0,0,0,0,0,9223372036854775808,5000000000,5000000000,0,0,0,0,0,0,0,0
1528000,1,0,2101,0,0,tick,1528001,0,0,0,0,5000000000,1000000000,10000000000,500000000,1000000000,4611686018427387904,1000,4000,100000,1,0,9223372036854775808,5000000000,5000000000,0,0,0,0,0,0,0,0,9223372036854775808,5000000000,5000000000,0,0,0,0,0,0,0,0
1528000,1,1,2101,1,1,tick,1528001,0,0,0,0,5000000000,1000000000,10000000000,500000000,1000000000,4611686018427387904,1000,4000,100000,1,0,9223372036854775808,5000000000,5000000000,0,0,0,0,0,0,0,0,9223372036854775808,5000000000,5000000000,0,0,0,0,0,0,0,0
1529000,1,0,2102,0,0,tick,1529001,0,0,0,0,5000000000,1000000000,10000000000,500000000,1000000000,4611686018427387904,1000,4000,100000,1,0,9223372036854775808,5000000000,5000000000,0,0,0,0,0,0,0,0,9223372036854775808,5000000000,5000000000,0,0,0,0,0,0,0,0
1529000,1,1,2102,1,1,tick,1529001,0,0,0,0,5000000000,1000000000,10000000000,500000000,1000000000,4611686018427387904,1000,4000,100000,1,0,9223372036854775808,5000000000,5000000000,0,0,0,0,0,0,0,0,9223372036854775808,5000000000,5000000000,0,0,0,0,0,0,0,0
1530000,1,0,2104,0,0,tick,1530001,0,0,0,0,5000000000,1000000000,10000000000,500000000,1000000000,4611686018427387904,1000,4000,100000,1,0,9223372036854775808,5000000000,5000000000,0,0,0,0,0,0,0,0,9223372036854775808,5000000000,5000000000,0,0,0,0,0,0,0,0
1530000,1,1,2104,1,1,tick,1530001,0,0,0,0,5000000000,1000000000,10000000000,500000000,1000000000,4611686018427387904,1000,4000,100000,1,0,9223372036854775808,5000000000,5000000000,0,0,0,0,0,0,0,0,9223372036854775808,5000000000,5000000000,0,0,0,0,0,0,0,0
1531000,1,0,2107,0,0,tick,1531001,0,0,0,0,5000000000,1000000000,10000000000,500000000,1000000000,4611686018427387904,1000,4000,100000,1,0,9223372036854775808,5000000000,5000000000,0,0,0,0,0,0,0,0,9223372036854775808,5000000000,5000000000,0,0,0,0,0,0,0,0
1531000,1,1,2107,1,1,tick,1531001,0,0,0,0,5000000000,1000000000,10000000000,500000000,1000000000,4611686018427387904,1000,4000,100000,1,0,9223372036854775808,5000000000,5000000000,0,0,0,0,0,0,0,0,9223372036854775808,5000000000,5000000000,0,0,0,0,0,0,0,0
1532000,1,0,2108,0,0,tick,1532001,0,0,0,0,5000000000,1000000000,10000000000,500000000,1000000000,4611686018427387904,1000,4000,100000,1,0,9223372036854775808,5000000000,5000000000,0,0,0,0,0,0,0,0,9223372036854775808,5000000000,5000000000,0,0,0,0,0,0,0,0
1532000,1,1,2108,1,1,tick,1532001,0,0,0,0,5000000000,1000000000,10000000000,500000000,1000000000,4611686018427387904,1000,4000,100000,1,0,9223372036854775808,5000000000,5000000000,0,0,0,0,0,0,0,0,9223372036854775808,5000000000,5000000000,0,0,0,0,0,0,0,0
1533000,1,0,2109,0,0,tick,1533001,0,0,0,0,5000000000,1000000000,10000000000,500000000,1000000000,4611686018427387904,1000,4000,100000,1,0,9223372036854775808,5000000000,5000000000,0,0,0,0,0,0,0,0,9223372036854775808,5000000000,5000000000,0,0,0,0,0,0,0,0
1533000,1,1,2109,1,1,tick,1533001,0,0,0,0,5000000000,1000000000,10000000000,500000000,1000000000,4611686018427387904,1000,4000,100000,1,0,9223372036854775808,5000000000,5000000000,0,0,0,0,0,0,0,0,9223372036854775808,5000000000,5000000000,0,0,0,0,0,0,0,0
1534000,1,0,2110,0,0,tick,1534001,0,0,0,0,5000000000,1000000000,10000000000,500000000,1000000000,4611686018427387904,1000,4000,100000,1,0,9223372036854775808,5000000000,5000000000,0,0,0,0,0,0,0,0,9223372036854775808,5000000000,5000000000,0,0,0,0,0,0,0,0
1534000,1,1,2110,1,1,tick,1534001,0,0,0,0,5000000000,1000000000,10000000000,500000000,1000000000,4611686018427387904,1000,4000,100000,1,0,9223372036854775808,5000000000,5000000000,0,0,0,0,0,0,0,0,9223372036854775808,5000000000,5000000000,0,0,0,0,0,0,0,0
1535000,1,0,2111,0,0,tick,1535001,0,0,0,0,5000000000,1000000000,10000000000,500000000,1000000000,4611686018427387904,1000,4000,100000,1,0,9223372036854775808,5000000000,5000000000,0,0,0,0,0,0,0,0,9223372036854775808,5000000000,5000000000,0,0,0,0,0,0,0,0
1535000,1,1,2111,1,1,tick,1535001,0,0,0,0,5000000000,1000000000,10000000000,500000000,1000000000,4611686018427387904,1000,4000,100000,1,0,9223372036854775808,5000000000,5000000000,0,0,0,0,0,0,0,0,9223372036854775808,5000000000,5000000000,0,0,0,0,0,0,0,0
1536000,1,0,2112,0,0,tick,1536001,0,0,0,0,5000000000,1000000000,10000000000,500000000,1000000000,4611686018427387904,1000,4000,100000,1,0,9223372036854775808,5000000000,5000000000,0,0,0,0,0,0,0,0,9223372036854775808,5000000000,5000000000,0,0,0,0,0,0,0,0
1536000,1,1,2112,1,1,tick,1536001,0,0,0,0,5000000000,1000000000,10000000000,500000000,1000000000,4611686018427387904,1000,4000,100000,1,0,9223372036854775808,5000000000,5000000000,0,0,0,0,0,0,0,0,9223372036854775808,5000000000,5000000000,0,0,0,0,0,0,0,0
1537000,1,0,2113,0,0,tick,1537001,0,0,0,0,5000000000,1000000000,10000000000,500000000,1000000000,4611686018427387904,1000,4000,100000,1,0,9223372036854775808,5000000000,5000000000,0,0,0,0,0,0,0,0,9223372036854775808,5000000000,5000000000,0,0,0,0,0,0,0,0
1537000,1,1,2113,1,1,tick,1537001,0,0,0,0,5000000000,1000000000,10000000000,500000000,1000000000,4611686018427387904,1000,4000,100000,1,0,9223372036854775808,5000000000,5000000000,0,0,0,0,0,0,0,0,9223372036854775808,5000000000,5000000000,0,0,0,0,0,0,0,0
1538000,1,0,2115,0,0,tick,1538001,0,0,0,0,5000000000,1000000000,10000000000,500000000,1000000000,4611686018427387904,1000,4000,100000,1,0,9223372036854775808,5000000000,5000000000,0,0,0,0,0,0,0,0,9223372036854775808,5000000000,5000000000,0,0,0,0,0,0,0,0
1538000,1,1,2115,1,1,tick,1538001,0,0,0,0,5000000000,1000000000,10000000000,500000000,1000000000,4611686018427387904,1000,4000,100000,1,0,9223372036854775808,5000000000,5000000000,0,0,0,0,0,0,0,0,9223372036854775808,5000000000,5000000000,0,0,0,0,0,0,0,0
1539000,1,0,2118,0,0,tick,1539001,0,0,0,0,5000000000,1000000000,10000000000,500000000,1000000000,4611686018427387904,1000,4000,100000,1,0,9223372036854775808,5000000000,5000000000,0,0,0,0,0,0,0,0,9223372036854775808,5000000000,5000000000,0,0,0,0,0,0,0,0
1539000,1,1,2118,1,1,tick,1539001,0,0,0,0,5000000000,1000000000,10000000000,500000000,1000000000,4611686018427387904,1000,4000,100000,1,0,9223372036854775808,5000000000,5000000000,0,0,0,0,0,0,0,0,9223372036854775808,5000000000,5000000000,0,0,0,0,0,0,0,0
1540000,1,0,2119,0,0,tick,1540001,0,0,0,0,5000000000,1000000000,10000000000,500000000,1000000000,4611686018427387904,1000,4000,100000,1,0,9223372036854775808,5000000000,5000000000,0,0,0,0,0,0,0,0,9223372036854775808,5000000000,5000000000,0,0,0,0,0,0,0,0
1540000,1,1,2119,1,1,tick,1540001,0,0,0,0,5000000000,1000000000,10000000000,500000000,1000000000,4611686018427387904,1000,4000,100000,1,0,9223372036854775808,5000000000,5000000000,0,0,0,0,0,0,0,0,9223372036854775808,5000000000,5000000000,0,0,0,0,0,0,0,0
1541000,1,0,2120,0,0,tick,1541001,0,0,0,0,5000000000,1000000000,10000000000,500000000,1000000000,4611686018427387904,1000,4000,100000,1,0,9223372036854775808,5000000000,5000000000,0,0,0,0,0,0,0,0,9223372036854775808,5000000000,5000000000,0,0,0,0,0,0,0,0
1541000,1,1,2120,1,1,tick,1541001,0,0,0,0,5000000000,1000000000,10000000000,500000000,1000000000,4611686018427387904,1000,4000,100000,1,0,9223372036854775808,5000000000,5000000000,0,0,0,0,0,0,0,0,9223372036854775808,5000000000,5000000000,0,0,0,0,0,0,0,0
1542000,1,0,2121,0,0,tick,1542001,0,0,0,0,5000000000,1000000000,10000000000,500000000,1000000000,4611686018427387904,1000,4000,100000,1,0,9223372036854775808,5000000000,5000000000,0,0,0,0,0,0,0,0,9223372036854775808,5000000000,5000000000,0,0,0,0,0,0,0,0
1542000,1,1,2121,1,1,tick,1542001,0,0,0,0,5000000000,1000000000,10000000000,500000000,1000000000,4611686018427387904,1000,4000,100000,1,0,9223372036854775808,5000000000,5000000000,0,0,0,0,0,0,0,0,9223372036854775808,5000000000,5000000000,0,0,0,0,0,0,0,0
1543000,1,0,2122,0,0,tick,1543001,0,0,0,0,5000000000,1000000000,10000000000,500000000,1000000000,4611686018427387904,1000,4000,100000,1,0,9223372036854775808,5000000000,5000000000,0,0,0,0,0,0,0,0,9223372036854775808,5000000000,5000000000,0,0,0,0,0,0,0,0
1543000,1,1,2122,1,1,tick,1543001,0,0,0,0,5000000000,1000000000,10000000000,500000000,1000000000,4611686018427387904,1000,4000,100000,1,0,9223372036854775808,5000000000,5000000000,0,0,0,0,0,0,0,0,9223372036854775808,5000000000,5000000000,0,0,0,0,0,0,0,0
1544000,1,0,2123,0,0,tick,1544001,0,0,0,0,5000000000,1000000000,10000000000,500000000,1000000000,4611686018427387904,1000,4000,100000,1,0,9223372036854775808,5000000000,5000000000,0,0,0,0,0,0,0,0,9223372036854775808,5000000000,5000000000,0,0,0,0,0,0,0,0
1544000,1,1,2123,1,1,tick,1544001,0,0,0,0,5000000000,1000000000,10000000000,500000000,1000000000,4611686018427387904,1000,4000,100000,1,0,9223372036854775808,5000000000,5000000000,0,0,0,0,0,0,0,0,9223372036854775808,5000000000,5000000000,0,0,0,0,0,0,0,0
1545000,1,0,2124,0,0,tick,1545001,0,0,0,0,5000000000,1000000000,10000000000,500000000,1000000000,4611686018427387904,1000,4000,100000,1,0,9223372036854775808,5000000000,5000000000,0,0,0,0,0,0,0,0,9223372036854775808,5000000000,5000000000,0,0,0,0,0,0,0,0
1545000,1,1,2124,1,1,tick,1545001,0,0,0,0,5000000000,1000000000,10000000000,500000000,1000000000,4611686018427387904,1000,4000,100000,1,0,9223372036854775808,5000000000,5000000000,0,0,0,0,0,0,0,0,9223372036854775808,5000000000,5000000000,0,0,0,0,0,0,0,0
1546000,1,0,2126,0,0,tick,1546001,0,0,0,0,5000000000,1000000000,10000000000,500000000,1000000000,4611686018427387904,1000,4000,100000,1,0,9223372036854775808,5000000000,5000000000,0,0,0,0,0,0,0,0,9223372036854775808,5000000000,5000000000,0,0,0,0,0,0,0,0
1546000,1,1,2126,1,1,tick,1546001,0,0,0,0,5000000000,1000000000,10000000000,500000000,1000000000,4611686018427387904,1000,4000,100000,1,0,9223372036854775808,5000000000,5000000000,0,0,0,0,0,0,0,0,9223372036854775808,5000000000,5000000000,0,0,0,0,0,0,0,0
1547000,1,0,2129,0,0,tick,1547001,0,0,0,0,5000000000,1000000000,10000000000,500000000,1000000000,4611686018427387904,1000,4000,100000,1,0,9223372036854775808,5000000000,5000000000,0,0,0,0,0,0,0,0,9223372036854775808,5000000000,5000000000,0,0,0,0,0,0,0,0
1547000,1,1,2129,1,1,tick,1547001,0,0,0,0,5000000000,1000000000,10000000000,500000000,1000000000,4611686018427387904,1000,4000,100000,1,0,9223372036854775808,5000000000,5000000000,0,0,0,0,0,0,0,0,9223372036854775808,5000000000,5000000000,0,0,0,0,0,0,0,0
1548000,1,0,2130,0,0,tick,1548001,0,0,0,0,5000000000,1000000000,10000000000,500000000,1000000000,4611686018427387904,1000,4000,100000,1,0,9223372036854775808,5000000000,5000000000,0,0,0,0,0,0,0,0,9223372036854775808,5000000000,5000000000,0,0,0,0,0,0,0,0
1548000,1,1,2130,1,1,tick,1548001,0,0,0,0,5000000000,1000000000,10000000000,500000000,1000000000,4611686018427387904,1000,4000,100000,1,0,9223372036854775808,5000000000,5000000000,0,0,0,0,0,0,0,0,9223372036854775808,5000000000,5000000000,0,0,0,0,0,0,0,0
1549000,1,0,2131,0,0,tick,1549001,0,0,0,0,5000000000,1000000000,10000000000,500000000,1000000000,4611686018427387904,1000,4000,100000,1,0,9223372036854775808,5000000000,5000000000,0,0,0,0,0,0,0,0,9223372036854775808,5000000000,5000000000,0,0,0,0,0,0,0,0
1549000,1,1,2131,1,1,tick,1549001,0,0,0,0,5000000000,1000000000,10000000000,500000000,1000000000,4611686018427387904,1000,4000,100000,1,0,9223372036854775808,5000000000,5000000000,0,0,0,0,0,0,0,0,9223372036854775808,5000000000,5000000000,0,0,0,0,0,0,0,0
1550000,1,0,2132,0,0,tick,1550001,0,0,0,0,5000000000,1000000000,10000000000,500000000,1000000000,4611686018427387904,1000,4000,100000,1,0,9223372036854775808,5000000000,5000000000,0,0,0,0,0,0,0,0,9223372036854775808,5000000000,5000000000,0,0,0,0,0,0,0,0
1550000,1,1,2132,1,1,tick,1550001,0,0,0,0,5000000000,1000000000,10000000000,500000000,1000000000,4611686018427387904,1000,4000,100000,1,0,9223372036854775808,5000000000,5000000000,0,0,0,0,0,0,0,0,9223372036854775808,5000000000,5000000000,0,0,0,0,0,0,0,0
1551000,1,0,2133,0,0,tick,1551001,0,0,0,0,5000000000,1000000000,10000000000,500000000,1000000000,4611686018427387904,1000,4000,100000,1,0,9223372036854775808,5000000000,5000000000,0,0,0,0,0,0,0,0,9223372036854775808,5000000000,5000000000,0,0,0,0,0,0,0,0
1551000,1,1,2133,1,1,tick,1551001,0,0,0,0,5000000000,1000000000,10000000000,500000000,1000000000,4611686018427387904,1000,4000,100000,1,0,9223372036854775808,5000000000,5000000000,0,0,0,0,0,0,0,0,9223372036854775808,5000000000,5000000000,0,0,0,0,0,0,0,0
1552000,1,0,2134,0,0,tick,1552001,0,0,0,0,5000000000,1000000000,10000000000,500000000,1000000000,4611686018427387904,1000,4000,100000,1,0,9223372036854775808,5000000000,5000000000,0,0,0,0,0,0,0,0,9223372036854775808,5000000000,5000000000,0,0,0,0,0,0,0,0
1552000,1,1,2134,1,1,tick,1552001,0,0,0,0,5000000000,1000000000,10000000000,500000000,1000000000,4611686018427387904,1000,4000,100000,1,0,9223372036854775808,5000000000,5000000000,0,0,0,0,0,0,0,0,9223372036854775808,5000000000,5000000000,0,0,0,0,0,0,0,0
1553000,1,0,2135,0,0,tick,1553001,0,0,0,0,5000000000,1000000000,10000000000,500000000,1000000000,4611686018427387904,1000,4000,100000,1,0,9223372036854775808,5000000000,5000000000,0,0,0,0,0,0,0,0,9223372036854775808,5000000000,5000000000,0,0,0,0,0,0,0,0
1553000,1,1,2135,1,1,tick,1553001,0,0,0,0,5000000000,1000000000,10000000000,500000000,1000000000,4611686018427387904,1000,4000,100000,1,0,9223372036854775808,5000000000,5000000000,0,0,0,0,0,0,0,0,9223372036854775808,5000000000,5000000000,0,0,0,0,0,0,0,0
1554000,1,0,2137,0,0,tick,1554001,0,0,0,0,5000000000,1000000000,10000000000,500000000,1000000000,4611686018427387904,1000,4000,100000,1,0,9223372036854775808,5000000000,5000000000,0,0,0,0,0,0,0,0,9223372036854775808,5000000000,5000000000,0,0,0,0,0,0,0,0
1554000,1,1,2137,1,1,tick,1554001,0,0,0,0,5000000000,1000000000,10000000000,500000000,1000000000,4611686018427387904,1000,4000,100000,1,0,9223372036854775808,5000000000,5000000000,0,0,0,0,0,0,0,0,9223372036854775808,5000000000,5000000000,0,0,0,0,0,0,0,0
1555000,1,0,2140,0,0,tick,1555001,0,0,0,0,5000000000,1000000000,10000000000,500000000,1000000000,4611686018427387904,1000,4000,100000,1,0,9223372036854775808,5000000000,5000000000,0,0,0,0,0,0,0,0,9223372036854775808,5000000000,5000000000,0,0,0,0,0,0,0,0
1555000,1,1,2140,1,1,tick,1555001,0,0,0,0,5000000000,1000000000,10000000000,500000000,1000000000,4611686018427387904,1000,4000,100000,1,0,9223372036854775808,5000000000,5000000000,0,0,0,0,0,0,0,0,9223372036854775808,5000000000,5000000000,0,0,0,0,0,0,0,0
1556000,1,0,2141,0,0,tick,1556001,0,0,0,0,5000000000,1000000000,10000000000,500000000,1000000000,4611686018427387904,1000,4000,100000,1,0,9223372036854775808,5000000000,5000000000,0,0,0,0,0,0,0,0,9223372036854775808,5000000000,5000000000,0,0,0,0,0,0,0,0
1556000,1,1,2141,1,1,tick,1556001,0,0,0,0,5000000000,1000000000,10000000000,500000000,1000000000,4611686018427387904,1000,4000,100000,1,0,9223372036854775808,5000000000,5000000000,0,0,0,0,0,0,0,0,9223372036854775808,5000000000,5000000000,0,0,0,0,0,0,0,0
1557000,1,0,2142,0,0,tick,1557001,0,0,0,0,5000000000,1000000000,10000000000,500000000,1000000000,4611686018427387904,1000,4000,100000,1,0,9223372036854775808,5000000000,5000000000,0,0,0,0,0,0,0,0,9223372036854775808,5000000000,5000000000,0,0,0,0,0,0,0,0
1557000,1,1,2142,1,1,tick,1557001,0,0,0,0,5000000000,1000000000,10000000000,500000000,1000000000,4611686018427387904,1000,4000,100000,1,0,9223372036854775808,5000000000,5000000000,0,0,0,0,0,0,0,0,9223372036854775808,5000000000,5000000000,0,0,0,0,0,0,0,0
1558000,1,0,2143,0,0,tick,1558001,0,0,0,0,5000000000,1000000000,10000000000,500000000,1000000000,4611686018427387904,1000,4000,100000,1,0,9223372036854775808,5000000000,5000000000,0,0,0,0,0,0,0,0,9223372036854775808,5000000000,5000000000,0,0,0,0,0,0,0,0
1558000,1,1,2143,1,1,tick,1558001,0,0,0,0,5000000000,1000000000,10000000000,500000000,1000000000,4611686018427387904,1000,4000,100000,1,0,9223372036854775808,5000000000,5000000000,0,0,0,0,0,0,0,0,9223372036854775808,5000000000,5000000000,0,0,0,0,0,0,0,0
1559000,1,0,2144,0,0,tick,1559001,0,0,0,0,5000000000,1000000000,10000000000,500000000,1000000000,4611686018427387904,1000,4000,100000,1,0,9223372036854775808,5000000000,5000000000,0,0,0,0,0,0,0,0,9223372036854775808,5000000000,5000000000,0,0,0,0,0,0,0,0
1559000,1,1,2144,1,1,tick,1559001,0,0,0,0,5000000000,1000000000,10000000000,500000000,1000000000,4611686018427387904,1000,4000,100000,1,0,9223372036854775808,5000000000,5000000000,0,0,0,0,0,0,0,0,9223372036854775808,5000000000,5000000000,0,0,0,0,0,0,0,0
1560000,1,0,2145,0,0,tick,1560001,0,0,0,0,5000000000,1000000000,10000000000,500000000,1000000000,4611686018427387904,1000,4000,100000,1,0,9223372036854775808,5000000000,5000000000,0,0,0,0,0,0,0,0,9223372036854775808,5000000000,5000000000,0,0,0,0,0,0,0,0
1560000,1,1,2145,1,1,tick,1560001,0,0,0,0,5000000000,1000000000,10000000000,500000000,1000000000,4611686018427387904,1000,4000,100000,1,0,9223372036854775808,5000000000,5000000000,0,0,0,0,0,0,0,0,9223372036854775808,5000000000,5000000000,0,0,0,0,0,0,0,0
1561000,1,0,2146,0,0,tick,1561001,0,0,0,0,5000000000,1000000000,10000000000,500000000,1000000000,4611686018427387904,1000,4000,100000,1,0,9223372036854775808,5000000000,5000000000,0,0,0,0,0,0,0,0,9223372036854775808,5000000000,5000000000,0,0,0,0,0,0,0,0
1561000,1,1,2146,1,1,tick,1561001,0,0,0,0,5000000000,1000000000,10000000000,500000000,1000000000,4611686018427387904,1000,4000,100000,1,0,9223372036854775808,5000000000,5000000000,0,0,0,0,0,0,0,0,9223372036854775808,5000000000,5000000000,0,0,0,0,0,0,0,0
1562000,1,0,2148,0,0,tick,1562001,0,0,0,0,5000000000,1000000000,10000000000,500000000,1000000000,4611686018427387904,1000,4000,100000,1,0,9223372036854775808,5000000000,5000000000,0,0,0,0,0,0,0,0,9223372036854775808,5000000000,5000000000,0,0,0,0,0,0,0,0
1562000,1,1,2148,1,1,tick,1562001,0,0,0,0,5000000000,1000000000,10000000000,500000000,1000000000,4611686018427387904,1000,4000,100000,1,0,9223372036854775808,5000000000,5000000000,0,0,0,0,0,0,0,0,9223372036854775808,5000000000,5000000000,0,0,0,0,0,0,0,0
1563000,1,0,2151,0,0,tick,1563001,0,0,0,0,5000000000,1000000000,10000000000,500000000,1000000000,4611686018427387904,1000,4000,100000,1,0,9223372036854775808,5000000000,5000000000,0,0,0,0,0,0,0,0,9223372036854775808,5000000000,5000000000,0,0,0,0,0,0,0,0
1563000,1,1,2151,1,1,tick,1563001,0,0,0,0,5000000000,1000000000,10000000000,500000000,1000000000,4611686018427387904,1000,4000,100000,1,0,9223372036854775808,5000000000,5000000000,0,0,0,0,0,0,0,0,9223372036854775808,5000000000,5000000000,0,0,0,0,0,0,0,0
1564000,1,0,2152,0,0,tick,1564001,0,0,0,0,5000000000,1000000000,10000000000,500000000,1000000000,4611686018427387904,1000,4000,100000,1,0,9223372036854775808,5000000000,5000000000,0,0,0,0,0,0,0,0,9223372036854775808,5000000000,5000000000,0,0,0,0,0,0,0,0
1564000,1,1,2152,1,1,tick,1564001,0,0,0,0,5000000000,1000000000,10000000000,500000000,1000000000,4611686018427387904,1000,4000,100000,1,0,9223372036854775808,5000000000,5000000000,0,0,0,0,0,0,0,0,9223372036854775808,5000000000,5000000000,0,0,0,0,0,0,0,0
1565000,1,0,2153,0,0,tick,1565001,0,0,0,0,5000000000,1000000000,10000000000,500000000,1000000000,4611686018427387904,1000,4000,100000,1,0,9223372036854775808,5000000000,5000000000,0,0,0,0,0,0,0,0,9223372036854775808,5000000000,5000000000,0,0,0,0,0,0,0,0
1565000,1,1,2153,1,1,tick,1565001,0,0,0,0,5000000000,1000000000,10000000000,500000000,1000000000,4611686018427387904,1000,4000,100000,1,0,9223372036854775808,5000000000,5000000000,0,0,0,0,0,0,0,0,9223372036854775808,5000000000,5000000000,0,0,0,0,0,0,0,0
1566000,1,0,2154,0,0,tick,1566001,0,0,0,0,5000000000,1000000000,10000000000,500000000,1000000000,4611686018427387904,1000,4000,100000,1,0,9223372036854775808,5000000000,5000000000,0,0,0,0,0,0,0,0,9223372036854775808,5000000000,5000000000,0,0,0,0,0,0,0,0
1566000,1,1,2154,1,1,tick,1566001,0,0,0,0,5000000000,1000000000,10000000000,500000000,1000000000,4611686018427387904,1000,4000,100000,1,0,9223372036854775808,5000000000,5000000000,0,0,0,0,0,0,0,0,9223372036854775808,5000000000,5000000000,0,0,0,0,0,0,0,0
1567000,1,0,2155,0,0,tick,1567001,0,0,0,0,5000000000,1000000000,10000000000,500000000,1000000000,4611686018427387904,1000,4000,100000,1,0,9223372036854775808,5000000000,5000000000,0,0,0,0,0,0,0,0,9223372036854775808,5000000000,5000000000,0,0,0,0,0,0,0,0
1567000,1,1,2155,1,1,tick,1567001,0,0,0,0,5000000000,1000000000,10000000000,500000000,1000000000,4611686018427387904,1000,4000,100000,1,0,9223372036854775808,5000000000,5000000000,0,0,0,0,0,0,0,0,9223372036854775808,5000000000,5000000000,0,0,0,0,0,0,0,0
1568000,1,0,2156,0,0,tick,1568001,0,0,0,0,5000000000,1000000000,10000000000,500000000,1000000000,4611686018427387904,1000,4000,100000,1,0,9223372036854775808,5000000000,5000000000,0,0,0,0,0,0,0,0,9223372036854775808,5000000000,5000000000,0,0,0,0,0,0,0,0
1568000,1,1,2156,1,1,tick,1568001,0,0,0,0,5000000000,1000000000,10000000000,500000000,1000000000,4611686018427387904,1000,4000,100000,1,0,9223372036854775808,5000000000,5000000000,0,0,0,0,0,0,0,0,9223372036854775808,5000000000,5000000000,0,0,0,0,0,0,0,0
1569000,1,0,2157,0,0,tick,1569001,0,0,0,0,5000000000,1000000000,10000000000,500000000,1000000000,4611686018427387904,1000,4000,100000,1,0,9223372036854775808,5000000000,5000000000,0,0,0,0,0,0,0,0,9223372036854775808,5000000000,5000000000,0,0,0,0,0,0,0,0
1569000,1,1,2157,1,1,tick,1569001,0,0,0,0,5000000000,1000000000,10000000000,500000000,1000000000,4611686018427387904,1000,4000,100000,1,0,9223372036854775808,5000000000,5000000000,0,0,0,0,0,0,0,0,9223372036854775808,5000000000,5000000000,0,0,0,0,0,0,0,0
1570000,1,0,2159,0,0,tick,1570001,0,0,0,0,5000000000,1000000000,10000000000,500000000,1000000000,4611686018427387904,1000,4000,100000,1,0,9223372036854775808,5000000000,5000000000,0,0,0,0,0,0,0,0,9223372036854775808,5000000000,5000000000,0,0,0,0,0,0,0,0
1570000,1,1,2159,1,1,tick,1570001,0,0,0,0,5000000000,1000000000,10000000000,500000000,1000000000,4611686018427387904,1000,4000,100000,1,0,9223372036854775808,5000000000,5000000000,0,0,0,0,0,0,0,0,9223372036854775808,5000000000,5000000000,0,0,0,0,0,0,0,0
1571000,1,0,2162,0,0,tick,1571001,0,0,0,0,5000000000,1000000000,10000000000,500000000,1000000000,4611686018427387904,1000,4000,100000,1,0,9223372036854775808,5000000000,5000000000,0,0,0,0,0,0,0,0,9223372036854775808,5000000000,5000000000,0,0,0,0,0,0,0,0
1571000,1,1,2162,1,1,tick,1571001,0,0,0,0,5000000000,1000000000,10000000000,500000000,1000000000,4611686018427387904,1000,4000,100000,1,0,9223372036854775808,5000000000,5000000000,0,0,0,0,0,0,0,0,9223372036854775808,5000000000,5000000000,0,0,0,0,0,0,0,0
1572000,1,0,2163,0,0,tick,1572001,0,0,0,0,5000000000,1000000000,10000000000,500000000,1000000000,4611686018427387904,1000,4000,100000,1,0,9223372036854775808,5000000000,5000000000,0,0,0,0,0,0,0,0,9223372036854775808,5000000000,5000000000,0,0,0,0,0,0,0,0
1572000,1,1,2163,1,1,tick,1572001,0,0,0,0,5000000000,1000000000,10000000000,500000000,1000000000,4611686018427387904,1000,4000,100000,1,0,9223372036854775808,5000000000,5000000000,0,0,0,0,0,0,0,0,9223372036854775808,5000000000,5000000000,0,0,0,0,0,0,0,0
1573000,1,0,2164,0,0,tick,1573001,0,0,0,0,5000000000,1000000000,10000000000,500000000,1000000000,4611686018427387904,1000,4000,100000,1,0,9223372036854775808,5000000000,5000000000,0,0,0,0,0,0,0,0,9223372036854775808,5000000000,5000000000,0,0,0,0,0,0,0,0
1573000,1,1,2164,1,1,tick,1573001,0,0,0,0,5000000000,1000000000,10000000000,500000000,1000000000,4611686018427387904,1000,4000,100000,1,0,9223372036854775808,5000000000,5000000000,0,0,0,0,0,0,0,0,9223372036854775808,5000000000,5000000000,0,0,0,0,0,0,0,0
1574000,1,0,2165,0,0,tick,1574001,0,0,0,0,5000000000,1000000000,10000000000,500000000,1000000000,4611686018427387904,1000,4000,100000,1,0,9223372036854775808,5000000000,5000000000,0,0,0,0,0,0,0,0,9223372036854775808,5000000000,5000000000,0,0,0,0,0,0,0,0
1574000,1,1,2165,1,1,tick,1574001,0,0,0,0,5000000000,1000000000,10000000000,500000000,1000000000,4611686018427387904,1000,4000,100000,1,0,9223372036854775808,5000000000,5000000000,0,0,0,0,0,0,0,0,9223372036854775808,5000000000,5000000000,0,0,0,0,0,0,0,0
1575000,1,0,2166,0,0,tick,1575001,0,0,0,0,5000000000,1000000000,10000000000,500000000,1000000000,4611686018427387904,1000,4000,100000,1,0,9223372036854775808,5000000000,5000000000,0,0,0,0,0,0,0,0,9223372036854775808,5000000000,5000000000,0,0,0,0,0,0,0,0
1575000,1,1,2166,1,1,tick,1575001,0,0,0,0,5000000000,1000000000,10000000000,500000000,1000000000,4611686018427387904,1000,4000,100000,1,0,9223372036854775808,5000000000,5000000000,0,0,0,0,0,0,0,0,9223372036854775808,5000000000,5000000000,0,0,0,0,0,0,0,0
1576000,1,0,2167,0,0,tick,1576001,0,0,0,0,5000000000,1000000000,10000000000,500000000,1000000000,4611686018427387904,1000,4000,100000,1,0,9223372036854775808,5000000000,5000000000,0,0,0,0,0,0,0,0,9223372036854775808,5000000000,5000000000,0,0,0,0,0,0,0,0
1576000,1,1,2167,1,1,tick,1576001,0,0,0,0,5000000000,1000000000,10000000000,500000000,1000000000,4611686018427387904,1000,4000,100000,1,0,9223372036854775808,5000000000,5000000000,0,0,0,0,0,0,0,0,9223372036854775808,5000000000,5000000000,0,0,0,0,0,0,0,0
1577000,1,0,2168,0,0,tick,1577001,0,0,0,0,5000000000,1000000000,10000000000,500000000,1000000000,4611686018427387904,1000,4000,100000,1,0,9223372036854775808,5000000000,5000000000,0,0,0,0,0,0,0,0,9223372036854775808,5000000000,5000000000,0,0,0,0,0,0,0,0
1577000,1,1,2168,1,1,tick,1577001,0,0,0,0,5000000000,1000000000,10000000000,500000000,1000000000,4611686018427387904,1000,4000,100000,1,0,9223372036854775808,5000000000,5000000000,0,0,0,0,0,0,0,0,9223372036854775808,5000000000,5000000000,0,0,0,0,0,0,0,0
1578000,1,0,2170,0,0,tick,1578001,0,0,0,0,5000000000,1000000000,10000000000,500000000,1000000000,4611686018427387904,1000,4000,100000,1,0,9223372036854775808,5000000000,5000000000,0,0,0,0,0,0,0,0,9223372036854775808,5000000000,5000000000,0,0,0,0,0,0,0,0
1578000,1,1,2170,1,1,tick,1578001,0,0,0,0,5000000000,1000000000,10000000000,500000000,1000000000,4611686018427387904,1000,4000,100000,1,0,9223372036854775808,5000000000,5000000000,0,0,0,0,0,0,0,0,9223372036854775808,5000000000,5000000000,0,0,0,0,0,0,0,0
1579000,1,0,2173,0,0,tick,1579001,0,0,0,0,5000000000,1000000000,10000000000,500000000,1000000000,4611686018427387904,1000,4000,100000,1,0,9223372036854775808,5000000000,5000000000,0,0,0,0,0,0,0,0,9223372036854775808,5000000000,5000000000,0,0,0,0,0,0,0,0
1579000,1,1,2173,1,1,tick,1579001,0,0,0,0,5000000000,1000000000,10000000000,500000000,1000000000,4611686018427387904,1000,4000,100000,1,0,9223372036854775808,5000000000,5000000000,0,0,0,0,0,0,0,0,9223372036854775808,5000000000,5000000000,0,0,0,0,0,0,0,0
1580000,1,0,2174,0,0,tick,1580001,0,0,0,0,5000000000,1000000000,10000000000,500000000,1000000000,4611686018427387904,1000,4000,100000,1,0,9223372036854775808,5000000000,5000000000,0,0,0,0,0,0,0,0,9223372036854775808,5000000000,5000000000,0,0,0,0,0,0,0,0
1580000,1,1,2174,1,1,tick,1580001,0,0,0,0,5000000000,1000000000,10000000000,500000000,1000000000,4611686018427387904,1000,4000,100000,1,0,9223372036854775808,5000000000,5000000000,0,0,0,0,0,0,0,0,9223372036854775808,5000000000,5000000000,0,0,0,0,0,0,0,0
1581000,1,0,2175,0,0,tick,1581001,0,0,0,0,5000000000,1000000000,10000000000,500000000,1000000000,4611686018427387904,1000,4000,100000,1,0,9223372036854775808,5000000000,5000000000,0,0,0,0,0,0,0,0,9223372036854775808,5000000000,5000000000,0,0,0,0,0,0,0,0
1581000,1,1,2175,1,1,tick,1581001,0,0,0,0,5000000000,1000000000,10000000000,500000000,1000000000,4611686018427387904,1000,4000,100000,1,0,9223372036854775808,5000000000,5000000000,0,0,0,0,0,0,0,0,9223372036854775808,5000000000,5000000000,0,0,0,0,0,0,0,0
1582000,1,0,2176,0,0,tick,1582001,0,0,0,0,5000000000,1000000000,10000000000,500000000,1000000000,4611686018427387904,1000,4000,100000,1,0,9223372036854775808,5000000000,5000000000,0,0,0,0,0,0,0,0,9223372036854775808,5000000000,5000000000,0,0,0,0,0,0,0,0
1582000,1,1,2176,1,1,tick,1582001,0,0,0,0,5000000000,1000000000,10000000000,500000000,1000000000,4611686018427387904,1000,4000,100000,1,0,9223372036854775808,5000000000,5000000000,0,0,0,0,0,0,0,0,9223372036854775808,5000000000,5000000000,0,0,0,0,0,0,0,0
1583000,1,0,2177,0,0,tick,1583001,0,0,0,0,5000000000,1000000000,10000000000,500000000,1000000000,4611686018427387904,1000,4000,100000,1,0,9223372036854775808,5000000000,5000000000,0,0,0,0,0,0,0,0,9223372036854775808,5000000000,5000000000,0,0,0,0,0,0,0,0
1583000,1,1,2177,1,1,tick,1583001,0,0,0,0,5000000000,1000000000,10000000000,500000000,1000000000,4611686018427387904,1000,4000,100000,1,0,9223372036854775808,5000000000,5000000000,0,0,0,0,0,0,0,0,9223372036854775808,5000000000,5000000000,0,0,0,0,0,0,0,0
1584000,1,0,2178,0,0,tick,1584001,0,0,0,0,5000000000,1000000000,10000000000,500000000,1000000000,4611686018427387904,1000,4000,100000,1,0,9223372036854775808,5000000000,5000000000,0,0,0,0,0,0,0,0,9223372036854775808,5000000000,5000000000,0,0,0,0,0,0,0,0
1584000,1,1,2178,1,1,tick,1584001,0,0,0,0,5000000000,1000000000,10000000000,500000000,1000000000,4611686018427387904,1000,4000,100000,1,0,9223372036854775808,5000000000,5000000000,0,0,0,0,0,0,0,0,9223372036854775808,5000000000,5000000000,0,0,0,0,0,0,0,0
1585000,1,0,2179,0,0,tick,1585001,0,0,0,0,5000000000,1000000000,10000000000,500000000,1000000000,4611686018427387904,1000,4000,100000,1,0,9223372036854775808,5000000000,5000000000,0,0,0,0,0,0,0,0,9223372036854775808,5000000000,5000000000,0,0,0,0,0,0,0,0
1585000,1,1,2179,1,1,tick,1585001,0,0,0,0,5000000000,1000000000,10000000000,500000000,1000000000,4611686018427387904,1000,4000,100000,1,0,9223372036854775808,5000000000,5000000000,0,0,0,0,0,0,0,0,9223372036854775808,5000000000,5000000000,0,0,0,0,0,0,0,0
1586000,1,0,2181,0,0,tick,1586001,0,0,0,0,5000000000,1000000000,10000000000,500000000,1000000000,4611686018427387904,1000,4000,100000,1,0,9223372036854775808,5000000000,5000000000,0,0,0,0,0,0,0,0,9223372036854775808,5000000000,5000000000,0,0,0,0,0,0,0,0
1586000,1,1,2181,1,1,tick,1586001,0,0,0,0,5000000000,1000000000,10000000000,500000000,1000000000,4611686018427387904,1000,4000,100000,1,0,9223372036854775808,5000000000,5000000000,0,0,0,0,0,0,0,0,9223372036854775808,5000000000,5000000000,0,0,0,0,0,0,0,0
1587000,1,0,2184,0,0,tick,1587001,0,0,0,0,5000000000,1000000000,10000000000,500000000,1000000000,4611686018427387904,1000,4000,100000,1,0,9223372036854775808,5000000000,5000000000,0,0,0,0,0,0,0,0,9223372036854775808,5000000000,5000000000,0,0,0,0,0,0,0,0
1587000,1,1,2184,1,1,tick,1587001,0,0,0,0,5000000000,1000000000,10000000000,500000000,1000000000,4611686018427387904,1000,4000,100000,1,0,9223372036854775808,5000000000,5000000000,0,0,0,0,0,0,0,0,9223372036854775808,5000000000,5000000000,0,0,0,0,0,0,0,0
1588000,1,0,2185,0,0,tick,1588001,0,0,0,0,5000000000,1000000000,10000000000,500000000,1000000000,4611686018427387904,1000,4000,100000,1,0,9223372036854775808,5000000000,5000000000,0,0,0,0,0,0,0,0,9223372036854775808,5000000000,5000000000,0,0,0,0,0,0,0,0
1588000,1,1,2185,1,1,tick,1588001,0,0,0,0,5000000000,1000000000,10000000000,500000000,1000000000,4611686018427387904,1000,4000,100000,1,0,9223372036854775808,5000000000,5000000000,0,0,0,0,0,0,0,0,9223372036854775808,5000000000,5000000000,0,0,0,0,0,0,0,0
1589000,1,0,2186,0,0,tick,1589001,0,0,0,0,5000000000,1000000000,10000000000,500000000,1000000000,4611686018427387904,1000,4000,100000,1,0,9223372036854775808,5000000000,5000000000,0,0,0,0,0,0,0,0,9223372036854775808,5000000000,5000000000,0,0,0,0,0,0,0,0
1589000,1,1,2186,1,1,tick,1589001,0,0,0,0,5000000000,1000000000,10000000000,500000000,1000000000,4611686018427387904,1000,4000,100000,1,0,9223372036854775808,5000000000,5000000000,0,0,0,0,0,0,0,0,9223372036854775808,5000000000,5000000000,0,0,0,0,0,0,0,0
1590000,1,0,2187,0,0,tick,1590001,0,0,0,0,5000000000,1000000000,10000000000,500000000,1000000000,4611686018427387904,1000,4000,100000,1,0,9223372036854775808,5000000000,5000000000,0,0,0,0,0,0,0,0,9223372036854775808,5000000000,5000000000,0,0,0,0,0,0,0,0
1590000,1,1,2187,1,1,tick,1590001,0,0,0,0,5000000000,1000000000,10000000000,500000000,1000000000,4611686018427387904,1000,4000,100000,1,0,9223372036854775808,5000000000,5000000000,0,0,0,0,0,0,0,0,9223372036854775808,5000000000,5000000000,0,0,0,0,0,0,0,0
1591000,1,0,2188,0,0,tick,1591001,0,0,0,0,5000000000,1000000000,10000000000,500000000,1000000000,4611686018427387904,1000,4000,100000,1,0,9223372036854775808,5000000000,5000000000,0,0,0,0,0,0,0,0,9223372036854775808,5000000000,5000000000,0,0,0,0,0,0,0,0
1591000,1,1,2188,1,1,tick,1591001,0,0,0,0,5000000000,1000000000,10000000000,500000000,1000000000,4611686018427387904,1000,4000,100000,1,0,9223372036854775808,5000000000,5000000000,0,0,0,0,0,0,0,0,9223372036854775808,5000000000,5000000000,0,0,0,0,0,0,0,0
1592000,1,0,2189,0,0,tick,1592001,0,0,0,0,5000000000,1000000000,10000000000,500000000,1000000000,4611686018427387904,1000,4000,100000,1,0,9223372036854775808,5000000000,5000000000,0,0,0,0,0,0,0,0,9223372036854775808,5000000000,5000000000,0,0,0,0,0,0,0,0
1592000,1,1,2189,1,1,tick,1592001,0,0,0,0,5000000000,1000000000,10000000000,500000000,1000000000,4611686018427387904,1000,4000,100000,1,0,9223372036854775808,5000000000,5000000000,0,0,0,0,0,0,0,0,9223372036854775808,5000000000,5000000000,0,0,0,0,0,0,0,0
1593000,1,0,2190,0,0,tick,1593001,0,0,0,0,5000000000,1000000000,10000000000,500000000,1000000000,4611686018427387904,1000,4000,100000,1,0,9223372036854775808,5000000000,5000000000,0,0,0,0,0,0,0,0,9223372036854775808,5000000000,5000000000,0,0,0,0,0,0,0,0
1593000,1,1,2190,1,1,tick,1593001,0,0,0,0,5000000000,1000000000,10000000000,500000000,1000000000,4611686018427387904,1000,4000,100000,1,0,9223372036854775808,5000000000,5000000000,0,0,0,0,0,0,0,0,9223372036854775808,5000000000,5000000000,0,0,0,0,0,0,0,0
1594000,1,0,2192,0,0,tick,1594001,0,0,0,0,5000000000,1000000000,10000000000,500000000,1000000000,4611686018427387904,1000,4000,100000,1,0,9223372036854775808,5000000000,5000000000,0,0,0,0,0,0,0,0,9223372036854775808,5000000000,5000000000,0,0,0,0,0,0,0,0
1594000,1,1,2192,1,1,tick,1594001,0,0,0,0,5000000000,1000000000,10000000000,500000000,1000000000,4611686018427387904,1000,4000,100000,1,0,9223372036854775808,5000000000,5000000000,0,0,0,0,0,0,0,0,9223372036854775808,5000000000,5000000000,0,0,0,0,0,0,0,0
1595000,1,0,2195,0,0,tick,1595001,0,0,0,0,5000000000,1000000000,10000000000,500000000,1000000000,4611686018427387904,1000,4000,100000,1,0,9223372036854775808,5000000000,5000000000,0,0,0,0,0,0,0,0,9223372036854775808,5000000000,5000000000,0,0,0,0,0,0,0,0
1595000,1,1,2195,1,1,tick,1595001,0,0,0,0,5000000000,1000000000,10000000000,500000000,1000000000,4611686018427387904,1000,4000,100000,1,0,9223372036854775808,5000000000,5000000000,0,0,0,0,0,0,0,0,9223372036854775808,5000000000,5000000000,0,0,0,0,0,0,0,0
1596000,1,0,2196,0,0,tick,1596001,0,0,0,0,5000000000,1000000000,10000000000,500000000,1000000000,4611686018427387904,1000,4000,100000,1,0,9223372036854775808,5000000000,5000000000,0,0,0,0,0,0,0,0,9223372036854775808,5000000000,5000000000,0,0,0,0,0,0,0,0
1596000,1,1,2196,1,1,tick,1596001,0,0,0,0,5000000000,1000000000,10000000000,500000000,1000000000,4611686018427387904,1000,4000,100000,1,0,9223372036854775808,5000000000,5000000000,0,0,0,0,0,0,0,0,9223372036854775808,5000000000,5000000000,0,0,0,0,0,0,0,0
1597000,1,0,2197,0,0,tick,1597001,0,0,0,0,5000000000,1000000000,10000000000,500000000,1000000000,4611686018427387904,1000,4000,100000,1,0,9223372036854775808,5000000000,5000000000,0,0,0,0,0,0,0,0,9223372036854775808,5000000000,5000000000,0,0,0,0,0,0,0,0
1597000,1,1,2197,1,1,tick,1597001,0,0,0,0,5000000000,1000000000,10000000000,500000000,1000000000,4611686018427387904,1000,4000,100000,1,0,9223372036854775808,5000000000,5000000000,0,0,0,0,0,0,0,0,9223372036854775808,5000000000,5000000000,0,0,0,0,0,0,0,0
1598000,1,0,2198,0,0,tick,1598001,0,0,0,0,5000000000,1000000000,10000000000,500000000,1000000000,4611686018427387904,1000,4000,100000,1,0,9223372036854775808,5000000000,5000000000,0,0,0,0,0,0,0,0,9223372036854775808,5000000000,5000000000,0,0,0,0,0,0,0,0
1598000,1,1,2198,1,1,tick,1598001,0,0,0,0,5000000000,1000000000,10000000000,500000000,1000000000,4611686018427387904,1000,4000,100000,1,0,9223372036854775808,5000000000,5000000000,0,0,0,0,0,0,0,0,9223372036854775808,5000000000,5000000000,0,0,0,0,0,0,0,0
1599000,1,0,2199,0,0,tick,1599001,0,0,0,0,5000000000,1000000000,10000000000,500000000,1000000000,4611686018427387904,1000,4000,100000,1,0,9223372036854775808,5000000000,5000000000,0,0,0,0,0,0,0,0,9223372036854775808,5000000000,5000000000,0,0,0,0,0,0,0,0
1599000,1,1,2199,1,1,tick,1599001,0,0,0,0,5000000000,1000000000,10000000000,500000000,1000000000,4611686018427387904,1000,4000,100000,1,0,9223372036854775808,5000000000,5000000000,0,0,0,0,0,0,0,0,9223372036854775808,5000000000,5000000000,0,0,0,0,0,0,0,0
1600000,1,0,2200,0,0,tick,1600001,0,0,0,0,5000000000,1000000000,10000000000,500000000,1000000000,4611686018427387904,1000,4000,100000,1,0,9223372036854775808,5000000000,5000000000,0,0,0,0,0,0,0,0,9223372036854775808,5000000000,5000000000,0,0,0,0,0,0,0,0
1600000,1,1,2200,1,1,tick,1600001,0,0,0,0,5000000000,1000000000,10000000000,500000000,1000000000,4611686018427387904,1000,4000,100000,1,0,9223372036854775808,5000000000,5000000000,0,0,0,0,0,0,0,0,9223372036854775808,5000000000,5000000000,0,0,0,0,0,0,0,0
1601000,1,0,2201,0,0,tick,1601001,0,0,0,0,5000000000,1000000000,10000000000,500000000,1000000000,4611686018427387904,1000,4000,100000,1,0,9223372036854775808,5000000000,5000000000,0,0,0,0,0,0,0,0,9223372036854775808,5000000000,5000000000,0,0,0,0,0,0,0,0
1601000,1,1,2201,1,1,tick,1601001,0,0,0,0,5000000000,1000000000,10000000000,500000000,1000000000,4611686018427387904,1000,4000,100000,1,0,9223372036854775808,5000000000,5000000000,0,0,0,0,0,0,0,0,9223372036854775808,5000000000,5000000000,0,0,0,0,0,0,0,0
1602000,1,0,2203,0,0,tick,1602001,0,0,0,0,5000000000,1000000000,10000000000,500000000,1000000000,4611686018427387904,1000,4000,100000,1,0,9223372036854775808,5000000000,5000000000,0,0,0,0,0,0,0,0,9223372036854775808,5000000000,5000000000,0,0,0,0,0,0,0,0
1602000,1,1,2203,1,1,tick,1602001,0,0,0,0,5000000000,1000000000,10000000000,500000000,1000000000,4611686018427387904,1000,4000,100000,1,0,9223372036854775808,5000000000,5000000000,0,0,0,0,0,0,0,0,9223372036854775808,5000000000,5000000000,0,0,0,0,0,0,0,0
1603000,1,0,2206,0,0,tick,1603001,0,0,0,0,5000000000,1000000000,10000000000,500000000,1000000000,4611686018427387904,1000,4000,100000,1,0,9223372036854775808,5000000000,5000000000,0,0,0,0,0,0,0,0,9223372036854775808,5000000000,5000000000,0,0,0,0,0,0,0,0
1603000,1,1,2206,1,1,tick,1603001,0,0,0,0,5000000000,1000000000,10000000000,500000000,1000000000,4611686018427387904,1000,4000,100000,1,0,9223372036854775808,5000000000,5000000000,0,0,0,0,0,0,0,0,9223372036854775808,5000000000,5000000000,0,0,0,0,0,0,0,0
1604000,1,0,2207,0,0,tick,1604001,0,0,0,0,5000000000,1000000000,10000000000,500000000,1000000000,4611686018427387904,1000,4000,100000,1,0,9223372036854775808,5000000000,5000000000,0,0,0,0,0,0,0,0,9223372036854775808,5000000000,5000000000,0,0,0,0,0,0,0,0
1604000,1,1,2207,1,1,tick,1604001,0,0,0,0,5000000000,1000000000,10000000000,500000000,1000000000,4611686018427387904,1000,4000,100000,1,0,9223372036854775808,5000000000,5000000000,0,0,0,0,0,0,0,0,9223372036854775808,5000000000,5000000000,0,0,0,0,0,0,0,0
1605000,1,0,2208,0,0,tick,1605001,0,0,0,0,5000000000,1000000000,10000000000,500000000,1000000000,4611686018427387904,1000,4000,100000,1,0,9223372036854775808,5000000000,5000000000,0,0,0,0,0,0,0,0,9223372036854775808,5000000000,5000000000,0,0,0,0,0,0,0,0
1605000,1,1,2208,1,1,tick,1605001,0,0,0,0,5000000000,1000000000,10000000000,500000000,1000000000,4611686018427387904,1000,4000,100000,1,0,9223372036854775808,5000000000,5000000000,0,0,0,0,0,0,0,0,9223372036854775808,5000000000,5000000000,0,0,0,0,0,0,0,0
1606000,1,0,2209,0,0,tick,1606001,0,0,0,0,5000000000,1000000000,10000000000,500000000,1000000000,4611686018427387904,1000,4000,100000,1,0,9223372036854775808,5000000000,5000000000,0,0,0,0,0,0,0,0,9223372036854775808,5000000000,5000000000,0,0,0,0,0,0,0,0
1606000,1,1,2209,1,1,tick,1606001,0,0,0,0,5000000000,1000000000,10000000000,500000000,1000000000,4611686018427387904,1000,4000,100000,1,0,9223372036854775808,5000000000,5000000000,0,0,0,0,0,0,0,0,9223372036854775808,5000000000,5000000000,0,0,0,0,0,0,0,0
1607000,1,0,2210,0,0,tick,1607001,0,0,0,0,5000000000,1000000000,10000000000,500000000,1000000000,4611686018427387904,1000,4000,100000,1,0,9223372036854775808,5000000000,5000000000,0,0,0,0,0,0,0,0,9223372036854775808,5000000000,5000000000,0,0,0,0,0,0,0,0
1607000,1,1,2210,1,1,tick,1607001,0,0,0,0,5000000000,1000000000,10000000000,500000000,1000000000,4611686018427387904,1000,4000,100000,1,0,9223372036854775808,5000000000,5000000000,0,0,0,0,0,0,0,0,9223372036854775808,5000000000,5000000000,0,0,0,0,0,0,0,0
1608000,1,0,2211,0,0,tick,1608001,0,0,0,0,5000000000,1000000000,10000000000,500000000,1000000000,4611686018427387904,1000,4000,100000,1,0,9223372036854775808,5000000000,5000000000,0,0,0,0,0,0,0,0,9223372036854775808,5000000000,5000000000,0,0,0,0,0,0,0,0
1608000,1,1,2211,1,1,tick,1608001,0,0,0,0,5000000000,1000000000,10000000000,500000000,1000000000,4611686018427387904,1000,4000,100000,1,0,9223372036854775808,5000000000,5000000000,0,0,0,0,0,0,0,0,9223372036854775808,5000000000,5000000000,0,0,0,0,0,0,0,0
1609000,1,0,2212,0,0,tick,1609001,0,0,0,0,5000000000,1000000000,10000000000,500000000,1000000000,4611686018427387904,1000,4000,100000,1,0,9223372036854775808,5000000000,5000000000,0,0,0,0,0,0,0,0,9223372036854775808,5000000000,5000000000,0,0,0,0,0,0,0,0
1609000,1,1,2212,1,1,tick,1609001,0,0,0,0,5000000000,1000000000,10000000000,500000000,1000000000,4611686018427387904,1000,4000,100000,1,0,9223372036854775808,5000000000,5000000000,0,0,0,0,0,0,0,0,9223372036854775808,5000000000,5000000000,0,0,0,0,0,0,0,0
1610000,1,0,2214,0,0,tick,1610001,0,0,0,0,5000000000,1000000000,10000000000,500000000,1000000000,4611686018427387904,1000,4000,100000,1,0,9223372036854775808,5000000000,5000000000,0,0,0,0,0,0,0,0,9223372036854775808,5000000000,5000000000,0,0,0,0,0,0,0,0
1610000,1,1,2214,1,1,tick,1610001,0,0,0,0,5000000000,1000000000,10000000000,500000000,1000000000,4611686018427387904,1000,4000,100000,1,0,9223372036854775808,5000000000,5000000000,0,0,0,0,0,0,0,0,9223372036854775808,5000000000,5000000000,0,0,0,0,0,0,0,0
1611000,1,0,2217,0,0,tick,1611001,0,0,0,0,5000000000,1000000000,10000000000,500000000,1000000000,4611686018427387904,1000,4000,100000,1,0,9223372036854775808,5000000000,5000000000,0,0,0,0,0,0,0,0,9223372036854775808,5000000000,5000000000,0,0,0,0,0,0,0,0
1611000,1,1,2217,1,1,tick,1611001,0,0,0,0,5000000000,1000000000,10000000000,500000000,1000000000,4611686018427387904,1000,4000,100000,1,0,9223372036854775808,5000000000,5000000000,0,0,0,0,0,0,0,0,9223372036854775808,5000000000,5000000000,0,0,0,0,0,0,0,0
1612000,1,0,2218,0,0,tick,1612001,0,0,0,0,5000000000,1000000000,10000000000,500000000,1000000000,4611686018427387904,1000,4000,100000,1,0,9223372036854775808,5000000000,5000000000,0,0,0,0,0,0,0,0,9223372036854775808,5000000000,5000000000,0,0,0,0,0,0,0,0
1612000,1,1,2218,1,1,tick,1612001,0,0,0,0,5000000000,1000000000,10000000000,500000000,1000000000,4611686018427387904,1000,4000,100000,1,0,9223372036854775808,5000000000,5000000000,0,0,0,0,0,0,0,0,9223372036854775808,5000000000,5000000000,0,0,0,0,0,0,0,0
1613000,1,0,2219,0,0,tick,1613001,0,0,0,0,5000000000,1000000000,10000000000,500000000,1000000000,4611686018427387904,1000,4000,100000,1,0,9223372036854775808,5000000000,5000000000,0,0,0,0,0,0,0,0,9223372036854775808,5000000000,5000000000,0,0,0,0,0,0,0,0
1613000,1,1,2219,1,1,tick,1613001,0,0,0,0,5000000000,1000000000,10000000000,500000000,1000000000,4611686018427387904,1000,4000,100000,1,0,9223372036854775808,5000000000,5000000000,0,0,0,0,0,0,0,0,9223372036854775808,5000000000,5000000000,0,0,0,0,0,0,0,0
1614000,1,0,2220,0,0,tick,1614001,0,0,0,0,5000000000,1000000000,10000000000,500000000,1000000000,4611686018427387904,1000,4000,100000,1,0,9223372036854775808,5000000000,5000000000,0,0,0,0,0,0,0,0,9223372036854775808,5000000000,5000000000,0,0,0,0,0,0,0,0
1614000,1,1,2220,1,1,tick,1614001,0,0,0,0,5000000000,1000000000,10000000000,500000000,1000000000,4611686018427387904,1000,4000,100000,1,0,9223372036854775808,5000000000,5000000000,0,0,0,0,0,0,0,0,9223372036854775808,5000000000,5000000000,0,0,0,0,0,0,0,0
1615000,1,0,2221,0,0,tick,1615001,0,0,0,0,5000000000,1000000000,10000000000,500000000,1000000000,4611686018427387904,1000,4000,100000,1,0,9223372036854775808,5000000000,5000000000,0,0,0,0,0,0,0,0,9223372036854775808,5000000000,5000000000,0,0,0,0,0,0,0,0
1615000,1,1,2221,1,1,tick,1615001,0,0,0,0,5000000000,1000000000,10000000000,500000000,1000000000,4611686018427387904,1000,4000,100000,1,0,9223372036854775808,5000000000,5000000000,0,0,0,0,0,0,0,0,9223372036854775808,5000000000,5000000000,0,0,0,0,0,0,0,0
1616000,1,0,2222,0,0,tick,1616001,0,0,0,0,5000000000,1000000000,10000000000,500000000,1000000000,4611686018427387904,1000,4000,100000,1,0,9223372036854775808,5000000000,5000000000,0,0,0,0,0,0,0,0,9223372036854775808,5000000000,5000000000,0,0,0,0,0,0,0,0
1616000,1,1,2222,1,1,tick,1616001,0,0,0,0,5000000000,1000000000,10000000000,500000000,1000000000,4611686018427387904,1000,4000,100000,1,0,9223372036854775808,5000000000,5000000000,0,0,0,0,0,0,0,0,9223372036854775808,5000000000,5000000000,0,0,0,0,0,0,0,0
1617000,1,0,2223,0,0,tick,1617001,0,0,0,0,5000000000,1000000000,10000000000,500000000,1000000000,4611686018427387904,1000,4000,100000,1,0,9223372036854775808,5000000000,5000000000,0,0,0,0,0,0,0,0,9223372036854775808,5000000000,5000000000,0,0,0,0,0,0,0,0
1617000,1,1,2223,1,1,tick,1617001,0,0,0,0,5000000000,1000000000,10000000000,500000000,1000000000,4611686018427387904,1000,4000,100000,1,0,9223372036854775808,5000000000,5000000000,0,0,0,0,0,0,0,0,9223372036854775808,5000000000,5000000000,0,0,0,0,0,0,0,0
1618000,1,0,2225,0,0,tick,1618001,0,0,0,0,5000000000,1000000000,10000000000,500000000,1000000000,4611686018427387904,1000,4000,100000,1,0,9223372036854775808,5000000000,5000000000,0,0,0,0,0,0,0,0,9223372036854775808,5000000000,5000000000,0,0,0,0,0,0,0,0
1618000,1,1,2225,1,1,tick,1618001,0,0,0,0,5000000000,1000000000,10000000000,500000000,1000000000,4611686018427387904,1000,4000,100000,1,0,9223372036854775808,5000000000,5000000000,0,0,0,0,0,0,0,0,9223372036854775808,5000000000,5000000000,0,0,0,0,0,0,0,0
1619000,1,0,2228,0,0,tick,1619001,0,0,0,0,5000000000,1000000000,10000000000,500000000,1000000000,4611686018427387904,1000,4000,100000,1,0,9223372036854775808,5000000000,5000000000,0,0,0,0,0,0,0,0,9223372036854775808,5000000000,5000000000,0,0,0,0,0,0,0,0
1619000,1,1,2228,1,1,tick,1619001,0,0,0,0,5000000000,1000000000,10000000000,500000000,1000000000,4611686018427387904,1000,4000,100000,1,0,9223372036854775808,5000000000,5000000000,0,0,0,0,0,0,0,0,9223372036854775808,5000000000,5000000000,0,0,0,0,0,0,0,0
1620000,1,0,2229,0,0,tick,1620001,0,0,0,0,5000000000,1000000000,10000000000,500000000,1000000000,4611686018427387904,1000,4000,100000,1,0,9223372036854775808,5000000000,5000000000,0,0,0,0,0,0,0,0,9223372036854775808,5000000000,5000000000,0,0,0,0,0,0,0,0
1620000,1,1,2229,1,1,tick,1620001,0,0,0,0,5000000000,1000000000,10000000000,500000000,1000000000,4611686018427387904,1000,4000,100000,1,0,9223372036854775808,5000000000,5000000000,0,0,0,0,0,0,0,0,9223372036854775808,5000000000,5000000000,0,0,0,0,0,0,0,0
1621000,1,0,2230,0,0,tick,1621001,0,0,0,0,5000000000,1000000000,10000000000,500000000,1000000000,4611686018427387904,1000,4000,100000,1,0,9223372036854775808,5000000000,5000000000,0,0,0,0,0,0,0,0,9223372036854775808,5000000000,5000000000,0,0,0,0,0,0,0,0
1621000,1,1,2230,1,1,tick,1621001,0,0,0,0,5000000000,1000000000,10000000000,500000000,1000000000,4611686018427387904,1000,4000,100000,1,0,9223372036854775808,5000000000,5000000000,0,0,0,0,0,0,0,0,9223372036854775808,5000000000,5000000000,0,0,0,0,0,0,0,0
1622000,1,0,2231,0,0,tick,1622001,0,0,0,0,5000000000,1000000000,10000000000,500000000,1000000000,4611686018427387904,1000,4000,100000,1,0,9223372036854775808,5000000000,5000000000,0,0,0,0,0,0,0,0,9223372036854775808,5000000000,5000000000,0,0,0,0,0,0,0,0
1622000,1,1,2231,1,1,tick,1622001,0,0,0,0,5000000000,1000000000,10000000000,500000000,1000000000,4611686018427387904,1000,4000,100000,1,0,9223372036854775808,5000000000,5000000000,0,0,0,0,0,0,0,0,9223372036854775808,5000000000,5000000000,0,0,0,0,0,0,0,0
1623000,1,0,2232,0,0,tick,1623001,0,0,0,0,5000000000,1000000000,10000000000,500000000,1000000000,4611686018427387904,1000,4000,100000,1,0,9223372036854775808,5000000000,5000000000,0,0,0,0,0,0,0,0,9223372036854775808,5000000000,5000000000,0,0,0,0,0,0,0,0
1623000,1,1,2232,1,1,tick,1623001,0,0,0,0,5000000000,1000000000,10000000000,500000000,1000000000,4611686018427387904,1000,4000,100000,1,0,9223372036854775808,5000000000,5000000000,0,0,0,0,0,0,0,0,9223372036854775808,5000000000,5000000000,0,0,0,0,0,0,0,0
1624000,1,0,2233,0,0,tick,1624001,0,0,0,0,5000000000,1000000000,10000000000,500000000,1000000000,4611686018427387904,1000,4000,100000,1,0,9223372036854775808,5000000000,5000000000,0,0,0,0,0,0,0,0,9223372036854775808,5000000000,5000000000,0,0,0,0,0,0,0,0
1624000,1,1,2233,1,1,tick,1624001,0,0,0,0,5000000000,1000000000,10000000000,500000000,1000000000,4611686018427387904,1000,4000,100000,1,0,9223372036854775808,5000000000,5000000000,0,0,0,0,0,0,0,0,9223372036854775808,5000000000,5000000000,0,0,0,0,0,0,0,0
1625000,1,0,2234,0,0,tick,1625001,0,0,0,0,5000000000,1000000000,10000000000,500000000,1000000000,4611686018427387904,1000,4000,100000,1,0,9223372036854775808,5000000000,5000000000,0,0,0,0,0,0,0,0,9223372036854775808,5000000000,5000000000,0,0,0,0,0,0,0,0
1625000,1,1,2234,1,1,tick,1625001,0,0,0,0,5000000000,1000000000,10000000000,500000000,1000000000,4611686018427387904,1000,4000,100000,1,0,9223372036854775808,5000000000,5000000000,0,0,0,0,0,0,0,0,9223372036854775808,5000000000,5000000000,0,0,0,0,0,0,0,0
1626000,1,0,2236,0,0,tick,1626001,0,0,0,0,5000000000,1000000000,10000000000,500000000,1000000000,4611686018427387904,1000,4000,100000,1,0,9223372036854775808,5000000000,5000000000,0,0,0,0,0,0,0,0,9223372036854775808,5000000000,5000000000,0,0,0,0,0,0,0,0
1626000,1,1,2236,1,1,tick,1626001,0,0,0,0,5000000000,1000000000,10000000000,500000000,1000000000,4611686018427387904,1000,4000,100000,1,0,9223372036854775808,5000000000,5000000000,0,0,0,0,0,0,0,0,9223372036854775808,5000000000,5000000000,0,0,0,0,0,0,0,0
1627000,1,0,2239,0,0,tick,1627001,0,0,0,0,5000000000,1000000000,10000000000,500000000,1000000000,4611686018427387904,1000,4000,100000,1,0,9223372036854775808,5000000000,5000000000,0,0,0,0,0,0,0,0,9223372036854775808,5000000000,5000000000,0,0,0,0,0,0,0,0
1627000,1,1,2239,1,1,tick,1627001,0,0,0,0,5000000000,1000000000,10000000000,500000000,1000000000,4611686018427387904,1000,4000,100000,1,0,9223372036854775808,5000000000,5000000000,0,0,0,0,0,0,0,0,9223372036854775808,5000000000,5000000000,0,0,0,0,0,0,0,0
1628000,1,0,2240,0,0,tick,1628001,0,0,0,0,5000000000,1000000000,10000000000,500000000,1000000000,4611686018427387904,1000,4000,100000,1,0,9223372036854775808,5000000000,5000000000,0,0,0,0,0,0,0,0,9223372036854775808,5000000000,5000000000,0,0,0,0,0,0,0,0
1628000,1,1,2240,1,1,tick,1628001,0,0,0,0,5000000000,1000000000,10000000000,500000000,1000000000,4611686018427387904,1000,4000,100000,1,0,9223372036854775808,5000000000,5000000000,0,0,0,0,0,0,0,0,9223372036854775808,5000000000,5000000000,0,0,0,0,0,0,0,0
1629000,1,0,2241,0,0,tick,1629001,0,0,0,0,5000000000,1000000000,10000000000,500000000,1000000000,4611686018427387904,1000,4000,100000,1,0,9223372036854775808,5000000000,5000000000,0,0,0,0,0,0,0,0,9223372036854775808,5000000000,5000000000,0,0,0,0,0,0,0,0
1629000,1,1,2241,1,1,tick,1629001,0,0,0,0,5000000000,1000000000,10000000000,500000000,1000000000,4611686018427387904,1000,4000,100000,1,0,9223372036854775808,5000000000,5000000000,0,0,0,0,0,0,0,0,9223372036854775808,5000000000,5000000000,0,0,0,0,0,0,0,0
1630000,1,0,2242,0,0,tick,1630001,0,0,0,0,5000000000,1000000000,10000000000,500000000,1000000000,4611686018427387904,1000,4000,100000,1,0,9223372036854775808,5000000000,5000000000,0,0,0,0,0,0,0,0,9223372036854775808,5000000000,5000000000,0,0,0,0,0,0,0,0
1630000,1,1,2242,1,1,tick,1630001,0,0,0,0,5000000000,1000000000,10000000000,500000000,1000000000,4611686018427387904,1000,4000,100000,1,0,9223372036854775808,5000000000,5000000000,0,0,0,0,0,0,0,0,9223372036854775808,5000000000,5000000000,0,0,0,0,0,0,0,0
1631000,1,0,2243,0,0,tick,1631001,0,0,0,0,5000000000,1000000000,10000000000,500000000,1000000000,4611686018427387904,1000,4000,100000,1,0,9223372036854775808,5000000000,5000000000,0,0,0,0,0,0,0,0,9223372036854775808,5000000000,5000000000,0,0,0,0,0,0,0,0
1631000,1,1,2243,1,1,tick,1631001,0,0,0,0,5000000000,1000000000,10000000000,500000000,1000000000,4611686018427387904,1000,4000,100000,1,0,9223372036854775808,5000000000,5000000000,0,0,0,0,0,0,0,0,9223372036854775808,5000000000,5000000000,0,0,0,0,0,0,0,0
1632000,1,0,2244,0,0,tick,1632001,0,0,0,0,5000000000,1000000000,10000000000,500000000,1000000000,4611686018427387904,1000,4000,100000,1,0,9223372036854775808,5000000000,5000000000,0,0,0,0,0,0,0,0,9223372036854775808,5000000000,5000000000,0,0,0,0,0,0,0,0
1632000,1,1,2244,1,1,tick,1632001,0,0,0,0,5000000000,1000000000,10000000000,500000000,1000000000,4611686018427387904,1000,4000,100000,1,0,9223372036854775808,5000000000,5000000000,0,0,0,0,0,0,0,0,9223372036854775808,5000000000,5000000000,0,0,0,0,0,0,0,0
1633000,1,0,2245,0,0,tick,1633001,0,0,0,0,5000000000,1000000000,10000000000,500000000,1000000000,4611686018427387904,1000,4000,100000,1,0,9223372036854775808,5000000000,5000000000,0,0,0,0,0,0,0,0,9223372036854775808,5000000000,5000000000,0,0,0,0,0,0,0,0
1633000,1,1,2245,1,1,tick,1633001,0,0,0,0,5000000000,1000000000,10000000000,500000000,1000000000,4611686018427387904,1000,4000,100000,1,0,9223372036854775808,5000000000,5000000000,0,0,0,0,0,0,0,0,9223372036854775808,5000000000,5000000000,0,0,0,0,0,0,0,0
1634000,1,0,2247,0,0,tick,1634001,0,0,0,0,5000000000,1000000000,10000000000,500000000,1000000000,4611686018427387904,1000,4000,100000,1,0,9223372036854775808,5000000000,5000000000,0,0,0,0,0,0,0,0,9223372036854775808,5000000000,5000000000,0,0,0,0,0,0,0,0
1634000,1,1,2247,1,1,tick,1634001,0,0,0,0,5000000000,1000000000,10000000000,500000000,1000000000,4611686018427387904,1000,4000,100000,1,0,9223372036854775808,5000000000,5000000000,0,0,0,0,0,0,0,0,9223372036854775808,5000000000,5000000000,0,0,0,0,0,0,0,0
1635000,1,0,2250,0,0,tick,1635001,0,0,0,0,5000000000,1000000000,10000000000,500000000,1000000000,4611686018427387904,1000,4000,100000,1,0,9223372036854775808,5000000000,5000000000,0,0,0,0,0,0,0,0,9223372036854775808,5000000000,5000000000,0,0,0,0,0,0,0,0
1635000,1,1,2250,1,1,tick,1635001,0,0,0,0,5000000000,1000000000,10000000000,500000000,1000000000,4611686018427387904,1000,4000,100000,1,0,9223372036854775808,5000000000,5000000000,0,0,0,0,0,0,0,0,9223372036854775808,5000000000,5000000000,0,0,0,0,0,0,0,0
1636000,1,0,2251,0,0,tick,1636001,0,0,0,0,5000000000,1000000000,10000000000,500000000,1000000000,4611686018427387904,1000,4000,100000,1,0,9223372036854775808,5000000000,5000000000,0,0,0,0,0,0,0,0,9223372036854775808,5000000000,5000000000,0,0,0,0,0,0,0,0
1636000,1,1,2251,1,1,tick,1636001,0,0,0,0,5000000000,1000000000,10000000000,500000000,1000000000,4611686018427387904,1000,4000,100000,1,0,9223372036854775808,5000000000,5000000000,0,0,0,0,0,0,0,0,9223372036854775808,5000000000,5000000000,0,0,0,0,0,0,0,0
1637000,1,0,2252,0,0,tick,1637001,0,0,0,0,5000000000,1000000000,10000000000,500000000,1000000000,4611686018427387904,1000,4000,100000,1,0,9223372036854775808,5000000000,5000000000,0,0,0,0,0,0,0,0,9223372036854775808,5000000000,5000000000,0,0,0,0,0,0,0,0
1637000,1,1,2252,1,1,tick,1637001,0,0,0,0,5000000000,1000000000,10000000000,500000000,1000000000,4611686018427387904,1000,4000,100000,1,0,9223372036854775808,5000000000,5000000000,0,0,0,0,0,0,0,0,9223372036854775808,5000000000,5000000000,0,0,0,0,0,0,0,0
1638000,1,0,2253,0,0,tick,1638001,0,0,0,0,5000000000,1000000000,10000000000,500000000,1000000000,4611686018427387904,1000,4000,100000,1,0,9223372036854775808,5000000000,5000000000,0,0,0,0,0,0,0,0,9223372036854775808,5000000000,5000000000,0,0,0,0,0,0,0,0
1638000,1,1,2253,1,1,tick,1638001,0,0,0,0,5000000000,1000000000,10000000000,500000000,1000000000,4611686018427387904,1000,4000,100000,1,0,9223372036854775808,5000000000,5000000000,0,0,0,0,0,0,0,0,9223372036854775808,5000000000,5000000000,0,0,0,0,0,0,0,0
1639000,1,0,2254,0,0,tick,1639001,0,0,0,0,5000000000,1000000000,10000000000,500000000,1000000000,4611686018427387904,1000,4000,100000,1,0,9223372036854775808,5000000000,5000000000,0,0,0,0,0,0,0,0,9223372036854775808,5000000000,5000000000,0,0,0,0,0,0,0,0
1639000,1,1,2254,1,1,tick,1639001,0,0,0,0,5000000000,1000000000,10000000000,500000000,1000000000,4611686018427387904,1000,4000,100000,1,0,9223372036854775808,5000000000,5000000000,0,0,0,0,0,0,0,0,9223372036854775808,5000000000,5000000000,0,0,0,0,0,0,0,0
1640000,1,0,2255,0,0,tick,1640001,0,0,0,0,5000000000,1000000000,10000000000,500000000,1000000000,4611686018427387904,1000,4000,100000,1,0,9223372036854775808,5000000000,5000000000,0,0,0,0,0,0,0,0,9223372036854775808,5000000000,5000000000,0,0,0,0,0,0,0,0
1640000,1,1,2255,1,1,tick,1640001,0,0,0,0,5000000000,1000000000,10000000000,500000000,1000000000,4611686018427387904,1000,4000,100000,1,0,9223372036854775808,5000000000,5000000000,0,0,0,0,0,0,0,0,9223372036854775808,5000000000,5000000000,0,0,0,0,0,0,0,0
1641000,1,0,2256,0,0,tick,1641001,0,0,0,0,5000000000,1000000000,10000000000,500000000,1000000000,4611686018427387904,1000,4000,100000,1,0,9223372036854775808,5000000000,5000000000,0,0,0,0,0,0,0,0,9223372036854775808,5000000000,5000000000,0,0,0,0,0,0,0,0
1641000,1,1,2256,1,1,tick,1641001,0,0,0,0,5000000000,1000000000,10000000000,500000000,1000000000,4611686018427387904,1000,4000,100000,1,0,9223372036854775808,5000000000,5000000000,0,0,0,0,0,0,0,0,9223372036854775808,5000000000,5000000000,0,0,0,0,0,0,0,0
1642000,1,0,2258,0,0,tick,1642001,0,0,0,0,5000000000,1000000000,10000000000,500000000,1000000000,4611686018427387904,1000,4000,100000,1,0,9223372036854775808,5000000000,5000000000,0,0,0,0,0,0,0,0,9223372036854775808,5000000000,5000000000,0,0,0,0,0,0,0,0
1642000,1,1,2258,1,1,tick,1642001,0,0,0,0,5000000000,1000000000,10000000000,500000000,1000000000,4611686018427387904,1000,4000,100000,1,0,9223372036854775808,5000000000,5000000000,0,0,0,0,0,0,0,0,9223372036854775808,5000000000,5000000000,0,0,0,0,0,0,0,0
1643000,1,0,2261,0,0,tick,1643001,0,0,0,0,5000000000,1000000000,10000000000,500000000,1000000000,4611686018427387904,1000,4000,100000,1,0,9223372036854775808,5000000000,5000000000,0,0,0,0,0,0,0,0,9223372036854775808,5000000000,5000000000,0,0,0,0,0,0,0,0
1643000,1,1,2261,1,1,tick,1643001,0,0,0,0,5000000000,1000000000,10000000000,500000000,1000000000,4611686018427387904,1000,4000,100000,1,0,9223372036854775808,5000000000,5000000000,0,0,0,0,0,0,0,0,9223372036854775808,5000000000,5000000000,0,0,0,0,0,0,0,0
1644000,1,0,2262,0,0,tick,1644001,0,0,0,0,5000000000,1000000000,10000000000,500000000,1000000000,4611686018427387904,1000,4000,100000,1,0,9223372036854775808,5000000000,5000000000,0,0,0,0,0,0,0,0,9223372036854775808,5000000000,5000000000,0,0,0,0,0,0,0,0
1644000,1,1,2262,1,1,tick,1644001,0,0,0,0,5000000000,1000000000,10000000000,500000000,1000000000,4611686018427387904,1000,4000,100000,1,0,9223372036854775808,5000000000,5000000000,0,0,0,0,0,0,0,0,9223372036854775808,5000000000,5000000000,0,0,0,0,0,0,0,0
1645000,1,0,2263,0,0,tick,1645001,0,0,0,0,5000000000,1000000000,10000000000,500000000,1000000000,4611686018427387904,1000,4000,100000,1,0,9223372036854775808,5000000000,5000000000,0,0,0,0,0,0,0,0,9223372036854775808,5000000000,5000000000,0,0,0,0,0,0,0,0
1645000,1,1,2263,1,1,tick,1645001,0,0,0,0,5000000000,1000000000,10000000000,500000000,1000000000,4611686018427387904,1000,4000,100000,1,0,9223372036854775808,5000000000,5000000000,0,0,0,0,0,0,0,0,9223372036854775808,5000000000,5000000000,0,0,0,0,0,0,0,0
1646000,1,0,2264,0,0,tick,1646001,0,0,0,0,5000000000,1000000000,10000000000,500000000,1000000000,4611686018427387904,1000,4000,100000,1,0,9223372036854775808,5000000000,5000000000,0,0,0,0,0,0,0,0,9223372036854775808,5000000000,5000000000,0,0,0,0,0,0,0,0
1646000,1,1,2264,1,1,tick,1646001,0,0,0,0,5000000000,1000000000,10000000000,500000000,1000000000,4611686018427387904,1000,4000,100000,1,0,9223372036854775808,5000000000,5000000000,0,0,0,0,0,0,0,0,9223372036854775808,5000000000,5000000000,0,0,0,0,0,0,0,0
1647000,1,0,2265,0,0,tick,1647001,0,0,0,0,5000000000,1000000000,10000000000,500000000,1000000000,4611686018427387904,1000,4000,100000,1,0,9223372036854775808,5000000000,5000000000,0,0,0,0,0,0,0,0,9223372036854775808,5000000000,5000000000,0,0,0,0,0,0,0,0
1647000,1,1,2265,1,1,tick,1647001,0,0,0,0,5000000000,1000000000,10000000000,500000000,1000000000,4611686018427387904,1000,4000,100000,1,0,9223372036854775808,5000000000,5000000000,0,0,0,0,0,0,0,0,9223372036854775808,5000000000,5000000000,0,0,0,0,0,0,0,0
1648000,1,0,2266,0,0,tick,1648001,0,0,0,0,5000000000,1000000000,10000000000,500000000,1000000000,4611686018427387904,1000,4000,100000,1,0,9223372036854775808,5000000000,5000000000,0,0,0,0,0,0,0,0,9223372036854775808,5000000000,5000000000,0,0,0,0,0,0,0,0
1648000,1,1,2266,1,1,tick,1648001,0,0,0,0,5000000000,1000000000,10000000000,500000000,1000000000,4611686018427387904,1000,4000,100000,1,0,9223372036854775808,5000000000,5000000000,0,0,0,0,0,0,0,0,9223372036854775808,5000000000,5000000000,0,0,0,0,0,0,0,0
1649000,1,0,2267,0,0,tick,1649001,0,0,0,0,5000000000,1000000000,10000000000,500000000,1000000000,4611686018427387904,1000,4000,100000,1,0,9223372036854775808,5000000000,5000000000,0,0,0,0,0,0,0,0,9223372036854775808,5000000000,5000000000,0,0,0,0,0,0,0,0
1649000,1,1,2267,1,1,tick,1649001,0,0,0,0,5000000000,1000000000,10000000000,500000000,1000000000,4611686018427387904,1000,4000,100000,1,0,9223372036854775808,5000000000,5000000000,0,0,0,0,0,0,0,0,9223372036854775808,5000000000,5000000000,0,0,0,0,0,0,0,0
1650000,1,0,2269,0,0,tick,1650001,0,0,0,0,5000000000,1000000000,10000000000,500000000,1000000000,4611686018427387904,1000,4000,100000,1,0,9223372036854775808,5000000000,5000000000,0,0,0,0,0,0,0,0,9223372036854775808,5000000000,5000000000,0,0,0,0,0,0,0,0
1650000,1,1,2269,1,1,tick,1650001,0,0,0,0,5000000000,1000000000,10000000000,500000000,1000000000,4611686018427387904,1000,4000,100000,1,0,9223372036854775808,5000000000,5000000000,0,0,0,0,0,0,0,0,9223372036854775808,5000000000,5000000000,0,0,0,0,0,0,0,0
1651000,1,0,2272,0,0,tick,1651001,0,0,0,0,5000000000,1000000000,10000000000,500000000,1000000000,4611686018427387904,1000,4000,100000,1,0,9223372036854775808,5000000000,5000000000,0,0,0,0,0,0,0,0,9223372036854775808,5000000000,5000000000,0,0,0,0,0,0,0,0
1651000,1,1,2272,1,1,tick,1651001,0,0,0,0,5000000000,1000000000,10000000000,500000000,1000000000,4611686018427387904,1000,4000,100000,1,0,9223372036854775808,5000000000,5000000000,0,0,0,0,0,0,0,0,9223372036854775808,5000000000,5000000000,0,0,0,0,0,0,0,0
1652000,1,0,2273,0,0,tick,1652001,0,0,0,0,5000000000,1000000000,10000000000,500000000,1000000000,4611686018427387904,1000,4000,100000,1,0,9223372036854775808,5000000000,5000000000,0,0,0,0,0,0,0,0,9223372036854775808,5000000000,5000000000,0,0,0,0,0,0,0,0
1652000,1,1,2273,1,1,tick,1652001,0,0,0,0,5000000000,1000000000,10000000000,500000000,1000000000,4611686018427387904,1000,4000,100000,1,0,9223372036854775808,5000000000,5000000000,0,0,0,0,0,0,0,0,9223372036854775808,5000000000,5000000000,0,0,0,0,0,0,0,0
1653000,1,0,2274,0,0,tick,1653001,0,0,0,0,5000000000,1000000000,10000000000,500000000,1000000000,4611686018427387904,1000,4000,100000,1,0,9223372036854775808,5000000000,5000000000,0,0,0,0,0,0,0,0,9223372036854775808,5000000000,5000000000,0,0,0,0,0,0,0,0
1653000,1,1,2274,1,1,tick,1653001,0,0,0,0,5000000000,1000000000,10000000000,500000000,1000000000,4611686018427387904,1000,4000,100000,1,0,9223372036854775808,5000000000,5000000000,0,0,0,0,0,0,0,0,9223372036854775808,5000000000,5000000000,0,0,0,0,0,0,0,0
1654000,1,0,2275,0,0,tick,1654001,0,0,0,0,5000000000,1000000000,10000000000,500000000,1000000000,4611686018427387904,1000,4000,100000,1,0,9223372036854775808,5000000000,5000000000,0,0,0,0,0,0,0,0,9223372036854775808,5000000000,5000000000,0,0,0,0,0,0,0,0
1654000,1,1,2275,1,1,tick,1654001,0,0,0,0,5000000000,1000000000,10000000000,500000000,1000000000,4611686018427387904,1000,4000,100000,1,0,9223372036854775808,5000000000,5000000000,0,0,0,0,0,0,0,0,9223372036854775808,5000000000,5000000000,0,0,0,0,0,0,0,0
1655000,1,0,2276,0,0,tick,1655001,0,0,0,0,5000000000,1000000000,10000000000,500000000,1000000000,4611686018427387904,1000,4000,100000,1,0,9223372036854775808,5000000000,5000000000,0,0,0,0,0,0,0,0,9223372036854775808,5000000000,5000000000,0,0,0,0,0,0,0,0
1655000,1,1,2276,1,1,tick,1655001,0,0,0,0,5000000000,1000000000,10000000000,500000000,1000000000,4611686018427387904,1000,4000,100000,1,0,9223372036854775808,5000000000,5000000000,0,0,0,0,0,0,0,0,9223372036854775808,5000000000,5000000000,0,0,0,0,0,0,0,0
1656000,1,0,2277,0,0,tick,1656001,0,0,0,0,5000000000,1000000000,10000000000,500000000,1000000000,4611686018427387904,1000,4000,100000,1,0,9223372036854775808,5000000000,5000000000,0,0,0,0,0,0,0,0,9223372036854775808,5000000000,5000000000,0,0,0,0,0,0,0,0
1656000,1,1,2277,1,1,tick,1656001,0,0,0,0,5000000000,1000000000,10000000000,500000000,1000000000,4611686018427387904,1000,4000,100000,1,0,9223372036854775808,5000000000,5000000000,0,0,0,0,0,0,0,0,9223372036854775808,5000000000,5000000000,0,0,0,0,0,0,0,0
1657000,1,0,2278,0,0,tick,1657001,0,0,0,0,5000000000,1000000000,10000000000,500000000,1000000000,4611686018427387904,1000,4000,100000,1,0,9223372036854775808,5000000000,5000000000,0,0,0,0,0,0,0,0,9223372036854775808,5000000000,5000000000,0,0,0,0,0,0,0,0
1657000,1,1,2278,1,1,tick,1657001,0,0,0,0,5000000000,1000000000,10000000000,500000000,1000000000,4611686018427387904,1000,4000,100000,1,0,9223372036854775808,5000000000,5000000000,0,0,0,0,0,0,0,0,9223372036854775808,5000000000,5000000000,0,0,0,0,0,0,0,0
1658000,1,0,2280,0,0,tick,1658001,0,0,0,0,5000000000,1000000000,10000000000,500000000,1000000000,4611686018427387904,1000,4000,100000,1,0,9223372036854775808,5000000000,5000000000,0,0,0,0,0,0,0,0,9223372036854775808,5000000000,5000000000,0,0,0,0,0,0,0,0
1658000,1,1,2280,1,1,tick,1658001,0,0,0,0,5000000000,1000000000,10000000000,500000000,1000000000,4611686018427387904,1000,4000,100000,1,0,9223372036854775808,5000000000,5000000000,0,0,0,0,0,0,0,0,9223372036854775808,5000000000,5000000000,0,0,0,0,0,0,0,0
1659000,1,0,2283,0,0,tick,1659001,0,0,0,0,5000000000,1000000000,10000000000,500000000,1000000000,4611686018427387904,1000,4000,100000,1,0,9223372036854775808,5000000000,5000000000,0,0,0,0,0,0,0,0,9223372036854775808,5000000000,5000000000,0,0,0,0,0,0,0,0
1659000,1,1,2283,1,1,tick,1659001,0,0,0,0,5000000000,1000000000,10000000000,500000000,1000000000,4611686018427387904,1000,4000,100000,1,0,9223372036854775808,5000000000,5000000000,0,0,0,0,0,0,0,0,9223372036854775808,5000000000,5000000000,0,0,0,0,0,0,0,0
1660000,1,0,2284,0,0,tick,1660001,0,0,0,0,5000000000,1000000000,10000000000,500000000,1000000000,4611686018427387904,1000,4000,100000,1,0,9223372036854775808,5000000000,5000000000,0,0,0,0,0,0,0,0,9223372036854775808,5000000000,5000000000,0,0,0,0,0,0,0,0
1660000,1,1,2284,1,1,tick,1660001,0,0,0,0,5000000000,1000000000,10000000000,500000000,1000000000,4611686018427387904,1000,4000,100000,1,0,9223372036854775808,5000000000,5000000000,0,0,0,0,0,0,0,0,9223372036854775808,5000000000,5000000000,0,0,0,0,0,0,0,0
1661000,1,0,2285,0,0,tick,1661001,0,0,0,0,5000000000,1000000000,10000000000,500000000,1000000000,4611686018427387904,1000,4000,100000,1,0,9223372036854775808,5000000000,5000000000,0,0,0,0,0,0,0,0,9223372036854775808,5000000000,5000000000,0,0,0,0,0,0,0,0
1661000,1,1,2285,1,1,tick,1661001,0,0,0,0,5000000000,1000000000,10000000000,500000000,1000000000,4611686018427387904,1000,4000,100000,1,0,9223372036854775808,5000000000,5000000000,0,0,0,0,0,0,0,0,9223372036854775808,5000000000,5000000000,0,0,0,0,0,0,0,0
1662000,1,0,2286,0,0,tick,1662001,0,0,0,0,5000000000,1000000000,10000000000,500000000,1000000000,4611686018427387904,1000,4000,100000,1,0,9223372036854775808,5000000000,5000000000,0,0,0,0,0,0,0,0,9223372036854775808,5000000000,5000000000,0,0,0,0,0,0,0,0
1662000,1,1,2286,1,1,tick,1662001,0,0,0,0,5000000000,1000000000,10000000000,500000000,1000000000,4611686018427387904,1000,4000,100000,1,0,9223372036854775808,5000000000,5000000000,0,0,0,0,0,0,0,0,9223372036854775808,5000000000,5000000000,0,0,0,0,0,0,0,0
1663000,1,0,2287,0,0,tick,1663001,0,0,0,0,5000000000,1000000000,10000000000,500000000,1000000000,4611686018427387904,1000,4000,100000,1,0,9223372036854775808,5000000000,5000000000,0,0,0,0,0,0,0,0,9223372036854775808,5000000000,5000000000,0,0,0,0,0,0,0,0
1663000,1,1,2287,1,1,tick,1663001,0,0,0,0,5000000000,1000000000,10000000000,500000000,1000000000,4611686018427387904,1000,4000,100000,1,0,9223372036854775808,5000000000,5000000000,0,0,0,0,0,0,0,0,9223372036854775808,5000000000,5000000000,0,0,0,0,0,0,0,0
1664000,1,0,2288,0,0,tick,1664001,0,0,0,0,5000000000,1000000000,10000000000,500000000,1000000000,4611686018427387904,1000,4000,100000,1,0,9223372036854775808,5000000000,5000000000,0,0,0,0,0,0,0,0,9223372036854775808,5000000000,5000000000,0,0,0,0,0,0,0,0
1664000,1,1,2288,1,1,tick,1664001,0,0,0,0,5000000000,1000000000,10000000000,500000000,1000000000,4611686018427387904,1000,4000,100000,1,0,9223372036854775808,5000000000,5000000000,0,0,0,0,0,0,0,0,9223372036854775808,5000000000,5000000000,0,0,0,0,0,0,0,0
1665000,1,0,2289,0,0,tick,1665001,0,0,0,0,5000000000,1000000000,10000000000,500000000,1000000000,4611686018427387904,1000,4000,100000,1,0,9223372036854775808,5000000000,5000000000,0,0,0,0,0,0,0,0,9223372036854775808,5000000000,5000000000,0,0,0,0,0,0,0,0
1665000,1,1,2289,1,1,tick,1665001,0,0,0,0,5000000000,1000000000,10000000000,500000000,1000000000,4611686018427387904,1000,4000,100000,1,0,9223372036854775808,5000000000,5000000000,0,0,0,0,0,0,0,0,9223372036854775808,5000000000,5000000000,0,0,0,0,0,0,0,0
1666000,1,0,2291,0,0,tick,1666001,0,0,0,0,5000000000,1000000000,10000000000,500000000,1000000000,4611686018427387904,1000,4000,100000,1,0,9223372036854775808,5000000000,5000000000,0,0,0,0,0,0,0,0,9223372036854775808,5000000000,5000000000,0,0,0,0,0,0,0,0
1666000,1,1,2291,1,1,tick,1666001,0,0,0,0,5000000000,1000000000,10000000000,500000000,1000000000,4611686018427387904,1000,4000,100000,1,0,9223372036854775808,5000000000,5000000000,0,0,0,0,0,0,0,0,9223372036854775808,5000000000,5000000000,0,0,0,0,0,0,0,0
1666536,0,6,2,1,1,feedback,1666536,0,0,0,0,5000000000,1000000000,10000000000,500000000,1000000000,4611686018427387904,1000,4000,100000,1,0,9223372036854775808,5000000000,5000000000,0,0,0,0,0,0,0,0,9223372036854775808,5000000000,5000000000,1667536,1670537,0,0,1,0,1,0
1667000,1,0,2294,0,0,tick,1667001,0,0,0,0,5000000000,1000000000,10000000000,500000000,1000000000,4611686018427387904,1000,4000,100000,1,0,9223372036854775808,5000000000,5000000000,0,0,0,0,0,0,0,0,9223372036854775808,5000000000,5000000000,0,0,0,0,0,0,0,0
1667000,1,1,2294,1,1,tick,1667001,0,0,0,0,5000000000,1000000000,10000000000,500000000,1000000000,4611686018427387904,1000,4000,100000,1,0,9223372036854775808,5000000000,5000000000,1667536,1670537,0,0,1,0,1,0,9223372036854775808,5000000000,5000000000,1667536,1670537,0,0,1,0,1,0
1667560,0,4,2,0,0,feedback,1667560,0,0,0,0,5000000000,1000000000,10000000000,500000000,1000000000,4611686018427387904,1000,4000,100000,1,0,9223372036854775808,5000000000,5000000000,0,0,0,0,0,0,0,0,9223372036854775808,5000000000,5000000000,1668560,1671561,0,0,1,0,1,0
1668000,1,0,2295,0,0,tick,1668001,0,0,0,0,5000000000,1000000000,10000000000,500000000,1000000000,4611686018427387904,1000,4000,100000,1,0,9223372036854775808,5000000000,5000000000,1668560,1671561,0,0,1,0,1,0,9223372036854775808,5000000000,5000000000,1668560,1671561,0,0,1,0,1,0
1668000,1,1,2295,1,1,tick,1668001,0,0,0,0,5000000000,1000000000,10000000000,500000000,1000000000,4611686018427387904,1000,4000,100000,1,0,9223372036854775808,5000000000,5000000000,1667536,1670537,0,0,1,0,1,0,9223372036854775808,5000000000,5000000000,1667536,1670537,0,0,1,0,1,0
1669000,1,0,2296,0,0,tick,1669001,0,0,0,0,5000000000,1000000000,10000000000,500000000,1000000000,4611686018427387904,1000,4000,100000,1,0,9223372036854775808,5000000000,5000000000,1668560,1671561,0,0,1,0,1,0,9223372036854775808,5000000000,5000000000,1668560,1671561,0,0,1,0,1,0
1669000,1,1,2296,1,1,tick,1669001,0,0,0,0,5000000000,1000000000,10000000000,500000000,1000000000,4611686018427387904,1000,4000,100000,1,0,9223372036854775808,5000000000,5000000000,1667536,1670537,0,0,1,0,1,0,9223372036854775808,5000000000,5000000000,1667536,1670537,0,0,1,0,1,0
1670000,1,0,2297,0,0,tick,1670001,0,0,0,0,5000000000,1000000000,10000000000,500000000,1000000000,4611686018427387904,1000,4000,100000,1,0,9223372036854775808,5000000000,5000000000,1668560,1671561,0,0,1,0,1,0,9223372036854775808,5000000000,5000000000,1668560,1671561,0,0,1,0,1,0
1670000,1,1,2297,1,1,tick,1670001,0,0,0,0,5000000000,1000000000,10000000000,500000000,1000000000,4611686018427387904,1000,4000,100000,1,0,9223372036854775808,5000000000,5000000000,1667536,1670537,0,0,1,0,1,0,9223372036854775808,5000000000,5000000000,1667536,1670537,0,0,1,0,1,0
1671000,1,0,2298,0,0,tick,1671001,0,0,0,0,5000000000,1000000000,10000000000,500000000,1000000000,4611686018427387904,1000,4000,100000,1,0,9223372036854775808,5000000000,5000000000,1668560,1671561,0,0,1,0,1,0,9223372036854775808,5000000000,5000000000,1668560,1671561,0,0,1,0,1,0
1671000,1,1,2298,1,1,tick,1671001,0,4,0,1,5000000000,1000000000,10000000000,500000000,1000000000,4611686018427387904,1000,4000,100000,1,0,9223372036854775808,5000000000,5000000000,1667536,1670537,0,0,1,0,1,0,576460752303423488,4843750000,5000000000,1671536,1674537,1770537,0,1,0,0,1
1672000,1,0,2299,0,0,tick,1672001,0,4,0,1,5000000000,1000000000,10000000000,500000000,1000000000,4611686018427387904,1000,4000,100000,1,0,9223372036854775808,5000000000,5000000000,1668560,1671561,0,0,1,0,1,0,576460752303423488,4843750000,5000000000,1672560,1675561,1771561,0,1,0,0,1
1672000,1,1,2299,1,1,tick,1672001,0,0,0,0,5000000000,1000000000,10000000000,500000000,1000000000,4611686018427387904,1000,4000,100000,1,0,576460752303423488,4843750000,5000000000,1671536,1674537,1770537,0,1,0,0,1,576460752303423488,4843750000,5000000000,1671536,1674537,1770537,0,1,0,0,1
1673000,1,0,2300,0,0,tick,1673001,0,0,0,0,5000000000,1000000000,10000000000,500000000,1000000000,4611686018427387904,1000,4000,100000,1,0,576460752303423488,4843750000,5000000000,1672560,1675561,1771561,0,1,0,0,1,576460752303423488,4843750000,5000000000,1672560,1675561,1771561,0,1,0,0,1
1673000,1,1,2300,1,1,tick,1673001,0,0,0,0,5000000000,1000000000,10000000000,500000000,1000000000,4611686018427387904,1000,4000,100000,1,0,576460752303423488,4843750000,5000000000,1671536,1674537,1770537,0,1,0,0,1,576460752303423488,4843750000,5000000000,1671536,1674537,1770537,0,1,0,0,1
1674000,1,0,2302,0,0,tick,1674001,0,0,0,0,5000000000,1000000000,10000000000,500000000,1000000000,4611686018427387904,1000,4000,100000,1,0,576460752303423488,4843750000,5000000000,1672560,1675561,1771561,0,1,0,0,1,576460752303423488,4843750000,5000000000,1672560,1675561,1771561,0,1,0,0,1
1674000,1,1,2302,1,1,tick,1674001,0,0,0,0,5000000000,1000000000,10000000000,500000000,1000000000,4611686018427387904,1000,4000,100000,1,0,576460752303423488,4843750000,5000000000,1671536,1674537,1770537,0,1,0,0,1,576460752303423488,4843750000,5000000000,1671536,1674537,1770537,0,1,0,0,1
1675000,1,0,2305,0,0,tick,1675001,0,0,0,0,5000000000,1000000000,10000000000,500000000,1000000000,4611686018427387904,1000,4000,100000,1,0,576460752303423488,4843750000,5000000000,1672560,1675561,1771561,0,1,0,0,1,576460752303423488,4843750000,5000000000,1672560,1675561,1771561,0,1,0,0,1
1675000,1,1,2305,1,1,tick,1675001,0,0,0,0,5000000000,1000000000,10000000000,500000000,1000000000,4611686018427387904,1000,4000,100000,1,0,576460752303423488,4843750000,5000000000,1671536,1674537,1770537,0,1,0,0,1,576460752303423488,4843750000,5000000000,1671536,1674537,1770537,0,1,0,0,1
1676000,1,0,2306,0,0,tick,1676001,0,0,0,0,5000000000,1000000000,10000000000,500000000,1000000000,4611686018427387904,1000,4000,100000,1,0,576460752303423488,4843750000,5000000000,1672560,1675561,1771561,0,1,0,0,1,576460752303423488,4843750000,5000000000,1672560,1675561,1771561,0,1,0,0,1
1676000,1,1,2306,1,1,tick,1676001,0,0,0,0,5000000000,1000000000,10000000000,500000000,1000000000,4611686018427387904,1000,4000,100000,1,0,576460752303423488,4843750000,5000000000,1671536,1674537,1770537,0,1,0,0,1,576460752303423488,4843750000,5000000000,1671536,1674537,1770537,0,1,0,0,1
1677000,1,0,2307,0,0,tick,1677001,0,0,0,0,5000000000,1000000000,10000000000,500000000,1000000000,4611686018427387904,1000,4000,100000,1,0,576460752303423488,4843750000,5000000000,1672560,1675561,1771561,0,1,0,0,1,576460752303423488,4843750000,5000000000,1672560,1675561,1771561,0,1,0,0,1
1677000,1,1,2307,1,1,tick,1677001,0,0,0,0,5000000000,1000000000,10000000000,500000000,1000000000,4611686018427387904,1000,4000,100000,1,0,576460752303423488,4843750000,5000000000,1671536,1674537,1770537,0,1,0,0,1,576460752303423488,4843750000,5000000000,1671536,1674537,1770537,0,1,0,0,1
1678000,1,0,2308,0,0,tick,1678001,0,0,0,0,5000000000,1000000000,10000000000,500000000,1000000000,4611686018427387904,1000,4000,100000,1,0,576460752303423488,4843750000,5000000000,1672560,1675561,1771561,0,1,0,0,1,576460752303423488,4843750000,5000000000,1672560,1675561,1771561,0,1,0,0,1
1678000,1,1,2308,1,1,tick,1678001,0,0,0,0,5000000000,1000000000,10000000000,500000000,1000000000,4611686018427387904,1000,4000,100000,1,0,576460752303423488,4843750000,5000000000,1671536,1674537,1770537,0,1,0,0,1,576460752303423488,4843750000,5000000000,1671536,1674537,1770537,0,1,0,0,1
1679000,1,0,2309,0,0,tick,1679001,0,0,0,0,5000000000,1000000000,10000000000,500000000,1000000000,4611686018427387904,1000,4000,100000,1,0,576460752303423488,4843750000,5000000000,1672560,1675561,1771561,0,1,0,0,1,576460752303423488,4843750000,5000000000,1672560,1675561,1771561,0,1,0,0,1
1679000,1,1,2309,1,1,tick,1679001,0,0,0,0,5000000000,1000000000,10000000000,500000000,1000000000,4611686018427387904,1000,4000,100000,1,0,576460752303423488,4843750000,5000000000,1671536,1674537,1770537,0,1,0,0,1,576460752303423488,4843750000,5000000000,1671536,1674537,1770537,0,1,0,0,1
1680000,1,0,2310,0,0,tick,1680001,0,0,0,0,5000000000,1000000000,10000000000,500000000,1000000000,4611686018427387904,1000,4000,100000,1,0,576460752303423488,4843750000,5000000000,1672560,1675561,1771561,0,1,0,0,1,576460752303423488,4843750000,5000000000,1672560,1675561,1771561,0,1,0,0,1
1680000,1,1,2310,1,1,tick,1680001,0,0,0,0,5000000000,1000000000,10000000000,500000000,1000000000,4611686018427387904,1000,4000,100000,1,0,576460752303423488,4843750000,5000000000,1671536,1674537,1770537,0,1,0,0,1,576460752303423488,4843750000,5000000000,1671536,1674537,1770537,0,1,0,0,1
1681000,1,0,2311,0,0,tick,1681001,0,0,0,0,5000000000,1000000000,10000000000,500000000,1000000000,4611686018427387904,1000,4000,100000,1,0,576460752303423488,4843750000,5000000000,1672560,1675561,1771561,0,1,0,0,1,576460752303423488,4843750000,5000000000,1672560,1675561,1771561,0,1,0,0,1
1681000,1,1,2311,1,1,tick,1681001,0,0,0,0,5000000000,1000000000,10000000000,500000000,1000000000,4611686018427387904,1000,4000,100000,1,0,576460752303423488,4843750000,5000000000,1671536,1674537,1770537,0,1,0,0,1,576460752303423488,4843750000,5000000000,1671536,1674537,1770537,0,1,0,0,1
1682000,1,0,2313,0,0,tick,1682001,0,0,0,0,5000000000,1000000000,10000000000,500000000,1000000000,4611686018427387904,1000,4000,100000,1,0,576460752303423488,4843750000,5000000000,1672560,1675561,1771561,0,1,0,0,1,576460752303423488,4843750000,5000000000,1672560,1675561,1771561,0,1,0,0,1
1682000,1,1,2313,1,1,tick,1682001,0,0,0,0,5000000000,1000000000,10000000000,500000000,1000000000,4611686018427387904,1000,4000,100000,1,0,576460752303423488,4843750000,5000000000,1671536,1674537,1770537,0,1,0,0,1,576460752303423488,4843750000,5000000000,1671536,1674537,1770537,0,1,0,0,1
1682536,0,6,5,1,1,feedback,1682536,0,11,0,0,5000000000,1000000000,10000000000,500000000,1000000000,4611686018427387904,1000,4000,100000,1,0,576460752303423488,4843750000,5000000000,1671536,1674537,1770537,0,1,0,0,1,281474976710656,4843750000,5000000000,1682536,1682537,1770537,0,1,1,1,1
1683000,1,0,2316,0,0,tick,1683001,0,0,0,0,5000000000,1000000000,10000000000,500000000,1000000000,4611686018427387904,1000,4000,100000,1,0,576460752303423488,4843750000,5000000000,1672560,1675561,1771561,0,1,0,0,1,576460752303423488,4843750000,5000000000,1672560,1675561,1771561,0,1,0,0,1
1683000,1,1,2316,1,1,tick,1683001,0,1,0,1,5000000000,1000000000,10000000000,500000000,1000000000,4611686018427387904,1000,4000,100000,1,0,281474976710656,4843750000,5000000000,1682536,1682537,1770537,0,1,1,1,1,4611826755915743232,3632775545,5000000000,1683536,1686537,1782537,0,1,0,0,1
1683560,0,4,5,0,0,feedback,1683560,0,11,0,0,5000000000,1000000000,10000000000,500000000,1000000000,4611686018427387904,1000,4000,100000,1,0,576460752303423488,4843750000,5000000000,1672560,1675561,1771561,0,1,0,0,1,281474976710656,4843750000,5000000000,1683560,1683561,1771561,0,1,1,1,1
1684000,1,0,2317,0,0,tick,1684001,0,1,0,1,5000000000,1000000000,10000000000,500000000,1000000000,4611686018427387904,1000,4000,100000,1,0,281474976710656,4843750000,5000000000,1683560,1683561,1771561,0,1,1,1,1,4611826755915743232,3632775545,5000000000,1684560,1687561,1783561,0,1,0,0,1
1684000,1,1,2317,1,1,tick,1684001,0,0,0,0,5000000000,1000000000,10000000000,500000000,1000000000,4611686018427387904,1000,4000,100000,1,0,4611826755915743232,3632775545,5000000000,1683536,1686537,1782537,0,1,0,0,1,4611826755915743232,3632775545,5000000000,1683536,1686537,1782537,0,1,0,0,1
1685000,1,0,2318,0,0,tick,1685001,0,0,0,0,5000000000,1000000000,10000000000,500000000,1000000000,4611686018427387904,1000,4000,100000,1,0,4611826755915743232,3632775545,5000000000,1684560,1687561,1783561,0,1,0,0,1,4611826755915743232,3632775545,5000000000,1684560,1687561,1783561,0,1,0,0,1
1685000,1,1,2318,1,1,tick,1685001,0,0,0,0,5000000000,1000000000,10000000000,500000000,1000000000,4611686018427387904,1000,4000,100000,1,0,4611826755915743232,3632775545,5000000000,1683536,1686537,1782537,0,1,0,0,1,4611826755915743232,3632775545,5000000000,1683536,1686537,1782537,0,1,0,0,1
1686000,1,0,2319,0,0,tick,1686001,0,0,0,0,5000000000,1000000000,10000000000,500000000,1000000000,4611686018427387904,1000,4000,100000,1,0,4611826755915743232,3632775545,5000000000,1684560,1687561,1783561,0,1,0,0,1,4611826755915743232,3632775545,5000000000,1684560,1687561,1783561,0,1,0,0,1
1686000,1,1,2319,1,1,tick,1686001,0,0,0,0,5000000000,1000000000,10000000000,500000000,1000000000,4611686018427387904,1000,4000,100000,1,0,4611826755915743232,3632775545,5000000000,1683536,1686537,1782537,0,1,0,0,1,4611826755915743232,3632775545,5000000000,1683536,1686537,1782537,0,1,0,0,1
1687000,1,0,2320,0,0,tick,1687001,0,0,0,0,5000000000,1000000000,10000000000,500000000,1000000000,4611686018427387904,1000,4000,100000,1,0,4611826755915743232,3632775545,5000000000,1684560,1687561,1783561,0,1,0,0,1,4611826755915743232,3632775545,5000000000,1684560,1687561,1783561,0,1,0,0,1
1687000,1,1,2320,1,1,tick,1687001,0,0,0,0,5000000000,1000000000,10000000000,500000000,1000000000,4611686018427387904,1000,4000,100000,1,0,4611826755915743232,3632775545,5000000000,1683536,1686537,1782537,0,1,0,0,1,4611826755915743232,3632775545,5000000000,1683536,1686537,1782537,0,1,0,0,1
1688000,1,0,2321,0,0,tick,1688001,0,0,0,0,5000000000,1000000000,10000000000,500000000,1000000000,4611686018427387904,1000,4000,100000,1,0,4611826755915743232,3632775545,5000000000,1684560,1687561,1783561,0,1,0,0,1,4611826755915743232,3632775545,5000000000,1684560,1687561,1783561,0,1,0,0,1
1688000,1,1,2321,1,1,tick,1688001,0,0,0,0,5000000000,1000000000,10000000000,500000000,1000000000,4611686018427387904,1000,4000,100000,1,0,4611826755915743232,3632775545,5000000000,1683536,1686537,1782537,0,1,0,0,1,4611826755915743232,3632775545,5000000000,1683536,1686537,1782537,0,1,0,0,1
1689000,1,0,2322,0,0,tick,1689001,0,0,0,0,5000000000,1000000000,10000000000,500000000,1000000000,4611686018427387904,1000,4000,100000,1,0,4611826755915743232,3632775545,5000000000,1684560,1687561,1783561,0,1,0,0,1,4611826755915743232,3632775545,5000000000,1684560,1687561,1783561,0,1,0,0,1
1689000,1,1,2322,1,1,tick,1689001,0,0,0,0,5000000000,1000000000,10000000000,500000000,1000000000,4611686018427387904,1000,4000,100000,1,0,4611826755915743232,3632775545,5000000000,1683536,1686537,1782537,0,1,0,0,1,4611826755915743232,3632775545,5000000000,1683536,1686537,1782537,0,1,0,0,1
1690000,1,0,2324,0,0,tick,1690001,0,0,0,0,5000000000,1000000000,10000000000,500000000,1000000000,4611686018427387904,1000,4000,100000,1,0,4611826755915743232,3632775545,5000000000,1684560,1687561,1783561,0,1,0,0,1,4611826755915743232,3632775545,5000000000,1684560,1687561,1783561,0,1,0,0,1
1690000,1,1,2324,1,1,tick,1690001,0,0,0,0,5000000000,1000000000,10000000000,500000000,1000000000,4611686018427387904,1000,4000,100000,1,0,4611826755915743232,3632775545,5000000000,1683536,1686537,1782537,0,1,0,0,1,4611826755915743232,3632775545,5000000000,1683536,1686537,1782537,0,1,0,0,1
1691000,1,0,2327,0,0,tick,1691001,0,0,0,0,5000000000,1000000000,10000000000,500000000,1000000000,4611686018427387904,1000,4000,100000,1,0,4611826755915743232,3632775545,5000000000,1684560,1687561,1783561,0,1,0,0,1,4611826755915743232,3632775545,5000000000,1684560,1687561,1783561,0,1,0,0,1
1691000,1,1,2327,1,1,tick,1691001,0,0,0,0,5000000000,1000000000,10000000000,500000000,1000000000,4611686018427387904,1000,4000,100000,1,0,4611826755915743232,3632775545,5000000000,1683536,1686537,1782537,0,1,0,0,1,4611826755915743232,3632775545,5000000000,1683536,1686537,1782537,0,1,0,0,1
1692000,1,0,2328,0,0,tick,1692001,0,0,0,0,5000000000,1000000000,10000000000,500000000,1000000000,4611686018427387904,1000,4000,100000,1,0,4611826755915743232,3632775545,5000000000,1684560,1687561,1783561,0,1,0,0,1,4611826755915743232,3632775545,5000000000,1684560,1687561,1783561,0,1,0,0,1
1692000,1,1,2328,1,1,tick,1692001,0,0,0,0,5000000000,1000000000,10000000000,500000000,1000000000,4611686018427387904,1000,4000,100000,1,0,4611826755915743232,3632775545,5000000000,1683536,1686537,1782537,0,1,0,0,1,4611826755915743232,3632775545,5000000000,1683536,1686537,1782537,0,1,0,0,1
1693000,1,0,2329,0,0,tick,1693001,0,0,0,0,5000000000,1000000000,10000000000,500000000,1000000000,4611686018427387904,1000,4000,100000,1,0,4611826755915743232,3632775545,5000000000,1684560,1687561,1783561,0,1,0,0,1,4611826755915743232,3632775545,5000000000,1684560,1687561,1783561,0,1,0,0,1
1693000,1,1,2329,1,1,tick,1693001,0,0,0,0,5000000000,1000000000,10000000000,500000000,1000000000,4611686018427387904,1000,4000,100000,1,0,4611826755915743232,3632775545,5000000000,1683536,1686537,1782537,0,1,0,0,1,4611826755915743232,3632775545,5000000000,1683536,1686537,1782537,0,1,0,0,1
1694000,1,0,2330,0,0,tick,1694001,0,0,0,0,5000000000,1000000000,10000000000,500000000,1000000000,4611686018427387904,1000,4000,100000,1,0,4611826755915743232,3632775545,5000000000,1684560,1687561,1783561,0,1,0,0,1,4611826755915743232,3632775545,5000000000,1684560,1687561,1783561,0,1,0,0,1
1694000,1,1,2330,1,1,tick,1694001,0,0,0,0,5000000000,1000000000,10000000000,500000000,1000000000,4611686018427387904,1000,4000,100000,1,0,4611826755915743232,3632775545,5000000000,1683536,1686537,1782537,0,1,0,0,1,4611826755915743232,3632775545,5000000000,1683536,1686537,1782537,0,1,0,0,1
1695000,1,0,2331,0,0,tick,1695001,0,0,0,0,5000000000,1000000000,10000000000,500000000,1000000000,4611686018427387904,1000,4000,100000,1,0,4611826755915743232,3632775545,5000000000,1684560,1687561,1783561,0,1,0,0,1,4611826755915743232,3632775545,5000000000,1684560,1687561,1783561,0,1,0,0,1
1695000,1,1,2331,1,1,tick,1695001,0,0,0,0,5000000000,1000000000,10000000000,500000000,1000000000,4611686018427387904,1000,4000,100000,1,0,4611826755915743232,3632775545,5000000000,1683536,1686537,1782537,0,1,0,0,1,4611826755915743232,3632775545,5000000000,1683536,1686537,1782537,0,1,0,0,1
1696000,1,0,2332,0,0,tick,1696001,0,0,0,0,5000000000,1000000000,10000000000,500000000,1000000000,4611686018427387904,1000,4000,100000,1,0,4611826755915743232,3632775545,5000000000,1684560,1687561,1783561,0,1,0,0,1,4611826755915743232,3632775545,5000000000,1684560,1687561,1783561,0,1,0,0,1
1696000,1,1,2332,1,1,tick,1696001,0,0,0,0,5000000000,1000000000,10000000000,500000000,1000000000,4611686018427387904,1000,4000,100000,1,0,4611826755915743232,3632775545,5000000000,1683536,1686537,1782537,0,1,0,0,1,4611826755915743232,3632775545,5000000000,1683536,1686537,1782537,0,1,0,0,1
1697000,1,0,2333,0,0,tick,1697001,0,0,0,0,5000000000,1000000000,10000000000,500000000,1000000000,4611686018427387904,1000,4000,100000,1,0,4611826755915743232,3632775545,5000000000,1684560,1687561,1783561,0,1,0,0,1,4611826755915743232,3632775545,5000000000,1684560,1687561,1783561,0,1,0,0,1
1697000,1,1,2333,1,1,tick,1697001,0,0,0,0,5000000000,1000000000,10000000000,500000000,1000000000,4611686018427387904,1000,4000,100000,1,0,4611826755915743232,3632775545,5000000000,1683536,1686537,1782537,0,1,0,0,1,4611826755915743232,3632775545,5000000000,1683536,1686537,1782537,0,1,0,0,1
1698000,1,0,2335,0,0,tick,1698001,0,0,0,0,5000000000,1000000000,10000000000,500000000,1000000000,4611686018427387904,1000,4000,100000,1,0,4611826755915743232,3632775545,5000000000,1684560,1687561,1783561,0,1,0,0,1,4611826755915743232,3632775545,5000000000,1684560,1687561,1783561,0,1,0,0,1
1698000,1,1,2335,1,1,tick,1698001,0,0,0,0,5000000000,1000000000,10000000000,500000000,1000000000,4611686018427387904,1000,4000,100000,1,0,4611826755915743232,3632775545,5000000000,1683536,1686537,1782537,0,1,0,0,1,4611826755915743232,3632775545,5000000000,1683536,1686537,1782537,0,1,0,0,1
1698536,0,6,8,1,1,feedback,1698536,0,15,0,0,5000000000,1000000000,10000000000,500000000,1000000000,4611686018427387904,1000,4000,100000,1,0,4611826755915743232,3632775545,5000000000,1683536,1686537,1782537,0,1,0,0,1,140741783322624,3632775545,5000000000,1698536,1698537,1782537,0,1,1,1,1
1699000,1,0,2338,0,0,tick,1699001,0,0,0,0,5000000000,1000000000,10000000000,500000000,1000000000,4611686018427387904,1000,4000,100000,1,0,4611826755915743232,3632775545,5000000000,1684560,1687561,1783561,0,1,0,0,1,4611826755915743232,3632775545,5000000000,1684560,1687561,1783561,0,1,0,0,1
1699000,1,1,2338,1,1,tick,1699001,0,1,0,1,5000000000,1000000000,10000000000,500000000,1000000000,4611686018427387904,1000,4000,100000,1,0,140741783322624,3632775545,5000000000,1698536,1698537,1782537,0,1,1,1,1,4611756389319049216,2724567800,5000000000,1699536,1702537,1798537,0,1,0,0,1
1699560,0,4,8,0,0,feedback,1699560,0,15,0,0,5000000000,1000000000,10000000000,500000000,1000000000,4611686018427387904,1000,4000,100000,1,0,4611826755915743232,3632775545,5000000000,1684560,1687561,1783561,0,1,0,0,1,140741783322624,3632775545,5000000000,1699560,1699561,1783561,0,1,1,1,1
1700000,1,0,2339,0,0,tick,1700001,0,1,0,1,5000000000,1000000000,10000000000,500000000,1000000000,4611686018427387904,1000,4000,100000,1,0,140741783322624,3632775545,5000000000,1699560,1699561,1783561,0,1,1,1,1,4611756389319049216,2724567800,5000000000,1700560,1703561,1799561,0,1,0,0,1
1700000,1,1,2339,1,1,tick,1700001,0,0,0,0,5000000000,1000000000,10000000000,500000000,1000000000,4611686018427387904,1000,4000,100000,1,0,4611756389319049216,2724567800,5000000000,1699536,1702537,1798537,0,1,0,0,1,4611756389319049216,2724567800,5000000000,1699536,1702537,1798537,0,1,0,0,1
1701000,1,0,2340,0,0,tick,1701001,0,0,0,0,5000000000,1000000000,10000000000,500000000,1000000000,4611686018427387904,1000,4000,100000,1,0,4611756389319049216,2724567800,5000000000,1700560,1703561,1799561,0,1,0,0,1,4611756389319049216,2724567800,5000000000,1700560,1703561,1799561,0,1,0,0,1
1701000,1,1,2340,1,1,tick,1701001,0,0,0,0,5000000000,1000000000,10000000000,500000000,1000000000,4611686018427387904,1000,4000,100000,1,0,4611756389319049216,2724567800,5000000000,1699536,1702537,1798537,0,1,0,0,1,4611756389319049216,2724567800,5000000000,1699536,1702537,1798537,0,1,0,0,1
1702000,1,0,2341,0,0,tick,1702001,0,0,0,0,5000000000,1000000000,10000000000,500000000,1000000000,4611686018427387904,1000,4000,100000,1,0,4611756389319049216,2724567800,5000000000,1700560,1703561,1799561,0,1,0,0,1,4611756389319049216,2724567800,5000000000,1700560,1703561,1799561,0,1,0,0,1
1702000,1,1,2341,1,1,tick,1702001,0,0,0,0,5000000000,1000000000,10000000000,500000000,1000000000,4611686018427387904,1000,4000,100000,1,0,4611756389319049216,2724567800,5000000000,1699536,1702537,1798537,0,1,0,0,1,4611756389319049216,2724567800,5000000000,1699536,1702537,1798537,0,1,0,0,1
1703000,1,0,2342,0,0,tick,1703001,0,0,0,0,5000000000,1000000000,10000000000,500000000,1000000000,4611686018427387904,1000,4000,100000,1,0,4611756389319049216,2724567800,5000000000,1700560,1703561,1799561,0,1,0,0,1,4611756389319049216,2724567800,5000000000,1700560,1703561,1799561,0,1,0,0,1
1703000,1,1,2342,1,1,tick,1703001,0,0,0,0,5000000000,1000000000,10000000000,500000000,1000000000,4611686018427387904,1000,4000,100000,1,0,4611756389319049216,2724567800,5000000000,1699536,1702537,1798537,0,1,0,0,1,4611756389319049216,2724567800,5000000000,1699536,1702537,1798537,0,1,0,0,1
1704000,1,0,2343,0,0,tick,1704001,0,0,0,0,5000000000,1000000000,10000000000,500000000,1000000000,4611686018427387904,1000,4000,100000,1,0,4611756389319049216,2724567800,5000000000,1700560,1703561,1799561,0,1,0,0,1,4611756389319049216,2724567800,5000000000,1700560,1703561,1799561,0,1,0,0,1
1704000,1,1,2343,1,1,tick,1704001,0,0,0,0,5000000000,1000000000,10000000000,500000000,1000000000,4611686018427387904,1000,4000,100000,1,0,4611756389319049216,2724567800,5000000000,1699536,1702537,1798537,0,1,0,0,1,4611756389319049216,2724567800,5000000000,1699536,1702537,1798537,0,1,0,0,1
1705000,1,0,2344,0,0,tick,1705001,0,0,0,0,5000000000,1000000000,10000000000,500000000,1000000000,4611686018427387904,1000,4000,100000,1,0,4611756389319049216,2724567800,5000000000,1700560,1703561,1799561,0,1,0,0,1,4611756389319049216,2724567800,5000000000,1700560,1703561,1799561,0,1,0,0,1
1705000,1,1,2344,1,1,tick,1705001,0,0,0,0,5000000000,1000000000,10000000000,500000000,1000000000,4611686018427387904,1000,4000,100000,1,0,4611756389319049216,2724567800,5000000000,1699536,1702537,1798537,0,1,0,0,1,4611756389319049216,2724567800,5000000000,1699536,1702537,1798537,0,1,0,0,1
1706000,1,0,2346,0,0,tick,1706001,0,0,0,0,5000000000,1000000000,10000000000,500000000,1000000000,4611686018427387904,1000,4000,100000,1,0,4611756389319049216,2724567800,5000000000,1700560,1703561,1799561,0,1,0,0,1,4611756389319049216,2724567800,5000000000,1700560,1703561,1799561,0,1,0,0,1
1706000,1,1,2346,1,1,tick,1706001,0,0,0,0,5000000000,1000000000,10000000000,500000000,1000000000,4611686018427387904,1000,4000,100000,1,0,4611756389319049216,2724567800,5000000000,1699536,1702537,1798537,0,1,0,0,1,4611756389319049216,2724567800,5000000000,1699536,1702537,1798537,0,1,0,0,1
1707000,1,0,2349,0,0,tick,1707001,0,0,0,0,5000000000,1000000000,10000000000,500000000,1000000000,4611686018427387904,1000,4000,100000,1,0,4611756389319049216,2724567800,5000000000,1700560,1703561,1799561,0,1,0,0,1,4611756389319049216,2724567800,5000000000,1700560,1703561,1799561,0,1,0,0,1
1707000,1,1,2349,1,1,tick,1707001,0,0,0,0,5000000000,1000000000,10000000000,500000000,1000000000,4611686018427387904,1000,4000,100000,1,0,4611756389319049216,2724567800,5000000000,1699536,1702537,1798537,0,1,0,0,1,4611756389319049216,2724567800,5000000000,1699536,1702537,1798537,0,1,0,0,1
1708000,1,0,2350,0,0,tick,1708001,0,0,0,0,5000000000,1000000000,10000000000,500000000,1000000000,4611686018427387904,1000,4000,100000,1,0,4611756389319049216,2724567800,5000000000,1700560,1703561,1799561,0,1,0,0,1,4611756389319049216,2724567800,5000000000,1700560,1703561,1799561,0,1,0,0,1
1708000,1,1,2350,1,1,tick,1708001,0,0,0,0,5000000000,1000000000,10000000000,500000000,1000000000,4611686018427387904,1000,4000,100000,1,0,4611756389319049216,2724567800,5000000000,1699536,1702537,1798537,0,1,0,0,1,4611756389319049216,2724567800,5000000000,1699536,1702537,1798537,0,1,0,0,1
1709000,1,0,2351,0,0,tick,1709001,0,0,0,0,5000000000,1000000000,10000000000,500000000,1000000000,4611686018427387904,1000,4000,100000,1,0,4611756389319049216,2724567800,5000000000,1700560,1703561,1799561,0,1,0,0,1,4611756389319049216,2724567800,5000000000,1700560,1703561,1799561,0,1,0,0,1
1709000,1,1,2351,1,1,tick,1709001,0,0,0,0,5000000000,1000000000,10000000000,500000000,1000000000,4611686018427387904,1000,4000,100000,1,0,4611756389319049216,2724567800,5000000000,1699536,1702537,1798537,0,1,0,0,1,4611756389319049216,2724567800,5000000000,1699536,1702537,1798537,0,1,0,0,1
1710000,1,0,2352,0,0,tick,1710001,0,0,0,0,5000000000,1000000000,10000000000,500000000,1000000000,4611686018427387904,1000,4000,100000,1,0,4611756389319049216,2724567800,5000000000,1700560,1703561,1799561,0,1,0,0,1,4611756389319049216,2724567800,5000000000,1700560,1703561,1799561,0,1,0,0,1
1710000,1,1,2352,1,1,tick,1710001,0,0,0,0,5000000000,1000000000,10000000000,500000000,1000000000,4611686018427387904,1000,4000,100000,1,0,4611756389319049216,2724567800,5000000000,1699536,1702537,1798537,0,1,0,0,1,4611756389319049216,2724567800,5000000000,1699536,1702537,1798537,0,1,0,0,1
1711000,1,0,2353,0,0,tick,1711001,0,0,0,0,5000000000,1000000000,10000000000,500000000,1000000000,4611686018427387904,1000,4000,100000,1,0,4611756389319049216,2724567800,5000000000,1700560,1703561,1799561,0,1,0,0,1,4611756389319049216,2724567800,5000000000,1700560,1703561,1799561,0,1,0,0,1
1711000,1,1,2353,1,1,tick,1711001,0,0,0,0,5000000000,1000000000,10000000000,500000000,1000000000,4611686018427387904,1000,4000,100000,1,0,4611756389319049216,2724567800,5000000000,1699536,1702537,1798537,0,1,0,0,1,4611756389319049216,2724567800,5000000000,1699536,1702537,1798537,0,1,0,0,1
1712000,1,0,2354,0,0,tick,1712001,0,0,0,0,5000000000,1000000000,10000000000,500000000,1000000000,4611686018427387904,1000,4000,100000,1,0,4611756389319049216,2724567800,5000000000,1700560,1703561,1799561,0,1,0,0,1,4611756389319049216,2724567800,5000000000,1700560,1703561,1799561,0,1,0,0,1
1712000,1,1,2354,1,1,tick,1712001,0,0,0,0,5000000000,1000000000,10000000000,500000000,1000000000,4611686018427387904,1000,4000,100000,1,0,4611756389319049216,2724567800,5000000000,1699536,1702537,1798537,0,1,0,0,1,4611756389319049216,2724567800,5000000000,1699536,1702537,1798537,0,1,0,0,1
1713000,1,0,2355,0,0,tick,1713001,0,0,0,0,5000000000,1000000000,10000000000,500000000,1000000000,4611686018427387904,1000,4000,100000,1,0,4611756389319049216,2724567800,5000000000,1700560,1703561,1799561,0,1,0,0,1,4611756389319049216,2724567800,5000000000,1700560,1703561,1799561,0,1,0,0,1
1713000,1,1,2355,1,1,tick,1713001,0,0,0,0,5000000000,1000000000,10000000000,500000000,1000000000,4611686018427387904,1000,4000,100000,1,0,4611756389319049216,2724567800,5000000000,1699536,1702537,1798537,0,1,0,0,1,4611756389319049216,2724567800,5000000000,1699536,1702537,1798537,0,1,0,0,1
1714000,1,0,2357,0,0,tick,1714001,0,0,0,0,5000000000,1000000000,10000000000,500000000,1000000000,4611686018427387904,1000,4000,100000,1,0,4611756389319049216,2724567800,5000000000,1700560,1703561,1799561,0,1,0,0,1,4611756389319049216,2724567800,5000000000,1700560,1703561,1799561,0,1,0,0,1
1714000,1,1,2357,1,1,tick,1714001,0,0,0,0,5000000000,1000000000,10000000000,500000000,1000000000,4611686018427387904,1000,4000,100000,1,0,4611756389319049216,2724567800,5000000000,1699536,1702537,1798537,0,1,0,0,1,4611756389319049216,2724567800,5000000000,1699536,1702537,1798537,0,1,0,0,1
1714536,0,6,11,1,1,feedback,1714536,0,15,0,0,5000000000,1000000000,10000000000,500000000,1000000000,4611686018427387904,1000,4000,100000,1,0,4611756389319049216,2724567800,5000000000,1699536,1702537,1798537,0,1,0,0,1,140739635904512,2724567800,5000000000,1714536,1714537,1798537,0,1,1,1,1
1715000,1,0,2360,0,0,tick,1715001,0,0,0,0,5000000000,1000000000,10000000000,500000000,1000000000,4611686018427387904,1000,4000,100000,1,0,4611756389319049216,2724567800,5000000000,1700560,1703561,1799561,0,1,0,0,1,4611756389319049216,2724567800,5000000000,1700560,1703561,1799561,0,1,0,0,1
1715000,1,1,2360,1,1,tick,1715001,0,1,0,1,5000000000,1000000000,10000000000,500000000,1000000000,4611686018427387904,1000,4000,100000,1,0,140739635904512,2724567800,5000000000,1714536,1714537,1798537,0,1,1,1,1,4611756388245340160,2043415456,5000000000,1715536,1718537,1814537,0,1,0,0,1
1715560,0,4,11,0,0,feedback,1715560,0,15,0,0,5000000000,1000000000,10000000000,500000000,1000000000,4611686018427387904,1000,4000,100000,1,0,4611756389319049216,2724567800,5000000000,1700560,1703561,1799561,0,1,0,0,1,140739635904512,2724567800,5000000000,1715560,1715561,1799561,0,1,1,1,1
1716000,1,0,2361,0,0,tick,1716001,0,1,0,1,5000000000,1000000000,10000000000,500000000,1000000000,4611686018427387904,1000,4000,100000,1,0,140739635904512,2724567800,5000000000,1715560,1715561,1799561,0,1,1,1,1,4611756388245340160,2043415456,5000000000,1716560,1719561,1815561,0,1,0,0,1
1716000,1,1,2361,1,1,tick,1716001,0,0,0,0,5000000000,1000000000,10000000000,500000000,1000000000,4611686018427387904,1000,4000,100000,1,0,4611756388245340160,2043415456,5000000000,1715536,1718537,1814537,0,1,0,0,1,4611756388245340160,2043415456,5000000000,1715536,1718537,1814537,0,1,0,0,1
1717000,1,0,2362,0,0,tick,1717001,0,0,0,0,5000000000,1000000000,10000000000,500000000,1000000000,4611686018427387904,1000,4000,100000,1,0,4611756388245340160,2043415456,5000000000,1716560,1719561,1815561,0,1,0,0,1,4611756388245340160,2043415456,5000000000,1716560,1719561,1815561,0,1,0,0,1
1717000,1,1,2362,1,1,tick,1717001,0,0,0,0,5000000000,1000000000,10000000000,500000000,1000000000,4611686018427387904,1000,4000,100000,1,0,4611756388245340160,2043415456,5000000000,1715536,1718537,1814537,0,1,0,0,1,4611756388245340160,2043415456,5000000000,1715536,1718537,1814537,0,1,0,0,1
1718000,1,0,2363,0,0,tick,1718001,0,0,0,0,5000000000,1000000000,10000000000,500000000,1000000000,4611686018427387904,1000,4000,100000,1,0,4611756388245340160,2043415456,5000000000,1716560,1719561,1815561,0,1,0,0,1,4611756388245340160,2043415456,5000000000,1716560,1719561,1815561,0,1,0,0,1
1718000,1,1,2363,1,1,tick,1718001,0,0,0,0,5000000000,1000000000,10000000000,500000000,1000000000,4611686018427387904,1000,4000,100000,1,0,4611756388245340160,2043415456,5000000000,1715536,1718537,1814537,0,1,0,0,1,4611756388245340160,2043415456,5000000000,1715536,1718537,1814537,0,1,0,0,1
1719000,1,0,2364,0,0,tick,1719001,0,0,0,0,5000000000,1000000000,10000000000,500000000,1000000000,4611686018427387904,1000,4000,100000,1,0,4611756388245340160,2043415456,5000000000,1716560,1719561,1815561,0,1,0,0,1,4611756388245340160,2043415456,5000000000,1716560,1719561,1815561,0,1,0,0,1
1719000,1,1,2364,1,1,tick,1719001,0,0,0,0,5000000000,1000000000,10000000000,500000000,1000000000,4611686018427387904,1000,4000,100000,1,0,4611756388245340160,2043415456,5000000000,1715536,1718537,1814537,0,1,0,0,1,4611756388245340160,2043415456,5000000000,1715536,1718537,1814537,0,1,0,0,1
1720000,1,0,2365,0,0,tick,1720001,0,0,0,0,5000000000,1000000000,10000000000,500000000,1000000000,4611686018427387904,1000,4000,100000,1,0,4611756388245340160,2043415456,5000000000,1716560,1719561,1815561,0,1,0,0,1,4611756388245340160,2043415456,5000000000,1716560,1719561,1815561,0,1,0,0,1
1720000,1,1,2365,1,1,tick,1720001,0,0,0,0,5000000000,1000000000,10000000000,500000000,1000000000,4611686018427387904,1000,4000,100000,1,0,4611756388245340160,2043415456,5000000000,1715536,1718537,1814537,0,1,0,0,1,4611756388245340160,2043415456,5000000000,1715536,1718537,1814537,0,1,0,0,1
1721000,1,0,2366,0,0,tick,1721001,0,0,0,0,5000000000,1000000000,10000000000,500000000,1000000000,4611686018427387904,1000,4000,100000,1,0,4611756388245340160,2043415456,5000000000,1716560,1719561,1815561,0,1,0,0,1,4611756388245340160,2043415456,5000000000,1716560,1719561,1815561,0,1,0,0,1
1721000,1,1,2366,1,1,tick,1721001,0,0,0,0,5000000000,1000000000,10000000000,500000000,1000000000,4611686018427387904,1000,4000,100000,1,0,4611756388245340160,2043415456,5000000000,1715536,1718537,1814537,0,1,0,0,1,4611756388245340160,2043415456,5000000000,1715536,1718537,1814537,0,1,0,0,1
1722000,1,0,2368,0,0,tick,1722001,0,0,0,0,5000000000,1000000000,10000000000,500000000,1000000000,4611686018427387904,1000,4000,100000,1,0,4611756388245340160,2043415456,5000000000,1716560,1719561,1815561,0,1,0,0,1,4611756388245340160,2043415456,5000000000,1716560,1719561,1815561,0,1,0,0,1
1722000,1,1,2368,1,1,tick,1722001,0,0,0,0,5000000000,1000000000,10000000000,500000000,1000000000,4611686018427387904,1000,4000,100000,1,0,4611756388245340160,2043415456,5000000000,1715536,1718537,1814537,0,1,0,0,1,4611756388245340160,2043415456,5000000000,1715536,1718537,1814537,0,1,0,0,1
1723000,1,0,2371,0,0,tick,1723001,0,0,0,0,5000000000,1000000000,10000000000,500000000,1000000000,4611686018427387904,1000,4000,100000,1,0,4611756388245340160,2043415456,5000000000,1716560,1719561,1815561,0,1,0,0,1,4611756388245340160,2043415456,5000000000,1716560,1719561,1815561,0,1,0,0,1
1723000,1,1,2371,1,1,tick,1723001,0,0,0,0,5000000000,1000000000,10000000000,500000000,1000000000,4611686018427387904,1000,4000,100000,1,0,4611756388245340160,2043415456,5000000000,1715536,1718537,1814537,0,1,0,0,1,4611756388245340160,2043415456,5000000000,1715536,1718537,1814537,0,1,0,0,1
1724000,1,0,2372,0,0,tick,1724001,0,0,0,0,5000000000,1000000000,10000000000,500000000,1000000000,4611686018427387904,1000,4000,100000,1,0,4611756388245340160,2043415456,5000000000,1716560,1719561,1815561,0,1,0,0,1,4611756388245340160,2043415456,5000000000,1716560,1719561,1815561,0,1,0,0,1
1724000,1,1,2372,1,1,tick,1724001,0,0,0,0,5000000000,1000000000,10000000000,500000000,1000000000,4611686018427387904,1000,4000,100000,1,0,4611756388245340160,2043415456,5000000000,1715536,1718537,1814537,0,1,0,0,1,4611756388245340160,2043415456,5000000000,1715536,1718537,1814537,0,1,0,0,1
1725000,1,0,2373,0,0,tick,1725001,0,0,0,0,5000000000,1000000000,10000000000,500000000,1000000000,4611686018427387904,1000,4000,100000,1,0,4611756388245340160,2043415456,5000000000,1716560,1719561,1815561,0,1,0,0,1,4611756388245340160,2043415456,5000000000,1716560,1719561,1815561,0,1,0,0,1
1725000,1,1,2373,1,1,tick,1725001,0,0,0,0,5000000000,1000000000,10000000000,500000000,1000000000,4611686018427387904,1000,4000,100000,1,0,4611756388245340160,2043415456,5000000000,1715536,1718537,1814537,0,1,0,0,1,4611756388245340160,2043415456,5000000000,1715536,1718537,1814537,0,1,0,0,1
1726000,1,0,2374,0,0,tick,1726001,0,0,0,0,5000000000,1000000000,10000000000,500000000,1000000000,4611686018427387904,1000,4000,100000,1,0,4611756388245340160,2043415456,5000000000,1716560,1719561,1815561,0,1,0,0,1,4611756388245340160,2043415456,5000000000,1716560,1719561,1815561,0,1,0,0,1
1726000,1,1,2374,1,1,tick,1726001,0,0,0,0,5000000000,1000000000,10000000000,500000000,1000000000,4611686018427387904,1000,4000,100000,1,0,4611756388245340160,2043415456,5000000000,1715536,1718537,1814537,0,1,0,0,1,4611756388245340160,2043415456,5000000000,1715536,1718537,1814537,0,1,0,0,1
1727000,1,0,2375,0,0,tick,1727001,0,0,0,0,5000000000,1000000000,10000000000,500000000,1000000000,4611686018427387904,1000,4000,100000,1,0,4611756388245340160,2043415456,5000000000,1716560,1719561,1815561,0,1,0,0,1,4611756388245340160,2043415456,5000000000,1716560,1719561,1815561,0,1,0,0,1
1727000,1,1,2375,1,1,tick,1727001,0,0,0,0,5000000000,1000000000,10000000000,500000000,1000000000,4611686018427387904,1000,4000,100000,1,0,4611756388245340160,2043415456,5000000000,1715536,1718537,1814537,0,1,0,0,1,4611756388245340160,2043415456,5000000000,1715536,1718537,1814537,0,1,0,0,1
1728000,1,0,2376,0,0,tick,1728001,0,0,0,0,5000000000,1000000000,10000000000,500000000,1000000000,4611686018427387904,1000,4000,100000,1,0,4611756388245340160,2043415456,5000000000,1716560,1719561,1815561,0,1,0,0,1,4611756388245340160,2043415456,5000000000,1716560,1719561,1815561,0,1,0,0,1
1728000,1,1,2376,1,1,tick,1728001,0,0,0,0,5000000000,1000000000,10000000000,500000000,1000000000,4611686018427387904,1000,4000,100000,1,0,4611756388245340160,2043415456,5000000000,1715536,1718537,1814537,0,1,0,0,1,4611756388245340160,2043415456,5000000000,1715536,1718537,1814537,0,1,0,0,1
1729000,1,0,2377,0,0,tick,1729001,0,0,0,0,5000000000,1000000000,10000000000,500000000,1000000000,4611686018427387904,1000,4000,100000,1,0,4611756388245340160,2043415456,5000000000,1716560,1719561,1815561,0,1,0,0,1,4611756388245340160,2043415456,5000000000,1716560,1719561,1815561,0,1,0,0,1
1729000,1,1,2377,1,1,tick,1729001,0,0,0,0,5000000000,1000000000,10000000000,500000000,1000000000,4611686018427387904,1000,4000,100000,1,0,4611756388245340160,2043415456,5000000000,1715536,1718537,1814537,0,1,0,0,1,4611756388245340160,2043415456,5000000000,1715536,1718537,1814537,0,1,0,0,1
1730000,1,0,2379,0,0,tick,1730001,0,0,0,0,5000000000,1000000000,10000000000,500000000,1000000000,4611686018427387904,1000,4000,100000,1,0,4611756388245340160,2043415456,5000000000,1716560,1719561,1815561,0,1,0,0,1,4611756388245340160,2043415456,5000000000,1716560,1719561,1815561,0,1,0,0,1
1730000,1,1,2379,1,1,tick,1730001,0,0,0,0,5000000000,1000000000,10000000000,500000000,1000000000,4611686018427387904,1000,4000,100000,1,0,4611756388245340160,2043415456,5000000000,1715536,1718537,1814537,0,1,0,0,1,4611756388245340160,2043415456,5000000000,1715536,1718537,1814537,0,1,0,0,1
1730536,0,6,14,1,1,feedback,1730536,0,15,0,0,5000000000,1000000000,10000000000,500000000,1000000000,4611686018427387904,1000,4000,100000,1,0,4611756388245340160,2043415456,5000000000,1715536,1718537,1814537,0,1,0,0,1,140739635871745,2043415456,5000000000,1730536,1730537,1814537,0,1,1,1,1
1731000,1,0,2382,0,0,tick,1731001,0,0,0,0,5000000000,1000000000,10000000000,500000000,1000000000,4611686018427387904,1000,4000,100000,1,0,4611756388245340160,2043415456,5000000000,1716560,1719561,1815561,0,1,0,0,1,4611756388245340160,2043415456,5000000000,1716560,1719561,1815561,0,1,0,0,1
1731000,1,1,2382,1,1,tick,1731001,0,1,0,1,5000000000,1000000000,10000000000,500000000,1000000000,4611686018427387904,1000,4000,100000,1,0,140739635871745,2043415456,5000000000,1730536,1730537,1814537,0,1,1,1,1,4611756388245323776,1532553796,5000000000,1731536,1734537,1830537,0,1,0,0,1
1731560,0,4,14,0,0,feedback,1731560,0,15,0,0,5000000000,1000000000,10000000000,500000000,1000000000,4611686018427387904,1000,4000,100000,1,0,4611756388245340160,2043415456,5000000000,1716560,1719561,1815561,0,1,0,0,1,140739635871745,2043415456,5000000000,1731560,1731561,1815561,0,1,1,1,1
1732000,1,0,2383,0,0,tick,1732001,0,1,0,1,5000000000,1000000000,10000000000,500000000,1000000000,4611686018427387904,1000,4000,100000,1,0,140739635871745,2043415456,5000000000,1731560,1731561,1815561,0,1,1,1,1,4611756388245323776,1532553796,5000000000,1732560,1735561,1831561,0,1,0,0,1
1732000,1,1,2383,1,1,tick,1732001,0,0,0,0,5000000000,1000000000,10000000000,500000000,1000000000,4611686018427387904,1000,4000,100000,1,0,4611756388245323776,1532553796,5000000000,1731536,1734537,1830537,0,1,0,0,1,4611756388245323776,1532553796,5000000000,1731536,1734537,1830537,0,1,0,0,1
1733000,1,0,2384,0,0,tick,1733001,0,0,0,0,5000000000,1000000000,10000000000,500000000,1000000000,4611686018427387904,1000,4000,100000,1,0,4611756388245323776,1532553796,5000000000,1732560,1735561,1831561,0,1,0,0,1,4611756388245323776,1532553796,5000000000,1732560,1735561,1831561,0,1,0,0,1
1733000,1,1,2384,1,1,tick,1733001,0,0,0,0,5000000000,1000000000,10000000000,500000000,1000000000,4611686018427387904,1000,4000,100000,1,0,4611756388245323776,1532553796,5000000000,1731536,1734537,1830537,0,1,0,0,1,4611756388245323776,1532553796,5000000000,1731536,1734537,1830537,0,1,0,0,1
1734000,1,0,2385,0,0,tick,1734001,0,0,0,0,5000000000,1000000000,10000000000,500000000,1000000000,4611686018427387904,1000,4000,100000,1,0,4611756388245323776,1532553796,5000000000,1732560,1735561,1831561,0,1,0,0,1,4611756388245323776,1532553796,5000000000,1732560,1735561,1831561,0,1,0,0,1
1734000,1,1,2385,1,1,tick,1734001,0,0,0,0,5000000000,1000000000,10000000000,500000000,1000000000,4611686018427387904,1000,4000,100000,1,0,4611756388245323776,1532553796,5000000000,1731536,1734537,1830537,0,1,0,0,1,4611756388245323776,1532553796,5000000000,1731536,1734537,1830537,0,1,0,0,1
1735000,1,0,2386,0,0,tick,1735001,0,0,0,0,5000000000,1000000000,10000000000,500000000,1000000000,4611686018427387904,1000,4000,100000,1,0,4611756388245323776,1532553796,5000000000,1732560,1735561,1831561,0,1,0,0,1,4611756388245323776,1532553796,5000000000,1732560,1735561,1831561,0,1,0,0,1
1735000,1,1,2386,1,1,tick,1735001,0,0,0,0,5000000000,1000000000,10000000000,500000000,1000000000,4611686018427387904,1000,4000,100000,1,0,4611756388245323776,1532553796,5000000000,1731536,1734537,1830537,0,1,0,0,1,4611756388245323776,1532553796,5000000000,1731536,1734537,1830537,0,1,0,0,1
1736000,1,0,2387,0,0,tick,1736001,0,0,0,0,5000000000,1000000000,10000000000,500000000,1000000000,4611686018427387904,1000,4000,100000,1,0,4611756388245323776,1532553796,5000000000,1732560,1735561,1831561,0,1,0,0,1,4611756388245323776,1532553796,5000000000,1732560,1735561,1831561,0,1,0,0,1
1736000,1,1,2387,1,1,tick,1736001,0,0,0,0,5000000000,1000000000,10000000000,500000000,1000000000,4611686018427387904,1000,4000,100000,1,0,4611756388245323776,1532553796,5000000000,1731536,1734537,1830537,0,1,0,0,1,4611756388245323776,1532553796,5000000000,1731536,1734537,1830537,0,1,0,0,1
1737000,1,0,2388,0,0,tick,1737001,0,0,0,0,5000000000,1000000000,10000000000,500000000,1000000000,4611686018427387904,1000,4000,100000,1,0,4611756388245323776,1532553796,5000000000,1732560,1735561,1831561,0,1,0,0,1,4611756388245323776,1532553796,5000000000,1732560,1735561,1831561,0,1,0,0,1
1737000,1,1,2388,1,1,tick,1737001,0,0,0,0,5000000000,1000000000,10000000000,500000000,1000000000,4611686018427387904,1000,4000,100000,1,0,4611756388245323776,1532553796,5000000000,1731536,1734537,1830537,0,1,0,0,1,4611756388245323776,1532553796,5000000000,1731536,1734537,1830537,0,1,0,0,1
1738000,1,0,2390,0,0,tick,1738001,0,0,0,0,5000000000,1000000000,10000000000,500000000,1000000000,4611686018427387904,1000,4000,100000,1,0,4611756388245323776,1532553796,5000000000,1732560,1735561,1831561,0,1,0,0,1,4611756388245323776,1532553796,5000000000,1732560,1735561,1831561,0,1,0,0,1
1738000,1,1,2390,1,1,tick,1738001,0,0,0,0,5000000000,1000000000,10000000000,500000000,1000000000,4611686018427387904,1000,4000,100000,1,0,4611756388245323776,1532553796,5000000000,1731536,1734537,1830537,0,1,0,0,1,4611756388245323776,1532553796,5000000000,1731536,1734537,1830537,0,1,0,0,1
1739000,1,0,2393,0,0,tick,1739001,0,0,0,0,5000000000,1000000000,10000000000,500000000,1000000000,4611686018427387904,1000,4000,100000,1,0,4611756388245323776,1532553796,5000000000,1732560,1735561,1831561,0,1,0,0,1,4611756388245323776,1532553796,5000000000,1732560,1735561,1831561,0,1,0,0,1
1739000,1,1,2393,1,1,tick,1739001,0,0,0,0,5000000000,1000000000,10000000000,500000000,1000000000,4611686018427387904,1000,4000,100000,1,0,4611756388245323776,1532553796,5000000000,1731536,1734537,1830537,0,1,0,0,1,4611756388245323776,1532553796,5000000000,1731536,1734537,1830537,0,1,0,0,1
1740000,1,0,2394,0,0,tick,1740001,0,0,0,0,5000000000,1000000000,10000000000,500000000,1000000000,4611686018427387904,1000,4000,100000,1,0,4611756388245323776,1532553796,5000000000,1732560,1735561,1831561,0,1,0,0,1,4611756388245323776,1532553796,5000000000,1732560,1735561,1831561,0,1,0,0,1
1740000,1,1,2394,1,1,tick,1740001,0,0,0,0,5000000000,1000000000,10000000000,500000000,1000000000,4611686018427387904,1000,4000,100000,1,0,4611756388245323776,1532553796,5000000000,1731536,1734537,1830537,0,1,0,0,1,4611756388245323776,1532553796,5000000000,1731536,1734537,1830537,0,1,0,0,1
1741000,1,0,2395,0,0,tick,1741001,0,0,0,0,5000000000,1000000000,10000000000,500000000,1000000000,4611686018427387904,1000,4000,100000,1,0,4611756388245323776,1532553796,5000000000,1732560,1735561,1831561,0,1,0,0,1,4611756388245323776,1532553796,5000000000,1732560,1735561,1831561,0,1,0,0,1
1741000,1,1,2395,1,1,tick,1741001,0,0,0,0,5000000000,1000000000,10000000000,500000000,1000000000,4611686018427387904,1000,4000,100000,1,0,4611756388245323776,1532553796,5000000000,1731536,1734537,1830537,0,1,0,0,1,4611756388245323776,1532553796,5000000000,1731536,1734537,1830537,0,1,0,0,1
1742000,1,0,2396,0,0,tick,1742001,0,0,0,0,5000000000,1000000000,10000000000,500000000,1000000000,4611686018427387904,1000,4000,100000,1,0,4611756388245323776,1532553796,5000000000,1732560,1735561,1831561,0,1,0,0,1,4611756388245323776,1532553796,5000000000,1732560,1735561,1831561,0,1,0,0,1
1742000,1,1,2396,1,1,tick,1742001,0,0,0,0,5000000000,1000000000,10000000000,500000000,1000000000,4611686018427387904,1000,4000,100000,1,0,4611756388245323776,1532553796,5000000000,1731536,1734537,1830537,0,1,0,0,1,4611756388245323776,1532553796,5000000000,1731536,1734537,1830537,0,1,0,0,1
1743000,1,0,2397,0,0,tick,1743001,0,0,0,0,5000000000,1000000000,10000000000,500000000,1000000000,4611686018427387904,1000,4000,100000,1,0,4611756388245323776,1532553796,5000000000,1732560,1735561,1831561,0,1,0,0,1,4611756388245323776,1532553796,5000000000,1732560,1735561,1831561,0,1,0,0,1
1743000,1,1,2397,1,1,tick,1743001,0,0,0,0,5000000000,1000000000,10000000000,500000000,1000000000,4611686018427387904,1000,4000,100000,1,0,4611756388245323776,1532553796,5000000000,1731536,1734537,1830537,0,1,0,0,1,4611756388245323776,1532553796,5000000000,1731536,1734537,1830537,0,1,0,0,1
1744000,1,0,2398,0,0,tick,1744001,0,0,0,0,5000000000,1000000000,10000000000,500000000,1000000000,4611686018427387904,1000,4000,100000,1,0,4611756388245323776,1532553796,5000000000,1732560,1735561,1831561,0,1,0,0,1,4611756388245323776,1532553796,5000000000,1732560,1735561,1831561,0,1,0,0,1
1744000,1,1,2398,1,1,tick,1744001,0,0,0,0,5000000000,1000000000,10000000000,500000000,1000000000,4611686018427387904,1000,4000,100000,1,0,4611756388245323776,1532553796,5000000000,1731536,1734537,1830537,0,1,0,0,1,4611756388245323776,1532553796,5000000000,1731536,1734537,1830537,0,1,0,0,1
1745000,1,0,2399,0,0,tick,1745001,0,0,0,0,5000000000,1000000000,10000000000,500000000,1000000000,4611686018427387904,1000,4000,100000,1,0,4611756388245323776,1532553796,5000000000,1732560,1735561,1831561,0,1,0,0,1,4611756388245323776,1532553796,5000000000,1732560,1735561,1831561,0,1,0,0,1
1745000,1,1,2399,1,1,tick,1745001,0,0,0,0,5000000000,1000000000,10000000000,500000000,1000000000,4611686018427387904,1000,4000,100000,1,0,4611756388245323776,1532553796,5000000000,1731536,1734537,1830537,0,1,0,0,1,4611756388245323776,1532553796,5000000000,1731536,1734537,1830537,0,1,0,0,1
1746000,1,0,2401,0,0,tick,1746001,0,0,0,0,5000000000,1000000000,10000000000,500000000,1000000000,4611686018427387904,1000,4000,100000,1,0,4611756388245323776,1532553796,5000000000,1732560,1735561,1831561,0,1,0,0,1,4611756388245323776,1532553796,5000000000,1732560,1735561,1831561,0,1,0,0,1
1746000,1,1,2401,1,1,tick,1746001,0,0,0,0,5000000000,1000000000,10000000000,500000000,1000000000,4611686018427387904,1000,4000,100000,1,0,4611756388245323776,1532553796,5000000000,1731536,1734537,1830537,0,1,0,0,1,4611756388245323776,1532553796,5000000000,1731536,1734537,1830537,0,1,0,0,1
1746536,0,6,17,1,1,feedback,1746536,0,15,0,0,5000000000,1000000000,10000000000,500000000,1000000000,4611686018427387904,1000,4000,100000,1,0,4611756388245323776,1532553796,5000000000,1731536,1734537,1830537,0,1,0,0,1,140739635871744,1532553796,5000000000,1746536,1746537,1830537,0,1,1,1,1
1747000,1,0,2404,0,0,tick,1747001,0,0,0,0,5000000000,1000000000,10000000000,500000000,1000000000,4611686018427387904,1000,4000,100000,1,0,4611756388245323776,1532553796,5000000000,1732560,1735561,1831561,0,1,0,0,1,4611756388245323776,1532553796,5000000000,1732560,1735561,1831561,0,1,0,0,1
1747000,1,1,2404,1,1,tick,1747001,0,1,0,1,5000000000,1000000000,10000000000,500000000,1000000000,4611686018427387904,1000,4000,100000,1,0,140739635871744,1532553796,5000000000,1746536,1746537,1830537,0,1,1,1,1,4611756388245323776,1149409500,5000000000,1747536,1750537,1846537,0,1,0,0,1
1747560,0,4,17,0,0,feedback,1747560,0,15,0,0,5000000000,1000000000,10000000000,500000000,1000000000,4611686018427387904,1000,4000,100000,1,0,4611756388245323776,1532553796,5000000000,1732560,1735561,1831561,0,1,0,0,1,140739635871744,1532553796,5000000000,1747560,1747561,1831561,0,1,1,1,1
1748000,1,0,2405,0,0,tick,1748001,0,1,0,1,5000000000,1000000000,10000000000,500000000,1000000000,4611686018427387904,1000,4000,100000,1,0,140739635871744,1532553796,5000000000,1747560,1747561,1831561,0,1,1,1,1,4611756388245323776,1149409500,5000000000,1748560,1751561,1847561,0,1,0,0,1
1748000,1,1,2405,1,1,tick,1748001,0,0,0,0,5000000000,1000000000,10000000000,500000000,1000000000,4611686018427387904,1000,4000,100000,1,0,4611756388245323776,1149409500,5000000000,1747536,1750537,1846537,0,1,0,0,1,4611756388245323776,1149409500,5000000000,1747536,1750537,1846537,0,1,0,0,1
1749000,1,0,2406,0,0,tick,1749001,0,0,0,0,5000000000,1000000000,10000000000,500000000,1000000000,4611686018427387904,1000,4000,100000,1,0,4611756388245323776,1149409500,5000000000,1748560,1751561,1847561,0,1,0,0,1,4611756388245323776,1149409500,5000000000,1748560,1751561,1847561,0,1,0,0,1
1749000,1,1,2406,1,1,tick,1749001,0,0,0,0,5000000000,1000000000,10000000000,500000000,1000000000,4611686018427387904,1000,4000,100000,1,0,4611756388245323776,1149409500,5000000000,1747536,1750537,1846537,0,1,0,0,1,4611756388245323776,1149409500,5000000000,1747536,1750537,1846537,0,1,0,0,1
1750000,1,0,2407,0,0,tick,1750001,0,0,0,0,5000000000,1000000000,10000000000,500000000,1000000000,4611686018427387904,1000,4000,100000,1,0,4611756388245323776,1149409500,5000000000,1748560,1751561,1847561,0,1,0,0,1,4611756388245323776,1149409500,5000000000,1748560,1751561,1847561,0,1,0,0,1
1750000,1,1,2407,1,1,tick,1750001,0,0,0,0,5000000000,1000000000,10000000000,500000000,1000000000,4611686018427387904,1000,4000,100000,1,0,4611756388245323776,1149409500,5000000000,1747536,1750537,1846537,0,1,0,0,1,4611756388245323776,1149409500,5000000000,1747536,1750537,1846537,0,1,0,0,1
1751000,1,0,2408,0,0,tick,1751001,0,0,0,0,5000000000,1000000000,10000000000,500000000,1000000000,4611686018427387904,1000,4000,100000,1,0,4611756388245323776,1149409500,5000000000,1748560,1751561,1847561,0,1,0,0,1,4611756388245323776,1149409500,5000000000,1748560,1751561,1847561,0,1,0,0,1
1751000,1,1,2408,1,1,tick,1751001,0,0,0,0,5000000000,1000000000,10000000000,500000000,1000000000,4611686018427387904,1000,4000,100000,1,0,4611756388245323776,1149409500,5000000000,1747536,1750537,1846537,0,1,0,0,1,4611756388245323776,1149409500,5000000000,1747536,1750537,1846537,0,1,0,0,1
1752000,1,0,2409,0,0,tick,1752001,0,0,0,0,5000000000,1000000000,10000000000,500000000,1000000000,4611686018427387904,1000,4000,100000,1,0,4611756388245323776,1149409500,5000000000,1748560,1751561,1847561,0,1,0,0,1,4611756388245323776,1149409500,5000000000,1748560,1751561,1847561,0,1,0,0,1
1752000,1,1,2409,1,1,tick,1752001,0,0,0,0,5000000000,1000000000,10000000000,500000000,1000000000,4611686018427387904,1000,4000,100000,1,0,4611756388245323776,1149409500,5000000000,1747536,1750537,1846537,0,1,0,0,1,4611756388245323776,1149409500,5000000000,1747536,1750537,1846537,0,1,0,0,1
1753000,1,0,2410,0,0,tick,1753001,0,0,0,0,5000000000,1000000000,10000000000,500000000,1000000000,4611686018427387904,1000,4000,100000,1,0,4611756388245323776,1149409500,5000000000,1748560,1751561,1847561,0,1,0,0,1,4611756388245323776,1149409500,5000000000,1748560,1751561,1847561,0,1,0,0,1
1753000,1,1,2410,1,1,tick,1753001,0,0,0,0,5000000000,1000000000,10000000000,500000000,1000000000,4611686018427387904,1000,4000,100000,1,0,4611756388245323776,1149409500,5000000000,1747536,1750537,1846537,0,1,0,0,1,4611756388245323776,1149409500,5000000000,1747536,1750537,1846537,0,1,0,0,1
1754000,1,0,2412,0,0,tick,1754001,0,0,0,0,5000000000,1000000000,10000000000,500000000,1000000000,4611686018427387904,1000,4000,100000,1,0,4611756388245323776,1149409500,5000000000,1748560,1751561,1847561,0,1,0,0,1,4611756388245323776,1149409500,5000000000,1748560,1751561,1847561,0,1,0,0,1
1754000,1,1,2412,1,1,tick,1754001,0,0,0,0,5000000000,1000000000,10000000000,500000000,1000000000,4611686018427387904,1000,4000,100000,1,0,4611756388245323776,1149409500,5000000000,1747536,1750537,1846537,0,1,0,0,1,4611756388245323776,1149409500,5000000000,1747536,1750537,1846537,0,1,0,0,1
1755000,1,0,2415,0,0,tick,1755001,0,0,0,0,5000000000,1000000000,10000000000,500000000,1000000000,4611686018427387904,1000,4000,100000,1,0,4611756388245323776,1149409500,5000000000,1748560,1751561,1847561,0,1,0,0,1,4611756388245323776,1149409500,5000000000,1748560,1751561,1847561,0,1,0,0,1
1755000,1,1,2415,1,1,tick,1755001,0,0,0,0,5000000000,1000000000,10000000000,500000000,1000000000,4611686018427387904,1000,4000,100000,1,0,4611756388245323776,1149409500,5000000000,1747536,1750537,1846537,0,1,0,0,1,4611756388245323776,1149409500,5000000000,1747536,1750537,1846537,0,1,0,0,1
1756000,1,0,2416,0,0,tick,1756001,0,0,0,0,5000000000,1000000000,10000000000,500000000,1000000000,4611686018427387904,1000,4000,100000,1,0,4611756388245323776,1149409500,5000000000,1748560,1751561,1847561,0,1,0,0,1,4611756388245323776,1149409500,5000000000,1748560,1751561,1847561,0,1,0,0,1
1756000,1,1,2416,1,1,tick,1756001,0,0,0,0,5000000000,1000000000,10000000000,500000000,1000000000,4611686018427387904,1000,4000,100000,1,0,4611756388245323776,1149409500,5000000000,1747536,1750537,1846537,0,1,0,0,1,4611756388245323776,1149409500,5000000000,1747536,1750537,1846537,0,1,0,0,1
1757000,1,0,2417,0,0,tick,1757001,0,0,0,0,5000000000,1000000000,10000000000,500000000,1000000000,4611686018427387904,1000,4000,100000,1,0,4611756388245323776,1149409500,5000000000,1748560,1751561,1847561,0,1,0,0,1,4611756388245323776,1149409500,5000000000,1748560,1751561,1847561,0,1,0,0,1
1757000,1,1,2417,1,1,tick,1757001,0,0,0,0,5000000000,1000000000,10000000000,500000000,1000000000,4611686018427387904,1000,4000,100000,1,0,4611756388245323776,1149409500,5000000000,1747536,1750537,1846537,0,1,0,0,1,4611756388245323776,1149409500,5000000000,1747536,1750537,1846537,0,1,0,0,1
1758000,1,0,2418,0,0,tick,1758001,0,0,0,0,5000000000,1000000000,10000000000,500000000,1000000000,4611686018427387904,1000,4000,100000,1,0,4611756388245323776,1149409500,5000000000,1748560,1751561,1847561,0,1,0,0,1,4611756388245323776,1149409500,5000000000,1748560,1751561,1847561,0,1,0,0,1
1758000,1,1,2418,1,1,tick,1758001,0,0,0,0,5000000000,1000000000,10000000000,500000000,1000000000,4611686018427387904,1000,4000,100000,1,0,4611756388245323776,1149409500,5000000000,1747536,1750537,1846537,0,1,0,0,1,4611756388245323776,1149409500,5000000000,1747536,1750537,1846537,0,1,0,0,1
1759000,1,0,2419,0,0,tick,1759001,0,0,0,0,5000000000,1000000000,10000000000,500000000,1000000000,4611686018427387904,1000,4000,100000,1,0,4611756388245323776,1149409500,5000000000,1748560,1751561,1847561,0,1,0,0,1,4611756388245323776,1149409500,5000000000,1748560,1751561,1847561,0,1,0,0,1
1759000,1,1,2419,1,1,tick,1759001,0,0,0,0,5000000000,1000000000,10000000000,500000000,1000000000,4611686018427387904,1000,4000,100000,1,0,4611756388245323776,1149409500,5000000000,1747536,1750537,1846537,0,1,0,0,1,4611756388245323776,1149409500,5000000000,1747536,1750537,1846537,0,1,0,0,1
1760000,1,0,2420,0,0,tick,1760001,0,0,0,0,5000000000,1000000000,10000000000,500000000,1000000000,4611686018427387904,1000,4000,100000,1,0,4611756388245323776,1149409500,5000000000,1748560,1751561,1847561,0,1,0,0,1,4611756388245323776,1149409500,5000000000,1748560,1751561,1847561,0,1,0,0,1
1760000,1,1,2420,1,1,tick,1760001,0,0,0,0,5000000000,1000000000,10000000000,500000000,1000000000,4611686018427387904,1000,4000,100000,1,0,4611756388245323776,1149409500,5000000000,1747536,1750537,1846537,0,1,0,0,1,4611756388245323776,1149409500,5000000000,1747536,1750537,1846537,0,1,0,0,1
1761000,1,0,2421,0,0,tick,1761001,0,0,0,0,5000000000,1000000000,10000000000,500000000,1000000000,4611686018427387904,1000,4000,100000,1,0,4611756388245323776,1149409500,5000000000,1748560,1751561,1847561,0,1,0,0,1,4611756388245323776,1149409500,5000000000,1748560,1751561,1847561,0,1,0,0,1
1761000,1,1,2421,1,1,tick,1761001,0,0,0,0,5000000000,1000000000,10000000000,500000000,1000000000,4611686018427387904,1000,4000,100000,1,0,4611756388245323776,1149409500,5000000000,1747536,1750537,1846537,0,1,0,0,1,4611756388245323776,1149409500,5000000000,1747536,1750537,1846537,0,1,0,0,1
1762000,1,0,2423,0,0,tick,1762001,0,0,0,0,5000000000,1000000000,10000000000,500000000,1000000000,4611686018427387904,1000,4000,100000,1,0,4611756388245323776,1149409500,5000000000,1748560,1751561,1847561,0,1,0,0,1,4611756388245323776,1149409500,5000000000,1748560,1751561,1847561,0,1,0,0,1
1762000,1,1,2423,1,1,tick,1762001,0,0,0,0,5000000000,1000000000,10000000000,500000000,1000000000,4611686018427387904,1000,4000,100000,1,0,4611756388245323776,1149409500,5000000000,1747536,1750537,1846537,0,1,0,0,1,4611756388245323776,1149409500,5000000000,1747536,1750537,1846537,0,1,0,0,1
1762536,0,6,20,1,1,feedback,1762536,0,15,0,0,5000000000,1000000000,10000000000,500000000,1000000000,4611686018427387904,1000,4000,100000,1,0,4611756388245323776,1149409500,5000000000,1747536,1750537,1846537,0,1,0,0,1,140739635871744,1149409500,5000000000,1762536,1762537,1846537,0,1,1,1,1
1763000,1,0,2426,0,0,tick,1763001,0,0,0,0,5000000000,1000000000,10000000000,500000000,1000000000,4611686018427387904,1000,4000,100000,1,0,4611756388245323776,1149409500,5000000000,1748560,1751561,1847561,0,1,0,0,1,4611756388245323776,1149409500,5000000000,1748560,1751561,1847561,0,1,0,0,1
1763000,1,1,2426,1,1,tick,1763001,0,1,0,1,5000000000,1000000000,10000000000,500000000,1000000000,4611686018427387904,1000,4000,100000,1,0,140739635871744,1149409500,5000000000,1762536,1762537,1846537,0,1,1,1,1,4611756388245323776,1000000000,5000000000,1763536,1766537,1862537,0,1,0,0,1
1763560,0,4,20,0,0,feedback,1763560,0,15,0,0,5000000000,1000000000,10000000000,500000000,1000000000,4611686018427387904,1000,4000,100000,1,0,4611756388245323776,1149409500,5000000000,1748560,1751561,1847561,0,1,0,0,1,140739635871744,1149409500,5000000000,1763560,1763561,1847561,0,1,1,1,1
1764000,1,0,2427,0,0,tick,1764001,0,1,0,1,5000000000,1000000000,10000000000,500000000,1000000000,4611686018427387904,1000,4000,100000,1,0,140739635871744,1149409500,5000000000,1763560,1763561,1847561,0,1,1,1,1,4611756388245323776,1000000000,5000000000,1764560,1767561,1863561,0,1,0,0,1
1764000,1,1,2427,1,1,tick,1764001,0,0,0,0,5000000000,1000000000,10000000000,500000000,1000000000,4611686018427387904,1000,4000,100000,1,0,4611756388245323776,1000000000,5000000000,1763536,1766537,1862537,0,1,0,0,1,4611756388245323776,1000000000,5000000000,1763536,1766537,1862537,0,1,0,0,1
1765000,1,0,2428,0,0,tick,1765001,0,0,0,0,5000000000,1000000000,10000000000,500000000,1000000000,4611686018427387904,1000,4000,100000,1,0,4611756388245323776,1000000000,5000000000,1764560,1767561,1863561,0,1,0,0,1,4611756388245323776,1000000000,5000000000,1764560,1767561,1863561,0,1,0,0,1
1765000,1,1,2428,1,1,tick,1765001,0,0,0,0,5000000000,1000000000,10000000000,500000000,1000000000,4611686018427387904,1000,4000,100000,1,0,4611756388245323776,1000000000,5000000000,1763536,1766537,1862537,0,1,0,0,1,4611756388245323776,1000000000,5000000000,1763536,1766537,1862537,0,1,0,0,1
1766000,1,0,2429,0,0,tick,1766001,0,0,0,0,5000000000,1000000000,10000000000,500000000,1000000000,4611686018427387904,1000,4000,100000,1,0,4611756388245323776,1000000000,5000000000,1764560,1767561,1863561,0,1,0,0,1,4611756388245323776,1000000000,5000000000,1764560,1767561,1863561,0,1,0,0,1
1766000,1,1,2429,1,1,tick,1766001,0,0,0,0,5000000000,1000000000,10000000000,500000000,1000000000,4611686018427387904,1000,4000,100000,1,0,4611756388245323776,1000000000,5000000000,1763536,1766537,1862537,0,1,0,0,1,4611756388245323776,1000000000,5000000000,1763536,1766537,1862537,0,1,0,0,1
1767000,1,0,2430,0,0,tick,1767001,0,0,0,0,5000000000,1000000000,10000000000,500000000,1000000000,4611686018427387904,1000,4000,100000,1,0,4611756388245323776,1000000000,5000000000,1764560,1767561,1863561,0,1,0,0,1,4611756388245323776,1000000000,5000000000,1764560,1767561,1863561,0,1,0,0,1
1767000,1,1,2430,1,1,tick,1767001,0,0,0,0,5000000000,1000000000,10000000000,500000000,1000000000,4611686018427387904,1000,4000,100000,1,0,4611756388245323776,1000000000,5000000000,1763536,1766537,1862537,0,1,0,0,1,4611756388245323776,1000000000,5000000000,1763536,1766537,1862537,0,1,0,0,1
1768000,1,0,2431,0,0,tick,1768001,0,0,0,0,5000000000,1000000000,10000000000,500000000,1000000000,4611686018427387904,1000,4000,100000,1,0,4611756388245323776,1000000000,5000000000,1764560,1767561,1863561,0,1,0,0,1,4611756388245323776,1000000000,5000000000,1764560,1767561,1863561,0,1,0,0,1
1768000,1,1,2431,1,1,tick,1768001,0,0,0,0,5000000000,1000000000,10000000000,500000000,1000000000,4611686018427387904,1000,4000,100000,1,0,4611756388245323776,1000000000,5000000000,1763536,1766537,1862537,0,1,0,0,1,4611756388245323776,1000000000,5000000000,1763536,1766537,1862537,0,1,0,0,1
1769000,1,0,2432,0,0,tick,1769001,0,0,0,0,5000000000,1000000000,10000000000,500000000,1000000000,4611686018427387904,1000,4000,100000,1,0,4611756388245323776,1000000000,5000000000,1764560,1767561,1863561,0,1,0,0,1,4611756388245323776,1000000000,5000000000,1764560,1767561,1863561,0,1,0,0,1
1769000,1,1,2432,1,1,tick,1769001,0,0,0,0,5000000000,1000000000,10000000000,500000000,1000000000,4611686018427387904,1000,4000,100000,1,0,4611756388245323776,1000000000,5000000000,1763536,1766537,1862537,0,1,0,0,1,4611756388245323776,1000000000,5000000000,1763536,1766537,1862537,0,1,0,0,1
1770000,1,0,2434,0,0,tick,1770001,0,0,0,0,5000000000,1000000000,10000000000,500000000,1000000000,4611686018427387904,1000,4000,100000,1,0,4611756388245323776,1000000000,5000000000,1764560,1767561,1863561,0,1,0,0,1,4611756388245323776,1000000000,5000000000,1764560,1767561,1863561,0,1,0,0,1
1770000,1,1,2434,1,1,tick,1770001,0,0,0,0,5000000000,1000000000,10000000000,500000000,1000000000,4611686018427387904,1000,4000,100000,1,0,4611756388245323776,1000000000,5000000000,1763536,1766537,1862537,0,1,0,0,1,4611756388245323776,1000000000,5000000000,1763536,1766537,1862537,0,1,0,0,1
1771000,1,0,2437,0,0,tick,1771001,0,0,0,0,5000000000,1000000000,10000000000,500000000,1000000000,4611686018427387904,1000,4000,100000,1,0,4611756388245323776,1000000000,5000000000,1764560,1767561,1863561,0,1,0,0,1,4611756388245323776,1000000000,5000000000,1764560,1767561,1863561,0,1,0,0,1
1771000,1,1,2437,1,1,tick,1771001,0,0,0,0,5000000000,1000000000,10000000000,500000000,1000000000,4611686018427387904,1000,4000,100000,1,0,4611756388245323776,1000000000,5000000000,1763536,1766537,1862537,0,1,0,0,1,4611756388245323776,1000000000,5000000000,1763536,1766537,1862537,0,1,0,0,1
1772000,1,0,2438,0,0,tick,1772001,0,0,0,0,5000000000,1000000000,10000000000,500000000,1000000000,4611686018427387904,1000,4000,100000,1,0,4611756388245323776,1000000000,5000000000,1764560,1767561,1863561,0,1,0,0,1,4611756388245323776,1000000000,5000000000,1764560,1767561,1863561,0,1,0,0,1
1772000,1,1,2438,1,1,tick,1772001,0,0,0,0,5000000000,1000000000,10000000000,500000000,1000000000,4611686018427387904,1000,4000,100000,1,0,4611756388245323776,1000000000,5000000000,1763536,1766537,1862537,0,1,0,0,1,4611756388245323776,1000000000,5000000000,1763536,1766537,1862537,0,1,0,0,1
1773000,1,0,2439,0,0,tick,1773001,0,0,0,0,5000000000,1000000000,10000000000,500000000,1000000000,4611686018427387904,1000,4000,100000,1,0,4611756388245323776,1000000000,5000000000,1764560,1767561,1863561,0,1,0,0,1,4611756388245323776,1000000000,5000000000,1764560,1767561,1863561,0,1,0,0,1
1773000,1,1,2439,1,1,tick,1773001,0,0,0,0,5000000000,1000000000,10000000000,500000000,1000000000,4611686018427387904,1000,4000,100000,1,0,4611756388245323776,1000000000,5000000000,1763536,1766537,1862537,0,1,0,0,1,4611756388245323776,1000000000,5000000000,1763536,1766537,1862537,0,1,0,0,1
1774000,1,0,2440,0,0,tick,1774001,0,0,0,0,5000000000,1000000000,10000000000,500000000,1000000000,4611686018427387904,1000,4000,100000,1,0,4611756388245323776,1000000000,5000000000,1764560,1767561,1863561,0,1,0,0,1,4611756388245323776,1000000000,5000000000,1764560,1767561,1863561,0,1,0,0,1
1774000,1,1,2440,1,1,tick,1774001,0,0,0,0,5000000000,1000000000,10000000000,500000000,1000000000,4611686018427387904,1000,4000,100000,1,0,4611756388245323776,1000000000,5000000000,1763536,1766537,1862537,0,1,0,0,1,4611756388245323776,1000000000,5000000000,1763536,1766537,1862537,0,1,0,0,1
1775000,1,0,2441,0,0,tick,1775001,0,0,0,0,5000000000,1000000000,10000000000,500000000,1000000000,4611686018427387904,1000,4000,100000,1,0,4611756388245323776,1000000000,5000000000,1764560,1767561,1863561,0,1,0,0,1,4611756388245323776,1000000000,5000000000,1764560,1767561,1863561,0,1,0,0,1
1775000,1,1,2441,1,1,tick,1775001,0,0,0,0,5000000000,1000000000,10000000000,500000000,1000000000,4611686018427387904,1000,4000,100000,1,0,4611756388245323776,1000000000,5000000000,1763536,1766537,1862537,0,1,0,0,1,4611756388245323776,1000000000,5000000000,1763536,1766537,1862537,0,1,0,0,1
1776000,1,0,2442,0,0,tick,1776001,0,0,0,0,5000000000,1000000000,10000000000,500000000,1000000000,4611686018427387904,1000,4000,100000,1,0,4611756388245323776,1000000000,5000000000,1764560,1767561,1863561,0,1,0,0,1,4611756388245323776,1000000000,5000000000,1764560,1767561,1863561,0,1,0,0,1
1776000,1,1,2442,1,1,tick,1776001,0,0,0,0,5000000000,1000000000,10000000000,500000000,1000000000,4611686018427387904,1000,4000,100000,1,0,4611756388245323776,1000000000,5000000000,1763536,1766537,1862537,0,1,0,0,1,4611756388245323776,1000000000,5000000000,1763536,1766537,1862537,0,1,0,0,1
1777000,1,0,2443,0,0,tick,1777001,0,0,0,0,5000000000,1000000000,10000000000,500000000,1000000000,4611686018427387904,1000,4000,100000,1,0,4611756388245323776,1000000000,5000000000,1764560,1767561,1863561,0,1,0,0,1,4611756388245323776,1000000000,5000000000,1764560,1767561,1863561,0,1,0,0,1
1777000,1,1,2443,1,1,tick,1777001,0,0,0,0,5000000000,1000000000,10000000000,500000000,1000000000,4611686018427387904,1000,4000,100000,1,0,4611756388245323776,1000000000,5000000000,1763536,1766537,1862537,0,1,0,0,1,4611756388245323776,1000000000,5000000000,1763536,1766537,1862537,0,1,0,0,1
1778000,1,0,2445,0,0,tick,1778001,0,0,0,0,5000000000,1000000000,10000000000,500000000,1000000000,4611686018427387904,1000,4000,100000,1,0,4611756388245323776,1000000000,5000000000,1764560,1767561,1863561,0,1,0,0,1,4611756388245323776,1000000000,5000000000,1764560,1767561,1863561,0,1,0,0,1
1778000,1,1,2445,1,1,tick,1778001,0,0,0,0,5000000000,1000000000,10000000000,500000000,1000000000,4611686018427387904,1000,4000,100000,1,0,4611756388245323776,1000000000,5000000000,1763536,1766537,1862537,0,1,0,0,1,4611756388245323776,1000000000,5000000000,1763536,1766537,1862537,0,1,0,0,1
1778536,0,6,23,1,1,feedback,1778536,0,15,0,0,5000000000,1000000000,10000000000,500000000,1000000000,4611686018427387904,1000,4000,100000,1,0,4611756388245323776,1000000000,5000000000,1763536,1766537,1862537,0,1,0,0,1,140739635871744,1000000000,5000000000,1778536,1778537,1862537,0,1,1,1,1
1779000,1,0,2448,0,0,tick,1779001,0,0,0,0,5000000000,1000000000,10000000000,500000000,1000000000,4611686018427387904,1000,4000,100000,1,0,4611756388245323776,1000000000,5000000000,1764560,1767561,1863561,0,1,0,0,1,4611756388245323776,1000000000,5000000000,1764560,1767561,1863561,0,1,0,0,1
1779000,1,1,2448,1,1,tick,1779001,0,1,0,1,5000000000,1000000000,10000000000,500000000,1000000000,4611686018427387904,1000,4000,100000,1,0,140739635871744,1000000000,5000000000,1778536,1778537,1862537,0,1,1,1,1,4611756388245323776,1000000000,5000000000,1779536,1782537,1878537,0,1,0,0,1
1779560,0,4,23,0,0,feedback,1779560,0,15,0,0,5000000000,1000000000,10000000000,500000000,1000000000,4611686018427387904,1000,4000,100000,1,0,4611756388245323776,1000000000,5000000000,1764560,1767561,1863561,0,1,0,0,1,140739635871744,1000000000,5000000000,1779560,1779561,1863561,0,1,1,1,1
1780000,1,0,2449,0,0,tick,1780001,0,1,0,1,5000000000,1000000000,10000000000,500000000,1000000000,4611686018427387904,1000,4000,100000,1,0,140739635871744,1000000000,5000000000,1779560,1779561,1863561,0,1,1,1,1,4611756388245323776,1000000000,5000000000,1780560,1783561,1879561,0,1,0,0,1
1780000,1,1,2449,1,1,tick,1780001,0,0,0,0,5000000000,1000000000,10000000000,500000000,1000000000,4611686018427387904,1000,4000,100000,1,0,4611756388245323776,1000000000,5000000000,1779536,1782537,1878537,0,1,0,0,1,4611756388245323776,1000000000,5000000000,1779536,1782537,1878537,0,1,0,0,1
1781000,1,0,2450,0,0,tick,1781001,0,0,0,0,5000000000,1000000000,10000000000,500000000,1000000000,4611686018427387904,1000,4000,100000,1,0,4611756388245323776,1000000000,5000000000,1780560,1783561,1879561,0,1,0,0,1,4611756388245323776,1000000000,5000000000,1780560,1783561,1879561,0,1,0,0,1
1781000,1,1,2450,1,1,tick,1781001,0,0,0,0,5000000000,1000000000,10000000000,500000000,1000000000,4611686018427387904,1000,4000,100000,1,0,4611756388245323776,1000000000,5000000000,1779536,1782537,1878537,0,1,0,0,1,4611756388245323776,1000000000,5000000000,1779536,1782537,1878537,0,1,0,0,1
1782000,1,0,2451,0,0,tick,1782001,0,0,0,0,5000000000,1000000000,10000000000,500000000,1000000000,4611686018427387904,1000,4000,100000,1,0,4611756388245323776,1000000000,5000000000,1780560,1783561,1879561,0,1,0,0,1,4611756388245323776,1000000000,5000000000,1780560,1783561,1879561,0,1,0,0,1
1782000,1,1,2451,1,1,tick,1782001,0,0,0,0,5000000000,1000000000,10000000000,500000000,1000000000,4611686018427387904,1000,4000,100000,1,0,4611756388245323776,1000000000,5000000000,1779536,1782537,1878537,0,1,0,0,1,4611756388245323776,1000000000,5000000000,1779536,1782537,1878537,0,1,0,0,1
1783000,1,0,2452,0,0,tick,1783001,0,0,0,0,5000000000,1000000000,10000000000,500000000,1000000000,4611686018427387904,1000,4000,100000,1,0,4611756388245323776,1000000000,5000000000,1780560,1783561,1879561,0,1,0,0,1,4611756388245323776,1000000000,5000000000,1780560,1783561,1879561,0,1,0,0,1
1783000,1,1,2452,1,1,tick,1783001,0,0,0,0,5000000000,1000000000,10000000000,500000000,1000000000,4611686018427387904,1000,4000,100000,1,0,4611756388245323776,1000000000,5000000000,1779536,1782537,1878537,0,1,0,0,1,4611756388245323776,1000000000,5000000000,1779536,1782537,1878537,0,1,0,0,1
1784000,1,0,2453,0,0,tick,1784001,0,0,0,0,5000000000,1000000000,10000000000,500000000,1000000000,4611686018427387904,1000,4000,100000,1,0,4611756388245323776,1000000000,5000000000,1780560,1783561,1879561,0,1,0,0,1,4611756388245323776,1000000000,5000000000,1780560,1783561,1879561,0,1,0,0,1
1784000,1,1,2453,1,1,tick,1784001,0,0,0,0,5000000000,1000000000,10000000000,500000000,1000000000,4611686018427387904,1000,4000,100000,1,0,4611756388245323776,1000000000,5000000000,1779536,1782537,1878537,0,1,0,0,1,4611756388245323776,1000000000,5000000000,1779536,1782537,1878537,0,1,0,0,1
1785000,1,0,2454,0,0,tick,1785001,0,0,0,0,5000000000,1000000000,10000000000,500000000,1000000000,4611686018427387904,1000,4000,100000,1,0,4611756388245323776,1000000000,5000000000,1780560,1783561,1879561,0,1,0,0,1,4611756388245323776,1000000000,5000000000,1780560,1783561,1879561,0,1,0,0,1
1785000,1,1,2454,1,1,tick,1785001,0,0,0,0,5000000000,1000000000,10000000000,500000000,1000000000,4611686018427387904,1000,4000,100000,1,0,4611756388245323776,1000000000,5000000000,1779536,1782537,1878537,0,1,0,0,1,4611756388245323776,1000000000,5000000000,1779536,1782537,1878537,0,1,0,0,1
1786000,1,0,2456,0,0,tick,1786001,0,0,0,0,5000000000,1000000000,10000000000,500000000,1000000000,4611686018427387904,1000,4000,100000,1,0,4611756388245323776,1000000000,5000000000,1780560,1783561,1879561,0,1,0,0,1,4611756388245323776,1000000000,5000000000,1780560,1783561,1879561,0,1,0,0,1
1786000,1,1,2456,1,1,tick,1786001,0,0,0,0,5000000000,1000000000,10000000000,500000000,1000000000,4611686018427387904,1000,4000,100000,1,0,4611756388245323776,1000000000,5000000000,1779536,1782537,1878537,0,1,0,0,1,4611756388245323776,1000000000,5000000000,1779536,1782537,1878537,0,1,0,0,1
1787000,1,0,2459,0,0,tick,1787001,0,0,0,0,5000000000,1000000000,10000000000,500000000,1000000000,4611686018427387904,1000,4000,100000,1,0,4611756388245323776,1000000000,5000000000,1780560,1783561,1879561,0,1,0,0,1,4611756388245323776,1000000000,5000000000,1780560,1783561,1879561,0,1,0,0,1
1787000,1,1,2459,1,1,tick,1787001,0,0,0,0,5000000000,1000000000,10000000000,500000000,1000000000,4611686018427387904,1000,4000,100000,1,0,4611756388245323776,1000000000,5000000000,1779536,1782537,1878537,0,1,0,0,1,4611756388245323776,1000000000,5000000000,1779536,1782537,1878537,0,1,0,0,1
1788000,1,0,2460,0,0,tick,1788001,0,0,0,0,5000000000,1000000000,10000000000,500000000,1000000000,4611686018427387904,1000,4000,100000,1,0,4611756388245323776,1000000000,5000000000,1780560,1783561,1879561,0,1,0,0,1,4611756388245323776,1000000000,5000000000,1780560,1783561,1879561,0,1,0,0,1
1788000,1,1,2460,1,1,tick,1788001,0,0,0,0,5000000000,1000000000,10000000000,500000000,1000000000,4611686018427387904,1000,4000,100000,1,0,4611756388245323776,1000000000,5000000000,1779536,1782537,1878537,0,1,0,0,1,4611756388245323776,1000000000,5000000000,1779536,1782537,1878537,0,1,0,0,1
1789000,1,0,2461,0,0,tick,1789001,0,0,0,0,5000000000,1000000000,10000000000,500000000,1000000000,4611686018427387904,1000,4000,100000,1,0,4611756388245323776,1000000000,5000000000,1780560,1783561,1879561,0,1,0,0,1,4611756388245323776,1000000000,5000000000,1780560,1783561,1879561,0,1,0,0,1
1789000,1,1,2461,1,1,tick,1789001,0,0,0,0,5000000000,1000000000,10000000000,500000000,1000000000,4611686018427387904,1000,4000,100000,1,0,4611756388245323776,1000000000,5000000000,1779536,1782537,1878537,0,1,0,0,1,4611756388245323776,1000000000,5000000000,1779536,1782537,1878537,0,1,0,0,1
1790000,1,0,2462,0,0,tick,1790001,0,0,0,0,5000000000,1000000000,10000000000,500000000,1000000000,4611686018427387904,1000,4000,100000,1,0,4611756388245323776,1000000000,5000000000,1780560,1783561,1879561,0,1,0,0,1,4611756388245323776,1000000000,5000000000,1780560,1783561,1879561,0,1,0,0,1
1790000,1,1,2462,1,1,tick,1790001,0,0,0,0,5000000000,1000000000,10000000000,500000000,1000000000,4611686018427387904,1000,4000,100000,1,0,4611756388245323776,1000000000,5000000000,1779536,1782537,1878537,0,1,0,0,1,4611756388245323776,1000000000,5000000000,1779536,1782537,1878537,0,1,0,0,1
1791000,1,0,2463,0,0,tick,1791001,0,0,0,0,5000000000,1000000000,10000000000,500000000,1000000000,4611686018427387904,1000,4000,100000,1,0,4611756388245323776,1000000000,5000000000,1780560,1783561,1879561,0,1,0,0,1,4611756388245323776,1000000000,5000000000,1780560,1783561,1879561,0,1,0,0,1
1791000,1,1,2463,1,1,tick,1791001,0,0,0,0,5000000000,1000000000,10000000000,500000000,1000000000,4611686018427387904,1000,4000,100000,1,0,4611756388245323776,1000000000,5000000000,1779536,1782537,1878537,0,1,0,0,1,4611756388245323776,1000000000,5000000000,1779536,1782537,1878537,0,1,0,0,1
1792000,1,0,2464,0,0,tick,1792001,0,0,0,0,5000000000,1000000000,10000000000,500000000,1000000000,4611686018427387904,1000,4000,100000,1,0,4611756388245323776,1000000000,5000000000,1780560,1783561,1879561,0,1,0,0,1,4611756388245323776,1000000000,5000000000,1780560,1783561,1879561,0,1,0,0,1
1792000,1,1,2464,1,1,tick,1792001,0,0,0,0,5000000000,1000000000,10000000000,500000000,1000000000,4611686018427387904,1000,4000,100000,1,0,4611756388245323776,1000000000,5000000000,1779536,1782537,1878537,0,1,0,0,1,4611756388245323776,1000000000,5000000000,1779536,1782537,1878537,0,1,0,0,1
1793000,1,0,2465,0,0,tick,1793001,0,0,0,0,5000000000,1000000000,10000000000,500000000,1000000000,4611686018427387904,1000,4000,100000,1,0,4611756388245323776,1000000000,5000000000,1780560,1783561,1879561,0,1,0,0,1,4611756388245323776,1000000000,5000000000,1780560,1783561,1879561,0,1,0,0,1
1793000,1,1,2465,1,1,tick,1793001,0,0,0,0,5000000000,1000000000,10000000000,500000000,1000000000,4611686018427387904,1000,4000,100000,1,0,4611756388245323776,1000000000,5000000000,1779536,1782537,1878537,0,1,0,0,1,4611756388245323776,1000000000,5000000000,1779536,1782537,1878537,0,1,0,0,1
1794000,1,0,2467,0,0,tick,1794001,0,0,0,0,5000000000,1000000000,10000000000,500000000,1000000000,4611686018427387904,1000,4000,100000,1,0,4611756388245323776,1000000000,5000000000,1780560,1783561,1879561,0,1,0,0,1,4611756388245323776,1000000000,5000000000,1780560,1783561,1879561,0,1,0,0,1
1794000,1,1,2467,1,1,tick,1794001,0,0,0,0,5000000000,1000000000,10000000000,500000000,1000000000,4611686018427387904,1000,4000,100000,1,0,4611756388245323776,1000000000,5000000000,1779536,1782537,1878537,0,1,0,0,1,4611756388245323776,1000000000,5000000000,1779536,1782537,1878537,0,1,0,0,1
1794536,0,6,26,1,1,feedback,1794536,0,15,0,0,5000000000,1000000000,10000000000,500000000,1000000000,4611686018427387904,1000,4000,100000,1,0,4611756388245323776,1000000000,5000000000,1779536,1782537,1878537,0,1,0,0,1,140739635871744,1000000000,5000000000,1794536,1794537,1878537,0,1,1,1,1
1795000,1,0,2470,0,0,tick,1795001,0,0,0,0,5000000000,1000000000,10000000000,500000000,1000000000,4611686018427387904,1000,4000,100000,1,0,4611756388245323776,1000000000,5000000000,1780560,1783561,1879561,0,1,0,0,1,4611756388245323776,1000000000,5000000000,1780560,1783561,1879561,0,1,0,0,1
1795000,1,1,2470,1,1,tick,1795001,0,1,0,1,5000000000,1000000000,10000000000,500000000,1000000000,4611686018427387904,1000,4000,100000,1,0,140739635871744,1000000000,5000000000,1794536,1794537,1878537,0,1,1,1,1,4611756388245323776,1000000000,5000000000,1795536,1798537,1894537,0,1,0,0,1
1795560,0,4,26,0,0,feedback,1795560,0,15,0,0,5000000000,1000000000,10000000000,500000000,1000000000,4611686018427387904,1000,4000,100000,1,0,4611756388245323776,1000000000,5000000000,1780560,1783561,1879561,0,1,0,0,1,140739635871744,1000000000,5000000000,1795560,1795561,1879561,0,1,1,1,1
1796000,1,0,2471,0,0,tick,1796001,0,1,0,1,5000000000,1000000000,10000000000,500000000,1000000000,4611686018427387904,1000,4000,100000,1,0,140739635871744,1000000000,5000000000,1795560,1795561,1879561,0,1,1,1,1,4611756388245323776,1000000000,5000000000,1796560,1799561,1895561,0,1,0,0,1
1796000,1,1,2471,1,1,tick,1796001,0,0,0,0,5000000000,1000000000,10000000000,500000000,1000000000,4611686018427387904,1000,4000,100000,1,0,4611756388245323776,1000000000,5000000000,1795536,1798537,1894537,0,1,0,0,1,4611756388245323776,1000000000,5000000000,1795536,1798537,1894537,0,1,0,0,1
1797000,1,0,2472,0,0,tick,1797001,0,0,0,0,5000000000,1000000000,10000000000,500000000,1000000000,4611686018427387904,1000,4000,100000,1,0,4611756388245323776,1000000000,5000000000,1796560,1799561,1895561,0,1,0,0,1,4611756388245323776,1000000000,5000000000,1796560,1799561,1895561,0,1,0,0,1
1797000,1,1,2472,1,1,tick,1797001,0,0,0,0,5000000000,1000000000,10000000000,500000000,1000000000,4611686018427387904,1000,4000,100000,1,0,4611756388245323776,1000000000,5000000000,1795536,1798537,1894537,0,1,0,0,1,4611756388245323776,1000000000,5000000000,1795536,1798537,1894537,0,1,0,0,1
1798000,1,0,2473,0,0,tick,1798001,0,0,0,0,5000000000,1000000000,10000000000,500000000,1000000000,4611686018427387904,1000,4000,100000,1,0,4611756388245323776,1000000000,5000000000,1796560,1799561,1895561,0,1,0,0,1,4611756388245323776,1000000000,5000000000,1796560,1799561,1895561,0,1,0,0,1
1798000,1,1,2473,1,1,tick,1798001,0,0,0,0,5000000000,1000000000,10000000000,500000000,1000000000,4611686018427387904,1000,4000,100000,1,0,4611756388245323776,1000000000,5000000000,1795536,1798537,1894537,0,1,0,0,1,4611756388245323776,1000000000,5000000000,1795536,1798537,1894537,0,1,0,0,1
1799000,1,0,2474,0,0,tick,1799001,0,0,0,0,5000000000,1000000000,10000000000,500000000,1000000000,4611686018427387904,1000,4000,100000,1,0,4611756388245323776,1000000000,5000000000,1796560,1799561,1895561,0,1,0,0,1,4611756388245323776,1000000000,5000000000,1796560,1799561,1895561,0,1,0,0,1
1799000,1,1,2474,1,1,tick,1799001,0,0,0,0,5000000000,1000000000,10000000000,500000000,1000000000,4611686018427387904,1000,4000,100000,1,0,4611756388245323776,1000000000,5000000000,1795536,1798537,1894537,0,1,0,0,1,4611756388245323776,1000000000,5000000000,1795536,1798537,1894537,0,1,0,0,1
