time_ns,event_phase,event_origin_node,event_origin_sequence,node_id,flow_id,kind,class_paused,window_blocked,data_class,mtu_bytes,total_bytes,pacing_interval_ns,first_pacing_time_ns,rto_ns,window_bytes,variable_window,maximum_rate_bps,initial_rate_bps,rate_bps,input_acknowledgment,input_ce_echo,emitted,emitted_psn,emitted_bytes,emitted_retransmission,emitted_payload,before_next_psn,before_snd_una,before_bytes_emitted,before_packets_emitted,before_credit_quanta,before_rto_deadline_ns,before_pacer,before_next_tick_ns,before_status,after_next_psn,after_snd_una,after_bytes_emitted,after_packets_emitted,after_credit_quanta,after_rto_deadline_ns,after_pacer,after_next_tick_ns,after_status,congestion_control
0,1,0,0,0,0,tick,0,0,0,1000,40000,8000,0,1000000,0,0,1000000000,1000000000,1000000000,,,1,0,1000,0,14,0,0,0,0,0,,armed,0,scheduled,1000,0,1000,1,0,1000000,armed,8000,scheduled,none
0,1,1,0,1,1,tick,0,0,0,1000,40000,1000,0,1000000,0,0,1000000000,1000000000,1000000000,,,0,,,,,0,0,0,0,0,,armed,0,blocked,0,0,0,0,1000000000000,,armed,1000,blocked,dcqcn
0,1,2,0,2,2,tick,0,0,0,1000,40000,1000,0,1000000,0,0,1000000000,1000000000,1000000000,,,0,,,,,0,0,0,0,0,,armed,0,blocked,0,0,0,0,1000000000000,,armed,1000,blocked,dcqcn
0,1,3,0,3,3,tick,0,0,0,1000,40000,8000,0,1000000,0,0,1000000000,1000000000,1000000000,,,1,0,1000,0,17,0,0,0,0,0,,armed,0,scheduled,1000,0,1000,1,0,1000000,armed,8000,scheduled,none
1000,1,1,1,1,1,tick,0,0,0,1000,40000,1000,0,1000000,0,0,1000000000,1000000000,1000000000,,,0,,,,,0,0,0,0,1000000000000,,armed,1000,blocked,0,0,0,0,2000000000000,,armed,2000,blocked,dcqcn
1000,1,2,1,2,2,tick,0,0,0,1000,40000,1000,0,1000000,0,0,1000000000,1000000000,1000000000,,,0,,,,,0,0,0,0,1000000000000,,armed,1000,blocked,0,0,0,0,2000000000000,,armed,2000,blocked,dcqcn
2000,1,1,2,1,1,tick,0,0,0,1000,40000,1000,0,1000000,0,0,1000000000,1000000000,1000000000,,,0,,,,,0,0,0,0,2000000000000,,armed,2000,blocked,0,0,0,0,3000000000000,,armed,3000,blocked,dcqcn
2000,1,2,2,2,2,tick,0,0,0,1000,40000,1000,0,1000000,0,0,1000000000,1000000000,1000000000,,,0,,,,,0,0,0,0,2000000000000,,armed,2000,blocked,0,0,0,0,3000000000000,,armed,3000,blocked,dcqcn
3000,1,1,3,1,1,tick,0,0,0,1000,40000,1000,0,1000000,0,0,1000000000,1000000000,1000000000,,,0,,,,,0,0,0,0,3000000000000,,armed,3000,blocked,0,0,0,0,4000000000000,,armed,4000,blocked,dcqcn
3000,1,2,3,2,2,tick,0,0,0,1000,40000,1000,0,1000000,0,0,1000000000,1000000000,1000000000,,,0,,,,,0,0,0,0,3000000000000,,armed,3000,blocked,0,0,0,0,4000000000000,,armed,4000,blocked,dcqcn
4000,1,1,4,1,1,tick,0,0,0,1000,40000,1000,0,1000000,0,0,1000000000,1000000000,1000000000,,,0,,,,,0,0,0,0,4000000000000,,armed,4000,blocked,0,0,0,0,5000000000000,,armed,5000,blocked,dcqcn
4000,1,2,4,2,2,tick,0,0,0,1000,40000,1000,0,1000000,0,0,1000000000,1000000000,1000000000,,,0,,,,,0,0,0,0,4000000000000,,armed,4000,blocked,0,0,0,0,5000000000000,,armed,5000,blocked,dcqcn
5000,1,1,5,1,1,tick,0,0,0,1000,40000,1000,0,1000000,0,0,1000000000,1000000000,1000000000,,,0,,,,,0,0,0,0,5000000000000,,armed,5000,blocked,0,0,0,0,6000000000000,,armed,6000,blocked,dcqcn
5000,1,2,5,2,2,tick,0,0,0,1000,40000,1000,0,1000000,0,0,1000000000,1000000000,1000000000,,,0,,,,,0,0,0,0,5000000000000,,armed,5000,blocked,0,0,0,0,6000000000000,,armed,6000,blocked,dcqcn
6000,1,1,6,1,1,tick,0,0,0,1000,40000,1000,0,1000000,0,0,1000000000,1000000000,1000000000,,,0,,,,,0,0,0,0,6000000000000,,armed,6000,blocked,0,0,0,0,7000000000000,,armed,7000,scheduled,dcqcn
6000,1,2,6,2,2,tick,0,0,0,1000,40000,1000,0,1000000,0,0,1000000000,1000000000,1000000000,,,0,,,,,0,0,0,0,6000000000000,,armed,6000,blocked,0,0,0,0,7000000000000,,armed,7000,scheduled,dcqcn
7000,1,1,7,1,1,tick,0,0,0,1000,40000,1000,0,1000000,0,0,1000000000,1000000000,1000000000,,,1,0,1000,0,15,0,0,0,0,7000000000000,,armed,7000,scheduled,1000,0,1000,1,0,1007000,armed,8000,blocked,dcqcn
7000,1,2,7,2,2,tick,0,0,0,1000,40000,1000,0,1000000,0,0,1000000000,1000000000,1000000000,,,1,0,1000,0,16,0,0,0,0,7000000000000,,armed,7000,scheduled,1000,0,1000,1,0,1007000,armed,8000,blocked,dcqcn
8000,1,0,1,0,0,tick,0,0,0,1000,40000,8000,0,1000000,0,0,1000000000,1000000000,1000000000,,,1,1000,1000,0,28,1000,0,1000,1,0,1000000,armed,8000,scheduled,2000,0,2000,2,0,1000000,armed,16000,scheduled,none
8000,1,1,8,1,1,tick,0,0,0,1000,40000,1000,0,1000000,0,0,1000000000,1000000000,1000000000,,,0,,,,,1000,0,1000,1,0,1007000,armed,8000,blocked,1000,0,1000,1,1000000000000,1007000,armed,9000,blocked,dcqcn
8000,1,2,8,2,2,tick,0,0,0,1000,40000,1000,0,1000000,0,0,1000000000,1000000000,1000000000,,,0,,,,,1000,0,1000,1,0,1007000,armed,8000,blocked,1000,0,1000,1,1000000000000,1007000,armed,9000,blocked,dcqcn
8000,1,3,1,3,3,tick,0,0,0,1000,40000,8000,0,1000000,0,0,1000000000,1000000000,1000000000,,,1,1000,1000,0,31,1000,0,1000,1,0,1000000,armed,8000,scheduled,2000,0,2000,2,0,1000000,armed,16000,scheduled,none
9000,1,1,13,1,1,tick,0,0,0,1000,40000,1000,0,1000000,0,0,1000000000,1000000000,1000000000,,,0,,,,,1000,0,1000,1,1000000000000,1007000,armed,9000,blocked,1000,0,1000,1,2000000000000,1007000,armed,10000,blocked,dcqcn
9000,1,2,13,2,2,tick,0,0,0,1000,40000,1000,0,1000000,0,0,1000000000,1000000000,1000000000,,,0,,,,,1000,0,1000,1,1000000000000,1007000,armed,9000,blocked,1000,0,1000,1,2000000000000,1007000,armed,10000,blocked,dcqcn
10000,1,1,14,1,1,tick,0,0,0,1000,40000,1000,0,1000000,0,0,1000000000,1000000000,1000000000,,,0,,,,,1000,0,1000,1,2000000000000,1007000,armed,10000,blocked,1000,0,1000,1,3000000000000,1007000,armed,11000,blocked,dcqcn
10000,1,2,14,2,2,tick,0,0,0,1000,40000,1000,0,1000000,0,0,1000000000,1000000000,1000000000,,,0,,,,,1000,0,1000,1,2000000000000,1007000,armed,10000,blocked,1000,0,1000,1,3000000000000,1007000,armed,11000,blocked,dcqcn
11000,1,1,15,1,1,tick,0,0,0,1000,40000,1000,0,1000000,0,0,1000000000,1000000000,1000000000,,,0,,,,,1000,0,1000,1,3000000000000,1007000,armed,11000,blocked,1000,0,1000,1,4000000000000,1007000,armed,12000,blocked,dcqcn
11000,1,2,15,2,2,tick,0,0,0,1000,40000,1000,0,1000000,0,0,1000000000,1000000000,1000000000,,,0,,,,,1000,0,1000,1,3000000000000,1007000,armed,11000,blocked,1000,0,1000,1,4000000000000,1007000,armed,12000,blocked,dcqcn
12000,1,1,16,1,1,tick,0,0,0,1000,40000,1000,0,1000000,0,0,1000000000,1000000000,1000000000,,,0,,,,,1000,0,1000,1,4000000000000,1007000,armed,12000,blocked,1000,0,1000,1,5000000000000,1007000,armed,13000,blocked,dcqcn
12000,1,2,16,2,2,tick,0,0,0,1000,40000,1000,0,1000000,0,0,1000000000,1000000000,1000000000,,,0,,,,,1000,0,1000,1,4000000000000,1007000,armed,12000,blocked,1000,0,1000,1,5000000000000,1007000,armed,13000,blocked,dcqcn
13000,1,1,17,1,1,tick,0,0,0,1000,40000,1000,0,1000000,0,0,1000000000,1000000000,1000000000,,,0,,,,,1000,0,1000,1,5000000000000,1007000,armed,13000,blocked,1000,0,1000,1,6000000000000,1007000,armed,14000,blocked,dcqcn
13000,1,2,17,2,2,tick,0,0,0,1000,40000,1000,0,1000000,0,0,1000000000,1000000000,1000000000,,,0,,,,,1000,0,1000,1,5000000000000,1007000,armed,13000,blocked,1000,0,1000,1,6000000000000,1007000,armed,14000,blocked,dcqcn
14000,1,1,18,1,1,tick,0,0,0,1000,40000,1000,0,1000000,0,0,1000000000,1000000000,1000000000,,,0,,,,,1000,0,1000,1,6000000000000,1007000,armed,14000,blocked,1000,0,1000,1,7000000000000,1007000,armed,15000,scheduled,dcqcn
14000,1,2,18,2,2,tick,0,0,0,1000,40000,1000,0,1000000,0,0,1000000000,1000000000,1000000000,,,0,,,,,1000,0,1000,1,6000000000000,1007000,armed,14000,blocked,1000,0,1000,1,7000000000000,1007000,armed,15000,scheduled,dcqcn
15000,1,1,19,1,1,tick,0,0,0,1000,40000,1000,0,1000000,0,0,1000000000,1000000000,1000000000,,,1,1000,1000,0,29,1000,0,1000,1,7000000000000,1007000,armed,15000,scheduled,2000,0,2000,2,0,1007000,armed,16000,blocked,dcqcn
15000,1,2,19,2,2,tick,0,0,0,1000,40000,1000,0,1000000,0,0,1000000000,1000000000,1000000000,,,1,1000,1000,0,30,1000,0,1000,1,7000000000000,1007000,armed,15000,scheduled,2000,0,2000,2,0,1007000,armed,16000,blocked,dcqcn
16000,1,0,6,0,0,tick,0,0,0,1000,40000,8000,0,1000000,0,0,1000000000,1000000000,1000000000,,,1,2000,1000,0,42,2000,0,2000,2,0,1000000,armed,16000,scheduled,3000,0,3000,3,0,1000000,armed,24000,scheduled,none
16000,1,1,20,1,1,tick,0,0,0,1000,40000,1000,0,1000000,0,0,1000000000,1000000000,1000000000,,,0,,,,,2000,0,2000,2,0,1007000,armed,16000,blocked,2000,0,2000,2,1000000000000,1007000,armed,17000,blocked,dcqcn
16000,1,2,20,2,2,tick,0,0,0,1000,40000,1000,0,1000000,0,0,1000000000,1000000000,1000000000,,,0,,,,,2000,0,2000,2,0,1007000,armed,16000,blocked,2000,0,2000,2,1000000000000,1007000,armed,17000,blocked,dcqcn
16000,1,3,6,3,3,tick,0,0,0,1000,40000,8000,0,1000000,0,0,1000000000,1000000000,1000000000,,,1,2000,1000,0,45,2000,0,2000,2,0,1000000,armed,16000,scheduled,3000,0,3000,3,0,1000000,armed,24000,scheduled,none
17000,1,1,24,1,1,tick,0,0,0,1000,40000,1000,0,1000000,0,0,1000000000,1000000000,1000000000,,,0,,,,,2000,0,2000,2,1000000000000,1007000,armed,17000,blocked,2000,0,2000,2,2000000000000,1007000,armed,18000,blocked,dcqcn
17000,1,2,24,2,2,tick,0,0,0,1000,40000,1000,0,1000000,0,0,1000000000,1000000000,1000000000,,,0,,,,,2000,0,2000,2,1000000000000,1007000,armed,17000,blocked,2000,0,2000,2,2000000000000,1007000,armed,18000,blocked,dcqcn
18000,1,1,25,1,1,tick,0,0,0,1000,40000,1000,0,1000000,0,0,1000000000,1000000000,1000000000,,,0,,,,,2000,0,2000,2,2000000000000,1007000,armed,18000,blocked,2000,0,2000,2,3000000000000,1007000,armed,19000,blocked,dcqcn
18000,1,2,25,2,2,tick,0,0,0,1000,40000,1000,0,1000000,0,0,1000000000,1000000000,1000000000,,,0,,,,,2000,0,2000,2,2000000000000,1007000,armed,18000,blocked,2000,0,2000,2,3000000000000,1007000,armed,19000,blocked,dcqcn
19000,1,1,26,1,1,tick,0,0,0,1000,40000,1000,0,1000000,0,0,1000000000,1000000000,1000000000,,,0,,,,,2000,0,2000,2,3000000000000,1007000,armed,19000,blocked,2000,0,2000,2,4000000000000,1007000,armed,20000,blocked,dcqcn
19000,1,2,26,2,2,tick,0,0,0,1000,40000,1000,0,1000000,0,0,1000000000,1000000000,1000000000,,,0,,,,,2000,0,2000,2,3000000000000,1007000,armed,19000,blocked,2000,0,2000,2,4000000000000,1007000,armed,20000,blocked,dcqcn
20000,1,1,27,1,1,tick,0,0,0,1000,40000,1000,0,1000000,0,0,1000000000,1000000000,1000000000,,,0,,,,,2000,0,2000,2,4000000000000,1007000,armed,20000,blocked,2000,0,2000,2,5000000000000,1007000,armed,21000,blocked,dcqcn
20000,1,2,27,2,2,tick,0,0,0,1000,40000,1000,0,1000000,0,0,1000000000,1000000000,1000000000,,,0,,,,,2000,0,2000,2,4000000000000,1007000,armed,20000,blocked,2000,0,2000,2,5000000000000,1007000,armed,21000,blocked,dcqcn
21000,1,1,28,1,1,tick,0,0,0,1000,40000,1000,0,1000000,0,0,1000000000,1000000000,1000000000,,,0,,,,,2000,0,2000,2,5000000000000,1007000,armed,21000,blocked,2000,0,2000,2,6000000000000,1007000,armed,22000,blocked,dcqcn
21000,1,2,28,2,2,tick,0,0,0,1000,40000,1000,0,1000000,0,0,1000000000,1000000000,1000000000,,,0,,,,,2000,0,2000,2,5000000000000,1007000,armed,21000,blocked,2000,0,2000,2,6000000000000,1007000,armed,22000,blocked,dcqcn
22000,1,1,29,1,1,tick,0,0,0,1000,40000,1000,0,1000000,0,0,1000000000,1000000000,1000000000,,,0,,,,,2000,0,2000,2,6000000000000,1007000,armed,22000,blocked,2000,0,2000,2,7000000000000,1007000,armed,23000,scheduled,dcqcn
22000,1,2,29,2,2,tick,0,0,0,1000,40000,1000,0,1000000,0,0,1000000000,1000000000,1000000000,,,0,,,,,2000,0,2000,2,6000000000000,1007000,armed,22000,blocked,2000,0,2000,2,7000000000000,1007000,armed,23000,scheduled,dcqcn
23000,1,1,30,1,1,tick,0,0,0,1000,40000,1000,0,1000000,0,0,1000000000,1000000000,1000000000,,,1,2000,1000,0,43,2000,0,2000,2,7000000000000,1007000,armed,23000,scheduled,3000,0,3000,3,0,1007000,armed,24000,blocked,dcqcn
23000,1,2,30,2,2,tick,0,0,0,1000,40000,1000,0,1000000,0,0,1000000000,1000000000,1000000000,,,1,2000,1000,0,44,2000,0,2000,2,7000000000000,1007000,armed,23000,scheduled,3000,0,3000,3,0,1007000,armed,24000,blocked,dcqcn
24000,1,0,10,0,0,tick,0,0,0,1000,40000,8000,0,1000000,0,0,1000000000,1000000000,1000000000,,,1,3000,1000,0,56,3000,0,3000,3,0,1000000,armed,24000,scheduled,4000,0,4000,4,0,1000000,armed,32000,scheduled,none
24000,1,1,31,1,1,tick,0,0,0,1000,40000,1000,0,1000000,0,0,1000000000,1000000000,1000000000,,,0,,,,,3000,0,3000,3,0,1007000,armed,24000,blocked,3000,0,3000,3,1000000000000,1007000,armed,25000,blocked,dcqcn
24000,1,2,31,2,2,tick,0,0,0,1000,40000,1000,0,1000000,0,0,1000000000,1000000000,1000000000,,,0,,,,,3000,0,3000,3,0,1007000,armed,24000,blocked,3000,0,3000,3,1000000000000,1007000,armed,25000,blocked,dcqcn
24000,1,3,10,3,3,tick,0,0,0,1000,40000,8000,0,1000000,0,0,1000000000,1000000000,1000000000,,,1,3000,1000,0,59,3000,0,3000,3,0,1000000,armed,24000,scheduled,4000,0,4000,4,0,1000000,armed,32000,scheduled,none
25000,1,1,35,1,1,tick,0,0,0,1000,40000,1000,0,1000000,0,0,1000000000,1000000000,1000000000,,,0,,,,,3000,0,3000,3,1000000000000,1007000,armed,25000,blocked,3000,0,3000,3,2000000000000,1007000,armed,26000,blocked,dcqcn
25000,1,2,35,2,2,tick,0,0,0,1000,40000,1000,0,1000000,0,0,1000000000,1000000000,1000000000,,,0,,,,,3000,0,3000,3,1000000000000,1007000,armed,25000,blocked,3000,0,3000,3,2000000000000,1007000,armed,26000,blocked,dcqcn
26000,1,1,36,1,1,tick,0,0,0,1000,40000,1000,0,1000000,0,0,1000000000,1000000000,1000000000,,,0,,,,,3000,0,3000,3,2000000000000,1007000,armed,26000,blocked,3000,0,3000,3,3000000000000,1007000,armed,27000,blocked,dcqcn
26000,1,2,36,2,2,tick,0,0,0,1000,40000,1000,0,1000000,0,0,1000000000,1000000000,1000000000,,,0,,,,,3000,0,3000,3,2000000000000,1007000,armed,26000,blocked,3000,0,3000,3,3000000000000,1007000,armed,27000,blocked,dcqcn
27000,1,1,37,1,1,tick,0,0,0,1000,40000,1000,0,1000000,0,0,1000000000,1000000000,1000000000,,,0,,,,,3000,0,3000,3,3000000000000,1007000,armed,27000,blocked,3000,0,3000,3,4000000000000,1007000,armed,28000,blocked,dcqcn
27000,1,2,37,2,2,tick,0,0,0,1000,40000,1000,0,1000000,0,0,1000000000,1000000000,1000000000,,,0,,,,,3000,0,3000,3,3000000000000,1007000,armed,27000,blocked,3000,0,3000,3,4000000000000,1007000,armed,28000,blocked,dcqcn
28000,1,1,38,1,1,tick,0,0,0,1000,40000,1000,0,1000000,0,0,1000000000,1000000000,1000000000,,,0,,,,,3000,0,3000,3,4000000000000,1007000,armed,28000,blocked,3000,0,3000,3,5000000000000,1007000,armed,29000,blocked,dcqcn
28000,1,2,38,2,2,tick,0,0,0,1000,40000,1000,0,1000000,0,0,1000000000,1000000000,1000000000,,,0,,,,,3000,0,3000,3,4000000000000,1007000,armed,28000,blocked,3000,0,3000,3,5000000000000,1007000,armed,29000,blocked,dcqcn
29000,1,1,39,1,1,tick,0,0,0,1000,40000,1000,0,1000000,0,0,1000000000,1000000000,1000000000,,,0,,,,,3000,0,3000,3,5000000000000,1007000,armed,29000,blocked,3000,0,3000,3,6000000000000,1007000,armed,30000,blocked,dcqcn
29000,1,2,39,2,2,tick,0,0,0,1000,40000,1000,0,1000000,0,0,1000000000,1000000000,1000000000,,,0,,,,,3000,0,3000,3,5000000000000,1007000,armed,29000,blocked,3000,0,3000,3,6000000000000,1007000,armed,30000,blocked,dcqcn
30000,1,1,40,1,1,tick,0,0,0,1000,40000,1000,0,1000000,0,0,1000000000,1000000000,1000000000,,,0,,,,,3000,0,3000,3,6000000000000,1007000,armed,30000,blocked,3000,0,3000,3,7000000000000,1007000,armed,31000,scheduled,dcqcn
30000,1,2,40,2,2,tick,0,0,0,1000,40000,1000,0,1000000,0,0,1000000000,1000000000,1000000000,,,0,,,,,3000,0,3000,3,6000000000000,1007000,armed,30000,blocked,3000,0,3000,3,7000000000000,1007000,armed,31000,scheduled,dcqcn
31000,1,1,41,1,1,tick,0,0,0,1000,40000,1000,0,1000000,0,0,1000000000,1000000000,1000000000,,,1,3000,1000,0,57,3000,0,3000,3,7000000000000,1007000,armed,31000,scheduled,4000,0,4000,4,0,1007000,armed,32000,blocked,dcqcn
31000,1,2,41,2,2,tick,0,0,0,1000,40000,1000,0,1000000,0,0,1000000000,1000000000,1000000000,,,1,3000,1000,0,58,3000,0,3000,3,7000000000000,1007000,armed,31000,scheduled,4000,0,4000,4,0,1007000,armed,32000,blocked,dcqcn
32000,1,0,14,0,0,tick,0,0,0,1000,40000,8000,0,1000000,0,0,1000000000,1000000000,1000000000,,,1,4000,1000,0,70,4000,0,4000,4,0,1000000,armed,32000,scheduled,5000,0,5000,5,0,1000000,armed,40000,scheduled,none
32000,1,1,42,1,1,tick,0,0,0,1000,40000,1000,0,1000000,0,0,1000000000,1000000000,1000000000,,,0,,,,,4000,0,4000,4,0,1007000,armed,32000,blocked,4000,0,4000,4,1000000000000,1007000,armed,33000,blocked,dcqcn
32000,1,2,42,2,2,tick,0,0,0,1000,40000,1000,0,1000000,0,0,1000000000,1000000000,1000000000,,,0,,,,,4000,0,4000,4,0,1007000,armed,32000,blocked,4000,0,4000,4,1000000000000,1007000,armed,33000,blocked,dcqcn
32000,1,3,14,3,3,tick,0,0,0,1000,40000,8000,0,1000000,0,0,1000000000,1000000000,1000000000,,,1,4000,1000,0,73,4000,0,4000,4,0,1000000,armed,32000,scheduled,5000,0,5000,5,0,1000000,armed,40000,scheduled,none
33000,1,1,46,1,1,tick,0,0,0,1000,40000,1000,0,1000000,0,0,1000000000,1000000000,1000000000,,,0,,,,,4000,0,4000,4,1000000000000,1007000,armed,33000,blocked,4000,0,4000,4,2000000000000,1007000,armed,34000,blocked,dcqcn
33000,1,2,46,2,2,tick,0,0,0,1000,40000,1000,0,1000000,0,0,1000000000,1000000000,1000000000,,,0,,,,,4000,0,4000,4,1000000000000,1007000,armed,33000,blocked,4000,0,4000,4,2000000000000,1007000,armed,34000,blocked,dcqcn
34000,1,1,47,1,1,tick,0,0,0,1000,40000,1000,0,1000000,0,0,1000000000,1000000000,1000000000,,,0,,,,,4000,0,4000,4,2000000000000,1007000,armed,34000,blocked,4000,0,4000,4,3000000000000,1007000,armed,35000,blocked,dcqcn
34000,1,2,47,2,2,tick,0,0,0,1000,40000,1000,0,1000000,0,0,1000000000,1000000000,1000000000,,,0,,,,,4000,0,4000,4,2000000000000,1007000,armed,34000,blocked,4000,0,4000,4,3000000000000,1007000,armed,35000,blocked,dcqcn
35000,1,1,48,1,1,tick,0,0,0,1000,40000,1000,0,1000000,0,0,1000000000,1000000000,1000000000,,,0,,,,,4000,0,4000,4,3000000000000,1007000,armed,35000,blocked,4000,0,4000,4,4000000000000,1007000,armed,36000,blocked,dcqcn
35000,1,2,48,2,2,tick,0,0,0,1000,40000,1000,0,1000000,0,0,1000000000,1000000000,1000000000,,,0,,,,,4000,0,4000,4,3000000000000,1007000,armed,35000,blocked,4000,0,4000,4,4000000000000,1007000,armed,36000,blocked,dcqcn
36000,1,1,49,1,1,tick,0,0,0,1000,40000,1000,0,1000000,0,0,1000000000,1000000000,1000000000,,,0,,,,,4000,0,4000,4,4000000000000,1007000,armed,36000,blocked,4000,0,4000,4,5000000000000,1007000,armed,37000,blocked,dcqcn
36000,1,2,49,2,2,tick,0,0,0,1000,40000,1000,0,1000000,0,0,1000000000,1000000000,1000000000,,,0,,,,,4000,0,4000,4,4000000000000,1007000,armed,36000,blocked,4000,0,4000,4,5000000000000,1007000,armed,37000,blocked,dcqcn
37000,1,1,50,1,1,tick,0,0,0,1000,40000,1000,0,1000000,0,0,1000000000,1000000000,1000000000,,,0,,,,,4000,0,4000,4,5000000000000,1007000,armed,37000,blocked,4000,0,4000,4,6000000000000,1007000,armed,38000,blocked,dcqcn
37000,1,2,50,2,2,tick,0,0,0,1000,40000,1000,0,1000000,0,0,1000000000,1000000000,1000000000,,,0,,,,,4000,0,4000,4,5000000000000,1007000,armed,37000,blocked,4000,0,4000,4,6000000000000,1007000,armed,38000,blocked,dcqcn
38000,1,1,51,1,1,tick,0,0,0,1000,40000,1000,0,1000000,0,0,1000000000,1000000000,1000000000,,,0,,,,,4000,0,4000,4,6000000000000,1007000,armed,38000,blocked,4000,0,4000,4,7000000000000,1007000,armed,39000,scheduled,dcqcn
38000,1,2,51,2,2,tick,0,0,0,1000,40000,1000,0,1000000,0,0,1000000000,1000000000,1000000000,,,0,,,,,4000,0,4000,4,6000000000000,1007000,armed,38000,blocked,4000,0,4000,4,7000000000000,1007000,armed,39000,scheduled,dcqcn
39000,1,1,52,1,1,tick,0,0,0,1000,40000,1000,0,1000000,0,0,1000000000,1000000000,1000000000,,,1,4000,1000,0,71,4000,0,4000,4,7000000000000,1007000,armed,39000,scheduled,5000,0,5000,5,0,1007000,armed,40000,blocked,dcqcn
39000,1,2,52,2,2,tick,0,0,0,1000,40000,1000,0,1000000,0,0,1000000000,1000000000,1000000000,,,1,4000,1000,0,72,4000,0,4000,4,7000000000000,1007000,armed,39000,scheduled,5000,0,5000,5,0,1007000,armed,40000,blocked,dcqcn
40000,1,0,18,0,0,tick,0,0,0,1000,40000,8000,0,1000000,0,0,1000000000,1000000000,1000000000,,,1,5000,1000,0,98,5000,0,5000,5,0,1000000,armed,40000,scheduled,6000,0,6000,6,0,1000000,armed,48000,scheduled,none
40000,1,1,53,1,1,tick,0,0,0,1000,40000,1000,0,1000000,0,0,1000000000,1000000000,1000000000,,,0,,,,,5000,0,5000,5,0,1007000,armed,40000,blocked,5000,0,5000,5,1000000000000,1007000,armed,41000,blocked,dcqcn
40000,1,2,53,2,2,tick,0,0,0,1000,40000,1000,0,1000000,0,0,1000000000,1000000000,1000000000,,,0,,,,,5000,0,5000,5,0,1007000,armed,40000,blocked,5000,0,5000,5,1000000000000,1007000,armed,41000,blocked,dcqcn
40000,1,3,18,3,3,tick,0,0,0,1000,40000,8000,0,1000000,0,0,1000000000,1000000000,1000000000,,,1,5000,1000,0,101,5000,0,5000,5,0,1000000,armed,40000,scheduled,6000,0,6000,6,0,1000000,armed,48000,scheduled,none
41000,1,1,57,1,1,tick,0,0,0,1000,40000,1000,0,1000000,0,0,1000000000,1000000000,1000000000,,,0,,,,,5000,0,5000,5,1000000000000,1007000,armed,41000,blocked,5000,0,5000,5,2000000000000,1007000,armed,42000,blocked,dcqcn
41000,1,2,57,2,2,tick,0,0,0,1000,40000,1000,0,1000000,0,0,1000000000,1000000000,1000000000,,,0,,,,,5000,0,5000,5,1000000000000,1007000,armed,41000,blocked,5000,0,5000,5,2000000000000,1007000,armed,42000,blocked,dcqcn
42000,1,1,58,1,1,tick,0,0,0,1000,40000,1000,0,1000000,0,0,1000000000,1000000000,1000000000,,,0,,,,,5000,0,5000,5,2000000000000,1007000,armed,42000,blocked,5000,0,5000,5,3000000000000,1007000,armed,43000,blocked,dcqcn
42000,1,2,58,2,2,tick,0,0,0,1000,40000,1000,0,1000000,0,0,1000000000,1000000000,1000000000,,,0,,,,,5000,0,5000,5,2000000000000,1007000,armed,42000,blocked,5000,0,5000,5,3000000000000,1007000,armed,43000,blocked,dcqcn
43000,1,1,59,1,1,tick,0,0,0,1000,40000,1000,0,1000000,0,0,1000000000,1000000000,1000000000,,,0,,,,,5000,0,5000,5,3000000000000,1007000,armed,43000,blocked,5000,0,5000,5,4000000000000,1007000,armed,44000,blocked,dcqcn
43000,1,2,59,2,2,tick,0,0,0,1000,40000,1000,0,1000000,0,0,1000000000,1000000000,1000000000,,,0,,,,,5000,0,5000,5,3000000000000,1007000,armed,43000,blocked,5000,0,5000,5,4000000000000,1007000,armed,44000,blocked,dcqcn
44000,1,1,60,1,1,tick,0,0,0,1000,40000,1000,0,1000000,0,0,1000000000,1000000000,1000000000,,,0,,,,,5000,0,5000,5,4000000000000,1007000,armed,44000,blocked,5000,0,5000,5,5000000000000,1007000,armed,45000,blocked,dcqcn
44000,1,2,60,2,2,tick,0,0,0,1000,40000,1000,0,1000000,0,0,1000000000,1000000000,1000000000,,,0,,,,,5000,0,5000,5,4000000000000,1007000,armed,44000,blocked,5000,0,5000,5,5000000000000,1007000,armed,45000,blocked,dcqcn
45000,1,1,61,1,1,tick,0,0,0,1000,40000,1000,0,1000000,0,0,1000000000,1000000000,1000000000,,,0,,,,,5000,0,5000,5,5000000000000,1007000,armed,45000,blocked,5000,0,5000,5,6000000000000,1007000,armed,46000,blocked,dcqcn
45000,1,2,61,2,2,tick,0,0,0,1000,40000,1000,0,1000000,0,0,1000000000,1000000000,1000000000,,,0,,,,,5000,0,5000,5,5000000000000,1007000,armed,45000,blocked,5000,0,5000,5,6000000000000,1007000,armed,46000,blocked,dcqcn
46000,1,1,62,1,1,tick,0,0,0,1000,40000,1000,0,1000000,0,0,1000000000,1000000000,1000000000,,,0,,,,,5000,0,5000,5,6000000000000,1007000,armed,46000,blocked,5000,0,5000,5,7000000000000,1007000,armed,47000,scheduled,dcqcn
46000,1,2,62,2,2,tick,0,0,0,1000,40000,1000,0,1000000,0,0,1000000000,1000000000,1000000000,,,0,,,,,5000,0,5000,5,6000000000000,1007000,armed,46000,blocked,5000,0,5000,5,7000000000000,1007000,armed,47000,scheduled,dcqcn
47000,1,1,63,1,1,tick,0,0,0,1000,40000,1000,0,1000000,0,0,1000000000,1000000000,1000000000,,,1,5000,1000,0,85,5000,0,5000,5,7000000000000,1007000,armed,47000,scheduled,6000,0,6000,6,0,1007000,armed,48000,blocked,dcqcn
47000,1,2,63,2,2,tick,0,0,0,1000,40000,1000,0,1000000,0,0,1000000000,1000000000,1000000000,,,1,5000,1000,0,86,5000,0,5000,5,7000000000000,1007000,armed,47000,scheduled,6000,0,6000,6,0,1007000,armed,48000,blocked,dcqcn
48000,1,0,22,0,0,tick,0,0,0,1000,40000,8000,0,1000000,0,0,1000000000,1000000000,1000000000,,,1,6000,1000,0,126,6000,0,6000,6,0,1000000,armed,48000,scheduled,7000,0,7000,7,0,1000000,armed,56000,scheduled,none
48000,1,1,64,1,1,tick,0,0,0,1000,40000,1000,0,1000000,0,0,1000000000,1000000000,1000000000,,,0,,,,,6000,0,6000,6,0,1007000,armed,48000,blocked,6000,0,6000,6,1000000000000,1007000,armed,49000,blocked,dcqcn
48000,1,2,64,2,2,tick,0,0,0,1000,40000,1000,0,1000000,0,0,1000000000,1000000000,1000000000,,,0,,,,,6000,0,6000,6,0,1007000,armed,48000,blocked,6000,0,6000,6,1000000000000,1007000,armed,49000,blocked,dcqcn
48000,1,3,22,3,3,tick,0,0,0,1000,40000,8000,0,1000000,0,0,1000000000,1000000000,1000000000,,,1,6000,1000,0,129,6000,0,6000,6,0,1000000,armed,48000,scheduled,7000,0,7000,7,0,1000000,armed,56000,scheduled,none
49000,1,1,68,1,1,tick,0,0,0,1000,40000,1000,0,1000000,0,0,1000000000,1000000000,1000000000,,,0,,,,,6000,0,6000,6,1000000000000,1007000,armed,49000,blocked,6000,0,6000,6,2000000000000,1007000,armed,50000,blocked,dcqcn
49000,1,2,68,2,2,tick,0,0,0,1000,40000,1000,0,1000000,0,0,1000000000,1000000000,1000000000,,,0,,,,,6000,0,6000,6,1000000000000,1007000,armed,49000,blocked,6000,0,6000,6,2000000000000,1007000,armed,50000,blocked,dcqcn
50000,1,1,69,1,1,tick,0,0,0,1000,40000,1000,0,1000000,0,0,1000000000,1000000000,1000000000,,,0,,,,,6000,0,6000,6,2000000000000,1007000,armed,50000,blocked,6000,0,6000,6,3000000000000,1007000,armed,51000,blocked,dcqcn
50000,1,2,69,2,2,tick,0,0,0,1000,40000,1000,0,1000000,0,0,1000000000,1000000000,1000000000,,,0,,,,,6000,0,6000,6,2000000000000,1007000,armed,50000,blocked,6000,0,6000,6,3000000000000,1007000,armed,51000,blocked,dcqcn
51000,1,1,70,1,1,tick,0,0,0,1000,40000,1000,0,1000000,0,0,1000000000,1000000000,1000000000,,,0,,,,,6000,0,6000,6,3000000000000,1007000,armed,51000,blocked,6000,0,6000,6,4000000000000,1007000,armed,52000,blocked,dcqcn
51000,1,2,70,2,2,tick,0,0,0,1000,40000,1000,0,1000000,0,0,1000000000,1000000000,1000000000,,,0,,,,,6000,0,6000,6,3000000000000,1007000,armed,51000,blocked,6000,0,6000,6,4000000000000,1007000,armed,52000,blocked,dcqcn
52000,1,1,71,1,1,tick,0,0,0,1000,40000,1000,0,1000000,0,0,1000000000,1000000000,1000000000,,,0,,,,,6000,0,6000,6,4000000000000,1007000,armed,52000,blocked,6000,0,6000,6,5000000000000,1007000,armed,53000,blocked,dcqcn
52000,1,2,71,2,2,tick,0,0,0,1000,40000,1000,0,1000000,0,0,1000000000,1000000000,1000000000,,,0,,,,,6000,0,6000,6,4000000000000,1007000,armed,52000,blocked,6000,0,6000,6,5000000000000,1007000,armed,53000,blocked,dcqcn
53000,1,1,72,1,1,tick,0,0,0,1000,40000,1000,0,1000000,0,0,1000000000,1000000000,1000000000,,,0,,,,,6000,0,6000,6,5000000000000,1007000,armed,53000,blocked,6000,0,6000,6,6000000000000,1007000,armed,54000,blocked,dcqcn
53000,1,2,72,2,2,tick,0,0,0,1000,40000,1000,0,1000000,0,0,1000000000,1000000000,1000000000,,,0,,,,,6000,0,6000,6,5000000000000,1007000,armed,53000,blocked,6000,0,6000,6,6000000000000,1007000,armed,54000,blocked,dcqcn
54000,1,1,73,1,1,tick,0,0,0,1000,40000,1000,0,1000000,0,0,1000000000,1000000000,1000000000,,,0,,,,,6000,0,6000,6,6000000000000,1007000,armed,54000,blocked,6000,0,6000,6,7000000000000,1007000,armed,55000,scheduled,dcqcn
54000,1,2,73,2,2,tick,0,0,0,1000,40000,1000,0,1000000,0,0,1000000000,1000000000,1000000000,,,0,,,,,6000,0,6000,6,6000000000000,1007000,armed,54000,blocked,6000,0,6000,6,7000000000000,1007000,armed,55000,scheduled,dcqcn
55000,1,1,74,1,1,tick,0,0,0,1000,40000,1000,0,1000000,0,0,1000000000,1000000000,1000000000,,,1,6000,1000,0,99,6000,0,6000,6,7000000000000,1007000,armed,55000,scheduled,7000,0,7000,7,0,1007000,armed,56000,blocked,dcqcn
55000,1,2,74,2,2,tick,0,0,0,1000,40000,1000,0,1000000,0,0,1000000000,1000000000,1000000000,,,1,6000,1000,0,100,6000,0,6000,6,7000000000000,1007000,armed,55000,scheduled,7000,0,7000,7,0,1007000,armed,56000,blocked,dcqcn
56000,1,0,29,0,0,tick,0,0,0,1000,40000,8000,0,1000000,0,0,1000000000,1000000000,1000000000,,,1,7000,1000,0,154,7000,0,7000,7,0,1000000,armed,56000,scheduled,8000,0,8000,8,0,1000000,armed,64000,scheduled,none
56000,1,1,75,1,1,tick,0,0,0,1000,40000,1000,0,1000000,0,0,1000000000,1000000000,1000000000,,,0,,,,,7000,0,7000,7,0,1007000,armed,56000,blocked,7000,0,7000,7,1000000000000,1007000,armed,57000,blocked,dcqcn
56000,1,2,75,2,2,tick,0,0,0,1000,40000,1000,0,1000000,0,0,1000000000,1000000000,1000000000,,,0,,,,,7000,0,7000,7,0,1007000,armed,56000,blocked,7000,0,7000,7,1000000000000,1007000,armed,57000,blocked,dcqcn
56000,1,3,29,3,3,tick,0,0,0,1000,40000,8000,0,1000000,0,0,1000000000,1000000000,1000000000,,,1,7000,1000,0,157,7000,0,7000,7,0,1000000,armed,56000,scheduled,8000,0,8000,8,0,1000000,armed,64000,scheduled,none
57000,1,1,79,1,1,tick,0,0,0,1000,40000,1000,0,1000000,0,0,1000000000,1000000000,1000000000,,,0,,,,,7000,0,7000,7,1000000000000,1007000,armed,57000,blocked,7000,0,7000,7,2000000000000,1007000,armed,58000,blocked,dcqcn
57000,1,2,79,2,2,tick,0,0,0,1000,40000,1000,0,1000000,0,0,1000000000,1000000000,1000000000,,,0,,,,,7000,0,7000,7,1000000000000,1007000,armed,57000,blocked,7000,0,7000,7,2000000000000,1007000,armed,58000,blocked,dcqcn
58000,1,1,80,1,1,tick,0,0,0,1000,40000,1000,0,1000000,0,0,1000000000,1000000000,1000000000,,,0,,,,,7000,0,7000,7,2000000000000,1007000,armed,58000,blocked,7000,0,7000,7,3000000000000,1007000,armed,59000,blocked,dcqcn
58000,1,2,80,2,2,tick,0,0,0,1000,40000,1000,0,1000000,0,0,1000000000,1000000000,1000000000,,,0,,,,,7000,0,7000,7,2000000000000,1007000,armed,58000,blocked,7000,0,7000,7,3000000000000,1007000,armed,59000,blocked,dcqcn
59000,1,1,81,1,1,tick,0,0,0,1000,40000,1000,0,1000000,0,0,1000000000,1000000000,1000000000,,,0,,,,,7000,0,7000,7,3000000000000,1007000,armed,59000,blocked,7000,0,7000,7,4000000000000,1007000,armed,60000,blocked,dcqcn
59000,1,2,81,2,2,tick,0,0,0,1000,40000,1000,0,1000000,0,0,1000000000,1000000000,1000000000,,,0,,,,,7000,0,7000,7,3000000000000,1007000,armed,59000,blocked,7000,0,7000,7,4000000000000,1007000,armed,60000,blocked,dcqcn
60000,1,1,82,1,1,tick,0,0,0,1000,40000,1000,0,1000000,0,0,1000000000,1000000000,1000000000,,,0,,,,,7000,0,7000,7,4000000000000,1007000,armed,60000,blocked,7000,0,7000,7,5000000000000,1007000,armed,61000,blocked,dcqcn
60000,1,2,82,2,2,tick,0,0,0,1000,40000,1000,0,1000000,0,0,1000000000,1000000000,1000000000,,,0,,,,,7000,0,7000,7,4000000000000,1007000,armed,60000,blocked,7000,0,7000,7,5000000000000,1007000,armed,61000,blocked,dcqcn
61000,1,1,83,1,1,tick,0,0,0,1000,40000,1000,0,1000000,0,0,1000000000,1000000000,1000000000,,,0,,,,,7000,0,7000,7,5000000000000,1007000,armed,61000,blocked,7000,0,7000,7,6000000000000,1007000,armed,62000,blocked,dcqcn
61000,1,2,83,2,2,tick,0,0,0,1000,40000,1000,0,1000000,0,0,1000000000,1000000000,1000000000,,,0,,,,,7000,0,7000,7,5000000000000,1007000,armed,61000,blocked,7000,0,7000,7,6000000000000,1007000,armed,62000,blocked,dcqcn
62000,1,1,84,1,1,tick,0,0,0,1000,40000,1000,0,1000000,0,0,1000000000,1000000000,1000000000,,,0,,,,,7000,0,7000,7,6000000000000,1007000,armed,62000,blocked,7000,0,7000,7,7000000000000,1007000,armed,63000,scheduled,dcqcn
62000,1,2,84,2,2,tick,0,0,0,1000,40000,1000,0,1000000,0,0,1000000000,1000000000,1000000000,,,0,,,,,7000,0,7000,7,6000000000000,1007000,armed,62000,blocked,7000,0,7000,7,7000000000000,1007000,armed,63000,scheduled,dcqcn
63000,1,1,85,1,1,tick,0,0,0,1000,40000,1000,0,1000000,0,0,1000000000,1000000000,1000000000,,,1,7000,1000,0,113,7000,0,7000,7,7000000000000,1007000,armed,63000,scheduled,8000,0,8000,8,0,1007000,armed,64000,blocked,dcqcn
63000,1,2,85,2,2,tick,0,0,0,1000,40000,1000,0,1000000,0,0,1000000000,1000000000,1000000000,,,1,7000,1000,0,114,7000,0,7000,7,7000000000000,1007000,armed,63000,scheduled,8000,0,8000,8,0,1007000,armed,64000,blocked,dcqcn
64000,1,0,36,0,0,tick,0,0,0,1000,40000,8000,0,1000000,0,0,1000000000,1000000000,1000000000,,,1,8000,1000,0,182,8000,0,8000,8,0,1000000,armed,64000,scheduled,9000,0,9000,9,0,1000000,armed,72000,scheduled,none
64000,1,1,86,1,1,tick,0,0,0,1000,40000,1000,0,1000000,0,0,1000000000,1000000000,1000000000,,,0,,,,,8000,0,8000,8,0,1007000,armed,64000,blocked,8000,0,8000,8,1000000000000,1007000,armed,65000,blocked,dcqcn
64000,1,2,86,2,2,tick,0,0,0,1000,40000,1000,0,1000000,0,0,1000000000,1000000000,1000000000,,,0,,,,,8000,0,8000,8,0,1007000,armed,64000,blocked,8000,0,8000,8,1000000000000,1007000,armed,65000,blocked,dcqcn
64000,1,3,36,3,3,tick,0,0,0,1000,40000,8000,0,1000000,0,0,1000000000,1000000000,1000000000,,,1,8000,1000,0,185,8000,0,8000,8,0,1000000,armed,64000,scheduled,9000,0,9000,9,0,1000000,armed,72000,scheduled,none
65000,1,1,90,1,1,tick,0,0,0,1000,40000,1000,0,1000000,0,0,1000000000,1000000000,1000000000,,,0,,,,,8000,0,8000,8,1000000000000,1007000,armed,65000,blocked,8000,0,8000,8,2000000000000,1007000,armed,66000,blocked,dcqcn
65000,1,2,90,2,2,tick,0,0,0,1000,40000,1000,0,1000000,0,0,1000000000,1000000000,1000000000,,,0,,,,,8000,0,8000,8,1000000000000,1007000,armed,65000,blocked,8000,0,8000,8,2000000000000,1007000,armed,66000,blocked,dcqcn
66000,1,1,91,1,1,tick,0,0,0,1000,40000,1000,0,1000000,0,0,1000000000,1000000000,1000000000,,,0,,,,,8000,0,8000,8,2000000000000,1007000,armed,66000,blocked,8000,0,8000,8,3000000000000,1007000,armed,67000,blocked,dcqcn
66000,1,2,91,2,2,tick,0,0,0,1000,40000,1000,0,1000000,0,0,1000000000,1000000000,1000000000,,,0,,,,,8000,0,8000,8,2000000000000,1007000,armed,66000,blocked,8000,0,8000,8,3000000000000,1007000,armed,67000,blocked,dcqcn
67000,1,1,92,1,1,tick,0,0,0,1000,40000,1000,0,1000000,0,0,1000000000,1000000000,1000000000,,,0,,,,,8000,0,8000,8,3000000000000,1007000,armed,67000,blocked,8000,0,8000,8,4000000000000,1007000,armed,68000,blocked,dcqcn
67000,1,2,92,2,2,tick,0,0,0,1000,40000,1000,0,1000000,0,0,1000000000,1000000000,1000000000,,,0,,,,,8000,0,8000,8,3000000000000,1007000,armed,67000,blocked,8000,0,8000,8,4000000000000,1007000,armed,68000,blocked,dcqcn
68000,1,1,93,1,1,tick,0,0,0,1000,40000,1000,0,1000000,0,0,1000000000,1000000000,1000000000,,,0,,,,,8000,0,8000,8,4000000000000,1007000,armed,68000,blocked,8000,0,8000,8,5000000000000,1007000,armed,69000,blocked,dcqcn
68000,1,2,93,2,2,tick,0,0,0,1000,40000,1000,0,1000000,0,0,1000000000,1000000000,1000000000,,,0,,,,,8000,0,8000,8,4000000000000,1007000,armed,68000,blocked,8000,0,8000,8,5000000000000,1007000,armed,69000,blocked,dcqcn
69000,1,1,94,1,1,tick,0,0,0,1000,40000,1000,0,1000000,0,0,1000000000,1000000000,1000000000,,,0,,,,,8000,0,8000,8,5000000000000,1007000,armed,69000,blocked,8000,0,8000,8,6000000000000,1007000,armed,70000,blocked,dcqcn
69000,1,2,94,2,2,tick,0,0,0,1000,40000,1000,0,1000000,0,0,1000000000,1000000000,1000000000,,,0,,,,,8000,0,8000,8,5000000000000,1007000,armed,69000,blocked,8000,0,8000,8,6000000000000,1007000,armed,70000,blocked,dcqcn
70000,1,1,95,1,1,tick,0,0,0,1000,40000,1000,0,1000000,0,0,1000000000,1000000000,1000000000,,,0,,,,,8000,0,8000,8,6000000000000,1007000,armed,70000,blocked,8000,0,8000,8,7000000000000,1007000,armed,71000,scheduled,dcqcn
70000,1,2,95,2,2,tick,0,0,0,1000,40000,1000,0,1000000,0,0,1000000000,1000000000,1000000000,,,0,,,,,8000,0,8000,8,6000000000000,1007000,armed,70000,blocked,8000,0,8000,8,7000000000000,1007000,armed,71000,scheduled,dcqcn
71000,1,1,96,1,1,tick,0,0,0,1000,40000,1000,0,1000000,0,0,1000000000,1000000000,1000000000,,,1,8000,1000,0,127,8000,0,8000,8,7000000000000,1007000,armed,71000,scheduled,9000,0,9000,9,0,1007000,armed,72000,blocked,dcqcn
71000,1,2,96,2,2,tick,0,0,0,1000,40000,1000,0,1000000,0,0,1000000000,1000000000,1000000000,,,1,8000,1000,0,128,8000,0,8000,8,7000000000000,1007000,armed,71000,scheduled,9000,0,9000,9,0,1007000,armed,72000,blocked,dcqcn
72000,1,0,43,0,0,tick,0,0,0,1000,40000,8000,0,1000000,0,0,1000000000,1000000000,1000000000,,,1,9000,1000,0,210,9000,0,9000,9,0,1000000,armed,72000,scheduled,10000,0,10000,10,0,1000000,armed,80000,scheduled,none
72000,1,1,97,1,1,tick,0,0,0,1000,40000,1000,0,1000000,0,0,1000000000,1000000000,1000000000,,,0,,,,,9000,0,9000,9,0,1007000,armed,72000,blocked,9000,0,9000,9,1000000000000,1007000,armed,73000,blocked,dcqcn
72000,1,2,97,2,2,tick,0,0,0,1000,40000,1000,0,1000000,0,0,1000000000,1000000000,1000000000,,,0,,,,,9000,0,9000,9,0,1007000,armed,72000,blocked,9000,0,9000,9,1000000000000,1007000,armed,73000,blocked,dcqcn
72000,1,3,43,3,3,tick,0,0,0,1000,40000,8000,0,1000000,0,0,1000000000,1000000000,1000000000,,,1,9000,1000,0,213,9000,0,9000,9,0,1000000,armed,72000,scheduled,10000,0,10000,10,0,1000000,armed,80000,scheduled,none
73000,1,1,101,1,1,tick,0,0,0,1000,40000,1000,0,1000000,0,0,1000000000,1000000000,1000000000,,,0,,,,,9000,0,9000,9,1000000000000,1007000,armed,73000,blocked,9000,0,9000,9,2000000000000,1007000,armed,74000,blocked,dcqcn
73000,1,2,101,2,2,tick,0,0,0,1000,40000,1000,0,1000000,0,0,1000000000,1000000000,1000000000,,,0,,,,,9000,0,9000,9,1000000000000,1007000,armed,73000,blocked,9000,0,9000,9,2000000000000,1007000,armed,74000,blocked,dcqcn
74000,1,1,102,1,1,tick,0,0,0,1000,40000,1000,0,1000000,0,0,1000000000,1000000000,1000000000,,,0,,,,,9000,0,9000,9,2000000000000,1007000,armed,74000,blocked,9000,0,9000,9,3000000000000,1007000,armed,75000,blocked,dcqcn
74000,1,2,102,2,2,tick,0,0,0,1000,40000,1000,0,1000000,0,0,1000000000,1000000000,1000000000,,,0,,,,,9000,0,9000,9,2000000000000,1007000,armed,74000,blocked,9000,0,9000,9,3000000000000,1007000,armed,75000,blocked,dcqcn
75000,1,1,103,1,1,tick,0,0,0,1000,40000,1000,0,1000000,0,0,1000000000,1000000000,1000000000,,,0,,,,,9000,0,9000,9,3000000000000,1007000,armed,75000,blocked,9000,0,9000,9,4000000000000,1007000,armed,76000,blocked,dcqcn
75000,1,2,103,2,2,tick,0,0,0,1000,40000,1000,0,1000000,0,0,1000000000,1000000000,1000000000,,,0,,,,,9000,0,9000,9,3000000000000,1007000,armed,75000,blocked,9000,0,9000,9,4000000000000,1007000,armed,76000,blocked,dcqcn
76000,1,1,104,1,1,tick,0,0,0,1000,40000,1000,0,1000000,0,0,1000000000,1000000000,1000000000,,,0,,,,,9000,0,9000,9,4000000000000,1007000,armed,76000,blocked,9000,0,9000,9,5000000000000,1007000,armed,77000,blocked,dcqcn
76000,1,2,104,2,2,tick,0,0,0,1000,40000,1000,0,1000000,0,0,1000000000,1000000000,1000000000,,,0,,,,,9000,0,9000,9,4000000000000,1007000,armed,76000,blocked,9000,0,9000,9,5000000000000,1007000,armed,77000,blocked,dcqcn
77000,1,1,105,1,1,tick,0,0,0,1000,40000,1000,0,1000000,0,0,1000000000,1000000000,1000000000,,,0,,,,,9000,0,9000,9,5000000000000,1007000,armed,77000,blocked,9000,0,9000,9,6000000000000,1007000,armed,78000,blocked,dcqcn
77000,1,2,105,2,2,tick,0,0,0,1000,40000,1000,0,1000000,0,0,1000000000,1000000000,1000000000,,,0,,,,,9000,0,9000,9,5000000000000,1007000,armed,77000,blocked,9000,0,9000,9,6000000000000,1007000,armed,78000,blocked,dcqcn
78000,1,1,106,1,1,tick,0,0,0,1000,40000,1000,0,1000000,0,0,1000000000,1000000000,1000000000,,,0,,,,,9000,0,9000,9,6000000000000,1007000,armed,78000,blocked,9000,0,9000,9,7000000000000,1007000,armed,79000,scheduled,dcqcn
78000,1,2,106,2,2,tick,0,0,0,1000,40000,1000,0,1000000,0,0,1000000000,1000000000,1000000000,,,0,,,,,9000,0,9000,9,6000000000000,1007000,armed,78000,blocked,9000,0,9000,9,7000000000000,1007000,armed,79000,scheduled,dcqcn
79000,1,1,107,1,1,tick,0,0,0,1000,40000,1000,0,1000000,0,0,1000000000,1000000000,1000000000,,,1,9000,1000,0,141,9000,0,9000,9,7000000000000,1007000,armed,79000,scheduled,10000,0,10000,10,0,1007000,armed,80000,blocked,dcqcn
79000,1,2,107,2,2,tick,0,0,0,1000,40000,1000,0,1000000,0,0,1000000000,1000000000,1000000000,,,1,9000,1000,0,142,9000,0,9000,9,7000000000000,1007000,armed,79000,scheduled,10000,0,10000,10,0,1007000,armed,80000,blocked,dcqcn
80000,1,0,50,0,0,tick,0,0,0,1000,40000,8000,0,1000000,0,0,1000000000,1000000000,1000000000,,,1,10000,1000,0,238,10000,0,10000,10,0,1000000,armed,80000,scheduled,11000,0,11000,11,0,1000000,armed,88000,scheduled,none
80000,1,1,108,1,1,tick,0,0,0,1000,40000,1000,0,1000000,0,0,1000000000,1000000000,1000000000,,,0,,,,,10000,0,10000,10,0,1007000,armed,80000,blocked,10000,0,10000,10,1000000000000,1007000,armed,81000,blocked,dcqcn
80000,1,2,108,2,2,tick,0,0,0,1000,40000,1000,0,1000000,0,0,1000000000,1000000000,1000000000,,,0,,,,,10000,0,10000,10,0,1007000,armed,80000,blocked,10000,0,10000,10,1000000000000,1007000,armed,81000,blocked,dcqcn
80000,1,3,50,3,3,tick,0,0,0,1000,40000,8000,0,1000000,0,0,1000000000,1000000000,1000000000,,,1,10000,1000,0,241,10000,0,10000,10,0,1000000,armed,80000,scheduled,11000,0,11000,11,0,1000000,armed,88000,scheduled,none
81000,1,1,112,1,1,tick,0,0,0,1000,40000,1000,0,1000000,0,0,1000000000,1000000000,1000000000,,,0,,,,,10000,0,10000,10,1000000000000,1007000,armed,81000,blocked,10000,0,10000,10,2000000000000,1007000,armed,82000,blocked,dcqcn
81000,1,2,112,2,2,tick,0,0,0,1000,40000,1000,0,1000000,0,0,1000000000,1000000000,1000000000,,,0,,,,,10000,0,10000,10,1000000000000,1007000,armed,81000,blocked,10000,0,10000,10,2000000000000,1007000,armed,82000,blocked,dcqcn
82000,1,1,113,1,1,tick,0,0,0,1000,40000,1000,0,1000000,0,0,1000000000,1000000000,1000000000,,,0,,,,,10000,0,10000,10,2000000000000,1007000,armed,82000,blocked,10000,0,10000,10,3000000000000,1007000,armed,83000,blocked,dcqcn
82000,1,2,113,2,2,tick,0,0,0,1000,40000,1000,0,1000000,0,0,1000000000,1000000000,1000000000,,,0,,,,,10000,0,10000,10,2000000000000,1007000,armed,82000,blocked,10000,0,10000,10,3000000000000,1007000,armed,83000,blocked,dcqcn
83000,1,1,114,1,1,tick,0,0,0,1000,40000,1000,0,1000000,0,0,1000000000,1000000000,1000000000,,,0,,,,,10000,0,10000,10,3000000000000,1007000,armed,83000,blocked,10000,0,10000,10,4000000000000,1007000,armed,84000,blocked,dcqcn
83000,1,2,114,2,2,tick,0,0,0,1000,40000,1000,0,1000000,0,0,1000000000,1000000000,1000000000,,,0,,,,,10000,0,10000,10,3000000000000,1007000,armed,83000,blocked,10000,0,10000,10,4000000000000,1007000,armed,84000,blocked,dcqcn
84000,1,1,115,1,1,tick,0,0,0,1000,40000,1000,0,1000000,0,0,1000000000,1000000000,1000000000,,,0,,,,,10000,0,10000,10,4000000000000,1007000,armed,84000,blocked,10000,0,10000,10,5000000000000,1007000,armed,85000,blocked,dcqcn
84000,1,2,115,2,2,tick,0,0,0,1000,40000,1000,0,1000000,0,0,1000000000,1000000000,1000000000,,,0,,,,,10000,0,10000,10,4000000000000,1007000,armed,84000,blocked,10000,0,10000,10,5000000000000,1007000,armed,85000,blocked,dcqcn
85000,1,1,116,1,1,tick,0,0,0,1000,40000,1000,0,1000000,0,0,1000000000,1000000000,1000000000,,,0,,,,,10000,0,10000,10,5000000000000,1007000,armed,85000,blocked,10000,0,10000,10,6000000000000,1007000,armed,86000,blocked,dcqcn
85000,1,2,116,2,2,tick,0,0,0,1000,40000,1000,0,1000000,0,0,1000000000,1000000000,1000000000,,,0,,,,,10000,0,10000,10,5000000000000,1007000,armed,85000,blocked,10000,0,10000,10,6000000000000,1007000,armed,86000,blocked,dcqcn
86000,1,1,117,1,1,tick,0,0,0,1000,40000,1000,0,1000000,0,0,1000000000,1000000000,1000000000,,,0,,,,,10000,0,10000,10,6000000000000,1007000,armed,86000,blocked,10000,0,10000,10,7000000000000,1007000,armed,87000,scheduled,dcqcn
86000,1,2,117,2,2,tick,0,0,0,1000,40000,1000,0,1000000,0,0,1000000000,1000000000,1000000000,,,0,,,,,10000,0,10000,10,6000000000000,1007000,armed,86000,blocked,10000,0,10000,10,7000000000000,1007000,armed,87000,scheduled,dcqcn
87000,1,1,118,1,1,tick,0,0,0,1000,40000,1000,0,1000000,0,0,1000000000,1000000000,1000000000,,,1,10000,1000,0,155,10000,0,10000,10,7000000000000,1007000,armed,87000,scheduled,11000,0,11000,11,0,1007000,armed,88000,blocked,dcqcn
87000,1,2,118,2,2,tick,0,0,0,1000,40000,1000,0,1000000,0,0,1000000000,1000000000,1000000000,,,1,10000,1000,0,156,10000,0,10000,10,7000000000000,1007000,armed,87000,scheduled,11000,0,11000,11,0,1007000,armed,88000,blocked,dcqcn
88000,1,0,57,0,0,tick,0,0,0,1000,40000,8000,0,1000000,0,0,1000000000,1000000000,1000000000,,,1,11000,1000,0,266,11000,0,11000,11,0,1000000,armed,88000,scheduled,12000,0,12000,12,0,1000000,armed,96000,scheduled,none
88000,1,1,119,1,1,tick,0,0,0,1000,40000,1000,0,1000000,0,0,1000000000,1000000000,1000000000,,,0,,,,,11000,0,11000,11,0,1007000,armed,88000,blocked,11000,0,11000,11,1000000000000,1007000,armed,89000,blocked,dcqcn
88000,1,2,119,2,2,tick,0,0,0,1000,40000,1000,0,1000000,0,0,1000000000,1000000000,1000000000,,,0,,,,,11000,0,11000,11,0,1007000,armed,88000,blocked,11000,0,11000,11,1000000000000,1007000,armed,89000,blocked,dcqcn
88000,1,3,57,3,3,tick,0,0,0,1000,40000,8000,0,1000000,0,0,1000000000,1000000000,1000000000,,,1,11000,1000,0,269,11000,0,11000,11,0,1000000,armed,88000,scheduled,12000,0,12000,12,0,1000000,armed,96000,scheduled,none
89000,1,1,123,1,1,tick,0,0,0,1000,40000,1000,0,1000000,0,0,1000000000,1000000000,1000000000,,,0,,,,,11000,0,11000,11,1000000000000,1007000,armed,89000,blocked,11000,0,11000,11,2000000000000,1007000,armed,90000,blocked,dcqcn
89000,1,2,123,2,2,tick,0,0,0,1000,40000,1000,0,1000000,0,0,1000000000,1000000000,1000000000,,,0,,,,,11000,0,11000,11,1000000000000,1007000,armed,89000,blocked,11000,0,11000,11,2000000000000,1007000,armed,90000,blocked,dcqcn
90000,1,1,124,1,1,tick,0,0,0,1000,40000,1000,0,1000000,0,0,1000000000,1000000000,1000000000,,,0,,,,,11000,0,11000,11,2000000000000,1007000,armed,90000,blocked,11000,0,11000,11,3000000000000,1007000,armed,91000,blocked,dcqcn
90000,1,2,124,2,2,tick,0,0,0,1000,40000,1000,0,1000000,0,0,1000000000,1000000000,1000000000,,,0,,,,,11000,0,11000,11,2000000000000,1007000,armed,90000,blocked,11000,0,11000,11,3000000000000,1007000,armed,91000,blocked,dcqcn
91000,1,1,125,1,1,tick,0,0,0,1000,40000,1000,0,1000000,0,0,1000000000,1000000000,1000000000,,,0,,,,,11000,0,11000,11,3000000000000,1007000,armed,91000,blocked,11000,0,11000,11,4000000000000,1007000,armed,92000,blocked,dcqcn
91000,1,2,125,2,2,tick,0,0,0,1000,40000,1000,0,1000000,0,0,1000000000,1000000000,1000000000,,,0,,,,,11000,0,11000,11,3000000000000,1007000,armed,91000,blocked,11000,0,11000,11,4000000000000,1007000,armed,92000,blocked,dcqcn
92000,1,1,126,1,1,tick,0,0,0,1000,40000,1000,0,1000000,0,0,1000000000,1000000000,1000000000,,,0,,,,,11000,0,11000,11,4000000000000,1007000,armed,92000,blocked,11000,0,11000,11,5000000000000,1007000,armed,93000,blocked,dcqcn
92000,1,2,126,2,2,tick,0,0,0,1000,40000,1000,0,1000000,0,0,1000000000,1000000000,1000000000,,,0,,,,,11000,0,11000,11,4000000000000,1007000,armed,92000,blocked,11000,0,11000,11,5000000000000,1007000,armed,93000,blocked,dcqcn
93000,1,1,127,1,1,tick,0,0,0,1000,40000,1000,0,1000000,0,0,1000000000,1000000000,1000000000,,,0,,,,,11000,0,11000,11,5000000000000,1007000,armed,93000,blocked,11000,0,11000,11,6000000000000,1007000,armed,94000,blocked,dcqcn
93000,1,2,127,2,2,tick,0,0,0,1000,40000,1000,0,1000000,0,0,1000000000,1000000000,1000000000,,,0,,,,,11000,0,11000,11,5000000000000,1007000,armed,93000,blocked,11000,0,11000,11,6000000000000,1007000,armed,94000,blocked,dcqcn
94000,1,1,128,1,1,tick,0,0,0,1000,40000,1000,0,1000000,0,0,1000000000,1000000000,1000000000,,,0,,,,,11000,0,11000,11,6000000000000,1007000,armed,94000,blocked,11000,0,11000,11,7000000000000,1007000,armed,95000,scheduled,dcqcn
94000,1,2,128,2,2,tick,0,0,0,1000,40000,1000,0,1000000,0,0,1000000000,1000000000,1000000000,,,0,,,,,11000,0,11000,11,6000000000000,1007000,armed,94000,blocked,11000,0,11000,11,7000000000000,1007000,armed,95000,scheduled,dcqcn
95000,1,1,129,1,1,tick,0,0,0,1000,40000,1000,0,1000000,0,0,1000000000,1000000000,1000000000,,,1,11000,1000,0,169,11000,0,11000,11,7000000000000,1007000,armed,95000,scheduled,12000,0,12000,12,0,1007000,armed,96000,blocked,dcqcn
95000,1,2,129,2,2,tick,0,0,0,1000,40000,1000,0,1000000,0,0,1000000000,1000000000,1000000000,,,1,11000,1000,0,170,11000,0,11000,11,7000000000000,1007000,armed,95000,scheduled,12000,0,12000,12,0,1007000,armed,96000,blocked,dcqcn
96000,1,0,64,0,0,tick,0,0,0,1000,40000,8000,0,1000000,0,0,1000000000,1000000000,1000000000,,,1,12000,1000,0,294,12000,0,12000,12,0,1000000,armed,96000,scheduled,13000,0,13000,13,0,1000000,armed,104000,scheduled,none
96000,1,1,130,1,1,tick,0,0,0,1000,40000,1000,0,1000000,0,0,1000000000,1000000000,1000000000,,,0,,,,,12000,0,12000,12,0,1007000,armed,96000,blocked,12000,0,12000,12,1000000000000,1007000,armed,97000,blocked,dcqcn
96000,1,2,130,2,2,tick,0,0,0,1000,40000,1000,0,1000000,0,0,1000000000,1000000000,1000000000,,,0,,,,,12000,0,12000,12,0,1007000,armed,96000,blocked,12000,0,12000,12,1000000000000,1007000,armed,97000,blocked,dcqcn
96000,1,3,64,3,3,tick,0,0,0,1000,40000,8000,0,1000000,0,0,1000000000,1000000000,1000000000,,,1,12000,1000,0,297,12000,0,12000,12,0,1000000,armed,96000,scheduled,13000,0,13000,13,0,1000000,armed,104000,scheduled,none
96024,0,6,2,1,1,ack,0,0,0,1000,40000,1000,0,1000000,0,0,1000000000,1000000000,,1000,0,0,,,,,12000,0,12000,12,1000000000000,1007000,armed,97000,blocked,12000,1000,12000,12,1000000000000,1096024,armed,97000,blocked,dcqcn
96024,0,9,2,2,2,ack,0,0,0,1000,40000,1000,0,1000000,0,0,1000000000,1000000000,,1000,0,0,,,,,12000,0,12000,12,1000000000000,1007000,armed,97000,blocked,12000,1000,12000,12,1000000000000,1096024,armed,97000,blocked,dcqcn
97000,1,1,134,1,1,tick,0,0,0,1000,40000,1000,0,1000000,0,0,1000000000,1000000000,1000000000,,,0,,,,,12000,1000,12000,12,1000000000000,1096024,armed,97000,blocked,12000,1000,12000,12,2000000000000,1096024,armed,98000,blocked,dcqcn
97000,1,2,134,2,2,tick,0,0,0,1000,40000,1000,0,1000000,0,0,1000000000,1000000000,1000000000,,,0,,,,,12000,1000,12000,12,1000000000000,1096024,armed,97000,blocked,12000,1000,12000,12,2000000000000,1096024,armed,98000,blocked,dcqcn
98000,1,1,136,1,1,tick,0,0,0,1000,40000,1000,0,1000000,0,0,1000000000,1000000000,1000000000,,,0,,,,,12000,1000,12000,12,2000000000000,1096024,armed,98000,blocked,12000,1000,12000,12,3000000000000,1096024,armed,99000,blocked,dcqcn
98000,1,2,136,2,2,tick,0,0,0,1000,40000,1000,0,1000000,0,0,1000000000,1000000000,1000000000,,,0,,,,,12000,1000,12000,12,2000000000000,1096024,armed,98000,blocked,12000,1000,12000,12,3000000000000,1096024,armed,99000,blocked,dcqcn
99000,1,1,137,1,1,tick,0,0,0,1000,40000,1000,0,1000000,0,0,1000000000,1000000000,1000000000,,,0,,,,,12000,1000,12000,12,3000000000000,1096024,armed,99000,blocked,12000,1000,12000,12,4000000000000,1096024,armed,100000,blocked,dcqcn
99000,1,2,137,2,2,tick,0,0,0,1000,40000,1000,0,1000000,0,0,1000000000,1000000000,1000000000,,,0,,,,,12000,1000,12000,12,3000000000000,1096024,armed,99000,blocked,12000,1000,12000,12,4000000000000,1096024,armed,100000,blocked,dcqcn
100000,1,1,138,1,1,tick,0,0,0,1000,40000,1000,0,1000000,0,0,1000000000,1000000000,1000000000,,,0,,,,,12000,1000,12000,12,4000000000000,1096024,armed,100000,blocked,12000,1000,12000,12,5000000000000,1096024,armed,101000,blocked,dcqcn
100000,1,2,138,2,2,tick,0,0,0,1000,40000,1000,0,1000000,0,0,1000000000,1000000000,1000000000,,,0,,,,,12000,1000,12000,12,4000000000000,1096024,armed,100000,blocked,12000,1000,12000,12,5000000000000,1096024,armed,101000,blocked,dcqcn
101000,1,1,139,1,1,tick,0,0,0,1000,40000,1000,0,1000000,0,0,1000000000,1000000000,1000000000,,,0,,,,,12000,1000,12000,12,5000000000000,1096024,armed,101000,blocked,12000,1000,12000,12,6000000000000,1096024,armed,102000,blocked,dcqcn
101000,1,2,139,2,2,tick,0,0,0,1000,40000,1000,0,1000000,0,0,1000000000,1000000000,1000000000,,,0,,,,,12000,1000,12000,12,5000000000000,1096024,armed,101000,blocked,12000,1000,12000,12,6000000000000,1096024,armed,102000,blocked,dcqcn
102000,1,1,140,1,1,tick,0,0,0,1000,40000,1000,0,1000000,0,0,1000000000,1000000000,1000000000,,,0,,,,,12000,1000,12000,12,6000000000000,1096024,armed,102000,blocked,12000,1000,12000,12,7000000000000,1096024,armed,103000,scheduled,dcqcn
102000,1,2,140,2,2,tick,0,0,0,1000,40000,1000,0,1000000,0,0,1000000000,1000000000,1000000000,,,0,,,,,12000,1000,12000,12,6000000000000,1096024,armed,102000,blocked,12000,1000,12000,12,7000000000000,1096024,armed,103000,scheduled,dcqcn
103000,1,1,141,1,1,tick,0,0,0,1000,40000,1000,0,1000000,0,0,1000000000,1000000000,1000000000,,,1,12000,1000,0,183,12000,1000,12000,12,7000000000000,1096024,armed,103000,scheduled,13000,1000,13000,13,0,1096024,armed,104000,blocked,dcqcn
103000,1,2,141,2,2,tick,0,0,0,1000,40000,1000,0,1000000,0,0,1000000000,1000000000,1000000000,,,1,12000,1000,0,184,12000,1000,12000,12,7000000000000,1096024,armed,103000,scheduled,13000,1000,13000,13,0,1096024,armed,104000,blocked,dcqcn
104000,1,0,71,0,0,tick,0,0,0,1000,40000,8000,0,1000000,0,0,1000000000,1000000000,1000000000,,,1,13000,1000,0,322,13000,0,13000,13,0,1000000,armed,104000,scheduled,14000,0,14000,14,0,1000000,armed,112000,scheduled,none
104000,1,1,142,1,1,tick,0,0,0,1000,40000,1000,0,1000000,0,0,1000000000,1000000000,1000000000,,,0,,,,,13000,1000,13000,13,0,1096024,armed,104000,blocked,13000,1000,13000,13,1000000000000,1096024,armed,105000,blocked,dcqcn
104000,1,2,142,2,2,tick,0,0,0,1000,40000,1000,0,1000000,0,0,1000000000,1000000000,1000000000,,,0,,,,,13000,1000,13000,13,0,1096024,armed,104000,blocked,13000,1000,13000,13,1000000000000,1096024,armed,105000,blocked,dcqcn
104000,1,3,71,3,3,tick,0,0,0,1000,40000,8000,0,1000000,0,0,1000000000,1000000000,1000000000,,,1,13000,1000,0,325,13000,0,13000,13,0,1000000,armed,104000,scheduled,14000,0,14000,14,0,1000000,armed,112000,scheduled,none
105000,1,1,146,1,1,tick,0,0,0,1000,40000,1000,0,1000000,0,0,1000000000,1000000000,1000000000,,,0,,,,,13000,1000,13000,13,1000000000000,1096024,armed,105000,blocked,13000,1000,13000,13,2000000000000,1096024,armed,106000,blocked,dcqcn
105000,1,2,146,2,2,tick,0,0,0,1000,40000,1000,0,1000000,0,0,1000000000,1000000000,1000000000,,,0,,,,,13000,1000,13000,13,1000000000000,1096024,armed,105000,blocked,13000,1000,13000,13,2000000000000,1096024,armed,106000,blocked,dcqcn
106000,1,1,147,1,1,tick,0,0,0,1000,40000,1000,0,1000000,0,0,1000000000,1000000000,1000000000,,,0,,,,,13000,1000,13000,13,2000000000000,1096024,armed,106000,blocked,13000,1000,13000,13,3000000000000,1096024,armed,107000,blocked,dcqcn
106000,1,2,147,2,2,tick,0,0,0,1000,40000,1000,0,1000000,0,0,1000000000,1000000000,1000000000,,,0,,,,,13000,1000,13000,13,2000000000000,1096024,armed,106000,blocked,13000,1000,13000,13,3000000000000,1096024,armed,107000,blocked,dcqcn
107000,1,1,148,1,1,tick,0,0,0,1000,40000,1000,0,1000000,0,0,1000000000,1000000000,1000000000,,,0,,,,,13000,1000,13000,13,3000000000000,1096024,armed,107000,blocked,13000,1000,13000,13,4000000000000,1096024,armed,108000,blocked,dcqcn
107000,1,2,148,2,2,tick,0,0,0,1000,40000,1000,0,1000000,0,0,1000000000,1000000000,1000000000,,,0,,,,,13000,1000,13000,13,3000000000000,1096024,armed,107000,blocked,13000,1000,13000,13,4000000000000,1096024,armed,108000,blocked,dcqcn
108000,1,1,149,1,1,tick,0,0,0,1000,40000,1000,0,1000000,0,0,1000000000,1000000000,1000000000,,,0,,,,,13000,1000,13000,13,4000000000000,1096024,armed,108000,blocked,13000,1000,13000,13,5000000000000,1096024,armed,109000,blocked,dcqcn
108000,1,2,149,2,2,tick,0,0,0,1000,40000,1000,0,1000000,0,0,1000000000,1000000000,1000000000,,,0,,,,,13000,1000,13000,13,4000000000000,1096024,armed,108000,blocked,13000,1000,13000,13,5000000000000,1096024,armed,109000,blocked,dcqcn
109000,1,1,150,1,1,tick,0,0,0,1000,40000,1000,0,1000000,0,0,1000000000,1000000000,1000000000,,,0,,,,,13000,1000,13000,13,5000000000000,1096024,armed,109000,blocked,13000,1000,13000,13,6000000000000,1096024,armed,110000,blocked,dcqcn
109000,1,2,150,2,2,tick,0,0,0,1000,40000,1000,0,1000000,0,0,1000000000,1000000000,1000000000,,,0,,,,,13000,1000,13000,13,5000000000000,1096024,armed,109000,blocked,13000,1000,13000,13,6000000000000,1096024,armed,110000,blocked,dcqcn
110000,1,1,151,1,1,tick,0,0,0,1000,40000,1000,0,1000000,0,0,1000000000,1000000000,1000000000,,,0,,,,,13000,1000,13000,13,6000000000000,1096024,armed,110000,blocked,13000,1000,13000,13,7000000000000,1096024,armed,111000,scheduled,dcqcn
110000,1,2,151,2,2,tick,0,0,0,1000,40000,1000,0,1000000,0,0,1000000000,1000000000,1000000000,,,0,,,,,13000,1000,13000,13,6000000000000,1096024,armed,110000,blocked,13000,1000,13000,13,7000000000000,1096024,armed,111000,scheduled,dcqcn
111000,1,1,152,1,1,tick,0,0,0,1000,40000,1000,0,1000000,0,0,1000000000,1000000000,1000000000,,,1,13000,1000,0,197,13000,1000,13000,13,7000000000000,1096024,armed,111000,scheduled,14000,1000,14000,14,0,1096024,armed,112000,blocked,dcqcn
111000,1,2,152,2,2,tick,0,0,0,1000,40000,1000,0,1000000,0,0,1000000000,1000000000,1000000000,,,1,13000,1000,0,198,13000,1000,13000,13,7000000000000,1096024,armed,111000,scheduled,14000,1000,14000,14,0,1096024,armed,112000,blocked,dcqcn
112000,1,0,78,0,0,tick,0,0,0,1000,40000,8000,0,1000000,0,0,1000000000,1000000000,1000000000,,,1,14000,1000,0,350,14000,0,14000,14,0,1000000,armed,112000,scheduled,15000,0,15000,15,0,1000000,armed,120000,scheduled,none
112000,1,1,153,1,1,tick,0,0,0,1000,40000,1000,0,1000000,0,0,1000000000,1000000000,1000000000,,,0,,,,,14000,1000,14000,14,0,1096024,armed,112000,blocked,14000,1000,14000,14,1000000000000,1096024,armed,113000,blocked,dcqcn
112000,1,2,153,2,2,tick,0,0,0,1000,40000,1000,0,1000000,0,0,1000000000,1000000000,1000000000,,,0,,,,,14000,1000,14000,14,0,1096024,armed,112000,blocked,14000,1000,14000,14,1000000000000,1096024,armed,113000,blocked,dcqcn
112000,1,3,78,3,3,tick,0,0,0,1000,40000,8000,0,1000000,0,0,1000000000,1000000000,1000000000,,,1,14000,1000,0,353,14000,0,14000,14,0,1000000,armed,112000,scheduled,15000,0,15000,15,0,1000000,armed,120000,scheduled,none
113000,1,1,157,1,1,tick,0,0,0,1000,40000,1000,0,1000000,0,0,1000000000,1000000000,1000000000,,,0,,,,,14000,1000,14000,14,1000000000000,1096024,armed,113000,blocked,14000,1000,14000,14,2000000000000,1096024,armed,114000,blocked,dcqcn
113000,1,2,157,2,2,tick,0,0,0,1000,40000,1000,0,1000000,0,0,1000000000,1000000000,1000000000,,,0,,,,,14000,1000,14000,14,1000000000000,1096024,armed,113000,blocked,14000,1000,14000,14,2000000000000,1096024,armed,114000,blocked,dcqcn
114000,1,1,158,1,1,tick,0,0,0,1000,40000,1000,0,1000000,0,0,1000000000,1000000000,1000000000,,,0,,,,,14000,1000,14000,14,2000000000000,1096024,armed,114000,blocked,14000,1000,14000,14,3000000000000,1096024,armed,115000,blocked,dcqcn
114000,1,2,158,2,2,tick,0,0,0,1000,40000,1000,0,1000000,0,0,1000000000,1000000000,1000000000,,,0,,,,,14000,1000,14000,14,2000000000000,1096024,armed,114000,blocked,14000,1000,14000,14,3000000000000,1096024,armed,115000,blocked,dcqcn
115000,1,1,159,1,1,tick,0,0,0,1000,40000,1000,0,1000000,0,0,1000000000,1000000000,1000000000,,,0,,,,,14000,1000,14000,14,3000000000000,1096024,armed,115000,blocked,14000,1000,14000,14,4000000000000,1096024,armed,116000,blocked,dcqcn
115000,1,2,159,2,2,tick,0,0,0,1000,40000,1000,0,1000000,0,0,1000000000,1000000000,1000000000,,,0,,,,,14000,1000,14000,14,3000000000000,1096024,armed,115000,blocked,14000,1000,14000,14,4000000000000,1096024,armed,116000,blocked,dcqcn
116000,1,1,160,1,1,tick,0,0,0,1000,40000,1000,0,1000000,0,0,1000000000,1000000000,1000000000,,,0,,,,,14000,1000,14000,14,4000000000000,1096024,armed,116000,blocked,14000,1000,14000,14,5000000000000,1096024,armed,117000,blocked,dcqcn
116000,1,2,160,2,2,tick,0,0,0,1000,40000,1000,0,1000000,0,0,1000000000,1000000000,1000000000,,,0,,,,,14000,1000,14000,14,4000000000000,1096024,armed,116000,blocked,14000,1000,14000,14,5000000000000,1096024,armed,117000,blocked,dcqcn
117000,1,1,161,1,1,tick,0,0,0,1000,40000,1000,0,1000000,0,0,1000000000,1000000000,1000000000,,,0,,,,,14000,1000,14000,14,5000000000000,1096024,armed,117000,blocked,14000,1000,14000,14,6000000000000,1096024,armed,118000,blocked,dcqcn
117000,1,2,161,2,2,tick,0,0,0,1000,40000,1000,0,1000000,0,0,1000000000,1000000000,1000000000,,,0,,,,,14000,1000,14000,14,5000000000000,1096024,armed,117000,blocked,14000,1000,14000,14,6000000000000,1096024,armed,118000,blocked,dcqcn
118000,1,1,162,1,1,tick,0,0,0,1000,40000,1000,0,1000000,0,0,1000000000,1000000000,1000000000,,,0,,,,,14000,1000,14000,14,6000000000000,1096024,armed,118000,blocked,14000,1000,14000,14,7000000000000,1096024,armed,119000,scheduled,dcqcn
118000,1,2,162,2,2,tick,0,0,0,1000,40000,1000,0,1000000,0,0,1000000000,1000000000,1000000000,,,0,,,,,14000,1000,14000,14,6000000000000,1096024,armed,118000,blocked,14000,1000,14000,14,7000000000000,1096024,armed,119000,scheduled,dcqcn
119000,1,1,163,1,1,tick,0,0,0,1000,40000,1000,0,1000000,0,0,1000000000,1000000000,1000000000,,,1,14000,1000,0,211,14000,1000,14000,14,7000000000000,1096024,armed,119000,scheduled,15000,1000,15000,15,0,1096024,armed,120000,blocked,dcqcn
119000,1,2,163,2,2,tick,0,0,0,1000,40000,1000,0,1000000,0,0,1000000000,1000000000,1000000000,,,1,14000,1000,0,212,14000,1000,14000,14,7000000000000,1096024,armed,119000,scheduled,15000,1000,15000,15,0,1096024,armed,120000,blocked,dcqcn
120000,1,0,85,0,0,tick,0,0,0,1000,40000,8000,0,1000000,0,0,1000000000,1000000000,1000000000,,,1,15000,1000,0,378,15000,0,15000,15,0,1000000,armed,120000,scheduled,16000,0,16000,16,0,1000000,armed,128000,scheduled,none
120000,1,1,164,1,1,tick,0,0,0,1000,40000,1000,0,1000000,0,0,1000000000,1000000000,1000000000,,,0,,,,,15000,1000,15000,15,0,1096024,armed,120000,blocked,15000,1000,15000,15,1000000000000,1096024,armed,121000,blocked,dcqcn
120000,1,2,164,2,2,tick,0,0,0,1000,40000,1000,0,1000000,0,0,1000000000,1000000000,1000000000,,,0,,,,,15000,1000,15000,15,0,1096024,armed,120000,blocked,15000,1000,15000,15,1000000000000,1096024,armed,121000,blocked,dcqcn
120000,1,3,85,3,3,tick,0,0,0,1000,40000,8000,0,1000000,0,0,1000000000,1000000000,1000000000,,,1,15000,1000,0,381,15000,0,15000,15,0,1000000,armed,120000,scheduled,16000,0,16000,16,0,1000000,armed,128000,scheduled,none
121000,1,1,168,1,1,tick,0,0,0,1000,40000,1000,0,1000000,0,0,1000000000,1000000000,1000000000,,,0,,,,,15000,1000,15000,15,1000000000000,1096024,armed,121000,blocked,15000,1000,15000,15,2000000000000,1096024,armed,122000,blocked,dcqcn
121000,1,2,168,2,2,tick,0,0,0,1000,40000,1000,0,1000000,0,0,1000000000,1000000000,1000000000,,,0,,,,,15000,1000,15000,15,1000000000000,1096024,armed,121000,blocked,15000,1000,15000,15,2000000000000,1096024,armed,122000,blocked,dcqcn
122000,1,1,169,1,1,tick,0,0,0,1000,40000,1000,0,1000000,0,0,1000000000,1000000000,1000000000,,,0,,,,,15000,1000,15000,15,2000000000000,1096024,armed,122000,blocked,15000,1000,15000,15,3000000000000,1096024,armed,123000,blocked,dcqcn
122000,1,2,169,2,2,tick,0,0,0,1000,40000,1000,0,1000000,0,0,1000000000,1000000000,1000000000,,,0,,,,,15000,1000,15000,15,2000000000000,1096024,armed,122000,blocked,15000,1000,15000,15,3000000000000,1096024,armed,123000,blocked,dcqcn
123000,1,1,170,1,1,tick,0,0,0,1000,40000,1000,0,1000000,0,0,1000000000,1000000000,1000000000,,,0,,,,,15000,1000,15000,15,3000000000000,1096024,armed,123000,blocked,15000,1000,15000,15,4000000000000,1096024,armed,124000,blocked,dcqcn
123000,1,2,170,2,2,tick,0,0,0,1000,40000,1000,0,1000000,0,0,1000000000,1000000000,1000000000,,,0,,,,,15000,1000,15000,15,3000000000000,1096024,armed,123000,blocked,15000,1000,15000,15,4000000000000,1096024,armed,124000,blocked,dcqcn
124000,1,1,171,1,1,tick,0,0,0,1000,40000,1000,0,1000000,0,0,1000000000,1000000000,1000000000,,,0,,,,,15000,1000,15000,15,4000000000000,1096024,armed,124000,blocked,15000,1000,15000,15,5000000000000,1096024,armed,125000,blocked,dcqcn
124000,1,2,171,2,2,tick,0,0,0,1000,40000,1000,0,1000000,0,0,1000000000,1000000000,1000000000,,,0,,,,,15000,1000,15000,15,4000000000000,1096024,armed,124000,blocked,15000,1000,15000,15,5000000000000,1096024,armed,125000,blocked,dcqcn
125000,1,1,172,1,1,tick,0,0,0,1000,40000,1000,0,1000000,0,0,1000000000,1000000000,1000000000,,,0,,,,,15000,1000,15000,15,5000000000000,1096024,armed,125000,blocked,15000,1000,15000,15,6000000000000,1096024,armed,126000,blocked,dcqcn
125000,1,2,172,2,2,tick,0,0,0,1000,40000,1000,0,1000000,0,0,1000000000,1000000000,1000000000,,,0,,,,,15000,1000,15000,15,5000000000000,1096024,armed,125000,blocked,15000,1000,15000,15,6000000000000,1096024,armed,126000,blocked,dcqcn
126000,1,1,173,1,1,tick,0,0,0,1000,40000,1000,0,1000000,0,0,1000000000,1000000000,1000000000,,,0,,,,,15000,1000,15000,15,6000000000000,1096024,armed,126000,blocked,15000,1000,15000,15,7000000000000,1096024,armed,127000,scheduled,dcqcn
126000,1,2,173,2,2,tick,0,0,0,1000,40000,1000,0,1000000,0,0,1000000000,1000000000,1000000000,,,0,,,,,15000,1000,15000,15,6000000000000,1096024,armed,126000,blocked,15000,1000,15000,15,7000000000000,1096024,armed,127000,scheduled,dcqcn
127000,1,1,174,1,1,tick,0,0,0,1000,40000,1000,0,1000000,0,0,1000000000,1000000000,1000000000,,,1,15000,1000,0,225,15000,1000,15000,15,7000000000000,1096024,armed,127000,scheduled,16000,1000,16000,16,0,1096024,armed,128000,blocked,dcqcn
127000,1,2,174,2,2,tick,0,0,0,1000,40000,1000,0,1000000,0,0,1000000000,1000000000,1000000000,,,1,15000,1000,0,226,15000,1000,15000,15,7000000000000,1096024,armed,127000,scheduled,16000,1000,16000,16,0,1096024,armed,128000,blocked,dcqcn
128000,1,0,92,0,0,tick,0,0,0,1000,40000,8000,0,1000000,0,0,1000000000,1000000000,1000000000,,,1,16000,1000,0,406,16000,0,16000,16,0,1000000,armed,128000,scheduled,17000,0,17000,17,0,1000000,armed,136000,scheduled,none
128000,1,1,175,1,1,tick,0,0,0,1000,40000,1000,0,1000000,0,0,1000000000,1000000000,1000000000,,,0,,,,,16000,1000,16000,16,0,1096024,armed,128000,blocked,16000,1000,16000,16,1000000000000,1096024,armed,129000,blocked,dcqcn
128000,1,2,175,2,2,tick,0,0,0,1000,40000,1000,0,1000000,0,0,1000000000,1000000000,1000000000,,,0,,,,,16000,1000,16000,16,0,1096024,armed,128000,blocked,16000,1000,16000,16,1000000000000,1096024,armed,129000,blocked,dcqcn
128000,1,3,92,3,3,tick,0,0,0,1000,40000,8000,0,1000000,0,0,1000000000,1000000000,1000000000,,,1,16000,1000,0,409,16000,0,16000,16,0,1000000,armed,128000,scheduled,17000,0,17000,17,0,1000000,armed,136000,scheduled,none
128024,0,4,38,0,0,ack,0,0,0,1000,40000,8000,0,1000000,0,0,1000000000,1000000000,,1000,0,0,,,,,17000,0,17000,17,0,1000000,armed,136000,scheduled,17000,1000,17000,17,0,1128024,armed,136000,scheduled,none
128024,0,12,38,3,3,ack,0,0,0,1000,40000,8000,0,1000000,0,0,1000000000,1000000000,,1000,0,0,,,,,17000,0,17000,17,0,1000000,armed,136000,scheduled,17000,1000,17000,17,0,1128024,armed,136000,scheduled,none
129000,1,1,179,1,1,tick,0,0,0,1000,40000,1000,0,1000000,0,0,1000000000,1000000000,1000000000,,,0,,,,,16000,1000,16000,16,1000000000000,1096024,armed,129000,blocked,16000,1000,16000,16,2000000000000,1096024,armed,130000,blocked,dcqcn
129000,1,2,179,2,2,tick,0,0,0,1000,40000,1000,0,1000000,0,0,1000000000,1000000000,1000000000,,,0,,,,,16000,1000,16000,16,1000000000000,1096024,armed,129000,blocked,16000,1000,16000,16,2000000000000,1096024,armed,130000,blocked,dcqcn
129048,0,6,5,1,1,ack,0,0,0,1000,40000,1000,0,1000000,0,0,1000000000,1000000000,,2000,0,0,,,,,16000,1000,16000,16,2000000000000,1096024,armed,130000,blocked,16000,2000,16000,16,2000000000000,1129048,armed,130000,blocked,dcqcn
129048,0,9,5,2,2,ack,0,0,0,1000,40000,1000,0,1000000,0,0,1000000000,1000000000,,2000,0,0,,,,,16000,1000,16000,16,2000000000000,1096024,armed,130000,blocked,16000,2000,16000,16,2000000000000,1129048,armed,130000,blocked,dcqcn
130000,1,1,180,1,1,tick,0,0,0,1000,40000,1000,0,1000000,0,0,1000000000,1000000000,1000000000,,,0,,,,,16000,2000,16000,16,2000000000000,1129048,armed,130000,blocked,16000,2000,16000,16,3000000000000,1129048,armed,131000,blocked,dcqcn
130000,1,2,180,2,2,tick,0,0,0,1000,40000,1000,0,1000000,0,0,1000000000,1000000000,1000000000,,,0,,,,,16000,2000,16000,16,2000000000000,1129048,armed,130000,blocked,16000,2000,16000,16,3000000000000,1129048,armed,131000,blocked,dcqcn
131000,1,1,182,1,1,tick,0,0,0,1000,40000,1000,0,1000000,0,0,1000000000,1000000000,1000000000,,,0,,,,,16000,2000,16000,16,3000000000000,1129048,armed,131000,blocked,16000,2000,16000,16,4000000000000,1129048,armed,132000,blocked,dcqcn
131000,1,2,182,2,2,tick,0,0,0,1000,40000,1000,0,1000000,0,0,1000000000,1000000000,1000000000,,,0,,,,,16000,2000,16000,16,3000000000000,1129048,armed,131000,blocked,16000,2000,16000,16,4000000000000,1129048,armed,132000,blocked,dcqcn
132000,1,1,183,1,1,tick,0,0,0,1000,40000,1000,0,1000000,0,0,1000000000,1000000000,1000000000,,,0,,,,,16000,2000,16000,16,4000000000000,1129048,armed,132000,blocked,16000,2000,16000,16,5000000000000,1129048,armed,133000,blocked,dcqcn
132000,1,2,183,2,2,tick,0,0,0,1000,40000,1000,0,1000000,0,0,1000000000,1000000000,1000000000,,,0,,,,,16000,2000,16000,16,4000000000000,1129048,armed,132000,blocked,16000,2000,16000,16,5000000000000,1129048,armed,133000,blocked,dcqcn
133000,1,1,184,1,1,tick,0,0,0,1000,40000,1000,0,1000000,0,0,1000000000,1000000000,1000000000,,,0,,,,,16000,2000,16000,16,5000000000000,1129048,armed,133000,blocked,16000,2000,16000,16,6000000000000,1129048,armed,134000,blocked,dcqcn
133000,1,2,184,2,2,tick,0,0,0,1000,40000,1000,0,1000000,0,0,1000000000,1000000000,1000000000,,,0,,,,,16000,2000,16000,16,5000000000000,1129048,armed,133000,blocked,16000,2000,16000,16,6000000000000,1129048,armed,134000,blocked,dcqcn
134000,1,1,185,1,1,tick,0,0,0,1000,40000,1000,0,1000000,0,0,1000000000,1000000000,1000000000,,,0,,,,,16000,2000,16000,16,6000000000000,1129048,armed,134000,blocked,16000,2000,16000,16,7000000000000,1129048,armed,135000,scheduled,dcqcn
134000,1,2,185,2,2,tick,0,0,0,1000,40000,1000,0,1000000,0,0,1000000000,1000000000,1000000000,,,0,,,,,16000,2000,16000,16,6000000000000,1129048,armed,134000,blocked,16000,2000,16000,16,7000000000000,1129048,armed,135000,scheduled,dcqcn
135000,1,1,186,1,1,tick,0,0,0,1000,40000,1000,0,1000000,0,0,1000000000,1000000000,1000000000,,,1,16000,1000,0,239,16000,2000,16000,16,7000000000000,1129048,armed,135000,scheduled,17000,2000,17000,17,0,1129048,armed,136000,blocked,dcqcn
135000,1,2,186,2,2,tick,0,0,0,1000,40000,1000,0,1000000,0,0,1000000000,1000000000,1000000000,,,1,16000,1000,0,240,16000,2000,16000,16,7000000000000,1129048,armed,135000,scheduled,17000,2000,17000,17,0,1129048,armed,136000,blocked,dcqcn
136000,1,0,99,0,0,tick,0,0,0,1000,40000,8000,0,1000000,0,0,1000000000,1000000000,1000000000,,,1,17000,1000,0,420,17000,1000,17000,17,0,1128024,armed,136000,scheduled,18000,1000,18000,18,0,1128024,armed,144000,scheduled,none
136000,1,1,187,1,1,tick,0,0,0,1000,40000,1000,0,1000000,0,0,1000000000,1000000000,1000000000,,,0,,,,,17000,2000,17000,17,0,1129048,armed,136000,blocked,17000,2000,17000,17,1000000000000,1129048,armed,137000,blocked,dcqcn
136000,1,2,187,2,2,tick,0,0,0,1000,40000,1000,0,1000000,0,0,1000000000,1000000000,1000000000,,,0,,,,,17000,2000,17000,17,0,1129048,armed,136000,blocked,17000,2000,17000,17,1000000000000,1129048,armed,137000,blocked,dcqcn
136000,1,3,99,3,3,tick,0,0,0,1000,40000,8000,0,1000000,0,0,1000000000,1000000000,1000000000,,,1,17000,1000,0,423,17000,1000,17000,17,0,1128024,armed,136000,scheduled,18000,1000,18000,18,0,1128024,armed,144000,scheduled,none
137000,1,1,191,1,1,tick,0,0,0,1000,40000,1000,0,1000000,0,0,1000000000,1000000000,1000000000,,,0,,,,,17000,2000,17000,17,1000000000000,1129048,armed,137000,blocked,17000,2000,17000,17,2000000000000,1129048,armed,138000,blocked,dcqcn
137000,1,2,191,2,2,tick,0,0,0,1000,40000,1000,0,1000000,0,0,1000000000,1000000000,1000000000,,,0,,,,,17000,2000,17000,17,1000000000000,1129048,armed,137000,blocked,17000,2000,17000,17,2000000000000,1129048,armed,138000,blocked,dcqcn
138000,1,1,192,1,1,tick,0,0,0,1000,40000,1000,0,1000000,0,0,1000000000,1000000000,1000000000,,,0,,,,,17000,2000,17000,17,2000000000000,1129048,armed,138000,blocked,17000,2000,17000,17,3000000000000,1129048,armed,139000,blocked,dcqcn
138000,1,2,192,2,2,tick,0,0,0,1000,40000,1000,0,1000000,0,0,1000000000,1000000000,1000000000,,,0,,,,,17000,2000,17000,17,2000000000000,1129048,armed,138000,blocked,17000,2000,17000,17,3000000000000,1129048,armed,139000,blocked,dcqcn
139000,1,1,193,1,1,tick,0,0,0,1000,40000,1000,0,1000000,0,0,1000000000,1000000000,1000000000,,,0,,,,,17000,2000,17000,17,3000000000000,1129048,armed,139000,blocked,17000,2000,17000,17,4000000000000,1129048,armed,140000,blocked,dcqcn
139000,1,2,193,2,2,tick,0,0,0,1000,40000,1000,0,1000000,0,0,1000000000,1000000000,1000000000,,,0,,,,,17000,2000,17000,17,3000000000000,1129048,armed,139000,blocked,17000,2000,17000,17,4000000000000,1129048,armed,140000,blocked,dcqcn
140000,1,1,194,1,1,tick,0,0,0,1000,40000,1000,0,1000000,0,0,1000000000,1000000000,1000000000,,,0,,,,,17000,2000,17000,17,4000000000000,1129048,armed,140000,blocked,17000,2000,17000,17,5000000000000,1129048,armed,141000,blocked,dcqcn
140000,1,2,194,2,2,tick,0,0,0,1000,40000,1000,0,1000000,0,0,1000000000,1000000000,1000000000,,,0,,,,,17000,2000,17000,17,4000000000000,1129048,armed,140000,blocked,17000,2000,17000,17,5000000000000,1129048,armed,141000,blocked,dcqcn
141000,1,1,195,1,1,tick,0,0,0,1000,40000,1000,0,1000000,0,0,1000000000,1000000000,1000000000,,,0,,,,,17000,2000,17000,17,5000000000000,1129048,armed,141000,blocked,17000,2000,17000,17,6000000000000,1129048,armed,142000,blocked,dcqcn
141000,1,2,195,2,2,tick,0,0,0,1000,40000,1000,0,1000000,0,0,1000000000,1000000000,1000000000,,,0,,,,,17000,2000,17000,17,5000000000000,1129048,armed,141000,blocked,17000,2000,17000,17,6000000000000,1129048,armed,142000,blocked,dcqcn
142000,1,1,196,1,1,tick,0,0,0,1000,40000,1000,0,1000000,0,0,1000000000,1000000000,1000000000,,,0,,,,,17000,2000,17000,17,6000000000000,1129048,armed,142000,blocked,17000,2000,17000,17,7000000000000,1129048,armed,143000,scheduled,dcqcn
142000,1,2,196,2,2,tick,0,0,0,1000,40000,1000,0,1000000,0,0,1000000000,1000000000,1000000000,,,0,,,,,17000,2000,17000,17,6000000000000,1129048,armed,142000,blocked,17000,2000,17000,17,7000000000000,1129048,armed,143000,scheduled,dcqcn
143000,1,1,197,1,1,tick,0,0,0,1000,40000,1000,0,1000000,0,0,1000000000,1000000000,1000000000,,,1,17000,1000,0,253,17000,2000,17000,17,7000000000000,1129048,armed,143000,scheduled,18000,2000,18000,18,0,1129048,armed,144000,blocked,dcqcn
143000,1,2,197,2,2,tick,0,0,0,1000,40000,1000,0,1000000,0,0,1000000000,1000000000,1000000000,,,1,17000,1000,0,254,17000,2000,17000,17,7000000000000,1129048,armed,143000,scheduled,18000,2000,18000,18,0,1129048,armed,144000,blocked,dcqcn
144000,1,0,107,0,0,tick,0,0,0,1000,40000,8000,0,1000000,0,0,1000000000,1000000000,1000000000,,,1,18000,1000,0,448,18000,1000,18000,18,0,1128024,armed,144000,scheduled,19000,1000,19000,19,0,1128024,armed,152000,scheduled,none
144000,1,1,198,1,1,tick,0,0,0,1000,40000,1000,0,1000000,0,0,1000000000,1000000000,1000000000,,,0,,,,,18000,2000,18000,18,0,1129048,armed,144000,blocked,18000,2000,18000,18,1000000000000,1129048,armed,145000,blocked,dcqcn
144000,1,2,198,2,2,tick,0,0,0,1000,40000,1000,0,1000000,0,0,1000000000,1000000000,1000000000,,,0,,,,,18000,2000,18000,18,0,1129048,armed,144000,blocked,18000,2000,18000,18,1000000000000,1129048,armed,145000,blocked,dcqcn
144000,1,3,107,3,3,tick,0,0,0,1000,40000,8000,0,1000000,0,0,1000000000,1000000000,1000000000,,,1,18000,1000,0,451,18000,1000,18000,18,0,1128024,armed,144000,scheduled,19000,1000,19000,19,0,1128024,armed,152000,scheduled,none
145000,1,1,202,1,1,tick,0,0,0,1000,40000,1000,0,1000000,0,0,1000000000,1000000000,1000000000,,,0,,,,,18000,2000,18000,18,1000000000000,1129048,armed,145000,blocked,18000,2000,18000,18,2000000000000,1129048,armed,146000,blocked,dcqcn
145000,1,2,202,2,2,tick,0,0,0,1000,40000,1000,0,1000000,0,0,1000000000,1000000000,1000000000,,,0,,,,,18000,2000,18000,18,1000000000000,1129048,armed,145000,blocked,18000,2000,18000,18,2000000000000,1129048,armed,146000,blocked,dcqcn
146000,1,1,203,1,1,tick,0,0,0,1000,40000,1000,0,1000000,0,0,1000000000,1000000000,1000000000,,,0,,,,,18000,2000,18000,18,2000000000000,1129048,armed,146000,blocked,18000,2000,18000,18,3000000000000,1129048,armed,147000,blocked,dcqcn
146000,1,2,203,2,2,tick,0,0,0,1000,40000,1000,0,1000000,0,0,1000000000,1000000000,1000000000,,,0,,,,,18000,2000,18000,18,2000000000000,1129048,armed,146000,blocked,18000,2000,18000,18,3000000000000,1129048,armed,147000,blocked,dcqcn
147000,1,1,204,1,1,tick,0,0,0,1000,40000,1000,0,1000000,0,0,1000000000,1000000000,1000000000,,,0,,,,,18000,2000,18000,18,3000000000000,1129048,armed,147000,blocked,18000,2000,18000,18,4000000000000,1129048,armed,148000,blocked,dcqcn
147000,1,2,204,2,2,tick,0,0,0,1000,40000,1000,0,1000000,0,0,1000000000,1000000000,1000000000,,,0,,,,,18000,2000,18000,18,3000000000000,1129048,armed,147000,blocked,18000,2000,18000,18,4000000000000,1129048,armed,148000,blocked,dcqcn
148000,1,1,205,1,1,tick,0,0,0,1000,40000,1000,0,1000000,0,0,1000000000,1000000000,1000000000,,,0,,,,,18000,2000,18000,18,4000000000000,1129048,armed,148000,blocked,18000,2000,18000,18,5000000000000,1129048,armed,149000,blocked,dcqcn
148000,1,2,205,2,2,tick,0,0,0,1000,40000,1000,0,1000000,0,0,1000000000,1000000000,1000000000,,,0,,,,,18000,2000,18000,18,4000000000000,1129048,armed,148000,blocked,18000,2000,18000,18,5000000000000,1129048,armed,149000,blocked,dcqcn
149000,1,1,206,1,1,tick,0,0,0,1000,40000,1000,0,1000000,0,0,1000000000,1000000000,1000000000,,,0,,,,,18000,2000,18000,18,5000000000000,1129048,armed,149000,blocked,18000,2000,18000,18,6000000000000,1129048,armed,150000,blocked,dcqcn
149000,1,2,206,2,2,tick,0,0,0,1000,40000,1000,0,1000000,0,0,1000000000,1000000000,1000000000,,,0,,,,,18000,2000,18000,18,5000000000000,1129048,armed,149000,blocked,18000,2000,18000,18,6000000000000,1129048,armed,150000,blocked,dcqcn
150000,1,1,207,1,1,tick,0,0,0,1000,40000,1000,0,1000000,0,0,1000000000,1000000000,1000000000,,,0,,,,,18000,2000,18000,18,6000000000000,1129048,armed,150000,blocked,18000,2000,18000,18,7000000000000,1129048,armed,151000,scheduled,dcqcn
150000,1,2,207,2,2,tick,0,0,0,1000,40000,1000,0,1000000,0,0,1000000000,1000000000,1000000000,,,0,,,,,18000,2000,18000,18,6000000000000,1129048,armed,150000,blocked,18000,2000,18000,18,7000000000000,1129048,armed,151000,scheduled,dcqcn
151000,1,1,208,1,1,tick,0,0,0,1000,40000,1000,0,1000000,0,0,1000000000,1000000000,1000000000,,,1,18000,1000,0,267,18000,2000,18000,18,7000000000000,1129048,armed,151000,scheduled,19000,2000,19000,19,0,1129048,armed,152000,blocked,dcqcn
151000,1,2,208,2,2,tick,0,0,0,1000,40000,1000,0,1000000,0,0,1000000000,1000000000,1000000000,,,1,18000,1000,0,268,18000,2000,18000,18,7000000000000,1129048,armed,151000,scheduled,19000,2000,19000,19,0,1129048,armed,152000,blocked,dcqcn
152000,1,0,111,0,0,tick,0,0,0,1000,40000,8000,0,1000000,0,0,1000000000,1000000000,1000000000,,,1,19000,1000,0,476,19000,1000,19000,19,0,1128024,armed,152000,scheduled,20000,1000,20000,20,0,1128024,armed,160000,scheduled,none
152000,1,1,209,1,1,tick,0,0,0,1000,40000,1000,0,1000000,0,0,1000000000,1000000000,1000000000,,,0,,,,,19000,2000,19000,19,0,1129048,armed,152000,blocked,19000,2000,19000,19,1000000000000,1129048,armed,153000,blocked,dcqcn
152000,1,2,209,2,2,tick,0,0,0,1000,40000,1000,0,1000000,0,0,1000000000,1000000000,1000000000,,,0,,,,,19000,2000,19000,19,0,1129048,armed,152000,blocked,19000,2000,19000,19,1000000000000,1129048,armed,153000,blocked,dcqcn
152000,1,3,111,3,3,tick,0,0,0,1000,40000,8000,0,1000000,0,0,1000000000,1000000000,1000000000,,,1,19000,1000,0,479,19000,1000,19000,19,0,1128024,armed,152000,scheduled,20000,1000,20000,20,0,1128024,armed,160000,scheduled,none
153000,1,1,213,1,1,tick,0,0,0,1000,40000,1000,0,1000000,0,0,1000000000,1000000000,1000000000,,,0,,,,,19000,2000,19000,19,1000000000000,1129048,armed,153000,blocked,19000,2000,19000,19,2000000000000,1129048,armed,154000,blocked,dcqcn
153000,1,2,213,2,2,tick,0,0,0,1000,40000,1000,0,1000000,0,0,1000000000,1000000000,1000000000,,,0,,,,,19000,2000,19000,19,1000000000000,1129048,armed,153000,blocked,19000,2000,19000,19,2000000000000,1129048,armed,154000,blocked,dcqcn
154000,1,1,214,1,1,tick,0,0,0,1000,40000,1000,0,1000000,0,0,1000000000,1000000000,1000000000,,,0,,,,,19000,2000,19000,19,2000000000000,1129048,armed,154000,blocked,19000,2000,19000,19,3000000000000,1129048,armed,155000,blocked,dcqcn
154000,1,2,214,2,2,tick,0,0,0,1000,40000,1000,0,1000000,0,0,1000000000,1000000000,1000000000,,,0,,,,,19000,2000,19000,19,2000000000000,1129048,armed,154000,blocked,19000,2000,19000,19,3000000000000,1129048,armed,155000,blocked,dcqcn
155000,1,1,215,1,1,tick,0,0,0,1000,40000,1000,0,1000000,0,0,1000000000,1000000000,1000000000,,,0,,,,,19000,2000,19000,19,3000000000000,1129048,armed,155000,blocked,19000,2000,19000,19,4000000000000,1129048,armed,156000,blocked,dcqcn
155000,1,2,215,2,2,tick,0,0,0,1000,40000,1000,0,1000000,0,0,1000000000,1000000000,1000000000,,,0,,,,,19000,2000,19000,19,3000000000000,1129048,armed,155000,blocked,19000,2000,19000,19,4000000000000,1129048,armed,156000,blocked,dcqcn
156000,1,1,216,1,1,tick,0,0,0,1000,40000,1000,0,1000000,0,0,1000000000,1000000000,1000000000,,,0,,,,,19000,2000,19000,19,4000000000000,1129048,armed,156000,blocked,19000,2000,19000,19,5000000000000,1129048,armed,157000,blocked,dcqcn
156000,1,2,216,2,2,tick,0,0,0,1000,40000,1000,0,1000000,0,0,1000000000,1000000000,1000000000,,,0,,,,,19000,2000,19000,19,4000000000000,1129048,armed,156000,blocked,19000,2000,19000,19,5000000000000,1129048,armed,157000,blocked,dcqcn
157000,1,1,217,1,1,tick,0,0,0,1000,40000,1000,0,1000000,0,0,1000000000,1000000000,1000000000,,,0,,,,,19000,2000,19000,19,5000000000000,1129048,armed,157000,blocked,19000,2000,19000,19,6000000000000,1129048,armed,158000,blocked,dcqcn
157000,1,2,217,2,2,tick,0,0,0,1000,40000,1000,0,1000000,0,0,1000000000,1000000000,1000000000,,,0,,,,,19000,2000,19000,19,5000000000000,1129048,armed,157000,blocked,19000,2000,19000,19,6000000000000,1129048,armed,158000,blocked,dcqcn
158000,1,1,218,1,1,tick,0,0,0,1000,40000,1000,0,1000000,0,0,1000000000,1000000000,1000000000,,,0,,,,,19000,2000,19000,19,6000000000000,1129048,armed,158000,blocked,19000,2000,19000,19,7000000000000,1129048,armed,159000,scheduled,dcqcn
158000,1,2,218,2,2,tick,0,0,0,1000,40000,1000,0,1000000,0,0,1000000000,1000000000,1000000000,,,0,,,,,19000,2000,19000,19,6000000000000,1129048,armed,158000,blocked,19000,2000,19000,19,7000000000000,1129048,armed,159000,scheduled,dcqcn
159000,1,1,219,1,1,tick,0,0,0,1000,40000,1000,0,1000000,0,0,1000000000,1000000000,1000000000,,,1,19000,1000,0,281,19000,2000,19000,19,7000000000000,1129048,armed,159000,scheduled,20000,2000,20000,20,0,1129048,armed,160000,blocked,dcqcn
159000,1,2,219,2,2,tick,0,0,0,1000,40000,1000,0,1000000,0,0,1000000000,1000000000,1000000000,,,1,19000,1000,0,282,19000,2000,19000,19,7000000000000,1129048,armed,159000,scheduled,20000,2000,20000,20,0,1129048,armed,160000,blocked,dcqcn
160000,1,0,118,0,0,tick,0,0,0,1000,40000,8000,0,1000000,0,0,1000000000,1000000000,1000000000,,,1,20000,1000,0,504,20000,1000,20000,20,0,1128024,armed,160000,scheduled,21000,1000,21000,21,0,1128024,armed,168000,scheduled,none
160000,1,1,220,1,1,tick,0,0,0,1000,40000,1000,0,1000000,0,0,1000000000,1000000000,1000000000,,,0,,,,,20000,2000,20000,20,0,1129048,armed,160000,blocked,20000,2000,20000,20,1000000000000,1129048,armed,161000,blocked,dcqcn
160000,1,2,220,2,2,tick,0,0,0,1000,40000,1000,0,1000000,0,0,1000000000,1000000000,1000000000,,,0,,,,,20000,2000,20000,20,0,1129048,armed,160000,blocked,20000,2000,20000,20,1000000000000,1129048,armed,161000,blocked,dcqcn
160000,1,3,118,3,3,tick,0,0,0,1000,40000,8000,0,1000000,0,0,1000000000,1000000000,1000000000,,,1,20000,1000,0,507,20000,1000,20000,20,0,1128024,armed,160000,scheduled,21000,1000,21000,21,0,1128024,armed,168000,scheduled,none
161000,1,1,224,1,1,tick,0,0,0,1000,40000,1000,0,1000000,0,0,1000000000,1000000000,1000000000,,,0,,,,,20000,2000,20000,20,1000000000000,1129048,armed,161000,blocked,20000,2000,20000,20,2000000000000,1129048,armed,162000,blocked,dcqcn
161000,1,2,224,2,2,tick,0,0,0,1000,40000,1000,0,1000000,0,0,1000000000,1000000000,1000000000,,,0,,,,,20000,2000,20000,20,1000000000000,1129048,armed,161000,blocked,20000,2000,20000,20,2000000000000,1129048,armed,162000,blocked,dcqcn
161048,0,4,53,0,0,ack,0,0,0,1000,40000,8000,0,1000000,0,0,1000000000,1000000000,,2000,0,0,,,,,21000,1000,21000,21,0,1128024,armed,168000,scheduled,21000,2000,21000,21,0,1161048,armed,168000,scheduled,none
161048,0,12,53,3,3,ack,0,0,0,1000,40000,8000,0,1000000,0,0,1000000000,1000000000,,2000,0,0,,,,,21000,1000,21000,21,0,1128024,armed,168000,scheduled,21000,2000,21000,21,0,1161048,armed,168000,scheduled,none
162000,1,1,225,1,1,tick,0,0,0,1000,40000,1000,0,1000000,0,0,1000000000,1000000000,1000000000,,,0,,,,,20000,2000,20000,20,2000000000000,1129048,armed,162000,blocked,20000,2000,20000,20,3000000000000,1129048,armed,163000,blocked,dcqcn
162000,1,2,225,2,2,tick,0,0,0,1000,40000,1000,0,1000000,0,0,1000000000,1000000000,1000000000,,,0,,,,,20000,2000,20000,20,2000000000000,1129048,armed,162000,blocked,20000,2000,20000,20,3000000000000,1129048,armed,163000,blocked,dcqcn
162072,0,6,8,1,1,ack,0,0,0,1000,40000,1000,0,1000000,0,0,1000000000,1000000000,,3000,0,0,,,,,20000,2000,20000,20,3000000000000,1129048,armed,163000,blocked,20000,3000,20000,20,3000000000000,1162072,armed,163000,blocked,dcqcn
162072,0,9,8,2,2,ack,0,0,0,1000,40000,1000,0,1000000,0,0,1000000000,1000000000,,3000,0,0,,,,,20000,2000,20000,20,3000000000000,1129048,armed,163000,blocked,20000,3000,20000,20,3000000000000,1162072,armed,163000,blocked,dcqcn
163000,1,1,226,1,1,tick,0,0,0,1000,40000,1000,0,1000000,0,0,1000000000,1000000000,1000000000,,,0,,,,,20000,3000,20000,20,3000000000000,1162072,armed,163000,blocked,20000,3000,20000,20,4000000000000,1162072,armed,164000,blocked,dcqcn
163000,1,2,226,2,2,tick,0,0,0,1000,40000,1000,0,1000000,0,0,1000000000,1000000000,1000000000,,,0,,,,,20000,3000,20000,20,3000000000000,1162072,armed,163000,blocked,20000,3000,20000,20,4000000000000,1162072,armed,164000,blocked,dcqcn
164000,1,1,228,1,1,tick,0,0,0,1000,40000,1000,0,1000000,0,0,1000000000,1000000000,1000000000,,,0,,,,,20000,3000,20000,20,4000000000000,1162072,armed,164000,blocked,20000,3000,20000,20,5000000000000,1162072,armed,165000,blocked,dcqcn
164000,1,2,228,2,2,tick,0,0,0,1000,40000,1000,0,1000000,0,0,1000000000,1000000000,1000000000,,,0,,,,,20000,3000,20000,20,4000000000000,1162072,armed,164000,blocked,20000,3000,20000,20,5000000000000,1162072,armed,165000,blocked,dcqcn
165000,1,1,229,1,1,tick,0,0,0,1000,40000,1000,0,1000000,0,0,1000000000,1000000000,1000000000,,,0,,,,,20000,3000,20000,20,5000000000000,1162072,armed,165000,blocked,20000,3000,20000,20,6000000000000,1162072,armed,166000,blocked,dcqcn
165000,1,2,229,2,2,tick,0,0,0,1000,40000,1000,0,1000000,0,0,1000000000,1000000000,1000000000,,,0,,,,,20000,3000,20000,20,5000000000000,1162072,armed,165000,blocked,20000,3000,20000,20,6000000000000,1162072,armed,166000,blocked,dcqcn
166000,1,1,230,1,1,tick,0,0,0,1000,40000,1000,0,1000000,0,0,1000000000,1000000000,1000000000,,,0,,,,,20000,3000,20000,20,6000000000000,1162072,armed,166000,blocked,20000,3000,20000,20,7000000000000,1162072,armed,167000,scheduled,dcqcn
166000,1,2,230,2,2,tick,0,0,0,1000,40000,1000,0,1000000,0,0,1000000000,1000000000,1000000000,,,0,,,,,20000,3000,20000,20,6000000000000,1162072,armed,166000,blocked,20000,3000,20000,20,7000000000000,1162072,armed,167000,scheduled,dcqcn
167000,1,1,231,1,1,tick,0,0,0,1000,40000,1000,0,1000000,0,0,1000000000,1000000000,1000000000,,,1,20000,1000,0,295,20000,3000,20000,20,7000000000000,1162072,armed,167000,scheduled,21000,3000,21000,21,0,1162072,armed,168000,blocked,dcqcn
167000,1,2,231,2,2,tick,0,0,0,1000,40000,1000,0,1000000,0,0,1000000000,1000000000,1000000000,,,1,20000,1000,0,296,20000,3000,20000,20,7000000000000,1162072,armed,167000,scheduled,21000,3000,21000,21,0,1162072,armed,168000,blocked,dcqcn
168000,1,0,125,0,0,tick,0,0,0,1000,40000,8000,0,1000000,0,0,1000000000,1000000000,1000000000,,,1,21000,1000,0,532,21000,2000,21000,21,0,1161048,armed,168000,scheduled,22000,2000,22000,22,0,1161048,armed,176000,scheduled,none
168000,1,1,232,1,1,tick,0,0,0,1000,40000,1000,0,1000000,0,0,1000000000,1000000000,1000000000,,,0,,,,,21000,3000,21000,21,0,1162072,armed,168000,blocked,21000,3000,21000,21,1000000000000,1162072,armed,169000,blocked,dcqcn
168000,1,2,232,2,2,tick,0,0,0,1000,40000,1000,0,1000000,0,0,1000000000,1000000000,1000000000,,,0,,,,,21000,3000,21000,21,0,1162072,armed,168000,blocked,21000,3000,21000,21,1000000000000,1162072,armed,169000,blocked,dcqcn
168000,1,3,125,3,3,tick,0,0,0,1000,40000,8000,0,1000000,0,0,1000000000,1000000000,1000000000,,,1,21000,1000,0,535,21000,2000,21000,21,0,1161048,armed,168000,scheduled,22000,2000,22000,22,0,1161048,armed,176000,scheduled,none
169000,1,1,236,1,1,tick,0,0,0,1000,40000,1000,0,1000000,0,0,1000000000,1000000000,1000000000,,,0,,,,,21000,3000,21000,21,1000000000000,1162072,armed,169000,blocked,21000,3000,21000,21,2000000000000,1162072,armed,170000,blocked,dcqcn
169000,1,2,236,2,2,tick,0,0,0,1000,40000,1000,0,1000000,0,0,1000000000,1000000000,1000000000,,,0,,,,,21000,3000,21000,21,1000000000000,1162072,armed,169000,blocked,21000,3000,21000,21,2000000000000,1162072,armed,170000,blocked,dcqcn
170000,1,1,237,1,1,tick,0,0,0,1000,40000,1000,0,1000000,0,0,1000000000,1000000000,1000000000,,,0,,,,,21000,3000,21000,21,2000000000000,1162072,armed,170000,blocked,21000,3000,21000,21,3000000000000,1162072,armed,171000,blocked,dcqcn
170000,1,2,237,2,2,tick,0,0,0,1000,40000,1000,0,1000000,0,0,1000000000,1000000000,1000000000,,,0,,,,,21000,3000,21000,21,2000000000000,1162072,armed,170000,blocked,21000,3000,21000,21,3000000000000,1162072,armed,171000,blocked,dcqcn
171000,1,1,238,1,1,tick,0,0,0,1000,40000,1000,0,1000000,0,0,1000000000,1000000000,1000000000,,,0,,,,,21000,3000,21000,21,3000000000000,1162072,armed,171000,blocked,21000,3000,21000,21,4000000000000,1162072,armed,172000,blocked,dcqcn
171000,1,2,238,2,2,tick,0,0,0,1000,40000,1000,0,1000000,0,0,1000000000,1000000000,1000000000,,,0,,,,,21000,3000,21000,21,3000000000000,1162072,armed,171000,blocked,21000,3000,21000,21,4000000000000,1162072,armed,172000,blocked,dcqcn
172000,1,1,239,1,1,tick,0,0,0,1000,40000,1000,0,1000000,0,0,1000000000,1000000000,1000000000,,,0,,,,,21000,3000,21000,21,4000000000000,1162072,armed,172000,blocked,21000,3000,21000,21,5000000000000,1162072,armed,173000,blocked,dcqcn
172000,1,2,239,2,2,tick,0,0,0,1000,40000,1000,0,1000000,0,0,1000000000,1000000000,1000000000,,,0,,,,,21000,3000,21000,21,4000000000000,1162072,armed,172000,blocked,21000,3000,21000,21,5000000000000,1162072,armed,173000,blocked,dcqcn
173000,1,1,240,1,1,tick,0,0,0,1000,40000,1000,0,1000000,0,0,1000000000,1000000000,1000000000,,,0,,,,,21000,3000,21000,21,5000000000000,1162072,armed,173000,blocked,21000,3000,21000,21,6000000000000,1162072,armed,174000,blocked,dcqcn
173000,1,2,240,2,2,tick,0,0,0,1000,40000,1000,0,1000000,0,0,1000000000,1000000000,1000000000,,,0,,,,,21000,3000,21000,21,5000000000000,1162072,armed,173000,blocked,21000,3000,21000,21,6000000000000,1162072,armed,174000,blocked,dcqcn
174000,1,1,241,1,1,tick,0,0,0,1000,40000,1000,0,1000000,0,0,1000000000,1000000000,1000000000,,,0,,,,,21000,3000,21000,21,6000000000000,1162072,armed,174000,blocked,21000,3000,21000,21,7000000000000,1162072,armed,175000,scheduled,dcqcn
174000,1,2,241,2,2,tick,0,0,0,1000,40000,1000,0,1000000,0,0,1000000000,1000000000,1000000000,,,0,,,,,21000,3000,21000,21,6000000000000,1162072,armed,174000,blocked,21000,3000,21000,21,7000000000000,1162072,armed,175000,scheduled,dcqcn
175000,1,1,242,1,1,tick,0,0,0,1000,40000,1000,0,1000000,0,0,1000000000,1000000000,1000000000,,,1,21000,1000,0,309,21000,3000,21000,21,7000000000000,1162072,armed,175000,scheduled,22000,3000,22000,22,0,1162072,armed,176000,blocked,dcqcn
175000,1,2,242,2,2,tick,0,0,0,1000,40000,1000,0,1000000,0,0,1000000000,1000000000,1000000000,,,1,21000,1000,0,310,21000,3000,21000,21,7000000000000,1162072,armed,175000,scheduled,22000,3000,22000,22,0,1162072,armed,176000,blocked,dcqcn
176000,1,0,133,0,0,tick,0,0,0,1000,40000,8000,0,1000000,0,0,1000000000,1000000000,1000000000,,,1,22000,1000,0,560,22000,2000,22000,22,0,1161048,armed,176000,scheduled,23000,2000,23000,23,0,1161048,armed,184000,scheduled,none
176000,1,1,243,1,1,tick,0,0,0,1000,40000,1000,0,1000000,0,0,1000000000,1000000000,1000000000,,,0,,,,,22000,3000,22000,22,0,1162072,armed,176000,blocked,22000,3000,22000,22,1000000000000,1162072,armed,177000,blocked,dcqcn
176000,1,2,243,2,2,tick,0,0,0,1000,40000,1000,0,1000000,0,0,1000000000,1000000000,1000000000,,,0,,,,,22000,3000,22000,22,0,1162072,armed,176000,blocked,22000,3000,22000,22,1000000000000,1162072,armed,177000,blocked,dcqcn
176000,1,3,133,3,3,tick,0,0,0,1000,40000,8000,0,1000000,0,0,1000000000,1000000000,1000000000,,,1,22000,1000,0,563,22000,2000,22000,22,0,1161048,armed,176000,scheduled,23000,2000,23000,23,0,1161048,armed,184000,scheduled,none
177000,1,1,247,1,1,tick,0,0,0,1000,40000,1000,0,1000000,0,0,1000000000,1000000000,1000000000,,,0,,,,,22000,3000,22000,22,1000000000000,1162072,armed,177000,blocked,22000,3000,22000,22,2000000000000,1162072,armed,178000,blocked,dcqcn
177000,1,2,247,2,2,tick,0,0,0,1000,40000,1000,0,1000000,0,0,1000000000,1000000000,1000000000,,,0,,,,,22000,3000,22000,22,1000000000000,1162072,armed,177000,blocked,22000,3000,22000,22,2000000000000,1162072,armed,178000,blocked,dcqcn
178000,1,1,248,1,1,tick,0,0,0,1000,40000,1000,0,1000000,0,0,1000000000,1000000000,1000000000,,,0,,,,,22000,3000,22000,22,2000000000000,1162072,armed,178000,blocked,22000,3000,22000,22,3000000000000,1162072,armed,179000,blocked,dcqcn
178000,1,2,248,2,2,tick,0,0,0,1000,40000,1000,0,1000000,0,0,1000000000,1000000000,1000000000,,,0,,,,,22000,3000,22000,22,2000000000000,1162072,armed,178000,blocked,22000,3000,22000,22,3000000000000,1162072,armed,179000,blocked,dcqcn
179000,1,1,249,1,1,tick,0,0,0,1000,40000,1000,0,1000000,0,0,1000000000,1000000000,1000000000,,,0,,,,,22000,3000,22000,22,3000000000000,1162072,armed,179000,blocked,22000,3000,22000,22,4000000000000,1162072,armed,180000,blocked,dcqcn
179000,1,2,249,2,2,tick,0,0,0,1000,40000,1000,0,1000000,0,0,1000000000,1000000000,1000000000,,,0,,,,,22000,3000,22000,22,3000000000000,1162072,armed,179000,blocked,22000,3000,22000,22,4000000000000,1162072,armed,180000,blocked,dcqcn
180000,1,1,250,1,1,tick,0,0,0,1000,40000,1000,0,1000000,0,0,1000000000,1000000000,1000000000,,,0,,,,,22000,3000,22000,22,4000000000000,1162072,armed,180000,blocked,22000,3000,22000,22,5000000000000,1162072,armed,181000,blocked,dcqcn
180000,1,2,250,2,2,tick,0,0,0,1000,40000,1000,0,1000000,0,0,1000000000,1000000000,1000000000,,,0,,,,,22000,3000,22000,22,4000000000000,1162072,armed,180000,blocked,22000,3000,22000,22,5000000000000,1162072,armed,181000,blocked,dcqcn
181000,1,1,251,1,1,tick,0,0,0,1000,40000,1000,0,1000000,0,0,1000000000,1000000000,1000000000,,,0,,,,,22000,3000,22000,22,5000000000000,1162072,armed,181000,blocked,22000,3000,22000,22,6000000000000,1162072,armed,182000,blocked,dcqcn
181000,1,2,251,2,2,tick,0,0,0,1000,40000,1000,0,1000000,0,0,1000000000,1000000000,1000000000,,,0,,,,,22000,3000,22000,22,5000000000000,1162072,armed,181000,blocked,22000,3000,22000,22,6000000000000,1162072,armed,182000,blocked,dcqcn
182000,1,1,252,1,1,tick,0,0,0,1000,40000,1000,0,1000000,0,0,1000000000,1000000000,1000000000,,,0,,,,,22000,3000,22000,22,6000000000000,1162072,armed,182000,blocked,22000,3000,22000,22,7000000000000,1162072,armed,183000,scheduled,dcqcn
182000,1,2,252,2,2,tick,0,0,0,1000,40000,1000,0,1000000,0,0,1000000000,1000000000,1000000000,,,0,,,,,22000,3000,22000,22,6000000000000,1162072,armed,182000,blocked,22000,3000,22000,22,7000000000000,1162072,armed,183000,scheduled,dcqcn
183000,1,1,253,1,1,tick,0,0,0,1000,40000,1000,0,1000000,0,0,1000000000,1000000000,1000000000,,,1,22000,1000,0,323,22000,3000,22000,22,7000000000000,1162072,armed,183000,scheduled,23000,3000,23000,23,0,1162072,armed,184000,blocked,dcqcn
183000,1,2,253,2,2,tick,0,0,0,1000,40000,1000,0,1000000,0,0,1000000000,1000000000,1000000000,,,1,22000,1000,0,324,22000,3000,22000,22,7000000000000,1162072,armed,183000,scheduled,23000,3000,23000,23,0,1162072,armed,184000,blocked,dcqcn
184000,1,0,137,0,0,tick,0,0,0,1000,40000,8000,0,1000000,0,0,1000000000,1000000000,1000000000,,,1,23000,1000,0,588,23000,2000,23000,23,0,1161048,armed,184000,scheduled,24000,2000,24000,24,0,1161048,armed,192000,scheduled,none
184000,1,1,254,1,1,tick,0,0,0,1000,40000,1000,0,1000000,0,0,1000000000,1000000000,1000000000,,,0,,,,,23000,3000,23000,23,0,1162072,armed,184000,blocked,23000,3000,23000,23,1000000000000,1162072,armed,185000,blocked,dcqcn
184000,1,2,254,2,2,tick,0,0,0,1000,40000,1000,0,1000000,0,0,1000000000,1000000000,1000000000,,,0,,,,,23000,3000,23000,23,0,1162072,armed,184000,blocked,23000,3000,23000,23,1000000000000,1162072,armed,185000,blocked,dcqcn
184000,1,3,137,3,3,tick,0,0,0,1000,40000,8000,0,1000000,0,0,1000000000,1000000000,1000000000,,,1,23000,1000,0,591,23000,2000,23000,23,0,1161048,armed,184000,scheduled,24000,2000,24000,24,0,1161048,armed,192000,scheduled,none
185000,1,1,258,1,1,tick,0,0,0,1000,40000,1000,0,1000000,0,0,1000000000,1000000000,1000000000,,,0,,,,,23000,3000,23000,23,1000000000000,1162072,armed,185000,blocked,23000,3000,23000,23,2000000000000,1162072,armed,186000,blocked,dcqcn
185000,1,2,258,2,2,tick,0,0,0,1000,40000,1000,0,1000000,0,0,1000000000,1000000000,1000000000,,,0,,,,,23000,3000,23000,23,1000000000000,1162072,armed,185000,blocked,23000,3000,23000,23,2000000000000,1162072,armed,186000,blocked,dcqcn
186000,1,1,259,1,1,tick,0,0,0,1000,40000,1000,0,1000000,0,0,1000000000,1000000000,1000000000,,,0,,,,,23000,3000,23000,23,2000000000000,1162072,armed,186000,blocked,23000,3000,23000,23,3000000000000,1162072,armed,187000,blocked,dcqcn
186000,1,2,259,2,2,tick,0,0,0,1000,40000,1000,0,1000000,0,0,1000000000,1000000000,1000000000,,,0,,,,,23000,3000,23000,23,2000000000000,1162072,armed,186000,blocked,23000,3000,23000,23,3000000000000,1162072,armed,187000,blocked,dcqcn
187000,1,1,260,1,1,tick,0,0,0,1000,40000,1000,0,1000000,0,0,1000000000,1000000000,1000000000,,,0,,,,,23000,3000,23000,23,3000000000000,1162072,armed,187000,blocked,23000,3000,23000,23,4000000000000,1162072,armed,188000,blocked,dcqcn
187000,1,2,260,2,2,tick,0,0,0,1000,40000,1000,0,1000000,0,0,1000000000,1000000000,1000000000,,,0,,,,,23000,3000,23000,23,3000000000000,1162072,armed,187000,blocked,23000,3000,23000,23,4000000000000,1162072,armed,188000,blocked,dcqcn
188000,1,1,261,1,1,tick,0,0,0,1000,40000,1000,0,1000000,0,0,1000000000,1000000000,1000000000,,,0,,,,,23000,3000,23000,23,4000000000000,1162072,armed,188000,blocked,23000,3000,23000,23,5000000000000,1162072,armed,189000,blocked,dcqcn
188000,1,2,261,2,2,tick,0,0,0,1000,40000,1000,0,1000000,0,0,1000000000,1000000000,1000000000,,,0,,,,,23000,3000,23000,23,4000000000000,1162072,armed,188000,blocked,23000,3000,23000,23,5000000000000,1162072,armed,189000,blocked,dcqcn
189000,1,1,262,1,1,tick,0,0,0,1000,40000,1000,0,1000000,0,0,1000000000,1000000000,1000000000,,,0,,,,,23000,3000,23000,23,5000000000000,1162072,armed,189000,blocked,23000,3000,23000,23,6000000000000,1162072,armed,190000,blocked,dcqcn
189000,1,2,262,2,2,tick,0,0,0,1000,40000,1000,0,1000000,0,0,1000000000,1000000000,1000000000,,,0,,,,,23000,3000,23000,23,5000000000000,1162072,armed,189000,blocked,23000,3000,23000,23,6000000000000,1162072,armed,190000,blocked,dcqcn
190000,1,1,263,1,1,tick,0,0,0,1000,40000,1000,0,1000000,0,0,1000000000,1000000000,1000000000,,,0,,,,,23000,3000,23000,23,6000000000000,1162072,armed,190000,blocked,23000,3000,23000,23,7000000000000,1162072,armed,191000,scheduled,dcqcn
190000,1,2,263,2,2,tick,0,0,0,1000,40000,1000,0,1000000,0,0,1000000000,1000000000,1000000000,,,0,,,,,23000,3000,23000,23,6000000000000,1162072,armed,190000,blocked,23000,3000,23000,23,7000000000000,1162072,armed,191000,scheduled,dcqcn
191000,1,1,264,1,1,tick,0,0,0,1000,40000,1000,0,1000000,0,0,1000000000,1000000000,1000000000,,,1,23000,1000,0,337,23000,3000,23000,23,7000000000000,1162072,armed,191000,scheduled,24000,3000,24000,24,0,1162072,armed,192000,blocked,dcqcn
191000,1,2,264,2,2,tick,0,0,0,1000,40000,1000,0,1000000,0,0,1000000000,1000000000,1000000000,,,1,23000,1000,0,338,23000,3000,23000,23,7000000000000,1162072,armed,191000,scheduled,24000,3000,24000,24,0,1162072,armed,192000,blocked,dcqcn
192000,1,0,141,0,0,tick,0,0,0,1000,40000,8000,0,1000000,0,0,1000000000,1000000000,1000000000,,,1,24000,1000,0,616,24000,2000,24000,24,0,1161048,armed,192000,scheduled,25000,2000,25000,25,0,1161048,armed,200000,scheduled,none
192000,1,1,265,1,1,tick,0,0,0,1000,40000,1000,0,1000000,0,0,1000000000,1000000000,1000000000,,,0,,,,,24000,3000,24000,24,0,1162072,armed,192000,blocked,24000,3000,24000,24,1000000000000,1162072,armed,193000,blocked,dcqcn
192000,1,2,265,2,2,tick,0,0,0,1000,40000,1000,0,1000000,0,0,1000000000,1000000000,1000000000,,,0,,,,,24000,3000,24000,24,0,1162072,armed,192000,blocked,24000,3000,24000,24,1000000000000,1162072,armed,193000,blocked,dcqcn
192000,1,3,141,3,3,tick,0,0,0,1000,40000,8000,0,1000000,0,0,1000000000,1000000000,1000000000,,,1,24000,1000,0,619,24000,2000,24000,24,0,1161048,armed,192000,scheduled,25000,2000,25000,25,0,1161048,armed,200000,scheduled,none
193000,1,1,269,1,1,tick,0,0,0,1000,40000,1000,0,1000000,0,0,1000000000,1000000000,1000000000,,,0,,,,,24000,3000,24000,24,1000000000000,1162072,armed,193000,blocked,24000,3000,24000,24,2000000000000,1162072,armed,194000,blocked,dcqcn
193000,1,2,269,2,2,tick,0,0,0,1000,40000,1000,0,1000000,0,0,1000000000,1000000000,1000000000,,,0,,,,,24000,3000,24000,24,1000000000000,1162072,armed,193000,blocked,24000,3000,24000,24,2000000000000,1162072,armed,194000,blocked,dcqcn
194000,1,1,270,1,1,tick,0,0,0,1000,40000,1000,0,1000000,0,0,1000000000,1000000000,1000000000,,,0,,,,,24000,3000,24000,24,2000000000000,1162072,armed,194000,blocked,24000,3000,24000,24,3000000000000,1162072,armed,195000,blocked,dcqcn
194000,1,2,270,2,2,tick,0,0,0,1000,40000,1000,0,1000000,0,0,1000000000,1000000000,1000000000,,,0,,,,,24000,3000,24000,24,2000000000000,1162072,armed,194000,blocked,24000,3000,24000,24,3000000000000,1162072,armed,195000,blocked,dcqcn
194072,0,4,68,0,0,ack,0,0,0,1000,40000,8000,0,1000000,0,0,1000000000,1000000000,,3000,0,0,,,,,25000,2000,25000,25,0,1161048,armed,200000,scheduled,25000,3000,25000,25,0,1194072,armed,200000,scheduled,none
194072,0,12,68,3,3,ack,0,0,0,1000,40000,8000,0,1000000,0,0,1000000000,1000000000,,3000,0,0,,,,,25000,2000,25000,25,0,1161048,armed,200000,scheduled,25000,3000,25000,25,0,1194072,armed,200000,scheduled,none
195000,1,1,271,1,1,tick,0,0,0,1000,40000,1000,0,1000000,0,0,1000000000,1000000000,1000000000,,,0,,,,,24000,3000,24000,24,3000000000000,1162072,armed,195000,blocked,24000,3000,24000,24,4000000000000,1162072,armed,196000,blocked,dcqcn
195000,1,2,271,2,2,tick,0,0,0,1000,40000,1000,0,1000000,0,0,1000000000,1000000000,1000000000,,,0,,,,,24000,3000,24000,24,3000000000000,1162072,armed,195000,blocked,24000,3000,24000,24,4000000000000,1162072,armed,196000,blocked,dcqcn
195096,0,6,11,1,1,ack,0,0,0,1000,40000,1000,0,1000000,0,0,1000000000,1000000000,,4000,0,0,,,,,24000,3000,24000,24,4000000000000,1162072,armed,196000,blocked,24000,4000,24000,24,4000000000000,1195096,armed,196000,blocked,dcqcn
195096,0,9,11,2,2,ack,0,0,0,1000,40000,1000,0,1000000,0,0,1000000000,1000000000,,4000,0,0,,,,,24000,3000,24000,24,4000000000000,1162072,armed,196000,blocked,24000,4000,24000,24,4000000000000,1195096,armed,196000,blocked,dcqcn
196000,1,1,272,1,1,tick,0,0,0,1000,40000,1000,0,1000000,0,0,1000000000,1000000000,1000000000,,,0,,,,,24000,4000,24000,24,4000000000000,1195096,armed,196000,blocked,24000,4000,24000,24,5000000000000,1195096,armed,197000,blocked,dcqcn
196000,1,2,272,2,2,tick,0,0,0,1000,40000,1000,0,1000000,0,0,1000000000,1000000000,1000000000,,,0,,,,,24000,4000,24000,24,4000000000000,1195096,armed,196000,blocked,24000,4000,24000,24,5000000000000,1195096,armed,197000,blocked,dcqcn
197000,1,1,274,1,1,tick,0,0,0,1000,40000,1000,0,1000000,0,0,1000000000,1000000000,1000000000,,,0,,,,,24000,4000,24000,24,5000000000000,1195096,armed,197000,blocked,24000,4000,24000,24,6000000000000,1195096,armed,198000,blocked,dcqcn
197000,1,2,274,2,2,tick,0,0,0,1000,40000,1000,0,1000000,0,0,1000000000,1000000000,1000000000,,,0,,,,,24000,4000,24000,24,5000000000000,1195096,armed,197000,blocked,24000,4000,24000,24,6000000000000,1195096,armed,198000,blocked,dcqcn
198000,1,1,275,1,1,tick,0,0,0,1000,40000,1000,0,1000000,0,0,1000000000,1000000000,1000000000,,,0,,,,,24000,4000,24000,24,6000000000000,1195096,armed,198000,blocked,24000,4000,24000,24,7000000000000,1195096,armed,199000,scheduled,dcqcn
198000,1,2,275,2,2,tick,0,0,0,1000,40000,1000,0,1000000,0,0,1000000000,1000000000,1000000000,,,0,,,,,24000,4000,24000,24,6000000000000,1195096,armed,198000,blocked,24000,4000,24000,24,7000000000000,1195096,armed,199000,scheduled,dcqcn
199000,1,1,276,1,1,tick,0,0,0,1000,40000,1000,0,1000000,0,0,1000000000,1000000000,1000000000,,,1,24000,1000,0,351,24000,4000,24000,24,7000000000000,1195096,armed,199000,scheduled,25000,4000,25000,25,0,1195096,armed,200000,blocked,dcqcn
199000,1,2,276,2,2,tick,0,0,0,1000,40000,1000,0,1000000,0,0,1000000000,1000000000,1000000000,,,1,24000,1000,0,352,24000,4000,24000,24,7000000000000,1195096,armed,199000,scheduled,25000,4000,25000,25,0,1195096,armed,200000,blocked,dcqcn
200000,1,0,148,0,0,tick,0,0,0,1000,40000,8000,0,1000000,0,0,1000000000,1000000000,1000000000,,,1,25000,1000,0,644,25000,3000,25000,25,0,1194072,armed,200000,scheduled,26000,3000,26000,26,0,1194072,armed,208000,scheduled,none
200000,1,1,277,1,1,tick,0,0,0,1000,40000,1000,0,1000000,0,0,1000000000,1000000000,1000000000,,,0,,,,,25000,4000,25000,25,0,1195096,armed,200000,blocked,25000,4000,25000,25,1000000000000,1195096,armed,201000,blocked,dcqcn
200000,1,2,277,2,2,tick,0,0,0,1000,40000,1000,0,1000000,0,0,1000000000,1000000000,1000000000,,,0,,,,,25000,4000,25000,25,0,1195096,armed,200000,blocked,25000,4000,25000,25,1000000000000,1195096,armed,201000,blocked,dcqcn
200000,1,3,148,3,3,tick,0,0,0,1000,40000,8000,0,1000000,0,0,1000000000,1000000000,1000000000,,,1,25000,1000,0,647,25000,3000,25000,25,0,1194072,armed,200000,scheduled,26000,3000,26000,26,0,1194072,armed,208000,scheduled,none
201000,1,1,281,1,1,tick,0,0,0,1000,40000,1000,0,1000000,0,0,1000000000,1000000000,1000000000,,,0,,,,,25000,4000,25000,25,1000000000000,1195096,armed,201000,blocked,25000,4000,25000,25,2000000000000,1195096,armed,202000,blocked,dcqcn
201000,1,2,281,2,2,tick,0,0,0,1000,40000,1000,0,1000000,0,0,1000000000,1000000000,1000000000,,,0,,,,,25000,4000,25000,25,1000000000000,1195096,armed,201000,blocked,25000,4000,25000,25,2000000000000,1195096,armed,202000,blocked,dcqcn
202000,1,1,282,1,1,tick,0,0,0,1000,40000,1000,0,1000000,0,0,1000000000,1000000000,1000000000,,,0,,,,,25000,4000,25000,25,2000000000000,1195096,armed,202000,blocked,25000,4000,25000,25,3000000000000,1195096,armed,203000,blocked,dcqcn
202000,1,2,282,2,2,tick,0,0,0,1000,40000,1000,0,1000000,0,0,1000000000,1000000000,1000000000,,,0,,,,,25000,4000,25000,25,2000000000000,1195096,armed,202000,blocked,25000,4000,25000,25,3000000000000,1195096,armed,203000,blocked,dcqcn
203000,1,1,283,1,1,tick,0,0,0,1000,40000,1000,0,1000000,0,0,1000000000,1000000000,1000000000,,,0,,,,,25000,4000,25000,25,3000000000000,1195096,armed,203000,blocked,25000,4000,25000,25,4000000000000,1195096,armed,204000,blocked,dcqcn
203000,1,2,283,2,2,tick,0,0,0,1000,40000,1000,0,1000000,0,0,1000000000,1000000000,1000000000,,,0,,,,,25000,4000,25000,25,3000000000000,1195096,armed,203000,blocked,25000,4000,25000,25,4000000000000,1195096,armed,204000,blocked,dcqcn
204000,1,1,284,1,1,tick,0,0,0,1000,40000,1000,0,1000000,0,0,1000000000,1000000000,1000000000,,,0,,,,,25000,4000,25000,25,4000000000000,1195096,armed,204000,blocked,25000,4000,25000,25,5000000000000,1195096,armed,205000,blocked,dcqcn
204000,1,2,284,2,2,tick,0,0,0,1000,40000,1000,0,1000000,0,0,1000000000,1000000000,1000000000,,,0,,,,,25000,4000,25000,25,4000000000000,1195096,armed,204000,blocked,25000,4000,25000,25,5000000000000,1195096,armed,205000,blocked,dcqcn
205000,1,1,285,1,1,tick,0,0,0,1000,40000,1000,0,1000000,0,0,1000000000,1000000000,1000000000,,,0,,,,,25000,4000,25000,25,5000000000000,1195096,armed,205000,blocked,25000,4000,25000,25,6000000000000,1195096,armed,206000,blocked,dcqcn
205000,1,2,285,2,2,tick,0,0,0,1000,40000,1000,0,1000000,0,0,1000000000,1000000000,1000000000,,,0,,,,,25000,4000,25000,25,5000000000000,1195096,armed,205000,blocked,25000,4000,25000,25,6000000000000,1195096,armed,206000,blocked,dcqcn
206000,1,1,286,1,1,tick,0,0,0,1000,40000,1000,0,1000000,0,0,1000000000,1000000000,1000000000,,,0,,,,,25000,4000,25000,25,6000000000000,1195096,armed,206000,blocked,25000,4000,25000,25,7000000000000,1195096,armed,207000,scheduled,dcqcn
206000,1,2,286,2,2,tick,0,0,0,1000,40000,1000,0,1000000,0,0,1000000000,1000000000,1000000000,,,0,,,,,25000,4000,25000,25,6000000000000,1195096,armed,206000,blocked,25000,4000,25000,25,7000000000000,1195096,armed,207000,scheduled,dcqcn
207000,1,1,287,1,1,tick,0,0,0,1000,40000,1000,0,1000000,0,0,1000000000,1000000000,1000000000,,,1,25000,1000,0,365,25000,4000,25000,25,7000000000000,1195096,armed,207000,scheduled,26000,4000,26000,26,0,1195096,armed,208000,blocked,dcqcn
207000,1,2,287,2,2,tick,0,0,0,1000,40000,1000,0,1000000,0,0,1000000000,1000000000,1000000000,,,1,25000,1000,0,366,25000,4000,25000,25,7000000000000,1195096,armed,207000,scheduled,26000,4000,26000,26,0,1195096,armed,208000,blocked,dcqcn
208000,1,0,156,0,0,tick,0,0,0,1000,40000,8000,0,1000000,0,0,1000000000,1000000000,1000000000,,,1,26000,1000,0,672,26000,3000,26000,26,0,1194072,armed,208000,scheduled,27000,3000,27000,27,0,1194072,armed,216000,scheduled,none
208000,1,1,288,1,1,tick,0,0,0,1000,40000,1000,0,1000000,0,0,1000000000,1000000000,1000000000,,,0,,,,,26000,4000,26000,26,0,1195096,armed,208000,blocked,26000,4000,26000,26,1000000000000,1195096,armed,209000,blocked,dcqcn
208000,1,2,288,2,2,tick,0,0,0,1000,40000,1000,0,1000000,0,0,1000000000,1000000000,1000000000,,,0,,,,,26000,4000,26000,26,0,1195096,armed,208000,blocked,26000,4000,26000,26,1000000000000,1195096,armed,209000,blocked,dcqcn
208000,1,3,156,3,3,tick,0,0,0,1000,40000,8000,0,1000000,0,0,1000000000,1000000000,1000000000,,,1,26000,1000,0,675,26000,3000,26000,26,0,1194072,armed,208000,scheduled,27000,3000,27000,27,0,1194072,armed,216000,scheduled,none
209000,1,1,292,1,1,tick,0,0,0,1000,40000,1000,0,1000000,0,0,1000000000,1000000000,1000000000,,,0,,,,,26000,4000,26000,26,1000000000000,1195096,armed,209000,blocked,26000,4000,26000,26,2000000000000,1195096,armed,210000,blocked,dcqcn
209000,1,2,292,2,2,tick,0,0,0,1000,40000,1000,0,1000000,0,0,1000000000,1000000000,1000000000,,,0,,,,,26000,4000,26000,26,1000000000000,1195096,armed,209000,blocked,26000,4000,26000,26,2000000000000,1195096,armed,210000,blocked,dcqcn
210000,1,1,293,1,1,tick,0,0,0,1000,40000,1000,0,1000000,0,0,1000000000,1000000000,1000000000,,,0,,,,,26000,4000,26000,26,2000000000000,1195096,armed,210000,blocked,26000,4000,26000,26,3000000000000,1195096,armed,211000,blocked,dcqcn
210000,1,2,293,2,2,tick,0,0,0,1000,40000,1000,0,1000000,0,0,1000000000,1000000000,1000000000,,,0,,,,,26000,4000,26000,26,2000000000000,1195096,armed,210000,blocked,26000,4000,26000,26,3000000000000,1195096,armed,211000,blocked,dcqcn
211000,1,1,294,1,1,tick,0,0,0,1000,40000,1000,0,1000000,0,0,1000000000,1000000000,1000000000,,,0,,,,,26000,4000,26000,26,3000000000000,1195096,armed,211000,blocked,26000,4000,26000,26,4000000000000,1195096,armed,212000,blocked,dcqcn
211000,1,2,294,2,2,tick,0,0,0,1000,40000,1000,0,1000000,0,0,1000000000,1000000000,1000000000,,,0,,,,,26000,4000,26000,26,3000000000000,1195096,armed,211000,blocked,26000,4000,26000,26,4000000000000,1195096,armed,212000,blocked,dcqcn
212000,1,1,295,1,1,tick,0,0,0,1000,40000,1000,0,1000000,0,0,1000000000,1000000000,1000000000,,,0,,,,,26000,4000,26000,26,4000000000000,1195096,armed,212000,blocked,26000,4000,26000,26,5000000000000,1195096,armed,213000,blocked,dcqcn
212000,1,2,295,2,2,tick,0,0,0,1000,40000,1000,0,1000000,0,0,1000000000,1000000000,1000000000,,,0,,,,,26000,4000,26000,26,4000000000000,1195096,armed,212000,blocked,26000,4000,26000,26,5000000000000,1195096,armed,213000,blocked,dcqcn
213000,1,1,296,1,1,tick,0,0,0,1000,40000,1000,0,1000000,0,0,1000000000,1000000000,1000000000,,,0,,,,,26000,4000,26000,26,5000000000000,1195096,armed,213000,blocked,26000,4000,26000,26,6000000000000,1195096,armed,214000,blocked,dcqcn
213000,1,2,296,2,2,tick,0,0,0,1000,40000,1000,0,1000000,0,0,1000000000,1000000000,1000000000,,,0,,,,,26000,4000,26000,26,5000000000000,1195096,armed,213000,blocked,26000,4000,26000,26,6000000000000,1195096,armed,214000,blocked,dcqcn
214000,1,1,297,1,1,tick,0,0,0,1000,40000,1000,0,1000000,0,0,1000000000,1000000000,1000000000,,,0,,,,,26000,4000,26000,26,6000000000000,1195096,armed,214000,blocked,26000,4000,26000,26,7000000000000,1195096,armed,215000,scheduled,dcqcn
214000,1,2,297,2,2,tick,0,0,0,1000,40000,1000,0,1000000,0,0,1000000000,1000000000,1000000000,,,0,,,,,26000,4000,26000,26,6000000000000,1195096,armed,214000,blocked,26000,4000,26000,26,7000000000000,1195096,armed,215000,scheduled,dcqcn
215000,1,1,298,1,1,tick,0,0,0,1000,40000,1000,0,1000000,0,0,1000000000,1000000000,1000000000,,,1,26000,1000,0,379,26000,4000,26000,26,7000000000000,1195096,armed,215000,scheduled,27000,4000,27000,27,0,1195096,armed,216000,blocked,dcqcn
215000,1,2,298,2,2,tick,0,0,0,1000,40000,1000,0,1000000,0,0,1000000000,1000000000,1000000000,,,1,26000,1000,0,380,26000,4000,26000,26,7000000000000,1195096,armed,215000,scheduled,27000,4000,27000,27,0,1195096,armed,216000,blocked,dcqcn
216000,1,0,163,0,0,tick,0,0,0,1000,40000,8000,0,1000000,0,0,1000000000,1000000000,1000000000,,,1,27000,1000,0,700,27000,3000,27000,27,0,1194072,armed,216000,scheduled,28000,3000,28000,28,0,1194072,armed,224000,scheduled,none
216000,1,1,299,1,1,tick,0,0,0,1000,40000,1000,0,1000000,0,0,1000000000,1000000000,1000000000,,,0,,,,,27000,4000,27000,27,0,1195096,armed,216000,blocked,27000,4000,27000,27,1000000000000,1195096,armed,217000,blocked,dcqcn
216000,1,2,299,2,2,tick,0,0,0,1000,40000,1000,0,1000000,0,0,1000000000,1000000000,1000000000,,,0,,,,,27000,4000,27000,27,0,1195096,armed,216000,blocked,27000,4000,27000,27,1000000000000,1195096,armed,217000,blocked,dcqcn
216000,1,3,163,3,3,tick,0,0,0,1000,40000,8000,0,1000000,0,0,1000000000,1000000000,1000000000,,,1,27000,1000,0,703,27000,3000,27000,27,0,1194072,armed,216000,scheduled,28000,3000,28000,28,0,1194072,armed,224000,scheduled,none
217000,1,1,303,1,1,tick,0,0,0,1000,40000,1000,0,1000000,0,0,1000000000,1000000000,1000000000,,,0,,,,,27000,4000,27000,27,1000000000000,1195096,armed,217000,blocked,27000,4000,27000,27,2000000000000,1195096,armed,218000,blocked,dcqcn
217000,1,2,303,2,2,tick,0,0,0,1000,40000,1000,0,1000000,0,0,1000000000,1000000000,1000000000,,,0,,,,,27000,4000,27000,27,1000000000000,1195096,armed,217000,blocked,27000,4000,27000,27,2000000000000,1195096,armed,218000,blocked,dcqcn
218000,1,1,304,1,1,tick,0,0,0,1000,40000,1000,0,1000000,0,0,1000000000,1000000000,1000000000,,,0,,,,,27000,4000,27000,27,2000000000000,1195096,armed,218000,blocked,27000,4000,27000,27,3000000000000,1195096,armed,219000,blocked,dcqcn
218000,1,2,304,2,2,tick,0,0,0,1000,40000,1000,0,1000000,0,0,1000000000,1000000000,1000000000,,,0,,,,,27000,4000,27000,27,2000000000000,1195096,armed,218000,blocked,27000,4000,27000,27,3000000000000,1195096,armed,219000,blocked,dcqcn
219000,1,1,305,1,1,tick,0,0,0,1000,40000,1000,0,1000000,0,0,1000000000,1000000000,1000000000,,,0,,,,,27000,4000,27000,27,3000000000000,1195096,armed,219000,blocked,27000,4000,27000,27,4000000000000,1195096,armed,220000,blocked,dcqcn
219000,1,2,305,2,2,tick,0,0,0,1000,40000,1000,0,1000000,0,0,1000000000,1000000000,1000000000,,,0,,,,,27000,4000,27000,27,3000000000000,1195096,armed,219000,blocked,27000,4000,27000,27,4000000000000,1195096,armed,220000,blocked,dcqcn
220000,1,1,306,1,1,tick,0,0,0,1000,40000,1000,0,1000000,0,0,1000000000,1000000000,1000000000,,,0,,,,,27000,4000,27000,27,4000000000000,1195096,armed,220000,blocked,27000,4000,27000,27,5000000000000,1195096,armed,221000,blocked,dcqcn
220000,1,2,306,2,2,tick,0,0,0,1000,40000,1000,0,1000000,0,0,1000000000,1000000000,1000000000,,,0,,,,,27000,4000,27000,27,4000000000000,1195096,armed,220000,blocked,27000,4000,27000,27,5000000000000,1195096,armed,221000,blocked,dcqcn
221000,1,1,307,1,1,tick,0,0,0,1000,40000,1000,0,1000000,0,0,1000000000,1000000000,1000000000,,,0,,,,,27000,4000,27000,27,5000000000000,1195096,armed,221000,blocked,27000,4000,27000,27,6000000000000,1195096,armed,222000,blocked,dcqcn
221000,1,2,307,2,2,tick,0,0,0,1000,40000,1000,0,1000000,0,0,1000000000,1000000000,1000000000,,,0,,,,,27000,4000,27000,27,5000000000000,1195096,armed,221000,blocked,27000,4000,27000,27,6000000000000,1195096,armed,222000,blocked,dcqcn
222000,1,1,308,1,1,tick,0,0,0,1000,40000,1000,0,1000000,0,0,1000000000,1000000000,1000000000,,,0,,,,,27000,4000,27000,27,6000000000000,1195096,armed,222000,blocked,27000,4000,27000,27,7000000000000,1195096,armed,223000,scheduled,dcqcn
222000,1,2,308,2,2,tick,0,0,0,1000,40000,1000,0,1000000,0,0,1000000000,1000000000,1000000000,,,0,,,,,27000,4000,27000,27,6000000000000,1195096,armed,222000,blocked,27000,4000,27000,27,7000000000000,1195096,armed,223000,scheduled,dcqcn
223000,1,1,309,1,1,tick,0,0,0,1000,40000,1000,0,1000000,0,0,1000000000,1000000000,1000000000,,,1,27000,1000,0,393,27000,4000,27000,27,7000000000000,1195096,armed,223000,scheduled,28000,4000,28000,28,0,1195096,armed,224000,blocked,dcqcn
223000,1,2,309,2,2,tick,0,0,0,1000,40000,1000,0,1000000,0,0,1000000000,1000000000,1000000000,,,1,27000,1000,0,394,27000,4000,27000,27,7000000000000,1195096,armed,223000,scheduled,28000,4000,28000,28,0,1195096,armed,224000,blocked,dcqcn
224000,1,0,170,0,0,tick,0,0,0,1000,40000,8000,0,1000000,0,0,1000000000,1000000000,1000000000,,,1,28000,1000,0,728,28000,3000,28000,28,0,1194072,armed,224000,scheduled,29000,3000,29000,29,0,1194072,armed,232000,scheduled,none
224000,1,1,310,1,1,tick,0,0,0,1000,40000,1000,0,1000000,0,0,1000000000,1000000000,1000000000,,,0,,,,,28000,4000,28000,28,0,1195096,armed,224000,blocked,28000,4000,28000,28,1000000000000,1195096,armed,225000,blocked,dcqcn
224000,1,2,310,2,2,tick,0,0,0,1000,40000,1000,0,1000000,0,0,1000000000,1000000000,1000000000,,,0,,,,,28000,4000,28000,28,0,1195096,armed,224000,blocked,28000,4000,28000,28,1000000000000,1195096,armed,225000,blocked,dcqcn
224000,1,3,170,3,3,tick,0,0,0,1000,40000,8000,0,1000000,0,0,1000000000,1000000000,1000000000,,,1,28000,1000,0,731,28000,3000,28000,28,0,1194072,armed,224000,scheduled,29000,3000,29000,29,0,1194072,armed,232000,scheduled,none
225000,1,1,314,1,1,tick,0,0,0,1000,40000,1000,0,1000000,0,0,1000000000,1000000000,1000000000,,,0,,,,,28000,4000,28000,28,1000000000000,1195096,armed,225000,blocked,28000,4000,28000,28,2000000000000,1195096,armed,226000,blocked,dcqcn
225000,1,2,314,2,2,tick,0,0,0,1000,40000,1000,0,1000000,0,0,1000000000,1000000000,1000000000,,,0,,,,,28000,4000,28000,28,1000000000000,1195096,armed,225000,blocked,28000,4000,28000,28,2000000000000,1195096,armed,226000,blocked,dcqcn
226000,1,1,315,1,1,tick,0,0,0,1000,40000,1000,0,1000000,0,0,1000000000,1000000000,1000000000,,,0,,,,,28000,4000,28000,28,2000000000000,1195096,armed,226000,blocked,28000,4000,28000,28,3000000000000,1195096,armed,227000,blocked,dcqcn
226000,1,2,315,2,2,tick,0,0,0,1000,40000,1000,0,1000000,0,0,1000000000,1000000000,1000000000,,,0,,,,,28000,4000,28000,28,2000000000000,1195096,armed,226000,blocked,28000,4000,28000,28,3000000000000,1195096,armed,227000,blocked,dcqcn
227000,1,1,316,1,1,tick,0,0,0,1000,40000,1000,0,1000000,0,0,1000000000,1000000000,1000000000,,,0,,,,,28000,4000,28000,28,3000000000000,1195096,armed,227000,blocked,28000,4000,28000,28,4000000000000,1195096,armed,228000,blocked,dcqcn
227000,1,2,316,2,2,tick,0,0,0,1000,40000,1000,0,1000000,0,0,1000000000,1000000000,1000000000,,,0,,,,,28000,4000,28000,28,3000000000000,1195096,armed,227000,blocked,28000,4000,28000,28,4000000000000,1195096,armed,228000,blocked,dcqcn
227096,0,4,83,0,0,ack,0,0,0,1000,40000,8000,0,1000000,0,0,1000000000,1000000000,,4000,0,0,,,,,29000,3000,29000,29,0,1194072,armed,232000,scheduled,29000,4000,29000,29,0,1227096,armed,232000,scheduled,none
227096,0,12,83,3,3,ack,0,0,0,1000,40000,8000,0,1000000,0,0,1000000000,1000000000,,4000,0,0,,,,,29000,3000,29000,29,0,1194072,armed,232000,scheduled,29000,4000,29000,29,0,1227096,armed,232000,scheduled,none
228000,1,1,317,1,1,tick,0,0,0,1000,40000,1000,0,1000000,0,0,1000000000,1000000000,1000000000,,,0,,,,,28000,4000,28000,28,4000000000000,1195096,armed,228000,blocked,28000,4000,28000,28,5000000000000,1195096,armed,229000,blocked,dcqcn
228000,1,2,317,2,2,tick,0,0,0,1000,40000,1000,0,1000000,0,0,1000000000,1000000000,1000000000,,,0,,,,,28000,4000,28000,28,4000000000000,1195096,armed,228000,blocked,28000,4000,28000,28,5000000000000,1195096,armed,229000,blocked,dcqcn
228120,0,6,14,1,1,ack,0,0,0,1000,40000,1000,0,1000000,0,0,1000000000,1000000000,,5000,0,0,,,,,28000,4000,28000,28,5000000000000,1195096,armed,229000,blocked,28000,5000,28000,28,5000000000000,1228120,armed,229000,blocked,dcqcn
228120,0,9,14,2,2,ack,0,0,0,1000,40000,1000,0,1000000,0,0,1000000000,1000000000,,5000,0,0,,,,,28000,4000,28000,28,5000000000000,1195096,armed,229000,blocked,28000,5000,28000,28,5000000000000,1228120,armed,229000,blocked,dcqcn
229000,1,1,318,1,1,tick,0,0,0,1000,40000,1000,0,1000000,0,0,1000000000,1000000000,1000000000,,,0,,,,,28000,5000,28000,28,5000000000000,1228120,armed,229000,blocked,28000,5000,28000,28,6000000000000,1228120,armed,230000,blocked,dcqcn
229000,1,2,318,2,2,tick,0,0,0,1000,40000,1000,0,1000000,0,0,1000000000,1000000000,1000000000,,,0,,,,,28000,5000,28000,28,5000000000000,1228120,armed,229000,blocked,28000,5000,28000,28,6000000000000,1228120,armed,230000,blocked,dcqcn
230000,1,1,320,1,1,tick,0,0,0,1000,40000,1000,0,1000000,0,0,1000000000,1000000000,1000000000,,,0,,,,,28000,5000,28000,28,6000000000000,1228120,armed,230000,blocked,28000,5000,28000,28,7000000000000,1228120,armed,231000,scheduled,dcqcn
230000,1,2,320,2,2,tick,0,0,0,1000,40000,1000,0,1000000,0,0,1000000000,1000000000,1000000000,,,0,,,,,28000,5000,28000,28,6000000000000,1228120,armed,230000,blocked,28000,5000,28000,28,7000000000000,1228120,armed,231000,scheduled,dcqcn
231000,1,1,321,1,1,tick,0,0,0,1000,40000,1000,0,1000000,0,0,1000000000,1000000000,1000000000,,,1,28000,1000,0,407,28000,5000,28000,28,7000000000000,1228120,armed,231000,scheduled,29000,5000,29000,29,0,1228120,armed,232000,blocked,dcqcn
231000,1,2,321,2,2,tick,0,0,0,1000,40000,1000,0,1000000,0,0,1000000000,1000000000,1000000000,,,1,28000,1000,0,408,28000,5000,28000,28,7000000000000,1228120,armed,231000,scheduled,29000,5000,29000,29,0,1228120,armed,232000,blocked,dcqcn
232000,1,0,177,0,0,tick,0,0,0,1000,40000,8000,0,1000000,0,0,1000000000,1000000000,1000000000,,,1,29000,1000,0,756,29000,4000,29000,29,0,1227096,armed,232000,scheduled,30000,4000,30000,30,0,1227096,armed,240000,scheduled,none
232000,1,1,322,1,1,tick,0,0,0,1000,40000,1000,0,1000000,0,0,1000000000,1000000000,1000000000,,,0,,,,,29000,5000,29000,29,0,1228120,armed,232000,blocked,29000,5000,29000,29,1000000000000,1228120,armed,233000,blocked,dcqcn
232000,1,2,322,2,2,tick,0,0,0,1000,40000,1000,0,1000000,0,0,1000000000,1000000000,1000000000,,,0,,,,,29000,5000,29000,29,0,1228120,armed,232000,blocked,29000,5000,29000,29,1000000000000,1228120,armed,233000,blocked,dcqcn
232000,1,3,177,3,3,tick,0,0,0,1000,40000,8000,0,1000000,0,0,1000000000,1000000000,1000000000,,,1,29000,1000,0,759,29000,4000,29000,29,0,1227096,armed,232000,scheduled,30000,4000,30000,30,0,1227096,armed,240000,scheduled,none
233000,1,1,326,1,1,tick,0,0,0,1000,40000,1000,0,1000000,0,0,1000000000,1000000000,1000000000,,,0,,,,,29000,5000,29000,29,1000000000000,1228120,armed,233000,blocked,29000,5000,29000,29,2000000000000,1228120,armed,234000,blocked,dcqcn
233000,1,2,326,2,2,tick,0,0,0,1000,40000,1000,0,1000000,0,0,1000000000,1000000000,1000000000,,,0,,,,,29000,5000,29000,29,1000000000000,1228120,armed,233000,blocked,29000,5000,29000,29,2000000000000,1228120,armed,234000,blocked,dcqcn
234000,1,1,327,1,1,tick,0,0,0,1000,40000,1000,0,1000000,0,0,1000000000,1000000000,1000000000,,,0,,,,,29000,5000,29000,29,2000000000000,1228120,armed,234000,blocked,29000,5000,29000,29,3000000000000,1228120,armed,235000,blocked,dcqcn
234000,1,2,327,2,2,tick,0,0,0,1000,40000,1000,0,1000000,0,0,1000000000,1000000000,1000000000,,,0,,,,,29000,5000,29000,29,2000000000000,1228120,armed,234000,blocked,29000,5000,29000,29,3000000000000,1228120,armed,235000,blocked,dcqcn
235000,1,1,328,1,1,tick,0,0,0,1000,40000,1000,0,1000000,0,0,1000000000,1000000000,1000000000,,,0,,,,,29000,5000,29000,29,3000000000000,1228120,armed,235000,blocked,29000,5000,29000,29,4000000000000,1228120,armed,236000,blocked,dcqcn
235000,1,2,328,2,2,tick,0,0,0,1000,40000,1000,0,1000000,0,0,1000000000,1000000000,1000000000,,,0,,,,,29000,5000,29000,29,3000000000000,1228120,armed,235000,blocked,29000,5000,29000,29,4000000000000,1228120,armed,236000,blocked,dcqcn
236000,1,1,329,1,1,tick,0,0,0,1000,40000,1000,0,1000000,0,0,1000000000,1000000000,1000000000,,,0,,,,,29000,5000,29000,29,4000000000000,1228120,armed,236000,blocked,29000,5000,29000,29,5000000000000,1228120,armed,237000,blocked,dcqcn
236000,1,2,329,2,2,tick,0,0,0,1000,40000,1000,0,1000000,0,0,1000000000,1000000000,1000000000,,,0,,,,,29000,5000,29000,29,4000000000000,1228120,armed,236000,blocked,29000,5000,29000,29,5000000000000,1228120,armed,237000,blocked,dcqcn
237000,1,1,330,1,1,tick,0,0,0,1000,40000,1000,0,1000000,0,0,1000000000,1000000000,1000000000,,,0,,,,,29000,5000,29000,29,5000000000000,1228120,armed,237000,blocked,29000,5000,29000,29,6000000000000,1228120,armed,238000,blocked,dcqcn
237000,1,2,330,2,2,tick,0,0,0,1000,40000,1000,0,1000000,0,0,1000000000,1000000000,1000000000,,,0,,,,,29000,5000,29000,29,5000000000000,1228120,armed,237000,blocked,29000,5000,29000,29,6000000000000,1228120,armed,238000,blocked,dcqcn
238000,1,1,331,1,1,tick,0,0,0,1000,40000,1000,0,1000000,0,0,1000000000,1000000000,1000000000,,,0,,,,,29000,5000,29000,29,6000000000000,1228120,armed,238000,blocked,29000,5000,29000,29,7000000000000,1228120,armed,239000,scheduled,dcqcn
238000,1,2,331,2,2,tick,0,0,0,1000,40000,1000,0,1000000,0,0,1000000000,1000000000,1000000000,,,0,,,,,29000,5000,29000,29,6000000000000,1228120,armed,238000,blocked,29000,5000,29000,29,7000000000000,1228120,armed,239000,scheduled,dcqcn
239000,1,1,332,1,1,tick,0,0,0,1000,40000,1000,0,1000000,0,0,1000000000,1000000000,1000000000,,,1,29000,1000,0,421,29000,5000,29000,29,7000000000000,1228120,armed,239000,scheduled,30000,5000,30000,30,0,1228120,armed,240000,blocked,dcqcn
239000,1,2,332,2,2,tick,0,0,0,1000,40000,1000,0,1000000,0,0,1000000000,1000000000,1000000000,,,1,29000,1000,0,422,29000,5000,29000,29,7000000000000,1228120,armed,239000,scheduled,30000,5000,30000,30,0,1228120,armed,240000,blocked,dcqcn
240000,1,0,185,0,0,tick,0,0,0,1000,40000,8000,0,1000000,0,0,1000000000,1000000000,1000000000,,,1,30000,1000,0,784,30000,4000,30000,30,0,1227096,armed,240000,scheduled,31000,4000,31000,31,0,1227096,armed,248000,scheduled,none
240000,1,1,333,1,1,tick,0,0,0,1000,40000,1000,0,1000000,0,0,1000000000,1000000000,1000000000,,,0,,,,,30000,5000,30000,30,0,1228120,armed,240000,blocked,30000,5000,30000,30,1000000000000,1228120,armed,241000,blocked,dcqcn
240000,1,2,333,2,2,tick,0,0,0,1000,40000,1000,0,1000000,0,0,1000000000,1000000000,1000000000,,,0,,,,,30000,5000,30000,30,0,1228120,armed,240000,blocked,30000,5000,30000,30,1000000000000,1228120,armed,241000,blocked,dcqcn
240000,1,3,185,3,3,tick,0,0,0,1000,40000,8000,0,1000000,0,0,1000000000,1000000000,1000000000,,,1,30000,1000,0,787,30000,4000,30000,30,0,1227096,armed,240000,scheduled,31000,4000,31000,31,0,1227096,armed,248000,scheduled,none
241000,1,1,337,1,1,tick,0,0,0,1000,40000,1000,0,1000000,0,0,1000000000,1000000000,1000000000,,,0,,,,,30000,5000,30000,30,1000000000000,1228120,armed,241000,blocked,30000,5000,30000,30,2000000000000,1228120,armed,242000,blocked,dcqcn
241000,1,2,337,2,2,tick,0,0,0,1000,40000,1000,0,1000000,0,0,1000000000,1000000000,1000000000,,,0,,,,,30000,5000,30000,30,1000000000000,1228120,armed,241000,blocked,30000,5000,30000,30,2000000000000,1228120,armed,242000,blocked,dcqcn
242000,1,1,338,1,1,tick,0,0,0,1000,40000,1000,0,1000000,0,0,1000000000,1000000000,1000000000,,,0,,,,,30000,5000,30000,30,2000000000000,1228120,armed,242000,blocked,30000,5000,30000,30,3000000000000,1228120,armed,243000,blocked,dcqcn
242000,1,2,338,2,2,tick,0,0,0,1000,40000,1000,0,1000000,0,0,1000000000,1000000000,1000000000,,,0,,,,,30000,5000,30000,30,2000000000000,1228120,armed,242000,blocked,30000,5000,30000,30,3000000000000,1228120,armed,243000,blocked,dcqcn
243000,1,1,339,1,1,tick,0,0,0,1000,40000,1000,0,1000000,0,0,1000000000,1000000000,1000000000,,,0,,,,,30000,5000,30000,30,3000000000000,1228120,armed,243000,blocked,30000,5000,30000,30,4000000000000,1228120,armed,244000,blocked,dcqcn
243000,1,2,339,2,2,tick,0,0,0,1000,40000,1000,0,1000000,0,0,1000000000,1000000000,1000000000,,,0,,,,,30000,5000,30000,30,3000000000000,1228120,armed,243000,blocked,30000,5000,30000,30,4000000000000,1228120,armed,244000,blocked,dcqcn
244000,1,1,340,1,1,tick,0,0,0,1000,40000,1000,0,1000000,0,0,1000000000,1000000000,1000000000,,,0,,,,,30000,5000,30000,30,4000000000000,1228120,armed,244000,blocked,30000,5000,30000,30,5000000000000,1228120,armed,245000,blocked,dcqcn
244000,1,2,340,2,2,tick,0,0,0,1000,40000,1000,0,1000000,0,0,1000000000,1000000000,1000000000,,,0,,,,,30000,5000,30000,30,4000000000000,1228120,armed,244000,blocked,30000,5000,30000,30,5000000000000,1228120,armed,245000,blocked,dcqcn
245000,1,1,341,1,1,tick,0,0,0,1000,40000,1000,0,1000000,0,0,1000000000,1000000000,1000000000,,,0,,,,,30000,5000,30000,30,5000000000000,1228120,armed,245000,blocked,30000,5000,30000,30,6000000000000,1228120,armed,246000,blocked,dcqcn
245000,1,2,341,2,2,tick,0,0,0,1000,40000,1000,0,1000000,0,0,1000000000,1000000000,1000000000,,,0,,,,,30000,5000,30000,30,5000000000000,1228120,armed,245000,blocked,30000,5000,30000,30,6000000000000,1228120,armed,246000,blocked,dcqcn
246000,1,1,342,1,1,tick,0,0,0,1000,40000,1000,0,1000000,0,0,1000000000,1000000000,1000000000,,,0,,,,,30000,5000,30000,30,6000000000000,1228120,armed,246000,blocked,30000,5000,30000,30,7000000000000,1228120,armed,247000,scheduled,dcqcn
246000,1,2,342,2,2,tick,0,0,0,1000,40000,1000,0,1000000,0,0,1000000000,1000000000,1000000000,,,0,,,,,30000,5000,30000,30,6000000000000,1228120,armed,246000,blocked,30000,5000,30000,30,7000000000000,1228120,armed,247000,scheduled,dcqcn
247000,1,1,343,1,1,tick,0,0,0,1000,40000,1000,0,1000000,0,0,1000000000,1000000000,1000000000,,,1,30000,1000,0,435,30000,5000,30000,30,7000000000000,1228120,armed,247000,scheduled,31000,5000,31000,31,0,1228120,armed,248000,blocked,dcqcn
247000,1,2,343,2,2,tick,0,0,0,1000,40000,1000,0,1000000,0,0,1000000000,1000000000,1000000000,,,1,30000,1000,0,436,30000,5000,30000,30,7000000000000,1228120,armed,247000,scheduled,31000,5000,31000,31,0,1228120,armed,248000,blocked,dcqcn
248000,1,0,192,0,0,tick,0,0,0,1000,40000,8000,0,1000000,0,0,1000000000,1000000000,1000000000,,,1,31000,1000,0,812,31000,4000,31000,31,0,1227096,armed,248000,scheduled,32000,4000,32000,32,0,1227096,armed,256000,scheduled,none
248000,1,1,344,1,1,tick,0,0,0,1000,40000,1000,0,1000000,0,0,1000000000,1000000000,1000000000,,,0,,,,,31000,5000,31000,31,0,1228120,armed,248000,blocked,31000,5000,31000,31,1000000000000,1228120,armed,249000,blocked,dcqcn
248000,1,2,344,2,2,tick,0,0,0,1000,40000,1000,0,1000000,0,0,1000000000,1000000000,1000000000,,,0,,,,,31000,5000,31000,31,0,1228120,armed,248000,blocked,31000,5000,31000,31,1000000000000,1228120,armed,249000,blocked,dcqcn
248000,1,3,192,3,3,tick,0,0,0,1000,40000,8000,0,1000000,0,0,1000000000,1000000000,1000000000,,,1,31000,1000,0,815,31000,4000,31000,31,0,1227096,armed,248000,scheduled,32000,4000,32000,32,0,1227096,armed,256000,scheduled,none
249000,1,1,348,1,1,tick,0,0,0,1000,40000,1000,0,1000000,0,0,1000000000,1000000000,1000000000,,,0,,,,,31000,5000,31000,31,1000000000000,1228120,armed,249000,blocked,31000,5000,31000,31,2000000000000,1228120,armed,250000,blocked,dcqcn
249000,1,2,348,2,2,tick,0,0,0,1000,40000,1000,0,1000000,0,0,1000000000,1000000000,1000000000,,,0,,,,,31000,5000,31000,31,1000000000000,1228120,armed,249000,blocked,31000,5000,31000,31,2000000000000,1228120,armed,250000,blocked,dcqcn
250000,1,1,349,1,1,tick,0,0,0,1000,40000,1000,0,1000000,0,0,1000000000,1000000000,1000000000,,,0,,,,,31000,5000,31000,31,2000000000000,1228120,armed,250000,blocked,31000,5000,31000,31,3000000000000,1228120,armed,251000,blocked,dcqcn
250000,1,2,349,2,2,tick,0,0,0,1000,40000,1000,0,1000000,0,0,1000000000,1000000000,1000000000,,,0,,,,,31000,5000,31000,31,2000000000000,1228120,armed,250000,blocked,31000,5000,31000,31,3000000000000,1228120,armed,251000,blocked,dcqcn
251000,1,1,350,1,1,tick,0,0,0,1000,40000,1000,0,1000000,0,0,1000000000,1000000000,1000000000,,,0,,,,,31000,5000,31000,31,3000000000000,1228120,armed,251000,blocked,31000,5000,31000,31,4000000000000,1228120,armed,252000,blocked,dcqcn
251000,1,2,350,2,2,tick,0,0,0,1000,40000,1000,0,1000000,0,0,1000000000,1000000000,1000000000,,,0,,,,,31000,5000,31000,31,3000000000000,1228120,armed,251000,blocked,31000,5000,31000,31,4000000000000,1228120,armed,252000,blocked,dcqcn
252000,1,1,351,1,1,tick,0,0,0,1000,40000,1000,0,1000000,0,0,1000000000,1000000000,1000000000,,,0,,,,,31000,5000,31000,31,4000000000000,1228120,armed,252000,blocked,31000,5000,31000,31,5000000000000,1228120,armed,253000,blocked,dcqcn
252000,1,2,351,2,2,tick,0,0,0,1000,40000,1000,0,1000000,0,0,1000000000,1000000000,1000000000,,,0,,,,,31000,5000,31000,31,4000000000000,1228120,armed,252000,blocked,31000,5000,31000,31,5000000000000,1228120,armed,253000,blocked,dcqcn
253000,1,1,352,1,1,tick,0,0,0,1000,40000,1000,0,1000000,0,0,1000000000,1000000000,1000000000,,,0,,,,,31000,5000,31000,31,5000000000000,1228120,armed,253000,blocked,31000,5000,31000,31,6000000000000,1228120,armed,254000,blocked,dcqcn
253000,1,2,352,2,2,tick,0,0,0,1000,40000,1000,0,1000000,0,0,1000000000,1000000000,1000000000,,,0,,,,,31000,5000,31000,31,5000000000000,1228120,armed,253000,blocked,31000,5000,31000,31,6000000000000,1228120,armed,254000,blocked,dcqcn
254000,1,1,353,1,1,tick,0,0,0,1000,40000,1000,0,1000000,0,0,1000000000,1000000000,1000000000,,,0,,,,,31000,5000,31000,31,6000000000000,1228120,armed,254000,blocked,31000,5000,31000,31,7000000000000,1228120,armed,255000,scheduled,dcqcn
254000,1,2,353,2,2,tick,0,0,0,1000,40000,1000,0,1000000,0,0,1000000000,1000000000,1000000000,,,0,,,,,31000,5000,31000,31,6000000000000,1228120,armed,254000,blocked,31000,5000,31000,31,7000000000000,1228120,armed,255000,scheduled,dcqcn
255000,1,1,354,1,1,tick,0,0,0,1000,40000,1000,0,1000000,0,0,1000000000,1000000000,1000000000,,,1,31000,1000,0,449,31000,5000,31000,31,7000000000000,1228120,armed,255000,scheduled,32000,5000,32000,32,0,1228120,armed,256000,blocked,dcqcn
255000,1,2,354,2,2,tick,0,0,0,1000,40000,1000,0,1000000,0,0,1000000000,1000000000,1000000000,,,1,31000,1000,0,450,31000,5000,31000,31,7000000000000,1228120,armed,255000,scheduled,32000,5000,32000,32,0,1228120,armed,256000,blocked,dcqcn
256000,1,0,199,0,0,tick,0,0,0,1000,40000,8000,0,1000000,0,0,1000000000,1000000000,1000000000,,,1,32000,1000,0,840,32000,4000,32000,32,0,1227096,armed,256000,scheduled,33000,4000,33000,33,0,1227096,armed,264000,scheduled,none
256000,1,1,355,1,1,tick,0,0,0,1000,40000,1000,0,1000000,0,0,1000000000,1000000000,1000000000,,,0,,,,,32000,5000,32000,32,0,1228120,armed,256000,blocked,32000,5000,32000,32,1000000000000,1228120,armed,257000,blocked,dcqcn
256000,1,2,355,2,2,tick,0,0,0,1000,40000,1000,0,1000000,0,0,1000000000,1000000000,1000000000,,,0,,,,,32000,5000,32000,32,0,1228120,armed,256000,blocked,32000,5000,32000,32,1000000000000,1228120,armed,257000,blocked,dcqcn
256000,1,3,199,3,3,tick,0,0,0,1000,40000,8000,0,1000000,0,0,1000000000,1000000000,1000000000,,,1,32000,1000,0,843,32000,4000,32000,32,0,1227096,armed,256000,scheduled,33000,4000,33000,33,0,1227096,armed,264000,scheduled,none
257000,1,1,359,1,1,tick,0,0,0,1000,40000,1000,0,1000000,0,0,1000000000,1000000000,1000000000,,,0,,,,,32000,5000,32000,32,1000000000000,1228120,armed,257000,blocked,32000,5000,32000,32,2000000000000,1228120,armed,258000,blocked,dcqcn
257000,1,2,359,2,2,tick,0,0,0,1000,40000,1000,0,1000000,0,0,1000000000,1000000000,1000000000,,,0,,,,,32000,5000,32000,32,1000000000000,1228120,armed,257000,blocked,32000,5000,32000,32,2000000000000,1228120,armed,258000,blocked,dcqcn
258000,1,1,360,1,1,tick,0,0,0,1000,40000,1000,0,1000000,0,0,1000000000,1000000000,1000000000,,,0,,,,,32000,5000,32000,32,2000000000000,1228120,armed,258000,blocked,32000,5000,32000,32,3000000000000,1228120,armed,259000,blocked,dcqcn
258000,1,2,360,2,2,tick,0,0,0,1000,40000,1000,0,1000000,0,0,1000000000,1000000000,1000000000,,,0,,,,,32000,5000,32000,32,2000000000000,1228120,armed,258000,blocked,32000,5000,32000,32,3000000000000,1228120,armed,259000,blocked,dcqcn
259000,1,1,361,1,1,tick,0,0,0,1000,40000,1000,0,1000000,0,0,1000000000,1000000000,1000000000,,,0,,,,,32000,5000,32000,32,3000000000000,1228120,armed,259000,blocked,32000,5000,32000,32,4000000000000,1228120,armed,260000,blocked,dcqcn
259000,1,2,361,2,2,tick,0,0,0,1000,40000,1000,0,1000000,0,0,1000000000,1000000000,1000000000,,,0,,,,,32000,5000,32000,32,3000000000000,1228120,armed,259000,blocked,32000,5000,32000,32,4000000000000,1228120,armed,260000,blocked,dcqcn
260000,1,1,362,1,1,tick,0,0,0,1000,40000,1000,0,1000000,0,0,1000000000,1000000000,1000000000,,,0,,,,,32000,5000,32000,32,4000000000000,1228120,armed,260000,blocked,32000,5000,32000,32,5000000000000,1228120,armed,261000,blocked,dcqcn
260000,1,2,362,2,2,tick,0,0,0,1000,40000,1000,0,1000000,0,0,1000000000,1000000000,1000000000,,,0,,,,,32000,5000,32000,32,4000000000000,1228120,armed,260000,blocked,32000,5000,32000,32,5000000000000,1228120,armed,261000,blocked,dcqcn
260120,0,4,98,0,0,ack,0,0,0,1000,40000,8000,0,1000000,0,0,1000000000,1000000000,,5000,0,0,,,,,33000,4000,33000,33,0,1227096,armed,264000,scheduled,33000,5000,33000,33,0,1260120,armed,264000,scheduled,none
260120,0,12,98,3,3,ack,0,0,0,1000,40000,8000,0,1000000,0,0,1000000000,1000000000,,5000,0,0,,,,,33000,4000,33000,33,0,1227096,armed,264000,scheduled,33000,5000,33000,33,0,1260120,armed,264000,scheduled,none
261000,1,1,363,1,1,tick,0,0,0,1000,40000,1000,0,1000000,0,0,1000000000,1000000000,1000000000,,,0,,,,,32000,5000,32000,32,5000000000000,1228120,armed,261000,blocked,32000,5000,32000,32,6000000000000,1228120,armed,262000,blocked,dcqcn
261000,1,2,363,2,2,tick,0,0,0,1000,40000,1000,0,1000000,0,0,1000000000,1000000000,1000000000,,,0,,,,,32000,5000,32000,32,5000000000000,1228120,armed,261000,blocked,32000,5000,32000,32,6000000000000,1228120,armed,262000,blocked,dcqcn
261144,0,6,17,1,1,ack,0,0,0,1000,40000,1000,0,1000000,0,0,1000000000,1000000000,,6000,0,0,,,,,32000,5000,32000,32,6000000000000,1228120,armed,262000,blocked,32000,6000,32000,32,6000000000000,1261144,armed,262000,blocked,dcqcn
261144,0,9,17,2,2,ack,0,0,0,1000,40000,1000,0,1000000,0,0,1000000000,1000000000,,6000,0,0,,,,,32000,5000,32000,32,6000000000000,1228120,armed,262000,blocked,32000,6000,32000,32,6000000000000,1261144,armed,262000,blocked,dcqcn
262000,1,1,364,1,1,tick,0,0,0,1000,40000,1000,0,1000000,0,0,1000000000,1000000000,1000000000,,,0,,,,,32000,6000,32000,32,6000000000000,1261144,armed,262000,blocked,32000,6000,32000,32,7000000000000,1261144,armed,263000,scheduled,dcqcn
262000,1,2,364,2,2,tick,0,0,0,1000,40000,1000,0,1000000,0,0,1000000000,1000000000,1000000000,,,0,,,,,32000,6000,32000,32,6000000000000,1261144,armed,262000,blocked,32000,6000,32000,32,7000000000000,1261144,armed,263000,scheduled,dcqcn
263000,1,1,366,1,1,tick,0,0,0,1000,40000,1000,0,1000000,0,0,1000000000,1000000000,1000000000,,,1,32000,1000,0,463,32000,6000,32000,32,7000000000000,1261144,armed,263000,scheduled,33000,6000,33000,33,0,1261144,armed,264000,blocked,dcqcn
263000,1,2,366,2,2,tick,0,0,0,1000,40000,1000,0,1000000,0,0,1000000000,1000000000,1000000000,,,1,32000,1000,0,464,32000,6000,32000,32,7000000000000,1261144,armed,263000,scheduled,33000,6000,33000,33,0,1261144,armed,264000,blocked,dcqcn
264000,1,0,206,0,0,tick,0,0,0,1000,40000,8000,0,1000000,0,0,1000000000,1000000000,1000000000,,,1,33000,1000,0,868,33000,5000,33000,33,0,1260120,armed,264000,scheduled,34000,5000,34000,34,0,1260120,armed,272000,scheduled,none
264000,1,1,367,1,1,tick,0,0,0,1000,40000,1000,0,1000000,0,0,1000000000,1000000000,1000000000,,,0,,,,,33000,6000,33000,33,0,1261144,armed,264000,blocked,33000,6000,33000,33,1000000000000,1261144,armed,265000,blocked,dcqcn
264000,1,2,367,2,2,tick,0,0,0,1000,40000,1000,0,1000000,0,0,1000000000,1000000000,1000000000,,,0,,,,,33000,6000,33000,33,0,1261144,armed,264000,blocked,33000,6000,33000,33,1000000000000,1261144,armed,265000,blocked,dcqcn
264000,1,3,206,3,3,tick,0,0,0,1000,40000,8000,0,1000000,0,0,1000000000,1000000000,1000000000,,,1,33000,1000,0,871,33000,5000,33000,33,0,1260120,armed,264000,scheduled,34000,5000,34000,34,0,1260120,armed,272000,scheduled,none
265000,1,1,371,1,1,tick,0,0,0,1000,40000,1000,0,1000000,0,0,1000000000,1000000000,1000000000,,,0,,,,,33000,6000,33000,33,1000000000000,1261144,armed,265000,blocked,33000,6000,33000,33,2000000000000,1261144,armed,266000,blocked,dcqcn
265000,1,2,371,2,2,tick,0,0,0,1000,40000,1000,0,1000000,0,0,1000000000,1000000000,1000000000,,,0,,,,,33000,6000,33000,33,1000000000000,1261144,armed,265000,blocked,33000,6000,33000,33,2000000000000,1261144,armed,266000,blocked,dcqcn
266000,1,1,372,1,1,tick,0,0,0,1000,40000,1000,0,1000000,0,0,1000000000,1000000000,1000000000,,,0,,,,,33000,6000,33000,33,2000000000000,1261144,armed,266000,blocked,33000,6000,33000,33,3000000000000,1261144,armed,267000,blocked,dcqcn
266000,1,2,372,2,2,tick,0,0,0,1000,40000,1000,0,1000000,0,0,1000000000,1000000000,1000000000,,,0,,,,,33000,6000,33000,33,2000000000000,1261144,armed,266000,blocked,33000,6000,33000,33,3000000000000,1261144,armed,267000,blocked,dcqcn
267000,1,1,373,1,1,tick,0,0,0,1000,40000,1000,0,1000000,0,0,1000000000,1000000000,1000000000,,,0,,,,,33000,6000,33000,33,3000000000000,1261144,armed,267000,blocked,33000,6000,33000,33,4000000000000,1261144,armed,268000,blocked,dcqcn
267000,1,2,373,2,2,tick,0,0,0,1000,40000,1000,0,1000000,0,0,1000000000,1000000000,1000000000,,,0,,,,,33000,6000,33000,33,3000000000000,1261144,armed,267000,blocked,33000,6000,33000,33,4000000000000,1261144,armed,268000,blocked,dcqcn
268000,1,1,374,1,1,tick,0,0,0,1000,40000,1000,0,1000000,0,0,1000000000,1000000000,1000000000,,,0,,,,,33000,6000,33000,33,4000000000000,1261144,armed,268000,blocked,33000,6000,33000,33,5000000000000,1261144,armed,269000,blocked,dcqcn
268000,1,2,374,2,2,tick,0,0,0,1000,40000,1000,0,1000000,0,0,1000000000,1000000000,1000000000,,,0,,,,,33000,6000,33000,33,4000000000000,1261144,armed,268000,blocked,33000,6000,33000,33,5000000000000,1261144,armed,269000,blocked,dcqcn
269000,1,1,375,1,1,tick,0,0,0,1000,40000,1000,0,1000000,0,0,1000000000,1000000000,1000000000,,,0,,,,,33000,6000,33000,33,5000000000000,1261144,armed,269000,blocked,33000,6000,33000,33,6000000000000,1261144,armed,270000,blocked,dcqcn
269000,1,2,375,2,2,tick,0,0,0,1000,40000,1000,0,1000000,0,0,1000000000,1000000000,1000000000,,,0,,,,,33000,6000,33000,33,5000000000000,1261144,armed,269000,blocked,33000,6000,33000,33,6000000000000,1261144,armed,270000,blocked,dcqcn
270000,1,1,376,1,1,tick,0,0,0,1000,40000,1000,0,1000000,0,0,1000000000,1000000000,1000000000,,,0,,,,,33000,6000,33000,33,6000000000000,1261144,armed,270000,blocked,33000,6000,33000,33,7000000000000,1261144,armed,271000,scheduled,dcqcn
270000,1,2,376,2,2,tick,0,0,0,1000,40000,1000,0,1000000,0,0,1000000000,1000000000,1000000000,,,0,,,,,33000,6000,33000,33,6000000000000,1261144,armed,270000,blocked,33000,6000,33000,33,7000000000000,1261144,armed,271000,scheduled,dcqcn
271000,1,1,377,1,1,tick,0,0,0,1000,40000,1000,0,1000000,0,0,1000000000,1000000000,1000000000,,,1,33000,1000,0,477,33000,6000,33000,33,7000000000000,1261144,armed,271000,scheduled,34000,6000,34000,34,0,1261144,armed,272000,blocked,dcqcn
271000,1,2,377,2,2,tick,0,0,0,1000,40000,1000,0,1000000,0,0,1000000000,1000000000,1000000000,,,1,33000,1000,0,478,33000,6000,33000,33,7000000000000,1261144,armed,271000,scheduled,34000,6000,34000,34,0,1261144,armed,272000,blocked,dcqcn
272000,1,0,214,0,0,tick,0,0,0,1000,40000,8000,0,1000000,0,0,1000000000,1000000000,1000000000,,,1,34000,1000,0,896,34000,5000,34000,34,0,1260120,armed,272000,scheduled,35000,5000,35000,35,0,1260120,armed,280000,scheduled,none
272000,1,1,378,1,1,tick,0,0,0,1000,40000,1000,0,1000000,0,0,1000000000,1000000000,1000000000,,,0,,,,,34000,6000,34000,34,0,1261144,armed,272000,blocked,34000,6000,34000,34,1000000000000,1261144,armed,273000,blocked,dcqcn
272000,1,2,378,2,2,tick,0,0,0,1000,40000,1000,0,1000000,0,0,1000000000,1000000000,1000000000,,,0,,,,,34000,6000,34000,34,0,1261144,armed,272000,blocked,34000,6000,34000,34,1000000000000,1261144,armed,273000,blocked,dcqcn
272000,1,3,214,3,3,tick,0,0,0,1000,40000,8000,0,1000000,0,0,1000000000,1000000000,1000000000,,,1,34000,1000,0,899,34000,5000,34000,34,0,1260120,armed,272000,scheduled,35000,5000,35000,35,0,1260120,armed,280000,scheduled,none
273000,1,1,382,1,1,tick,0,0,0,1000,40000,1000,0,1000000,0,0,1000000000,1000000000,1000000000,,,0,,,,,34000,6000,34000,34,1000000000000,1261144,armed,273000,blocked,34000,6000,34000,34,2000000000000,1261144,armed,274000,blocked,dcqcn
273000,1,2,382,2,2,tick,0,0,0,1000,40000,1000,0,1000000,0,0,1000000000,1000000000,1000000000,,,0,,,,,34000,6000,34000,34,1000000000000,1261144,armed,273000,blocked,34000,6000,34000,34,2000000000000,1261144,armed,274000,blocked,dcqcn
274000,1,1,383,1,1,tick,0,0,0,1000,40000,1000,0,1000000,0,0,1000000000,1000000000,1000000000,,,0,,,,,34000,6000,34000,34,2000000000000,1261144,armed,274000,blocked,34000,6000,34000,34,3000000000000,1261144,armed,275000,blocked,dcqcn
274000,1,2,383,2,2,tick,0,0,0,1000,40000,1000,0,1000000,0,0,1000000000,1000000000,1000000000,,,0,,,,,34000,6000,34000,34,2000000000000,1261144,armed,274000,blocked,34000,6000,34000,34,3000000000000,1261144,armed,275000,blocked,dcqcn
275000,1,1,384,1,1,tick,0,0,0,1000,40000,1000,0,1000000,0,0,1000000000,1000000000,1000000000,,,0,,,,,34000,6000,34000,34,3000000000000,1261144,armed,275000,blocked,34000,6000,34000,34,4000000000000,1261144,armed,276000,blocked,dcqcn
275000,1,2,384,2,2,tick,0,0,0,1000,40000,1000,0,1000000,0,0,1000000000,1000000000,1000000000,,,0,,,,,34000,6000,34000,34,3000000000000,1261144,armed,275000,blocked,34000,6000,34000,34,4000000000000,1261144,armed,276000,blocked,dcqcn
276000,1,1,385,1,1,tick,0,0,0,1000,40000,1000,0,1000000,0,0,1000000000,1000000000,1000000000,,,0,,,,,34000,6000,34000,34,4000000000000,1261144,armed,276000,blocked,34000,6000,34000,34,5000000000000,1261144,armed,277000,blocked,dcqcn
276000,1,2,385,2,2,tick,0,0,0,1000,40000,1000,0,1000000,0,0,1000000000,1000000000,1000000000,,,0,,,,,34000,6000,34000,34,4000000000000,1261144,armed,276000,blocked,34000,6000,34000,34,5000000000000,1261144,armed,277000,blocked,dcqcn
277000,1,1,386,1,1,tick,0,0,0,1000,40000,1000,0,1000000,0,0,1000000000,1000000000,1000000000,,,0,,,,,34000,6000,34000,34,5000000000000,1261144,armed,277000,blocked,34000,6000,34000,34,6000000000000,1261144,armed,278000,blocked,dcqcn
277000,1,2,386,2,2,tick,0,0,0,1000,40000,1000,0,1000000,0,0,1000000000,1000000000,1000000000,,,0,,,,,34000,6000,34000,34,5000000000000,1261144,armed,277000,blocked,34000,6000,34000,34,6000000000000,1261144,armed,278000,blocked,dcqcn
278000,1,1,387,1,1,tick,0,0,0,1000,40000,1000,0,1000000,0,0,1000000000,1000000000,1000000000,,,0,,,,,34000,6000,34000,34,6000000000000,1261144,armed,278000,blocked,34000,6000,34000,34,7000000000000,1261144,armed,279000,scheduled,dcqcn
278000,1,2,387,2,2,tick,0,0,0,1000,40000,1000,0,1000000,0,0,1000000000,1000000000,1000000000,,,0,,,,,34000,6000,34000,34,6000000000000,1261144,armed,278000,blocked,34000,6000,34000,34,7000000000000,1261144,armed,279000,scheduled,dcqcn
279000,1,1,388,1,1,tick,0,0,0,1000,40000,1000,0,1000000,0,0,1000000000,1000000000,1000000000,,,1,34000,1000,0,491,34000,6000,34000,34,7000000000000,1261144,armed,279000,scheduled,35000,6000,35000,35,0,1261144,armed,280000,blocked,dcqcn
279000,1,2,388,2,2,tick,0,0,0,1000,40000,1000,0,1000000,0,0,1000000000,1000000000,1000000000,,,1,34000,1000,0,492,34000,6000,34000,34,7000000000000,1261144,armed,279000,scheduled,35000,6000,35000,35,0,1261144,armed,280000,blocked,dcqcn
280000,1,0,221,0,0,tick,0,0,0,1000,40000,8000,0,1000000,0,0,1000000000,1000000000,1000000000,,,1,35000,1000,0,924,35000,5000,35000,35,0,1260120,armed,280000,scheduled,36000,5000,36000,36,0,1260120,armed,288000,scheduled,none
280000,1,1,389,1,1,tick,0,0,0,1000,40000,1000,0,1000000,0,0,1000000000,1000000000,1000000000,,,0,,,,,35000,6000,35000,35,0,1261144,armed,280000,blocked,35000,6000,35000,35,1000000000000,1261144,armed,281000,blocked,dcqcn
280000,1,2,389,2,2,tick,0,0,0,1000,40000,1000,0,1000000,0,0,1000000000,1000000000,1000000000,,,0,,,,,35000,6000,35000,35,0,1261144,armed,280000,blocked,35000,6000,35000,35,1000000000000,1261144,armed,281000,blocked,dcqcn
280000,1,3,221,3,3,tick,0,0,0,1000,40000,8000,0,1000000,0,0,1000000000,1000000000,1000000000,,,1,35000,1000,0,927,35000,5000,35000,35,0,1260120,armed,280000,scheduled,36000,5000,36000,36,0,1260120,armed,288000,scheduled,none
281000,1,1,393,1,1,tick,0,0,0,1000,40000,1000,0,1000000,0,0,1000000000,1000000000,1000000000,,,0,,,,,35000,6000,35000,35,1000000000000,1261144,armed,281000,blocked,35000,6000,35000,35,2000000000000,1261144,armed,282000,blocked,dcqcn
281000,1,2,393,2,2,tick,0,0,0,1000,40000,1000,0,1000000,0,0,1000000000,1000000000,1000000000,,,0,,,,,35000,6000,35000,35,1000000000000,1261144,armed,281000,blocked,35000,6000,35000,35,2000000000000,1261144,armed,282000,blocked,dcqcn
282000,1,1,394,1,1,tick,0,0,0,1000,40000,1000,0,1000000,0,0,1000000000,1000000000,1000000000,,,0,,,,,35000,6000,35000,35,2000000000000,1261144,armed,282000,blocked,35000,6000,35000,35,3000000000000,1261144,armed,283000,blocked,dcqcn
282000,1,2,394,2,2,tick,0,0,0,1000,40000,1000,0,1000000,0,0,1000000000,1000000000,1000000000,,,0,,,,,35000,6000,35000,35,2000000000000,1261144,armed,282000,blocked,35000,6000,35000,35,3000000000000,1261144,armed,283000,blocked,dcqcn
283000,1,1,395,1,1,tick,0,0,0,1000,40000,1000,0,1000000,0,0,1000000000,1000000000,1000000000,,,0,,,,,35000,6000,35000,35,3000000000000,1261144,armed,283000,blocked,35000,6000,35000,35,4000000000000,1261144,armed,284000,blocked,dcqcn
283000,1,2,395,2,2,tick,0,0,0,1000,40000,1000,0,1000000,0,0,1000000000,1000000000,1000000000,,,0,,,,,35000,6000,35000,35,3000000000000,1261144,armed,283000,blocked,35000,6000,35000,35,4000000000000,1261144,armed,284000,blocked,dcqcn
284000,1,1,396,1,1,tick,0,0,0,1000,40000,1000,0,1000000,0,0,1000000000,1000000000,1000000000,,,0,,,,,35000,6000,35000,35,4000000000000,1261144,armed,284000,blocked,35000,6000,35000,35,5000000000000,1261144,armed,285000,blocked,dcqcn
284000,1,2,396,2,2,tick,0,0,0,1000,40000,1000,0,1000000,0,0,1000000000,1000000000,1000000000,,,0,,,,,35000,6000,35000,35,4000000000000,1261144,armed,284000,blocked,35000,6000,35000,35,5000000000000,1261144,armed,285000,blocked,dcqcn
285000,1,1,397,1,1,tick,0,0,0,1000,40000,1000,0,1000000,0,0,1000000000,1000000000,1000000000,,,0,,,,,35000,6000,35000,35,5000000000000,1261144,armed,285000,blocked,35000,6000,35000,35,6000000000000,1261144,armed,286000,blocked,dcqcn
285000,1,2,397,2,2,tick,0,0,0,1000,40000,1000,0,1000000,0,0,1000000000,1000000000,1000000000,,,0,,,,,35000,6000,35000,35,5000000000000,1261144,armed,285000,blocked,35000,6000,35000,35,6000000000000,1261144,armed,286000,blocked,dcqcn
286000,1,1,398,1,1,tick,0,0,0,1000,40000,1000,0,1000000,0,0,1000000000,1000000000,1000000000,,,0,,,,,35000,6000,35000,35,6000000000000,1261144,armed,286000,blocked,35000,6000,35000,35,7000000000000,1261144,armed,287000,scheduled,dcqcn
286000,1,2,398,2,2,tick,0,0,0,1000,40000,1000,0,1000000,0,0,1000000000,1000000000,1000000000,,,0,,,,,35000,6000,35000,35,6000000000000,1261144,armed,286000,blocked,35000,6000,35000,35,7000000000000,1261144,armed,287000,scheduled,dcqcn
287000,1,1,399,1,1,tick,0,0,0,1000,40000,1000,0,1000000,0,0,1000000000,1000000000,1000000000,,,1,35000,1000,0,505,35000,6000,35000,35,7000000000000,1261144,armed,287000,scheduled,36000,6000,36000,36,0,1261144,armed,288000,blocked,dcqcn
287000,1,2,399,2,2,tick,0,0,0,1000,40000,1000,0,1000000,0,0,1000000000,1000000000,1000000000,,,1,35000,1000,0,506,35000,6000,35000,35,7000000000000,1261144,armed,287000,scheduled,36000,6000,36000,36,0,1261144,armed,288000,blocked,dcqcn
288000,1,0,228,0,0,tick,0,0,0,1000,40000,8000,0,1000000,0,0,1000000000,1000000000,1000000000,,,1,36000,1000,0,952,36000,5000,36000,36,0,1260120,armed,288000,scheduled,37000,5000,37000,37,0,1260120,armed,296000,scheduled,none
288000,1,1,400,1,1,tick,0,0,0,1000,40000,1000,0,1000000,0,0,1000000000,1000000000,1000000000,,,0,,,,,36000,6000,36000,36,0,1261144,armed,288000,blocked,36000,6000,36000,36,1000000000000,1261144,armed,289000,blocked,dcqcn
288000,1,2,400,2,2,tick,0,0,0,1000,40000,1000,0,1000000,0,0,1000000000,1000000000,1000000000,,,0,,,,,36000,6000,36000,36,0,1261144,armed,288000,blocked,36000,6000,36000,36,1000000000000,1261144,armed,289000,blocked,dcqcn
288000,1,3,228,3,3,tick,0,0,0,1000,40000,8000,0,1000000,0,0,1000000000,1000000000,1000000000,,,1,36000,1000,0,955,36000,5000,36000,36,0,1260120,armed,288000,scheduled,37000,5000,37000,37,0,1260120,armed,296000,scheduled,none
289000,1,1,404,1,1,tick,0,0,0,1000,40000,1000,0,1000000,0,0,1000000000,1000000000,1000000000,,,0,,,,,36000,6000,36000,36,1000000000000,1261144,armed,289000,blocked,36000,6000,36000,36,2000000000000,1261144,armed,290000,blocked,dcqcn
289000,1,2,404,2,2,tick,0,0,0,1000,40000,1000,0,1000000,0,0,1000000000,1000000000,1000000000,,,0,,,,,36000,6000,36000,36,1000000000000,1261144,armed,289000,blocked,36000,6000,36000,36,2000000000000,1261144,armed,290000,blocked,dcqcn
290000,1,1,405,1,1,tick,0,0,0,1000,40000,1000,0,1000000,0,0,1000000000,1000000000,1000000000,,,0,,,,,36000,6000,36000,36,2000000000000,1261144,armed,290000,blocked,36000,6000,36000,36,3000000000000,1261144,armed,291000,blocked,dcqcn
290000,1,2,405,2,2,tick,0,0,0,1000,40000,1000,0,1000000,0,0,1000000000,1000000000,1000000000,,,0,,,,,36000,6000,36000,36,2000000000000,1261144,armed,290000,blocked,36000,6000,36000,36,3000000000000,1261144,armed,291000,blocked,dcqcn
291000,1,1,406,1,1,tick,0,0,0,1000,40000,1000,0,1000000,0,0,1000000000,1000000000,1000000000,,,0,,,,,36000,6000,36000,36,3000000000000,1261144,armed,291000,blocked,36000,6000,36000,36,4000000000000,1261144,armed,292000,blocked,dcqcn
291000,1,2,406,2,2,tick,0,0,0,1000,40000,1000,0,1000000,0,0,1000000000,1000000000,1000000000,,,0,,,,,36000,6000,36000,36,3000000000000,1261144,armed,291000,blocked,36000,6000,36000,36,4000000000000,1261144,armed,292000,blocked,dcqcn
292000,1,1,407,1,1,tick,0,0,0,1000,40000,1000,0,1000000,0,0,1000000000,1000000000,1000000000,,,0,,,,,36000,6000,36000,36,4000000000000,1261144,armed,292000,blocked,36000,6000,36000,36,5000000000000,1261144,armed,293000,blocked,dcqcn
292000,1,2,407,2,2,tick,0,0,0,1000,40000,1000,0,1000000,0,0,1000000000,1000000000,1000000000,,,0,,,,,36000,6000,36000,36,4000000000000,1261144,armed,292000,blocked,36000,6000,36000,36,5000000000000,1261144,armed,293000,blocked,dcqcn
293000,1,1,408,1,1,tick,0,0,0,1000,40000,1000,0,1000000,0,0,1000000000,1000000000,1000000000,,,0,,,,,36000,6000,36000,36,5000000000000,1261144,armed,293000,blocked,36000,6000,36000,36,6000000000000,1261144,armed,294000,blocked,dcqcn
293000,1,2,408,2,2,tick,0,0,0,1000,40000,1000,0,1000000,0,0,1000000000,1000000000,1000000000,,,0,,,,,36000,6000,36000,36,5000000000000,1261144,armed,293000,blocked,36000,6000,36000,36,6000000000000,1261144,armed,294000,blocked,dcqcn
293144,0,4,113,0,0,ack,0,0,0,1000,40000,8000,0,1000000,0,0,1000000000,1000000000,,6000,0,0,,,,,37000,5000,37000,37,0,1260120,armed,296000,scheduled,37000,6000,37000,37,0,1293144,armed,296000,scheduled,none
293144,0,12,113,3,3,ack,0,0,0,1000,40000,8000,0,1000000,0,0,1000000000,1000000000,,6000,0,0,,,,,37000,5000,37000,37,0,1260120,armed,296000,scheduled,37000,6000,37000,37,0,1293144,armed,296000,scheduled,none
294000,1,1,409,1,1,tick,0,0,0,1000,40000,1000,0,1000000,0,0,1000000000,1000000000,1000000000,,,0,,,,,36000,6000,36000,36,6000000000000,1261144,armed,294000,blocked,36000,6000,36000,36,7000000000000,1261144,armed,295000,scheduled,dcqcn
294000,1,2,409,2,2,tick,0,0,0,1000,40000,1000,0,1000000,0,0,1000000000,1000000000,1000000000,,,0,,,,,36000,6000,36000,36,6000000000000,1261144,armed,294000,blocked,36000,6000,36000,36,7000000000000,1261144,armed,295000,scheduled,dcqcn
295000,1,1,410,1,1,tick,0,0,0,1000,40000,1000,0,1000000,0,0,1000000000,1000000000,1000000000,,,1,36000,1000,0,519,36000,6000,36000,36,7000000000000,1261144,armed,295000,scheduled,37000,6000,37000,37,0,1261144,armed,296000,blocked,dcqcn
295000,1,2,410,2,2,tick,0,0,0,1000,40000,1000,0,1000000,0,0,1000000000,1000000000,1000000000,,,1,36000,1000,0,520,36000,6000,36000,36,7000000000000,1261144,armed,295000,scheduled,37000,6000,37000,37,0,1261144,armed,296000,blocked,dcqcn
296000,1,0,235,0,0,tick,0,0,0,1000,40000,8000,0,1000000,0,0,1000000000,1000000000,1000000000,,,1,37000,1000,0,980,37000,6000,37000,37,0,1293144,armed,296000,scheduled,38000,6000,38000,38,0,1293144,armed,304000,scheduled,none
296000,1,1,411,1,1,tick,0,0,0,1000,40000,1000,0,1000000,0,0,1000000000,1000000000,1000000000,,,0,,,,,37000,6000,37000,37,0,1261144,armed,296000,blocked,37000,6000,37000,37,1000000000000,1261144,armed,297000,blocked,dcqcn
296000,1,2,411,2,2,tick,0,0,0,1000,40000,1000,0,1000000,0,0,1000000000,1000000000,1000000000,,,0,,,,,37000,6000,37000,37,0,1261144,armed,296000,blocked,37000,6000,37000,37,1000000000000,1261144,armed,297000,blocked,dcqcn
296000,1,3,235,3,3,tick,0,0,0,1000,40000,8000,0,1000000,0,0,1000000000,1000000000,1000000000,,,1,37000,1000,0,983,37000,6000,37000,37,0,1293144,armed,296000,scheduled,38000,6000,38000,38,0,1293144,armed,304000,scheduled,none
297000,1,1,415,1,1,tick,0,0,0,1000,40000,1000,0,1000000,0,0,1000000000,1000000000,1000000000,,,0,,,,,37000,6000,37000,37,1000000000000,1261144,armed,297000,blocked,37000,6000,37000,37,2000000000000,1261144,armed,298000,blocked,dcqcn
297000,1,2,415,2,2,tick,0,0,0,1000,40000,1000,0,1000000,0,0,1000000000,1000000000,1000000000,,,0,,,,,37000,6000,37000,37,1000000000000,1261144,armed,297000,blocked,37000,6000,37000,37,2000000000000,1261144,armed,298000,blocked,dcqcn
298000,1,1,416,1,1,tick,0,0,0,1000,40000,1000,0,1000000,0,0,1000000000,1000000000,1000000000,,,0,,,,,37000,6000,37000,37,2000000000000,1261144,armed,298000,blocked,37000,6000,37000,37,3000000000000,1261144,armed,299000,blocked,dcqcn
298000,1,2,416,2,2,tick,0,0,0,1000,40000,1000,0,1000000,0,0,1000000000,1000000000,1000000000,,,0,,,,,37000,6000,37000,37,2000000000000,1261144,armed,298000,blocked,37000,6000,37000,37,3000000000000,1261144,armed,299000,blocked,dcqcn
299000,1,1,417,1,1,tick,0,0,0,1000,40000,1000,0,1000000,0,0,1000000000,1000000000,1000000000,,,0,,,,,37000,6000,37000,37,3000000000000,1261144,armed,299000,blocked,37000,6000,37000,37,4000000000000,1261144,armed,300000,blocked,dcqcn
299000,1,2,417,2,2,tick,0,0,0,1000,40000,1000,0,1000000,0,0,1000000000,1000000000,1000000000,,,0,,,,,37000,6000,37000,37,3000000000000,1261144,armed,299000,blocked,37000,6000,37000,37,4000000000000,1261144,armed,300000,blocked,dcqcn
300000,1,1,418,1,1,tick,0,0,0,1000,40000,1000,0,1000000,0,0,1000000000,1000000000,1000000000,,,0,,,,,37000,6000,37000,37,4000000000000,1261144,armed,300000,blocked,37000,6000,37000,37,5000000000000,1261144,armed,301000,blocked,dcqcn
300000,1,2,418,2,2,tick,0,0,0,1000,40000,1000,0,1000000,0,0,1000000000,1000000000,1000000000,,,0,,,,,37000,6000,37000,37,4000000000000,1261144,armed,300000,blocked,37000,6000,37000,37,5000000000000,1261144,armed,301000,blocked,dcqcn
301000,1,1,419,1,1,tick,0,0,0,1000,40000,1000,0,1000000,0,0,1000000000,1000000000,1000000000,,,0,,,,,37000,6000,37000,37,5000000000000,1261144,armed,301000,blocked,37000,6000,37000,37,6000000000000,1261144,armed,302000,blocked,dcqcn
301000,1,2,419,2,2,tick,0,0,0,1000,40000,1000,0,1000000,0,0,1000000000,1000000000,1000000000,,,0,,,,,37000,6000,37000,37,5000000000000,1261144,armed,301000,blocked,37000,6000,37000,37,6000000000000,1261144,armed,302000,blocked,dcqcn
302000,1,1,420,1,1,tick,0,0,0,1000,40000,1000,0,1000000,0,0,1000000000,1000000000,1000000000,,,0,,,,,37000,6000,37000,37,6000000000000,1261144,armed,302000,blocked,37000,6000,37000,37,7000000000000,1261144,armed,303000,scheduled,dcqcn
302000,1,2,420,2,2,tick,0,0,0,1000,40000,1000,0,1000000,0,0,1000000000,1000000000,1000000000,,,0,,,,,37000,6000,37000,37,6000000000000,1261144,armed,302000,blocked,37000,6000,37000,37,7000000000000,1261144,armed,303000,scheduled,dcqcn
303000,1,1,421,1,1,tick,0,0,0,1000,40000,1000,0,1000000,0,0,1000000000,1000000000,1000000000,,,1,37000,1000,0,533,37000,6000,37000,37,7000000000000,1261144,armed,303000,scheduled,38000,6000,38000,38,0,1261144,armed,304000,blocked,dcqcn
303000,1,2,421,2,2,tick,0,0,0,1000,40000,1000,0,1000000,0,0,1000000000,1000000000,1000000000,,,1,37000,1000,0,534,37000,6000,37000,37,7000000000000,1261144,armed,303000,scheduled,38000,6000,38000,38,0,1261144,armed,304000,blocked,dcqcn
304000,1,0,243,0,0,tick,0,0,0,1000,40000,8000,0,1000000,0,0,1000000000,1000000000,1000000000,,,1,38000,1000,0,1008,38000,6000,38000,38,0,1293144,armed,304000,scheduled,39000,6000,39000,39,0,1293144,armed,312000,scheduled,none
304000,1,1,422,1,1,tick,0,0,0,1000,40000,1000,0,1000000,0,0,1000000000,1000000000,1000000000,,,0,,,,,38000,6000,38000,38,0,1261144,armed,304000,blocked,38000,6000,38000,38,1000000000000,1261144,armed,305000,blocked,dcqcn
304000,1,2,422,2,2,tick,0,0,0,1000,40000,1000,0,1000000,0,0,1000000000,1000000000,1000000000,,,0,,,,,38000,6000,38000,38,0,1261144,armed,304000,blocked,38000,6000,38000,38,1000000000000,1261144,armed,305000,blocked,dcqcn
304000,1,3,243,3,3,tick,0,0,0,1000,40000,8000,0,1000000,0,0,1000000000,1000000000,1000000000,,,1,38000,1000,0,1011,38000,6000,38000,38,0,1293144,armed,304000,scheduled,39000,6000,39000,39,0,1293144,armed,312000,scheduled,none
305000,1,1,426,1,1,tick,0,0,0,1000,40000,1000,0,1000000,0,0,1000000000,1000000000,1000000000,,,0,,,,,38000,6000,38000,38,1000000000000,1261144,armed,305000,blocked,38000,6000,38000,38,2000000000000,1261144,armed,306000,blocked,dcqcn
305000,1,2,426,2,2,tick,0,0,0,1000,40000,1000,0,1000000,0,0,1000000000,1000000000,1000000000,,,0,,,,,38000,6000,38000,38,1000000000000,1261144,armed,305000,blocked,38000,6000,38000,38,2000000000000,1261144,armed,306000,blocked,dcqcn
306000,1,1,427,1,1,tick,0,0,0,1000,40000,1000,0,1000000,0,0,1000000000,1000000000,1000000000,,,0,,,,,38000,6000,38000,38,2000000000000,1261144,armed,306000,blocked,38000,6000,38000,38,3000000000000,1261144,armed,307000,blocked,dcqcn
306000,1,2,427,2,2,tick,0,0,0,1000,40000,1000,0,1000000,0,0,1000000000,1000000000,1000000000,,,0,,,,,38000,6000,38000,38,2000000000000,1261144,armed,306000,blocked,38000,6000,38000,38,3000000000000,1261144,armed,307000,blocked,dcqcn
307000,1,1,428,1,1,tick,0,0,0,1000,40000,1000,0,1000000,0,0,1000000000,1000000000,1000000000,,,0,,,,,38000,6000,38000,38,3000000000000,1261144,armed,307000,blocked,38000,6000,38000,38,4000000000000,1261144,armed,308000,blocked,dcqcn
307000,1,2,428,2,2,tick,0,0,0,1000,40000,1000,0,1000000,0,0,1000000000,1000000000,1000000000,,,0,,,,,38000,6000,38000,38,3000000000000,1261144,armed,307000,blocked,38000,6000,38000,38,4000000000000,1261144,armed,308000,blocked,dcqcn
308000,1,1,429,1,1,tick,0,0,0,1000,40000,1000,0,1000000,0,0,1000000000,1000000000,1000000000,,,0,,,,,38000,6000,38000,38,4000000000000,1261144,armed,308000,blocked,38000,6000,38000,38,5000000000000,1261144,armed,309000,blocked,dcqcn
308000,1,2,429,2,2,tick,0,0,0,1000,40000,1000,0,1000000,0,0,1000000000,1000000000,1000000000,,,0,,,,,38000,6000,38000,38,4000000000000,1261144,armed,308000,blocked,38000,6000,38000,38,5000000000000,1261144,armed,309000,blocked,dcqcn
309000,1,1,430,1,1,tick,0,0,0,1000,40000,1000,0,1000000,0,0,1000000000,1000000000,1000000000,,,0,,,,,38000,6000,38000,38,5000000000000,1261144,armed,309000,blocked,38000,6000,38000,38,6000000000000,1261144,armed,310000,blocked,dcqcn
309000,1,2,430,2,2,tick,0,0,0,1000,40000,1000,0,1000000,0,0,1000000000,1000000000,1000000000,,,0,,,,,38000,6000,38000,38,5000000000000,1261144,armed,309000,blocked,38000,6000,38000,38,6000000000000,1261144,armed,310000,blocked,dcqcn
310000,1,1,431,1,1,tick,0,0,0,1000,40000,1000,0,1000000,0,0,1000000000,1000000000,1000000000,,,0,,,,,38000,6000,38000,38,6000000000000,1261144,armed,310000,blocked,38000,6000,38000,38,7000000000000,1261144,armed,311000,scheduled,dcqcn
310000,1,2,431,2,2,tick,0,0,0,1000,40000,1000,0,1000000,0,0,1000000000,1000000000,1000000000,,,0,,,,,38000,6000,38000,38,6000000000000,1261144,armed,310000,blocked,38000,6000,38000,38,7000000000000,1261144,armed,311000,scheduled,dcqcn
310168,0,6,20,1,1,ack,0,0,0,1000,40000,1000,0,1000000,0,0,1000000000,1000000000,,7000,1,0,,,,,38000,6000,38000,38,7000000000000,1261144,armed,311000,scheduled,38000,7000,38000,38,7000000000000,1310168,armed,311000,scheduled,dcqcn
310168,0,9,20,2,2,ack,0,0,0,1000,40000,1000,0,1000000,0,0,1000000000,1000000000,,7000,1,0,,,,,38000,6000,38000,38,7000000000000,1261144,armed,311000,scheduled,38000,7000,38000,38,7000000000000,1310168,armed,311000,scheduled,dcqcn
311000,1,1,432,1,1,tick,0,0,0,1000,40000,1000,0,1000000,0,0,1000000000,1000000000,1000000000,,,1,38000,1000,0,547,38000,7000,38000,38,7000000000000,1310168,armed,311000,scheduled,39000,7000,39000,39,0,1310168,armed,312000,blocked,dcqcn
311000,1,2,432,2,2,tick,0,0,0,1000,40000,1000,0,1000000,0,0,1000000000,1000000000,1000000000,,,1,38000,1000,0,548,38000,7000,38000,38,7000000000000,1310168,armed,311000,scheduled,39000,7000,39000,39,0,1310168,armed,312000,blocked,dcqcn
312000,1,0,250,0,0,tick,0,0,0,1000,40000,8000,0,1000000,0,0,1000000000,1000000000,1000000000,,,1,39000,1000,0,1036,39000,6000,39000,39,0,1293144,armed,312000,scheduled,40000,6000,40000,40,0,1293144,parked,,blocked,none
312000,1,1,434,1,1,tick,0,0,0,1000,40000,1000,0,1000000,0,0,1000000000,1000000000,1000000000,,,0,,,,,39000,7000,39000,39,0,1310168,armed,312000,blocked,39000,7000,39000,39,1000000000000,1310168,armed,313000,blocked,dcqcn
312000,1,2,434,2,2,tick,0,0,0,1000,40000,1000,0,1000000,0,0,1000000000,1000000000,1000000000,,,0,,,,,39000,7000,39000,39,0,1310168,armed,312000,blocked,39000,7000,39000,39,1000000000000,1310168,armed,313000,blocked,dcqcn
312000,1,3,250,3,3,tick,0,0,0,1000,40000,8000,0,1000000,0,0,1000000000,1000000000,1000000000,,,1,39000,1000,0,1039,39000,6000,39000,39,0,1293144,armed,312000,scheduled,40000,6000,40000,40,0,1293144,parked,,blocked,none
313000,1,1,438,1,1,tick,0,0,0,1000,40000,1000,0,1000000,0,0,1000000000,1000000000,1000000000,,,0,,,,,39000,7000,39000,39,1000000000000,1310168,armed,313000,blocked,39000,7000,39000,39,2000000000000,1310168,armed,314000,blocked,dcqcn
313000,1,2,438,2,2,tick,0,0,0,1000,40000,1000,0,1000000,0,0,1000000000,1000000000,1000000000,,,0,,,,,39000,7000,39000,39,1000000000000,1310168,armed,313000,blocked,39000,7000,39000,39,2000000000000,1310168,armed,314000,blocked,dcqcn
314000,1,1,439,1,1,tick,0,0,0,1000,40000,1000,0,1000000,0,0,1000000000,1000000000,1000000000,,,0,,,,,39000,7000,39000,39,2000000000000,1310168,armed,314000,blocked,39000,7000,39000,39,3000000000000,1310168,armed,315000,blocked,dcqcn
314000,1,2,439,2,2,tick,0,0,0,1000,40000,1000,0,1000000,0,0,1000000000,1000000000,1000000000,,,0,,,,,39000,7000,39000,39,2000000000000,1310168,armed,314000,blocked,39000,7000,39000,39,3000000000000,1310168,armed,315000,blocked,dcqcn
315000,1,1,440,1,1,tick,0,0,0,1000,40000,1000,0,1000000,0,0,1000000000,1000000000,507766842,,,0,,,,,39000,7000,39000,39,3000000000000,1310168,armed,315000,blocked,39000,7000,39000,39,3507766842000,1310168,armed,316000,blocked,dcqcn
315000,1,2,440,2,2,tick,0,0,0,1000,40000,1000,0,1000000,0,0,1000000000,1000000000,507766842,,,0,,,,,39000,7000,39000,39,3000000000000,1310168,armed,315000,blocked,39000,7000,39000,39,3507766842000,1310168,armed,316000,blocked,dcqcn
316000,1,1,441,1,1,tick,0,0,0,1000,40000,1000,0,1000000,0,0,1000000000,1000000000,507766842,,,0,,,,,39000,7000,39000,39,3507766842000,1310168,armed,316000,blocked,39000,7000,39000,39,4015533684000,1310168,armed,317000,blocked,dcqcn
316000,1,2,441,2,2,tick,0,0,0,1000,40000,1000,0,1000000,0,0,1000000000,1000000000,507766842,,,0,,,,,39000,7000,39000,39,3507766842000,1310168,armed,316000,blocked,39000,7000,39000,39,4015533684000,1310168,armed,317000,blocked,dcqcn
317000,1,1,442,1,1,tick,0,0,0,1000,40000,1000,0,1000000,0,0,1000000000,1000000000,507766842,,,0,,,,,39000,7000,39000,39,4015533684000,1310168,armed,317000,blocked,39000,7000,39000,39,4523300526000,1310168,armed,318000,blocked,dcqcn
317000,1,2,442,2,2,tick,0,0,0,1000,40000,1000,0,1000000,0,0,1000000000,1000000000,507766842,,,0,,,,,39000,7000,39000,39,4015533684000,1310168,armed,317000,blocked,39000,7000,39000,39,4523300526000,1310168,armed,318000,blocked,dcqcn
318000,1,1,443,1,1,tick,0,0,0,1000,40000,1000,0,1000000,0,0,1000000000,1000000000,507766842,,,0,,,,,39000,7000,39000,39,4523300526000,1310168,armed,318000,blocked,39000,7000,39000,39,5031067368000,1310168,armed,319000,blocked,dcqcn
318000,1,2,443,2,2,tick,0,0,0,1000,40000,1000,0,1000000,0,0,1000000000,1000000000,507766842,,,0,,,,,39000,7000,39000,39,4523300526000,1310168,armed,318000,blocked,39000,7000,39000,39,5031067368000,1310168,armed,319000,blocked,dcqcn
319000,1,1,444,1,1,tick,0,0,0,1000,40000,1000,0,1000000,0,0,1000000000,1000000000,507766842,,,0,,,,,39000,7000,39000,39,5031067368000,1310168,armed,319000,blocked,39000,7000,39000,39,5538834210000,1310168,armed,320000,blocked,dcqcn
319000,1,2,444,2,2,tick,0,0,0,1000,40000,1000,0,1000000,0,0,1000000000,1000000000,507766842,,,0,,,,,39000,7000,39000,39,5031067368000,1310168,armed,319000,blocked,39000,7000,39000,39,5538834210000,1310168,armed,320000,blocked,dcqcn
320000,1,1,445,1,1,tick,0,0,0,1000,40000,1000,0,1000000,0,0,1000000000,1000000000,507766842,,,0,,,,,39000,7000,39000,39,5538834210000,1310168,armed,320000,blocked,39000,7000,39000,39,6046601052000,1310168,armed,321000,blocked,dcqcn
320000,1,2,445,2,2,tick,0,0,0,1000,40000,1000,0,1000000,0,0,1000000000,1000000000,507766842,,,0,,,,,39000,7000,39000,39,5538834210000,1310168,armed,320000,blocked,39000,7000,39000,39,6046601052000,1310168,armed,321000,blocked,dcqcn
321000,1,1,446,1,1,tick,0,0,0,1000,40000,1000,0,1000000,0,0,1000000000,1000000000,507766842,,,0,,,,,39000,7000,39000,39,6046601052000,1310168,armed,321000,blocked,39000,7000,39000,39,6554367894000,1310168,armed,322000,blocked,dcqcn
321000,1,2,446,2,2,tick,0,0,0,1000,40000,1000,0,1000000,0,0,1000000000,1000000000,507766842,,,0,,,,,39000,7000,39000,39,6046601052000,1310168,armed,321000,blocked,39000,7000,39000,39,6554367894000,1310168,armed,322000,blocked,dcqcn
322000,1,1,447,1,1,tick,0,0,0,1000,40000,1000,0,1000000,0,0,1000000000,1000000000,507766842,,,0,,,,,39000,7000,39000,39,6554367894000,1310168,armed,322000,blocked,39000,7000,39000,39,7062134736000,1310168,armed,323000,blocked,dcqcn
322000,1,2,447,2,2,tick,0,0,0,1000,40000,1000,0,1000000,0,0,1000000000,1000000000,507766842,,,0,,,,,39000,7000,39000,39,6554367894000,1310168,armed,322000,blocked,39000,7000,39000,39,7062134736000,1310168,armed,323000,blocked,dcqcn
323000,1,1,448,1,1,tick,0,0,0,1000,40000,1000,0,1000000,0,0,1000000000,1000000000,507766842,,,0,,,,,39000,7000,39000,39,7062134736000,1310168,armed,323000,blocked,39000,7000,39000,39,7569901578000,1310168,armed,324000,scheduled,dcqcn
323000,1,2,448,2,2,tick,0,0,0,1000,40000,1000,0,1000000,0,0,1000000000,1000000000,507766842,,,0,,,,,39000,7000,39000,39,7062134736000,1310168,armed,323000,blocked,39000,7000,39000,39,7569901578000,1310168,armed,324000,scheduled,dcqcn
324000,1,1,449,1,1,tick,0,0,0,1000,40000,1000,0,1000000,0,0,1000000000,1000000000,507766842,,,1,39000,1000,0,561,39000,7000,39000,39,7569901578000,1310168,armed,324000,scheduled,40000,7000,40000,40,77668420000,1310168,parked,,blocked,dcqcn
324000,1,2,449,2,2,tick,0,0,0,1000,40000,1000,0,1000000,0,0,1000000000,1000000000,507766842,,,1,39000,1000,0,562,39000,7000,39000,39,7569901578000,1310168,armed,324000,scheduled,40000,7000,40000,40,77668420000,1310168,parked,,blocked,dcqcn
350168,0,4,137,0,0,ack,0,0,0,1000,40000,8000,0,1000000,0,0,1000000000,1000000000,,7000,1,0,,,,,40000,6000,40000,40,0,1293144,parked,,blocked,40000,7000,40000,40,0,1350168,parked,,blocked,none
350168,0,12,137,3,3,ack,0,0,0,1000,40000,8000,0,1000000,0,0,1000000000,1000000000,,7000,0,0,,,,,40000,6000,40000,40,0,1293144,parked,,blocked,40000,7000,40000,40,0,1350168,parked,,blocked,none
351192,0,6,23,1,1,ack,0,0,0,1000,40000,1000,0,1000000,0,0,1000000000,1000000000,,8000,1,0,,,,,40000,7000,40000,40,77668420000,1310168,parked,,blocked,40000,8000,40000,40,77668420000,1351192,parked,,blocked,dcqcn
351192,0,9,23,2,2,ack,0,0,0,1000,40000,1000,0,1000000,0,0,1000000000,1000000000,,8000,0,0,,,,,40000,7000,40000,40,77668420000,1310168,parked,,blocked,40000,8000,40000,40,77668420000,1351192,parked,,blocked,dcqcn
383192,0,4,152,0,0,ack,0,0,0,1000,40000,8000,0,1000000,0,0,1000000000,1000000000,,8000,1,0,,,,,40000,7000,40000,40,0,1350168,parked,,blocked,40000,8000,40000,40,0,1383192,parked,,blocked,none
383192,0,12,152,3,3,ack,0,0,0,1000,40000,8000,0,1000000,0,0,1000000000,1000000000,,8000,0,0,,,,,40000,7000,40000,40,0,1350168,parked,,blocked,40000,8000,40000,40,0,1383192,parked,,blocked,none
384216,0,6,26,1,1,ack,0,0,0,1000,40000,1000,0,1000000,0,0,1000000000,1000000000,,9000,0,0,,,,,40000,8000,40000,40,77668420000,1351192,parked,,blocked,40000,9000,40000,40,77668420000,1384216,parked,,blocked,dcqcn
384216,0,9,26,2,2,ack,0,0,0,1000,40000,1000,0,1000000,0,0,1000000000,1000000000,,9000,1,0,,,,,40000,8000,40000,40,77668420000,1351192,parked,,blocked,40000,9000,40000,40,77668420000,1384216,parked,,blocked,dcqcn
416216,0,4,167,0,0,ack,0,0,0,1000,40000,8000,0,1000000,0,0,1000000000,1000000000,,9000,1,0,,,,,40000,8000,40000,40,0,1383192,parked,,blocked,40000,9000,40000,40,0,1416216,parked,,blocked,none
416216,0,12,167,3,3,ack,0,0,0,1000,40000,8000,0,1000000,0,0,1000000000,1000000000,,9000,0,0,,,,,40000,8000,40000,40,0,1383192,parked,,blocked,40000,9000,40000,40,0,1416216,parked,,blocked,none
417240,0,6,29,1,1,ack,0,0,0,1000,40000,1000,0,1000000,0,0,1000000000,1000000000,,10000,1,0,,,,,40000,9000,40000,40,77668420000,1384216,parked,,blocked,40000,10000,40000,40,77668420000,1417240,parked,,blocked,dcqcn
417240,0,9,29,2,2,ack,0,0,0,1000,40000,1000,0,1000000,0,0,1000000000,1000000000,,10000,1,0,,,,,40000,9000,40000,40,77668420000,1384216,parked,,blocked,40000,10000,40000,40,77668420000,1417240,parked,,blocked,dcqcn
449240,0,4,182,0,0,ack,0,0,0,1000,40000,8000,0,1000000,0,0,1000000000,1000000000,,10000,0,0,,,,,40000,9000,40000,40,0,1416216,parked,,blocked,40000,10000,40000,40,0,1449240,parked,,blocked,none
449240,0,12,182,3,3,ack,0,0,0,1000,40000,8000,0,1000000,0,0,1000000000,1000000000,,10000,1,0,,,,,40000,9000,40000,40,0,1416216,parked,,blocked,40000,10000,40000,40,0,1449240,parked,,blocked,none
450264,0,6,32,1,1,ack,0,0,0,1000,40000,1000,0,1000000,0,0,1000000000,1000000000,,11000,1,0,,,,,40000,10000,40000,40,77668420000,1417240,parked,,blocked,40000,11000,40000,40,77668420000,1450264,parked,,blocked,dcqcn
450264,0,9,32,2,2,ack,0,0,0,1000,40000,1000,0,1000000,0,0,1000000000,1000000000,,11000,1,0,,,,,40000,10000,40000,40,77668420000,1417240,parked,,blocked,40000,11000,40000,40,77668420000,1450264,parked,,blocked,dcqcn
482264,0,4,197,0,0,ack,0,0,0,1000,40000,8000,0,1000000,0,0,1000000000,1000000000,,11000,1,0,,,,,40000,10000,40000,40,0,1449240,parked,,blocked,40000,11000,40000,40,0,1482264,parked,,blocked,none
482264,0,12,197,3,3,ack,0,0,0,1000,40000,8000,0,1000000,0,0,1000000000,1000000000,,11000,1,0,,,,,40000,10000,40000,40,0,1449240,parked,,blocked,40000,11000,40000,40,0,1482264,parked,,blocked,none
483288,0,6,35,1,1,ack,0,0,0,1000,40000,1000,0,1000000,0,0,1000000000,1000000000,,12000,1,0,,,,,40000,11000,40000,40,77668420000,1450264,parked,,blocked,40000,12000,40000,40,77668420000,1483288,parked,,blocked,dcqcn
483288,0,9,35,2,2,ack,0,0,0,1000,40000,1000,0,1000000,0,0,1000000000,1000000000,,12000,1,0,,,,,40000,11000,40000,40,77668420000,1450264,parked,,blocked,40000,12000,40000,40,77668420000,1483288,parked,,blocked,dcqcn
515288,0,4,212,0,0,ack,0,0,0,1000,40000,8000,0,1000000,0,0,1000000000,1000000000,,12000,1,0,,,,,40000,11000,40000,40,0,1482264,parked,,blocked,40000,12000,40000,40,0,1515288,parked,,blocked,none
515288,0,12,212,3,3,ack,0,0,0,1000,40000,8000,0,1000000,0,0,1000000000,1000000000,,12000,1,0,,,,,40000,11000,40000,40,0,1482264,parked,,blocked,40000,12000,40000,40,0,1515288,parked,,blocked,none
516312,0,6,38,1,1,ack,0,0,0,1000,40000,1000,0,1000000,0,0,1000000000,1000000000,,13000,1,0,,,,,40000,12000,40000,40,77668420000,1483288,parked,,blocked,40000,13000,40000,40,77668420000,1516312,parked,,blocked,dcqcn
516312,0,9,38,2,2,ack,0,0,0,1000,40000,1000,0,1000000,0,0,1000000000,1000000000,,13000,1,0,,,,,40000,12000,40000,40,77668420000,1483288,parked,,blocked,40000,13000,40000,40,77668420000,1516312,parked,,blocked,dcqcn
548312,0,4,227,0,0,ack,0,0,0,1000,40000,8000,0,1000000,0,0,1000000000,1000000000,,13000,1,0,,,,,40000,12000,40000,40,0,1515288,parked,,blocked,40000,13000,40000,40,0,1548312,parked,,blocked,none
548312,0,12,227,3,3,ack,0,0,0,1000,40000,8000,0,1000000,0,0,1000000000,1000000000,,13000,1,0,,,,,40000,12000,40000,40,0,1515288,parked,,blocked,40000,13000,40000,40,0,1548312,parked,,blocked,none
549336,0,6,41,1,1,ack,0,0,0,1000,40000,1000,0,1000000,0,0,1000000000,1000000000,,14000,1,0,,,,,40000,13000,40000,40,77668420000,1516312,parked,,blocked,40000,14000,40000,40,77668420000,1549336,parked,,blocked,dcqcn
549336,0,9,41,2,2,ack,0,0,0,1000,40000,1000,0,1000000,0,0,1000000000,1000000000,,14000,1,0,,,,,40000,13000,40000,40,77668420000,1516312,parked,,blocked,40000,14000,40000,40,77668420000,1549336,parked,,blocked,dcqcn
581336,0,4,242,0,0,ack,0,0,0,1000,40000,8000,0,1000000,0,0,1000000000,1000000000,,14000,1,0,,,,,40000,13000,40000,40,0,1548312,parked,,blocked,40000,14000,40000,40,0,1581336,parked,,blocked,none
581336,0,12,242,3,3,ack,0,0,0,1000,40000,8000,0,1000000,0,0,1000000000,1000000000,,14000,1,0,,,,,40000,13000,40000,40,0,1548312,parked,,blocked,40000,14000,40000,40,0,1581336,parked,,blocked,none
582360,0,6,44,1,1,ack,0,0,0,1000,40000,1000,0,1000000,0,0,1000000000,1000000000,,15000,1,0,,,,,40000,14000,40000,40,77668420000,1549336,parked,,blocked,40000,15000,40000,40,77668420000,1582360,parked,,blocked,dcqcn
582360,0,9,44,2,2,ack,0,0,0,1000,40000,1000,0,1000000,0,0,1000000000,1000000000,,15000,1,0,,,,,40000,14000,40000,40,77668420000,1549336,parked,,blocked,40000,15000,40000,40,77668420000,1582360,parked,,blocked,dcqcn
622360,0,4,260,0,0,ack,0,0,0,1000,40000,8000,0,1000000,0,0,1000000000,1000000000,,15000,1,0,,,,,40000,14000,40000,40,0,1581336,parked,,blocked,40000,15000,40000,40,0,1622360,parked,,blocked,none
622360,0,12,260,3,3,ack,0,0,0,1000,40000,8000,0,1000000,0,0,1000000000,1000000000,,15000,1,0,,,,,40000,14000,40000,40,0,1581336,parked,,blocked,40000,15000,40000,40,0,1622360,parked,,blocked,none
623384,0,6,47,1,1,ack,0,0,0,1000,40000,1000,0,1000000,0,0,1000000000,1000000000,,16000,1,0,,,,,40000,15000,40000,40,77668420000,1582360,parked,,blocked,40000,16000,40000,40,77668420000,1623384,parked,,blocked,dcqcn
623384,0,9,47,2,2,ack,0,0,0,1000,40000,1000,0,1000000,0,0,1000000000,1000000000,,16000,1,0,,,,,40000,15000,40000,40,77668420000,1582360,parked,,blocked,40000,16000,40000,40,77668420000,1623384,parked,,blocked,dcqcn
648408,0,6,50,1,1,ack,0,0,0,1000,40000,1000,0,1000000,0,0,1000000000,1000000000,,17000,1,0,,,,,40000,16000,40000,40,77668420000,1623384,parked,,blocked,40000,17000,40000,40,77668420000,1648408,parked,,blocked,dcqcn
648408,0,9,50,2,2,ack,0,0,0,1000,40000,1000,0,1000000,0,0,1000000000,1000000000,,17000,1,0,,,,,40000,16000,40000,40,77668420000,1623384,parked,,blocked,40000,17000,40000,40,77668420000,1648408,parked,,blocked,dcqcn
655384,0,4,275,0,0,ack,0,0,0,1000,40000,8000,0,1000000,0,0,1000000000,1000000000,,16000,1,0,,,,,40000,15000,40000,40,0,1622360,parked,,blocked,40000,16000,40000,40,0,1655384,parked,,blocked,none
655384,0,12,275,3,3,ack,0,0,0,1000,40000,8000,0,1000000,0,0,1000000000,1000000000,,16000,1,0,,,,,40000,15000,40000,40,0,1622360,parked,,blocked,40000,16000,40000,40,0,1655384,parked,,blocked,none
673432,0,6,53,1,1,ack,0,0,0,1000,40000,1000,0,1000000,0,0,1000000000,1000000000,,18000,1,0,,,,,40000,17000,40000,40,77668420000,1648408,parked,,blocked,40000,18000,40000,40,77668420000,1673432,parked,,blocked,dcqcn
673432,0,9,53,2,2,ack,0,0,0,1000,40000,1000,0,1000000,0,0,1000000000,1000000000,,18000,1,0,,,,,40000,17000,40000,40,77668420000,1648408,parked,,blocked,40000,18000,40000,40,77668420000,1673432,parked,,blocked,dcqcn
674456,0,6,56,1,1,ack,0,0,0,1000,40000,1000,0,1000000,0,0,1000000000,1000000000,,19000,1,0,,,,,40000,18000,40000,40,77668420000,1673432,parked,,blocked,40000,19000,40000,40,77668420000,1674456,parked,,blocked,dcqcn
674456,0,9,56,2,2,ack,0,0,0,1000,40000,1000,0,1000000,0,0,1000000000,1000000000,,19000,1,0,,,,,40000,18000,40000,40,77668420000,1673432,parked,,blocked,40000,19000,40000,40,77668420000,1674456,parked,,blocked,dcqcn
675480,0,6,59,1,1,ack,0,0,0,1000,40000,1000,0,1000000,0,0,1000000000,1000000000,,20000,1,0,,,,,40000,19000,40000,40,77668420000,1674456,parked,,blocked,40000,20000,40000,40,77668420000,1675480,parked,,blocked,dcqcn
675480,0,9,59,2,2,ack,0,0,0,1000,40000,1000,0,1000000,0,0,1000000000,1000000000,,20000,1,0,,,,,40000,19000,40000,40,77668420000,1674456,parked,,blocked,40000,20000,40000,40,77668420000,1675480,parked,,blocked,dcqcn
675992,0,6,62,1,1,ack,0,0,0,1000,40000,1000,0,1000000,0,0,1000000000,1000000000,,21000,1,0,,,,,40000,20000,40000,40,77668420000,1675480,parked,,blocked,40000,21000,40000,40,77668420000,1675992,parked,,blocked,dcqcn
675992,0,9,62,2,2,ack,0,0,0,1000,40000,1000,0,1000000,0,0,1000000000,1000000000,,21000,1,0,,,,,40000,20000,40000,40,77668420000,1675480,parked,,blocked,40000,21000,40000,40,77668420000,1675992,parked,,blocked,dcqcn
677016,0,6,65,1,1,ack,0,0,0,1000,40000,1000,0,1000000,0,0,1000000000,1000000000,,22000,1,0,,,,,40000,21000,40000,40,77668420000,1675992,parked,,blocked,40000,22000,40000,40,77668420000,1677016,parked,,blocked,dcqcn
677016,0,9,65,2,2,ack,0,0,0,1000,40000,1000,0,1000000,0,0,1000000000,1000000000,,22000,1,0,,,,,40000,21000,40000,40,77668420000,1675992,parked,,blocked,40000,22000,40000,40,77668420000,1677016,parked,,blocked,dcqcn
678040,0,6,68,1,1,ack,0,0,0,1000,40000,1000,0,1000000,0,0,1000000000,1000000000,,23000,1,0,,,,,40000,22000,40000,40,77668420000,1677016,parked,,blocked,40000,23000,40000,40,77668420000,1678040,parked,,blocked,dcqcn
678040,0,9,68,2,2,ack,0,0,0,1000,40000,1000,0,1000000,0,0,1000000000,1000000000,,23000,1,0,,,,,40000,22000,40000,40,77668420000,1677016,parked,,blocked,40000,23000,40000,40,77668420000,1678040,parked,,blocked,dcqcn
679064,0,6,71,1,1,ack,0,0,0,1000,40000,1000,0,1000000,0,0,1000000000,1000000000,,24000,1,0,,,,,40000,23000,40000,40,77668420000,1678040,parked,,blocked,40000,24000,40000,40,77668420000,1679064,parked,,blocked,dcqcn
679064,0,9,71,2,2,ack,0,0,0,1000,40000,1000,0,1000000,0,0,1000000000,1000000000,,24000,1,0,,,,,40000,23000,40000,40,77668420000,1678040,parked,,blocked,40000,24000,40000,40,77668420000,1679064,parked,,blocked,dcqcn
680088,0,6,74,1,1,ack,0,0,0,1000,40000,1000,0,1000000,0,0,1000000000,1000000000,,25000,1,0,,,,,40000,24000,40000,40,77668420000,1679064,parked,,blocked,40000,25000,40000,40,77668420000,1680088,parked,,blocked,dcqcn
680088,0,9,74,2,2,ack,0,0,0,1000,40000,1000,0,1000000,0,0,1000000000,1000000000,,25000,1,0,,,,,40000,24000,40000,40,77668420000,1679064,parked,,blocked,40000,25000,40000,40,77668420000,1680088,parked,,blocked,dcqcn
680408,0,4,287,0,0,ack,0,0,0,1000,40000,8000,0,1000000,0,0,1000000000,1000000000,,17000,1,0,,,,,40000,16000,40000,40,0,1655384,parked,,blocked,40000,17000,40000,40,0,1680408,parked,,blocked,none
680408,0,12,287,3,3,ack,0,0,0,1000,40000,8000,0,1000000,0,0,1000000000,1000000000,,17000,1,0,,,,,40000,16000,40000,40,0,1655384,parked,,blocked,40000,17000,40000,40,0,1680408,parked,,blocked,none
681112,0,6,77,1,1,ack,0,0,0,1000,40000,1000,0,1000000,0,0,1000000000,1000000000,,26000,1,0,,,,,40000,25000,40000,40,77668420000,1680088,parked,,blocked,40000,26000,40000,40,77668420000,1681112,parked,,blocked,dcqcn
681112,0,9,77,2,2,ack,0,0,0,1000,40000,1000,0,1000000,0,0,1000000000,1000000000,,26000,1,0,,,,,40000,25000,40000,40,77668420000,1680088,parked,,blocked,40000,26000,40000,40,77668420000,1681112,parked,,blocked,dcqcn
682136,0,6,80,1,1,ack,0,0,0,1000,40000,1000,0,1000000,0,0,1000000000,1000000000,,27000,1,0,,,,,40000,26000,40000,40,77668420000,1681112,parked,,blocked,40000,27000,40000,40,77668420000,1682136,parked,,blocked,dcqcn
682136,0,9,80,2,2,ack,0,0,0,1000,40000,1000,0,1000000,0,0,1000000000,1000000000,,27000,1,0,,,,,40000,26000,40000,40,77668420000,1681112,parked,,blocked,40000,27000,40000,40,77668420000,1682136,parked,,blocked,dcqcn
683160,0,6,83,1,1,ack,0,0,0,1000,40000,1000,0,1000000,0,0,1000000000,1000000000,,28000,1,0,,,,,40000,27000,40000,40,77668420000,1682136,parked,,blocked,40000,28000,40000,40,77668420000,1683160,parked,,blocked,dcqcn
683160,0,9,83,2,2,ack,0,0,0,1000,40000,1000,0,1000000,0,0,1000000000,1000000000,,28000,1,0,,,,,40000,27000,40000,40,77668420000,1682136,parked,,blocked,40000,28000,40000,40,77668420000,1683160,parked,,blocked,dcqcn
684184,0,6,86,1,1,ack,0,0,0,1000,40000,1000,0,1000000,0,0,1000000000,1000000000,,29000,1,0,,,,,40000,28000,40000,40,77668420000,1683160,parked,,blocked,40000,29000,40000,40,77668420000,1684184,parked,,blocked,dcqcn
684184,0,9,86,2,2,ack,0,0,0,1000,40000,1000,0,1000000,0,0,1000000000,1000000000,,29000,1,0,,,,,40000,28000,40000,40,77668420000,1683160,parked,,blocked,40000,29000,40000,40,77668420000,1684184,parked,,blocked,dcqcn
685208,0,6,89,1,1,ack,0,0,0,1000,40000,1000,0,1000000,0,0,1000000000,1000000000,,30000,1,0,,,,,40000,29000,40000,40,77668420000,1684184,parked,,blocked,40000,30000,40000,40,77668420000,1685208,parked,,blocked,dcqcn
685208,0,9,89,2,2,ack,0,0,0,1000,40000,1000,0,1000000,0,0,1000000000,1000000000,,30000,1,0,,,,,40000,29000,40000,40,77668420000,1684184,parked,,blocked,40000,30000,40000,40,77668420000,1685208,parked,,blocked,dcqcn
686232,0,6,92,1,1,ack,0,0,0,1000,40000,1000,0,1000000,0,0,1000000000,1000000000,,31000,1,0,,,,,40000,30000,40000,40,77668420000,1685208,parked,,blocked,40000,31000,40000,40,77668420000,1686232,parked,,blocked,dcqcn
686232,0,9,92,2,2,ack,0,0,0,1000,40000,1000,0,1000000,0,0,1000000000,1000000000,,31000,1,0,,,,,40000,30000,40000,40,77668420000,1685208,parked,,blocked,40000,31000,40000,40,77668420000,1686232,parked,,blocked,dcqcn
687256,0,6,95,1,1,ack,0,0,0,1000,40000,1000,0,1000000,0,0,1000000000,1000000000,,32000,1,0,,,,,40000,31000,40000,40,77668420000,1686232,parked,,blocked,40000,32000,40000,40,77668420000,1687256,parked,,blocked,dcqcn
687256,0,9,95,2,2,ack,0,0,0,1000,40000,1000,0,1000000,0,0,1000000000,1000000000,,32000,1,0,,,,,40000,31000,40000,40,77668420000,1686232,parked,,blocked,40000,32000,40000,40,77668420000,1687256,parked,,blocked,dcqcn
688280,0,6,98,1,1,ack,0,0,0,1000,40000,1000,0,1000000,0,0,1000000000,1000000000,,33000,1,0,,,,,40000,32000,40000,40,77668420000,1687256,parked,,blocked,40000,33000,40000,40,77668420000,1688280,parked,,blocked,dcqcn
688280,0,9,98,2,2,ack,0,0,0,1000,40000,1000,0,1000000,0,0,1000000000,1000000000,,33000,1,0,,,,,40000,32000,40000,40,77668420000,1687256,parked,,blocked,40000,33000,40000,40,77668420000,1688280,parked,,blocked,dcqcn
688920,0,4,293,0,0,ack,0,0,0,1000,40000,8000,0,1000000,0,0,1000000000,1000000000,,18000,1,0,,,,,40000,17000,40000,40,0,1680408,parked,,blocked,40000,18000,40000,40,0,1688920,parked,,blocked,none
688920,0,12,293,3,3,ack,0,0,0,1000,40000,8000,0,1000000,0,0,1000000000,1000000000,,18000,1,0,,,,,40000,17000,40000,40,0,1680408,parked,,blocked,40000,18000,40000,40,0,1688920,parked,,blocked,none
689304,0,6,101,1,1,ack,0,0,0,1000,40000,1000,0,1000000,0,0,1000000000,1000000000,,34000,1,0,,,,,40000,33000,40000,40,77668420000,1688280,parked,,blocked,40000,34000,40000,40,77668420000,1689304,parked,,blocked,dcqcn
689304,0,9,101,2,2,ack,0,0,0,1000,40000,1000,0,1000000,0,0,1000000000,1000000000,,34000,1,0,,,,,40000,33000,40000,40,77668420000,1688280,parked,,blocked,40000,34000,40000,40,77668420000,1689304,parked,,blocked,dcqcn
689432,0,4,296,0,0,ack,0,0,0,1000,40000,8000,0,1000000,0,0,1000000000,1000000000,,19000,1,0,,,,,40000,18000,40000,40,0,1688920,parked,,blocked,40000,19000,40000,40,0,1689432,parked,,blocked,none
689432,0,12,296,3,3,ack,0,0,0,1000,40000,8000,0,1000000,0,0,1000000000,1000000000,,19000,1,0,,,,,40000,18000,40000,40,0,1688920,parked,,blocked,40000,19000,40000,40,0,1689432,parked,,blocked,none
689944,0,4,299,0,0,ack,0,0,0,1000,40000,8000,0,1000000,0,0,1000000000,1000000000,,20000,1,0,,,,,40000,19000,40000,40,0,1689432,parked,,blocked,40000,20000,40000,40,0,1689944,parked,,blocked,none
689944,0,12,299,3,3,ack,0,0,0,1000,40000,8000,0,1000000,0,0,1000000000,1000000000,,20000,1,0,,,,,40000,19000,40000,40,0,1689432,parked,,blocked,40000,20000,40000,40,0,1689944,parked,,blocked,none
690328,0,6,104,1,1,ack,0,0,0,1000,40000,1000,0,1000000,0,0,1000000000,1000000000,,35000,1,0,,,,,40000,34000,40000,40,77668420000,1689304,parked,,blocked,40000,35000,40000,40,77668420000,1690328,parked,,blocked,dcqcn
690328,0,9,104,2,2,ack,0,0,0,1000,40000,1000,0,1000000,0,0,1000000000,1000000000,,35000,1,0,,,,,40000,34000,40000,40,77668420000,1689304,parked,,blocked,40000,35000,40000,40,77668420000,1690328,parked,,blocked,dcqcn
690456,0,4,302,0,0,ack,0,0,0,1000,40000,8000,0,1000000,0,0,1000000000,1000000000,,21000,1,0,,,,,40000,20000,40000,40,0,1689944,parked,,blocked,40000,21000,40000,40,0,1690456,parked,,blocked,none
690456,0,12,302,3,3,ack,0,0,0,1000,40000,8000,0,1000000,0,0,1000000000,1000000000,,21000,1,0,,,,,40000,20000,40000,40,0,1689944,parked,,blocked,40000,21000,40000,40,0,1690456,parked,,blocked,none
690968,0,4,305,0,0,ack,0,0,0,1000,40000,8000,0,1000000,0,0,1000000000,1000000000,,22000,1,0,,,,,40000,21000,40000,40,0,1690456,parked,,blocked,40000,22000,40000,40,0,1690968,parked,,blocked,none
690968,0,12,305,3,3,ack,0,0,0,1000,40000,8000,0,1000000,0,0,1000000000,1000000000,,22000,1,0,,,,,40000,21000,40000,40,0,1690456,parked,,blocked,40000,22000,40000,40,0,1690968,parked,,blocked,none
691352,0,6,107,1,1,ack,0,0,0,1000,40000,1000,0,1000000,0,0,1000000000,1000000000,,36000,1,0,,,,,40000,35000,40000,40,77668420000,1690328,parked,,blocked,40000,36000,40000,40,77668420000,1691352,parked,,blocked,dcqcn
691352,0,9,107,2,2,ack,0,0,0,1000,40000,1000,0,1000000,0,0,1000000000,1000000000,,36000,1,0,,,,,40000,35000,40000,40,77668420000,1690328,parked,,blocked,40000,36000,40000,40,77668420000,1691352,parked,,blocked,dcqcn
691480,0,4,308,0,0,ack,0,0,0,1000,40000,8000,0,1000000,0,0,1000000000,1000000000,,23000,1,0,,,,,40000,22000,40000,40,0,1690968,parked,,blocked,40000,23000,40000,40,0,1691480,parked,,blocked,none
691480,0,12,308,3,3,ack,0,0,0,1000,40000,8000,0,1000000,0,0,1000000000,1000000000,,23000,1,0,,,,,40000,22000,40000,40,0,1690968,parked,,blocked,40000,23000,40000,40,0,1691480,parked,,blocked,none
691992,0,4,311,0,0,ack,0,0,0,1000,40000,8000,0,1000000,0,0,1000000000,1000000000,,24000,1,0,,,,,40000,23000,40000,40,0,1691480,parked,,blocked,40000,24000,40000,40,0,1691992,parked,,blocked,none
691992,0,12,311,3,3,ack,0,0,0,1000,40000,8000,0,1000000,0,0,1000000000,1000000000,,24000,1,0,,,,,40000,23000,40000,40,0,1691480,parked,,blocked,40000,24000,40000,40,0,1691992,parked,,blocked,none
692376,0,6,110,1,1,ack,0,0,0,1000,40000,1000,0,1000000,0,0,1000000000,1000000000,,37000,1,0,,,,,40000,36000,40000,40,77668420000,1691352,parked,,blocked,40000,37000,40000,40,77668420000,1692376,parked,,blocked,dcqcn
692376,0,9,110,2,2,ack,0,0,0,1000,40000,1000,0,1000000,0,0,1000000000,1000000000,,37000,1,0,,,,,40000,36000,40000,40,77668420000,1691352,parked,,blocked,40000,37000,40000,40,77668420000,1692376,parked,,blocked,dcqcn
692504,0,4,314,0,0,ack,0,0,0,1000,40000,8000,0,1000000,0,0,1000000000,1000000000,,25000,1,0,,,,,40000,24000,40000,40,0,1691992,parked,,blocked,40000,25000,40000,40,0,1692504,parked,,blocked,none
692504,0,12,314,3,3,ack,0,0,0,1000,40000,8000,0,1000000,0,0,1000000000,1000000000,,25000,1,0,,,,,40000,24000,40000,40,0,1691992,parked,,blocked,40000,25000,40000,40,0,1692504,parked,,blocked,none
692888,0,6,113,1,1,ack,0,0,0,1000,40000,1000,0,1000000,0,0,1000000000,1000000000,,38000,1,0,,,,,40000,37000,40000,40,77668420000,1692376,parked,,blocked,40000,38000,40000,40,77668420000,1692888,parked,,blocked,dcqcn
692888,0,9,113,2,2,ack,0,0,0,1000,40000,1000,0,1000000,0,0,1000000000,1000000000,,38000,1,0,,,,,40000,37000,40000,40,77668420000,1692376,parked,,blocked,40000,38000,40000,40,77668420000,1692888,parked,,blocked,dcqcn
693016,0,4,317,0,0,ack,0,0,0,1000,40000,8000,0,1000000,0,0,1000000000,1000000000,,26000,1,0,,,,,40000,25000,40000,40,0,1692504,parked,,blocked,40000,26000,40000,40,0,1693016,parked,,blocked,none
693016,0,12,317,3,3,ack,0,0,0,1000,40000,8000,0,1000000,0,0,1000000000,1000000000,,26000,1,0,,,,,40000,25000,40000,40,0,1692504,parked,,blocked,40000,26000,40000,40,0,1693016,parked,,blocked,none
693528,0,4,320,0,0,ack,0,0,0,1000,40000,8000,0,1000000,0,0,1000000000,1000000000,,27000,1,0,,,,,40000,26000,40000,40,0,1693016,parked,,blocked,40000,27000,40000,40,0,1693528,parked,,blocked,none
693528,0,12,320,3,3,ack,0,0,0,1000,40000,8000,0,1000000,0,0,1000000000,1000000000,,27000,1,0,,,,,40000,26000,40000,40,0,1693016,parked,,blocked,40000,27000,40000,40,0,1693528,parked,,blocked,none
693912,0,6,116,1,1,ack,0,0,0,1000,40000,1000,0,1000000,0,0,1000000000,1000000000,,39000,1,0,,,,,40000,38000,40000,40,77668420000,1692888,parked,,blocked,40000,39000,40000,40,77668420000,1693912,parked,,blocked,dcqcn
693912,0,9,116,2,2,ack,0,0,0,1000,40000,1000,0,1000000,0,0,1000000000,1000000000,,39000,1,0,,,,,40000,38000,40000,40,77668420000,1692888,parked,,blocked,40000,39000,40000,40,77668420000,1693912,parked,,blocked,dcqcn
694040,0,4,323,0,0,ack,0,0,0,1000,40000,8000,0,1000000,0,0,1000000000,1000000000,,28000,1,0,,,,,40000,27000,40000,40,0,1693528,parked,,blocked,40000,28000,40000,40,0,1694040,parked,,blocked,none
694040,0,12,323,3,3,ack,0,0,0,1000,40000,8000,0,1000000,0,0,1000000000,1000000000,,28000,1,0,,,,,40000,27000,40000,40,0,1693528,parked,,blocked,40000,28000,40000,40,0,1694040,parked,,blocked,none
694552,0,4,326,0,0,ack,0,0,0,1000,40000,8000,0,1000000,0,0,1000000000,1000000000,,29000,1,0,,,,,40000,28000,40000,40,0,1694040,parked,,blocked,40000,29000,40000,40,0,1694552,parked,,blocked,none
694552,0,12,326,3,3,ack,0,0,0,1000,40000,8000,0,1000000,0,0,1000000000,1000000000,,29000,1,0,,,,,40000,28000,40000,40,0,1694040,parked,,blocked,40000,29000,40000,40,0,1694552,parked,,blocked,none
695064,0,4,329,0,0,ack,0,0,0,1000,40000,8000,0,1000000,0,0,1000000000,1000000000,,30000,1,0,,,,,40000,29000,40000,40,0,1694552,parked,,blocked,40000,30000,40000,40,0,1695064,parked,,blocked,none
695064,0,12,329,3,3,ack,0,0,0,1000,40000,8000,0,1000000,0,0,1000000000,1000000000,,30000,1,0,,,,,40000,29000,40000,40,0,1694552,parked,,blocked,40000,30000,40000,40,0,1695064,parked,,blocked,none
695448,0,6,119,1,1,ack,0,0,0,1000,40000,1000,0,1000000,0,0,1000000000,1000000000,,40000,1,0,,,,,40000,39000,40000,40,77668420000,1693912,parked,,blocked,40000,40000,40000,40,77668420000,,parked,,finished,dcqcn
695448,0,9,119,2,2,ack,0,0,0,1000,40000,1000,0,1000000,0,0,1000000000,1000000000,,40000,1,0,,,,,40000,39000,40000,40,77668420000,1693912,parked,,blocked,40000,40000,40000,40,77668420000,,parked,,finished,dcqcn
695576,0,4,332,0,0,ack,0,0,0,1000,40000,8000,0,1000000,0,0,1000000000,1000000000,,31000,1,0,,,,,40000,30000,40000,40,0,1695064,parked,,blocked,40000,31000,40000,40,0,1695576,parked,,blocked,none
695576,0,12,332,3,3,ack,0,0,0,1000,40000,8000,0,1000000,0,0,1000000000,1000000000,,31000,1,0,,,,,40000,30000,40000,40,0,1695064,parked,,blocked,40000,31000,40000,40,0,1695576,parked,,blocked,none
696088,0,4,335,0,0,ack,0,0,0,1000,40000,8000,0,1000000,0,0,1000000000,1000000000,,32000,1,0,,,,,40000,31000,40000,40,0,1695576,parked,,blocked,40000,32000,40000,40,0,1696088,parked,,blocked,none
696088,0,12,335,3,3,ack,0,0,0,1000,40000,8000,0,1000000,0,0,1000000000,1000000000,,32000,1,0,,,,,40000,31000,40000,40,0,1695576,parked,,blocked,40000,32000,40000,40,0,1696088,parked,,blocked,none
696600,0,4,338,0,0,ack,0,0,0,1000,40000,8000,0,1000000,0,0,1000000000,1000000000,,33000,1,0,,,,,40000,32000,40000,40,0,1696088,parked,,blocked,40000,33000,40000,40,0,1696600,parked,,blocked,none
696600,0,12,338,3,3,ack,0,0,0,1000,40000,8000,0,1000000,0,0,1000000000,1000000000,,33000,1,0,,,,,40000,32000,40000,40,0,1696088,parked,,blocked,40000,33000,40000,40,0,1696600,parked,,blocked,none
697112,0,4,341,0,0,ack,0,0,0,1000,40000,8000,0,1000000,0,0,1000000000,1000000000,,34000,1,0,,,,,40000,33000,40000,40,0,1696600,parked,,blocked,40000,34000,40000,40,0,1697112,parked,,blocked,none
697112,0,12,341,3,3,ack,0,0,0,1000,40000,8000,0,1000000,0,0,1000000000,1000000000,,34000,1,0,,,,,40000,33000,40000,40,0,1696600,parked,,blocked,40000,34000,40000,40,0,1697112,parked,,blocked,none
697624,0,4,344,0,0,ack,0,0,0,1000,40000,8000,0,1000000,0,0,1000000000,1000000000,,35000,1,0,,,,,40000,34000,40000,40,0,1697112,parked,,blocked,40000,35000,40000,40,0,1697624,parked,,blocked,none
697624,0,12,344,3,3,ack,0,0,0,1000,40000,8000,0,1000000,0,0,1000000000,1000000000,,35000,1,0,,,,,40000,34000,40000,40,0,1697112,parked,,blocked,40000,35000,40000,40,0,1697624,parked,,blocked,none
698136,0,4,347,0,0,ack,0,0,0,1000,40000,8000,0,1000000,0,0,1000000000,1000000000,,36000,1,0,,,,,40000,35000,40000,40,0,1697624,parked,,blocked,40000,36000,40000,40,0,1698136,parked,,blocked,none
698136,0,12,347,3,3,ack,0,0,0,1000,40000,8000,0,1000000,0,0,1000000000,1000000000,,36000,1,0,,,,,40000,35000,40000,40,0,1697624,parked,,blocked,40000,36000,40000,40,0,1698136,parked,,blocked,none
698648,0,4,350,0,0,ack,0,0,0,1000,40000,8000,0,1000000,0,0,1000000000,1000000000,,37000,1,0,,,,,40000,36000,40000,40,0,1698136,parked,,blocked,40000,37000,40000,40,0,1698648,parked,,blocked,none
698648,0,12,350,3,3,ack,0,0,0,1000,40000,8000,0,1000000,0,0,1000000000,1000000000,,37000,1,0,,,,,40000,36000,40000,40,0,1698136,parked,,blocked,40000,37000,40000,40,0,1698648,parked,,blocked,none
699160,0,4,353,0,0,ack,0,0,0,1000,40000,8000,0,1000000,0,0,1000000000,1000000000,,38000,1,0,,,,,40000,37000,40000,40,0,1698648,parked,,blocked,40000,38000,40000,40,0,1699160,parked,,blocked,none
699160,0,12,353,3,3,ack,0,0,0,1000,40000,8000,0,1000000,0,0,1000000000,1000000000,,38000,1,0,,,,,40000,37000,40000,40,0,1698648,parked,,blocked,40000,38000,40000,40,0,1699160,parked,,blocked,none
699672,0,4,356,0,0,ack,0,0,0,1000,40000,8000,0,1000000,0,0,1000000000,1000000000,,39000,1,0,,,,,40000,38000,40000,40,0,1699160,parked,,blocked,40000,39000,40000,40,0,1699672,parked,,blocked,none
699672,0,12,356,3,3,ack,0,0,0,1000,40000,8000,0,1000000,0,0,1000000000,1000000000,,39000,1,0,,,,,40000,38000,40000,40,0,1699160,parked,,blocked,40000,39000,40000,40,0,1699672,parked,,blocked,none
700184,0,4,359,0,0,ack,0,0,0,1000,40000,8000,0,1000000,0,0,1000000000,1000000000,,40000,1,0,,,,,40000,39000,40000,40,0,1699672,parked,,blocked,40000,40000,40000,40,0,,parked,,finished,none
700184,0,12,359,3,3,ack,0,0,0,1000,40000,8000,0,1000000,0,0,1000000000,1000000000,,40000,1,0,,,,,40000,39000,40000,40,0,1699672,parked,,blocked,40000,40000,40000,40,0,,parked,,finished,none
