time_ns,event_phase,event_origin_node,event_origin_sequence,node_id,flow_id,kind,class_paused,window_blocked,data_class,mtu_bytes,total_bytes,pacing_interval_ns,first_pacing_time_ns,rto_ns,window_bytes,variable_window,maximum_rate_bps,initial_rate_bps,rate_bps,input_acknowledgment,input_ce_echo,emitted,emitted_psn,emitted_bytes,emitted_retransmission,emitted_payload,before_next_psn,before_snd_una,before_bytes_emitted,before_packets_emitted,before_credit_quanta,before_rto_deadline_ns,before_pacer,before_next_tick_ns,before_status,after_next_psn,after_snd_una,after_bytes_emitted,after_packets_emitted,after_credit_quanta,after_rto_deadline_ns,after_pacer,after_next_tick_ns,after_status,congestion_control
0,1,0,0,0,0,tick,0,0,0,1000,40000,8000,0,200000,0,0,1000000000,1000000000,1000000000,,,1,0,1000,0,14,0,0,0,0,0,,armed,0,scheduled,1000,0,1000,1,0,200000,armed,8000,scheduled,none
0,1,1,0,1,1,tick,0,0,0,1000,40000,8000,0,200000,0,0,1000000000,1000000000,1000000000,,,1,0,1000,0,15,0,0,0,0,0,,armed,0,scheduled,1000,0,1000,1,0,200000,armed,8000,scheduled,none
0,1,2,0,2,2,tick,0,0,0,1000,40000,8000,0,200000,0,0,1000000000,1000000000,1000000000,,,1,0,1000,0,16,0,0,0,0,0,,armed,0,scheduled,1000,0,1000,1,0,200000,armed,8000,scheduled,none
0,1,3,0,3,3,tick,0,0,0,1000,40000,8000,0,200000,0,0,1000000000,1000000000,1000000000,,,1,0,1000,0,17,0,0,0,0,0,,armed,0,scheduled,1000,0,1000,1,0,200000,armed,8000,scheduled,none
8000,1,0,1,0,0,tick,0,0,0,1000,40000,8000,0,200000,0,0,1000000000,1000000000,1000000000,,,1,1000,1000,0,28,1000,0,1000,1,0,200000,armed,8000,scheduled,2000,0,2000,2,0,200000,armed,16000,scheduled,none
8000,1,1,1,1,1,tick,0,0,0,1000,40000,8000,0,200000,0,0,1000000000,1000000000,1000000000,,,1,1000,1000,0,29,1000,0,1000,1,0,200000,armed,8000,scheduled,2000,0,2000,2,0,200000,armed,16000,scheduled,none
8000,1,2,1,2,2,tick,0,0,0,1000,40000,8000,0,200000,0,0,1000000000,1000000000,1000000000,,,1,1000,1000,0,30,1000,0,1000,1,0,200000,armed,8000,scheduled,2000,0,2000,2,0,200000,armed,16000,scheduled,none
8000,1,3,1,3,3,tick,0,0,0,1000,40000,8000,0,200000,0,0,1000000000,1000000000,1000000000,,,1,1000,1000,0,31,1000,0,1000,1,0,200000,armed,8000,scheduled,2000,0,2000,2,0,200000,armed,16000,scheduled,none
16000,1,0,6,0,0,tick,0,0,0,1000,40000,8000,0,200000,0,0,1000000000,1000000000,1000000000,,,1,2000,1000,0,42,2000,0,2000,2,0,200000,armed,16000,scheduled,3000,0,3000,3,0,200000,armed,24000,scheduled,none
16000,1,1,6,1,1,tick,0,0,0,1000,40000,8000,0,200000,0,0,1000000000,1000000000,1000000000,,,1,2000,1000,0,43,2000,0,2000,2,0,200000,armed,16000,scheduled,3000,0,3000,3,0,200000,armed,24000,scheduled,none
16000,1,2,6,2,2,tick,0,0,0,1000,40000,8000,0,200000,0,0,1000000000,1000000000,1000000000,,,1,2000,1000,0,44,2000,0,2000,2,0,200000,armed,16000,scheduled,3000,0,3000,3,0,200000,armed,24000,scheduled,none
16000,1,3,6,3,3,tick,0,0,0,1000,40000,8000,0,200000,0,0,1000000000,1000000000,1000000000,,,1,2000,1000,0,45,2000,0,2000,2,0,200000,armed,16000,scheduled,3000,0,3000,3,0,200000,armed,24000,scheduled,none
24000,1,0,10,0,0,tick,0,0,0,1000,40000,8000,0,200000,0,0,1000000000,1000000000,1000000000,,,1,3000,1000,0,56,3000,0,3000,3,0,200000,armed,24000,scheduled,4000,0,4000,4,0,200000,armed,32000,scheduled,none
24000,1,1,10,1,1,tick,0,0,0,1000,40000,8000,0,200000,0,0,1000000000,1000000000,1000000000,,,1,3000,1000,0,57,3000,0,3000,3,0,200000,armed,24000,scheduled,4000,0,4000,4,0,200000,armed,32000,scheduled,none
24000,1,2,10,2,2,tick,0,0,0,1000,40000,8000,0,200000,0,0,1000000000,1000000000,1000000000,,,1,3000,1000,0,58,3000,0,3000,3,0,200000,armed,24000,scheduled,4000,0,4000,4,0,200000,armed,32000,scheduled,none
24000,1,3,10,3,3,tick,0,0,0,1000,40000,8000,0,200000,0,0,1000000000,1000000000,1000000000,,,1,3000,1000,0,59,3000,0,3000,3,0,200000,armed,24000,scheduled,4000,0,4000,4,0,200000,armed,32000,scheduled,none
32000,1,0,14,0,0,tick,0,0,0,1000,40000,8000,0,200000,0,0,1000000000,1000000000,1000000000,,,1,4000,1000,0,84,4000,0,4000,4,0,200000,armed,32000,scheduled,5000,0,5000,5,0,200000,armed,40000,scheduled,none
32000,1,1,14,1,1,tick,0,0,0,1000,40000,8000,0,200000,0,0,1000000000,1000000000,1000000000,,,1,4000,1000,0,71,4000,0,4000,4,0,200000,armed,32000,scheduled,5000,0,5000,5,0,200000,armed,40000,scheduled,none
32000,1,2,14,2,2,tick,0,0,0,1000,40000,8000,0,200000,0,0,1000000000,1000000000,1000000000,,,1,4000,1000,0,72,4000,0,4000,4,0,200000,armed,32000,scheduled,5000,0,5000,5,0,200000,armed,40000,scheduled,none
32000,1,3,14,3,3,tick,0,0,0,1000,40000,8000,0,200000,0,0,1000000000,1000000000,1000000000,,,1,4000,1000,0,87,4000,0,4000,4,0,200000,armed,32000,scheduled,5000,0,5000,5,0,200000,armed,40000,scheduled,none
40000,1,0,18,0,0,tick,0,0,0,1000,40000,8000,0,200000,0,0,1000000000,1000000000,1000000000,,,1,5000,1000,0,112,5000,0,5000,5,0,200000,armed,40000,scheduled,6000,0,6000,6,0,200000,armed,48000,scheduled,none
40000,1,1,18,1,1,tick,0,0,0,1000,40000,8000,0,200000,0,0,1000000000,1000000000,1000000000,,,1,5000,1000,0,85,5000,0,5000,5,0,200000,armed,40000,scheduled,6000,0,6000,6,0,200000,armed,48000,scheduled,none
40000,1,2,18,2,2,tick,0,0,0,1000,40000,8000,0,200000,0,0,1000000000,1000000000,1000000000,,,1,5000,1000,0,86,5000,0,5000,5,0,200000,armed,40000,scheduled,6000,0,6000,6,0,200000,armed,48000,scheduled,none
40000,1,3,18,3,3,tick,0,0,0,1000,40000,8000,0,200000,0,0,1000000000,1000000000,1000000000,,,1,5000,1000,0,115,5000,0,5000,5,0,200000,armed,40000,scheduled,6000,0,6000,6,0,200000,armed,48000,scheduled,none
48000,1,0,22,0,0,tick,0,0,0,1000,40000,8000,0,200000,0,0,1000000000,1000000000,1000000000,,,1,6000,1000,0,140,6000,0,6000,6,0,200000,armed,48000,scheduled,7000,0,7000,7,0,200000,armed,56000,scheduled,none
48000,1,1,22,1,1,tick,0,0,0,1000,40000,8000,0,200000,0,0,1000000000,1000000000,1000000000,,,1,6000,1000,0,99,6000,0,6000,6,0,200000,armed,48000,scheduled,7000,0,7000,7,0,200000,armed,56000,scheduled,none
48000,1,2,22,2,2,tick,0,0,0,1000,40000,8000,0,200000,0,0,1000000000,1000000000,1000000000,,,1,6000,1000,0,100,6000,0,6000,6,0,200000,armed,48000,scheduled,7000,0,7000,7,0,200000,armed,56000,scheduled,none
48000,1,3,25,3,3,tick,0,0,0,1000,40000,8000,0,200000,0,0,1000000000,1000000000,1000000000,,,1,6000,1000,0,143,6000,0,6000,6,0,200000,armed,48000,scheduled,7000,0,7000,7,0,200000,armed,56000,scheduled,none
56000,1,0,29,0,0,tick,0,0,0,1000,40000,8000,0,200000,0,0,1000000000,1000000000,1000000000,,,1,7000,1000,0,168,7000,0,7000,7,0,200000,armed,56000,scheduled,8000,0,8000,8,0,200000,armed,64000,scheduled,none
56000,1,1,26,1,1,tick,0,0,0,1000,40000,8000,0,200000,0,0,1000000000,1000000000,1000000000,,,1,7000,1000,0,113,7000,0,7000,7,0,200000,armed,56000,scheduled,8000,0,8000,8,0,200000,armed,64000,scheduled,none
56000,1,2,26,2,2,tick,0,0,0,1000,40000,8000,0,200000,0,0,1000000000,1000000000,1000000000,,,1,7000,1000,0,114,7000,0,7000,7,0,200000,armed,56000,scheduled,8000,0,8000,8,0,200000,armed,64000,scheduled,none
56000,1,3,32,3,3,tick,0,0,0,1000,40000,8000,0,200000,0,0,1000000000,1000000000,1000000000,,,1,7000,1000,0,171,7000,0,7000,7,0,200000,armed,56000,scheduled,8000,0,8000,8,0,200000,armed,64000,scheduled,none
64000,1,0,36,0,0,tick,0,0,0,1000,40000,8000,0,200000,0,0,1000000000,1000000000,1000000000,,,1,8000,1000,0,196,8000,0,8000,8,0,200000,armed,64000,scheduled,9000,0,9000,9,0,200000,armed,72000,scheduled,none
64000,1,1,30,1,1,tick,0,0,0,1000,40000,8000,0,200000,0,0,1000000000,1000000000,1000000000,,,1,8000,1000,0,127,8000,0,8000,8,0,200000,armed,64000,scheduled,9000,0,9000,9,0,200000,armed,72000,scheduled,none
64000,1,2,30,2,2,tick,0,0,0,1000,40000,8000,0,200000,0,0,1000000000,1000000000,1000000000,,,1,8000,1000,0,128,8000,0,8000,8,0,200000,armed,64000,scheduled,9000,0,9000,9,0,200000,armed,72000,scheduled,none
64000,1,3,39,3,3,tick,0,0,0,1000,40000,8000,0,200000,0,0,1000000000,1000000000,1000000000,,,1,8000,1000,0,199,8000,0,8000,8,0,200000,armed,64000,scheduled,9000,0,9000,9,0,200000,armed,72000,scheduled,none
72000,1,0,43,0,0,tick,0,0,0,1000,40000,8000,0,200000,0,0,1000000000,1000000000,1000000000,,,1,9000,1000,0,224,9000,0,9000,9,0,200000,armed,72000,scheduled,10000,0,10000,10,0,200000,armed,80000,scheduled,none
72000,1,1,34,1,1,tick,0,0,0,1000,40000,8000,0,200000,0,0,1000000000,1000000000,1000000000,,,1,9000,1000,0,141,9000,0,9000,9,0,200000,armed,72000,scheduled,10000,0,10000,10,0,200000,armed,80000,scheduled,none
72000,1,2,34,2,2,tick,0,0,0,1000,40000,8000,0,200000,0,0,1000000000,1000000000,1000000000,,,1,9000,1000,0,142,9000,0,9000,9,0,200000,armed,72000,scheduled,10000,0,10000,10,0,200000,armed,80000,scheduled,none
72000,1,3,46,3,3,tick,0,0,0,1000,40000,8000,0,200000,0,0,1000000000,1000000000,1000000000,,,1,9000,1000,0,227,9000,0,9000,9,0,200000,armed,72000,scheduled,10000,0,10000,10,0,200000,armed,80000,scheduled,none
80000,1,0,50,0,0,tick,0,0,0,1000,40000,8000,0,200000,0,0,1000000000,1000000000,1000000000,,,1,10000,1000,0,252,10000,0,10000,10,0,200000,armed,80000,scheduled,11000,0,11000,11,0,200000,armed,88000,scheduled,none
80000,1,1,38,1,1,tick,0,0,0,1000,40000,8000,0,200000,0,0,1000000000,1000000000,1000000000,,,1,10000,1000,0,155,10000,0,10000,10,0,200000,armed,80000,scheduled,11000,0,11000,11,0,200000,armed,88000,scheduled,none
80000,1,2,38,2,2,tick,0,0,0,1000,40000,8000,0,200000,0,0,1000000000,1000000000,1000000000,,,1,10000,1000,0,156,10000,0,10000,10,0,200000,armed,80000,scheduled,11000,0,11000,11,0,200000,armed,88000,scheduled,none
80000,1,3,53,3,3,tick,0,0,0,1000,40000,8000,0,200000,0,0,1000000000,1000000000,1000000000,,,1,10000,1000,0,255,10000,0,10000,10,0,200000,armed,80000,scheduled,11000,0,11000,11,0,200000,armed,88000,scheduled,none
81024,0,6,2,1,1,ack,0,0,0,1000,40000,8000,0,200000,0,0,1000000000,1000000000,,1000,0,0,,,,,11000,0,11000,11,0,200000,armed,88000,scheduled,11000,1000,11000,11,0,281024,armed,88000,scheduled,none
88000,1,0,57,0,0,tick,0,0,0,1000,40000,8000,0,200000,0,0,1000000000,1000000000,1000000000,,,1,11000,1000,0,280,11000,0,11000,11,0,200000,armed,88000,scheduled,12000,0,12000,12,0,200000,armed,96000,scheduled,none
88000,1,1,42,1,1,tick,0,0,0,1000,40000,8000,0,200000,0,0,1000000000,1000000000,1000000000,,,1,11000,1000,0,169,11000,1000,11000,11,0,281024,armed,88000,scheduled,12000,1000,12000,12,0,281024,armed,96000,scheduled,none
88000,1,2,42,2,2,tick,0,0,0,1000,40000,8000,0,200000,0,0,1000000000,1000000000,1000000000,,,1,11000,1000,0,170,11000,0,11000,11,0,200000,armed,88000,scheduled,12000,0,12000,12,0,200000,armed,96000,scheduled,none
88000,1,3,60,3,3,tick,0,0,0,1000,40000,8000,0,200000,0,0,1000000000,1000000000,1000000000,,,1,11000,1000,0,283,11000,0,11000,11,0,200000,armed,88000,scheduled,12000,0,12000,12,0,200000,armed,96000,scheduled,none
96000,1,0,64,0,0,tick,0,0,0,1000,40000,8000,0,200000,0,0,1000000000,1000000000,1000000000,,,1,12000,1000,0,308,12000,0,12000,12,0,200000,armed,96000,scheduled,13000,0,13000,13,0,200000,armed,104000,scheduled,none
96000,1,1,47,1,1,tick,0,0,0,1000,40000,8000,0,200000,0,0,1000000000,1000000000,1000000000,,,1,12000,1000,0,183,12000,1000,12000,12,0,281024,armed,96000,scheduled,13000,1000,13000,13,0,281024,armed,104000,scheduled,none
96000,1,2,46,2,2,tick,0,0,0,1000,40000,8000,0,200000,0,0,1000000000,1000000000,1000000000,,,1,12000,1000,0,184,12000,0,12000,12,0,200000,armed,96000,scheduled,13000,0,13000,13,0,200000,armed,104000,scheduled,none
96000,1,3,67,3,3,tick,0,0,0,1000,40000,8000,0,200000,0,0,1000000000,1000000000,1000000000,,,1,12000,1000,0,311,12000,0,12000,12,0,200000,armed,96000,scheduled,13000,0,13000,13,0,200000,armed,104000,scheduled,none
97024,0,9,2,2,2,ack,0,0,0,1000,40000,8000,0,200000,0,0,1000000000,1000000000,,1000,0,0,,,,,13000,0,13000,13,0,200000,armed,104000,scheduled,13000,1000,13000,13,0,297024,armed,104000,scheduled,none
97536,0,6,5,1,1,ack,0,0,0,1000,40000,8000,0,200000,0,0,1000000000,1000000000,,2000,0,0,,,,,13000,1000,13000,13,0,281024,armed,104000,scheduled,13000,2000,13000,13,0,297536,armed,104000,scheduled,none
104000,1,0,71,0,0,tick,0,0,0,1000,40000,8000,0,200000,0,0,1000000000,1000000000,1000000000,,,1,13000,1000,0,322,13000,0,13000,13,0,200000,armed,104000,scheduled,14000,0,14000,14,0,200000,armed,112000,scheduled,none
104000,1,1,51,1,1,tick,0,0,0,1000,40000,8000,0,200000,0,0,1000000000,1000000000,1000000000,,,1,13000,1000,0,197,13000,2000,13000,13,0,297536,armed,104000,scheduled,14000,2000,14000,14,0,297536,armed,112000,scheduled,none
104000,1,2,50,2,2,tick,0,0,0,1000,40000,8000,0,200000,0,0,1000000000,1000000000,1000000000,,,1,13000,1000,0,198,13000,1000,13000,13,0,297024,armed,104000,scheduled,14000,1000,14000,14,0,297024,armed,112000,scheduled,none
104000,1,3,74,3,3,tick,0,0,0,1000,40000,8000,0,200000,0,0,1000000000,1000000000,1000000000,,,1,13000,1000,0,339,13000,0,13000,13,0,200000,armed,104000,scheduled,14000,0,14000,14,0,200000,armed,112000,scheduled,none
112000,1,0,78,0,0,tick,0,0,0,1000,40000,8000,0,200000,0,0,1000000000,1000000000,1000000000,,,1,14000,1000,0,350,14000,0,14000,14,0,200000,armed,112000,scheduled,15000,0,15000,15,0,200000,armed,120000,scheduled,none
112000,1,1,56,1,1,tick,0,0,0,1000,40000,8000,0,200000,0,0,1000000000,1000000000,1000000000,,,1,14000,1000,0,211,14000,2000,14000,14,0,297536,armed,112000,scheduled,15000,2000,15000,15,0,297536,armed,120000,scheduled,none
112000,1,2,55,2,2,tick,0,0,0,1000,40000,8000,0,200000,0,0,1000000000,1000000000,1000000000,,,1,14000,1000,0,212,14000,1000,14000,14,0,297024,armed,112000,scheduled,15000,1000,15000,15,0,297024,armed,120000,scheduled,none
112000,1,3,81,3,3,tick,0,0,0,1000,40000,8000,0,200000,0,0,1000000000,1000000000,1000000000,,,1,14000,1000,0,367,14000,0,14000,14,0,200000,armed,112000,scheduled,15000,0,15000,15,0,200000,armed,120000,scheduled,none
113536,0,9,5,2,2,ack,0,0,0,1000,40000,8000,0,200000,0,0,1000000000,1000000000,,2000,0,0,,,,,15000,1000,15000,15,0,297024,armed,120000,scheduled,15000,2000,15000,15,0,313536,armed,120000,scheduled,none
120000,1,0,85,0,0,tick,0,0,0,1000,40000,8000,0,200000,0,0,1000000000,1000000000,1000000000,,,1,15000,1000,0,378,15000,0,15000,15,0,200000,armed,120000,scheduled,16000,0,16000,16,0,200000,armed,128000,scheduled,none
120000,1,1,60,1,1,tick,0,0,0,1000,40000,8000,0,200000,0,0,1000000000,1000000000,1000000000,,,1,15000,1000,0,225,15000,2000,15000,15,0,297536,armed,120000,scheduled,16000,2000,16000,16,0,297536,armed,128000,scheduled,none
120000,1,2,59,2,2,tick,0,0,0,1000,40000,8000,0,200000,0,0,1000000000,1000000000,1000000000,,,1,15000,1000,0,226,15000,2000,15000,15,0,313536,armed,120000,scheduled,16000,2000,16000,16,0,313536,armed,128000,scheduled,none
120000,1,3,88,3,3,tick,0,0,0,1000,40000,8000,0,200000,0,0,1000000000,1000000000,1000000000,,,1,15000,1000,0,381,15000,0,15000,15,0,200000,armed,120000,scheduled,16000,0,16000,16,0,200000,armed,128000,scheduled,none
128000,1,0,92,0,0,tick,0,0,0,1000,40000,8000,0,200000,0,0,1000000000,1000000000,1000000000,,,1,16000,1000,0,406,16000,0,16000,16,0,200000,armed,128000,scheduled,17000,0,17000,17,0,200000,armed,136000,scheduled,none
128000,1,1,64,1,1,tick,0,0,0,1000,40000,8000,0,200000,0,0,1000000000,1000000000,1000000000,,,1,16000,1000,0,239,16000,2000,16000,16,0,297536,armed,128000,scheduled,17000,2000,17000,17,0,297536,armed,136000,scheduled,none
128000,1,2,64,2,2,tick,0,0,0,1000,40000,8000,0,200000,0,0,1000000000,1000000000,1000000000,,,1,16000,1000,0,240,16000,2000,16000,16,0,313536,armed,128000,scheduled,17000,2000,17000,17,0,313536,armed,136000,scheduled,none
128000,1,3,95,3,3,tick,0,0,0,1000,40000,8000,0,200000,0,0,1000000000,1000000000,1000000000,,,1,16000,1000,0,409,16000,0,16000,16,0,200000,armed,128000,scheduled,17000,0,17000,17,0,200000,armed,136000,scheduled,none
129536,0,4,41,0,0,ack,0,0,0,1000,40000,8000,0,200000,0,0,1000000000,1000000000,,1000,0,0,,,,,17000,0,17000,17,0,200000,armed,136000,scheduled,17000,1000,17000,17,0,329536,armed,136000,scheduled,none
130560,0,6,8,1,1,ack,0,0,0,1000,40000,8000,0,200000,0,0,1000000000,1000000000,,3000,0,0,,,,,17000,2000,17000,17,0,297536,armed,136000,scheduled,17000,3000,17000,17,0,330560,armed,136000,scheduled,none
136000,1,0,99,0,0,tick,0,0,0,1000,40000,8000,0,200000,0,0,1000000000,1000000000,1000000000,,,1,17000,1000,0,434,17000,1000,17000,17,0,329536,armed,136000,scheduled,18000,1000,18000,18,0,329536,armed,144000,scheduled,none
136000,1,1,68,1,1,tick,0,0,0,1000,40000,8000,0,200000,0,0,1000000000,1000000000,1000000000,,,1,17000,1000,0,253,17000,3000,17000,17,0,330560,armed,136000,scheduled,18000,3000,18000,18,0,330560,armed,144000,scheduled,none
136000,1,2,68,2,2,tick,0,0,0,1000,40000,8000,0,200000,0,0,1000000000,1000000000,1000000000,,,1,17000,1000,0,254,17000,2000,17000,17,0,313536,armed,136000,scheduled,18000,2000,18000,18,0,313536,armed,144000,scheduled,none
136000,1,3,99,3,3,tick,0,0,0,1000,40000,8000,0,200000,0,0,1000000000,1000000000,1000000000,,,1,17000,1000,0,437,17000,0,17000,17,0,200000,armed,136000,scheduled,18000,0,18000,18,0,200000,armed,144000,scheduled,none
138560,0,9,8,2,2,ack,0,0,0,1000,40000,8000,0,200000,0,0,1000000000,1000000000,,3000,0,0,,,,,18000,2000,18000,18,0,313536,armed,144000,scheduled,18000,3000,18000,18,0,338560,armed,144000,scheduled,none
144000,1,0,107,0,0,tick,0,0,0,1000,40000,8000,0,200000,0,0,1000000000,1000000000,1000000000,,,1,18000,1000,0,462,18000,1000,18000,18,0,329536,armed,144000,scheduled,19000,1000,19000,19,0,329536,armed,152000,scheduled,none
144000,1,1,73,1,1,tick,0,0,0,1000,40000,8000,0,200000,0,0,1000000000,1000000000,1000000000,,,1,18000,1000,0,267,18000,3000,18000,18,0,330560,armed,144000,scheduled,19000,3000,19000,19,0,330560,armed,152000,scheduled,none
144000,1,2,72,2,2,tick,0,0,0,1000,40000,8000,0,200000,0,0,1000000000,1000000000,1000000000,,,1,18000,1000,0,268,18000,3000,18000,18,0,338560,armed,144000,scheduled,19000,3000,19000,19,0,338560,armed,152000,scheduled,none
144000,1,3,106,3,3,tick,0,0,0,1000,40000,8000,0,200000,0,0,1000000000,1000000000,1000000000,,,1,18000,1000,0,465,18000,0,18000,18,0,200000,armed,144000,scheduled,19000,0,19000,19,0,200000,armed,152000,scheduled,none
145536,0,12,47,3,3,ack,0,0,0,1000,40000,8000,0,200000,0,0,1000000000,1000000000,,1000,0,0,,,,,19000,0,19000,19,0,200000,armed,152000,scheduled,19000,1000,19000,19,0,345536,armed,152000,scheduled,none
147584,0,6,11,1,1,ack,0,0,0,1000,40000,8000,0,200000,0,0,1000000000,1000000000,,4000,0,0,,,,,19000,3000,19000,19,0,330560,armed,152000,scheduled,19000,4000,19000,19,0,347584,armed,152000,scheduled,none
152000,1,0,114,0,0,tick,0,0,0,1000,40000,8000,0,200000,0,0,1000000000,1000000000,1000000000,,,1,19000,1000,0,490,19000,1000,19000,19,0,329536,armed,152000,scheduled,20000,1000,20000,20,0,329536,armed,160000,scheduled,none
152000,1,1,77,1,1,tick,0,0,0,1000,40000,8000,0,200000,0,0,1000000000,1000000000,1000000000,,,1,19000,1000,0,281,19000,4000,19000,19,0,347584,armed,152000,scheduled,20000,4000,20000,20,0,347584,armed,160000,scheduled,none
152000,1,2,77,2,2,tick,0,0,0,1000,40000,8000,0,200000,0,0,1000000000,1000000000,1000000000,,,1,19000,1000,0,282,19000,3000,19000,19,0,338560,armed,152000,scheduled,20000,3000,20000,20,0,338560,armed,160000,scheduled,none
152000,1,3,113,3,3,tick,0,0,0,1000,40000,8000,0,200000,0,0,1000000000,1000000000,1000000000,,,1,19000,1000,0,493,19000,1000,19000,19,0,345536,armed,152000,scheduled,20000,1000,20000,20,0,345536,armed,160000,scheduled,none
154560,0,4,53,0,0,ack,0,0,0,1000,40000,8000,0,200000,0,0,1000000000,1000000000,,2000,0,0,,,,,20000,1000,20000,20,0,329536,armed,160000,scheduled,20000,2000,20000,20,0,354560,armed,160000,scheduled,none
155584,0,9,11,2,2,ack,0,0,0,1000,40000,8000,0,200000,0,0,1000000000,1000000000,,4000,0,0,,,,,20000,3000,20000,20,0,338560,armed,160000,scheduled,20000,4000,20000,20,0,355584,armed,160000,scheduled,none
160000,1,0,121,0,0,tick,0,0,0,1000,40000,8000,0,200000,0,0,1000000000,1000000000,1000000000,,,1,20000,1000,0,518,20000,2000,20000,20,0,354560,armed,160000,scheduled,21000,2000,21000,21,0,354560,armed,168000,scheduled,none
160000,1,1,82,1,1,tick,0,0,0,1000,40000,8000,0,200000,0,0,1000000000,1000000000,1000000000,,,1,20000,1000,0,295,20000,4000,20000,20,0,347584,armed,160000,scheduled,21000,4000,21000,21,0,347584,armed,168000,scheduled,none
160000,1,2,81,2,2,tick,0,0,0,1000,40000,8000,0,200000,0,0,1000000000,1000000000,1000000000,,,1,20000,1000,0,296,20000,4000,20000,20,0,355584,armed,160000,scheduled,21000,4000,21000,21,0,355584,armed,168000,scheduled,none
160000,1,3,121,3,3,tick,0,0,0,1000,40000,8000,0,200000,0,0,1000000000,1000000000,1000000000,,,1,20000,1000,0,521,20000,1000,20000,20,0,345536,armed,160000,scheduled,21000,1000,21000,21,0,345536,armed,168000,scheduled,none
162560,0,12,56,3,3,ack,0,0,0,1000,40000,8000,0,200000,0,0,1000000000,1000000000,,2000,0,0,,,,,21000,1000,21000,21,0,345536,armed,168000,scheduled,21000,2000,21000,21,0,362560,armed,168000,scheduled,none
164608,0,6,14,1,1,ack,0,0,0,1000,40000,8000,0,200000,0,0,1000000000,1000000000,,5000,0,0,,,,,21000,4000,21000,21,0,347584,armed,168000,scheduled,21000,5000,21000,21,0,364608,armed,168000,scheduled,none
168000,1,0,129,0,0,tick,0,0,0,1000,40000,8000,0,200000,0,0,1000000000,1000000000,1000000000,,,1,21000,1000,0,546,21000,2000,21000,21,0,354560,armed,168000,scheduled,22000,2000,22000,22,0,354560,armed,176000,scheduled,none
168000,1,1,86,1,1,tick,0,0,0,1000,40000,8000,0,200000,0,0,1000000000,1000000000,1000000000,,,1,21000,1000,0,309,21000,5000,21000,21,0,364608,armed,168000,scheduled,22000,5000,22000,22,0,364608,armed,176000,scheduled,none
168000,1,2,86,2,2,tick,0,0,0,1000,40000,8000,0,200000,0,0,1000000000,1000000000,1000000000,,,1,21000,1000,0,310,21000,4000,21000,21,0,355584,armed,168000,scheduled,22000,4000,22000,22,0,355584,armed,176000,scheduled,none
168000,1,3,128,3,3,tick,0,0,0,1000,40000,8000,0,200000,0,0,1000000000,1000000000,1000000000,,,1,21000,1000,0,549,21000,2000,21000,21,0,362560,armed,168000,scheduled,22000,2000,22000,22,0,362560,armed,176000,scheduled,none
171584,0,4,62,0,0,ack,0,0,0,1000,40000,8000,0,200000,0,0,1000000000,1000000000,,3000,0,0,,,,,22000,2000,22000,22,0,354560,armed,176000,scheduled,22000,3000,22000,22,0,371584,armed,176000,scheduled,none
172608,0,9,14,2,2,ack,0,0,0,1000,40000,8000,0,200000,0,0,1000000000,1000000000,,5000,0,0,,,,,22000,4000,22000,22,0,355584,armed,176000,scheduled,22000,5000,22000,22,0,372608,armed,176000,scheduled,none
176000,1,0,133,0,0,tick,0,0,0,1000,40000,8000,0,200000,0,0,1000000000,1000000000,1000000000,,,1,22000,1000,0,574,22000,3000,22000,22,0,371584,armed,176000,scheduled,23000,3000,23000,23,0,371584,armed,184000,scheduled,none
176000,1,1,91,1,1,tick,0,0,0,1000,40000,8000,0,200000,0,0,1000000000,1000000000,1000000000,,,1,22000,1000,0,323,22000,5000,22000,22,0,364608,armed,176000,scheduled,23000,5000,23000,23,0,364608,armed,184000,scheduled,none
176000,1,2,90,2,2,tick,0,0,0,1000,40000,8000,0,200000,0,0,1000000000,1000000000,1000000000,,,1,22000,1000,0,324,22000,5000,22000,22,0,372608,armed,176000,scheduled,23000,5000,23000,23,0,372608,armed,184000,scheduled,none
176000,1,3,133,3,3,tick,0,0,0,1000,40000,8000,0,200000,0,0,1000000000,1000000000,1000000000,,,1,22000,1000,0,577,22000,2000,22000,22,0,362560,armed,176000,scheduled,23000,2000,23000,23,0,362560,armed,184000,scheduled,none
179584,0,12,65,3,3,ack,0,0,0,1000,40000,8000,0,200000,0,0,1000000000,1000000000,,3000,0,0,,,,,23000,2000,23000,23,0,362560,armed,184000,scheduled,23000,3000,23000,23,0,379584,armed,184000,scheduled,none
181632,0,6,17,1,1,ack,0,0,0,1000,40000,8000,0,200000,0,0,1000000000,1000000000,,6000,0,0,,,,,23000,5000,23000,23,0,364608,armed,184000,scheduled,23000,6000,23000,23,0,381632,armed,184000,scheduled,none
184000,1,0,138,0,0,tick,0,0,0,1000,40000,8000,0,200000,0,0,1000000000,1000000000,1000000000,,,1,23000,1000,0,602,23000,3000,23000,23,0,371584,armed,184000,scheduled,24000,3000,24000,24,0,371584,armed,192000,scheduled,none
184000,1,1,95,1,1,tick,0,0,0,1000,40000,8000,0,200000,0,0,1000000000,1000000000,1000000000,,,1,23000,1000,0,337,23000,6000,23000,23,0,381632,armed,184000,scheduled,24000,6000,24000,24,0,381632,armed,192000,scheduled,none
184000,1,2,95,2,2,tick,0,0,0,1000,40000,8000,0,200000,0,0,1000000000,1000000000,1000000000,,,1,23000,1000,0,338,23000,5000,23000,23,0,372608,armed,184000,scheduled,24000,5000,24000,24,0,372608,armed,192000,scheduled,none
184000,1,3,137,3,3,tick,0,0,0,1000,40000,8000,0,200000,0,0,1000000000,1000000000,1000000000,,,1,23000,1000,0,605,23000,3000,23000,23,0,379584,armed,184000,scheduled,24000,3000,24000,24,0,379584,armed,192000,scheduled,none
188608,0,4,71,0,0,ack,0,0,0,1000,40000,8000,0,200000,0,0,1000000000,1000000000,,4000,0,0,,,,,24000,3000,24000,24,0,371584,armed,192000,scheduled,24000,4000,24000,24,0,388608,armed,192000,scheduled,none
189632,0,9,17,2,2,ack,0,0,0,1000,40000,8000,0,200000,0,0,1000000000,1000000000,,6000,0,0,,,,,24000,5000,24000,24,0,372608,armed,192000,scheduled,24000,6000,24000,24,0,389632,armed,192000,scheduled,none
192000,1,0,145,0,0,tick,0,0,0,1000,40000,8000,0,200000,0,0,1000000000,1000000000,1000000000,,,1,24000,1000,0,630,24000,4000,24000,24,0,388608,armed,192000,scheduled,25000,4000,25000,25,0,388608,armed,200000,scheduled,none
192000,1,1,100,1,1,tick,0,0,0,1000,40000,8000,0,200000,0,0,1000000000,1000000000,1000000000,,,1,24000,1000,0,351,24000,6000,24000,24,0,381632,armed,192000,scheduled,25000,6000,25000,25,0,381632,armed,200000,scheduled,none
192000,1,2,99,2,2,tick,0,0,0,1000,40000,8000,0,200000,0,0,1000000000,1000000000,1000000000,,,1,24000,1000,0,352,24000,6000,24000,24,0,389632,armed,192000,scheduled,25000,6000,25000,25,0,389632,armed,200000,scheduled,none
192000,1,3,145,3,3,tick,0,0,0,1000,40000,8000,0,200000,0,0,1000000000,1000000000,1000000000,,,1,24000,1000,0,633,24000,3000,24000,24,0,379584,armed,192000,scheduled,25000,3000,25000,25,0,379584,armed,200000,scheduled,none
196608,0,12,74,3,3,ack,0,0,0,1000,40000,8000,0,200000,0,0,1000000000,1000000000,,4000,0,0,,,,,25000,3000,25000,25,0,379584,armed,200000,scheduled,25000,4000,25000,25,0,396608,armed,200000,scheduled,none
200000,1,0,153,0,0,tick,0,0,0,1000,40000,8000,0,200000,0,0,1000000000,1000000000,1000000000,,,1,25000,1000,0,658,25000,4000,25000,25,0,388608,armed,200000,scheduled,26000,4000,26000,26,0,388608,armed,208000,scheduled,none
200000,1,1,104,1,1,tick,0,0,0,1000,40000,8000,0,200000,0,0,1000000000,1000000000,1000000000,,,1,25000,1000,0,365,25000,6000,25000,25,0,381632,armed,200000,scheduled,26000,6000,26000,26,0,381632,armed,208000,scheduled,none
200000,1,2,104,2,2,tick,0,0,0,1000,40000,8000,0,200000,0,0,1000000000,1000000000,1000000000,,,1,25000,1000,0,366,25000,6000,25000,25,0,389632,armed,200000,scheduled,26000,6000,26000,26,0,389632,armed,208000,scheduled,none
200000,1,3,152,3,3,tick,0,0,0,1000,40000,8000,0,200000,0,0,1000000000,1000000000,1000000000,,,1,25000,1000,0,661,25000,4000,25000,25,0,396608,armed,200000,scheduled,26000,4000,26000,26,0,396608,armed,208000,scheduled,none
205632,0,4,80,0,0,ack,0,0,0,1000,40000,8000,0,200000,0,0,1000000000,1000000000,,5000,0,0,,,,,26000,4000,26000,26,0,388608,armed,208000,scheduled,26000,5000,26000,26,0,405632,armed,208000,scheduled,none
206656,0,6,20,1,1,ack,0,0,0,1000,40000,8000,0,200000,0,0,1000000000,1000000000,,7000,1,0,,,,,26000,6000,26000,26,0,381632,armed,208000,scheduled,26000,7000,26000,26,0,406656,armed,208000,scheduled,none
206656,0,9,20,2,2,ack,0,0,0,1000,40000,8000,0,200000,0,0,1000000000,1000000000,,7000,1,0,,,,,26000,6000,26000,26,0,389632,armed,208000,scheduled,26000,7000,26000,26,0,406656,armed,208000,scheduled,none
208000,1,0,160,0,0,tick,0,0,0,1000,40000,8000,0,200000,0,0,1000000000,1000000000,1000000000,,,1,26000,1000,0,686,26000,5000,26000,26,0,405632,armed,208000,scheduled,27000,5000,27000,27,0,405632,armed,216000,scheduled,none
208000,1,1,108,1,1,tick,0,0,0,1000,40000,8000,0,200000,0,0,1000000000,1000000000,1000000000,,,1,26000,1000,0,379,26000,7000,26000,26,0,406656,armed,208000,scheduled,27000,7000,27000,27,0,406656,armed,216000,scheduled,none
208000,1,2,108,2,2,tick,0,0,0,1000,40000,8000,0,200000,0,0,1000000000,1000000000,1000000000,,,1,26000,1000,0,380,26000,7000,26000,26,0,406656,armed,208000,scheduled,27000,7000,27000,27,0,406656,armed,216000,scheduled,none
208000,1,3,160,3,3,tick,0,0,0,1000,40000,8000,0,200000,0,0,1000000000,1000000000,1000000000,,,1,26000,1000,0,689,26000,4000,26000,26,0,396608,armed,208000,scheduled,27000,4000,27000,27,0,396608,armed,216000,scheduled,none
213632,0,12,83,3,3,ack,0,0,0,1000,40000,8000,0,200000,0,0,1000000000,1000000000,,5000,0,0,,,,,27000,4000,27000,27,0,396608,armed,216000,scheduled,27000,5000,27000,27,0,413632,armed,216000,scheduled,none
216000,1,0,168,0,0,tick,0,0,0,1000,40000,8000,0,200000,0,0,1000000000,1000000000,1000000000,,,1,27000,1000,0,714,27000,5000,27000,27,0,405632,armed,216000,scheduled,28000,5000,28000,28,0,405632,armed,224000,scheduled,none
216000,1,1,113,1,1,tick,0,0,0,1000,40000,8000,0,200000,0,0,1000000000,1000000000,1000000000,,,1,27000,1000,0,393,27000,7000,27000,27,0,406656,armed,216000,scheduled,28000,7000,28000,28,0,406656,armed,224000,scheduled,none
216000,1,2,113,2,2,tick,0,0,0,1000,40000,8000,0,200000,0,0,1000000000,1000000000,1000000000,,,1,27000,1000,0,394,27000,7000,27000,27,0,406656,armed,216000,scheduled,28000,7000,28000,28,0,406656,armed,224000,scheduled,none
216000,1,3,167,3,3,tick,0,0,0,1000,40000,8000,0,200000,0,0,1000000000,1000000000,1000000000,,,1,27000,1000,0,717,27000,5000,27000,27,0,413632,armed,216000,scheduled,28000,5000,28000,28,0,413632,armed,224000,scheduled,none
223680,0,6,23,1,1,ack,0,0,0,1000,40000,8000,0,200000,0,0,1000000000,1000000000,,8000,1,0,,,,,28000,7000,28000,28,0,406656,armed,224000,scheduled,28000,8000,28000,28,0,423680,armed,224000,scheduled,none
223680,0,9,23,2,2,ack,0,0,0,1000,40000,8000,0,200000,0,0,1000000000,1000000000,,8000,0,0,,,,,28000,7000,28000,28,0,406656,armed,224000,scheduled,28000,8000,28000,28,0,423680,armed,224000,scheduled,none
224000,1,0,175,0,0,tick,0,0,0,1000,40000,8000,0,200000,0,0,1000000000,1000000000,1000000000,,,1,28000,1000,0,742,28000,5000,28000,28,0,405632,armed,224000,scheduled,29000,5000,29000,29,0,405632,armed,232000,scheduled,none
224000,1,1,117,1,1,tick,0,0,0,1000,40000,8000,0,200000,0,0,1000000000,1000000000,1000000000,,,1,28000,1000,0,407,28000,8000,28000,28,0,423680,armed,224000,scheduled,29000,8000,29000,29,0,423680,armed,232000,scheduled,none
224000,1,2,117,2,2,tick,0,0,0,1000,40000,8000,0,200000,0,0,1000000000,1000000000,1000000000,,,1,28000,1000,0,408,28000,8000,28000,28,0,423680,armed,224000,scheduled,29000,8000,29000,29,0,423680,armed,232000,scheduled,none
224000,1,3,175,3,3,tick,0,0,0,1000,40000,8000,0,200000,0,0,1000000000,1000000000,1000000000,,,1,28000,1000,0,745,28000,5000,28000,28,0,413632,armed,224000,scheduled,29000,5000,29000,29,0,413632,armed,232000,scheduled,none
230656,0,4,92,0,0,ack,0,0,0,1000,40000,8000,0,200000,0,0,1000000000,1000000000,,6000,1,0,,,,,29000,5000,29000,29,0,405632,armed,232000,scheduled,29000,6000,29000,29,0,430656,armed,232000,scheduled,none
230656,0,12,92,3,3,ack,0,0,0,1000,40000,8000,0,200000,0,0,1000000000,1000000000,,6000,1,0,,,,,29000,5000,29000,29,0,413632,armed,232000,scheduled,29000,6000,29000,29,0,430656,armed,232000,scheduled,none
232000,1,0,182,0,0,tick,0,0,0,1000,40000,8000,0,200000,0,0,1000000000,1000000000,1000000000,,,1,29000,1000,0,770,29000,6000,29000,29,0,430656,armed,232000,scheduled,30000,6000,30000,30,0,430656,armed,240000,scheduled,none
232000,1,1,122,1,1,tick,0,0,0,1000,40000,8000,0,200000,0,0,1000000000,1000000000,1000000000,,,1,29000,1000,0,421,29000,8000,29000,29,0,423680,armed,232000,scheduled,30000,8000,30000,30,0,423680,armed,240000,scheduled,none
232000,1,2,122,2,2,tick,0,0,0,1000,40000,8000,0,200000,0,0,1000000000,1000000000,1000000000,,,1,29000,1000,0,422,29000,8000,29000,29,0,423680,armed,232000,scheduled,30000,8000,30000,30,0,423680,armed,240000,scheduled,none
232000,1,3,182,3,3,tick,0,0,0,1000,40000,8000,0,200000,0,0,1000000000,1000000000,1000000000,,,1,29000,1000,0,773,29000,6000,29000,29,0,430656,armed,232000,scheduled,30000,6000,30000,30,0,430656,armed,240000,scheduled,none
240000,1,0,190,0,0,tick,0,0,0,1000,40000,8000,0,200000,0,0,1000000000,1000000000,1000000000,,,1,30000,1000,0,798,30000,6000,30000,30,0,430656,armed,240000,scheduled,31000,6000,31000,31,0,430656,armed,248000,scheduled,none
240000,1,1,126,1,1,tick,0,0,0,1000,40000,8000,0,200000,0,0,1000000000,1000000000,1000000000,,,1,30000,1000,0,435,30000,8000,30000,30,0,423680,armed,240000,scheduled,31000,8000,31000,31,0,423680,armed,248000,scheduled,none
240000,1,2,126,2,2,tick,0,0,0,1000,40000,8000,0,200000,0,0,1000000000,1000000000,1000000000,,,1,30000,1000,0,436,30000,8000,30000,30,0,423680,armed,240000,scheduled,31000,8000,31000,31,0,423680,armed,248000,scheduled,none
240000,1,3,190,3,3,tick,0,0,0,1000,40000,8000,0,200000,0,0,1000000000,1000000000,1000000000,,,1,30000,1000,0,801,30000,6000,30000,30,0,430656,armed,240000,scheduled,31000,6000,31000,31,0,430656,armed,248000,scheduled,none
247680,0,4,101,0,0,ack,0,0,0,1000,40000,8000,0,200000,0,0,1000000000,1000000000,,7000,1,0,,,,,31000,6000,31000,31,0,430656,armed,248000,scheduled,31000,7000,31000,31,0,447680,armed,248000,scheduled,none
247680,0,12,101,3,3,ack,0,0,0,1000,40000,8000,0,200000,0,0,1000000000,1000000000,,7000,1,0,,,,,31000,6000,31000,31,0,430656,armed,248000,scheduled,31000,7000,31000,31,0,447680,armed,248000,scheduled,none
248000,1,0,197,0,0,tick,0,0,0,1000,40000,8000,0,200000,0,0,1000000000,1000000000,1000000000,,,1,31000,1000,0,826,31000,7000,31000,31,0,447680,armed,248000,scheduled,32000,7000,32000,32,0,447680,armed,256000,scheduled,none
248000,1,1,130,1,1,tick,0,0,0,1000,40000,8000,0,200000,0,0,1000000000,1000000000,1000000000,,,1,31000,1000,0,449,31000,8000,31000,31,0,423680,armed,248000,scheduled,32000,8000,32000,32,0,423680,armed,256000,scheduled,none
248000,1,2,130,2,2,tick,0,0,0,1000,40000,8000,0,200000,0,0,1000000000,1000000000,1000000000,,,1,31000,1000,0,450,31000,8000,31000,31,0,423680,armed,248000,scheduled,32000,8000,32000,32,0,423680,armed,256000,scheduled,none
248000,1,3,197,3,3,tick,0,0,0,1000,40000,8000,0,200000,0,0,1000000000,1000000000,1000000000,,,1,31000,1000,0,829,31000,7000,31000,31,0,447680,armed,248000,scheduled,32000,7000,32000,32,0,447680,armed,256000,scheduled,none
256000,1,0,205,0,0,tick,0,0,0,1000,40000,8000,0,200000,0,0,1000000000,1000000000,1000000000,,,1,32000,1000,0,854,32000,7000,32000,32,0,447680,armed,256000,scheduled,33000,7000,33000,33,0,447680,armed,264000,scheduled,none
256000,1,1,134,1,1,tick,0,0,0,1000,40000,8000,0,200000,0,0,1000000000,1000000000,1000000000,,,1,32000,1000,0,463,32000,8000,32000,32,0,423680,armed,256000,scheduled,33000,8000,33000,33,0,423680,armed,264000,scheduled,none
256000,1,2,134,2,2,tick,0,0,0,1000,40000,8000,0,200000,0,0,1000000000,1000000000,1000000000,,,1,32000,1000,0,464,32000,8000,32000,32,0,423680,armed,256000,scheduled,33000,8000,33000,33,0,423680,armed,264000,scheduled,none
256000,1,3,205,3,3,tick,0,0,0,1000,40000,8000,0,200000,0,0,1000000000,1000000000,1000000000,,,1,32000,1000,0,857,32000,7000,32000,32,0,447680,armed,256000,scheduled,33000,7000,33000,33,0,447680,armed,264000,scheduled,none
256192,0,4,107,0,0,ack,0,0,0,1000,40000,8000,0,200000,0,0,1000000000,1000000000,,8000,0,0,,,,,33000,7000,33000,33,0,447680,armed,264000,scheduled,33000,8000,33000,33,0,456192,armed,264000,scheduled,none
256192,0,12,107,3,3,ack,0,0,0,1000,40000,8000,0,200000,0,0,1000000000,1000000000,,8000,1,0,,,,,33000,7000,33000,33,0,447680,armed,264000,scheduled,33000,8000,33000,33,0,456192,armed,264000,scheduled,none
264000,1,0,212,0,0,tick,0,0,0,1000,40000,8000,0,200000,0,0,1000000000,1000000000,1000000000,,,1,33000,1000,0,868,33000,8000,33000,33,0,456192,armed,264000,scheduled,34000,8000,34000,34,0,456192,armed,272000,scheduled,none
264000,1,1,138,1,1,tick,0,0,0,1000,40000,8000,0,200000,0,0,1000000000,1000000000,1000000000,,,1,33000,1000,0,477,33000,8000,33000,33,0,423680,armed,264000,scheduled,34000,8000,34000,34,0,423680,armed,272000,scheduled,none
264000,1,2,138,2,2,tick,0,0,0,1000,40000,8000,0,200000,0,0,1000000000,1000000000,1000000000,,,1,33000,1000,0,478,33000,8000,33000,33,0,423680,armed,264000,scheduled,34000,8000,34000,34,0,423680,armed,272000,scheduled,none
264000,1,3,212,3,3,tick,0,0,0,1000,40000,8000,0,200000,0,0,1000000000,1000000000,1000000000,,,1,33000,1000,0,871,33000,8000,33000,33,0,456192,armed,264000,scheduled,34000,8000,34000,34,0,456192,armed,272000,scheduled,none
264704,0,4,113,0,0,ack,0,0,0,1000,40000,8000,0,200000,0,0,1000000000,1000000000,,9000,1,0,,,,,34000,8000,34000,34,0,456192,armed,272000,scheduled,34000,9000,34000,34,0,464704,armed,272000,scheduled,none
264704,0,12,113,3,3,ack,0,0,0,1000,40000,8000,0,200000,0,0,1000000000,1000000000,,9000,1,0,,,,,34000,8000,34000,34,0,456192,armed,272000,scheduled,34000,9000,34000,34,0,464704,armed,272000,scheduled,none
272000,1,0,220,0,0,tick,0,0,0,1000,40000,8000,0,200000,0,0,1000000000,1000000000,1000000000,,,1,34000,1000,0,896,34000,9000,34000,34,0,464704,armed,272000,scheduled,35000,9000,35000,35,0,464704,armed,280000,scheduled,none
272000,1,1,142,1,1,tick,0,0,0,1000,40000,8000,0,200000,0,0,1000000000,1000000000,1000000000,,,1,34000,1000,0,491,34000,8000,34000,34,0,423680,armed,272000,scheduled,35000,8000,35000,35,0,423680,armed,280000,scheduled,none
272000,1,2,142,2,2,tick,0,0,0,1000,40000,8000,0,200000,0,0,1000000000,1000000000,1000000000,,,1,34000,1000,0,492,34000,8000,34000,34,0,423680,armed,272000,scheduled,35000,8000,35000,35,0,423680,armed,280000,scheduled,none
272000,1,3,220,3,3,tick,0,0,0,1000,40000,8000,0,200000,0,0,1000000000,1000000000,1000000000,,,1,34000,1000,0,899,34000,9000,34000,34,0,464704,armed,272000,scheduled,35000,9000,35000,35,0,464704,armed,280000,scheduled,none
273216,0,4,119,0,0,ack,0,0,0,1000,40000,8000,0,200000,0,0,1000000000,1000000000,,10000,1,0,,,,,35000,9000,35000,35,0,464704,armed,280000,scheduled,35000,10000,35000,35,0,473216,armed,280000,scheduled,none
273216,0,12,119,3,3,ack,0,0,0,1000,40000,8000,0,200000,0,0,1000000000,1000000000,,10000,1,0,,,,,35000,9000,35000,35,0,464704,armed,280000,scheduled,35000,10000,35000,35,0,473216,armed,280000,scheduled,none
280000,1,0,228,0,0,tick,0,0,0,1000,40000,8000,0,200000,0,0,1000000000,1000000000,1000000000,,,1,35000,1000,0,910,35000,10000,35000,35,0,473216,armed,280000,scheduled,36000,10000,36000,36,0,473216,armed,288000,scheduled,none
280000,1,1,146,1,1,tick,0,0,0,1000,40000,8000,0,200000,0,0,1000000000,1000000000,1000000000,,,1,35000,1000,0,505,35000,8000,35000,35,0,423680,armed,280000,scheduled,36000,8000,36000,36,0,423680,armed,288000,scheduled,none
280000,1,2,146,2,2,tick,0,0,0,1000,40000,8000,0,200000,0,0,1000000000,1000000000,1000000000,,,1,35000,1000,0,506,35000,8000,35000,35,0,423680,armed,280000,scheduled,36000,8000,36000,36,0,423680,armed,288000,scheduled,none
280000,1,3,228,3,3,tick,0,0,0,1000,40000,8000,0,200000,0,0,1000000000,1000000000,1000000000,,,1,35000,1000,0,913,35000,10000,35000,35,0,473216,armed,280000,scheduled,36000,10000,36000,36,0,473216,armed,288000,scheduled,none
281728,0,4,125,0,0,ack,0,0,0,1000,40000,8000,0,200000,0,0,1000000000,1000000000,,11000,1,0,,,,,36000,10000,36000,36,0,473216,armed,288000,scheduled,36000,11000,36000,36,0,481728,armed,288000,scheduled,none
281728,0,12,125,3,3,ack,0,0,0,1000,40000,8000,0,200000,0,0,1000000000,1000000000,,11000,0,0,,,,,36000,10000,36000,36,0,473216,armed,288000,scheduled,36000,11000,36000,36,0,481728,armed,288000,scheduled,none
288000,1,0,233,0,0,tick,0,0,0,1000,40000,8000,0,200000,0,0,1000000000,1000000000,1000000000,,,1,36000,1000,0,924,36000,11000,36000,36,0,481728,armed,288000,scheduled,37000,11000,37000,37,0,481728,armed,296000,scheduled,none
288000,1,1,150,1,1,tick,0,0,0,1000,40000,8000,0,200000,0,0,1000000000,1000000000,1000000000,,,1,36000,1000,0,519,36000,8000,36000,36,0,423680,armed,288000,scheduled,37000,8000,37000,37,0,423680,armed,296000,scheduled,none
288000,1,2,150,2,2,tick,0,0,0,1000,40000,8000,0,200000,0,0,1000000000,1000000000,1000000000,,,1,36000,1000,0,520,36000,8000,36000,36,0,423680,armed,288000,scheduled,37000,8000,37000,37,0,423680,armed,296000,scheduled,none
288000,1,3,233,3,3,tick,0,0,0,1000,40000,8000,0,200000,0,0,1000000000,1000000000,1000000000,,,1,36000,1000,0,927,36000,11000,36000,36,0,481728,armed,288000,scheduled,37000,11000,37000,37,0,481728,armed,296000,scheduled,none
290240,0,4,131,0,0,ack,0,0,0,1000,40000,8000,0,200000,0,0,1000000000,1000000000,,12000,1,0,,,,,37000,11000,37000,37,0,481728,armed,296000,scheduled,37000,12000,37000,37,0,490240,armed,296000,scheduled,none
290240,0,12,131,3,3,ack,0,0,0,1000,40000,8000,0,200000,0,0,1000000000,1000000000,,12000,1,0,,,,,37000,11000,37000,37,0,481728,armed,296000,scheduled,37000,12000,37000,37,0,490240,armed,296000,scheduled,none
296000,1,0,241,0,0,tick,0,0,0,1000,40000,8000,0,200000,0,0,1000000000,1000000000,1000000000,,,1,37000,1000,0,938,37000,12000,37000,37,0,490240,armed,296000,scheduled,38000,12000,38000,38,0,490240,armed,304000,scheduled,none
296000,1,1,154,1,1,tick,0,0,0,1000,40000,8000,0,200000,0,0,1000000000,1000000000,1000000000,,,1,37000,1000,0,533,37000,8000,37000,37,0,423680,armed,296000,scheduled,38000,8000,38000,38,0,423680,armed,304000,scheduled,none
296000,1,2,154,2,2,tick,0,0,0,1000,40000,8000,0,200000,0,0,1000000000,1000000000,1000000000,,,1,37000,1000,0,534,37000,8000,37000,37,0,423680,armed,296000,scheduled,38000,8000,38000,38,0,423680,armed,304000,scheduled,none
296000,1,3,241,3,3,tick,0,0,0,1000,40000,8000,0,200000,0,0,1000000000,1000000000,1000000000,,,1,37000,1000,0,941,37000,12000,37000,37,0,490240,armed,296000,scheduled,38000,12000,38000,38,0,490240,armed,304000,scheduled,none
298752,0,4,137,0,0,ack,0,0,0,1000,40000,8000,0,200000,0,0,1000000000,1000000000,,13000,1,0,,,,,38000,12000,38000,38,0,490240,armed,304000,scheduled,38000,13000,38000,38,0,498752,armed,304000,scheduled,none
298752,0,12,137,3,3,ack,0,0,0,1000,40000,8000,0,200000,0,0,1000000000,1000000000,,13000,1,0,,,,,38000,12000,38000,38,0,490240,armed,304000,scheduled,38000,13000,38000,38,0,498752,armed,304000,scheduled,none
304000,1,0,246,0,0,tick,0,0,0,1000,40000,8000,0,200000,0,0,1000000000,1000000000,1000000000,,,1,38000,1000,0,952,38000,13000,38000,38,0,498752,armed,304000,scheduled,39000,13000,39000,39,0,498752,armed,312000,scheduled,none
304000,1,1,158,1,1,tick,0,0,0,1000,40000,8000,0,200000,0,0,1000000000,1000000000,1000000000,,,1,38000,1000,0,547,38000,8000,38000,38,0,423680,armed,304000,scheduled,39000,8000,39000,39,0,423680,armed,312000,scheduled,none
304000,1,2,158,2,2,tick,0,0,0,1000,40000,8000,0,200000,0,0,1000000000,1000000000,1000000000,,,1,38000,1000,0,548,38000,8000,38000,38,0,423680,armed,304000,scheduled,39000,8000,39000,39,0,423680,armed,312000,scheduled,none
304000,1,3,246,3,3,tick,0,0,0,1000,40000,8000,0,200000,0,0,1000000000,1000000000,1000000000,,,1,38000,1000,0,955,38000,13000,38000,38,0,498752,armed,304000,scheduled,39000,13000,39000,39,0,498752,armed,312000,scheduled,none
307264,0,4,143,0,0,ack,0,0,0,1000,40000,8000,0,200000,0,0,1000000000,1000000000,,14000,1,0,,,,,39000,13000,39000,39,0,498752,armed,312000,scheduled,39000,14000,39000,39,0,507264,armed,312000,scheduled,none
307264,0,12,143,3,3,ack,0,0,0,1000,40000,8000,0,200000,0,0,1000000000,1000000000,,14000,1,0,,,,,39000,13000,39000,39,0,498752,armed,312000,scheduled,39000,14000,39000,39,0,507264,armed,312000,scheduled,none
312000,1,0,251,0,0,tick,0,0,0,1000,40000,8000,0,200000,0,0,1000000000,1000000000,1000000000,,,1,39000,1000,0,966,39000,14000,39000,39,0,507264,armed,312000,scheduled,40000,14000,40000,40,0,507264,parked,,blocked,none
312000,1,1,162,1,1,tick,0,0,0,1000,40000,8000,0,200000,0,0,1000000000,1000000000,1000000000,,,1,39000,1000,0,561,39000,8000,39000,39,0,423680,armed,312000,scheduled,40000,8000,40000,40,0,423680,parked,,blocked,none
312000,1,2,162,2,2,tick,0,0,0,1000,40000,8000,0,200000,0,0,1000000000,1000000000,1000000000,,,1,39000,1000,0,562,39000,8000,39000,39,0,423680,armed,312000,scheduled,40000,8000,40000,40,0,423680,parked,,blocked,none
312000,1,3,251,3,3,tick,0,0,0,1000,40000,8000,0,200000,0,0,1000000000,1000000000,1000000000,,,1,39000,1000,0,969,39000,14000,39000,39,0,507264,armed,312000,scheduled,40000,14000,40000,40,0,507264,parked,,blocked,none
315776,0,4,149,0,0,ack,0,0,0,1000,40000,8000,0,200000,0,0,1000000000,1000000000,,15000,1,0,,,,,40000,14000,40000,40,0,507264,parked,,blocked,40000,15000,40000,40,0,515776,parked,,blocked,none
315776,0,12,149,3,3,ack,0,0,0,1000,40000,8000,0,200000,0,0,1000000000,1000000000,,15000,1,0,,,,,40000,14000,40000,40,0,507264,parked,,blocked,40000,15000,40000,40,0,515776,parked,,blocked,none
324288,0,4,155,0,0,ack,0,0,0,1000,40000,8000,0,200000,0,0,1000000000,1000000000,,16000,1,0,,,,,40000,15000,40000,40,0,515776,parked,,blocked,40000,16000,40000,40,0,524288,parked,,blocked,none
324288,0,12,155,3,3,ack,0,0,0,1000,40000,8000,0,200000,0,0,1000000000,1000000000,,16000,1,0,,,,,40000,15000,40000,40,0,515776,parked,,blocked,40000,16000,40000,40,0,524288,parked,,blocked,none
332800,0,4,161,0,0,ack,0,0,0,1000,40000,8000,0,200000,0,0,1000000000,1000000000,,17000,1,0,,,,,40000,16000,40000,40,0,524288,parked,,blocked,40000,17000,40000,40,0,532800,parked,,blocked,none
332800,0,12,161,3,3,ack,0,0,0,1000,40000,8000,0,200000,0,0,1000000000,1000000000,,17000,1,0,,,,,40000,16000,40000,40,0,524288,parked,,blocked,40000,17000,40000,40,0,532800,parked,,blocked,none
341312,0,4,167,0,0,ack,0,0,0,1000,40000,8000,0,200000,0,0,1000000000,1000000000,,18000,1,0,,,,,40000,17000,40000,40,0,532800,parked,,blocked,40000,18000,40000,40,0,541312,parked,,blocked,none
341312,0,12,167,3,3,ack,0,0,0,1000,40000,8000,0,200000,0,0,1000000000,1000000000,,18000,1,0,,,,,40000,17000,40000,40,0,532800,parked,,blocked,40000,18000,40000,40,0,541312,parked,,blocked,none
349824,0,4,173,0,0,ack,0,0,0,1000,40000,8000,0,200000,0,0,1000000000,1000000000,,19000,1,0,,,,,40000,18000,40000,40,0,541312,parked,,blocked,40000,19000,40000,40,0,549824,parked,,blocked,none
349824,0,12,173,3,3,ack,0,0,0,1000,40000,8000,0,200000,0,0,1000000000,1000000000,,19000,1,0,,,,,40000,18000,40000,40,0,541312,parked,,blocked,40000,19000,40000,40,0,549824,parked,,blocked,none
358336,0,4,179,0,0,ack,0,0,0,1000,40000,8000,0,200000,0,0,1000000000,1000000000,,20000,1,0,,,,,40000,19000,40000,40,0,549824,parked,,blocked,40000,20000,40000,40,0,558336,parked,,blocked,none
358336,0,12,179,3,3,ack,0,0,0,1000,40000,8000,0,200000,0,0,1000000000,1000000000,,20000,0,0,,,,,40000,19000,40000,40,0,549824,parked,,blocked,40000,20000,40000,40,0,558336,parked,,blocked,none
359360,0,6,26,1,1,nack,0,0,0,1000,40000,8000,0,200000,0,0,1000000000,1000000000,,8000,1,0,,,,,40000,8000,40000,40,0,423680,parked,,blocked,8000,8000,40000,40,0,559360,armed,360000,scheduled,none
359360,0,9,26,2,2,nack,0,0,0,1000,40000,8000,0,200000,0,0,1000000000,1000000000,,8000,1,0,,,,,40000,8000,40000,40,0,423680,parked,,blocked,8000,8000,40000,40,0,559360,armed,360000,scheduled,none
360000,1,1,169,1,1,tick,0,0,0,1000,40000,8000,0,200000,0,0,1000000000,1000000000,1000000000,,,1,8000,1000,1,575,8000,8000,40000,40,0,559360,armed,360000,scheduled,9000,8000,40000,40,0,559360,armed,368000,scheduled,none
360000,1,2,169,2,2,tick,0,0,0,1000,40000,8000,0,200000,0,0,1000000000,1000000000,1000000000,,,1,8000,1000,1,576,8000,8000,40000,40,0,559360,armed,360000,scheduled,9000,8000,40000,40,0,559360,armed,368000,scheduled,none
368000,1,1,171,1,1,tick,0,0,0,1000,40000,8000,0,200000,0,0,1000000000,1000000000,1000000000,,,1,9000,1000,1,589,9000,8000,40000,40,0,559360,armed,368000,scheduled,10000,8000,40000,40,0,559360,armed,376000,scheduled,none
368000,1,2,171,2,2,tick,0,0,0,1000,40000,8000,0,200000,0,0,1000000000,1000000000,1000000000,,,1,9000,1000,1,590,9000,8000,40000,40,0,559360,armed,368000,scheduled,10000,8000,40000,40,0,559360,armed,376000,scheduled,none
376000,1,1,175,1,1,tick,0,0,0,1000,40000,8000,0,200000,0,0,1000000000,1000000000,1000000000,,,1,10000,1000,1,603,10000,8000,40000,40,0,559360,armed,376000,scheduled,11000,8000,40000,40,0,559360,armed,384000,scheduled,none
376000,1,2,175,2,2,tick,0,0,0,1000,40000,8000,0,200000,0,0,1000000000,1000000000,1000000000,,,1,10000,1000,1,604,10000,8000,40000,40,0,559360,armed,376000,scheduled,11000,8000,40000,40,0,559360,armed,384000,scheduled,none
384000,1,1,179,1,1,tick,0,0,0,1000,40000,8000,0,200000,0,0,1000000000,1000000000,1000000000,,,1,11000,1000,1,617,11000,8000,40000,40,0,559360,armed,384000,scheduled,12000,8000,40000,40,0,559360,armed,392000,scheduled,none
384000,1,2,179,2,2,tick,0,0,0,1000,40000,8000,0,200000,0,0,1000000000,1000000000,1000000000,,,1,11000,1000,1,618,11000,8000,40000,40,0,559360,armed,384000,scheduled,12000,8000,40000,40,0,559360,armed,392000,scheduled,none
392000,1,1,183,1,1,tick,0,0,0,1000,40000,8000,0,200000,0,0,1000000000,1000000000,1000000000,,,1,12000,1000,1,631,12000,8000,40000,40,0,559360,armed,392000,scheduled,13000,8000,40000,40,0,559360,armed,400000,scheduled,none
392000,1,2,183,2,2,tick,0,0,0,1000,40000,8000,0,200000,0,0,1000000000,1000000000,1000000000,,,1,12000,1000,1,632,12000,8000,40000,40,0,559360,armed,392000,scheduled,13000,8000,40000,40,0,559360,armed,400000,scheduled,none
400000,1,1,187,1,1,tick,0,0,0,1000,40000,8000,0,200000,0,0,1000000000,1000000000,1000000000,,,1,13000,1000,1,645,13000,8000,40000,40,0,559360,armed,400000,scheduled,14000,8000,40000,40,0,559360,armed,408000,scheduled,none
400000,1,2,187,2,2,tick,0,0,0,1000,40000,8000,0,200000,0,0,1000000000,1000000000,1000000000,,,1,13000,1000,1,646,13000,8000,40000,40,0,559360,armed,400000,scheduled,14000,8000,40000,40,0,559360,armed,408000,scheduled,none
408000,1,1,191,1,1,tick,0,0,0,1000,40000,8000,0,200000,0,0,1000000000,1000000000,1000000000,,,1,14000,1000,1,659,14000,8000,40000,40,0,559360,armed,408000,scheduled,15000,8000,40000,40,0,559360,armed,416000,scheduled,none
408000,1,2,191,2,2,tick,0,0,0,1000,40000,8000,0,200000,0,0,1000000000,1000000000,1000000000,,,1,14000,1000,1,660,14000,8000,40000,40,0,559360,armed,408000,scheduled,15000,8000,40000,40,0,559360,armed,416000,scheduled,none
416000,1,1,195,1,1,tick,0,0,0,1000,40000,8000,0,200000,0,0,1000000000,1000000000,1000000000,,,1,15000,1000,1,673,15000,8000,40000,40,0,559360,armed,416000,scheduled,16000,8000,40000,40,0,559360,armed,424000,scheduled,none
416000,1,2,195,2,2,tick,0,0,0,1000,40000,8000,0,200000,0,0,1000000000,1000000000,1000000000,,,1,15000,1000,1,674,15000,8000,40000,40,0,559360,armed,416000,scheduled,16000,8000,40000,40,0,559360,armed,424000,scheduled,none
423360,0,4,206,0,0,nack,0,0,0,1000,40000,8000,0,200000,0,0,1000000000,1000000000,,20000,1,0,,,,,40000,20000,40000,40,0,558336,parked,,blocked,20000,20000,40000,40,0,623360,armed,424000,scheduled,none
423360,0,12,206,3,3,nack,0,0,0,1000,40000,8000,0,200000,0,0,1000000000,1000000000,,20000,1,0,,,,,40000,20000,40000,40,0,558336,parked,,blocked,20000,20000,40000,40,0,623360,armed,424000,scheduled,none
424000,1,0,271,0,0,tick,0,0,0,1000,40000,8000,0,200000,0,0,1000000000,1000000000,1000000000,,,1,20000,1000,1,994,20000,20000,40000,40,0,623360,armed,424000,scheduled,21000,20000,40000,40,0,623360,armed,432000,scheduled,none
424000,1,1,199,1,1,tick,0,0,0,1000,40000,8000,0,200000,0,0,1000000000,1000000000,1000000000,,,1,16000,1000,1,687,16000,8000,40000,40,0,559360,armed,424000,scheduled,17000,8000,40000,40,0,559360,armed,432000,scheduled,none
424000,1,2,199,2,2,tick,0,0,0,1000,40000,8000,0,200000,0,0,1000000000,1000000000,1000000000,,,1,16000,1000,1,688,16000,8000,40000,40,0,559360,armed,424000,scheduled,17000,8000,40000,40,0,559360,armed,432000,scheduled,none
424000,1,3,271,3,3,tick,0,0,0,1000,40000,8000,0,200000,0,0,1000000000,1000000000,1000000000,,,1,20000,1000,1,997,20000,20000,40000,40,0,623360,armed,424000,scheduled,21000,20000,40000,40,0,623360,armed,432000,scheduled,none
432000,1,0,273,0,0,tick,0,0,0,1000,40000,8000,0,200000,0,0,1000000000,1000000000,1000000000,,,1,21000,1000,1,1022,21000,20000,40000,40,0,623360,armed,432000,scheduled,22000,20000,40000,40,0,623360,armed,440000,scheduled,none
432000,1,1,203,1,1,tick,0,0,0,1000,40000,8000,0,200000,0,0,1000000000,1000000000,1000000000,,,1,17000,1000,1,701,17000,8000,40000,40,0,559360,armed,432000,scheduled,18000,8000,40000,40,0,559360,armed,440000,scheduled,none
432000,1,2,203,2,2,tick,0,0,0,1000,40000,8000,0,200000,0,0,1000000000,1000000000,1000000000,,,1,17000,1000,1,702,17000,8000,40000,40,0,559360,armed,432000,scheduled,18000,8000,40000,40,0,559360,armed,440000,scheduled,none
432000,1,3,273,3,3,tick,0,0,0,1000,40000,8000,0,200000,0,0,1000000000,1000000000,1000000000,,,1,21000,1000,1,1025,21000,20000,40000,40,0,623360,armed,432000,scheduled,22000,20000,40000,40,0,623360,armed,440000,scheduled,none
440000,1,0,277,0,0,tick,0,0,0,1000,40000,8000,0,200000,0,0,1000000000,1000000000,1000000000,,,1,22000,1000,1,1050,22000,20000,40000,40,0,623360,armed,440000,scheduled,23000,20000,40000,40,0,623360,armed,448000,scheduled,none
440000,1,1,207,1,1,tick,0,0,0,1000,40000,8000,0,200000,0,0,1000000000,1000000000,1000000000,,,1,18000,1000,1,715,18000,8000,40000,40,0,559360,armed,440000,scheduled,19000,8000,40000,40,0,559360,armed,448000,scheduled,none
440000,1,2,207,2,2,tick,0,0,0,1000,40000,8000,0,200000,0,0,1000000000,1000000000,1000000000,,,1,18000,1000,1,716,18000,8000,40000,40,0,559360,armed,440000,scheduled,19000,8000,40000,40,0,559360,armed,448000,scheduled,none
440000,1,3,277,3,3,tick,0,0,0,1000,40000,8000,0,200000,0,0,1000000000,1000000000,1000000000,,,1,22000,1000,1,1053,22000,20000,40000,40,0,623360,armed,440000,scheduled,23000,20000,40000,40,0,623360,armed,448000,scheduled,none
448000,1,0,284,0,0,tick,0,0,0,1000,40000,8000,0,200000,0,0,1000000000,1000000000,1000000000,,,1,23000,1000,1,1078,23000,20000,40000,40,0,623360,armed,448000,scheduled,24000,20000,40000,40,0,623360,armed,456000,scheduled,none
448000,1,1,211,1,1,tick,0,0,0,1000,40000,8000,0,200000,0,0,1000000000,1000000000,1000000000,,,1,19000,1000,1,729,19000,8000,40000,40,0,559360,armed,448000,scheduled,20000,8000,40000,40,0,559360,armed,456000,scheduled,none
448000,1,2,211,2,2,tick,0,0,0,1000,40000,8000,0,200000,0,0,1000000000,1000000000,1000000000,,,1,19000,1000,1,730,19000,8000,40000,40,0,559360,armed,448000,scheduled,20000,8000,40000,40,0,559360,armed,456000,scheduled,none
448000,1,3,284,3,3,tick,0,0,0,1000,40000,8000,0,200000,0,0,1000000000,1000000000,1000000000,,,1,23000,1000,1,1081,23000,20000,40000,40,0,623360,armed,448000,scheduled,24000,20000,40000,40,0,623360,armed,456000,scheduled,none
456000,1,0,291,0,0,tick,0,0,0,1000,40000,8000,0,200000,0,0,1000000000,1000000000,1000000000,,,1,24000,1000,1,1106,24000,20000,40000,40,0,623360,armed,456000,scheduled,25000,20000,40000,40,0,623360,armed,464000,scheduled,none
456000,1,1,215,1,1,tick,0,0,0,1000,40000,8000,0,200000,0,0,1000000000,1000000000,1000000000,,,1,20000,1000,1,743,20000,8000,40000,40,0,559360,armed,456000,scheduled,21000,8000,40000,40,0,559360,armed,464000,scheduled,none
456000,1,2,215,2,2,tick,0,0,0,1000,40000,8000,0,200000,0,0,1000000000,1000000000,1000000000,,,1,20000,1000,1,744,20000,8000,40000,40,0,559360,armed,456000,scheduled,21000,8000,40000,40,0,559360,armed,464000,scheduled,none
456000,1,3,291,3,3,tick,0,0,0,1000,40000,8000,0,200000,0,0,1000000000,1000000000,1000000000,,,1,24000,1000,1,1109,24000,20000,40000,40,0,623360,armed,456000,scheduled,25000,20000,40000,40,0,623360,armed,464000,scheduled,none
464000,1,0,298,0,0,tick,0,0,0,1000,40000,8000,0,200000,0,0,1000000000,1000000000,1000000000,,,1,25000,1000,1,1134,25000,20000,40000,40,0,623360,armed,464000,scheduled,26000,20000,40000,40,0,623360,armed,472000,scheduled,none
464000,1,1,219,1,1,tick,0,0,0,1000,40000,8000,0,200000,0,0,1000000000,1000000000,1000000000,,,1,21000,1000,1,757,21000,8000,40000,40,0,559360,armed,464000,scheduled,22000,8000,40000,40,0,559360,armed,472000,scheduled,none
464000,1,2,219,2,2,tick,0,0,0,1000,40000,8000,0,200000,0,0,1000000000,1000000000,1000000000,,,1,21000,1000,1,758,21000,8000,40000,40,0,559360,armed,464000,scheduled,22000,8000,40000,40,0,559360,armed,472000,scheduled,none
464000,1,3,298,3,3,tick,0,0,0,1000,40000,8000,0,200000,0,0,1000000000,1000000000,1000000000,,,1,25000,1000,1,1137,25000,20000,40000,40,0,623360,armed,464000,scheduled,26000,20000,40000,40,0,623360,armed,472000,scheduled,none
472000,1,0,305,0,0,tick,0,0,0,1000,40000,8000,0,200000,0,0,1000000000,1000000000,1000000000,,,1,26000,1000,1,1162,26000,20000,40000,40,0,623360,armed,472000,scheduled,27000,20000,40000,40,0,623360,armed,480000,scheduled,none
472000,1,1,223,1,1,tick,0,0,0,1000,40000,8000,0,200000,0,0,1000000000,1000000000,1000000000,,,1,22000,1000,1,771,22000,8000,40000,40,0,559360,armed,472000,scheduled,23000,8000,40000,40,0,559360,armed,480000,scheduled,none
472000,1,2,223,2,2,tick,0,0,0,1000,40000,8000,0,200000,0,0,1000000000,1000000000,1000000000,,,1,22000,1000,1,772,22000,8000,40000,40,0,559360,armed,472000,scheduled,23000,8000,40000,40,0,559360,armed,480000,scheduled,none
472000,1,3,305,3,3,tick,0,0,0,1000,40000,8000,0,200000,0,0,1000000000,1000000000,1000000000,,,1,26000,1000,1,1165,26000,20000,40000,40,0,623360,armed,472000,scheduled,27000,20000,40000,40,0,623360,armed,480000,scheduled,none
480000,1,0,312,0,0,tick,0,0,0,1000,40000,8000,0,200000,0,0,1000000000,1000000000,1000000000,,,1,27000,1000,1,1190,27000,20000,40000,40,0,623360,armed,480000,scheduled,28000,20000,40000,40,0,623360,armed,488000,scheduled,none
480000,1,1,227,1,1,tick,0,0,0,1000,40000,8000,0,200000,0,0,1000000000,1000000000,1000000000,,,1,23000,1000,1,785,23000,8000,40000,40,0,559360,armed,480000,scheduled,24000,8000,40000,40,0,559360,armed,488000,scheduled,none
480000,1,2,227,2,2,tick,0,0,0,1000,40000,8000,0,200000,0,0,1000000000,1000000000,1000000000,,,1,23000,1000,1,786,23000,8000,40000,40,0,559360,armed,480000,scheduled,24000,8000,40000,40,0,559360,armed,488000,scheduled,none
480000,1,3,312,3,3,tick,0,0,0,1000,40000,8000,0,200000,0,0,1000000000,1000000000,1000000000,,,1,27000,1000,1,1193,27000,20000,40000,40,0,623360,armed,480000,scheduled,28000,20000,40000,40,0,623360,armed,488000,scheduled,none
488000,1,0,319,0,0,tick,0,0,0,1000,40000,8000,0,200000,0,0,1000000000,1000000000,1000000000,,,1,28000,1000,1,1218,28000,20000,40000,40,0,623360,armed,488000,scheduled,29000,20000,40000,40,0,623360,armed,496000,scheduled,none
488000,1,1,231,1,1,tick,0,0,0,1000,40000,8000,0,200000,0,0,1000000000,1000000000,1000000000,,,1,24000,1000,1,799,24000,8000,40000,40,0,559360,armed,488000,scheduled,25000,8000,40000,40,0,559360,armed,496000,scheduled,none
488000,1,2,231,2,2,tick,0,0,0,1000,40000,8000,0,200000,0,0,1000000000,1000000000,1000000000,,,1,24000,1000,1,800,24000,8000,40000,40,0,559360,armed,488000,scheduled,25000,8000,40000,40,0,559360,armed,496000,scheduled,none
488000,1,3,319,3,3,tick,0,0,0,1000,40000,8000,0,200000,0,0,1000000000,1000000000,1000000000,,,1,28000,1000,1,1221,28000,20000,40000,40,0,623360,armed,488000,scheduled,29000,20000,40000,40,0,623360,armed,496000,scheduled,none
496000,1,0,326,0,0,tick,0,0,0,1000,40000,8000,0,200000,0,0,1000000000,1000000000,1000000000,,,1,29000,1000,1,1246,29000,20000,40000,40,0,623360,armed,496000,scheduled,30000,20000,40000,40,0,623360,armed,504000,scheduled,none
496000,1,1,235,1,1,tick,0,0,0,1000,40000,8000,0,200000,0,0,1000000000,1000000000,1000000000,,,1,25000,1000,1,813,25000,8000,40000,40,0,559360,armed,496000,scheduled,26000,8000,40000,40,0,559360,armed,504000,scheduled,none
496000,1,2,235,2,2,tick,0,0,0,1000,40000,8000,0,200000,0,0,1000000000,1000000000,1000000000,,,1,25000,1000,1,814,25000,8000,40000,40,0,559360,armed,496000,scheduled,26000,8000,40000,40,0,559360,armed,504000,scheduled,none
496000,1,3,326,3,3,tick,0,0,0,1000,40000,8000,0,200000,0,0,1000000000,1000000000,1000000000,,,1,29000,1000,1,1249,29000,20000,40000,40,0,623360,armed,496000,scheduled,30000,20000,40000,40,0,623360,armed,504000,scheduled,none
496384,0,6,29,1,1,ack,0,0,0,1000,40000,8000,0,200000,0,0,1000000000,1000000000,,9000,1,0,,,,,26000,8000,40000,40,0,559360,armed,504000,scheduled,26000,9000,40000,40,0,696384,armed,504000,scheduled,none
496384,0,9,29,2,2,ack,0,0,0,1000,40000,8000,0,200000,0,0,1000000000,1000000000,,9000,1,0,,,,,26000,8000,40000,40,0,559360,armed,504000,scheduled,26000,9000,40000,40,0,696384,armed,504000,scheduled,none
504000,1,0,333,0,0,tick,0,0,0,1000,40000,8000,0,200000,0,0,1000000000,1000000000,1000000000,,,1,30000,1000,1,1274,30000,20000,40000,40,0,623360,armed,504000,scheduled,31000,20000,40000,40,0,623360,armed,512000,scheduled,none
504000,1,1,239,1,1,tick,0,0,0,1000,40000,8000,0,200000,0,0,1000000000,1000000000,1000000000,,,1,26000,1000,1,827,26000,9000,40000,40,0,696384,armed,504000,scheduled,27000,9000,40000,40,0,696384,armed,512000,scheduled,none
504000,1,2,239,2,2,tick,0,0,0,1000,40000,8000,0,200000,0,0,1000000000,1000000000,1000000000,,,1,26000,1000,1,828,26000,9000,40000,40,0,696384,armed,504000,scheduled,27000,9000,40000,40,0,696384,armed,512000,scheduled,none
504000,1,3,333,3,3,tick,0,0,0,1000,40000,8000,0,200000,0,0,1000000000,1000000000,1000000000,,,1,30000,1000,1,1277,30000,20000,40000,40,0,623360,armed,504000,scheduled,31000,20000,40000,40,0,623360,armed,512000,scheduled,none
512000,1,0,340,0,0,tick,0,0,0,1000,40000,8000,0,200000,0,0,1000000000,1000000000,1000000000,,,1,31000,1000,1,1302,31000,20000,40000,40,0,623360,armed,512000,scheduled,32000,20000,40000,40,0,623360,armed,520000,scheduled,none
512000,1,1,244,1,1,tick,0,0,0,1000,40000,8000,0,200000,0,0,1000000000,1000000000,1000000000,,,1,27000,1000,1,841,27000,9000,40000,40,0,696384,armed,512000,scheduled,28000,9000,40000,40,0,696384,armed,520000,scheduled,none
512000,1,2,244,2,2,tick,0,0,0,1000,40000,8000,0,200000,0,0,1000000000,1000000000,1000000000,,,1,27000,1000,1,842,27000,9000,40000,40,0,696384,armed,512000,scheduled,28000,9000,40000,40,0,696384,armed,520000,scheduled,none
512000,1,3,340,3,3,tick,0,0,0,1000,40000,8000,0,200000,0,0,1000000000,1000000000,1000000000,,,1,31000,1000,1,1305,31000,20000,40000,40,0,623360,armed,512000,scheduled,32000,20000,40000,40,0,623360,armed,520000,scheduled,none
512896,0,6,32,1,1,ack,0,0,0,1000,40000,8000,0,200000,0,0,1000000000,1000000000,,10000,0,0,,,,,28000,9000,40000,40,0,696384,armed,520000,scheduled,28000,10000,40000,40,0,712896,armed,520000,scheduled,none
512896,0,9,32,2,2,ack,0,0,0,1000,40000,8000,0,200000,0,0,1000000000,1000000000,,10000,0,0,,,,,28000,9000,40000,40,0,696384,armed,520000,scheduled,28000,10000,40000,40,0,712896,armed,520000,scheduled,none
520000,1,0,347,0,0,tick,0,0,0,1000,40000,8000,0,200000,0,0,1000000000,1000000000,1000000000,,,1,32000,1000,1,1330,32000,20000,40000,40,0,623360,armed,520000,scheduled,33000,20000,40000,40,0,623360,armed,528000,scheduled,none
520000,1,1,248,1,1,tick,0,0,0,1000,40000,8000,0,200000,0,0,1000000000,1000000000,1000000000,,,1,28000,1000,1,855,28000,10000,40000,40,0,712896,armed,520000,scheduled,29000,10000,40000,40,0,712896,armed,528000,scheduled,none
520000,1,2,248,2,2,tick,0,0,0,1000,40000,8000,0,200000,0,0,1000000000,1000000000,1000000000,,,1,28000,1000,1,856,28000,10000,40000,40,0,712896,armed,520000,scheduled,29000,10000,40000,40,0,712896,armed,528000,scheduled,none
520000,1,3,347,3,3,tick,0,0,0,1000,40000,8000,0,200000,0,0,1000000000,1000000000,1000000000,,,1,32000,1000,1,1333,32000,20000,40000,40,0,623360,armed,520000,scheduled,33000,20000,40000,40,0,623360,armed,528000,scheduled,none
521408,0,6,35,1,1,ack,0,0,0,1000,40000,8000,0,200000,0,0,1000000000,1000000000,,11000,0,0,,,,,29000,10000,40000,40,0,712896,armed,528000,scheduled,29000,11000,40000,40,0,721408,armed,528000,scheduled,none
521408,0,9,35,2,2,ack,0,0,0,1000,40000,8000,0,200000,0,0,1000000000,1000000000,,11000,0,0,,,,,29000,10000,40000,40,0,712896,armed,528000,scheduled,29000,11000,40000,40,0,721408,armed,528000,scheduled,none
528000,1,0,354,0,0,tick,0,0,0,1000,40000,8000,0,200000,0,0,1000000000,1000000000,1000000000,,,1,33000,1000,1,1358,33000,20000,40000,40,0,623360,armed,528000,scheduled,34000,20000,40000,40,0,623360,armed,536000,scheduled,none
528000,1,1,253,1,1,tick,0,0,0,1000,40000,8000,0,200000,0,0,1000000000,1000000000,1000000000,,,1,29000,1000,1,869,29000,11000,40000,40,0,721408,armed,528000,scheduled,30000,11000,40000,40,0,721408,armed,536000,scheduled,none
528000,1,2,253,2,2,tick,0,0,0,1000,40000,8000,0,200000,0,0,1000000000,1000000000,1000000000,,,1,29000,1000,1,870,29000,11000,40000,40,0,721408,armed,528000,scheduled,30000,11000,40000,40,0,721408,armed,536000,scheduled,none
528000,1,3,354,3,3,tick,0,0,0,1000,40000,8000,0,200000,0,0,1000000000,1000000000,1000000000,,,1,33000,1000,1,1361,33000,20000,40000,40,0,623360,armed,528000,scheduled,34000,20000,40000,40,0,623360,armed,536000,scheduled,none
529920,0,6,38,1,1,ack,0,0,0,1000,40000,8000,0,200000,0,0,1000000000,1000000000,,12000,0,0,,,,,30000,11000,40000,40,0,721408,armed,536000,scheduled,30000,12000,40000,40,0,729920,armed,536000,scheduled,none
529920,0,9,38,2,2,ack,0,0,0,1000,40000,8000,0,200000,0,0,1000000000,1000000000,,12000,0,0,,,,,30000,11000,40000,40,0,721408,armed,536000,scheduled,30000,12000,40000,40,0,729920,armed,536000,scheduled,none
536000,1,0,361,0,0,tick,0,0,0,1000,40000,8000,0,200000,0,0,1000000000,1000000000,1000000000,,,1,34000,1000,1,1372,34000,20000,40000,40,0,623360,armed,536000,scheduled,35000,20000,40000,40,0,623360,armed,544000,scheduled,none
536000,1,1,258,1,1,tick,0,0,0,1000,40000,8000,0,200000,0,0,1000000000,1000000000,1000000000,,,1,30000,1000,1,883,30000,12000,40000,40,0,729920,armed,536000,scheduled,31000,12000,40000,40,0,729920,armed,544000,scheduled,none
536000,1,2,258,2,2,tick,0,0,0,1000,40000,8000,0,200000,0,0,1000000000,1000000000,1000000000,,,1,30000,1000,1,884,30000,12000,40000,40,0,729920,armed,536000,scheduled,31000,12000,40000,40,0,729920,armed,544000,scheduled,none
536000,1,3,361,3,3,tick,0,0,0,1000,40000,8000,0,200000,0,0,1000000000,1000000000,1000000000,,,1,34000,1000,1,1375,34000,20000,40000,40,0,623360,armed,536000,scheduled,35000,20000,40000,40,0,623360,armed,544000,scheduled,none
538432,0,6,41,1,1,ack,0,0,0,1000,40000,8000,0,200000,0,0,1000000000,1000000000,,13000,0,0,,,,,31000,12000,40000,40,0,729920,armed,544000,scheduled,31000,13000,40000,40,0,738432,armed,544000,scheduled,none
538432,0,9,41,2,2,ack,0,0,0,1000,40000,8000,0,200000,0,0,1000000000,1000000000,,13000,1,0,,,,,31000,12000,40000,40,0,729920,armed,544000,scheduled,31000,13000,40000,40,0,738432,armed,544000,scheduled,none
544000,1,0,368,0,0,tick,0,0,0,1000,40000,8000,0,200000,0,0,1000000000,1000000000,1000000000,,,1,35000,1000,1,1400,35000,20000,40000,40,0,623360,armed,544000,scheduled,36000,20000,40000,40,0,623360,armed,552000,scheduled,none
544000,1,1,263,1,1,tick,0,0,0,1000,40000,8000,0,200000,0,0,1000000000,1000000000,1000000000,,,1,31000,1000,1,897,31000,13000,40000,40,0,738432,armed,544000,scheduled,32000,13000,40000,40,0,738432,armed,552000,scheduled,none
544000,1,2,263,2,2,tick,0,0,0,1000,40000,8000,0,200000,0,0,1000000000,1000000000,1000000000,,,1,31000,1000,1,898,31000,13000,40000,40,0,738432,armed,544000,scheduled,32000,13000,40000,40,0,738432,armed,552000,scheduled,none
544000,1,3,368,3,3,tick,0,0,0,1000,40000,8000,0,200000,0,0,1000000000,1000000000,1000000000,,,1,35000,1000,1,1403,35000,20000,40000,40,0,623360,armed,544000,scheduled,36000,20000,40000,40,0,623360,armed,552000,scheduled,none
546944,0,6,44,1,1,ack,0,0,0,1000,40000,8000,0,200000,0,0,1000000000,1000000000,,14000,1,0,,,,,32000,13000,40000,40,0,738432,armed,552000,scheduled,32000,14000,40000,40,0,746944,armed,552000,scheduled,none
546944,0,9,44,2,2,ack,0,0,0,1000,40000,8000,0,200000,0,0,1000000000,1000000000,,14000,0,0,,,,,32000,13000,40000,40,0,738432,armed,552000,scheduled,32000,14000,40000,40,0,746944,armed,552000,scheduled,none
552000,1,0,372,0,0,tick,0,0,0,1000,40000,8000,0,200000,0,0,1000000000,1000000000,1000000000,,,1,36000,1000,1,1428,36000,20000,40000,40,0,623360,armed,552000,scheduled,37000,20000,40000,40,0,623360,armed,560000,scheduled,none
552000,1,1,268,1,1,tick,0,0,0,1000,40000,8000,0,200000,0,0,1000000000,1000000000,1000000000,,,1,32000,1000,1,911,32000,14000,40000,40,0,746944,armed,552000,scheduled,33000,14000,40000,40,0,746944,armed,560000,scheduled,none
552000,1,2,268,2,2,tick,0,0,0,1000,40000,8000,0,200000,0,0,1000000000,1000000000,1000000000,,,1,32000,1000,1,912,32000,14000,40000,40,0,746944,armed,552000,scheduled,33000,14000,40000,40,0,746944,armed,560000,scheduled,none
552000,1,3,372,3,3,tick,0,0,0,1000,40000,8000,0,200000,0,0,1000000000,1000000000,1000000000,,,1,36000,1000,1,1431,36000,20000,40000,40,0,623360,armed,552000,scheduled,37000,20000,40000,40,0,623360,armed,560000,scheduled,none
555456,0,6,47,1,1,ack,0,0,0,1000,40000,8000,0,200000,0,0,1000000000,1000000000,,15000,1,0,,,,,33000,14000,40000,40,0,746944,armed,560000,scheduled,33000,15000,40000,40,0,755456,armed,560000,scheduled,none
555456,0,9,47,2,2,ack,0,0,0,1000,40000,8000,0,200000,0,0,1000000000,1000000000,,15000,0,0,,,,,33000,14000,40000,40,0,746944,armed,560000,scheduled,33000,15000,40000,40,0,755456,armed,560000,scheduled,none
560000,1,0,379,0,0,tick,0,0,0,1000,40000,8000,0,200000,0,0,1000000000,1000000000,1000000000,,,1,37000,1000,1,1456,37000,20000,40000,40,0,623360,armed,560000,scheduled,38000,20000,40000,40,0,623360,armed,568000,scheduled,none
560000,1,1,273,1,1,tick,0,0,0,1000,40000,8000,0,200000,0,0,1000000000,1000000000,1000000000,,,1,33000,1000,1,925,33000,15000,40000,40,0,755456,armed,560000,scheduled,34000,15000,40000,40,0,755456,armed,568000,scheduled,none
560000,1,2,273,2,2,tick,0,0,0,1000,40000,8000,0,200000,0,0,1000000000,1000000000,1000000000,,,1,33000,1000,1,926,33000,15000,40000,40,0,755456,armed,560000,scheduled,34000,15000,40000,40,0,755456,armed,568000,scheduled,none
560000,1,3,379,3,3,tick,0,0,0,1000,40000,8000,0,200000,0,0,1000000000,1000000000,1000000000,,,1,37000,1000,1,1459,37000,20000,40000,40,0,623360,armed,560000,scheduled,38000,20000,40000,40,0,623360,armed,568000,scheduled,none
563968,0,6,50,1,1,ack,0,0,0,1000,40000,8000,0,200000,0,0,1000000000,1000000000,,16000,1,0,,,,,34000,15000,40000,40,0,755456,armed,568000,scheduled,34000,16000,40000,40,0,763968,armed,568000,scheduled,none
563968,0,9,50,2,2,ack,0,0,0,1000,40000,8000,0,200000,0,0,1000000000,1000000000,,16000,0,0,,,,,34000,15000,40000,40,0,755456,armed,568000,scheduled,34000,16000,40000,40,0,763968,armed,568000,scheduled,none
568000,1,0,386,0,0,tick,0,0,0,1000,40000,8000,0,200000,0,0,1000000000,1000000000,1000000000,,,1,38000,1000,1,1484,38000,20000,40000,40,0,623360,armed,568000,scheduled,39000,20000,40000,40,0,623360,armed,576000,scheduled,none
568000,1,1,278,1,1,tick,0,0,0,1000,40000,8000,0,200000,0,0,1000000000,1000000000,1000000000,,,1,34000,1000,1,939,34000,16000,40000,40,0,763968,armed,568000,scheduled,35000,16000,40000,40,0,763968,armed,576000,scheduled,none
568000,1,2,278,2,2,tick,0,0,0,1000,40000,8000,0,200000,0,0,1000000000,1000000000,1000000000,,,1,34000,1000,1,940,34000,16000,40000,40,0,763968,armed,568000,scheduled,35000,16000,40000,40,0,763968,armed,576000,scheduled,none
568000,1,3,386,3,3,tick,0,0,0,1000,40000,8000,0,200000,0,0,1000000000,1000000000,1000000000,,,1,38000,1000,1,1487,38000,20000,40000,40,0,623360,armed,568000,scheduled,39000,20000,40000,40,0,623360,armed,576000,scheduled,none
572480,0,6,53,1,1,ack,0,0,0,1000,40000,8000,0,200000,0,0,1000000000,1000000000,,17000,0,0,,,,,35000,16000,40000,40,0,763968,armed,576000,scheduled,35000,17000,40000,40,0,772480,armed,576000,scheduled,none
572480,0,9,53,2,2,ack,0,0,0,1000,40000,8000,0,200000,0,0,1000000000,1000000000,,17000,0,0,,,,,35000,16000,40000,40,0,763968,armed,576000,scheduled,35000,17000,40000,40,0,772480,armed,576000,scheduled,none
576000,1,0,390,0,0,tick,0,0,0,1000,40000,8000,0,200000,0,0,1000000000,1000000000,1000000000,,,1,39000,1000,1,1512,39000,20000,40000,40,0,623360,armed,576000,scheduled,40000,20000,40000,40,0,623360,parked,,blocked,none
576000,1,1,283,1,1,tick,0,0,0,1000,40000,8000,0,200000,0,0,1000000000,1000000000,1000000000,,,1,35000,1000,1,953,35000,17000,40000,40,0,772480,armed,576000,scheduled,36000,17000,40000,40,0,772480,armed,584000,scheduled,none
576000,1,2,283,2,2,tick,0,0,0,1000,40000,8000,0,200000,0,0,1000000000,1000000000,1000000000,,,1,35000,1000,1,954,35000,17000,40000,40,0,772480,armed,576000,scheduled,36000,17000,40000,40,0,772480,armed,584000,scheduled,none
576000,1,3,390,3,3,tick,0,0,0,1000,40000,8000,0,200000,0,0,1000000000,1000000000,1000000000,,,1,39000,1000,1,1515,39000,20000,40000,40,0,623360,armed,576000,scheduled,40000,20000,40000,40,0,623360,parked,,blocked,none
580992,0,6,56,1,1,ack,0,0,0,1000,40000,8000,0,200000,0,0,1000000000,1000000000,,18000,1,0,,,,,36000,17000,40000,40,0,772480,armed,584000,scheduled,36000,18000,40000,40,0,780992,armed,584000,scheduled,none
580992,0,9,56,2,2,ack,0,0,0,1000,40000,8000,0,200000,0,0,1000000000,1000000000,,18000,0,0,,,,,36000,17000,40000,40,0,772480,armed,584000,scheduled,36000,18000,40000,40,0,780992,armed,584000,scheduled,none
584000,1,1,288,1,1,tick,0,0,0,1000,40000,8000,0,200000,0,0,1000000000,1000000000,1000000000,,,1,36000,1000,1,967,36000,18000,40000,40,0,780992,armed,584000,scheduled,37000,18000,40000,40,0,780992,armed,592000,scheduled,none
584000,1,2,288,2,2,tick,0,0,0,1000,40000,8000,0,200000,0,0,1000000000,1000000000,1000000000,,,1,36000,1000,1,968,36000,18000,40000,40,0,780992,armed,584000,scheduled,37000,18000,40000,40,0,780992,armed,592000,scheduled,none
592000,1,1,293,1,1,tick,0,0,0,1000,40000,8000,0,200000,0,0,1000000000,1000000000,1000000000,,,1,37000,1000,1,981,37000,18000,40000,40,0,780992,armed,592000,scheduled,38000,18000,40000,40,0,780992,armed,600000,scheduled,none
592000,1,2,293,2,2,tick,0,0,0,1000,40000,8000,0,200000,0,0,1000000000,1000000000,1000000000,,,1,37000,1000,1,982,37000,18000,40000,40,0,780992,armed,592000,scheduled,38000,18000,40000,40,0,780992,armed,600000,scheduled,none
598016,0,6,59,1,1,ack,0,0,0,1000,40000,8000,0,200000,0,0,1000000000,1000000000,,19000,1,0,,,,,38000,18000,40000,40,0,780992,armed,600000,scheduled,38000,19000,40000,40,0,798016,armed,600000,scheduled,none
598016,0,9,59,2,2,ack,0,0,0,1000,40000,8000,0,200000,0,0,1000000000,1000000000,,19000,1,0,,,,,38000,18000,40000,40,0,780992,armed,600000,scheduled,38000,19000,40000,40,0,798016,armed,600000,scheduled,none
600000,1,1,297,1,1,tick,0,0,0,1000,40000,8000,0,200000,0,0,1000000000,1000000000,1000000000,,,1,38000,1000,1,995,38000,19000,40000,40,0,798016,armed,600000,scheduled,39000,19000,40000,40,0,798016,armed,608000,scheduled,none
600000,1,2,297,2,2,tick,0,0,0,1000,40000,8000,0,200000,0,0,1000000000,1000000000,1000000000,,,1,38000,1000,1,996,38000,19000,40000,40,0,798016,armed,600000,scheduled,39000,19000,40000,40,0,798016,armed,608000,scheduled,none
604992,0,4,275,0,0,ack,0,0,0,1000,40000,8000,0,200000,0,0,1000000000,1000000000,,21000,0,0,,,,,40000,20000,40000,40,0,623360,parked,,blocked,40000,21000,40000,40,0,804992,parked,,blocked,none
604992,0,12,275,3,3,ack,0,0,0,1000,40000,8000,0,200000,0,0,1000000000,1000000000,,21000,0,0,,,,,40000,20000,40000,40,0,623360,parked,,blocked,40000,21000,40000,40,0,804992,parked,,blocked,none
608000,1,1,302,1,1,tick,0,0,0,1000,40000,8000,0,200000,0,0,1000000000,1000000000,1000000000,,,1,39000,1000,1,1009,39000,19000,40000,40,0,798016,armed,608000,scheduled,40000,19000,40000,40,0,798016,parked,,blocked,none
608000,1,2,302,2,2,tick,0,0,0,1000,40000,8000,0,200000,0,0,1000000000,1000000000,1000000000,,,1,39000,1000,1,1010,39000,19000,40000,40,0,798016,armed,608000,scheduled,40000,19000,40000,40,0,798016,parked,,blocked,none
622016,0,4,284,0,0,ack,0,0,0,1000,40000,8000,0,200000,0,0,1000000000,1000000000,,22000,1,0,,,,,40000,21000,40000,40,0,804992,parked,,blocked,40000,22000,40000,40,0,822016,parked,,blocked,none
622016,0,12,284,3,3,ack,0,0,0,1000,40000,8000,0,200000,0,0,1000000000,1000000000,,22000,1,0,,,,,40000,21000,40000,40,0,804992,parked,,blocked,40000,22000,40000,40,0,822016,parked,,blocked,none
623040,0,6,62,1,1,ack,0,0,0,1000,40000,8000,0,200000,0,0,1000000000,1000000000,,20000,1,0,,,,,40000,19000,40000,40,0,798016,parked,,blocked,40000,20000,40000,40,0,823040,parked,,blocked,none
623040,0,9,62,2,2,ack,0,0,0,1000,40000,8000,0,200000,0,0,1000000000,1000000000,,20000,1,0,,,,,40000,19000,40000,40,0,798016,parked,,blocked,40000,20000,40000,40,0,823040,parked,,blocked,none
631552,0,6,65,1,1,ack,0,0,0,1000,40000,8000,0,200000,0,0,1000000000,1000000000,,21000,1,0,,,,,40000,20000,40000,40,0,823040,parked,,blocked,40000,21000,40000,40,0,831552,parked,,blocked,none
631552,0,9,65,2,2,ack,0,0,0,1000,40000,8000,0,200000,0,0,1000000000,1000000000,,21000,1,0,,,,,40000,20000,40000,40,0,823040,parked,,blocked,40000,21000,40000,40,0,831552,parked,,blocked,none
640064,0,6,68,1,1,ack,0,0,0,1000,40000,8000,0,200000,0,0,1000000000,1000000000,,22000,1,0,,,,,40000,21000,40000,40,0,831552,parked,,blocked,40000,22000,40000,40,0,840064,parked,,blocked,none
640064,0,9,68,2,2,ack,0,0,0,1000,40000,8000,0,200000,0,0,1000000000,1000000000,,22000,1,0,,,,,40000,21000,40000,40,0,831552,parked,,blocked,40000,22000,40000,40,0,840064,parked,,blocked,none
648576,0,6,71,1,1,ack,0,0,0,1000,40000,8000,0,200000,0,0,1000000000,1000000000,,23000,1,0,,,,,40000,22000,40000,40,0,840064,parked,,blocked,40000,23000,40000,40,0,848576,parked,,blocked,none
648576,0,9,71,2,2,ack,0,0,0,1000,40000,8000,0,200000,0,0,1000000000,1000000000,,23000,1,0,,,,,40000,22000,40000,40,0,840064,parked,,blocked,40000,23000,40000,40,0,848576,parked,,blocked,none
657088,0,6,74,1,1,ack,0,0,0,1000,40000,8000,0,200000,0,0,1000000000,1000000000,,24000,1,0,,,,,40000,23000,40000,40,0,848576,parked,,blocked,40000,24000,40000,40,0,857088,parked,,blocked,none
657088,0,9,74,2,2,ack,0,0,0,1000,40000,8000,0,200000,0,0,1000000000,1000000000,,24000,1,0,,,,,40000,23000,40000,40,0,848576,parked,,blocked,40000,24000,40000,40,0,857088,parked,,blocked,none
665600,0,6,77,1,1,ack,0,0,0,1000,40000,8000,0,200000,0,0,1000000000,1000000000,,25000,1,0,,,,,40000,24000,40000,40,0,857088,parked,,blocked,40000,25000,40000,40,0,865600,parked,,blocked,none
665600,0,9,77,2,2,ack,0,0,0,1000,40000,8000,0,200000,0,0,1000000000,1000000000,,25000,1,0,,,,,40000,24000,40000,40,0,857088,parked,,blocked,40000,25000,40000,40,0,865600,parked,,blocked,none
666112,0,6,80,1,1,ack,0,0,0,1000,40000,8000,0,200000,0,0,1000000000,1000000000,,26000,1,0,,,,,40000,25000,40000,40,0,865600,parked,,blocked,40000,26000,40000,40,0,866112,parked,,blocked,none
666112,0,9,80,2,2,ack,0,0,0,1000,40000,8000,0,200000,0,0,1000000000,1000000000,,26000,1,0,,,,,40000,25000,40000,40,0,865600,parked,,blocked,40000,26000,40000,40,0,866112,parked,,blocked,none
681088,0,4,308,0,0,nack,0,0,0,1000,40000,8000,0,200000,0,0,1000000000,1000000000,,22000,1,0,,,,,40000,22000,40000,40,0,822016,parked,,blocked,22000,22000,40000,40,0,881088,armed,688000,scheduled,none
681088,0,12,308,3,3,nack,0,0,0,1000,40000,8000,0,200000,0,0,1000000000,1000000000,,22000,1,0,,,,,40000,22000,40000,40,0,822016,parked,,blocked,22000,22000,40000,40,0,881088,armed,688000,scheduled,none
683136,0,6,83,1,1,nack,0,0,0,1000,40000,8000,0,200000,0,0,1000000000,1000000000,,26000,1,0,,,,,40000,26000,40000,40,0,866112,parked,,blocked,26000,26000,40000,40,0,883136,armed,688000,scheduled,none
683136,0,9,83,2,2,nack,0,0,0,1000,40000,8000,0,200000,0,0,1000000000,1000000000,,26000,1,0,,,,,40000,26000,40000,40,0,866112,parked,,blocked,26000,26000,40000,40,0,883136,armed,688000,scheduled,none
688000,1,0,420,0,0,tick,0,0,0,1000,40000,8000,0,200000,0,0,1000000000,1000000000,1000000000,,,1,22000,1000,1,1582,22000,22000,40000,40,0,881088,armed,688000,scheduled,23000,22000,40000,40,0,881088,armed,696000,scheduled,none
688000,1,1,316,1,1,tick,0,0,0,1000,40000,8000,0,200000,0,0,1000000000,1000000000,1000000000,,,1,26000,1000,1,1023,26000,26000,40000,40,0,883136,armed,688000,scheduled,27000,26000,40000,40,0,883136,armed,696000,scheduled,none
688000,1,2,316,2,2,tick,0,0,0,1000,40000,8000,0,200000,0,0,1000000000,1000000000,1000000000,,,1,26000,1000,1,1024,26000,26000,40000,40,0,883136,armed,688000,scheduled,27000,26000,40000,40,0,883136,armed,696000,scheduled,none
688000,1,3,420,3,3,tick,0,0,0,1000,40000,8000,0,200000,0,0,1000000000,1000000000,1000000000,,,1,22000,1000,1,1585,22000,22000,40000,40,0,881088,armed,688000,scheduled,23000,22000,40000,40,0,881088,armed,696000,scheduled,none
696000,1,0,422,0,0,tick,0,0,0,1000,40000,8000,0,200000,0,0,1000000000,1000000000,1000000000,,,1,23000,1000,1,1596,23000,22000,40000,40,0,881088,armed,696000,scheduled,24000,22000,40000,40,0,881088,armed,704000,scheduled,none
696000,1,1,318,1,1,tick,0,0,0,1000,40000,8000,0,200000,0,0,1000000000,1000000000,1000000000,,,1,27000,1000,1,1037,27000,26000,40000,40,0,883136,armed,696000,scheduled,28000,26000,40000,40,0,883136,armed,704000,scheduled,none
696000,1,2,318,2,2,tick,0,0,0,1000,40000,8000,0,200000,0,0,1000000000,1000000000,1000000000,,,1,27000,1000,1,1038,27000,26000,40000,40,0,883136,armed,696000,scheduled,28000,26000,40000,40,0,883136,armed,704000,scheduled,none
696000,1,3,422,3,3,tick,0,0,0,1000,40000,8000,0,200000,0,0,1000000000,1000000000,1000000000,,,1,23000,1000,1,1599,23000,22000,40000,40,0,881088,armed,696000,scheduled,24000,22000,40000,40,0,881088,armed,704000,scheduled,none
704000,1,0,426,0,0,tick,0,0,0,1000,40000,8000,0,200000,0,0,1000000000,1000000000,1000000000,,,1,24000,1000,1,1610,24000,22000,40000,40,0,881088,armed,704000,scheduled,25000,22000,40000,40,0,881088,armed,712000,scheduled,none
704000,1,1,322,1,1,tick,0,0,0,1000,40000,8000,0,200000,0,0,1000000000,1000000000,1000000000,,,1,28000,1000,1,1051,28000,26000,40000,40,0,883136,armed,704000,scheduled,29000,26000,40000,40,0,883136,armed,712000,scheduled,none
704000,1,2,322,2,2,tick,0,0,0,1000,40000,8000,0,200000,0,0,1000000000,1000000000,1000000000,,,1,28000,1000,1,1052,28000,26000,40000,40,0,883136,armed,704000,scheduled,29000,26000,40000,40,0,883136,armed,712000,scheduled,none
704000,1,3,426,3,3,tick,0,0,0,1000,40000,8000,0,200000,0,0,1000000000,1000000000,1000000000,,,1,24000,1000,1,1613,24000,22000,40000,40,0,881088,armed,704000,scheduled,25000,22000,40000,40,0,881088,armed,712000,scheduled,none
712000,1,0,430,0,0,tick,0,0,0,1000,40000,8000,0,200000,0,0,1000000000,1000000000,1000000000,,,1,25000,1000,1,1624,25000,22000,40000,40,0,881088,armed,712000,scheduled,26000,22000,40000,40,0,881088,armed,720000,scheduled,none
712000,1,1,326,1,1,tick,0,0,0,1000,40000,8000,0,200000,0,0,1000000000,1000000000,1000000000,,,1,29000,1000,1,1065,29000,26000,40000,40,0,883136,armed,712000,scheduled,30000,26000,40000,40,0,883136,armed,720000,scheduled,none
712000,1,2,326,2,2,tick,0,0,0,1000,40000,8000,0,200000,0,0,1000000000,1000000000,1000000000,,,1,29000,1000,1,1066,29000,26000,40000,40,0,883136,armed,712000,scheduled,30000,26000,40000,40,0,883136,armed,720000,scheduled,none
712000,1,3,430,3,3,tick,0,0,0,1000,40000,8000,0,200000,0,0,1000000000,1000000000,1000000000,,,1,25000,1000,1,1627,25000,22000,40000,40,0,881088,armed,712000,scheduled,26000,22000,40000,40,0,881088,armed,720000,scheduled,none
720000,1,0,434,0,0,tick,0,0,0,1000,40000,8000,0,200000,0,0,1000000000,1000000000,1000000000,,,1,26000,1000,1,1652,26000,22000,40000,40,0,881088,armed,720000,scheduled,27000,22000,40000,40,0,881088,armed,728000,scheduled,none
720000,1,1,330,1,1,tick,0,0,0,1000,40000,8000,0,200000,0,0,1000000000,1000000000,1000000000,,,1,30000,1000,1,1079,30000,26000,40000,40,0,883136,armed,720000,scheduled,31000,26000,40000,40,0,883136,armed,728000,scheduled,none
720000,1,2,330,2,2,tick,0,0,0,1000,40000,8000,0,200000,0,0,1000000000,1000000000,1000000000,,,1,30000,1000,1,1080,30000,26000,40000,40,0,883136,armed,720000,scheduled,31000,26000,40000,40,0,883136,armed,728000,scheduled,none
720000,1,3,434,3,3,tick,0,0,0,1000,40000,8000,0,200000,0,0,1000000000,1000000000,1000000000,,,1,26000,1000,1,1655,26000,22000,40000,40,0,881088,armed,720000,scheduled,27000,22000,40000,40,0,881088,armed,728000,scheduled,none
728000,1,0,438,0,0,tick,0,0,0,1000,40000,8000,0,200000,0,0,1000000000,1000000000,1000000000,,,1,27000,1000,1,1680,27000,22000,40000,40,0,881088,armed,728000,scheduled,28000,22000,40000,40,0,881088,armed,736000,scheduled,none
728000,1,1,334,1,1,tick,0,0,0,1000,40000,8000,0,200000,0,0,1000000000,1000000000,1000000000,,,1,31000,1000,1,1093,31000,26000,40000,40,0,883136,armed,728000,scheduled,32000,26000,40000,40,0,883136,armed,736000,scheduled,none
728000,1,2,334,2,2,tick,0,0,0,1000,40000,8000,0,200000,0,0,1000000000,1000000000,1000000000,,,1,31000,1000,1,1094,31000,26000,40000,40,0,883136,armed,728000,scheduled,32000,26000,40000,40,0,883136,armed,736000,scheduled,none
728000,1,3,438,3,3,tick,0,0,0,1000,40000,8000,0,200000,0,0,1000000000,1000000000,1000000000,,,1,27000,1000,1,1683,27000,22000,40000,40,0,881088,armed,728000,scheduled,28000,22000,40000,40,0,881088,armed,736000,scheduled,none
736000,1,0,442,0,0,tick,0,0,0,1000,40000,8000,0,200000,0,0,1000000000,1000000000,1000000000,,,1,28000,1000,1,1708,28000,22000,40000,40,0,881088,armed,736000,scheduled,29000,22000,40000,40,0,881088,armed,744000,scheduled,none
736000,1,1,338,1,1,tick,0,0,0,1000,40000,8000,0,200000,0,0,1000000000,1000000000,1000000000,,,1,32000,1000,1,1107,32000,26000,40000,40,0,883136,armed,736000,scheduled,33000,26000,40000,40,0,883136,armed,744000,scheduled,none
736000,1,2,338,2,2,tick,0,0,0,1000,40000,8000,0,200000,0,0,1000000000,1000000000,1000000000,,,1,32000,1000,1,1108,32000,26000,40000,40,0,883136,armed,736000,scheduled,33000,26000,40000,40,0,883136,armed,744000,scheduled,none
736000,1,3,445,3,3,tick,0,0,0,1000,40000,8000,0,200000,0,0,1000000000,1000000000,1000000000,,,1,28000,1000,1,1711,28000,22000,40000,40,0,881088,armed,736000,scheduled,29000,22000,40000,40,0,881088,armed,744000,scheduled,none
744000,1,0,449,0,0,tick,0,0,0,1000,40000,8000,0,200000,0,0,1000000000,1000000000,1000000000,,,1,29000,1000,1,1736,29000,22000,40000,40,0,881088,armed,744000,scheduled,30000,22000,40000,40,0,881088,armed,752000,scheduled,none
744000,1,1,342,1,1,tick,0,0,0,1000,40000,8000,0,200000,0,0,1000000000,1000000000,1000000000,,,1,33000,1000,1,1121,33000,26000,40000,40,0,883136,armed,744000,scheduled,34000,26000,40000,40,0,883136,armed,752000,scheduled,none
744000,1,2,342,2,2,tick,0,0,0,1000,40000,8000,0,200000,0,0,1000000000,1000000000,1000000000,,,1,33000,1000,1,1122,33000,26000,40000,40,0,883136,armed,744000,scheduled,34000,26000,40000,40,0,883136,armed,752000,scheduled,none
744000,1,3,452,3,3,tick,0,0,0,1000,40000,8000,0,200000,0,0,1000000000,1000000000,1000000000,,,1,29000,1000,1,1739,29000,22000,40000,40,0,881088,armed,744000,scheduled,30000,22000,40000,40,0,881088,armed,752000,scheduled,none
752000,1,0,456,0,0,tick,0,0,0,1000,40000,8000,0,200000,0,0,1000000000,1000000000,1000000000,,,1,30000,1000,1,1764,30000,22000,40000,40,0,881088,armed,752000,scheduled,31000,22000,40000,40,0,881088,armed,760000,scheduled,none
752000,1,1,346,1,1,tick,0,0,0,1000,40000,8000,0,200000,0,0,1000000000,1000000000,1000000000,,,1,34000,1000,1,1135,34000,26000,40000,40,0,883136,armed,752000,scheduled,35000,26000,40000,40,0,883136,armed,760000,scheduled,none
752000,1,2,346,2,2,tick,0,0,0,1000,40000,8000,0,200000,0,0,1000000000,1000000000,1000000000,,,1,34000,1000,1,1136,34000,26000,40000,40,0,883136,armed,752000,scheduled,35000,26000,40000,40,0,883136,armed,760000,scheduled,none
752000,1,3,459,3,3,tick,0,0,0,1000,40000,8000,0,200000,0,0,1000000000,1000000000,1000000000,,,1,30000,1000,1,1767,30000,22000,40000,40,0,881088,armed,752000,scheduled,31000,22000,40000,40,0,881088,armed,760000,scheduled,none
760000,1,0,463,0,0,tick,0,0,0,1000,40000,8000,0,200000,0,0,1000000000,1000000000,1000000000,,,1,31000,1000,1,1792,31000,22000,40000,40,0,881088,armed,760000,scheduled,32000,22000,40000,40,0,881088,armed,768000,scheduled,none
760000,1,1,350,1,1,tick,0,0,0,1000,40000,8000,0,200000,0,0,1000000000,1000000000,1000000000,,,1,35000,1000,1,1149,35000,26000,40000,40,0,883136,armed,760000,scheduled,36000,26000,40000,40,0,883136,armed,768000,scheduled,none
760000,1,2,350,2,2,tick,0,0,0,1000,40000,8000,0,200000,0,0,1000000000,1000000000,1000000000,,,1,35000,1000,1,1150,35000,26000,40000,40,0,883136,armed,760000,scheduled,36000,26000,40000,40,0,883136,armed,768000,scheduled,none
760000,1,3,466,3,3,tick,0,0,0,1000,40000,8000,0,200000,0,0,1000000000,1000000000,1000000000,,,1,31000,1000,1,1795,31000,22000,40000,40,0,881088,armed,760000,scheduled,32000,22000,40000,40,0,881088,armed,768000,scheduled,none
768000,1,0,470,0,0,tick,0,0,0,1000,40000,8000,0,200000,0,0,1000000000,1000000000,1000000000,,,1,32000,1000,1,1820,32000,22000,40000,40,0,881088,armed,768000,scheduled,33000,22000,40000,40,0,881088,armed,776000,scheduled,none
768000,1,1,354,1,1,tick,0,0,0,1000,40000,8000,0,200000,0,0,1000000000,1000000000,1000000000,,,1,36000,1000,1,1163,36000,26000,40000,40,0,883136,armed,768000,scheduled,37000,26000,40000,40,0,883136,armed,776000,scheduled,none
768000,1,2,354,2,2,tick,0,0,0,1000,40000,8000,0,200000,0,0,1000000000,1000000000,1000000000,,,1,36000,1000,1,1164,36000,26000,40000,40,0,883136,armed,768000,scheduled,37000,26000,40000,40,0,883136,armed,776000,scheduled,none
768000,1,3,473,3,3,tick,0,0,0,1000,40000,8000,0,200000,0,0,1000000000,1000000000,1000000000,,,1,32000,1000,1,1823,32000,22000,40000,40,0,881088,armed,768000,scheduled,33000,22000,40000,40,0,881088,armed,776000,scheduled,none
769024,0,6,86,1,1,ack,0,0,0,1000,40000,8000,0,200000,0,0,1000000000,1000000000,,27000,0,0,,,,,37000,26000,40000,40,0,883136,armed,776000,scheduled,37000,27000,40000,40,0,969024,armed,776000,scheduled,none
776000,1,0,477,0,0,tick,0,0,0,1000,40000,8000,0,200000,0,0,1000000000,1000000000,1000000000,,,1,33000,1000,1,1848,33000,22000,40000,40,0,881088,armed,776000,scheduled,34000,22000,40000,40,0,881088,armed,784000,scheduled,none
776000,1,1,358,1,1,tick,0,0,0,1000,40000,8000,0,200000,0,0,1000000000,1000000000,1000000000,,,1,37000,1000,1,1177,37000,27000,40000,40,0,969024,armed,776000,scheduled,38000,27000,40000,40,0,969024,armed,784000,scheduled,none
776000,1,2,358,2,2,tick,0,0,0,1000,40000,8000,0,200000,0,0,1000000000,1000000000,1000000000,,,1,37000,1000,1,1178,37000,26000,40000,40,0,883136,armed,776000,scheduled,38000,26000,40000,40,0,883136,armed,784000,scheduled,none
776000,1,3,480,3,3,tick,0,0,0,1000,40000,8000,0,200000,0,0,1000000000,1000000000,1000000000,,,1,33000,1000,1,1851,33000,22000,40000,40,0,881088,armed,776000,scheduled,34000,22000,40000,40,0,881088,armed,784000,scheduled,none
784000,1,0,484,0,0,tick,0,0,0,1000,40000,8000,0,200000,0,0,1000000000,1000000000,1000000000,,,1,34000,1000,1,1876,34000,22000,40000,40,0,881088,armed,784000,scheduled,35000,22000,40000,40,0,881088,armed,792000,scheduled,none
784000,1,1,363,1,1,tick,0,0,0,1000,40000,8000,0,200000,0,0,1000000000,1000000000,1000000000,,,1,38000,1000,1,1191,38000,27000,40000,40,0,969024,armed,784000,scheduled,39000,27000,40000,40,0,969024,armed,792000,scheduled,none
784000,1,2,362,2,2,tick,0,0,0,1000,40000,8000,0,200000,0,0,1000000000,1000000000,1000000000,,,1,38000,1000,1,1192,38000,26000,40000,40,0,883136,armed,784000,scheduled,39000,26000,40000,40,0,883136,armed,792000,scheduled,none
784000,1,3,487,3,3,tick,0,0,0,1000,40000,8000,0,200000,0,0,1000000000,1000000000,1000000000,,,1,34000,1000,1,1879,34000,22000,40000,40,0,881088,armed,784000,scheduled,35000,22000,40000,40,0,881088,armed,792000,scheduled,none
785024,0,9,86,2,2,ack,0,0,0,1000,40000,8000,0,200000,0,0,1000000000,1000000000,,27000,0,0,,,,,39000,26000,40000,40,0,883136,armed,792000,scheduled,39000,27000,40000,40,0,985024,armed,792000,scheduled,none
785536,0,6,89,1,1,ack,0,0,0,1000,40000,8000,0,200000,0,0,1000000000,1000000000,,28000,0,0,,,,,39000,27000,40000,40,0,969024,armed,792000,scheduled,39000,28000,40000,40,0,985536,armed,792000,scheduled,none
792000,1,0,491,0,0,tick,0,0,0,1000,40000,8000,0,200000,0,0,1000000000,1000000000,1000000000,,,1,35000,1000,1,1890,35000,22000,40000,40,0,881088,armed,792000,scheduled,36000,22000,40000,40,0,881088,armed,800000,scheduled,none
792000,1,1,367,1,1,tick,0,0,0,1000,40000,8000,0,200000,0,0,1000000000,1000000000,1000000000,,,1,39000,1000,1,1205,39000,28000,40000,40,0,985536,armed,792000,scheduled,40000,28000,40000,40,0,985536,parked,,blocked,none
792000,1,2,366,2,2,tick,0,0,0,1000,40000,8000,0,200000,0,0,1000000000,1000000000,1000000000,,,1,39000,1000,1,1206,39000,27000,40000,40,0,985024,armed,792000,scheduled,40000,27000,40000,40,0,985024,parked,,blocked,none
792000,1,3,494,3,3,tick,0,0,0,1000,40000,8000,0,200000,0,0,1000000000,1000000000,1000000000,,,1,35000,1000,1,1907,35000,22000,40000,40,0,881088,armed,792000,scheduled,36000,22000,40000,40,0,881088,armed,800000,scheduled,none
800000,1,0,498,0,0,tick,0,0,0,1000,40000,8000,0,200000,0,0,1000000000,1000000000,1000000000,,,1,36000,1000,1,1918,36000,22000,40000,40,0,881088,armed,800000,scheduled,37000,22000,40000,40,0,881088,armed,808000,scheduled,none
800000,1,3,501,3,3,tick,0,0,0,1000,40000,8000,0,200000,0,0,1000000000,1000000000,1000000000,,,1,36000,1000,1,1935,36000,22000,40000,40,0,881088,armed,800000,scheduled,37000,22000,40000,40,0,881088,armed,808000,scheduled,none
801536,0,9,89,2,2,ack,0,0,0,1000,40000,8000,0,200000,0,0,1000000000,1000000000,,28000,0,0,,,,,40000,27000,40000,40,0,985024,parked,,blocked,40000,28000,40000,40,0,1001536,parked,,blocked,none
808000,1,0,505,0,0,tick,0,0,0,1000,40000,8000,0,200000,0,0,1000000000,1000000000,1000000000,,,1,37000,1000,1,1946,37000,22000,40000,40,0,881088,armed,808000,scheduled,38000,22000,40000,40,0,881088,armed,816000,scheduled,none
808000,1,3,508,3,3,tick,0,0,0,1000,40000,8000,0,200000,0,0,1000000000,1000000000,1000000000,,,1,37000,1000,1,1949,37000,22000,40000,40,0,881088,armed,808000,scheduled,38000,22000,40000,40,0,881088,armed,816000,scheduled,none
816000,1,0,512,0,0,tick,0,0,0,1000,40000,8000,0,200000,0,0,1000000000,1000000000,1000000000,,,1,38000,1000,1,1974,38000,22000,40000,40,0,881088,armed,816000,scheduled,39000,22000,40000,40,0,881088,armed,824000,scheduled,none
816000,1,3,515,3,3,tick,0,0,0,1000,40000,8000,0,200000,0,0,1000000000,1000000000,1000000000,,,1,38000,1000,1,1977,38000,22000,40000,40,0,881088,armed,816000,scheduled,39000,22000,40000,40,0,881088,armed,824000,scheduled,none
817536,0,4,356,0,0,ack,0,0,0,1000,40000,8000,0,200000,0,0,1000000000,1000000000,,23000,0,0,,,,,39000,22000,40000,40,0,881088,armed,824000,scheduled,39000,23000,40000,40,0,1017536,armed,824000,scheduled,none
818560,0,6,92,1,1,ack,0,0,0,1000,40000,8000,0,200000,0,0,1000000000,1000000000,,29000,0,0,,,,,40000,28000,40000,40,0,985536,parked,,blocked,40000,29000,40000,40,0,1018560,parked,,blocked,none
824000,1,0,519,0,0,tick,0,0,0,1000,40000,8000,0,200000,0,0,1000000000,1000000000,1000000000,,,1,39000,1000,1,2002,39000,23000,40000,40,0,1017536,armed,824000,scheduled,40000,23000,40000,40,0,1017536,parked,,blocked,none
824000,1,3,519,3,3,tick,0,0,0,1000,40000,8000,0,200000,0,0,1000000000,1000000000,1000000000,,,1,39000,1000,1,2005,39000,22000,40000,40,0,881088,armed,824000,scheduled,40000,22000,40000,40,0,881088,parked,,blocked,none
826560,0,9,92,2,2,ack,0,0,0,1000,40000,8000,0,200000,0,0,1000000000,1000000000,,29000,0,0,,,,,40000,28000,40000,40,0,1001536,parked,,blocked,40000,29000,40000,40,0,1026560,parked,,blocked,none
833536,0,12,362,3,3,ack,0,0,0,1000,40000,8000,0,200000,0,0,1000000000,1000000000,,23000,0,0,,,,,40000,22000,40000,40,0,881088,parked,,blocked,40000,23000,40000,40,0,1033536,parked,,blocked,none
835584,0,6,95,1,1,ack,0,0,0,1000,40000,8000,0,200000,0,0,1000000000,1000000000,,30000,0,0,,,,,40000,29000,40000,40,0,1018560,parked,,blocked,40000,30000,40000,40,0,1035584,parked,,blocked,none
842560,0,4,368,0,0,ack,0,0,0,1000,40000,8000,0,200000,0,0,1000000000,1000000000,,24000,0,0,,,,,40000,23000,40000,40,0,1017536,parked,,blocked,40000,24000,40000,40,0,1042560,parked,,blocked,none
843584,0,9,95,2,2,ack,0,0,0,1000,40000,8000,0,200000,0,0,1000000000,1000000000,,30000,0,0,,,,,40000,29000,40000,40,0,1026560,parked,,blocked,40000,30000,40000,40,0,1043584,parked,,blocked,none
850560,0,12,371,3,3,ack,0,0,0,1000,40000,8000,0,200000,0,0,1000000000,1000000000,,24000,0,0,,,,,40000,23000,40000,40,0,1033536,parked,,blocked,40000,24000,40000,40,0,1050560,parked,,blocked,none
852608,0,6,98,1,1,ack,0,0,0,1000,40000,8000,0,200000,0,0,1000000000,1000000000,,31000,0,0,,,,,40000,30000,40000,40,0,1035584,parked,,blocked,40000,31000,40000,40,0,1052608,parked,,blocked,none
859584,0,4,377,0,0,ack,0,0,0,1000,40000,8000,0,200000,0,0,1000000000,1000000000,,25000,0,0,,,,,40000,24000,40000,40,0,1042560,parked,,blocked,40000,25000,40000,40,0,1059584,parked,,blocked,none
860608,0,9,98,2,2,ack,0,0,0,1000,40000,8000,0,200000,0,0,1000000000,1000000000,,31000,0,0,,,,,40000,30000,40000,40,0,1043584,parked,,blocked,40000,31000,40000,40,0,1060608,parked,,blocked,none
867584,0,12,380,3,3,ack,0,0,0,1000,40000,8000,0,200000,0,0,1000000000,1000000000,,25000,0,0,,,,,40000,24000,40000,40,0,1050560,parked,,blocked,40000,25000,40000,40,0,1067584,parked,,blocked,none
869632,0,6,101,1,1,ack,0,0,0,1000,40000,8000,0,200000,0,0,1000000000,1000000000,,32000,0,0,,,,,40000,31000,40000,40,0,1052608,parked,,blocked,40000,32000,40000,40,0,1069632,parked,,blocked,none
876608,0,4,386,0,0,ack,0,0,0,1000,40000,8000,0,200000,0,0,1000000000,1000000000,,26000,0,0,,,,,40000,25000,40000,40,0,1059584,parked,,blocked,40000,26000,40000,40,0,1076608,parked,,blocked,none
877632,0,9,101,2,2,ack,0,0,0,1000,40000,8000,0,200000,0,0,1000000000,1000000000,,32000,1,0,,,,,40000,31000,40000,40,0,1060608,parked,,blocked,40000,32000,40000,40,0,1077632,parked,,blocked,none
884608,0,12,389,3,3,ack,0,0,0,1000,40000,8000,0,200000,0,0,1000000000,1000000000,,26000,1,0,,,,,40000,25000,40000,40,0,1067584,parked,,blocked,40000,26000,40000,40,0,1084608,parked,,blocked,none
893632,0,4,395,0,0,ack,0,0,0,1000,40000,8000,0,200000,0,0,1000000000,1000000000,,27000,1,0,,,,,40000,26000,40000,40,0,1076608,parked,,blocked,40000,27000,40000,40,0,1093632,parked,,blocked,none
894656,0,6,104,1,1,ack,0,0,0,1000,40000,8000,0,200000,0,0,1000000000,1000000000,,33000,0,0,,,,,40000,32000,40000,40,0,1069632,parked,,blocked,40000,33000,40000,40,0,1094656,parked,,blocked,none
894656,0,9,104,2,2,ack,0,0,0,1000,40000,8000,0,200000,0,0,1000000000,1000000000,,33000,0,0,,,,,40000,32000,40000,40,0,1077632,parked,,blocked,40000,33000,40000,40,0,1094656,parked,,blocked,none
901632,0,12,398,3,3,ack,0,0,0,1000,40000,8000,0,200000,0,0,1000000000,1000000000,,27000,0,0,,,,,40000,26000,40000,40,0,1084608,parked,,blocked,40000,27000,40000,40,0,1101632,parked,,blocked,none
911680,0,6,107,1,1,ack,0,0,0,1000,40000,8000,0,200000,0,0,1000000000,1000000000,,34000,1,0,,,,,40000,33000,40000,40,0,1094656,parked,,blocked,40000,34000,40000,40,0,1111680,parked,,blocked,none
911680,0,9,107,2,2,ack,0,0,0,1000,40000,8000,0,200000,0,0,1000000000,1000000000,,34000,0,0,,,,,40000,33000,40000,40,0,1094656,parked,,blocked,40000,34000,40000,40,0,1111680,parked,,blocked,none
918656,0,4,407,0,0,ack,0,0,0,1000,40000,8000,0,200000,0,0,1000000000,1000000000,,28000,1,0,,,,,40000,27000,40000,40,0,1093632,parked,,blocked,40000,28000,40000,40,0,1118656,parked,,blocked,none
918656,0,12,407,3,3,ack,0,0,0,1000,40000,8000,0,200000,0,0,1000000000,1000000000,,28000,1,0,,,,,40000,27000,40000,40,0,1101632,parked,,blocked,40000,28000,40000,40,0,1118656,parked,,blocked,none
927168,0,4,413,0,0,ack,0,0,0,1000,40000,8000,0,200000,0,0,1000000000,1000000000,,29000,1,0,,,,,40000,28000,40000,40,0,1118656,parked,,blocked,40000,29000,40000,40,0,1127168,parked,,blocked,none
927168,0,12,413,3,3,ack,0,0,0,1000,40000,8000,0,200000,0,0,1000000000,1000000000,,29000,1,0,,,,,40000,28000,40000,40,0,1118656,parked,,blocked,40000,29000,40000,40,0,1127168,parked,,blocked,none
927680,0,4,416,0,0,ack,0,0,0,1000,40000,8000,0,200000,0,0,1000000000,1000000000,,30000,1,0,,,,,40000,29000,40000,40,0,1127168,parked,,blocked,40000,30000,40000,40,0,1127680,parked,,blocked,none
927680,0,12,416,3,3,ack,0,0,0,1000,40000,8000,0,200000,0,0,1000000000,1000000000,,30000,1,0,,,,,40000,29000,40000,40,0,1127168,parked,,blocked,40000,30000,40000,40,0,1127680,parked,,blocked,none
928192,0,4,419,0,0,ack,0,0,0,1000,40000,8000,0,200000,0,0,1000000000,1000000000,,31000,1,0,,,,,40000,30000,40000,40,0,1127680,parked,,blocked,40000,31000,40000,40,0,1128192,parked,,blocked,none
928192,0,12,419,3,3,ack,0,0,0,1000,40000,8000,0,200000,0,0,1000000000,1000000000,,31000,1,0,,,,,40000,30000,40000,40,0,1127680,parked,,blocked,40000,31000,40000,40,0,1128192,parked,,blocked,none
928704,0,4,422,0,0,ack,0,0,0,1000,40000,8000,0,200000,0,0,1000000000,1000000000,,32000,1,0,,,,,40000,31000,40000,40,0,1128192,parked,,blocked,40000,32000,40000,40,0,1128704,parked,,blocked,none
928704,0,12,422,3,3,ack,0,0,0,1000,40000,8000,0,200000,0,0,1000000000,1000000000,,32000,1,0,,,,,40000,31000,40000,40,0,1128192,parked,,blocked,40000,32000,40000,40,0,1128704,parked,,blocked,none
929216,0,4,425,0,0,ack,0,0,0,1000,40000,8000,0,200000,0,0,1000000000,1000000000,,33000,1,0,,,,,40000,32000,40000,40,0,1128704,parked,,blocked,40000,33000,40000,40,0,1129216,parked,,blocked,none
929216,0,12,425,3,3,ack,0,0,0,1000,40000,8000,0,200000,0,0,1000000000,1000000000,,33000,0,0,,,,,40000,32000,40000,40,0,1128704,parked,,blocked,40000,33000,40000,40,0,1129216,parked,,blocked,none
929728,0,4,428,0,0,ack,0,0,0,1000,40000,8000,0,200000,0,0,1000000000,1000000000,,34000,1,0,,,,,40000,33000,40000,40,0,1129216,parked,,blocked,40000,34000,40000,40,0,1129728,parked,,blocked,none
929728,0,12,428,3,3,ack,0,0,0,1000,40000,8000,0,200000,0,0,1000000000,1000000000,,34000,1,0,,,,,40000,33000,40000,40,0,1129216,parked,,blocked,40000,34000,40000,40,0,1129728,parked,,blocked,none
930240,0,4,431,0,0,ack,0,0,0,1000,40000,8000,0,200000,0,0,1000000000,1000000000,,35000,1,0,,,,,40000,34000,40000,40,0,1129728,parked,,blocked,40000,35000,40000,40,0,1130240,parked,,blocked,none
930240,0,12,431,3,3,ack,0,0,0,1000,40000,8000,0,200000,0,0,1000000000,1000000000,,35000,1,0,,,,,40000,34000,40000,40,0,1129728,parked,,blocked,40000,35000,40000,40,0,1130240,parked,,blocked,none
930752,0,4,434,0,0,ack,0,0,0,1000,40000,8000,0,200000,0,0,1000000000,1000000000,,36000,1,0,,,,,40000,35000,40000,40,0,1130240,parked,,blocked,40000,36000,40000,40,0,1130752,parked,,blocked,none
930752,0,12,434,3,3,ack,0,0,0,1000,40000,8000,0,200000,0,0,1000000000,1000000000,,36000,0,0,,,,,40000,35000,40000,40,0,1130240,parked,,blocked,40000,36000,40000,40,0,1130752,parked,,blocked,none
931264,0,4,437,0,0,ack,0,0,0,1000,40000,8000,0,200000,0,0,1000000000,1000000000,,37000,1,0,,,,,40000,36000,40000,40,0,1130752,parked,,blocked,40000,37000,40000,40,0,1131264,parked,,blocked,none
931264,0,12,437,3,3,ack,0,0,0,1000,40000,8000,0,200000,0,0,1000000000,1000000000,,37000,1,0,,,,,40000,36000,40000,40,0,1130752,parked,,blocked,40000,37000,40000,40,0,1131264,parked,,blocked,none
931776,0,4,440,0,0,ack,0,0,0,1000,40000,8000,0,200000,0,0,1000000000,1000000000,,38000,1,0,,,,,40000,37000,40000,40,0,1131264,parked,,blocked,40000,38000,40000,40,0,1131776,parked,,blocked,none
931776,0,12,440,3,3,ack,0,0,0,1000,40000,8000,0,200000,0,0,1000000000,1000000000,,38000,0,0,,,,,40000,37000,40000,40,0,1131264,parked,,blocked,40000,38000,40000,40,0,1131776,parked,,blocked,none
932288,0,4,443,0,0,ack,0,0,0,1000,40000,8000,0,200000,0,0,1000000000,1000000000,,39000,1,0,,,,,40000,38000,40000,40,0,1131776,parked,,blocked,40000,39000,40000,40,0,1132288,parked,,blocked,none
932288,0,12,443,3,3,ack,0,0,0,1000,40000,8000,0,200000,0,0,1000000000,1000000000,,39000,0,0,,,,,40000,38000,40000,40,0,1131776,parked,,blocked,40000,39000,40000,40,0,1132288,parked,,blocked,none
932800,0,4,446,0,0,ack,0,0,0,1000,40000,8000,0,200000,0,0,1000000000,1000000000,,40000,1,0,,,,,40000,39000,40000,40,0,1132288,parked,,blocked,40000,40000,40000,40,0,,parked,,finished,none
932800,0,12,446,3,3,ack,0,0,0,1000,40000,8000,0,200000,0,0,1000000000,1000000000,,40000,0,0,,,,,40000,39000,40000,40,0,1132288,parked,,blocked,40000,40000,40000,40,0,,parked,,finished,none
1111680,1,1,380,1,1,timeout,0,0,0,1000,40000,8000,0,200000,0,0,1000000000,1000000000,,,,0,,,,,40000,34000,40000,40,0,1111680,parked,,blocked,34000,34000,40000,40,0,1311680,armed,1112000,scheduled,none
1111680,1,2,380,2,2,timeout,0,0,0,1000,40000,8000,0,200000,0,0,1000000000,1000000000,,,,0,,,,,40000,34000,40000,40,0,1111680,parked,,blocked,34000,34000,40000,40,0,1311680,armed,1112000,scheduled,none
1112000,1,1,381,1,1,tick,0,0,0,1000,40000,8000,0,200000,0,0,1000000000,1000000000,1000000000,,,1,34000,1000,1,1219,34000,34000,40000,40,0,1311680,armed,1112000,scheduled,35000,34000,40000,40,0,1311680,armed,1120000,scheduled,none
1112000,1,2,381,2,2,tick,0,0,0,1000,40000,8000,0,200000,0,0,1000000000,1000000000,1000000000,,,1,34000,1000,1,1220,34000,34000,40000,40,0,1311680,armed,1112000,scheduled,35000,34000,40000,40,0,1311680,armed,1120000,scheduled,none
1120000,1,1,383,1,1,tick,0,0,0,1000,40000,8000,0,200000,0,0,1000000000,1000000000,1000000000,,,1,35000,1000,1,1233,35000,34000,40000,40,0,1311680,armed,1120000,scheduled,36000,34000,40000,40,0,1311680,armed,1128000,scheduled,none
1120000,1,2,383,2,2,tick,0,0,0,1000,40000,8000,0,200000,0,0,1000000000,1000000000,1000000000,,,1,35000,1000,1,1234,35000,34000,40000,40,0,1311680,armed,1120000,scheduled,36000,34000,40000,40,0,1311680,armed,1128000,scheduled,none
1128000,1,1,387,1,1,tick,0,0,0,1000,40000,8000,0,200000,0,0,1000000000,1000000000,1000000000,,,1,36000,1000,1,1247,36000,34000,40000,40,0,1311680,armed,1128000,scheduled,37000,34000,40000,40,0,1311680,armed,1136000,scheduled,none
1128000,1,2,387,2,2,tick,0,0,0,1000,40000,8000,0,200000,0,0,1000000000,1000000000,1000000000,,,1,36000,1000,1,1248,36000,34000,40000,40,0,1311680,armed,1128000,scheduled,37000,34000,40000,40,0,1311680,armed,1136000,scheduled,none
1136000,1,1,391,1,1,tick,0,0,0,1000,40000,8000,0,200000,0,0,1000000000,1000000000,1000000000,,,1,37000,1000,1,1261,37000,34000,40000,40,0,1311680,armed,1136000,scheduled,38000,34000,40000,40,0,1311680,armed,1144000,scheduled,none
1136000,1,2,391,2,2,tick,0,0,0,1000,40000,8000,0,200000,0,0,1000000000,1000000000,1000000000,,,1,37000,1000,1,1262,37000,34000,40000,40,0,1311680,armed,1136000,scheduled,38000,34000,40000,40,0,1311680,armed,1144000,scheduled,none
1144000,1,1,395,1,1,tick,0,0,0,1000,40000,8000,0,200000,0,0,1000000000,1000000000,1000000000,,,1,38000,1000,1,1275,38000,34000,40000,40,0,1311680,armed,1144000,scheduled,39000,34000,40000,40,0,1311680,armed,1152000,scheduled,none
1144000,1,2,395,2,2,tick,0,0,0,1000,40000,8000,0,200000,0,0,1000000000,1000000000,1000000000,,,1,38000,1000,1,1276,38000,34000,40000,40,0,1311680,armed,1144000,scheduled,39000,34000,40000,40,0,1311680,armed,1152000,scheduled,none
1152000,1,1,399,1,1,tick,0,0,0,1000,40000,8000,0,200000,0,0,1000000000,1000000000,1000000000,,,1,39000,1000,1,1289,39000,34000,40000,40,0,1311680,armed,1152000,scheduled,40000,34000,40000,40,0,1311680,parked,,blocked,none
1152000,1,2,399,2,2,tick,0,0,0,1000,40000,8000,0,200000,0,0,1000000000,1000000000,1000000000,,,1,39000,1000,1,1290,39000,34000,40000,40,0,1311680,armed,1152000,scheduled,40000,34000,40000,40,0,1311680,parked,,blocked,none
1153024,0,6,110,1,1,ack,0,0,0,1000,40000,8000,0,200000,0,0,1000000000,1000000000,,35000,0,0,,,,,40000,34000,40000,40,0,1311680,parked,,blocked,40000,35000,40000,40,0,1353024,parked,,blocked,none
1153024,0,9,110,2,2,ack,0,0,0,1000,40000,8000,0,200000,0,0,1000000000,1000000000,,35000,0,0,,,,,40000,34000,40000,40,0,1311680,parked,,blocked,40000,35000,40000,40,0,1353024,parked,,blocked,none
1161536,0,6,113,1,1,ack,0,0,0,1000,40000,8000,0,200000,0,0,1000000000,1000000000,,36000,0,0,,,,,40000,35000,40000,40,0,1353024,parked,,blocked,40000,36000,40000,40,0,1361536,parked,,blocked,none
1161536,0,9,113,2,2,ack,0,0,0,1000,40000,8000,0,200000,0,0,1000000000,1000000000,,36000,0,0,,,,,40000,35000,40000,40,0,1353024,parked,,blocked,40000,36000,40000,40,0,1361536,parked,,blocked,none
1170048,0,6,116,1,1,ack,0,0,0,1000,40000,8000,0,200000,0,0,1000000000,1000000000,,37000,0,0,,,,,40000,36000,40000,40,0,1361536,parked,,blocked,40000,37000,40000,40,0,1370048,parked,,blocked,none
1170048,0,9,116,2,2,ack,0,0,0,1000,40000,8000,0,200000,0,0,1000000000,1000000000,,37000,0,0,,,,,40000,36000,40000,40,0,1361536,parked,,blocked,40000,37000,40000,40,0,1370048,parked,,blocked,none
1170560,0,6,119,1,1,ack,0,0,0,1000,40000,8000,0,200000,0,0,1000000000,1000000000,,38000,0,0,,,,,40000,37000,40000,40,0,1370048,parked,,blocked,40000,38000,40000,40,0,1370560,parked,,blocked,none
1170560,0,9,119,2,2,ack,0,0,0,1000,40000,8000,0,200000,0,0,1000000000,1000000000,,38000,0,0,,,,,40000,37000,40000,40,0,1370048,parked,,blocked,40000,38000,40000,40,0,1370560,parked,,blocked,none
1178560,0,6,122,1,1,ack,0,0,0,1000,40000,8000,0,200000,0,0,1000000000,1000000000,,39000,0,0,,,,,40000,38000,40000,40,0,1370560,parked,,blocked,40000,39000,40000,40,0,1378560,parked,,blocked,none
1178560,0,9,122,2,2,ack,0,0,0,1000,40000,8000,0,200000,0,0,1000000000,1000000000,,39000,0,0,,,,,40000,38000,40000,40,0,1370560,parked,,blocked,40000,39000,40000,40,0,1378560,parked,,blocked,none
1187072,0,6,125,1,1,ack,0,0,0,1000,40000,8000,0,200000,0,0,1000000000,1000000000,,40000,0,0,,,,,40000,39000,40000,40,0,1378560,parked,,blocked,40000,40000,40000,40,0,,parked,,finished,none
1187072,0,9,125,2,2,ack,0,0,0,1000,40000,8000,0,200000,0,0,1000000000,1000000000,,40000,0,0,,,,,40000,39000,40000,40,0,1378560,parked,,blocked,40000,40000,40000,40,0,,parked,,finished,none
