time_ns,event_phase,event_origin_node,event_origin_sequence,node_id,flow_id,kind,class_paused,window_blocked,data_class,mtu_bytes,total_bytes,pacing_interval_ns,first_pacing_time_ns,rto_ns,window_bytes,variable_window,maximum_rate_bps,rate_bps,input_acknowledgment,input_ce_echo,emitted,emitted_psn,emitted_bytes,emitted_retransmission,emitted_payload,before_next_psn,before_snd_una,before_bytes_emitted,before_packets_emitted,before_credit_quanta,before_rto_deadline_ns,before_pacer,before_next_tick_ns,before_status,after_next_psn,after_snd_una,after_bytes_emitted,after_packets_emitted,after_credit_quanta,after_rto_deadline_ns,after_pacer,after_next_tick_ns,after_status
0,1,1,0,1,0,tick,0,0,3,1000,1000000,1000,0,0,200000,0,1000000000,1000000000,,,0,,,,,0,0,0,0,0,,armed,0,blocked,0,0,0,0,1000000000000,,armed,1000,blocked
0,1,1,1,1,1,tick,0,0,3,1000,1000000,8000,0,0,4000,0,1000000000,1000000000,,,1,0,1000,0,29,0,0,0,0,0,,armed,0,scheduled,1000,0,1000,1,0,,armed,8000,scheduled
0,1,2,0,2,2,tick,0,0,3,1000,1000000,1000,0,0,20000,1,1000000000,1000000000,,,0,,,,,0,0,0,0,0,,armed,0,blocked,0,0,0,0,1000000000000,,armed,1000,blocked
0,1,3,0,3,3,tick,0,0,3,1000,1000000,1000,0,0,8000,1,1000000000,1000000000,,,0,,,,,0,0,0,0,0,,armed,0,blocked,0,0,0,0,1000000000000,,armed,1000,blocked
1000,1,1,2,1,0,tick,0,0,3,1000,1000000,1000,0,0,200000,0,1000000000,1000000000,,,0,,,,,0,0,0,0,1000000000000,,armed,1000,blocked,0,0,0,0,2000000000000,,armed,2000,blocked
1000,1,2,1,2,2,tick,0,0,3,1000,1000000,1000,0,0,20000,1,1000000000,1000000000,,,0,,,,,0,0,0,0,1000000000000,,armed,1000,blocked,0,0,0,0,2000000000000,,armed,2000,blocked
1000,1,3,1,3,3,tick,0,0,3,1000,1000000,1000,0,0,8000,1,1000000000,1000000000,,,0,,,,,0,0,0,0,1000000000000,,armed,1000,blocked,0,0,0,0,2000000000000,,armed,2000,blocked
2000,1,1,7,1,0,tick,0,0,3,1000,1000000,1000,0,0,200000,0,1000000000,1000000000,,,0,,,,,0,0,0,0,2000000000000,,armed,2000,blocked,0,0,0,0,3000000000000,,armed,3000,blocked
2000,1,2,2,2,2,tick,0,0,3,1000,1000000,1000,0,0,20000,1,1000000000,1000000000,,,0,,,,,0,0,0,0,2000000000000,,armed,2000,blocked,0,0,0,0,3000000000000,,armed,3000,blocked
2000,1,3,2,3,3,tick,0,0,3,1000,1000000,1000,0,0,8000,1,1000000000,1000000000,,,0,,,,,0,0,0,0,2000000000000,,armed,2000,blocked,0,0,0,0,3000000000000,,armed,3000,blocked
3000,1,1,8,1,0,tick,0,0,3,1000,1000000,1000,0,0,200000,0,1000000000,1000000000,,,0,,,,,0,0,0,0,3000000000000,,armed,3000,blocked,0,0,0,0,4000000000000,,armed,4000,blocked
3000,1,2,3,2,2,tick,0,0,3,1000,1000000,1000,0,0,20000,1,1000000000,1000000000,,,0,,,,,0,0,0,0,3000000000000,,armed,3000,blocked,0,0,0,0,4000000000000,,armed,4000,blocked
3000,1,3,3,3,3,tick,0,0,3,1000,1000000,1000,0,0,8000,1,1000000000,1000000000,,,0,,,,,0,0,0,0,3000000000000,,armed,3000,blocked,0,0,0,0,4000000000000,,armed,4000,blocked
4000,1,1,9,1,0,tick,0,0,3,1000,1000000,1000,0,0,200000,0,1000000000,1000000000,,,0,,,,,0,0,0,0,4000000000000,,armed,4000,blocked,0,0,0,0,5000000000000,,armed,5000,blocked
4000,1,2,4,2,2,tick,0,0,3,1000,1000000,1000,0,0,20000,1,1000000000,1000000000,,,0,,,,,0,0,0,0,4000000000000,,armed,4000,blocked,0,0,0,0,5000000000000,,armed,5000,blocked
4000,1,3,4,3,3,tick,0,0,3,1000,1000000,1000,0,0,8000,1,1000000000,1000000000,,,0,,,,,0,0,0,0,4000000000000,,armed,4000,blocked,0,0,0,0,5000000000000,,armed,5000,blocked
5000,1,1,10,1,0,tick,0,0,3,1000,1000000,1000,0,0,200000,0,1000000000,1000000000,,,0,,,,,0,0,0,0,5000000000000,,armed,5000,blocked,0,0,0,0,6000000000000,,armed,6000,blocked
5000,1,2,5,2,2,tick,0,0,3,1000,1000000,1000,0,0,20000,1,1000000000,1000000000,,,0,,,,,0,0,0,0,5000000000000,,armed,5000,blocked,0,0,0,0,6000000000000,,armed,6000,blocked
5000,1,3,5,3,3,tick,0,0,3,1000,1000000,1000,0,0,8000,1,1000000000,1000000000,,,0,,,,,0,0,0,0,5000000000000,,armed,5000,blocked,0,0,0,0,6000000000000,,armed,6000,blocked
6000,1,1,11,1,0,tick,0,0,3,1000,1000000,1000,0,0,200000,0,1000000000,1000000000,,,0,,,,,0,0,0,0,6000000000000,,armed,6000,blocked,0,0,0,0,7000000000000,,armed,7000,scheduled
6000,1,2,6,2,2,tick,0,0,3,1000,1000000,1000,0,0,20000,1,1000000000,1000000000,,,0,,,,,0,0,0,0,6000000000000,,armed,6000,blocked,0,0,0,0,7000000000000,,armed,7000,scheduled
6000,1,3,6,3,3,tick,0,0,3,1000,1000000,1000,0,0,8000,1,1000000000,1000000000,,,0,,,,,0,0,0,0,6000000000000,,armed,6000,blocked,0,0,0,0,7000000000000,,armed,7000,scheduled
7000,1,1,12,1,0,tick,0,0,3,1000,1000000,1000,0,0,200000,0,1000000000,1000000000,,,1,0,1000,0,43,0,0,0,0,7000000000000,,armed,7000,scheduled,1000,0,1000,1,0,,armed,8000,blocked
7000,1,2,7,2,2,tick,0,0,3,1000,1000000,1000,0,0,20000,1,1000000000,1000000000,,,1,0,1000,0,16,0,0,0,0,7000000000000,,armed,7000,scheduled,1000,0,1000,1,0,,armed,8000,blocked
7000,1,3,7,3,3,tick,0,0,3,1000,1000000,1000,0,0,8000,1,1000000000,1000000000,,,1,0,1000,0,17,0,0,0,0,7000000000000,,armed,7000,scheduled,1000,0,1000,1,0,,armed,8000,blocked
8000,1,1,3,1,1,tick,0,0,3,1000,1000000,8000,0,0,4000,0,1000000000,1000000000,,,1,1000,1000,0,57,1000,0,1000,1,0,,armed,8000,scheduled,2000,0,2000,2,0,,armed,16000,scheduled
8000,1,1,13,1,0,tick,0,0,3,1000,1000000,1000,0,0,200000,0,1000000000,1000000000,,,0,,,,,1000,0,1000,1,0,,armed,8000,blocked,1000,0,1000,1,1000000000000,,armed,9000,blocked
8000,1,2,8,2,2,tick,0,0,3,1000,1000000,1000,0,0,20000,1,1000000000,1000000000,,,0,,,,,1000,0,1000,1,0,,armed,8000,blocked,1000,0,1000,1,1000000000000,,armed,9000,blocked
8000,1,3,8,3,3,tick,0,0,3,1000,1000000,1000,0,0,8000,1,1000000000,1000000000,,,0,,,,,1000,0,1000,1,0,,armed,8000,blocked,1000,0,1000,1,1000000000000,,armed,9000,blocked
9000,1,1,16,1,0,tick,0,0,3,1000,1000000,1000,0,0,200000,0,1000000000,1000000000,,,0,,,,,1000,0,1000,1,1000000000000,,armed,9000,blocked,1000,0,1000,1,2000000000000,,armed,10000,blocked
9000,1,2,12,2,2,tick,0,0,3,1000,1000000,1000,0,0,20000,1,1000000000,1000000000,,,0,,,,,1000,0,1000,1,1000000000000,,armed,9000,blocked,1000,0,1000,1,2000000000000,,armed,10000,blocked
9000,1,3,12,3,3,tick,0,0,3,1000,1000000,1000,0,0,8000,1,1000000000,1000000000,,,0,,,,,1000,0,1000,1,1000000000000,,armed,9000,blocked,1000,0,1000,1,2000000000000,,armed,10000,blocked
10000,1,1,19,1,0,tick,0,0,3,1000,1000000,1000,0,0,200000,0,1000000000,1000000000,,,0,,,,,1000,0,1000,1,2000000000000,,armed,10000,blocked,1000,0,1000,1,3000000000000,,armed,11000,blocked
10000,1,2,13,2,2,tick,0,0,3,1000,1000000,1000,0,0,20000,1,1000000000,1000000000,,,0,,,,,1000,0,1000,1,2000000000000,,armed,10000,blocked,1000,0,1000,1,3000000000000,,armed,11000,blocked
10000,1,3,13,3,3,tick,0,0,3,1000,1000000,1000,0,0,8000,1,1000000000,1000000000,,,0,,,,,1000,0,1000,1,2000000000000,,armed,10000,blocked,1000,0,1000,1,3000000000000,,armed,11000,blocked
11000,1,1,20,1,0,tick,0,0,3,1000,1000000,1000,0,0,200000,0,1000000000,1000000000,,,0,,,,,1000,0,1000,1,3000000000000,,armed,11000,blocked,1000,0,1000,1,4000000000000,,armed,12000,blocked
11000,1,2,14,2,2,tick,0,0,3,1000,1000000,1000,0,0,20000,1,1000000000,1000000000,,,0,,,,,1000,0,1000,1,3000000000000,,armed,11000,blocked,1000,0,1000,1,4000000000000,,armed,12000,blocked
11000,1,3,14,3,3,tick,0,0,3,1000,1000000,1000,0,0,8000,1,1000000000,1000000000,,,0,,,,,1000,0,1000,1,3000000000000,,armed,11000,blocked,1000,0,1000,1,4000000000000,,armed,12000,blocked
12000,1,1,21,1,0,tick,0,0,3,1000,1000000,1000,0,0,200000,0,1000000000,1000000000,,,0,,,,,1000,0,1000,1,4000000000000,,armed,12000,blocked,1000,0,1000,1,5000000000000,,armed,13000,blocked
12000,1,2,15,2,2,tick,0,0,3,1000,1000000,1000,0,0,20000,1,1000000000,1000000000,,,0,,,,,1000,0,1000,1,4000000000000,,armed,12000,blocked,1000,0,1000,1,5000000000000,,armed,13000,blocked
12000,1,3,15,3,3,tick,0,0,3,1000,1000000,1000,0,0,8000,1,1000000000,1000000000,,,0,,,,,1000,0,1000,1,4000000000000,,armed,12000,blocked,1000,0,1000,1,5000000000000,,armed,13000,blocked
13000,1,1,22,1,0,tick,0,0,3,1000,1000000,1000,0,0,200000,0,1000000000,1000000000,,,0,,,,,1000,0,1000,1,5000000000000,,armed,13000,blocked,1000,0,1000,1,6000000000000,,armed,14000,blocked
13000,1,2,16,2,2,tick,0,0,3,1000,1000000,1000,0,0,20000,1,1000000000,1000000000,,,0,,,,,1000,0,1000,1,5000000000000,,armed,13000,blocked,1000,0,1000,1,6000000000000,,armed,14000,blocked
13000,1,3,16,3,3,tick,0,0,3,1000,1000000,1000,0,0,8000,1,1000000000,1000000000,,,0,,,,,1000,0,1000,1,5000000000000,,armed,13000,blocked,1000,0,1000,1,6000000000000,,armed,14000,blocked
14000,1,1,23,1,0,tick,0,0,3,1000,1000000,1000,0,0,200000,0,1000000000,1000000000,,,0,,,,,1000,0,1000,1,6000000000000,,armed,14000,blocked,1000,0,1000,1,7000000000000,,armed,15000,scheduled
14000,1,2,17,2,2,tick,0,0,3,1000,1000000,1000,0,0,20000,1,1000000000,1000000000,,,0,,,,,1000,0,1000,1,6000000000000,,armed,14000,blocked,1000,0,1000,1,7000000000000,,armed,15000,scheduled
14000,1,3,17,3,3,tick,0,0,3,1000,1000000,1000,0,0,8000,1,1000000000,1000000000,,,0,,,,,1000,0,1000,1,6000000000000,,armed,14000,blocked,1000,0,1000,1,7000000000000,,armed,15000,scheduled
15000,1,1,24,1,0,tick,0,0,3,1000,1000000,1000,0,0,200000,0,1000000000,1000000000,,,1,1000,1000,0,71,1000,0,1000,1,7000000000000,,armed,15000,scheduled,2000,0,2000,2,0,,armed,16000,blocked
15000,1,2,18,2,2,tick,0,0,3,1000,1000000,1000,0,0,20000,1,1000000000,1000000000,,,1,1000,1000,0,30,1000,0,1000,1,7000000000000,,armed,15000,scheduled,2000,0,2000,2,0,,armed,16000,blocked
15000,1,3,18,3,3,tick,0,0,3,1000,1000000,1000,0,0,8000,1,1000000000,1000000000,,,1,1000,1000,0,31,1000,0,1000,1,7000000000000,,armed,15000,scheduled,2000,0,2000,2,0,,armed,16000,blocked
16000,1,1,14,1,1,tick,0,0,3,1000,1000000,8000,0,0,4000,0,1000000000,1000000000,,,1,2000,1000,0,85,2000,0,2000,2,0,,armed,16000,scheduled,3000,0,3000,3,0,,armed,24000,scheduled
16000,1,1,25,1,0,tick,0,0,3,1000,1000000,1000,0,0,200000,0,1000000000,1000000000,,,0,,,,,2000,0,2000,2,0,,armed,16000,blocked,2000,0,2000,2,1000000000000,,armed,17000,blocked
16000,1,2,19,2,2,tick,0,0,3,1000,1000000,1000,0,0,20000,1,1000000000,1000000000,,,0,,,,,2000,0,2000,2,0,,armed,16000,blocked,2000,0,2000,2,1000000000000,,armed,17000,blocked
16000,1,3,19,3,3,tick,0,0,3,1000,1000000,1000,0,0,8000,1,1000000000,1000000000,,,0,,,,,2000,0,2000,2,0,,armed,16000,blocked,2000,0,2000,2,1000000000000,,armed,17000,blocked
17000,1,1,28,1,0,tick,0,0,3,1000,1000000,1000,0,0,200000,0,1000000000,1000000000,,,0,,,,,2000,0,2000,2,1000000000000,,armed,17000,blocked,2000,0,2000,2,2000000000000,,armed,18000,blocked
17000,1,2,23,2,2,tick,0,0,3,1000,1000000,1000,0,0,20000,1,1000000000,1000000000,,,0,,,,,2000,0,2000,2,1000000000000,,armed,17000,blocked,2000,0,2000,2,2000000000000,,armed,18000,blocked
17000,1,3,23,3,3,tick,0,0,3,1000,1000000,1000,0,0,8000,1,1000000000,1000000000,,,0,,,,,2000,0,2000,2,1000000000000,,armed,17000,blocked,2000,0,2000,2,2000000000000,,armed,18000,blocked
18000,1,1,31,1,0,tick,0,0,3,1000,1000000,1000,0,0,200000,0,1000000000,1000000000,,,0,,,,,2000,0,2000,2,2000000000000,,armed,18000,blocked,2000,0,2000,2,3000000000000,,armed,19000,blocked
18000,1,2,24,2,2,tick,0,0,3,1000,1000000,1000,0,0,20000,1,1000000000,1000000000,,,0,,,,,2000,0,2000,2,2000000000000,,armed,18000,blocked,2000,0,2000,2,3000000000000,,armed,19000,blocked
18000,1,3,24,3,3,tick,0,0,3,1000,1000000,1000,0,0,8000,1,1000000000,1000000000,,,0,,,,,2000,0,2000,2,2000000000000,,armed,18000,blocked,2000,0,2000,2,3000000000000,,armed,19000,blocked
19000,1,1,32,1,0,tick,0,0,3,1000,1000000,1000,0,0,200000,0,1000000000,1000000000,,,0,,,,,2000,0,2000,2,3000000000000,,armed,19000,blocked,2000,0,2000,2,4000000000000,,armed,20000,blocked
19000,1,2,25,2,2,tick,0,0,3,1000,1000000,1000,0,0,20000,1,1000000000,1000000000,,,0,,,,,2000,0,2000,2,3000000000000,,armed,19000,blocked,2000,0,2000,2,4000000000000,,armed,20000,blocked
19000,1,3,25,3,3,tick,0,0,3,1000,1000000,1000,0,0,8000,1,1000000000,1000000000,,,0,,,,,2000,0,2000,2,3000000000000,,armed,19000,blocked,2000,0,2000,2,4000000000000,,armed,20000,blocked
20000,1,1,33,1,0,tick,0,0,3,1000,1000000,1000,0,0,200000,0,1000000000,1000000000,,,0,,,,,2000,0,2000,2,4000000000000,,armed,20000,blocked,2000,0,2000,2,5000000000000,,armed,21000,blocked
20000,1,2,26,2,2,tick,0,0,3,1000,1000000,1000,0,0,20000,1,1000000000,1000000000,,,0,,,,,2000,0,2000,2,4000000000000,,armed,20000,blocked,2000,0,2000,2,5000000000000,,armed,21000,blocked
20000,1,3,26,3,3,tick,0,0,3,1000,1000000,1000,0,0,8000,1,1000000000,1000000000,,,0,,,,,2000,0,2000,2,4000000000000,,armed,20000,blocked,2000,0,2000,2,5000000000000,,armed,21000,blocked
21000,1,1,34,1,0,tick,0,0,3,1000,1000000,1000,0,0,200000,0,1000000000,1000000000,,,0,,,,,2000,0,2000,2,5000000000000,,armed,21000,blocked,2000,0,2000,2,6000000000000,,armed,22000,blocked
21000,1,2,27,2,2,tick,0,0,3,1000,1000000,1000,0,0,20000,1,1000000000,1000000000,,,0,,,,,2000,0,2000,2,5000000000000,,armed,21000,blocked,2000,0,2000,2,6000000000000,,armed,22000,blocked
21000,1,3,27,3,3,tick,0,0,3,1000,1000000,1000,0,0,8000,1,1000000000,1000000000,,,0,,,,,2000,0,2000,2,5000000000000,,armed,21000,blocked,2000,0,2000,2,6000000000000,,armed,22000,blocked
22000,1,1,35,1,0,tick,0,0,3,1000,1000000,1000,0,0,200000,0,1000000000,1000000000,,,0,,,,,2000,0,2000,2,6000000000000,,armed,22000,blocked,2000,0,2000,2,7000000000000,,armed,23000,scheduled
22000,1,2,28,2,2,tick,0,0,3,1000,1000000,1000,0,0,20000,1,1000000000,1000000000,,,0,,,,,2000,0,2000,2,6000000000000,,armed,22000,blocked,2000,0,2000,2,7000000000000,,armed,23000,scheduled
22000,1,3,28,3,3,tick,0,0,3,1000,1000000,1000,0,0,8000,1,1000000000,1000000000,,,0,,,,,2000,0,2000,2,6000000000000,,armed,22000,blocked,2000,0,2000,2,7000000000000,,armed,23000,scheduled
23000,1,1,36,1,0,tick,0,0,3,1000,1000000,1000,0,0,200000,0,1000000000,1000000000,,,1,2000,1000,0,99,2000,0,2000,2,7000000000000,,armed,23000,scheduled,3000,0,3000,3,0,,armed,24000,blocked
23000,1,2,29,2,2,tick,0,0,3,1000,1000000,1000,0,0,20000,1,1000000000,1000000000,,,1,2000,1000,0,44,2000,0,2000,2,7000000000000,,armed,23000,scheduled,3000,0,3000,3,0,,armed,24000,blocked
23000,1,3,29,3,3,tick,0,0,3,1000,1000000,1000,0,0,8000,1,1000000000,1000000000,,,1,2000,1000,0,45,2000,0,2000,2,7000000000000,,armed,23000,scheduled,3000,0,3000,3,0,,armed,24000,blocked
24000,1,1,26,1,1,tick,0,0,3,1000,1000000,8000,0,0,4000,0,1000000000,1000000000,,,1,3000,1000,0,113,3000,0,3000,3,0,,armed,24000,scheduled,4000,0,4000,4,0,,armed,32000,blocked
24000,1,1,37,1,0,tick,0,0,3,1000,1000000,1000,0,0,200000,0,1000000000,1000000000,,,0,,,,,3000,0,3000,3,0,,armed,24000,blocked,3000,0,3000,3,1000000000000,,armed,25000,blocked
24000,1,2,30,2,2,tick,0,0,3,1000,1000000,1000,0,0,20000,1,1000000000,1000000000,,,0,,,,,3000,0,3000,3,0,,armed,24000,blocked,3000,0,3000,3,1000000000000,,armed,25000,blocked
24000,1,3,30,3,3,tick,0,0,3,1000,1000000,1000,0,0,8000,1,1000000000,1000000000,,,0,,,,,3000,0,3000,3,0,,armed,24000,blocked,3000,0,3000,3,1000000000000,,armed,25000,blocked
25000,1,1,40,1,0,tick,0,0,3,1000,1000000,1000,0,0,200000,0,1000000000,1000000000,,,0,,,,,3000,0,3000,3,1000000000000,,armed,25000,blocked,3000,0,3000,3,2000000000000,,armed,26000,blocked
25000,1,2,34,2,2,tick,0,0,3,1000,1000000,1000,0,0,20000,1,1000000000,1000000000,,,0,,,,,3000,0,3000,3,1000000000000,,armed,25000,blocked,3000,0,3000,3,2000000000000,,armed,26000,blocked
25000,1,3,34,3,3,tick,0,0,3,1000,1000000,1000,0,0,8000,1,1000000000,1000000000,,,0,,,,,3000,0,3000,3,1000000000000,,armed,25000,blocked,3000,0,3000,3,2000000000000,,armed,26000,blocked
25536,0,6,2,1,1,ack,0,0,3,1000,1000000,8000,0,0,4000,0,1000000000,,1000,0,0,,,,,4000,0,4000,4,0,,armed,32000,blocked,4000,1000,4000,4,0,,armed,32000,scheduled
26000,1,1,43,1,0,tick,0,0,3,1000,1000000,1000,0,0,200000,0,1000000000,1000000000,,,0,,,,,3000,0,3000,3,2000000000000,,armed,26000,blocked,3000,0,3000,3,3000000000000,,armed,27000,blocked
26000,1,2,35,2,2,tick,0,0,3,1000,1000000,1000,0,0,20000,1,1000000000,1000000000,,,0,,,,,3000,0,3000,3,2000000000000,,armed,26000,blocked,3000,0,3000,3,3000000000000,,armed,27000,blocked
26000,1,3,35,3,3,tick,0,0,3,1000,1000000,1000,0,0,8000,1,1000000000,1000000000,,,0,,,,,3000,0,3000,3,2000000000000,,armed,26000,blocked,3000,0,3000,3,3000000000000,,armed,27000,blocked
27000,1,1,44,1,0,tick,0,0,3,1000,1000000,1000,0,0,200000,0,1000000000,1000000000,,,0,,,,,3000,0,3000,3,3000000000000,,armed,27000,blocked,3000,0,3000,3,4000000000000,,armed,28000,blocked
27000,1,2,36,2,2,tick,0,0,3,1000,1000000,1000,0,0,20000,1,1000000000,1000000000,,,0,,,,,3000,0,3000,3,3000000000000,,armed,27000,blocked,3000,0,3000,3,4000000000000,,armed,28000,blocked
27000,1,3,36,3,3,tick,0,0,3,1000,1000000,1000,0,0,8000,1,1000000000,1000000000,,,0,,,,,3000,0,3000,3,3000000000000,,armed,27000,blocked,3000,0,3000,3,4000000000000,,armed,28000,blocked
28000,1,1,45,1,0,tick,0,0,3,1000,1000000,1000,0,0,200000,0,1000000000,1000000000,,,0,,,,,3000,0,3000,3,4000000000000,,armed,28000,blocked,3000,0,3000,3,5000000000000,,armed,29000,blocked
28000,1,2,37,2,2,tick,0,0,3,1000,1000000,1000,0,0,20000,1,1000000000,1000000000,,,0,,,,,3000,0,3000,3,4000000000000,,armed,28000,blocked,3000,0,3000,3,5000000000000,,armed,29000,blocked
28000,1,3,37,3,3,tick,0,0,3,1000,1000000,1000,0,0,8000,1,1000000000,1000000000,,,0,,,,,3000,0,3000,3,4000000000000,,armed,28000,blocked,3000,0,3000,3,5000000000000,,armed,29000,blocked
29000,1,1,46,1,0,tick,0,0,3,1000,1000000,1000,0,0,200000,0,1000000000,1000000000,,,0,,,,,3000,0,3000,3,5000000000000,,armed,29000,blocked,3000,0,3000,3,6000000000000,,armed,30000,blocked
29000,1,2,38,2,2,tick,0,0,3,1000,1000000,1000,0,0,20000,1,1000000000,1000000000,,,0,,,,,3000,0,3000,3,5000000000000,,armed,29000,blocked,3000,0,3000,3,6000000000000,,armed,30000,blocked
29000,1,3,38,3,3,tick,0,0,3,1000,1000000,1000,0,0,8000,1,1000000000,1000000000,,,0,,,,,3000,0,3000,3,5000000000000,,armed,29000,blocked,3000,0,3000,3,6000000000000,,armed,30000,blocked
30000,1,1,47,1,0,tick,0,0,3,1000,1000000,1000,0,0,200000,0,1000000000,1000000000,,,0,,,,,3000,0,3000,3,6000000000000,,armed,30000,blocked,3000,0,3000,3,7000000000000,,armed,31000,scheduled
30000,1,2,39,2,2,tick,0,0,3,1000,1000000,1000,0,0,20000,1,1000000000,1000000000,,,0,,,,,3000,0,3000,3,6000000000000,,armed,30000,blocked,3000,0,3000,3,7000000000000,,armed,31000,scheduled
30000,1,3,39,3,3,tick,0,0,3,1000,1000000,1000,0,0,8000,1,1000000000,1000000000,,,0,,,,,3000,0,3000,3,6000000000000,,armed,30000,blocked,3000,0,3000,3,7000000000000,,armed,31000,scheduled
31000,1,1,48,1,0,tick,0,0,3,1000,1000000,1000,0,0,200000,0,1000000000,1000000000,,,1,3000,1000,0,127,3000,0,3000,3,7000000000000,,armed,31000,scheduled,4000,0,4000,4,0,,armed,32000,blocked
31000,1,2,40,2,2,tick,0,0,3,1000,1000000,1000,0,0,20000,1,1000000000,1000000000,,,1,3000,1000,0,58,3000,0,3000,3,7000000000000,,armed,31000,scheduled,4000,0,4000,4,0,,armed,32000,blocked
31000,1,3,40,3,3,tick,0,0,3,1000,1000000,1000,0,0,8000,1,1000000000,1000000000,,,1,3000,1000,0,59,3000,0,3000,3,7000000000000,,armed,31000,scheduled,4000,0,4000,4,0,,armed,32000,blocked
32000,1,1,38,1,1,tick,0,0,3,1000,1000000,8000,0,0,4000,0,1000000000,1000000000,,,1,4000,1000,0,141,4000,1000,4000,4,0,,armed,32000,scheduled,5000,1000,5000,5,0,,armed,40000,blocked
32000,1,1,49,1,0,tick,0,0,3,1000,1000000,1000,0,0,200000,0,1000000000,1000000000,,,0,,,,,4000,0,4000,4,0,,armed,32000,blocked,4000,0,4000,4,1000000000000,,armed,33000,blocked
32000,1,2,41,2,2,tick,0,0,3,1000,1000000,1000,0,0,20000,1,1000000000,1000000000,,,0,,,,,4000,0,4000,4,0,,armed,32000,blocked,4000,0,4000,4,1000000000000,,armed,33000,blocked
32000,1,3,41,3,3,tick,0,0,3,1000,1000000,1000,0,0,8000,1,1000000000,1000000000,,,0,,,,,4000,0,4000,4,0,,armed,32000,blocked,4000,0,4000,4,1000000000000,,armed,33000,blocked
33000,1,1,52,1,0,tick,0,0,3,1000,1000000,1000,0,0,200000,0,1000000000,1000000000,,,0,,,,,4000,0,4000,4,1000000000000,,armed,33000,blocked,4000,0,4000,4,2000000000000,,armed,34000,blocked
33000,1,2,45,2,2,tick,0,0,3,1000,1000000,1000,0,0,20000,1,1000000000,1000000000,,,0,,,,,4000,0,4000,4,1000000000000,,armed,33000,blocked,4000,0,4000,4,2000000000000,,armed,34000,blocked
33000,1,3,45,3,3,tick,0,0,3,1000,1000000,1000,0,0,8000,1,1000000000,1000000000,,,0,,,,,4000,0,4000,4,1000000000000,,armed,33000,blocked,4000,0,4000,4,2000000000000,,armed,34000,blocked
33536,0,6,5,1,0,ack,0,0,3,1000,1000000,1000,0,0,200000,0,1000000000,,1000,0,0,,,,,4000,0,4000,4,2000000000000,,armed,34000,blocked,4000,1000,4000,4,2000000000000,,armed,34000,blocked
34000,1,1,55,1,0,tick,0,0,3,1000,1000000,1000,0,0,200000,0,1000000000,1000000000,,,0,,,,,4000,1000,4000,4,2000000000000,,armed,34000,blocked,4000,1000,4000,4,3000000000000,,armed,35000,blocked
34000,1,2,46,2,2,tick,0,0,3,1000,1000000,1000,0,0,20000,1,1000000000,1000000000,,,0,,,,,4000,0,4000,4,2000000000000,,armed,34000,blocked,4000,0,4000,4,3000000000000,,armed,35000,blocked
34000,1,3,46,3,3,tick,0,0,3,1000,1000000,1000,0,0,8000,1,1000000000,1000000000,,,0,,,,,4000,0,4000,4,2000000000000,,armed,34000,blocked,4000,0,4000,4,3000000000000,,armed,35000,blocked
35000,1,1,56,1,0,tick,0,0,3,1000,1000000,1000,0,0,200000,0,1000000000,1000000000,,,0,,,,,4000,1000,4000,4,3000000000000,,armed,35000,blocked,4000,1000,4000,4,4000000000000,,armed,36000,blocked
35000,1,2,47,2,2,tick,0,0,3,1000,1000000,1000,0,0,20000,1,1000000000,1000000000,,,0,,,,,4000,0,4000,4,3000000000000,,armed,35000,blocked,4000,0,4000,4,4000000000000,,armed,36000,blocked
35000,1,3,47,3,3,tick,0,0,3,1000,1000000,1000,0,0,8000,1,1000000000,1000000000,,,0,,,,,4000,0,4000,4,3000000000000,,armed,35000,blocked,4000,0,4000,4,4000000000000,,armed,36000,blocked
36000,1,1,57,1,0,tick,0,0,3,1000,1000000,1000,0,0,200000,0,1000000000,1000000000,,,0,,,,,4000,1000,4000,4,4000000000000,,armed,36000,blocked,4000,1000,4000,4,5000000000000,,armed,37000,blocked
36000,1,2,48,2,2,tick,0,0,3,1000,1000000,1000,0,0,20000,1,1000000000,1000000000,,,0,,,,,4000,0,4000,4,4000000000000,,armed,36000,blocked,4000,0,4000,4,5000000000000,,armed,37000,blocked
36000,1,3,48,3,3,tick,0,0,3,1000,1000000,1000,0,0,8000,1,1000000000,1000000000,,,0,,,,,4000,0,4000,4,4000000000000,,armed,36000,blocked,4000,0,4000,4,5000000000000,,armed,37000,blocked
37000,1,1,58,1,0,tick,0,0,3,1000,1000000,1000,0,0,200000,0,1000000000,1000000000,,,0,,,,,4000,1000,4000,4,5000000000000,,armed,37000,blocked,4000,1000,4000,4,6000000000000,,armed,38000,blocked
37000,1,2,49,2,2,tick,0,0,3,1000,1000000,1000,0,0,20000,1,1000000000,1000000000,,,0,,,,,4000,0,4000,4,5000000000000,,armed,37000,blocked,4000,0,4000,4,6000000000000,,armed,38000,blocked
37000,1,3,49,3,3,tick,0,0,3,1000,1000000,1000,0,0,8000,1,1000000000,1000000000,,,0,,,,,4000,0,4000,4,5000000000000,,armed,37000,blocked,4000,0,4000,4,6000000000000,,armed,38000,blocked
38000,1,1,59,1,0,tick,0,0,3,1000,1000000,1000,0,0,200000,0,1000000000,1000000000,,,0,,,,,4000,1000,4000,4,6000000000000,,armed,38000,blocked,4000,1000,4000,4,7000000000000,,armed,39000,scheduled
38000,1,2,50,2,2,tick,0,0,3,1000,1000000,1000,0,0,20000,1,1000000000,1000000000,,,0,,,,,4000,0,4000,4,6000000000000,,armed,38000,blocked,4000,0,4000,4,7000000000000,,armed,39000,scheduled
38000,1,3,50,3,3,tick,0,0,3,1000,1000000,1000,0,0,8000,1,1000000000,1000000000,,,0,,,,,4000,0,4000,4,6000000000000,,armed,38000,blocked,4000,0,4000,4,7000000000000,,armed,39000,scheduled
39000,1,1,60,1,0,tick,0,0,3,1000,1000000,1000,0,0,200000,0,1000000000,1000000000,,,1,4000,1000,0,155,4000,1000,4000,4,7000000000000,,armed,39000,scheduled,5000,1000,5000,5,0,,armed,40000,blocked
39000,1,2,51,2,2,tick,0,0,3,1000,1000000,1000,0,0,20000,1,1000000000,1000000000,,,1,4000,1000,0,72,4000,0,4000,4,7000000000000,,armed,39000,scheduled,5000,0,5000,5,0,,armed,40000,blocked
39000,1,3,51,3,3,tick,0,0,3,1000,1000000,1000,0,0,8000,1,1000000000,1000000000,,,1,4000,1000,0,73,4000,0,4000,4,7000000000000,,armed,39000,scheduled,5000,0,5000,5,0,,armed,40000,blocked
40000,1,1,50,1,1,tick,0,1,3,1000,1000000,8000,0,0,4000,0,1000000000,,,,0,,,,,5000,1000,5000,5,0,,armed,40000,blocked,5000,1000,5000,5,0,,parked,,blocked
40000,1,1,61,1,0,tick,0,0,3,1000,1000000,1000,0,0,200000,0,1000000000,1000000000,,,0,,,,,5000,1000,5000,5,0,,armed,40000,blocked,5000,1000,5000,5,1000000000000,,armed,41000,blocked
40000,1,2,52,2,2,tick,0,0,3,1000,1000000,1000,0,0,20000,1,1000000000,1000000000,,,0,,,,,5000,0,5000,5,0,,armed,40000,blocked,5000,0,5000,5,1000000000000,,armed,41000,blocked
40000,1,3,52,3,3,tick,0,0,3,1000,1000000,1000,0,0,8000,1,1000000000,1000000000,,,0,,,,,5000,0,5000,5,0,,armed,40000,blocked,5000,0,5000,5,1000000000000,,armed,41000,blocked
41000,1,1,63,1,0,tick,0,0,3,1000,1000000,1000,0,0,200000,0,1000000000,1000000000,,,0,,,,,5000,1000,5000,5,1000000000000,,armed,41000,blocked,5000,1000,5000,5,2000000000000,,armed,42000,blocked
41000,1,2,56,2,2,tick,0,0,3,1000,1000000,1000,0,0,20000,1,1000000000,1000000000,,,0,,,,,5000,0,5000,5,1000000000000,,armed,41000,blocked,5000,0,5000,5,2000000000000,,armed,42000,blocked
41000,1,3,56,3,3,tick,0,0,3,1000,1000000,1000,0,0,8000,1,1000000000,1000000000,,,0,,,,,5000,0,5000,5,1000000000000,,armed,41000,blocked,5000,0,5000,5,2000000000000,,armed,42000,blocked
42000,1,1,66,1,0,tick,0,0,3,1000,1000000,1000,0,0,200000,0,1000000000,1000000000,,,0,,,,,5000,1000,5000,5,2000000000000,,armed,42000,blocked,5000,1000,5000,5,3000000000000,,armed,43000,blocked
42000,1,2,57,2,2,tick,0,0,3,1000,1000000,1000,0,0,20000,1,1000000000,1000000000,,,0,,,,,5000,0,5000,5,2000000000000,,armed,42000,blocked,5000,0,5000,5,3000000000000,,armed,43000,blocked
42000,1,3,57,3,3,tick,0,0,3,1000,1000000,1000,0,0,8000,1,1000000000,1000000000,,,0,,,,,5000,0,5000,5,2000000000000,,armed,42000,blocked,5000,0,5000,5,3000000000000,,armed,43000,blocked
42048,0,9,2,2,2,ack,0,0,3,1000,1000000,1000,0,0,20000,1,1000000000,,1000,0,0,,,,,5000,0,5000,5,3000000000000,,armed,43000,blocked,5000,1000,5000,5,3000000000000,,armed,43000,blocked
43000,1,1,67,1,0,tick,0,0,3,1000,1000000,1000,0,0,200000,0,1000000000,1000000000,,,0,,,,,5000,1000,5000,5,3000000000000,,armed,43000,blocked,5000,1000,5000,5,4000000000000,,armed,44000,blocked
43000,1,2,58,2,2,tick,0,0,3,1000,1000000,1000,0,0,20000,1,1000000000,1000000000,,,0,,,,,5000,1000,5000,5,3000000000000,,armed,43000,blocked,5000,1000,5000,5,4000000000000,,armed,44000,blocked
43000,1,3,58,3,3,tick,0,0,3,1000,1000000,1000,0,0,8000,1,1000000000,1000000000,,,0,,,,,5000,0,5000,5,3000000000000,,armed,43000,blocked,5000,0,5000,5,4000000000000,,armed,44000,blocked
44000,1,1,68,1,0,tick,0,0,3,1000,1000000,1000,0,0,200000,0,1000000000,1000000000,,,0,,,,,5000,1000,5000,5,4000000000000,,armed,44000,blocked,5000,1000,5000,5,5000000000000,,armed,45000,blocked
44000,1,2,59,2,2,tick,0,0,3,1000,1000000,1000,0,0,20000,1,1000000000,1000000000,,,0,,,,,5000,1000,5000,5,4000000000000,,armed,44000,blocked,5000,1000,5000,5,5000000000000,,armed,45000,blocked
44000,1,3,59,3,3,tick,0,0,3,1000,1000000,1000,0,0,8000,1,1000000000,1000000000,,,0,,,,,5000,0,5000,5,4000000000000,,armed,44000,blocked,5000,0,5000,5,5000000000000,,armed,45000,blocked
45000,1,1,69,1,0,tick,0,0,3,1000,1000000,1000,0,0,200000,0,1000000000,1000000000,,,0,,,,,5000,1000,5000,5,5000000000000,,armed,45000,blocked,5000,1000,5000,5,6000000000000,,armed,46000,blocked
45000,1,2,60,2,2,tick,0,0,3,1000,1000000,1000,0,0,20000,1,1000000000,1000000000,,,0,,,,,5000,1000,5000,5,5000000000000,,armed,45000,blocked,5000,1000,5000,5,6000000000000,,armed,46000,blocked
45000,1,3,60,3,3,tick,0,0,3,1000,1000000,1000,0,0,8000,1,1000000000,1000000000,,,0,,,,,5000,0,5000,5,5000000000000,,armed,45000,blocked,5000,0,5000,5,6000000000000,,armed,46000,blocked
46000,1,1,70,1,0,tick,0,0,3,1000,1000000,1000,0,0,200000,0,1000000000,1000000000,,,0,,,,,5000,1000,5000,5,6000000000000,,armed,46000,blocked,5000,1000,5000,5,7000000000000,,armed,47000,scheduled
46000,1,2,61,2,2,tick,0,0,3,1000,1000000,1000,0,0,20000,1,1000000000,1000000000,,,0,,,,,5000,1000,5000,5,6000000000000,,armed,46000,blocked,5000,1000,5000,5,7000000000000,,armed,47000,scheduled
46000,1,3,61,3,3,tick,0,0,3,1000,1000000,1000,0,0,8000,1,1000000000,1000000000,,,0,,,,,5000,0,5000,5,6000000000000,,armed,46000,blocked,5000,0,5000,5,7000000000000,,armed,47000,scheduled
47000,1,1,71,1,0,tick,0,0,3,1000,1000000,1000,0,0,200000,0,1000000000,1000000000,,,1,5000,1000,0,169,5000,1000,5000,5,7000000000000,,armed,47000,scheduled,6000,1000,6000,6,0,,armed,48000,blocked
47000,1,2,62,2,2,tick,0,0,3,1000,1000000,1000,0,0,20000,1,1000000000,1000000000,,,1,5000,1000,0,86,5000,1000,5000,5,7000000000000,,armed,47000,scheduled,6000,1000,6000,6,0,,armed,48000,blocked
47000,1,3,62,3,3,tick,0,0,3,1000,1000000,1000,0,0,8000,1,1000000000,1000000000,,,1,5000,1000,0,87,5000,0,5000,5,7000000000000,,armed,47000,scheduled,6000,0,6000,6,0,,armed,48000,blocked
48000,1,1,72,1,0,tick,0,0,3,1000,1000000,1000,0,0,200000,0,1000000000,1000000000,,,0,,,,,6000,1000,6000,6,0,,armed,48000,blocked,6000,1000,6000,6,1000000000000,,armed,49000,blocked
48000,1,2,63,2,2,tick,0,0,3,1000,1000000,1000,0,0,20000,1,1000000000,1000000000,,,0,,,,,6000,1000,6000,6,0,,armed,48000,blocked,6000,1000,6000,6,1000000000000,,armed,49000,blocked
48000,1,3,63,3,3,tick,0,0,3,1000,1000000,1000,0,0,8000,1,1000000000,1000000000,,,0,,,,,6000,0,6000,6,0,,armed,48000,blocked,6000,0,6000,6,1000000000000,,armed,49000,blocked
49000,1,1,74,1,0,tick,0,0,3,1000,1000000,1000,0,0,200000,0,1000000000,1000000000,,,0,,,,,6000,1000,6000,6,1000000000000,,armed,49000,blocked,6000,1000,6000,6,2000000000000,,armed,50000,blocked
49000,1,2,67,2,2,tick,0,0,3,1000,1000000,1000,0,0,20000,1,1000000000,1000000000,,,0,,,,,6000,1000,6000,6,1000000000000,,armed,49000,blocked,6000,1000,6000,6,2000000000000,,armed,50000,blocked
49000,1,3,67,3,3,tick,0,0,3,1000,1000000,1000,0,0,8000,1,1000000000,1000000000,,,0,,,,,6000,0,6000,6,1000000000000,,armed,49000,blocked,6000,0,6000,6,2000000000000,,armed,50000,blocked
49536,0,6,8,1,1,ack,0,0,3,1000,1000000,8000,0,0,4000,0,1000000000,,2000,0,0,,,,,5000,1000,5000,5,0,,parked,,blocked,5000,2000,5000,5,0,,armed,56000,scheduled
50000,1,1,77,1,0,tick,0,0,3,1000,1000000,1000,0,0,200000,0,1000000000,1000000000,,,0,,,,,6000,1000,6000,6,2000000000000,,armed,50000,blocked,6000,1000,6000,6,3000000000000,,armed,51000,blocked
50000,1,2,68,2,2,tick,0,0,3,1000,1000000,1000,0,0,20000,1,1000000000,1000000000,,,0,,,,,6000,1000,6000,6,2000000000000,,armed,50000,blocked,6000,1000,6000,6,3000000000000,,armed,51000,blocked
50000,1,3,68,3,3,tick,0,0,3,1000,1000000,1000,0,0,8000,1,1000000000,1000000000,,,0,,,,,6000,0,6000,6,2000000000000,,armed,50000,blocked,6000,0,6000,6,3000000000000,,armed,51000,blocked
51000,1,1,79,1,0,tick,0,0,3,1000,1000000,1000,0,0,200000,0,1000000000,1000000000,,,0,,,,,6000,1000,6000,6,3000000000000,,armed,51000,blocked,6000,1000,6000,6,4000000000000,,armed,52000,blocked
51000,1,2,69,2,2,tick,0,0,3,1000,1000000,1000,0,0,20000,1,1000000000,1000000000,,,0,,,,,6000,1000,6000,6,3000000000000,,armed,51000,blocked,6000,1000,6000,6,4000000000000,,armed,52000,blocked
51000,1,3,69,3,3,tick,0,0,3,1000,1000000,1000,0,0,8000,1,1000000000,1000000000,,,0,,,,,6000,0,6000,6,3000000000000,,armed,51000,blocked,6000,0,6000,6,4000000000000,,armed,52000,blocked
52000,1,1,80,1,0,tick,0,0,3,1000,1000000,1000,0,0,200000,0,1000000000,1000000000,,,0,,,,,6000,1000,6000,6,4000000000000,,armed,52000,blocked,6000,1000,6000,6,5000000000000,,armed,53000,blocked
52000,1,2,70,2,2,tick,0,0,3,1000,1000000,1000,0,0,20000,1,1000000000,1000000000,,,0,,,,,6000,1000,6000,6,4000000000000,,armed,52000,blocked,6000,1000,6000,6,5000000000000,,armed,53000,blocked
52000,1,3,70,3,3,tick,0,0,3,1000,1000000,1000,0,0,8000,1,1000000000,1000000000,,,0,,,,,6000,0,6000,6,4000000000000,,armed,52000,blocked,6000,0,6000,6,5000000000000,,armed,53000,blocked
53000,1,1,81,1,0,tick,0,0,3,1000,1000000,1000,0,0,200000,0,1000000000,1000000000,,,0,,,,,6000,1000,6000,6,5000000000000,,armed,53000,blocked,6000,1000,6000,6,6000000000000,,armed,54000,blocked
53000,1,2,71,2,2,tick,0,0,3,1000,1000000,1000,0,0,20000,1,1000000000,1000000000,,,0,,,,,6000,1000,6000,6,5000000000000,,armed,53000,blocked,6000,1000,6000,6,6000000000000,,armed,54000,blocked
53000,1,3,71,3,3,tick,0,0,3,1000,1000000,1000,0,0,8000,1,1000000000,1000000000,,,0,,,,,6000,0,6000,6,5000000000000,,armed,53000,blocked,6000,0,6000,6,6000000000000,,armed,54000,blocked
54000,1,1,82,1,0,tick,0,0,3,1000,1000000,1000,0,0,200000,0,1000000000,1000000000,,,0,,,,,6000,1000,6000,6,6000000000000,,armed,54000,blocked,6000,1000,6000,6,7000000000000,,armed,55000,scheduled
54000,1,2,72,2,2,tick,0,0,3,1000,1000000,1000,0,0,20000,1,1000000000,1000000000,,,0,,,,,6000,1000,6000,6,6000000000000,,armed,54000,blocked,6000,1000,6000,6,7000000000000,,armed,55000,scheduled
54000,1,3,72,3,3,tick,0,0,3,1000,1000000,1000,0,0,8000,1,1000000000,1000000000,,,0,,,,,6000,0,6000,6,6000000000000,,armed,54000,blocked,6000,0,6000,6,7000000000000,,armed,55000,scheduled
55000,1,1,83,1,0,tick,0,0,3,1000,1000000,1000,0,0,200000,0,1000000000,1000000000,,,1,6000,1000,0,183,6000,1000,6000,6,7000000000000,,armed,55000,scheduled,7000,1000,7000,7,0,,armed,56000,blocked
55000,1,2,73,2,2,tick,0,0,3,1000,1000000,1000,0,0,20000,1,1000000000,1000000000,,,1,6000,1000,0,100,6000,1000,6000,6,7000000000000,,armed,55000,scheduled,7000,1000,7000,7,0,,armed,56000,blocked
55000,1,3,73,3,3,tick,0,0,3,1000,1000000,1000,0,0,8000,1,1000000000,1000000000,,,1,6000,1000,0,101,6000,0,6000,6,7000000000000,,armed,55000,scheduled,7000,0,7000,7,0,,armed,56000,blocked
56000,1,1,78,1,1,tick,0,0,3,1000,1000000,8000,0,0,4000,0,1000000000,1000000000,,,1,5000,1000,0,197,5000,2000,5000,5,0,,armed,56000,scheduled,6000,2000,6000,6,0,,armed,64000,blocked
56000,1,1,84,1,0,tick,0,0,3,1000,1000000,1000,0,0,200000,0,1000000000,1000000000,,,0,,,,,7000,1000,7000,7,0,,armed,56000,blocked,7000,1000,7000,7,1000000000000,,armed,57000,blocked
56000,1,2,74,2,2,tick,0,0,3,1000,1000000,1000,0,0,20000,1,1000000000,1000000000,,,0,,,,,7000,1000,7000,7,0,,armed,56000,blocked,7000,1000,7000,7,1000000000000,,armed,57000,blocked
56000,1,3,74,3,3,tick,0,0,3,1000,1000000,1000,0,0,8000,1,1000000000,1000000000,,,0,,,,,7000,0,7000,7,0,,armed,56000,blocked,7000,0,7000,7,1000000000000,,armed,57000,blocked
57000,1,1,87,1,0,tick,0,0,3,1000,1000000,1000,0,0,200000,0,1000000000,1000000000,,,0,,,,,7000,1000,7000,7,1000000000000,,armed,57000,blocked,7000,1000,7000,7,2000000000000,,armed,58000,blocked
57000,1,2,78,2,2,tick,0,0,3,1000,1000000,1000,0,0,20000,1,1000000000,1000000000,,,0,,,,,7000,1000,7000,7,1000000000000,,armed,57000,blocked,7000,1000,7000,7,2000000000000,,armed,58000,blocked
57000,1,3,78,3,3,tick,0,0,3,1000,1000000,1000,0,0,8000,1,1000000000,1000000000,,,0,,,,,7000,0,7000,7,1000000000000,,armed,57000,blocked,7000,0,7000,7,2000000000000,,armed,58000,blocked
58000,1,1,90,1,0,tick,0,0,3,1000,1000000,1000,0,0,200000,0,1000000000,1000000000,,,0,,,,,7000,1000,7000,7,2000000000000,,armed,58000,blocked,7000,1000,7000,7,3000000000000,,armed,59000,blocked
58000,1,2,79,2,2,tick,0,0,3,1000,1000000,1000,0,0,20000,1,1000000000,1000000000,,,0,,,,,7000,1000,7000,7,2000000000000,,armed,58000,blocked,7000,1000,7000,7,3000000000000,,armed,59000,blocked
58000,1,3,79,3,3,tick,0,0,3,1000,1000000,1000,0,0,8000,1,1000000000,1000000000,,,0,,,,,7000,0,7000,7,2000000000000,,armed,58000,blocked,7000,0,7000,7,3000000000000,,armed,59000,blocked
58048,0,9,5,2,2,ack,0,0,3,1000,1000000,1000,0,0,20000,1,1000000000,,2000,0,0,,,,,7000,1000,7000,7,3000000000000,,armed,59000,blocked,7000,2000,7000,7,3000000000000,,armed,59000,blocked
59000,1,1,91,1,0,tick,0,0,3,1000,1000000,1000,0,0,200000,0,1000000000,1000000000,,,0,,,,,7000,1000,7000,7,3000000000000,,armed,59000,blocked,7000,1000,7000,7,4000000000000,,armed,60000,blocked
59000,1,2,80,2,2,tick,0,0,3,1000,1000000,1000,0,0,20000,1,1000000000,1000000000,,,0,,,,,7000,2000,7000,7,3000000000000,,armed,59000,blocked,7000,2000,7000,7,4000000000000,,armed,60000,blocked
59000,1,3,80,3,3,tick,0,0,3,1000,1000000,1000,0,0,8000,1,1000000000,1000000000,,,0,,,,,7000,0,7000,7,3000000000000,,armed,59000,blocked,7000,0,7000,7,4000000000000,,armed,60000,blocked
60000,1,1,92,1,0,tick,0,0,3,1000,1000000,1000,0,0,200000,0,1000000000,1000000000,,,0,,,,,7000,1000,7000,7,4000000000000,,armed,60000,blocked,7000,1000,7000,7,5000000000000,,armed,61000,blocked
60000,1,2,81,2,2,tick,0,0,3,1000,1000000,1000,0,0,20000,1,1000000000,1000000000,,,0,,,,,7000,2000,7000,7,4000000000000,,armed,60000,blocked,7000,2000,7000,7,5000000000000,,armed,61000,blocked
60000,1,3,81,3,3,tick,0,0,3,1000,1000000,1000,0,0,8000,1,1000000000,1000000000,,,0,,,,,7000,0,7000,7,4000000000000,,armed,60000,blocked,7000,0,7000,7,5000000000000,,armed,61000,blocked
61000,1,1,93,1,0,tick,0,0,3,1000,1000000,1000,0,0,200000,0,1000000000,1000000000,,,0,,,,,7000,1000,7000,7,5000000000000,,armed,61000,blocked,7000,1000,7000,7,6000000000000,,armed,62000,blocked
61000,1,2,82,2,2,tick,0,0,3,1000,1000000,1000,0,0,20000,1,1000000000,1000000000,,,0,,,,,7000,2000,7000,7,5000000000000,,armed,61000,blocked,7000,2000,7000,7,6000000000000,,armed,62000,blocked
61000,1,3,82,3,3,tick,0,0,3,1000,1000000,1000,0,0,8000,1,1000000000,1000000000,,,0,,,,,7000,0,7000,7,5000000000000,,armed,61000,blocked,7000,0,7000,7,6000000000000,,armed,62000,blocked
62000,1,1,94,1,0,tick,0,0,3,1000,1000000,1000,0,0,200000,0,1000000000,1000000000,,,0,,,,,7000,1000,7000,7,6000000000000,,armed,62000,blocked,7000,1000,7000,7,7000000000000,,armed,63000,scheduled
62000,1,2,83,2,2,tick,0,0,3,1000,1000000,1000,0,0,20000,1,1000000000,1000000000,,,0,,,,,7000,2000,7000,7,6000000000000,,armed,62000,blocked,7000,2000,7000,7,7000000000000,,armed,63000,scheduled
62000,1,3,83,3,3,tick,0,0,3,1000,1000000,1000,0,0,8000,1,1000000000,1000000000,,,0,,,,,7000,0,7000,7,6000000000000,,armed,62000,blocked,7000,0,7000,7,7000000000000,,armed,63000,scheduled
63000,1,1,95,1,0,tick,0,0,3,1000,1000000,1000,0,0,200000,0,1000000000,1000000000,,,1,7000,1000,0,211,7000,1000,7000,7,7000000000000,,armed,63000,scheduled,8000,1000,8000,8,0,,armed,64000,blocked
63000,1,2,84,2,2,tick,0,0,3,1000,1000000,1000,0,0,20000,1,1000000000,1000000000,,,1,7000,1000,0,114,7000,2000,7000,7,7000000000000,,armed,63000,scheduled,8000,2000,8000,8,0,,armed,64000,blocked
63000,1,3,84,3,3,tick,0,0,3,1000,1000000,1000,0,0,8000,1,1000000000,1000000000,,,1,7000,1000,0,115,7000,0,7000,7,7000000000000,,armed,63000,scheduled,8000,0,8000,8,0,,armed,64000,blocked
64000,1,1,86,1,1,tick,0,1,3,1000,1000000,8000,0,0,4000,0,1000000000,,,,0,,,,,6000,2000,6000,6,0,,armed,64000,blocked,6000,2000,6000,6,0,,parked,,blocked
64000,1,1,96,1,0,tick,0,0,3,1000,1000000,1000,0,0,200000,0,1000000000,1000000000,,,0,,,,,8000,1000,8000,8,0,,armed,64000,blocked,8000,1000,8000,8,1000000000000,,armed,65000,blocked
64000,1,2,85,2,2,tick,0,0,3,1000,1000000,1000,0,0,20000,1,1000000000,1000000000,,,0,,,,,8000,2000,8000,8,0,,armed,64000,blocked,8000,2000,8000,8,1000000000000,,armed,65000,blocked
64000,1,3,85,3,3,tick,0,1,3,1000,1000000,1000,0,0,8000,1,1000000000,,,,0,,,,,8000,0,8000,8,0,,armed,64000,blocked,8000,0,8000,8,0,,parked,,blocked
65000,1,1,98,1,0,tick,0,0,3,1000,1000000,1000,0,0,200000,0,1000000000,1000000000,,,0,,,,,8000,1000,8000,8,1000000000000,,armed,65000,blocked,8000,1000,8000,8,2000000000000,,armed,66000,blocked
65000,1,2,89,2,2,tick,0,0,3,1000,1000000,1000,0,0,20000,1,1000000000,1000000000,,,0,,,,,8000,2000,8000,8,1000000000000,,armed,65000,blocked,8000,2000,8000,8,2000000000000,,armed,66000,blocked
65536,0,6,11,1,0,ack,0,0,3,1000,1000000,1000,0,0,200000,0,1000000000,,2000,0,0,,,,,8000,1000,8000,8,2000000000000,,armed,66000,blocked,8000,2000,8000,8,2000000000000,,armed,66000,blocked
66000,1,1,101,1,0,tick,0,0,3,1000,1000000,1000,0,0,200000,0,1000000000,1000000000,,,0,,,,,8000,2000,8000,8,2000000000000,,armed,66000,blocked,8000,2000,8000,8,3000000000000,,armed,67000,blocked
66000,1,2,90,2,2,tick,0,0,3,1000,1000000,1000,0,0,20000,1,1000000000,1000000000,,,0,,,,,8000,2000,8000,8,2000000000000,,armed,66000,blocked,8000,2000,8000,8,3000000000000,,armed,67000,blocked
67000,1,1,102,1,0,tick,0,0,3,1000,1000000,1000,0,0,200000,0,1000000000,1000000000,,,0,,,,,8000,2000,8000,8,3000000000000,,armed,67000,blocked,8000,2000,8000,8,4000000000000,,armed,68000,blocked
67000,1,2,91,2,2,tick,0,0,3,1000,1000000,1000,0,0,20000,1,1000000000,1000000000,,,0,,,,,8000,2000,8000,8,3000000000000,,armed,67000,blocked,8000,2000,8000,8,4000000000000,,armed,68000,blocked
68000,1,1,103,1,0,tick,0,0,3,1000,1000000,1000,0,0,200000,0,1000000000,1000000000,,,0,,,,,8000,2000,8000,8,4000000000000,,armed,68000,blocked,8000,2000,8000,8,5000000000000,,armed,69000,blocked
68000,1,2,92,2,2,tick,0,0,3,1000,1000000,1000,0,0,20000,1,1000000000,1000000000,,,0,,,,,8000,2000,8000,8,4000000000000,,armed,68000,blocked,8000,2000,8000,8,5000000000000,,armed,69000,blocked
69000,1,1,104,1,0,tick,0,0,3,1000,1000000,1000,0,0,200000,0,1000000000,1000000000,,,0,,,,,8000,2000,8000,8,5000000000000,,armed,69000,blocked,8000,2000,8000,8,6000000000000,,armed,70000,blocked
69000,1,2,93,2,2,tick,0,0,3,1000,1000000,1000,0,0,20000,1,1000000000,1000000000,,,0,,,,,8000,2000,8000,8,5000000000000,,armed,69000,blocked,8000,2000,8000,8,6000000000000,,armed,70000,blocked
70000,1,1,105,1,0,tick,0,0,3,1000,1000000,1000,0,0,200000,0,1000000000,1000000000,,,0,,,,,8000,2000,8000,8,6000000000000,,armed,70000,blocked,8000,2000,8000,8,7000000000000,,armed,71000,scheduled
70000,1,2,94,2,2,tick,0,0,3,1000,1000000,1000,0,0,20000,1,1000000000,1000000000,,,0,,,,,8000,2000,8000,8,6000000000000,,armed,70000,blocked,8000,2000,8000,8,7000000000000,,armed,71000,scheduled
71000,1,1,106,1,0,tick,0,0,3,1000,1000000,1000,0,0,200000,0,1000000000,1000000000,,,1,8000,1000,0,225,8000,2000,8000,8,7000000000000,,armed,71000,scheduled,9000,2000,9000,9,0,,armed,72000,blocked
71000,1,2,95,2,2,tick,0,0,3,1000,1000000,1000,0,0,20000,1,1000000000,1000000000,,,1,8000,1000,0,128,8000,2000,8000,8,7000000000000,,armed,71000,scheduled,9000,2000,9000,9,0,,armed,72000,blocked
72000,1,1,107,1,0,tick,0,0,3,1000,1000000,1000,0,0,200000,0,1000000000,1000000000,,,0,,,,,9000,2000,9000,9,0,,armed,72000,blocked,9000,2000,9000,9,1000000000000,,armed,73000,blocked
72000,1,2,96,2,2,tick,0,0,3,1000,1000000,1000,0,0,20000,1,1000000000,1000000000,,,0,,,,,9000,2000,9000,9,0,,armed,72000,blocked,9000,2000,9000,9,1000000000000,,armed,73000,blocked
73000,1,1,109,1,0,tick,0,0,3,1000,1000000,1000,0,0,200000,0,1000000000,1000000000,,,0,,,,,9000,2000,9000,9,1000000000000,,armed,73000,blocked,9000,2000,9000,9,2000000000000,,armed,74000,blocked
73000,1,2,100,2,2,tick,0,0,3,1000,1000000,1000,0,0,20000,1,1000000000,1000000000,,,0,,,,,9000,2000,9000,9,1000000000000,,armed,73000,blocked,9000,2000,9000,9,2000000000000,,armed,74000,blocked
74000,1,1,112,1,0,tick,0,0,3,1000,1000000,1000,0,0,200000,0,1000000000,1000000000,,,0,,,,,9000,2000,9000,9,2000000000000,,armed,74000,blocked,9000,2000,9000,9,3000000000000,,armed,75000,blocked
74000,1,2,101,2,2,tick,0,0,3,1000,1000000,1000,0,0,20000,1,1000000000,1000000000,,,0,,,,,9000,2000,9000,9,2000000000000,,armed,74000,blocked,9000,2000,9000,9,3000000000000,,armed,75000,blocked
74560,0,12,2,3,3,ack,0,0,3,1000,1000000,1000,0,0,8000,1,1000000000,,1000,0,0,,,,,8000,0,8000,8,0,,parked,,blocked,8000,1000,8000,8,0,,armed,75000,blocked
75000,1,1,113,1,0,tick,0,0,3,1000,1000000,1000,0,0,200000,0,1000000000,1000000000,,,0,,,,,9000,2000,9000,9,3000000000000,,armed,75000,blocked,9000,2000,9000,9,4000000000000,,armed,76000,blocked
75000,1,2,102,2,2,tick,0,0,3,1000,1000000,1000,0,0,20000,1,1000000000,1000000000,,,0,,,,,9000,2000,9000,9,3000000000000,,armed,75000,blocked,9000,2000,9000,9,4000000000000,,armed,76000,blocked
75000,1,3,89,3,3,tick,0,0,3,1000,1000000,1000,0,0,8000,1,1000000000,1000000000,,,0,,,,,8000,1000,8000,8,0,,armed,75000,blocked,8000,1000,8000,8,1000000000000,,armed,76000,blocked
76000,1,1,114,1,0,tick,0,0,3,1000,1000000,1000,0,0,200000,0,1000000000,1000000000,,,0,,,,,9000,2000,9000,9,4000000000000,,armed,76000,blocked,9000,2000,9000,9,5000000000000,,armed,77000,blocked
76000,1,2,103,2,2,tick,0,0,3,1000,1000000,1000,0,0,20000,1,1000000000,1000000000,,,0,,,,,9000,2000,9000,9,4000000000000,,armed,76000,blocked,9000,2000,9000,9,5000000000000,,armed,77000,blocked
76000,1,3,90,3,3,tick,0,0,3,1000,1000000,1000,0,0,8000,1,1000000000,1000000000,,,0,,,,,8000,1000,8000,8,1000000000000,,armed,76000,blocked,8000,1000,8000,8,2000000000000,,armed,77000,blocked
77000,1,1,115,1,0,tick,0,0,3,1000,1000000,1000,0,0,200000,0,1000000000,1000000000,,,0,,,,,9000,2000,9000,9,5000000000000,,armed,77000,blocked,9000,2000,9000,9,6000000000000,,armed,78000,blocked
77000,1,2,104,2,2,tick,0,0,3,1000,1000000,1000,0,0,20000,1,1000000000,1000000000,,,0,,,,,9000,2000,9000,9,5000000000000,,armed,77000,blocked,9000,2000,9000,9,6000000000000,,armed,78000,blocked
77000,1,3,91,3,3,tick,0,0,3,1000,1000000,1000,0,0,8000,1,1000000000,1000000000,,,0,,,,,8000,1000,8000,8,2000000000000,,armed,77000,blocked,8000,1000,8000,8,3000000000000,,armed,78000,blocked
78000,1,1,116,1,0,tick,0,0,3,1000,1000000,1000,0,0,200000,0,1000000000,1000000000,,,0,,,,,9000,2000,9000,9,6000000000000,,armed,78000,blocked,9000,2000,9000,9,7000000000000,,armed,79000,scheduled
78000,1,2,105,2,2,tick,0,0,3,1000,1000000,1000,0,0,20000,1,1000000000,1000000000,,,0,,,,,9000,2000,9000,9,6000000000000,,armed,78000,blocked,9000,2000,9000,9,7000000000000,,armed,79000,scheduled
78000,1,3,92,3,3,tick,0,0,3,1000,1000000,1000,0,0,8000,1,1000000000,1000000000,,,0,,,,,8000,1000,8000,8,3000000000000,,armed,78000,blocked,8000,1000,8000,8,4000000000000,,armed,79000,blocked
79000,1,1,117,1,0,tick,0,0,3,1000,1000000,1000,0,0,200000,0,1000000000,1000000000,,,1,9000,1000,0,239,9000,2000,9000,9,7000000000000,,armed,79000,scheduled,10000,2000,10000,10,0,,armed,80000,blocked
79000,1,2,106,2,2,tick,0,0,3,1000,1000000,1000,0,0,20000,1,1000000000,1000000000,,,1,9000,1000,0,142,9000,2000,9000,9,7000000000000,,armed,79000,scheduled,10000,2000,10000,10,0,,armed,80000,blocked
79000,1,3,93,3,3,tick,0,0,3,1000,1000000,1000,0,0,8000,1,1000000000,1000000000,,,0,,,,,8000,1000,8000,8,4000000000000,,armed,79000,blocked,8000,1000,8000,8,5000000000000,,armed,80000,blocked
80000,1,1,118,1,0,tick,0,0,3,1000,1000000,1000,0,0,200000,0,1000000000,1000000000,,,0,,,,,10000,2000,10000,10,0,,armed,80000,blocked,10000,2000,10000,10,1000000000000,,armed,81000,blocked
80000,1,2,107,2,2,tick,0,0,3,1000,1000000,1000,0,0,20000,1,1000000000,1000000000,,,0,,,,,10000,2000,10000,10,0,,armed,80000,blocked,10000,2000,10000,10,1000000000000,,armed,81000,blocked
80000,1,3,94,3,3,tick,0,0,3,1000,1000000,1000,0,0,8000,1,1000000000,1000000000,,,0,,,,,8000,1000,8000,8,5000000000000,,armed,80000,blocked,8000,1000,8000,8,6000000000000,,armed,81000,blocked
81000,1,1,120,1,0,tick,0,0,3,1000,1000000,1000,0,0,200000,0,1000000000,1000000000,,,0,,,,,10000,2000,10000,10,1000000000000,,armed,81000,blocked,10000,2000,10000,10,2000000000000,,armed,82000,blocked
81000,1,2,111,2,2,tick,0,0,3,1000,1000000,1000,0,0,20000,1,1000000000,1000000000,,,0,,,,,10000,2000,10000,10,1000000000000,,armed,81000,blocked,10000,2000,10000,10,2000000000000,,armed,82000,blocked
81000,1,3,95,3,3,tick,0,0,3,1000,1000000,1000,0,0,8000,1,1000000000,1000000000,,,0,,,,,8000,1000,8000,8,6000000000000,,armed,81000,blocked,8000,1000,8000,8,7000000000000,,armed,82000,scheduled
81536,0,6,14,1,1,ack,0,0,3,1000,1000000,8000,0,0,4000,0,1000000000,,3000,0,0,,,,,6000,2000,6000,6,0,,parked,,blocked,6000,3000,6000,6,0,,armed,88000,scheduled
82000,1,1,123,1,0,tick,0,0,3,1000,1000000,1000,0,0,200000,0,1000000000,1000000000,,,0,,,,,10000,2000,10000,10,2000000000000,,armed,82000,blocked,10000,2000,10000,10,3000000000000,,armed,83000,blocked
82000,1,2,112,2,2,tick,0,0,3,1000,1000000,1000,0,0,20000,1,1000000000,1000000000,,,0,,,,,10000,2000,10000,10,2000000000000,,armed,82000,blocked,10000,2000,10000,10,3000000000000,,armed,83000,blocked
82000,1,3,96,3,3,tick,0,0,3,1000,1000000,1000,0,0,8000,1,1000000000,1000000000,,,1,8000,1000,0,129,8000,1000,8000,8,7000000000000,,armed,82000,scheduled,9000,1000,9000,9,0,,armed,83000,blocked
83000,1,1,125,1,0,tick,0,0,3,1000,1000000,1000,0,0,200000,0,1000000000,1000000000,,,0,,,,,10000,2000,10000,10,3000000000000,,armed,83000,blocked,10000,2000,10000,10,4000000000000,,armed,84000,blocked
83000,1,2,113,2,2,tick,0,0,3,1000,1000000,1000,0,0,20000,1,1000000000,1000000000,,,0,,,,,10000,2000,10000,10,3000000000000,,armed,83000,blocked,10000,2000,10000,10,4000000000000,,armed,84000,blocked
83000,1,3,97,3,3,tick,0,1,3,1000,1000000,1000,0,0,8000,1,1000000000,,,,0,,,,,9000,1000,9000,9,0,,armed,83000,blocked,9000,1000,9000,9,0,,parked,,blocked
84000,1,1,126,1,0,tick,0,0,3,1000,1000000,1000,0,0,200000,0,1000000000,1000000000,,,0,,,,,10000,2000,10000,10,4000000000000,,armed,84000,blocked,10000,2000,10000,10,5000000000000,,armed,85000,blocked
84000,1,2,114,2,2,tick,0,0,3,1000,1000000,1000,0,0,20000,1,1000000000,1000000000,,,0,,,,,10000,2000,10000,10,4000000000000,,armed,84000,blocked,10000,2000,10000,10,5000000000000,,armed,85000,blocked
85000,1,1,127,1,0,tick,0,0,3,1000,1000000,1000,0,0,200000,0,1000000000,1000000000,,,0,,,,,10000,2000,10000,10,5000000000000,,armed,85000,blocked,10000,2000,10000,10,6000000000000,,armed,86000,blocked
85000,1,2,115,2,2,tick,0,0,3,1000,1000000,1000,0,0,20000,1,1000000000,1000000000,,,0,,,,,10000,2000,10000,10,5000000000000,,armed,85000,blocked,10000,2000,10000,10,6000000000000,,armed,86000,blocked
86000,1,1,128,1,0,tick,0,0,3,1000,1000000,1000,0,0,200000,0,1000000000,1000000000,,,0,,,,,10000,2000,10000,10,6000000000000,,armed,86000,blocked,10000,2000,10000,10,7000000000000,,armed,87000,scheduled
86000,1,2,116,2,2,tick,0,0,3,1000,1000000,1000,0,0,20000,1,1000000000,1000000000,,,0,,,,,10000,2000,10000,10,6000000000000,,armed,86000,blocked,10000,2000,10000,10,7000000000000,,armed,87000,scheduled
87000,1,1,129,1,0,tick,0,0,3,1000,1000000,1000,0,0,200000,0,1000000000,1000000000,,,1,10000,1000,0,253,10000,2000,10000,10,7000000000000,,armed,87000,scheduled,11000,2000,11000,11,0,,armed,88000,blocked
87000,1,2,117,2,2,tick,0,0,3,1000,1000000,1000,0,0,20000,1,1000000000,1000000000,,,1,10000,1000,0,156,10000,2000,10000,10,7000000000000,,armed,87000,scheduled,11000,2000,11000,11,0,,armed,88000,blocked
88000,1,1,124,1,1,tick,0,0,3,1000,1000000,8000,0,0,4000,0,1000000000,1000000000,,,1,6000,1000,0,267,6000,3000,6000,6,0,,armed,88000,scheduled,7000,3000,7000,7,0,,armed,96000,blocked
88000,1,1,130,1,0,tick,0,0,3,1000,1000000,1000,0,0,200000,0,1000000000,1000000000,,,0,,,,,11000,2000,11000,11,0,,armed,88000,blocked,11000,2000,11000,11,1000000000000,,armed,89000,blocked
88000,1,2,118,2,2,tick,0,0,3,1000,1000000,1000,0,0,20000,1,1000000000,1000000000,,,0,,,,,11000,2000,11000,11,0,,armed,88000,blocked,11000,2000,11000,11,1000000000000,,armed,89000,blocked
89000,1,1,133,1,0,tick,0,0,3,1000,1000000,1000,0,0,200000,0,1000000000,1000000000,,,0,,,,,11000,2000,11000,11,1000000000000,,armed,89000,blocked,11000,2000,11000,11,2000000000000,,armed,90000,blocked
89000,1,2,122,2,2,tick,0,0,3,1000,1000000,1000,0,0,20000,1,1000000000,1000000000,,,0,,,,,11000,2000,11000,11,1000000000000,,armed,89000,blocked,11000,2000,11000,11,2000000000000,,armed,90000,blocked
90000,1,1,136,1,0,tick,0,0,3,1000,1000000,1000,0,0,200000,0,1000000000,1000000000,,,0,,,,,11000,2000,11000,11,2000000000000,,armed,90000,blocked,11000,2000,11000,11,3000000000000,,armed,91000,blocked
90000,1,2,123,2,2,tick,0,0,3,1000,1000000,1000,0,0,20000,1,1000000000,1000000000,,,0,,,,,11000,2000,11000,11,2000000000000,,armed,90000,blocked,11000,2000,11000,11,3000000000000,,armed,91000,blocked
90048,0,9,8,2,2,ack,0,0,3,1000,1000000,1000,0,0,20000,1,1000000000,,3000,0,0,,,,,11000,2000,11000,11,3000000000000,,armed,91000,blocked,11000,3000,11000,11,3000000000000,,armed,91000,blocked
91000,1,1,137,1,0,tick,0,0,3,1000,1000000,1000,0,0,200000,0,1000000000,1000000000,,,0,,,,,11000,2000,11000,11,3000000000000,,armed,91000,blocked,11000,2000,11000,11,4000000000000,,armed,92000,blocked
91000,1,2,124,2,2,tick,0,0,3,1000,1000000,1000,0,0,20000,1,1000000000,1000000000,,,0,,,,,11000,3000,11000,11,3000000000000,,armed,91000,blocked,11000,3000,11000,11,4000000000000,,armed,92000,blocked
92000,1,1,138,1,0,tick,0,0,3,1000,1000000,1000,0,0,200000,0,1000000000,1000000000,,,0,,,,,11000,2000,11000,11,4000000000000,,armed,92000,blocked,11000,2000,11000,11,5000000000000,,armed,93000,blocked
92000,1,2,125,2,2,tick,0,0,3,1000,1000000,1000,0,0,20000,1,1000000000,1000000000,,,0,,,,,11000,3000,11000,11,4000000000000,,armed,92000,blocked,11000,3000,11000,11,5000000000000,,armed,93000,blocked
93000,1,1,139,1,0,tick,0,0,3,1000,1000000,1000,0,0,200000,0,1000000000,1000000000,,,0,,,,,11000,2000,11000,11,5000000000000,,armed,93000,blocked,11000,2000,11000,11,6000000000000,,armed,94000,blocked
93000,1,2,126,2,2,tick,0,0,3,1000,1000000,1000,0,0,20000,1,1000000000,1000000000,,,0,,,,,11000,3000,11000,11,5000000000000,,armed,93000,blocked,11000,3000,11000,11,6000000000000,,armed,94000,blocked
94000,1,1,140,1,0,tick,0,0,3,1000,1000000,1000,0,0,200000,0,1000000000,1000000000,,,0,,,,,11000,2000,11000,11,6000000000000,,armed,94000,blocked,11000,2000,11000,11,7000000000000,,armed,95000,scheduled
94000,1,2,127,2,2,tick,0,0,3,1000,1000000,1000,0,0,20000,1,1000000000,1000000000,,,0,,,,,11000,3000,11000,11,6000000000000,,armed,94000,blocked,11000,3000,11000,11,7000000000000,,armed,95000,scheduled
95000,1,1,141,1,0,tick,0,0,3,1000,1000000,1000,0,0,200000,0,1000000000,1000000000,,,1,11000,1000,0,281,11000,2000,11000,11,7000000000000,,armed,95000,scheduled,12000,2000,12000,12,0,,armed,96000,blocked
95000,1,2,128,2,2,tick,0,0,3,1000,1000000,1000,0,0,20000,1,1000000000,1000000000,,,1,11000,1000,0,170,11000,3000,11000,11,7000000000000,,armed,95000,scheduled,12000,3000,12000,12,0,,armed,96000,blocked
96000,1,1,132,1,1,tick,0,1,3,1000,1000000,8000,0,0,4000,0,1000000000,,,,0,,,,,7000,3000,7000,7,0,,armed,96000,blocked,7000,3000,7000,7,0,,parked,,blocked
96000,1,1,142,1,0,tick,0,0,3,1000,1000000,1000,0,0,200000,0,1000000000,1000000000,,,0,,,,,12000,2000,12000,12,0,,armed,96000,blocked,12000,2000,12000,12,1000000000000,,armed,97000,blocked
96000,1,2,129,2,2,tick,0,0,3,1000,1000000,1000,0,0,20000,1,1000000000,1000000000,,,0,,,,,12000,3000,12000,12,0,,armed,96000,blocked,12000,3000,12000,12,1000000000000,,armed,97000,blocked
97000,1,1,144,1,0,tick,0,0,3,1000,1000000,1000,0,0,200000,0,1000000000,1000000000,,,0,,,,,12000,2000,12000,12,1000000000000,,armed,97000,blocked,12000,2000,12000,12,2000000000000,,armed,98000,blocked
97000,1,2,133,2,2,tick,0,0,3,1000,1000000,1000,0,0,20000,1,1000000000,1000000000,,,0,,,,,12000,3000,12000,12,1000000000000,,armed,97000,blocked,12000,3000,12000,12,2000000000000,,armed,98000,blocked
97536,0,6,17,1,0,ack,0,0,3,1000,1000000,1000,0,0,200000,0,1000000000,,3000,0,0,,,,,12000,2000,12000,12,2000000000000,,armed,98000,blocked,12000,3000,12000,12,2000000000000,,armed,98000,blocked
98000,1,1,147,1,0,tick,0,0,3,1000,1000000,1000,0,0,200000,0,1000000000,1000000000,,,0,,,,,12000,3000,12000,12,2000000000000,,armed,98000,blocked,12000,3000,12000,12,3000000000000,,armed,99000,blocked
98000,1,2,134,2,2,tick,0,0,3,1000,1000000,1000,0,0,20000,1,1000000000,1000000000,,,0,,,,,12000,3000,12000,12,2000000000000,,armed,98000,blocked,12000,3000,12000,12,3000000000000,,armed,99000,blocked
99000,1,1,148,1,0,tick,0,0,3,1000,1000000,1000,0,0,200000,0,1000000000,1000000000,,,0,,,,,12000,3000,12000,12,3000000000000,,armed,99000,blocked,12000,3000,12000,12,4000000000000,,armed,100000,blocked
99000,1,2,135,2,2,tick,0,0,3,1000,1000000,1000,0,0,20000,1,1000000000,1000000000,,,0,,,,,12000,3000,12000,12,3000000000000,,armed,99000,blocked,12000,3000,12000,12,4000000000000,,armed,100000,blocked
100000,1,1,149,1,0,tick,0,0,3,1000,1000000,1000,0,0,200000,0,1000000000,1000000000,,,0,,,,,12000,3000,12000,12,4000000000000,,armed,100000,blocked,12000,3000,12000,12,5000000000000,,armed,101000,blocked
100000,1,2,136,2,2,tick,0,0,3,1000,1000000,1000,0,0,20000,1,1000000000,1000000000,,,0,,,,,12000,3000,12000,12,4000000000000,,armed,100000,blocked,12000,3000,12000,12,5000000000000,,armed,101000,blocked
101000,1,1,150,1,0,tick,0,0,3,1000,1000000,1000,0,0,200000,0,1000000000,1000000000,,,0,,,,,12000,3000,12000,12,5000000000000,,armed,101000,blocked,12000,3000,12000,12,6000000000000,,armed,102000,blocked
101000,1,2,137,2,2,tick,0,0,3,1000,1000000,1000,0,0,20000,1,1000000000,1000000000,,,0,,,,,12000,3000,12000,12,5000000000000,,armed,101000,blocked,12000,3000,12000,12,6000000000000,,armed,102000,blocked
102000,1,1,151,1,0,tick,0,0,3,1000,1000000,1000,0,0,200000,0,1000000000,1000000000,,,0,,,,,12000,3000,12000,12,6000000000000,,armed,102000,blocked,12000,3000,12000,12,7000000000000,,armed,103000,scheduled
102000,1,2,138,2,2,tick,0,0,3,1000,1000000,1000,0,0,20000,1,1000000000,1000000000,,,0,,,,,12000,3000,12000,12,6000000000000,,armed,102000,blocked,12000,3000,12000,12,7000000000000,,armed,103000,scheduled
103000,1,1,152,1,0,tick,0,0,3,1000,1000000,1000,0,0,200000,0,1000000000,1000000000,,,1,12000,1000,0,295,12000,3000,12000,12,7000000000000,,armed,103000,scheduled,13000,3000,13000,13,0,,armed,104000,blocked
103000,1,2,139,2,2,tick,0,0,3,1000,1000000,1000,0,0,20000,1,1000000000,1000000000,,,1,12000,1000,0,184,12000,3000,12000,12,7000000000000,,armed,103000,scheduled,13000,3000,13000,13,0,,armed,104000,blocked
104000,1,1,153,1,0,tick,0,0,3,1000,1000000,1000,0,0,200000,0,1000000000,1000000000,,,0,,,,,13000,3000,13000,13,0,,armed,104000,blocked,13000,3000,13000,13,1000000000000,,armed,105000,blocked
104000,1,2,140,2,2,tick,0,0,3,1000,1000000,1000,0,0,20000,1,1000000000,1000000000,,,0,,,,,13000,3000,13000,13,0,,armed,104000,blocked,13000,3000,13000,13,1000000000000,,armed,105000,blocked
105000,1,1,155,1,0,tick,0,0,3,1000,1000000,1000,0,0,200000,0,1000000000,1000000000,,,0,,,,,13000,3000,13000,13,1000000000000,,armed,105000,blocked,13000,3000,13000,13,2000000000000,,armed,106000,blocked
105000,1,2,144,2,2,tick,0,0,3,1000,1000000,1000,0,0,20000,1,1000000000,1000000000,,,0,,,,,13000,3000,13000,13,1000000000000,,armed,105000,blocked,13000,3000,13000,13,2000000000000,,armed,106000,blocked
106000,1,1,158,1,0,tick,0,0,3,1000,1000000,1000,0,0,200000,0,1000000000,1000000000,,,0,,,,,13000,3000,13000,13,2000000000000,,armed,106000,blocked,13000,3000,13000,13,3000000000000,,armed,107000,blocked
106000,1,2,145,2,2,tick,0,0,3,1000,1000000,1000,0,0,20000,1,1000000000,1000000000,,,0,,,,,13000,3000,13000,13,2000000000000,,armed,106000,blocked,13000,3000,13000,13,3000000000000,,armed,107000,blocked
106560,0,12,5,3,3,ack,0,0,3,1000,1000000,1000,0,0,8000,1,1000000000,,2000,0,0,,,,,9000,1000,9000,9,0,,parked,,blocked,9000,2000,9000,9,0,,armed,107000,blocked
107000,1,1,159,1,0,tick,0,0,3,1000,1000000,1000,0,0,200000,0,1000000000,1000000000,,,0,,,,,13000,3000,13000,13,3000000000000,,armed,107000,blocked,13000,3000,13000,13,4000000000000,,armed,108000,blocked
107000,1,2,146,2,2,tick,0,0,3,1000,1000000,1000,0,0,20000,1,1000000000,1000000000,,,0,,,,,13000,3000,13000,13,3000000000000,,armed,107000,blocked,13000,3000,13000,13,4000000000000,,armed,108000,blocked
107000,1,3,101,3,3,tick,0,0,3,1000,1000000,1000,0,0,8000,1,1000000000,1000000000,,,0,,,,,9000,2000,9000,9,0,,armed,107000,blocked,9000,2000,9000,9,1000000000000,,armed,108000,blocked
108000,1,1,160,1,0,tick,0,0,3,1000,1000000,1000,0,0,200000,0,1000000000,1000000000,,,0,,,,,13000,3000,13000,13,4000000000000,,armed,108000,blocked,13000,3000,13000,13,5000000000000,,armed,109000,blocked
108000,1,2,147,2,2,tick,0,0,3,1000,1000000,1000,0,0,20000,1,1000000000,1000000000,,,0,,,,,13000,3000,13000,13,4000000000000,,armed,108000,blocked,13000,3000,13000,13,5000000000000,,armed,109000,blocked
108000,1,3,102,3,3,tick,0,0,3,1000,1000000,1000,0,0,8000,1,1000000000,1000000000,,,0,,,,,9000,2000,9000,9,1000000000000,,armed,108000,blocked,9000,2000,9000,9,2000000000000,,armed,109000,blocked
109000,1,1,161,1,0,tick,0,0,3,1000,1000000,1000,0,0,200000,0,1000000000,1000000000,,,0,,,,,13000,3000,13000,13,5000000000000,,armed,109000,blocked,13000,3000,13000,13,6000000000000,,armed,110000,blocked
109000,1,2,148,2,2,tick,0,0,3,1000,1000000,1000,0,0,20000,1,1000000000,1000000000,,,0,,,,,13000,3000,13000,13,5000000000000,,armed,109000,blocked,13000,3000,13000,13,6000000000000,,armed,110000,blocked
109000,1,3,103,3,3,tick,0,0,3,1000,1000000,1000,0,0,8000,1,1000000000,1000000000,,,0,,,,,9000,2000,9000,9,2000000000000,,armed,109000,blocked,9000,2000,9000,9,3000000000000,,armed,110000,blocked
110000,1,1,162,1,0,tick,0,0,3,1000,1000000,1000,0,0,200000,0,1000000000,1000000000,,,0,,,,,13000,3000,13000,13,6000000000000,,armed,110000,blocked,13000,3000,13000,13,7000000000000,,armed,111000,scheduled
110000,1,2,149,2,2,tick,0,0,3,1000,1000000,1000,0,0,20000,1,1000000000,1000000000,,,0,,,,,13000,3000,13000,13,6000000000000,,armed,110000,blocked,13000,3000,13000,13,7000000000000,,armed,111000,scheduled
110000,1,3,104,3,3,tick,0,0,3,1000,1000000,1000,0,0,8000,1,1000000000,1000000000,,,0,,,,,9000,2000,9000,9,3000000000000,,armed,110000,blocked,9000,2000,9000,9,4000000000000,,armed,111000,blocked
111000,1,1,163,1,0,tick,0,0,3,1000,1000000,1000,0,0,200000,0,1000000000,1000000000,,,1,13000,1000,0,309,13000,3000,13000,13,7000000000000,,armed,111000,scheduled,14000,3000,14000,14,0,,armed,112000,blocked
111000,1,2,150,2,2,tick,0,0,3,1000,1000000,1000,0,0,20000,1,1000000000,1000000000,,,1,13000,1000,0,198,13000,3000,13000,13,7000000000000,,armed,111000,scheduled,14000,3000,14000,14,0,,armed,112000,blocked
111000,1,3,105,3,3,tick,0,0,3,1000,1000000,1000,0,0,8000,1,1000000000,1000000000,,,0,,,,,9000,2000,9000,9,4000000000000,,armed,111000,blocked,9000,2000,9000,9,5000000000000,,armed,112000,blocked
112000,1,1,164,1,0,tick,0,0,3,1000,1000000,1000,0,0,200000,0,1000000000,1000000000,,,0,,,,,14000,3000,14000,14,0,,armed,112000,blocked,14000,3000,14000,14,1000000000000,,armed,113000,blocked
112000,1,2,151,2,2,tick,0,0,3,1000,1000000,1000,0,0,20000,1,1000000000,1000000000,,,0,,,,,14000,3000,14000,14,0,,armed,112000,blocked,14000,3000,14000,14,1000000000000,,armed,113000,blocked
112000,1,3,106,3,3,tick,0,0,3,1000,1000000,1000,0,0,8000,1,1000000000,1000000000,,,0,,,,,9000,2000,9000,9,5000000000000,,armed,112000,blocked,9000,2000,9000,9,6000000000000,,armed,113000,blocked
113000,1,1,166,1,0,tick,0,0,3,1000,1000000,1000,0,0,200000,0,1000000000,1000000000,,,0,,,,,14000,3000,14000,14,1000000000000,,armed,113000,blocked,14000,3000,14000,14,2000000000000,,armed,114000,blocked
113000,1,2,155,2,2,tick,0,0,3,1000,1000000,1000,0,0,20000,1,1000000000,1000000000,,,0,,,,,14000,3000,14000,14,1000000000000,,armed,113000,blocked,14000,3000,14000,14,2000000000000,,armed,114000,blocked
113000,1,3,107,3,3,tick,0,0,3,1000,1000000,1000,0,0,8000,1,1000000000,1000000000,,,0,,,,,9000,2000,9000,9,6000000000000,,armed,113000,blocked,9000,2000,9000,9,7000000000000,,armed,114000,scheduled
113536,0,6,20,1,1,ack,0,0,3,1000,1000000,8000,0,0,4000,0,1000000000,,4000,0,0,,,,,7000,3000,7000,7,0,,parked,,blocked,7000,4000,7000,7,0,,armed,120000,scheduled
114000,1,1,169,1,0,tick,0,0,3,1000,1000000,1000,0,0,200000,0,1000000000,1000000000,,,0,,,,,14000,3000,14000,14,2000000000000,,armed,114000,blocked,14000,3000,14000,14,3000000000000,,armed,115000,blocked
114000,1,2,156,2,2,tick,0,0,3,1000,1000000,1000,0,0,20000,1,1000000000,1000000000,,,0,,,,,14000,3000,14000,14,2000000000000,,armed,114000,blocked,14000,3000,14000,14,3000000000000,,armed,115000,blocked
114000,1,3,108,3,3,tick,0,0,3,1000,1000000,1000,0,0,8000,1,1000000000,1000000000,,,1,9000,1000,0,143,9000,2000,9000,9,7000000000000,,armed,114000,scheduled,10000,2000,10000,10,0,,armed,115000,blocked
115000,1,1,171,1,0,tick,0,0,3,1000,1000000,1000,0,0,200000,0,1000000000,1000000000,,,0,,,,,14000,3000,14000,14,3000000000000,,armed,115000,blocked,14000,3000,14000,14,4000000000000,,armed,116000,blocked
115000,1,2,157,2,2,tick,0,0,3,1000,1000000,1000,0,0,20000,1,1000000000,1000000000,,,0,,,,,14000,3000,14000,14,3000000000000,,armed,115000,blocked,14000,3000,14000,14,4000000000000,,armed,116000,blocked
115000,1,3,109,3,3,tick,0,1,3,1000,1000000,1000,0,0,8000,1,1000000000,,,,0,,,,,10000,2000,10000,10,0,,armed,115000,blocked,10000,2000,10000,10,0,,parked,,blocked
116000,1,1,172,1,0,tick,0,0,3,1000,1000000,1000,0,0,200000,0,1000000000,1000000000,,,0,,,,,14000,3000,14000,14,4000000000000,,armed,116000,blocked,14000,3000,14000,14,5000000000000,,armed,117000,blocked
116000,1,2,158,2,2,tick,0,0,3,1000,1000000,1000,0,0,20000,1,1000000000,1000000000,,,0,,,,,14000,3000,14000,14,4000000000000,,armed,116000,blocked,14000,3000,14000,14,5000000000000,,armed,117000,blocked
117000,1,1,173,1,0,tick,0,0,3,1000,1000000,1000,0,0,200000,0,1000000000,1000000000,,,0,,,,,14000,3000,14000,14,5000000000000,,armed,117000,blocked,14000,3000,14000,14,6000000000000,,armed,118000,blocked
117000,1,2,159,2,2,tick,0,0,3,1000,1000000,1000,0,0,20000,1,1000000000,1000000000,,,0,,,,,14000,3000,14000,14,5000000000000,,armed,117000,blocked,14000,3000,14000,14,6000000000000,,armed,118000,blocked
118000,1,1,174,1,0,tick,0,0,3,1000,1000000,1000,0,0,200000,0,1000000000,1000000000,,,0,,,,,14000,3000,14000,14,6000000000000,,armed,118000,blocked,14000,3000,14000,14,7000000000000,,armed,119000,scheduled
118000,1,2,160,2,2,tick,0,0,3,1000,1000000,1000,0,0,20000,1,1000000000,1000000000,,,0,,,,,14000,3000,14000,14,6000000000000,,armed,118000,blocked,14000,3000,14000,14,7000000000000,,armed,119000,scheduled
119000,1,1,175,1,0,tick,0,0,3,1000,1000000,1000,0,0,200000,0,1000000000,1000000000,,,1,14000,1000,0,323,14000,3000,14000,14,7000000000000,,armed,119000,scheduled,15000,3000,15000,15,0,,armed,120000,blocked
119000,1,2,161,2,2,tick,0,0,3,1000,1000000,1000,0,0,20000,1,1000000000,1000000000,,,1,14000,1000,0,212,14000,3000,14000,14,7000000000000,,armed,119000,scheduled,15000,3000,15000,15,0,,armed,120000,blocked
120000,1,1,170,1,1,tick,0,0,3,1000,1000000,8000,0,0,4000,0,1000000000,1000000000,,,1,7000,1000,0,337,7000,4000,7000,7,0,,armed,120000,scheduled,8000,4000,8000,8,0,,armed,128000,blocked
120000,1,1,176,1,0,tick,0,0,3,1000,1000000,1000,0,0,200000,0,1000000000,1000000000,,,0,,,,,15000,3000,15000,15,0,,armed,120000,blocked,15000,3000,15000,15,1000000000000,,armed,121000,blocked
120000,1,2,162,2,2,tick,0,0,3,1000,1000000,1000,0,0,20000,1,1000000000,1000000000,,,0,,,,,15000,3000,15000,15,0,,armed,120000,blocked,15000,3000,15000,15,1000000000000,,armed,121000,blocked
121000,1,1,179,1,0,tick,0,0,3,1000,1000000,1000,0,0,200000,0,1000000000,1000000000,,,0,,,,,15000,3000,15000,15,1000000000000,,armed,121000,blocked,15000,3000,15000,15,2000000000000,,armed,122000,blocked
121000,1,2,166,2,2,tick,0,0,3,1000,1000000,1000,0,0,20000,1,1000000000,1000000000,,,0,,,,,15000,3000,15000,15,1000000000000,,armed,121000,blocked,15000,3000,15000,15,2000000000000,,armed,122000,blocked
122000,1,1,182,1,0,tick,0,0,3,1000,1000000,1000,0,0,200000,0,1000000000,1000000000,,,0,,,,,15000,3000,15000,15,2000000000000,,armed,122000,blocked,15000,3000,15000,15,3000000000000,,armed,123000,blocked
122000,1,2,167,2,2,tick,0,0,3,1000,1000000,1000,0,0,20000,1,1000000000,1000000000,,,0,,,,,15000,3000,15000,15,2000000000000,,armed,122000,blocked,15000,3000,15000,15,3000000000000,,armed,123000,blocked
122048,0,9,11,2,2,ack,0,0,3,1000,1000000,1000,0,0,20000,1,1000000000,,4000,0,0,,,,,15000,3000,15000,15,3000000000000,,armed,123000,blocked,15000,4000,15000,15,3000000000000,,armed,123000,blocked
123000,1,1,183,1,0,tick,0,0,3,1000,1000000,1000,0,0,200000,0,1000000000,1000000000,,,0,,,,,15000,3000,15000,15,3000000000000,,armed,123000,blocked,15000,3000,15000,15,4000000000000,,armed,124000,blocked
123000,1,2,168,2,2,tick,0,0,3,1000,1000000,1000,0,0,20000,1,1000000000,1000000000,,,0,,,,,15000,4000,15000,15,3000000000000,,armed,123000,blocked,15000,4000,15000,15,4000000000000,,armed,124000,blocked
124000,1,1,184,1,0,tick,0,0,3,1000,1000000,1000,0,0,200000,0,1000000000,1000000000,,,0,,,,,15000,3000,15000,15,4000000000000,,armed,124000,blocked,15000,3000,15000,15,5000000000000,,armed,125000,blocked
124000,1,2,169,2,2,tick,0,0,3,1000,1000000,1000,0,0,20000,1,1000000000,1000000000,,,0,,,,,15000,4000,15000,15,4000000000000,,armed,124000,blocked,15000,4000,15000,15,5000000000000,,armed,125000,blocked
125000,1,1,185,1,0,tick,0,0,3,1000,1000000,1000,0,0,200000,0,1000000000,1000000000,,,0,,,,,15000,3000,15000,15,5000000000000,,armed,125000,blocked,15000,3000,15000,15,6000000000000,,armed,126000,blocked
125000,1,2,170,2,2,tick,0,0,3,1000,1000000,1000,0,0,20000,1,1000000000,1000000000,,,0,,,,,15000,4000,15000,15,5000000000000,,armed,125000,blocked,15000,4000,15000,15,6000000000000,,armed,126000,blocked
126000,1,1,186,1,0,tick,0,0,3,1000,1000000,1000,0,0,200000,0,1000000000,1000000000,,,0,,,,,15000,3000,15000,15,6000000000000,,armed,126000,blocked,15000,3000,15000,15,7000000000000,,armed,127000,scheduled
126000,1,2,171,2,2,tick,0,0,3,1000,1000000,1000,0,0,20000,1,1000000000,1000000000,,,0,,,,,15000,4000,15000,15,6000000000000,,armed,126000,blocked,15000,4000,15000,15,7000000000000,,armed,127000,scheduled
127000,1,1,187,1,0,tick,0,0,3,1000,1000000,1000,0,0,200000,0,1000000000,1000000000,,,1,15000,1000,0,351,15000,3000,15000,15,7000000000000,,armed,127000,scheduled,16000,3000,16000,16,0,,armed,128000,blocked
127000,1,2,172,2,2,tick,0,0,3,1000,1000000,1000,0,0,20000,1,1000000000,1000000000,,,1,15000,1000,0,226,15000,4000,15000,15,7000000000000,,armed,127000,scheduled,16000,4000,16000,16,0,,armed,128000,blocked
128000,1,1,178,1,1,tick,0,1,3,1000,1000000,8000,0,0,4000,0,1000000000,,,,0,,,,,8000,4000,8000,8,0,,armed,128000,blocked,8000,4000,8000,8,0,,parked,,blocked
128000,1,1,188,1,0,tick,0,0,3,1000,1000000,1000,0,0,200000,0,1000000000,1000000000,,,0,,,,,16000,3000,16000,16,0,,armed,128000,blocked,16000,3000,16000,16,1000000000000,,armed,129000,blocked
128000,1,2,173,2,2,tick,0,0,3,1000,1000000,1000,0,0,20000,1,1000000000,1000000000,,,0,,,,,16000,4000,16000,16,0,,armed,128000,blocked,16000,4000,16000,16,1000000000000,,armed,129000,blocked
129000,1,1,190,1,0,tick,0,0,3,1000,1000000,1000,0,0,200000,0,1000000000,1000000000,,,0,,,,,16000,3000,16000,16,1000000000000,,armed,129000,blocked,16000,3000,16000,16,2000000000000,,armed,130000,blocked
129000,1,2,177,2,2,tick,0,0,3,1000,1000000,1000,0,0,20000,1,1000000000,1000000000,,,0,,,,,16000,4000,16000,16,1000000000000,,armed,129000,blocked,16000,4000,16000,16,2000000000000,,armed,130000,blocked
129536,0,6,23,1,0,ack,0,0,3,1000,1000000,1000,0,0,200000,0,1000000000,,4000,0,0,,,,,16000,3000,16000,16,2000000000000,,armed,130000,blocked,16000,4000,16000,16,2000000000000,,armed,130000,blocked
130000,1,1,193,1,0,tick,0,0,3,1000,1000000,1000,0,0,200000,0,1000000000,1000000000,,,0,,,,,16000,4000,16000,16,2000000000000,,armed,130000,blocked,16000,4000,16000,16,3000000000000,,armed,131000,blocked
130000,1,2,178,2,2,tick,0,0,3,1000,1000000,1000,0,0,20000,1,1000000000,1000000000,,,0,,,,,16000,4000,16000,16,2000000000000,,armed,130000,blocked,16000,4000,16000,16,3000000000000,,armed,131000,blocked
131000,1,1,194,1,0,tick,0,0,3,1000,1000000,1000,0,0,200000,0,1000000000,1000000000,,,0,,,,,16000,4000,16000,16,3000000000000,,armed,131000,blocked,16000,4000,16000,16,4000000000000,,armed,132000,blocked
131000,1,2,179,2,2,tick,0,0,3,1000,1000000,1000,0,0,20000,1,1000000000,1000000000,,,0,,,,,16000,4000,16000,16,3000000000000,,armed,131000,blocked,16000,4000,16000,16,4000000000000,,armed,132000,blocked
132000,1,1,195,1,0,tick,0,0,3,1000,1000000,1000,0,0,200000,0,1000000000,1000000000,,,0,,,,,16000,4000,16000,16,4000000000000,,armed,132000,blocked,16000,4000,16000,16,5000000000000,,armed,133000,blocked
132000,1,2,180,2,2,tick,0,0,3,1000,1000000,1000,0,0,20000,1,1000000000,1000000000,,,0,,,,,16000,4000,16000,16,4000000000000,,armed,132000,blocked,16000,4000,16000,16,5000000000000,,armed,133000,blocked
133000,1,1,196,1,0,tick,0,0,3,1000,1000000,1000,0,0,200000,0,1000000000,1000000000,,,0,,,,,16000,4000,16000,16,5000000000000,,armed,133000,blocked,16000,4000,16000,16,6000000000000,,armed,134000,blocked
133000,1,2,181,2,2,tick,0,0,3,1000,1000000,1000,0,0,20000,1,1000000000,1000000000,,,0,,,,,16000,4000,16000,16,5000000000000,,armed,133000,blocked,16000,4000,16000,16,6000000000000,,armed,134000,blocked
134000,1,1,197,1,0,tick,0,0,3,1000,1000000,1000,0,0,200000,0,1000000000,1000000000,,,0,,,,,16000,4000,16000,16,6000000000000,,armed,134000,blocked,16000,4000,16000,16,7000000000000,,armed,135000,scheduled
134000,1,2,182,2,2,tick,0,0,3,1000,1000000,1000,0,0,20000,1,1000000000,1000000000,,,0,,,,,16000,4000,16000,16,6000000000000,,armed,134000,blocked,16000,4000,16000,16,7000000000000,,armed,135000,scheduled
135000,1,1,198,1,0,tick,0,0,3,1000,1000000,1000,0,0,200000,0,1000000000,1000000000,,,1,16000,1000,0,365,16000,4000,16000,16,7000000000000,,armed,135000,scheduled,17000,4000,17000,17,0,,armed,136000,blocked
135000,1,2,183,2,2,tick,0,0,3,1000,1000000,1000,0,0,20000,1,1000000000,1000000000,,,1,16000,1000,0,240,16000,4000,16000,16,7000000000000,,armed,135000,scheduled,17000,4000,17000,17,0,,armed,136000,blocked
136000,1,1,199,1,0,tick,0,0,3,1000,1000000,1000,0,0,200000,0,1000000000,1000000000,,,0,,,,,17000,4000,17000,17,0,,armed,136000,blocked,17000,4000,17000,17,1000000000000,,armed,137000,blocked
136000,1,2,184,2,2,tick,0,0,3,1000,1000000,1000,0,0,20000,1,1000000000,1000000000,,,0,,,,,17000,4000,17000,17,0,,armed,136000,blocked,17000,4000,17000,17,1000000000000,,armed,137000,blocked
137000,1,1,201,1,0,tick,0,0,3,1000,1000000,1000,0,0,200000,0,1000000000,1000000000,,,0,,,,,17000,4000,17000,17,1000000000000,,armed,137000,blocked,17000,4000,17000,17,2000000000000,,armed,138000,blocked
137000,1,2,188,2,2,tick,0,0,3,1000,1000000,1000,0,0,20000,1,1000000000,1000000000,,,0,,,,,17000,4000,17000,17,1000000000000,,armed,137000,blocked,17000,4000,17000,17,2000000000000,,armed,138000,blocked
138000,1,1,204,1,0,tick,0,0,3,1000,1000000,1000,0,0,200000,0,1000000000,1000000000,,,0,,,,,17000,4000,17000,17,2000000000000,,armed,138000,blocked,17000,4000,17000,17,3000000000000,,armed,139000,blocked
138000,1,2,189,2,2,tick,0,0,3,1000,1000000,1000,0,0,20000,1,1000000000,1000000000,,,0,,,,,17000,4000,17000,17,2000000000000,,armed,138000,blocked,17000,4000,17000,17,3000000000000,,armed,139000,blocked
138560,0,12,8,3,3,ack,0,0,3,1000,1000000,1000,0,0,8000,1,1000000000,,3000,0,0,,,,,10000,2000,10000,10,0,,parked,,blocked,10000,3000,10000,10,0,,armed,139000,blocked
139000,1,1,205,1,0,tick,0,0,3,1000,1000000,1000,0,0,200000,0,1000000000,1000000000,,,0,,,,,17000,4000,17000,17,3000000000000,,armed,139000,blocked,17000,4000,17000,17,4000000000000,,armed,140000,blocked
139000,1,2,190,2,2,tick,0,0,3,1000,1000000,1000,0,0,20000,1,1000000000,1000000000,,,0,,,,,17000,4000,17000,17,3000000000000,,armed,139000,blocked,17000,4000,17000,17,4000000000000,,armed,140000,blocked
139000,1,3,113,3,3,tick,0,0,3,1000,1000000,1000,0,0,8000,1,1000000000,1000000000,,,0,,,,,10000,3000,10000,10,0,,armed,139000,blocked,10000,3000,10000,10,1000000000000,,armed,140000,blocked
140000,1,1,206,1,0,tick,0,0,3,1000,1000000,1000,0,0,200000,0,1000000000,1000000000,,,0,,,,,17000,4000,17000,17,4000000000000,,armed,140000,blocked,17000,4000,17000,17,5000000000000,,armed,141000,blocked
140000,1,2,191,2,2,tick,0,0,3,1000,1000000,1000,0,0,20000,1,1000000000,1000000000,,,0,,,,,17000,4000,17000,17,4000000000000,,armed,140000,blocked,17000,4000,17000,17,5000000000000,,armed,141000,blocked
140000,1,3,114,3,3,tick,0,0,3,1000,1000000,1000,0,0,8000,1,1000000000,1000000000,,,0,,,,,10000,3000,10000,10,1000000000000,,armed,140000,blocked,10000,3000,10000,10,2000000000000,,armed,141000,blocked
141000,1,1,207,1,0,tick,0,0,3,1000,1000000,1000,0,0,200000,0,1000000000,1000000000,,,0,,,,,17000,4000,17000,17,5000000000000,,armed,141000,blocked,17000,4000,17000,17,6000000000000,,armed,142000,blocked
141000,1,2,192,2,2,tick,0,0,3,1000,1000000,1000,0,0,20000,1,1000000000,1000000000,,,0,,,,,17000,4000,17000,17,5000000000000,,armed,141000,blocked,17000,4000,17000,17,6000000000000,,armed,142000,blocked
141000,1,3,115,3,3,tick,0,0,3,1000,1000000,1000,0,0,8000,1,1000000000,1000000000,,,0,,,,,10000,3000,10000,10,2000000000000,,armed,141000,blocked,10000,3000,10000,10,3000000000000,,armed,142000,blocked
142000,1,1,208,1,0,tick,0,0,3,1000,1000000,1000,0,0,200000,0,1000000000,1000000000,,,0,,,,,17000,4000,17000,17,6000000000000,,armed,142000,blocked,17000,4000,17000,17,7000000000000,,armed,143000,scheduled
142000,1,2,193,2,2,tick,0,0,3,1000,1000000,1000,0,0,20000,1,1000000000,1000000000,,,0,,,,,17000,4000,17000,17,6000000000000,,armed,142000,blocked,17000,4000,17000,17,7000000000000,,armed,143000,scheduled
142000,1,3,116,3,3,tick,0,0,3,1000,1000000,1000,0,0,8000,1,1000000000,1000000000,,,0,,,,,10000,3000,10000,10,3000000000000,,armed,142000,blocked,10000,3000,10000,10,4000000000000,,armed,143000,blocked
143000,1,1,209,1,0,tick,0,0,3,1000,1000000,1000,0,0,200000,0,1000000000,1000000000,,,1,17000,1000,0,379,17000,4000,17000,17,7000000000000,,armed,143000,scheduled,18000,4000,18000,18,0,,armed,144000,blocked
143000,1,2,194,2,2,tick,0,0,3,1000,1000000,1000,0,0,20000,1,1000000000,1000000000,,,1,17000,1000,0,254,17000,4000,17000,17,7000000000000,,armed,143000,scheduled,18000,4000,18000,18,0,,armed,144000,blocked
143000,1,3,117,3,3,tick,0,0,3,1000,1000000,1000,0,0,8000,1,1000000000,1000000000,,,0,,,,,10000,3000,10000,10,4000000000000,,armed,143000,blocked,10000,3000,10000,10,5000000000000,,armed,144000,blocked
144000,1,1,210,1,0,tick,0,0,3,1000,1000000,1000,0,0,200000,0,1000000000,1000000000,,,0,,,,,18000,4000,18000,18,0,,armed,144000,blocked,18000,4000,18000,18,1000000000000,,armed,145000,blocked
144000,1,2,195,2,2,tick,0,0,3,1000,1000000,1000,0,0,20000,1,1000000000,1000000000,,,0,,,,,18000,4000,18000,18,0,,armed,144000,blocked,18000,4000,18000,18,1000000000000,,armed,145000,blocked
144000,1,3,118,3,3,tick,0,0,3,1000,1000000,1000,0,0,8000,1,1000000000,1000000000,,,0,,,,,10000,3000,10000,10,5000000000000,,armed,144000,blocked,10000,3000,10000,10,6000000000000,,armed,145000,blocked
145000,1,1,212,1,0,tick,0,0,3,1000,1000000,1000,0,0,200000,0,1000000000,1000000000,,,0,,,,,18000,4000,18000,18,1000000000000,,armed,145000,blocked,18000,4000,18000,18,2000000000000,,armed,146000,blocked
145000,1,2,199,2,2,tick,0,0,3,1000,1000000,1000,0,0,20000,1,1000000000,1000000000,,,0,,,,,18000,4000,18000,18,1000000000000,,armed,145000,blocked,18000,4000,18000,18,2000000000000,,armed,146000,blocked
145000,1,3,119,3,3,tick,0,0,3,1000,1000000,1000,0,0,8000,1,1000000000,1000000000,,,0,,,,,10000,3000,10000,10,6000000000000,,armed,145000,blocked,10000,3000,10000,10,7000000000000,,armed,146000,scheduled
145536,0,6,26,1,1,ack,0,0,3,1000,1000000,8000,0,0,4000,0,1000000000,,5000,0,0,,,,,8000,4000,8000,8,0,,parked,,blocked,8000,5000,8000,8,0,,armed,152000,scheduled
146000,1,1,215,1,0,tick,0,0,3,1000,1000000,1000,0,0,200000,0,1000000000,1000000000,,,0,,,,,18000,4000,18000,18,2000000000000,,armed,146000,blocked,18000,4000,18000,18,3000000000000,,armed,147000,blocked
146000,1,2,200,2,2,tick,0,0,3,1000,1000000,1000,0,0,20000,1,1000000000,1000000000,,,0,,,,,18000,4000,18000,18,2000000000000,,armed,146000,blocked,18000,4000,18000,18,3000000000000,,armed,147000,blocked
146000,1,3,120,3,3,tick,0,0,3,1000,1000000,1000,0,0,8000,1,1000000000,1000000000,,,1,10000,1000,0,157,10000,3000,10000,10,7000000000000,,armed,146000,scheduled,11000,3000,11000,11,0,,armed,147000,blocked
147000,1,1,217,1,0,tick,0,0,3,1000,1000000,1000,0,0,200000,0,1000000000,1000000000,,,0,,,,,18000,4000,18000,18,3000000000000,,armed,147000,blocked,18000,4000,18000,18,4000000000000,,armed,148000,blocked
147000,1,2,201,2,2,tick,0,0,3,1000,1000000,1000,0,0,20000,1,1000000000,1000000000,,,0,,,,,18000,4000,18000,18,3000000000000,,armed,147000,blocked,18000,4000,18000,18,4000000000000,,armed,148000,blocked
147000,1,3,121,3,3,tick,0,1,3,1000,1000000,1000,0,0,8000,1,1000000000,,,,0,,,,,11000,3000,11000,11,0,,armed,147000,blocked,11000,3000,11000,11,0,,parked,,blocked
148000,1,1,218,1,0,tick,0,0,3,1000,1000000,1000,0,0,200000,0,1000000000,1000000000,,,0,,,,,18000,4000,18000,18,4000000000000,,armed,148000,blocked,18000,4000,18000,18,5000000000000,,armed,149000,blocked
148000,1,2,202,2,2,tick,0,0,3,1000,1000000,1000,0,0,20000,1,1000000000,1000000000,,,0,,,,,18000,4000,18000,18,4000000000000,,armed,148000,blocked,18000,4000,18000,18,5000000000000,,armed,149000,blocked
149000,1,1,219,1,0,tick,0,0,3,1000,1000000,1000,0,0,200000,0,1000000000,1000000000,,,0,,,,,18000,4000,18000,18,5000000000000,,armed,149000,blocked,18000,4000,18000,18,6000000000000,,armed,150000,blocked
149000,1,2,203,2,2,tick,0,0,3,1000,1000000,1000,0,0,20000,1,1000000000,1000000000,,,0,,,,,18000,4000,18000,18,5000000000000,,armed,149000,blocked,18000,4000,18000,18,6000000000000,,armed,150000,blocked
150000,1,1,220,1,0,tick,0,0,3,1000,1000000,1000,0,0,200000,0,1000000000,1000000000,,,0,,,,,18000,4000,18000,18,6000000000000,,armed,150000,blocked,18000,4000,18000,18,7000000000000,,armed,151000,scheduled
150000,1,2,204,2,2,tick,0,0,3,1000,1000000,1000,0,0,20000,1,1000000000,1000000000,,,0,,,,,18000,4000,18000,18,6000000000000,,armed,150000,blocked,18000,4000,18000,18,7000000000000,,armed,151000,scheduled
151000,1,1,221,1,0,tick,0,0,3,1000,1000000,1000,0,0,200000,0,1000000000,1000000000,,,1,18000,1000,0,393,18000,4000,18000,18,7000000000000,,armed,151000,scheduled,19000,4000,19000,19,0,,armed,152000,blocked
151000,1,2,205,2,2,tick,0,0,3,1000,1000000,1000,0,0,20000,1,1000000000,1000000000,,,1,18000,1000,0,268,18000,4000,18000,18,7000000000000,,armed,151000,scheduled,19000,4000,19000,19,0,,armed,152000,blocked
152000,1,1,216,1,1,tick,0,0,3,1000,1000000,8000,0,0,4000,0,1000000000,1000000000,,,1,8000,1000,0,407,8000,5000,8000,8,0,,armed,152000,scheduled,9000,5000,9000,9,0,,armed,160000,blocked
152000,1,1,222,1,0,tick,0,0,3,1000,1000000,1000,0,0,200000,0,1000000000,1000000000,,,0,,,,,19000,4000,19000,19,0,,armed,152000,blocked,19000,4000,19000,19,1000000000000,,armed,153000,blocked
152000,1,2,206,2,2,tick,0,0,3,1000,1000000,1000,0,0,20000,1,1000000000,1000000000,,,0,,,,,19000,4000,19000,19,0,,armed,152000,blocked,19000,4000,19000,19,1000000000000,,armed,153000,blocked
153000,1,1,225,1,0,tick,0,0,3,1000,1000000,1000,0,0,200000,0,1000000000,1000000000,,,0,,,,,19000,4000,19000,19,1000000000000,,armed,153000,blocked,19000,4000,19000,19,2000000000000,,armed,154000,blocked
153000,1,2,210,2,2,tick,0,0,3,1000,1000000,1000,0,0,20000,1,1000000000,1000000000,,,0,,,,,19000,4000,19000,19,1000000000000,,armed,153000,blocked,19000,4000,19000,19,2000000000000,,armed,154000,blocked
154000,1,1,228,1,0,tick,0,0,3,1000,1000000,1000,0,0,200000,0,1000000000,1000000000,,,0,,,,,19000,4000,19000,19,2000000000000,,armed,154000,blocked,19000,4000,19000,19,3000000000000,,armed,155000,blocked
154000,1,2,211,2,2,tick,0,0,3,1000,1000000,1000,0,0,20000,1,1000000000,1000000000,,,0,,,,,19000,4000,19000,19,2000000000000,,armed,154000,blocked,19000,4000,19000,19,3000000000000,,armed,155000,blocked
154048,0,9,14,2,2,ack,0,0,3,1000,1000000,1000,0,0,20000,1,1000000000,,5000,0,0,,,,,19000,4000,19000,19,3000000000000,,armed,155000,blocked,19000,5000,19000,19,3000000000000,,armed,155000,blocked
155000,1,1,229,1,0,tick,0,0,3,1000,1000000,1000,0,0,200000,0,1000000000,1000000000,,,0,,,,,19000,4000,19000,19,3000000000000,,armed,155000,blocked,19000,4000,19000,19,4000000000000,,armed,156000,blocked
155000,1,2,212,2,2,tick,0,0,3,1000,1000000,1000,0,0,20000,1,1000000000,1000000000,,,0,,,,,19000,5000,19000,19,3000000000000,,armed,155000,blocked,19000,5000,19000,19,4000000000000,,armed,156000,blocked
156000,1,1,230,1,0,tick,0,0,3,1000,1000000,1000,0,0,200000,0,1000000000,1000000000,,,0,,,,,19000,4000,19000,19,4000000000000,,armed,156000,blocked,19000,4000,19000,19,5000000000000,,armed,157000,blocked
156000,1,2,213,2,2,tick,0,0,3,1000,1000000,1000,0,0,20000,1,1000000000,1000000000,,,0,,,,,19000,5000,19000,19,4000000000000,,armed,156000,blocked,19000,5000,19000,19,5000000000000,,armed,157000,blocked
157000,1,1,231,1,0,tick,0,0,3,1000,1000000,1000,0,0,200000,0,1000000000,1000000000,,,0,,,,,19000,4000,19000,19,5000000000000,,armed,157000,blocked,19000,4000,19000,19,6000000000000,,armed,158000,blocked
157000,1,2,214,2,2,tick,0,0,3,1000,1000000,1000,0,0,20000,1,1000000000,1000000000,,,0,,,,,19000,5000,19000,19,5000000000000,,armed,157000,blocked,19000,5000,19000,19,6000000000000,,armed,158000,blocked
158000,1,1,232,1,0,tick,0,0,3,1000,1000000,1000,0,0,200000,0,1000000000,1000000000,,,0,,,,,19000,4000,19000,19,6000000000000,,armed,158000,blocked,19000,4000,19000,19,7000000000000,,armed,159000,scheduled
158000,1,2,215,2,2,tick,0,0,3,1000,1000000,1000,0,0,20000,1,1000000000,1000000000,,,0,,,,,19000,5000,19000,19,6000000000000,,armed,158000,blocked,19000,5000,19000,19,7000000000000,,armed,159000,scheduled
159000,1,1,233,1,0,tick,0,0,3,1000,1000000,1000,0,0,200000,0,1000000000,1000000000,,,1,19000,1000,0,421,19000,4000,19000,19,7000000000000,,armed,159000,scheduled,20000,4000,20000,20,0,,armed,160000,blocked
159000,1,2,216,2,2,tick,0,0,3,1000,1000000,1000,0,0,20000,1,1000000000,1000000000,,,1,19000,1000,0,282,19000,5000,19000,19,7000000000000,,armed,159000,scheduled,20000,5000,20000,20,0,,armed,160000,blocked
160000,1,1,224,1,1,tick,0,1,3,1000,1000000,8000,0,0,4000,0,1000000000,,,,0,,,,,9000,5000,9000,9,0,,armed,160000,blocked,9000,5000,9000,9,0,,parked,,blocked
160000,1,1,234,1,0,tick,0,0,3,1000,1000000,1000,0,0,200000,0,1000000000,1000000000,,,0,,,,,20000,4000,20000,20,0,,armed,160000,blocked,20000,4000,20000,20,1000000000000,,armed,161000,blocked
160000,1,2,217,2,2,tick,0,0,3,1000,1000000,1000,0,0,20000,1,1000000000,1000000000,,,0,,,,,20000,5000,20000,20,0,,armed,160000,blocked,20000,5000,20000,20,1000000000000,,armed,161000,blocked
161000,1,1,236,1,0,tick,0,0,3,1000,1000000,1000,0,0,200000,0,1000000000,1000000000,,,0,,,,,20000,4000,20000,20,1000000000000,,armed,161000,blocked,20000,4000,20000,20,2000000000000,,armed,162000,blocked
161000,1,2,221,2,2,tick,0,0,3,1000,1000000,1000,0,0,20000,1,1000000000,1000000000,,,0,,,,,20000,5000,20000,20,1000000000000,,armed,161000,blocked,20000,5000,20000,20,2000000000000,,armed,162000,blocked
161536,0,6,29,1,0,ack,0,0,3,1000,1000000,1000,0,0,200000,0,1000000000,,5000,0,0,,,,,20000,4000,20000,20,2000000000000,,armed,162000,blocked,20000,5000,20000,20,2000000000000,,armed,162000,blocked
162000,1,1,239,1,0,tick,0,0,3,1000,1000000,1000,0,0,200000,0,1000000000,1000000000,,,0,,,,,20000,5000,20000,20,2000000000000,,armed,162000,blocked,20000,5000,20000,20,3000000000000,,armed,163000,blocked
162000,1,2,222,2,2,tick,0,0,3,1000,1000000,1000,0,0,20000,1,1000000000,1000000000,,,0,,,,,20000,5000,20000,20,2000000000000,,armed,162000,blocked,20000,5000,20000,20,3000000000000,,armed,163000,blocked
163000,1,1,240,1,0,tick,0,0,3,1000,1000000,1000,0,0,200000,0,1000000000,1000000000,,,0,,,,,20000,5000,20000,20,3000000000000,,armed,163000,blocked,20000,5000,20000,20,4000000000000,,armed,164000,blocked
163000,1,2,223,2,2,tick,0,0,3,1000,1000000,1000,0,0,20000,1,1000000000,1000000000,,,0,,,,,20000,5000,20000,20,3000000000000,,armed,163000,blocked,20000,5000,20000,20,4000000000000,,armed,164000,blocked
164000,1,1,241,1,0,tick,0,0,3,1000,1000000,1000,0,0,200000,0,1000000000,1000000000,,,0,,,,,20000,5000,20000,20,4000000000000,,armed,164000,blocked,20000,5000,20000,20,5000000000000,,armed,165000,blocked
164000,1,2,224,2,2,tick,0,0,3,1000,1000000,1000,0,0,20000,1,1000000000,1000000000,,,0,,,,,20000,5000,20000,20,4000000000000,,armed,164000,blocked,20000,5000,20000,20,5000000000000,,armed,165000,blocked
165000,1,1,242,1,0,tick,0,0,3,1000,1000000,1000,0,0,200000,0,1000000000,1000000000,,,0,,,,,20000,5000,20000,20,5000000000000,,armed,165000,blocked,20000,5000,20000,20,6000000000000,,armed,166000,blocked
165000,1,2,225,2,2,tick,0,0,3,1000,1000000,1000,0,0,20000,1,1000000000,1000000000,,,0,,,,,20000,5000,20000,20,5000000000000,,armed,165000,blocked,20000,5000,20000,20,6000000000000,,armed,166000,blocked
166000,1,1,243,1,0,tick,0,0,3,1000,1000000,1000,0,0,200000,0,1000000000,1000000000,,,0,,,,,20000,5000,20000,20,6000000000000,,armed,166000,blocked,20000,5000,20000,20,7000000000000,,armed,167000,scheduled
166000,1,2,226,2,2,tick,0,0,3,1000,1000000,1000,0,0,20000,1,1000000000,1000000000,,,0,,,,,20000,5000,20000,20,6000000000000,,armed,166000,blocked,20000,5000,20000,20,7000000000000,,armed,167000,scheduled
167000,1,1,244,1,0,tick,0,0,3,1000,1000000,1000,0,0,200000,0,1000000000,1000000000,,,1,20000,1000,0,435,20000,5000,20000,20,7000000000000,,armed,167000,scheduled,21000,5000,21000,21,0,,armed,168000,blocked
167000,1,2,227,2,2,tick,0,0,3,1000,1000000,1000,0,0,20000,1,1000000000,1000000000,,,1,20000,1000,0,296,20000,5000,20000,20,7000000000000,,armed,167000,scheduled,21000,5000,21000,21,0,,armed,168000,blocked
168000,1,1,245,1,0,tick,0,0,3,1000,1000000,1000,0,0,200000,0,1000000000,1000000000,,,0,,,,,21000,5000,21000,21,0,,armed,168000,blocked,21000,5000,21000,21,1000000000000,,armed,169000,blocked
168000,1,2,228,2,2,tick,0,0,3,1000,1000000,1000,0,0,20000,1,1000000000,1000000000,,,0,,,,,21000,5000,21000,21,0,,armed,168000,blocked,21000,5000,21000,21,1000000000000,,armed,169000,blocked
169000,1,1,247,1,0,tick,0,0,3,1000,1000000,1000,0,0,200000,0,1000000000,1000000000,,,0,,,,,21000,5000,21000,21,1000000000000,,armed,169000,blocked,21000,5000,21000,21,2000000000000,,armed,170000,blocked
169000,1,2,232,2,2,tick,0,0,3,1000,1000000,1000,0,0,20000,1,1000000000,1000000000,,,0,,,,,21000,5000,21000,21,1000000000000,,armed,169000,blocked,21000,5000,21000,21,2000000000000,,armed,170000,blocked
170000,1,1,250,1,0,tick,0,0,3,1000,1000000,1000,0,0,200000,0,1000000000,1000000000,,,0,,,,,21000,5000,21000,21,2000000000000,,armed,170000,blocked,21000,5000,21000,21,3000000000000,,armed,171000,blocked
170000,1,2,233,2,2,tick,0,0,3,1000,1000000,1000,0,0,20000,1,1000000000,1000000000,,,0,,,,,21000,5000,21000,21,2000000000000,,armed,170000,blocked,21000,5000,21000,21,3000000000000,,armed,171000,blocked
170560,0,12,11,3,3,ack,0,0,3,1000,1000000,1000,0,0,8000,1,1000000000,,4000,0,0,,,,,11000,3000,11000,11,0,,parked,,blocked,11000,4000,11000,11,0,,armed,171000,blocked
171000,1,1,251,1,0,tick,0,0,3,1000,1000000,1000,0,0,200000,0,1000000000,1000000000,,,0,,,,,21000,5000,21000,21,3000000000000,,armed,171000,blocked,21000,5000,21000,21,4000000000000,,armed,172000,blocked
171000,1,2,234,2,2,tick,0,0,3,1000,1000000,1000,0,0,20000,1,1000000000,1000000000,,,0,,,,,21000,5000,21000,21,3000000000000,,armed,171000,blocked,21000,5000,21000,21,4000000000000,,armed,172000,blocked
171000,1,3,125,3,3,tick,0,0,3,1000,1000000,1000,0,0,8000,1,1000000000,1000000000,,,0,,,,,11000,4000,11000,11,0,,armed,171000,blocked,11000,4000,11000,11,1000000000000,,armed,172000,blocked
172000,1,1,252,1,0,tick,0,0,3,1000,1000000,1000,0,0,200000,0,1000000000,1000000000,,,0,,,,,21000,5000,21000,21,4000000000000,,armed,172000,blocked,21000,5000,21000,21,5000000000000,,armed,173000,blocked
172000,1,2,235,2,2,tick,0,0,3,1000,1000000,1000,0,0,20000,1,1000000000,1000000000,,,0,,,,,21000,5000,21000,21,4000000000000,,armed,172000,blocked,21000,5000,21000,21,5000000000000,,armed,173000,blocked
172000,1,3,126,3,3,tick,0,0,3,1000,1000000,1000,0,0,8000,1,1000000000,1000000000,,,0,,,,,11000,4000,11000,11,1000000000000,,armed,172000,blocked,11000,4000,11000,11,2000000000000,,armed,173000,blocked
173000,1,1,253,1,0,tick,0,0,3,1000,1000000,1000,0,0,200000,0,1000000000,1000000000,,,0,,,,,21000,5000,21000,21,5000000000000,,armed,173000,blocked,21000,5000,21000,21,6000000000000,,armed,174000,blocked
173000,1,2,236,2,2,tick,0,0,3,1000,1000000,1000,0,0,20000,1,1000000000,1000000000,,,0,,,,,21000,5000,21000,21,5000000000000,,armed,173000,blocked,21000,5000,21000,21,6000000000000,,armed,174000,blocked
173000,1,3,127,3,3,tick,0,0,3,1000,1000000,1000,0,0,8000,1,1000000000,1000000000,,,0,,,,,11000,4000,11000,11,2000000000000,,armed,173000,blocked,11000,4000,11000,11,3000000000000,,armed,174000,blocked
174000,1,1,254,1,0,tick,0,0,3,1000,1000000,1000,0,0,200000,0,1000000000,1000000000,,,0,,,,,21000,5000,21000,21,6000000000000,,armed,174000,blocked,21000,5000,21000,21,7000000000000,,armed,175000,scheduled
174000,1,2,237,2,2,tick,0,0,3,1000,1000000,1000,0,0,20000,1,1000000000,1000000000,,,0,,,,,21000,5000,21000,21,6000000000000,,armed,174000,blocked,21000,5000,21000,21,7000000000000,,armed,175000,scheduled
174000,1,3,128,3,3,tick,0,0,3,1000,1000000,1000,0,0,8000,1,1000000000,1000000000,,,0,,,,,11000,4000,11000,11,3000000000000,,armed,174000,blocked,11000,4000,11000,11,4000000000000,,armed,175000,blocked
175000,1,1,255,1,0,tick,0,0,3,1000,1000000,1000,0,0,200000,0,1000000000,1000000000,,,1,21000,1000,0,449,21000,5000,21000,21,7000000000000,,armed,175000,scheduled,22000,5000,22000,22,0,,armed,176000,blocked
175000,1,2,238,2,2,tick,0,0,3,1000,1000000,1000,0,0,20000,1,1000000000,1000000000,,,1,21000,1000,0,310,21000,5000,21000,21,7000000000000,,armed,175000,scheduled,22000,5000,22000,22,0,,armed,176000,blocked
175000,1,3,129,3,3,tick,0,0,3,1000,1000000,1000,0,0,8000,1,1000000000,1000000000,,,0,,,,,11000,4000,11000,11,4000000000000,,armed,175000,blocked,11000,4000,11000,11,5000000000000,,armed,176000,blocked
176000,1,1,256,1,0,tick,0,0,3,1000,1000000,1000,0,0,200000,0,1000000000,1000000000,,,0,,,,,22000,5000,22000,22,0,,armed,176000,blocked,22000,5000,22000,22,1000000000000,,armed,177000,blocked
176000,1,2,239,2,2,tick,0,0,3,1000,1000000,1000,0,0,20000,1,1000000000,1000000000,,,0,,,,,22000,5000,22000,22,0,,armed,176000,blocked,22000,5000,22000,22,1000000000000,,armed,177000,blocked
176000,1,3,130,3,3,tick,0,0,3,1000,1000000,1000,0,0,8000,1,1000000000,1000000000,,,0,,,,,11000,4000,11000,11,5000000000000,,armed,176000,blocked,11000,4000,11000,11,6000000000000,,armed,177000,blocked
177000,1,1,258,1,0,tick,0,0,3,1000,1000000,1000,0,0,200000,0,1000000000,1000000000,,,0,,,,,22000,5000,22000,22,1000000000000,,armed,177000,blocked,22000,5000,22000,22,2000000000000,,armed,178000,blocked
177000,1,2,243,2,2,tick,0,0,3,1000,1000000,1000,0,0,20000,1,1000000000,1000000000,,,0,,,,,22000,5000,22000,22,1000000000000,,armed,177000,blocked,22000,5000,22000,22,2000000000000,,armed,178000,blocked
177000,1,3,131,3,3,tick,0,0,3,1000,1000000,1000,0,0,8000,1,1000000000,1000000000,,,0,,,,,11000,4000,11000,11,6000000000000,,armed,177000,blocked,11000,4000,11000,11,7000000000000,,armed,178000,scheduled
177536,0,6,32,1,0,ack,0,0,3,1000,1000000,1000,0,0,200000,0,1000000000,,6000,0,0,,,,,22000,5000,22000,22,2000000000000,,armed,178000,blocked,22000,6000,22000,22,2000000000000,,armed,178000,blocked
178000,1,1,261,1,0,tick,0,0,3,1000,1000000,1000,0,0,200000,0,1000000000,1000000000,,,0,,,,,22000,6000,22000,22,2000000000000,,armed,178000,blocked,22000,6000,22000,22,3000000000000,,armed,179000,blocked
178000,1,2,244,2,2,tick,0,0,3,1000,1000000,1000,0,0,20000,1,1000000000,1000000000,,,0,,,,,22000,5000,22000,22,2000000000000,,armed,178000,blocked,22000,5000,22000,22,3000000000000,,armed,179000,blocked
178000,1,3,132,3,3,tick,0,0,3,1000,1000000,1000,0,0,8000,1,1000000000,1000000000,,,1,11000,1000,0,171,11000,4000,11000,11,7000000000000,,armed,178000,scheduled,12000,4000,12000,12,0,,armed,179000,blocked
179000,1,1,262,1,0,tick,0,0,3,1000,1000000,1000,0,0,200000,0,1000000000,1000000000,,,0,,,,,22000,6000,22000,22,3000000000000,,armed,179000,blocked,22000,6000,22000,22,4000000000000,,armed,180000,blocked
179000,1,2,245,2,2,tick,0,0,3,1000,1000000,1000,0,0,20000,1,1000000000,1000000000,,,0,,,,,22000,5000,22000,22,3000000000000,,armed,179000,blocked,22000,5000,22000,22,4000000000000,,armed,180000,blocked
179000,1,3,133,3,3,tick,0,1,3,1000,1000000,1000,0,0,8000,1,1000000000,,,,0,,,,,12000,4000,12000,12,0,,armed,179000,blocked,12000,4000,12000,12,0,,parked,,blocked
180000,1,1,263,1,0,tick,0,0,3,1000,1000000,1000,0,0,200000,0,1000000000,1000000000,,,0,,,,,22000,6000,22000,22,4000000000000,,armed,180000,blocked,22000,6000,22000,22,5000000000000,,armed,181000,blocked
180000,1,2,246,2,2,tick,0,0,3,1000,1000000,1000,0,0,20000,1,1000000000,1000000000,,,0,,,,,22000,5000,22000,22,4000000000000,,armed,180000,blocked,22000,5000,22000,22,5000000000000,,armed,181000,blocked
181000,1,1,264,1,0,tick,0,0,3,1000,1000000,1000,0,0,200000,0,1000000000,1000000000,,,0,,,,,22000,6000,22000,22,5000000000000,,armed,181000,blocked,22000,6000,22000,22,6000000000000,,armed,182000,blocked
181000,1,2,247,2,2,tick,0,0,3,1000,1000000,1000,0,0,20000,1,1000000000,1000000000,,,0,,,,,22000,5000,22000,22,5000000000000,,armed,181000,blocked,22000,5000,22000,22,6000000000000,,armed,182000,blocked
182000,1,1,265,1,0,tick,0,0,3,1000,1000000,1000,0,0,200000,0,1000000000,1000000000,,,0,,,,,22000,6000,22000,22,6000000000000,,armed,182000,blocked,22000,6000,22000,22,7000000000000,,armed,183000,scheduled
182000,1,2,248,2,2,tick,0,0,3,1000,1000000,1000,0,0,20000,1,1000000000,1000000000,,,0,,,,,22000,5000,22000,22,6000000000000,,armed,182000,blocked,22000,5000,22000,22,7000000000000,,armed,183000,scheduled
183000,1,1,266,1,0,tick,0,0,3,1000,1000000,1000,0,0,200000,0,1000000000,1000000000,,,1,22000,1000,0,463,22000,6000,22000,22,7000000000000,,armed,183000,scheduled,23000,6000,23000,23,0,,armed,184000,blocked
183000,1,2,249,2,2,tick,0,0,3,1000,1000000,1000,0,0,20000,1,1000000000,1000000000,,,1,22000,1000,0,324,22000,5000,22000,22,7000000000000,,armed,183000,scheduled,23000,5000,23000,23,0,,armed,184000,blocked
184000,1,1,267,1,0,tick,0,0,3,1000,1000000,1000,0,0,200000,0,1000000000,1000000000,,,0,,,,,23000,6000,23000,23,0,,armed,184000,blocked,23000,6000,23000,23,1000000000000,,armed,185000,blocked
184000,1,2,250,2,2,tick,0,0,3,1000,1000000,1000,0,0,20000,1,1000000000,1000000000,,,0,,,,,23000,5000,23000,23,0,,armed,184000,blocked,23000,5000,23000,23,1000000000000,,armed,185000,blocked
185000,1,1,269,1,0,tick,0,0,3,1000,1000000,1000,0,0,200000,0,1000000000,1000000000,,,0,,,,,23000,6000,23000,23,1000000000000,,armed,185000,blocked,23000,6000,23000,23,2000000000000,,armed,186000,blocked
185000,1,2,254,2,2,tick,0,0,3,1000,1000000,1000,0,0,20000,1,1000000000,1000000000,,,0,,,,,23000,5000,23000,23,1000000000000,,armed,185000,blocked,23000,5000,23000,23,2000000000000,,armed,186000,blocked
186000,1,1,272,1,0,tick,0,0,3,1000,1000000,1000,0,0,200000,0,1000000000,1000000000,,,0,,,,,23000,6000,23000,23,2000000000000,,armed,186000,blocked,23000,6000,23000,23,3000000000000,,armed,187000,blocked
186000,1,2,255,2,2,tick,0,0,3,1000,1000000,1000,0,0,20000,1,1000000000,1000000000,,,0,,,,,23000,5000,23000,23,2000000000000,,armed,186000,blocked,23000,5000,23000,23,3000000000000,,armed,187000,blocked
186048,0,9,17,2,2,ack,0,0,3,1000,1000000,1000,0,0,20000,1,1000000000,,6000,0,0,,,,,23000,5000,23000,23,3000000000000,,armed,187000,blocked,23000,6000,23000,23,3000000000000,,armed,187000,blocked
187000,1,1,273,1,0,tick,0,0,3,1000,1000000,1000,0,0,200000,0,1000000000,1000000000,,,0,,,,,23000,6000,23000,23,3000000000000,,armed,187000,blocked,23000,6000,23000,23,4000000000000,,armed,188000,blocked
187000,1,2,256,2,2,tick,0,0,3,1000,1000000,1000,0,0,20000,1,1000000000,1000000000,,,0,,,,,23000,6000,23000,23,3000000000000,,armed,187000,blocked,23000,6000,23000,23,4000000000000,,armed,188000,blocked
188000,1,1,274,1,0,tick,0,0,3,1000,1000000,1000,0,0,200000,0,1000000000,1000000000,,,0,,,,,23000,6000,23000,23,4000000000000,,armed,188000,blocked,23000,6000,23000,23,5000000000000,,armed,189000,blocked
188000,1,2,257,2,2,tick,0,0,3,1000,1000000,1000,0,0,20000,1,1000000000,1000000000,,,0,,,,,23000,6000,23000,23,4000000000000,,armed,188000,blocked,23000,6000,23000,23,5000000000000,,armed,189000,blocked
189000,1,1,275,1,0,tick,0,0,3,1000,1000000,1000,0,0,200000,0,1000000000,1000000000,,,0,,,,,23000,6000,23000,23,5000000000000,,armed,189000,blocked,23000,6000,23000,23,6000000000000,,armed,190000,blocked
189000,1,2,258,2,2,tick,0,0,3,1000,1000000,1000,0,0,20000,1,1000000000,1000000000,,,0,,,,,23000,6000,23000,23,5000000000000,,armed,189000,blocked,23000,6000,23000,23,6000000000000,,armed,190000,blocked
190000,1,1,276,1,0,tick,0,0,3,1000,1000000,1000,0,0,200000,0,1000000000,1000000000,,,0,,,,,23000,6000,23000,23,6000000000000,,armed,190000,blocked,23000,6000,23000,23,7000000000000,,armed,191000,scheduled
190000,1,2,259,2,2,tick,0,0,3,1000,1000000,1000,0,0,20000,1,1000000000,1000000000,,,0,,,,,23000,6000,23000,23,6000000000000,,armed,190000,blocked,23000,6000,23000,23,7000000000000,,armed,191000,scheduled
191000,1,1,277,1,0,tick,0,0,3,1000,1000000,1000,0,0,200000,0,1000000000,1000000000,,,1,23000,1000,0,477,23000,6000,23000,23,7000000000000,,armed,191000,scheduled,24000,6000,24000,24,0,,armed,192000,blocked
191000,1,2,260,2,2,tick,0,0,3,1000,1000000,1000,0,0,20000,1,1000000000,1000000000,,,1,23000,1000,0,338,23000,6000,23000,23,7000000000000,,armed,191000,scheduled,24000,6000,24000,24,0,,armed,192000,blocked
192000,1,1,278,1,0,tick,0,0,3,1000,1000000,1000,0,0,200000,0,1000000000,1000000000,,,0,,,,,24000,6000,24000,24,0,,armed,192000,blocked,24000,6000,24000,24,1000000000000,,armed,193000,blocked
192000,1,2,261,2,2,tick,0,0,3,1000,1000000,1000,0,0,20000,1,1000000000,1000000000,,,0,,,,,24000,6000,24000,24,0,,armed,192000,blocked,24000,6000,24000,24,1000000000000,,armed,193000,blocked
193000,1,1,280,1,0,tick,0,0,3,1000,1000000,1000,0,0,200000,0,1000000000,1000000000,,,0,,,,,24000,6000,24000,24,1000000000000,,armed,193000,blocked,24000,6000,24000,24,2000000000000,,armed,194000,blocked
193000,1,2,265,2,2,tick,0,0,3,1000,1000000,1000,0,0,20000,1,1000000000,1000000000,,,0,,,,,24000,6000,24000,24,1000000000000,,armed,193000,blocked,24000,6000,24000,24,2000000000000,,armed,194000,blocked
193536,0,6,35,1,0,ack,0,0,3,1000,1000000,1000,0,0,200000,0,1000000000,,7000,0,0,,,,,24000,6000,24000,24,2000000000000,,armed,194000,blocked,24000,7000,24000,24,2000000000000,,armed,194000,blocked
194000,1,1,283,1,0,tick,0,0,3,1000,1000000,1000,0,0,200000,0,1000000000,1000000000,,,0,,,,,24000,7000,24000,24,2000000000000,,armed,194000,blocked,24000,7000,24000,24,3000000000000,,armed,195000,blocked
194000,1,2,266,2,2,tick,0,0,3,1000,1000000,1000,0,0,20000,1,1000000000,1000000000,,,0,,,,,24000,6000,24000,24,2000000000000,,armed,194000,blocked,24000,6000,24000,24,3000000000000,,armed,195000,blocked
195000,1,1,284,1,0,tick,0,0,3,1000,1000000,1000,0,0,200000,0,1000000000,1000000000,,,0,,,,,24000,7000,24000,24,3000000000000,,armed,195000,blocked,24000,7000,24000,24,4000000000000,,armed,196000,blocked
195000,1,2,267,2,2,tick,0,0,3,1000,1000000,1000,0,0,20000,1,1000000000,1000000000,,,0,,,,,24000,6000,24000,24,3000000000000,,armed,195000,blocked,24000,6000,24000,24,4000000000000,,armed,196000,blocked
196000,1,1,285,1,0,tick,0,0,3,1000,1000000,1000,0,0,200000,0,1000000000,1000000000,,,0,,,,,24000,7000,24000,24,4000000000000,,armed,196000,blocked,24000,7000,24000,24,5000000000000,,armed,197000,blocked
196000,1,2,268,2,2,tick,0,0,3,1000,1000000,1000,0,0,20000,1,1000000000,1000000000,,,0,,,,,24000,6000,24000,24,4000000000000,,armed,196000,blocked,24000,6000,24000,24,5000000000000,,armed,197000,blocked
197000,1,1,286,1,0,tick,0,0,3,1000,1000000,1000,0,0,200000,0,1000000000,1000000000,,,0,,,,,24000,7000,24000,24,5000000000000,,armed,197000,blocked,24000,7000,24000,24,6000000000000,,armed,198000,blocked
197000,1,2,269,2,2,tick,0,0,3,1000,1000000,1000,0,0,20000,1,1000000000,1000000000,,,0,,,,,24000,6000,24000,24,5000000000000,,armed,197000,blocked,24000,6000,24000,24,6000000000000,,armed,198000,blocked
198000,1,1,287,1,0,tick,0,0,3,1000,1000000,1000,0,0,200000,0,1000000000,1000000000,,,0,,,,,24000,7000,24000,24,6000000000000,,armed,198000,blocked,24000,7000,24000,24,7000000000000,,armed,199000,scheduled
198000,1,2,270,2,2,tick,0,0,3,1000,1000000,1000,0,0,20000,1,1000000000,1000000000,,,0,,,,,24000,6000,24000,24,6000000000000,,armed,198000,blocked,24000,6000,24000,24,7000000000000,,armed,199000,scheduled
199000,1,1,288,1,0,tick,0,0,3,1000,1000000,1000,0,0,200000,0,1000000000,1000000000,,,1,24000,1000,0,491,24000,7000,24000,24,7000000000000,,armed,199000,scheduled,25000,7000,25000,25,0,,armed,200000,blocked
199000,1,2,271,2,2,tick,0,0,3,1000,1000000,1000,0,0,20000,1,1000000000,1000000000,,,1,24000,1000,0,352,24000,6000,24000,24,7000000000000,,armed,199000,scheduled,25000,6000,25000,25,0,,armed,200000,blocked
200000,1,1,289,1,0,tick,0,0,3,1000,1000000,1000,0,0,200000,0,1000000000,1000000000,,,0,,,,,25000,7000,25000,25,0,,armed,200000,blocked,25000,7000,25000,25,1000000000000,,armed,201000,blocked
200000,1,2,272,2,2,tick,0,0,3,1000,1000000,1000,0,0,20000,1,1000000000,1000000000,,,0,,,,,25000,6000,25000,25,0,,armed,200000,blocked,25000,6000,25000,25,1000000000000,,armed,201000,blocked
201000,1,1,291,1,0,tick,0,0,3,1000,1000000,1000,0,0,200000,0,1000000000,1000000000,,,0,,,,,25000,7000,25000,25,1000000000000,,armed,201000,blocked,25000,7000,25000,25,2000000000000,,armed,202000,blocked
201000,1,2,276,2,2,tick,0,0,3,1000,1000000,1000,0,0,20000,1,1000000000,1000000000,,,0,,,,,25000,6000,25000,25,1000000000000,,armed,201000,blocked,25000,6000,25000,25,2000000000000,,armed,202000,blocked
202000,1,1,294,1,0,tick,0,0,3,1000,1000000,1000,0,0,200000,0,1000000000,1000000000,,,0,,,,,25000,7000,25000,25,2000000000000,,armed,202000,blocked,25000,7000,25000,25,3000000000000,,armed,203000,blocked
202000,1,2,277,2,2,tick,0,0,3,1000,1000000,1000,0,0,20000,1,1000000000,1000000000,,,0,,,,,25000,6000,25000,25,2000000000000,,armed,202000,blocked,25000,6000,25000,25,3000000000000,,armed,203000,blocked
202560,0,12,14,3,3,ack,0,0,3,1000,1000000,1000,0,0,8000,1,1000000000,,5000,0,0,,,,,12000,4000,12000,12,0,,parked,,blocked,12000,5000,12000,12,0,,armed,203000,blocked
203000,1,1,295,1,0,tick,0,0,3,1000,1000000,1000,0,0,200000,0,1000000000,1000000000,,,0,,,,,25000,7000,25000,25,3000000000000,,armed,203000,blocked,25000,7000,25000,25,4000000000000,,armed,204000,blocked
203000,1,2,278,2,2,tick,0,0,3,1000,1000000,1000,0,0,20000,1,1000000000,1000000000,,,0,,,,,25000,6000,25000,25,3000000000000,,armed,203000,blocked,25000,6000,25000,25,4000000000000,,armed,204000,blocked
203000,1,3,137,3,3,tick,0,0,3,1000,1000000,1000,0,0,8000,1,1000000000,1000000000,,,0,,,,,12000,5000,12000,12,0,,armed,203000,blocked,12000,5000,12000,12,1000000000000,,armed,204000,blocked
204000,1,1,296,1,0,tick,0,0,3,1000,1000000,1000,0,0,200000,0,1000000000,1000000000,,,0,,,,,25000,7000,25000,25,4000000000000,,armed,204000,blocked,25000,7000,25000,25,5000000000000,,armed,205000,blocked
204000,1,2,279,2,2,tick,0,0,3,1000,1000000,1000,0,0,20000,1,1000000000,1000000000,,,0,,,,,25000,6000,25000,25,4000000000000,,armed,204000,blocked,25000,6000,25000,25,5000000000000,,armed,205000,blocked
204000,1,3,138,3,3,tick,0,0,3,1000,1000000,1000,0,0,8000,1,1000000000,1000000000,,,0,,,,,12000,5000,12000,12,1000000000000,,armed,204000,blocked,12000,5000,12000,12,2000000000000,,armed,205000,blocked
205000,1,1,297,1,0,tick,0,0,3,1000,1000000,1000,0,0,200000,0,1000000000,1000000000,,,0,,,,,25000,7000,25000,25,5000000000000,,armed,205000,blocked,25000,7000,25000,25,6000000000000,,armed,206000,blocked
205000,1,2,280,2,2,tick,0,0,3,1000,1000000,1000,0,0,20000,1,1000000000,1000000000,,,0,,,,,25000,6000,25000,25,5000000000000,,armed,205000,blocked,25000,6000,25000,25,6000000000000,,armed,206000,blocked
205000,1,3,139,3,3,tick,0,0,3,1000,1000000,1000,0,0,8000,1,1000000000,1000000000,,,0,,,,,12000,5000,12000,12,2000000000000,,armed,205000,blocked,12000,5000,12000,12,3000000000000,,armed,206000,blocked
206000,1,1,298,1,0,tick,0,0,3,1000,1000000,1000,0,0,200000,0,1000000000,1000000000,,,0,,,,,25000,7000,25000,25,6000000000000,,armed,206000,blocked,25000,7000,25000,25,7000000000000,,armed,207000,scheduled
206000,1,2,281,2,2,tick,0,0,3,1000,1000000,1000,0,0,20000,1,1000000000,1000000000,,,0,,,,,25000,6000,25000,25,6000000000000,,armed,206000,blocked,25000,6000,25000,25,7000000000000,,armed,207000,scheduled
206000,1,3,140,3,3,tick,0,0,3,1000,1000000,1000,0,0,8000,1,1000000000,1000000000,,,0,,,,,12000,5000,12000,12,3000000000000,,armed,206000,blocked,12000,5000,12000,12,4000000000000,,armed,207000,blocked
207000,1,1,299,1,0,tick,0,0,3,1000,1000000,1000,0,0,200000,0,1000000000,1000000000,,,1,25000,1000,0,505,25000,7000,25000,25,7000000000000,,armed,207000,scheduled,26000,7000,26000,26,0,,armed,208000,blocked
207000,1,2,282,2,2,tick,0,0,3,1000,1000000,1000,0,0,20000,1,1000000000,1000000000,,,1,25000,1000,0,366,25000,6000,25000,25,7000000000000,,armed,207000,scheduled,26000,6000,26000,26,0,,armed,208000,blocked
207000,1,3,141,3,3,tick,0,0,3,1000,1000000,1000,0,0,8000,1,1000000000,1000000000,,,0,,,,,12000,5000,12000,12,4000000000000,,armed,207000,blocked,12000,5000,12000,12,5000000000000,,armed,208000,blocked
208000,1,1,300,1,0,tick,0,0,3,1000,1000000,1000,0,0,200000,0,1000000000,1000000000,,,0,,,,,26000,7000,26000,26,0,,armed,208000,blocked,26000,7000,26000,26,1000000000000,,armed,209000,blocked
208000,1,2,283,2,2,tick,0,1,3,1000,1000000,1000,0,0,20000,1,1000000000,,,,0,,,,,26000,6000,26000,26,0,,armed,208000,blocked,26000,6000,26000,26,0,,parked,,blocked
208000,1,3,142,3,3,tick,0,0,3,1000,1000000,1000,0,0,8000,1,1000000000,1000000000,,,0,,,,,12000,5000,12000,12,5000000000000,,armed,208000,blocked,12000,5000,12000,12,6000000000000,,armed,209000,blocked
209000,1,1,302,1,0,tick,0,0,3,1000,1000000,1000,0,0,200000,0,1000000000,1000000000,,,0,,,,,26000,7000,26000,26,1000000000000,,armed,209000,blocked,26000,7000,26000,26,2000000000000,,armed,210000,blocked
209000,1,3,143,3,3,tick,0,0,3,1000,1000000,1000,0,0,8000,1,1000000000,1000000000,,,0,,,,,12000,5000,12000,12,6000000000000,,armed,209000,blocked,12000,5000,12000,12,7000000000000,,armed,210000,scheduled
209536,0,6,38,1,1,ack,0,0,3,1000,1000000,8000,0,0,4000,0,1000000000,,6000,0,0,,,,,9000,5000,9000,9,0,,parked,,blocked,9000,6000,9000,9,0,,armed,216000,scheduled
210000,1,1,305,1,0,tick,0,0,3,1000,1000000,1000,0,0,200000,0,1000000000,1000000000,,,0,,,,,26000,7000,26000,26,2000000000000,,armed,210000,blocked,26000,7000,26000,26,3000000000000,,armed,211000,blocked
210000,1,3,144,3,3,tick,0,0,3,1000,1000000,1000,0,0,8000,1,1000000000,1000000000,,,1,12000,1000,0,185,12000,5000,12000,12,7000000000000,,armed,210000,scheduled,13000,5000,13000,13,0,,armed,211000,blocked
211000,1,1,307,1,0,tick,0,0,3,1000,1000000,1000,0,0,200000,0,1000000000,1000000000,,,0,,,,,26000,7000,26000,26,3000000000000,,armed,211000,blocked,26000,7000,26000,26,4000000000000,,armed,212000,blocked
211000,1,3,145,3,3,tick,0,1,3,1000,1000000,1000,0,0,8000,1,1000000000,,,,0,,,,,13000,5000,13000,13,0,,armed,211000,blocked,13000,5000,13000,13,0,,parked,,blocked
212000,1,1,308,1,0,tick,0,0,3,1000,1000000,1000,0,0,200000,0,1000000000,1000000000,,,0,,,,,26000,7000,26000,26,4000000000000,,armed,212000,blocked,26000,7000,26000,26,5000000000000,,armed,213000,blocked
213000,1,1,309,1,0,tick,0,0,3,1000,1000000,1000,0,0,200000,0,1000000000,1000000000,,,0,,,,,26000,7000,26000,26,5000000000000,,armed,213000,blocked,26000,7000,26000,26,6000000000000,,armed,214000,blocked
214000,1,1,310,1,0,tick,0,0,3,1000,1000000,1000,0,0,200000,0,1000000000,1000000000,,,0,,,,,26000,7000,26000,26,6000000000000,,armed,214000,blocked,26000,7000,26000,26,7000000000000,,armed,215000,scheduled
215000,1,1,311,1,0,tick,0,0,3,1000,1000000,1000,0,0,200000,0,1000000000,1000000000,,,1,26000,1000,0,519,26000,7000,26000,26,7000000000000,,armed,215000,scheduled,27000,7000,27000,27,0,,armed,216000,blocked
216000,1,1,306,1,1,tick,0,0,3,1000,1000000,8000,0,0,4000,0,1000000000,1000000000,,,1,9000,1000,0,533,9000,6000,9000,9,0,,armed,216000,scheduled,10000,6000,10000,10,0,,armed,224000,blocked
216000,1,1,312,1,0,tick,0,0,3,1000,1000000,1000,0,0,200000,0,1000000000,1000000000,,,0,,,,,27000,7000,27000,27,0,,armed,216000,blocked,27000,7000,27000,27,1000000000000,,armed,217000,blocked
217000,1,1,315,1,0,tick,0,0,3,1000,1000000,1000,0,0,200000,0,1000000000,1000000000,,,0,,,,,27000,7000,27000,27,1000000000000,,armed,217000,blocked,27000,7000,27000,27,2000000000000,,armed,218000,blocked
218000,1,1,318,1,0,tick,0,0,3,1000,1000000,1000,0,0,200000,0,1000000000,1000000000,,,0,,,,,27000,7000,27000,27,2000000000000,,armed,218000,blocked,27000,7000,27000,27,3000000000000,,armed,219000,blocked
218048,0,9,20,2,2,ack,0,0,3,1000,1000000,1000,0,0,20000,1,1000000000,,7000,0,0,,,,,26000,6000,26000,26,0,,parked,,blocked,26000,7000,26000,26,0,,armed,219000,blocked
219000,1,1,319,1,0,tick,0,0,3,1000,1000000,1000,0,0,200000,0,1000000000,1000000000,,,0,,,,,27000,7000,27000,27,3000000000000,,armed,219000,blocked,27000,7000,27000,27,4000000000000,,armed,220000,blocked
219000,1,2,287,2,2,tick,0,0,3,1000,1000000,1000,0,0,20000,1,1000000000,1000000000,,,0,,,,,26000,7000,26000,26,0,,armed,219000,blocked,26000,7000,26000,26,1000000000000,,armed,220000,blocked
220000,1,1,320,1,0,tick,0,0,3,1000,1000000,1000,0,0,200000,0,1000000000,1000000000,,,0,,,,,27000,7000,27000,27,4000000000000,,armed,220000,blocked,27000,7000,27000,27,5000000000000,,armed,221000,blocked
220000,1,2,288,2,2,tick,0,0,3,1000,1000000,1000,0,0,20000,1,1000000000,1000000000,,,0,,,,,26000,7000,26000,26,1000000000000,,armed,220000,blocked,26000,7000,26000,26,2000000000000,,armed,221000,blocked
221000,1,1,321,1,0,tick,0,0,3,1000,1000000,1000,0,0,200000,0,1000000000,1000000000,,,0,,,,,27000,7000,27000,27,5000000000000,,armed,221000,blocked,27000,7000,27000,27,6000000000000,,armed,222000,blocked
221000,1,2,289,2,2,tick,0,0,3,1000,1000000,1000,0,0,20000,1,1000000000,1000000000,,,0,,,,,26000,7000,26000,26,2000000000000,,armed,221000,blocked,26000,7000,26000,26,3000000000000,,armed,222000,blocked
222000,1,1,322,1,0,tick,0,0,3,1000,1000000,1000,0,0,200000,0,1000000000,1000000000,,,0,,,,,27000,7000,27000,27,6000000000000,,armed,222000,blocked,27000,7000,27000,27,7000000000000,,armed,223000,scheduled
222000,1,2,290,2,2,tick,0,0,3,1000,1000000,1000,0,0,20000,1,1000000000,1000000000,,,0,,,,,26000,7000,26000,26,3000000000000,,armed,222000,blocked,26000,7000,26000,26,4000000000000,,armed,223000,blocked
223000,1,1,323,1,0,tick,0,0,3,1000,1000000,1000,0,0,200000,0,1000000000,1000000000,,,1,27000,1000,0,547,27000,7000,27000,27,7000000000000,,armed,223000,scheduled,28000,7000,28000,28,0,,armed,224000,blocked
223000,1,2,291,2,2,tick,0,0,3,1000,1000000,1000,0,0,20000,1,1000000000,1000000000,,,0,,,,,26000,7000,26000,26,4000000000000,,armed,223000,blocked,26000,7000,26000,26,5000000000000,,armed,224000,blocked
224000,1,1,314,1,1,tick,0,1,3,1000,1000000,8000,0,0,4000,0,1000000000,,,,0,,,,,10000,6000,10000,10,0,,armed,224000,blocked,10000,6000,10000,10,0,,parked,,blocked
224000,1,1,324,1,0,tick,0,0,3,1000,1000000,1000,0,0,200000,0,1000000000,1000000000,,,0,,,,,28000,7000,28000,28,0,,armed,224000,blocked,28000,7000,28000,28,1000000000000,,armed,225000,blocked
224000,1,2,292,2,2,tick,0,0,3,1000,1000000,1000,0,0,20000,1,1000000000,1000000000,,,0,,,,,26000,7000,26000,26,5000000000000,,armed,224000,blocked,26000,7000,26000,26,6000000000000,,armed,225000,blocked
225000,1,1,326,1,0,tick,0,0,3,1000,1000000,1000,0,0,200000,0,1000000000,1000000000,,,0,,,,,28000,7000,28000,28,1000000000000,,armed,225000,blocked,28000,7000,28000,28,2000000000000,,armed,226000,blocked
225000,1,2,293,2,2,tick,0,0,3,1000,1000000,1000,0,0,20000,1,1000000000,1000000000,,,0,,,,,26000,7000,26000,26,6000000000000,,armed,225000,blocked,26000,7000,26000,26,7000000000000,,armed,226000,scheduled
225536,0,6,41,1,0,ack,0,0,3,1000,1000000,1000,0,0,200000,0,1000000000,,8000,0,0,,,,,28000,7000,28000,28,2000000000000,,armed,226000,blocked,28000,8000,28000,28,2000000000000,,armed,226000,blocked
226000,1,1,329,1,0,tick,0,0,3,1000,1000000,1000,0,0,200000,0,1000000000,1000000000,,,0,,,,,28000,8000,28000,28,2000000000000,,armed,226000,blocked,28000,8000,28000,28,3000000000000,,armed,227000,blocked
226000,1,2,294,2,2,tick,0,0,3,1000,1000000,1000,0,0,20000,1,1000000000,1000000000,,,1,26000,1000,0,380,26000,7000,26000,26,7000000000000,,armed,226000,scheduled,27000,7000,27000,27,0,,armed,227000,blocked
227000,1,1,330,1,0,tick,0,0,3,1000,1000000,1000,0,0,200000,0,1000000000,1000000000,,,0,,,,,28000,8000,28000,28,3000000000000,,armed,227000,blocked,28000,8000,28000,28,4000000000000,,armed,228000,blocked
227000,1,2,295,2,2,tick,0,1,3,1000,1000000,1000,0,0,20000,1,1000000000,,,,0,,,,,27000,7000,27000,27,0,,armed,227000,blocked,27000,7000,27000,27,0,,parked,,blocked
228000,1,1,331,1,0,tick,0,0,3,1000,1000000,1000,0,0,200000,0,1000000000,1000000000,,,0,,,,,28000,8000,28000,28,4000000000000,,armed,228000,blocked,28000,8000,28000,28,5000000000000,,armed,229000,blocked
229000,1,1,332,1,0,tick,0,0,3,1000,1000000,1000,0,0,200000,0,1000000000,1000000000,,,0,,,,,28000,8000,28000,28,5000000000000,,armed,229000,blocked,28000,8000,28000,28,6000000000000,,armed,230000,blocked
230000,1,1,333,1,0,tick,0,0,3,1000,1000000,1000,0,0,200000,0,1000000000,1000000000,,,0,,,,,28000,8000,28000,28,6000000000000,,armed,230000,blocked,28000,8000,28000,28,7000000000000,,armed,231000,scheduled
231000,1,1,334,1,0,tick,0,0,3,1000,1000000,1000,0,0,200000,0,1000000000,1000000000,,,1,28000,1000,0,561,28000,8000,28000,28,7000000000000,,armed,231000,scheduled,29000,8000,29000,29,0,,armed,232000,blocked
232000,1,1,335,1,0,tick,0,0,3,1000,1000000,1000,0,0,200000,0,1000000000,1000000000,,,0,,,,,29000,8000,29000,29,0,,armed,232000,blocked,29000,8000,29000,29,1000000000000,,armed,233000,blocked
233000,1,1,337,1,0,tick,0,0,3,1000,1000000,1000,0,0,200000,0,1000000000,1000000000,,,0,,,,,29000,8000,29000,29,1000000000000,,armed,233000,blocked,29000,8000,29000,29,2000000000000,,armed,234000,blocked
234000,1,1,340,1,0,tick,0,0,3,1000,1000000,1000,0,0,200000,0,1000000000,1000000000,,,0,,,,,29000,8000,29000,29,2000000000000,,armed,234000,blocked,29000,8000,29000,29,3000000000000,,armed,235000,blocked
234560,0,12,17,3,3,ack,0,0,3,1000,1000000,1000,0,0,8000,1,1000000000,,6000,0,0,,,,,13000,5000,13000,13,0,,parked,,blocked,13000,6000,13000,13,0,,armed,235000,blocked
235000,1,1,341,1,0,tick,0,0,3,1000,1000000,1000,0,0,200000,0,1000000000,1000000000,,,0,,,,,29000,8000,29000,29,3000000000000,,armed,235000,blocked,29000,8000,29000,29,4000000000000,,armed,236000,blocked
235000,1,3,149,3,3,tick,0,0,3,1000,1000000,1000,0,0,8000,1,1000000000,1000000000,,,0,,,,,13000,6000,13000,13,0,,armed,235000,blocked,13000,6000,13000,13,1000000000000,,armed,236000,blocked
236000,1,1,342,1,0,tick,0,0,3,1000,1000000,1000,0,0,200000,0,1000000000,1000000000,,,0,,,,,29000,8000,29000,29,4000000000000,,armed,236000,blocked,29000,8000,29000,29,5000000000000,,armed,237000,blocked
236000,1,3,150,3,3,tick,0,0,3,1000,1000000,1000,0,0,8000,1,1000000000,1000000000,,,0,,,,,13000,6000,13000,13,1000000000000,,armed,236000,blocked,13000,6000,13000,13,2000000000000,,armed,237000,blocked
237000,1,1,343,1,0,tick,0,0,3,1000,1000000,1000,0,0,200000,0,1000000000,1000000000,,,0,,,,,29000,8000,29000,29,5000000000000,,armed,237000,blocked,29000,8000,29000,29,6000000000000,,armed,238000,blocked
237000,1,3,151,3,3,tick,0,0,3,1000,1000000,1000,0,0,8000,1,1000000000,1000000000,,,0,,,,,13000,6000,13000,13,2000000000000,,armed,237000,blocked,13000,6000,13000,13,3000000000000,,armed,238000,blocked
238000,1,1,344,1,0,tick,0,0,3,1000,1000000,1000,0,0,200000,0,1000000000,1000000000,,,0,,,,,29000,8000,29000,29,6000000000000,,armed,238000,blocked,29000,8000,29000,29,7000000000000,,armed,239000,scheduled
238000,1,3,152,3,3,tick,0,0,3,1000,1000000,1000,0,0,8000,1,1000000000,1000000000,,,0,,,,,13000,6000,13000,13,3000000000000,,armed,238000,blocked,13000,6000,13000,13,4000000000000,,armed,239000,blocked
239000,1,1,345,1,0,tick,0,0,3,1000,1000000,1000,0,0,200000,0,1000000000,1000000000,,,1,29000,1000,0,575,29000,8000,29000,29,7000000000000,,armed,239000,scheduled,30000,8000,30000,30,0,,armed,240000,blocked
239000,1,3,153,3,3,tick,0,0,3,1000,1000000,1000,0,0,8000,1,1000000000,1000000000,,,0,,,,,13000,6000,13000,13,4000000000000,,armed,239000,blocked,13000,6000,13000,13,5000000000000,,armed,240000,blocked
240000,1,1,346,1,0,tick,0,0,3,1000,1000000,1000,0,0,200000,0,1000000000,1000000000,,,0,,,,,30000,8000,30000,30,0,,armed,240000,blocked,30000,8000,30000,30,1000000000000,,armed,241000,blocked
240000,1,3,154,3,3,tick,0,0,3,1000,1000000,1000,0,0,8000,1,1000000000,1000000000,,,0,,,,,13000,6000,13000,13,5000000000000,,armed,240000,blocked,13000,6000,13000,13,6000000000000,,armed,241000,blocked
241000,1,1,348,1,0,tick,0,0,3,1000,1000000,1000,0,0,200000,0,1000000000,1000000000,,,0,,,,,30000,8000,30000,30,1000000000000,,armed,241000,blocked,30000,8000,30000,30,2000000000000,,armed,242000,blocked
241000,1,3,155,3,3,tick,0,0,3,1000,1000000,1000,0,0,8000,1,1000000000,1000000000,,,0,,,,,13000,6000,13000,13,6000000000000,,armed,241000,blocked,13000,6000,13000,13,7000000000000,,armed,242000,scheduled
241536,0,6,44,1,0,ack,0,0,3,1000,1000000,1000,0,0,200000,0,1000000000,,9000,0,0,,,,,30000,8000,30000,30,2000000000000,,armed,242000,blocked,30000,9000,30000,30,2000000000000,,armed,242000,blocked
242000,1,1,351,1,0,tick,0,0,3,1000,1000000,1000,0,0,200000,0,1000000000,1000000000,,,0,,,,,30000,9000,30000,30,2000000000000,,armed,242000,blocked,30000,9000,30000,30,3000000000000,,armed,243000,blocked
242000,1,3,156,3,3,tick,0,0,3,1000,1000000,1000,0,0,8000,1,1000000000,1000000000,,,1,13000,1000,0,199,13000,6000,13000,13,7000000000000,,armed,242000,scheduled,14000,6000,14000,14,0,,armed,243000,blocked
243000,1,1,352,1,0,tick,0,0,3,1000,1000000,1000,0,0,200000,0,1000000000,1000000000,,,0,,,,,30000,9000,30000,30,3000000000000,,armed,243000,blocked,30000,9000,30000,30,4000000000000,,armed,244000,blocked
243000,1,3,157,3,3,tick,0,1,3,1000,1000000,1000,0,0,8000,1,1000000000,,,,0,,,,,14000,6000,14000,14,0,,armed,243000,blocked,14000,6000,14000,14,0,,parked,,blocked
244000,1,1,353,1,0,tick,0,0,3,1000,1000000,1000,0,0,200000,0,1000000000,1000000000,,,0,,,,,30000,9000,30000,30,4000000000000,,armed,244000,blocked,30000,9000,30000,30,5000000000000,,armed,245000,blocked
245000,1,1,354,1,0,tick,0,0,3,1000,1000000,1000,0,0,200000,0,1000000000,1000000000,,,0,,,,,30000,9000,30000,30,5000000000000,,armed,245000,blocked,30000,9000,30000,30,6000000000000,,armed,246000,blocked
246000,1,1,355,1,0,tick,0,0,3,1000,1000000,1000,0,0,200000,0,1000000000,1000000000,,,0,,,,,30000,9000,30000,30,6000000000000,,armed,246000,blocked,30000,9000,30000,30,7000000000000,,armed,247000,scheduled
247000,1,1,356,1,0,tick,0,0,3,1000,1000000,1000,0,0,200000,0,1000000000,1000000000,,,1,30000,1000,0,589,30000,9000,30000,30,7000000000000,,armed,247000,scheduled,31000,9000,31000,31,0,,armed,248000,blocked
248000,1,1,357,1,0,tick,0,0,3,1000,1000000,1000,0,0,200000,0,1000000000,1000000000,,,0,,,,,31000,9000,31000,31,0,,armed,248000,blocked,31000,9000,31000,31,1000000000000,,armed,249000,blocked
249000,1,1,359,1,0,tick,0,0,3,1000,1000000,1000,0,0,200000,0,1000000000,1000000000,,,0,,,,,31000,9000,31000,31,1000000000000,,armed,249000,blocked,31000,9000,31000,31,2000000000000,,armed,250000,blocked
250000,1,1,362,1,0,tick,0,0,3,1000,1000000,1000,0,0,200000,0,1000000000,1000000000,,,0,,,,,31000,9000,31000,31,2000000000000,,armed,250000,blocked,31000,9000,31000,31,3000000000000,,armed,251000,blocked
250048,0,9,23,2,2,ack,0,0,3,1000,1000000,1000,0,0,20000,1,1000000000,,8000,0,0,,,,,27000,7000,27000,27,0,,parked,,blocked,27000,8000,27000,27,0,,armed,251000,blocked
251000,1,1,363,1,0,tick,0,0,3,1000,1000000,1000,0,0,200000,0,1000000000,1000000000,,,0,,,,,31000,9000,31000,31,3000000000000,,armed,251000,blocked,31000,9000,31000,31,4000000000000,,armed,252000,blocked
251000,1,2,299,2,2,tick,0,0,3,1000,1000000,1000,0,0,20000,1,1000000000,1000000000,,,0,,,,,27000,8000,27000,27,0,,armed,251000,blocked,27000,8000,27000,27,1000000000000,,armed,252000,blocked
252000,1,1,364,1,0,tick,0,0,3,1000,1000000,1000,0,0,200000,0,1000000000,1000000000,,,0,,,,,31000,9000,31000,31,4000000000000,,armed,252000,blocked,31000,9000,31000,31,5000000000000,,armed,253000,blocked
252000,1,2,300,2,2,tick,0,0,3,1000,1000000,1000,0,0,20000,1,1000000000,1000000000,,,0,,,,,27000,8000,27000,27,1000000000000,,armed,252000,blocked,27000,8000,27000,27,2000000000000,,armed,253000,blocked
253000,1,1,365,1,0,tick,0,0,3,1000,1000000,1000,0,0,200000,0,1000000000,1000000000,,,0,,,,,31000,9000,31000,31,5000000000000,,armed,253000,blocked,31000,9000,31000,31,6000000000000,,armed,254000,blocked
253000,1,2,301,2,2,tick,0,0,3,1000,1000000,1000,0,0,20000,1,1000000000,1000000000,,,0,,,,,27000,8000,27000,27,2000000000000,,armed,253000,blocked,27000,8000,27000,27,3000000000000,,armed,254000,blocked
254000,1,1,366,1,0,tick,0,0,3,1000,1000000,1000,0,0,200000,0,1000000000,1000000000,,,0,,,,,31000,9000,31000,31,6000000000000,,armed,254000,blocked,31000,9000,31000,31,7000000000000,,armed,255000,scheduled
254000,1,2,302,2,2,tick,0,0,3,1000,1000000,1000,0,0,20000,1,1000000000,1000000000,,,0,,,,,27000,8000,27000,27,3000000000000,,armed,254000,blocked,27000,8000,27000,27,4000000000000,,armed,255000,blocked
255000,1,1,367,1,0,tick,0,0,3,1000,1000000,1000,0,0,200000,0,1000000000,1000000000,,,1,31000,1000,0,603,31000,9000,31000,31,7000000000000,,armed,255000,scheduled,32000,9000,32000,32,0,,armed,256000,blocked
255000,1,2,303,2,2,tick,0,0,3,1000,1000000,1000,0,0,20000,1,1000000000,1000000000,,,0,,,,,27000,8000,27000,27,4000000000000,,armed,255000,blocked,27000,8000,27000,27,5000000000000,,armed,256000,blocked
256000,1,1,368,1,0,tick,0,0,3,1000,1000000,1000,0,0,200000,0,1000000000,1000000000,,,0,,,,,32000,9000,32000,32,0,,armed,256000,blocked,32000,9000,32000,32,1000000000000,,armed,257000,blocked
256000,1,2,304,2,2,tick,0,0,3,1000,1000000,1000,0,0,20000,1,1000000000,1000000000,,,0,,,,,27000,8000,27000,27,5000000000000,,armed,256000,blocked,27000,8000,27000,27,6000000000000,,armed,257000,blocked
257000,1,1,370,1,0,tick,0,0,3,1000,1000000,1000,0,0,200000,0,1000000000,1000000000,,,0,,,,,32000,9000,32000,32,1000000000000,,armed,257000,blocked,32000,9000,32000,32,2000000000000,,armed,258000,blocked
257000,1,2,305,2,2,tick,0,0,3,1000,1000000,1000,0,0,20000,1,1000000000,1000000000,,,0,,,,,27000,8000,27000,27,6000000000000,,armed,257000,blocked,27000,8000,27000,27,7000000000000,,armed,258000,scheduled
257536,0,6,47,1,0,ack,0,0,3,1000,1000000,1000,0,0,200000,0,1000000000,,10000,1,0,,,,,32000,9000,32000,32,2000000000000,,armed,258000,blocked,32000,10000,32000,32,2000000000000,,armed,258000,blocked
258000,1,1,373,1,0,tick,0,0,3,1000,1000000,1000,0,0,200000,0,1000000000,1000000000,,,0,,,,,32000,10000,32000,32,2000000000000,,armed,258000,blocked,32000,10000,32000,32,3000000000000,,armed,259000,blocked
258000,1,2,306,2,2,tick,0,0,3,1000,1000000,1000,0,0,20000,1,1000000000,1000000000,,,1,27000,1000,0,394,27000,8000,27000,27,7000000000000,,armed,258000,scheduled,28000,8000,28000,28,0,,armed,259000,blocked
259000,1,1,374,1,0,tick,0,0,3,1000,1000000,1000,0,0,200000,0,1000000000,1000000000,,,0,,,,,32000,10000,32000,32,3000000000000,,armed,259000,blocked,32000,10000,32000,32,4000000000000,,armed,260000,blocked
259000,1,2,307,2,2,tick,0,1,3,1000,1000000,1000,0,0,20000,1,1000000000,,,,0,,,,,28000,8000,28000,28,0,,armed,259000,blocked,28000,8000,28000,28,0,,parked,,blocked
260000,1,1,375,1,0,tick,0,0,3,1000,1000000,1000,0,0,200000,0,1000000000,1000000000,,,0,,,,,32000,10000,32000,32,4000000000000,,armed,260000,blocked,32000,10000,32000,32,5000000000000,,armed,261000,blocked
261000,1,1,376,1,0,tick,0,0,3,1000,1000000,1000,0,0,200000,0,1000000000,1000000000,,,0,,,,,32000,10000,32000,32,5000000000000,,armed,261000,blocked,32000,10000,32000,32,6000000000000,,armed,262000,blocked
262000,1,1,377,1,0,tick,0,0,3,1000,1000000,1000,0,0,200000,0,1000000000,507766842,,,0,,,,,32000,10000,32000,32,6000000000000,,armed,262000,blocked,32000,10000,32000,32,6507766842000,,armed,263000,blocked
263000,1,1,378,1,0,tick,0,0,3,1000,1000000,1000,0,0,200000,0,1000000000,507766842,,,0,,,,,32000,10000,32000,32,6507766842000,,armed,263000,blocked,32000,10000,32000,32,7015533684000,,armed,264000,blocked
264000,1,1,379,1,0,tick,0,0,3,1000,1000000,1000,0,0,200000,0,1000000000,507766842,,,0,,,,,32000,10000,32000,32,7015533684000,,armed,264000,blocked,32000,10000,32000,32,7523300526000,,armed,265000,scheduled
265000,1,1,381,1,0,tick,0,0,3,1000,1000000,1000,0,0,200000,0,1000000000,507766842,,,1,32000,1000,0,617,32000,10000,32000,32,7523300526000,,armed,265000,scheduled,33000,10000,33000,33,31067368000,,armed,266000,blocked
266000,1,1,384,1,0,tick,0,0,3,1000,1000000,1000,0,0,200000,0,1000000000,507766842,,,0,,,,,33000,10000,33000,33,31067368000,,armed,266000,blocked,33000,10000,33000,33,538834210000,,armed,267000,blocked
266560,0,12,20,3,3,ack,0,0,3,1000,1000000,1000,0,0,8000,1,1000000000,,7000,1,0,,,,,14000,6000,14000,14,0,,parked,,blocked,14000,7000,14000,14,0,,armed,267000,blocked
267000,1,1,385,1,0,tick,0,0,3,1000,1000000,1000,0,0,200000,0,1000000000,507766842,,,0,,,,,33000,10000,33000,33,538834210000,,armed,267000,blocked,33000,10000,33000,33,1046601052000,,armed,268000,blocked
267000,1,3,161,3,3,tick,0,0,3,1000,1000000,1000,0,0,8000,1,1000000000,1000000000,,,0,,,,,14000,7000,14000,14,0,,armed,267000,blocked,14000,7000,14000,14,1000000000000,,armed,268000,blocked
268000,1,1,386,1,0,tick,0,0,3,1000,1000000,1000,0,0,200000,0,1000000000,507766842,,,0,,,,,33000,10000,33000,33,1046601052000,,armed,268000,blocked,33000,10000,33000,33,1554367894000,,armed,269000,blocked
268000,1,3,162,3,3,tick,0,0,3,1000,1000000,1000,0,0,8000,1,1000000000,1000000000,,,0,,,,,14000,7000,14000,14,1000000000000,,armed,268000,blocked,14000,7000,14000,14,2000000000000,,armed,269000,blocked
269000,1,1,387,1,0,tick,0,0,3,1000,1000000,1000,0,0,200000,0,1000000000,507766842,,,0,,,,,33000,10000,33000,33,1554367894000,,armed,269000,blocked,33000,10000,33000,33,2062134736000,,armed,270000,blocked
269000,1,3,163,3,3,tick,0,0,3,1000,1000000,1000,0,0,8000,1,1000000000,1000000000,,,0,,,,,14000,7000,14000,14,2000000000000,,armed,269000,blocked,14000,7000,14000,14,3000000000000,,armed,270000,blocked
270000,1,1,388,1,0,tick,0,0,3,1000,1000000,1000,0,0,200000,0,1000000000,507766842,,,0,,,,,33000,10000,33000,33,2062134736000,,armed,270000,blocked,33000,10000,33000,33,2569901578000,,armed,271000,blocked
270000,1,3,164,3,3,tick,0,0,3,1000,1000000,1000,0,0,8000,1,1000000000,1000000000,,,0,,,,,14000,7000,14000,14,3000000000000,,armed,270000,blocked,14000,7000,14000,14,4000000000000,,armed,271000,blocked
271000,1,1,389,1,0,tick,0,0,3,1000,1000000,1000,0,0,200000,0,1000000000,507766842,,,0,,,,,33000,10000,33000,33,2569901578000,,armed,271000,blocked,33000,10000,33000,33,3077668420000,,armed,272000,blocked
271000,1,3,165,3,3,tick,0,1,3,1000,1000000,1000,0,0,8000,1,1000000000,,,,0,,,,,14000,7000,14000,14,4000000000000,,armed,271000,blocked,14000,7000,14000,14,4000000000000,,parked,,blocked
272000,1,1,390,1,0,tick,0,0,3,1000,1000000,1000,0,0,200000,0,1000000000,507766842,,,0,,,,,33000,10000,33000,33,3077668420000,,armed,272000,blocked,33000,10000,33000,33,3585435262000,,armed,273000,blocked
273000,1,1,392,1,0,tick,0,0,3,1000,1000000,1000,0,0,200000,0,1000000000,507766842,,,0,,,,,33000,10000,33000,33,3585435262000,,armed,273000,blocked,33000,10000,33000,33,4093202104000,,armed,274000,blocked
273536,0,6,50,1,0,ack,0,0,3,1000,1000000,1000,0,0,200000,0,1000000000,,11000,1,0,,,,,33000,10000,33000,33,4093202104000,,armed,274000,blocked,33000,11000,33000,33,4093202104000,,armed,274000,blocked
274000,1,1,395,1,0,tick,0,0,3,1000,1000000,1000,0,0,200000,0,1000000000,268302895,,,0,,,,,33000,11000,33000,33,4093202104000,,armed,274000,blocked,33000,11000,33000,33,4361504999000,,armed,275000,blocked
275000,1,1,396,1,0,tick,0,0,3,1000,1000000,1000,0,0,200000,0,1000000000,268302895,,,0,,,,,33000,11000,33000,33,4361504999000,,armed,275000,blocked,33000,11000,33000,33,4629807894000,,armed,276000,blocked
276000,1,1,397,1,0,tick,0,0,3,1000,1000000,1000,0,0,200000,0,1000000000,268302895,,,0,,,,,33000,11000,33000,33,4629807894000,,armed,276000,blocked,33000,11000,33000,33,4898110789000,,armed,277000,blocked
277000,1,1,398,1,0,tick,0,0,3,1000,1000000,1000,0,0,200000,0,1000000000,268302895,,,0,,,,,33000,11000,33000,33,4898110789000,,armed,277000,blocked,33000,11000,33000,33,5166413684000,,armed,278000,blocked
278000,1,1,399,1,0,tick,0,0,3,1000,1000000,1000,0,0,200000,0,1000000000,268302895,,,0,,,,,33000,11000,33000,33,5166413684000,,armed,278000,blocked,33000,11000,33000,33,5434716579000,,armed,279000,blocked
279000,1,1,400,1,0,tick,0,0,3,1000,1000000,1000,0,0,200000,0,1000000000,268302895,,,0,,,,,33000,11000,33000,33,5434716579000,,armed,279000,blocked,33000,11000,33000,33,5703019474000,,armed,280000,blocked
280000,1,1,401,1,0,tick,0,0,3,1000,1000000,1000,0,0,200000,0,1000000000,268302895,,,0,,,,,33000,11000,33000,33,5703019474000,,armed,280000,blocked,33000,11000,33000,33,5971322369000,,armed,281000,blocked
281000,1,1,403,1,0,tick,0,0,3,1000,1000000,1000,0,0,200000,0,1000000000,268302895,,,0,,,,,33000,11000,33000,33,5971322369000,,armed,281000,blocked,33000,11000,33000,33,6239625264000,,armed,282000,blocked
282000,1,1,406,1,0,tick,0,0,3,1000,1000000,1000,0,0,200000,0,1000000000,268302895,,,0,,,,,33000,11000,33000,33,6239625264000,,armed,282000,blocked,33000,11000,33000,33,6507928159000,,armed,283000,blocked
282048,0,9,26,2,2,ack,0,0,3,1000,1000000,1000,0,0,20000,1,1000000000,,9000,1,0,,,,,28000,8000,28000,28,0,,parked,,blocked,28000,9000,28000,28,0,,armed,283000,blocked
283000,1,1,407,1,0,tick,0,0,3,1000,1000000,1000,0,0,200000,0,1000000000,268302895,,,0,,,,,33000,11000,33000,33,6507928159000,,armed,283000,blocked,33000,11000,33000,33,6776231054000,,armed,284000,blocked
283000,1,2,311,2,2,tick,0,0,3,1000,1000000,1000,0,0,20000,1,1000000000,1000000000,,,0,,,,,28000,9000,28000,28,0,,armed,283000,blocked,28000,9000,28000,28,1000000000000,,armed,284000,blocked
284000,1,1,408,1,0,tick,0,0,3,1000,1000000,1000,0,0,200000,0,1000000000,268302895,,,0,,,,,33000,11000,33000,33,6776231054000,,armed,284000,blocked,33000,11000,33000,33,7044533949000,,armed,285000,blocked
284000,1,2,312,2,2,tick,0,0,3,1000,1000000,1000,0,0,20000,1,1000000000,1000000000,,,0,,,,,28000,9000,28000,28,1000000000000,,armed,284000,blocked,28000,9000,28000,28,2000000000000,,armed,285000,blocked
285000,1,1,409,1,0,tick,0,0,3,1000,1000000,1000,0,0,200000,0,1000000000,268302895,,,0,,,,,33000,11000,33000,33,7044533949000,,armed,285000,blocked,33000,11000,33000,33,7312836844000,,armed,286000,blocked
285000,1,2,313,2,2,tick,0,0,3,1000,1000000,1000,0,0,20000,1,1000000000,1000000000,,,0,,,,,28000,9000,28000,28,2000000000000,,armed,285000,blocked,28000,9000,28000,28,3000000000000,,armed,286000,blocked
286000,1,1,410,1,0,tick,0,0,3,1000,1000000,1000,0,0,200000,0,1000000000,268302895,,,0,,,,,33000,11000,33000,33,7312836844000,,armed,286000,blocked,33000,11000,33000,33,7581139739000,,armed,287000,blocked
286000,1,2,314,2,2,tick,0,0,3,1000,1000000,1000,0,0,20000,1,1000000000,1000000000,,,0,,,,,28000,9000,28000,28,3000000000000,,armed,286000,blocked,28000,9000,28000,28,4000000000000,,armed,287000,blocked
287000,1,1,411,1,0,tick,0,0,3,1000,1000000,1000,0,0,200000,0,1000000000,268302895,,,0,,,,,33000,11000,33000,33,7581139739000,,armed,287000,blocked,33000,11000,33000,33,7849442634000,,armed,288000,scheduled
287000,1,2,315,2,2,tick,0,1,3,1000,1000000,1000,0,0,20000,1,1000000000,,,,0,,,,,28000,9000,28000,28,4000000000000,,armed,287000,blocked,28000,9000,28000,28,4000000000000,,parked,,blocked
288000,1,1,412,1,0,tick,0,0,3,1000,1000000,1000,0,0,200000,0,1000000000,268302895,,,1,33000,1000,0,631,33000,11000,33000,33,7849442634000,,armed,288000,scheduled,34000,11000,34000,34,117745529000,,armed,289000,blocked
289000,1,1,414,1,0,tick,0,0,3,1000,1000000,1000,0,0,200000,0,1000000000,268302895,,,0,,,,,34000,11000,34000,34,117745529000,,armed,289000,blocked,34000,11000,34000,34,386048424000,,armed,290000,blocked
289536,0,6,53,1,1,ack,0,0,3,1000,1000000,8000,0,0,4000,0,1000000000,,7000,1,0,,,,,10000,6000,10000,10,0,,parked,,blocked,10000,7000,10000,10,0,,armed,296000,scheduled
290000,1,1,417,1,0,tick,0,0,3,1000,1000000,1000,0,0,200000,0,1000000000,268302895,,,0,,,,,34000,11000,34000,34,386048424000,,armed,290000,blocked,34000,11000,34000,34,654351319000,,armed,291000,blocked
291000,1,1,419,1,0,tick,0,0,3,1000,1000000,1000,0,0,200000,0,1000000000,268302895,,,0,,,,,34000,11000,34000,34,654351319000,,armed,291000,blocked,34000,11000,34000,34,922654214000,,armed,292000,blocked
292000,1,1,420,1,0,tick,0,0,3,1000,1000000,1000,0,0,200000,0,1000000000,268302895,,,0,,,,,34000,11000,34000,34,922654214000,,armed,292000,blocked,34000,11000,34000,34,1190957109000,,armed,293000,blocked
293000,1,1,421,1,0,tick,0,0,3,1000,1000000,1000,0,0,200000,0,1000000000,268302895,,,0,,,,,34000,11000,34000,34,1190957109000,,armed,293000,blocked,34000,11000,34000,34,1459260004000,,armed,294000,blocked
294000,1,1,422,1,0,tick,0,0,3,1000,1000000,1000,0,0,200000,0,1000000000,268302895,,,0,,,,,34000,11000,34000,34,1459260004000,,armed,294000,blocked,34000,11000,34000,34,1727562899000,,armed,295000,blocked
295000,1,1,423,1,0,tick,0,0,3,1000,1000000,1000,0,0,200000,0,1000000000,268302895,,,0,,,,,34000,11000,34000,34,1727562899000,,armed,295000,blocked,34000,11000,34000,34,1995865794000,,armed,296000,blocked
296000,1,1,418,1,1,tick,0,0,3,1000,1000000,8000,0,0,4000,0,1000000000,507766842,,,0,,,,,10000,7000,10000,10,0,,armed,296000,scheduled,10000,7000,10000,10,4062134736000,,armed,304000,scheduled
296000,1,1,424,1,0,tick,0,0,3,1000,1000000,1000,0,0,200000,0,1000000000,268302895,,,0,,,,,34000,11000,34000,34,1995865794000,,armed,296000,blocked,34000,11000,34000,34,2264168689000,,armed,297000,blocked
297000,1,1,427,1,0,tick,0,0,3,1000,1000000,1000,0,0,200000,0,1000000000,268302895,,,0,,,,,34000,11000,34000,34,2264168689000,,armed,297000,blocked,34000,11000,34000,34,2532471584000,,armed,298000,blocked
298000,1,1,430,1,0,tick,0,0,3,1000,1000000,1000,0,0,200000,0,1000000000,268302895,,,0,,,,,34000,11000,34000,34,2532471584000,,armed,298000,blocked,34000,11000,34000,34,2800774479000,,armed,299000,blocked
298560,0,12,23,3,3,ack,0,0,3,1000,1000000,1000,0,0,8000,1,1000000000,,8000,1,0,,,,,14000,7000,14000,14,4000000000000,,parked,,blocked,14000,8000,14000,14,4000000000000,,armed,299000,blocked
299000,1,1,431,1,0,tick,0,0,3,1000,1000000,1000,0,0,200000,0,1000000000,268302895,,,0,,,,,34000,11000,34000,34,2800774479000,,armed,299000,blocked,34000,11000,34000,34,3069077374000,,armed,300000,blocked
299000,1,3,166,3,3,tick,0,1,3,1000,1000000,1000,0,0,8000,1,1000000000,,,,0,,,,,14000,8000,14000,14,4000000000000,,armed,299000,blocked,14000,8000,14000,14,4000000000000,,parked,,blocked
300000,1,1,432,1,0,tick,0,0,3,1000,1000000,1000,0,0,200000,0,1000000000,268302895,,,0,,,,,34000,11000,34000,34,3069077374000,,armed,300000,blocked,34000,11000,34000,34,3337380269000,,armed,301000,blocked
301000,1,1,433,1,0,tick,0,0,3,1000,1000000,1000,0,0,200000,0,1000000000,268302895,,,0,,,,,34000,11000,34000,34,3337380269000,,armed,301000,blocked,34000,11000,34000,34,3605683164000,,armed,302000,blocked
302000,1,1,434,1,0,tick,0,0,3,1000,1000000,1000,0,0,200000,0,1000000000,268302895,,,0,,,,,34000,11000,34000,34,3605683164000,,armed,302000,blocked,34000,11000,34000,34,3873986059000,,armed,303000,blocked
303000,1,1,435,1,0,tick,0,0,3,1000,1000000,1000,0,0,200000,0,1000000000,268302895,,,0,,,,,34000,11000,34000,34,3873986059000,,armed,303000,blocked,34000,11000,34000,34,4142288954000,,armed,304000,blocked
304000,1,1,426,1,1,tick,0,0,3,1000,1000000,8000,0,0,4000,0,1000000000,507766842,,,1,10000,1000,0,645,10000,7000,10000,10,4062134736000,,armed,304000,scheduled,11000,7000,11000,11,124269472000,,armed,312000,blocked
304000,1,1,436,1,0,tick,0,0,3,1000,1000000,1000,0,0,200000,0,1000000000,268302895,,,0,,,,,34000,11000,34000,34,4142288954000,,armed,304000,blocked,34000,11000,34000,34,4410591849000,,armed,305000,blocked
305000,1,1,439,1,0,tick,0,0,3,1000,1000000,1000,0,0,200000,0,1000000000,268302895,,,0,,,,,34000,11000,34000,34,4410591849000,,armed,305000,blocked,34000,11000,34000,34,4678894744000,,armed,306000,blocked
305536,0,6,56,1,0,ack,0,0,3,1000,1000000,1000,0,0,200000,0,1000000000,,12000,1,0,,,,,34000,11000,34000,34,4678894744000,,armed,306000,blocked,34000,12000,34000,34,4678894744000,,armed,306000,blocked
306000,1,1,442,1,0,tick,0,0,3,1000,1000000,1000,0,0,200000,0,1000000000,156141896,,,0,,,,,34000,12000,34000,34,4678894744000,,armed,306000,blocked,34000,12000,34000,34,4835036640000,,armed,307000,blocked
307000,1,1,443,1,0,tick,0,0,3,1000,1000000,1000,0,0,200000,0,1000000000,156141896,,,0,,,,,34000,12000,34000,34,4835036640000,,armed,307000,blocked,34000,12000,34000,34,4991178536000,,armed,308000,blocked
308000,1,1,444,1,0,tick,0,0,3,1000,1000000,1000,0,0,200000,0,1000000000,156141896,,,0,,,,,34000,12000,34000,34,4991178536000,,armed,308000,blocked,34000,12000,34000,34,5147320432000,,armed,309000,blocked
309000,1,1,445,1,0,tick,0,0,3,1000,1000000,1000,0,0,200000,0,1000000000,156141896,,,0,,,,,34000,12000,34000,34,5147320432000,,armed,309000,blocked,34000,12000,34000,34,5303462328000,,armed,310000,blocked
310000,1,1,446,1,0,tick,0,0,3,1000,1000000,1000,0,0,200000,0,1000000000,156141896,,,0,,,,,34000,12000,34000,34,5303462328000,,armed,310000,blocked,34000,12000,34000,34,5459604224000,,armed,311000,blocked
311000,1,1,447,1,0,tick,0,0,3,1000,1000000,1000,0,0,200000,0,1000000000,156141896,,,0,,,,,34000,12000,34000,34,5459604224000,,armed,311000,blocked,34000,12000,34000,34,5615746120000,,armed,312000,blocked
312000,1,1,437,1,1,tick,0,1,3,1000,1000000,8000,0,0,4000,0,1000000000,,,,0,,,,,11000,7000,11000,11,124269472000,,armed,312000,blocked,11000,7000,11000,11,124269472000,,parked,,blocked
312000,1,1,448,1,0,tick,0,0,3,1000,1000000,1000,0,0,200000,0,1000000000,156141896,,,0,,,,,34000,12000,34000,34,5615746120000,,armed,312000,blocked,34000,12000,34000,34,5771888016000,,armed,313000,blocked
313000,1,1,450,1,0,tick,0,0,3,1000,1000000,1000,0,0,200000,0,1000000000,156141896,,,0,,,,,34000,12000,34000,34,5771888016000,,armed,313000,blocked,34000,12000,34000,34,5928029912000,,armed,314000,blocked
314000,1,1,453,1,0,tick,0,0,3,1000,1000000,1000,0,0,200000,0,1000000000,156141896,,,0,,,,,34000,12000,34000,34,5928029912000,,armed,314000,blocked,34000,12000,34000,34,6084171808000,,armed,315000,blocked
314048,0,9,29,2,2,ack,0,0,3,1000,1000000,1000,0,0,20000,1,1000000000,,10000,1,0,,,,,28000,9000,28000,28,4000000000000,,parked,,blocked,28000,10000,28000,28,4000000000000,,armed,315000,blocked
315000,1,1,454,1,0,tick,0,0,3,1000,1000000,1000,0,0,200000,0,1000000000,156141896,,,0,,,,,34000,12000,34000,34,6084171808000,,armed,315000,blocked,34000,12000,34000,34,6240313704000,,armed,316000,blocked
315000,1,2,316,2,2,tick,0,1,3,1000,1000000,1000,0,0,20000,1,1000000000,,,,0,,,,,28000,10000,28000,28,4000000000000,,armed,315000,blocked,28000,10000,28000,28,4000000000000,,parked,,blocked
316000,1,1,455,1,0,tick,0,0,3,1000,1000000,1000,0,0,200000,0,1000000000,156141896,,,0,,,,,34000,12000,34000,34,6240313704000,,armed,316000,blocked,34000,12000,34000,34,6396455600000,,armed,317000,blocked
317000,1,1,456,1,0,tick,0,0,3,1000,1000000,1000,0,0,200000,0,1000000000,156141896,,,0,,,,,34000,12000,34000,34,6396455600000,,armed,317000,blocked,34000,12000,34000,34,6552597496000,,armed,318000,blocked
318000,1,1,457,1,0,tick,0,0,3,1000,1000000,1000,0,0,200000,0,1000000000,156141896,,,0,,,,,34000,12000,34000,34,6552597496000,,armed,318000,blocked,34000,12000,34000,34,6708739392000,,armed,319000,blocked
319000,1,1,458,1,0,tick,0,0,3,1000,1000000,1000,0,0,200000,0,1000000000,156141896,,,0,,,,,34000,12000,34000,34,6708739392000,,armed,319000,blocked,34000,12000,34000,34,6864881288000,,armed,320000,blocked
320000,1,1,459,1,0,tick,0,0,3,1000,1000000,1000,0,0,200000,0,1000000000,156141896,,,0,,,,,34000,12000,34000,34,6864881288000,,armed,320000,blocked,34000,12000,34000,34,7021023184000,,armed,321000,blocked
321000,1,1,461,1,0,tick,1,0,3,1000,1000000,1000,0,0,200000,0,1000000000,,,,0,,,,,34000,12000,34000,34,7021023184000,,armed,321000,blocked,34000,12000,34000,34,7021023184000,,parked,,blocked
321536,0,6,59,1,0,ack,0,0,3,1000,1000000,1000,0,0,200000,0,1000000000,,13000,1,0,,,,,34000,12000,34000,34,7021023184000,,parked,,blocked,34000,13000,34000,34,7021023184000,,armed,322000,blocked
322000,1,1,464,1,0,tick,1,0,3,1000,1000000,1000,0,0,200000,0,1000000000,,,,0,,,,,34000,13000,34000,34,7021023184000,,armed,322000,blocked,34000,13000,34000,34,7021023184000,,parked,,blocked
330048,0,9,32,2,2,ack,0,0,3,1000,1000000,1000,0,0,20000,1,1000000000,,11000,1,0,,,,,28000,10000,28000,28,4000000000000,,parked,,blocked,28000,11000,28000,28,4000000000000,,armed,331000,blocked
331000,1,2,317,2,2,tick,0,1,3,1000,1000000,1000,0,0,20000,1,1000000000,,,,0,,,,,28000,11000,28000,28,4000000000000,,armed,331000,blocked,28000,11000,28000,28,4000000000000,,parked,,blocked
337536,0,6,62,1,0,ack,0,0,3,1000,1000000,1000,0,0,200000,0,1000000000,,14000,1,0,,,,,34000,13000,34000,34,7021023184000,,parked,,blocked,34000,14000,34000,34,7021023184000,,armed,338000,blocked
338000,1,1,465,1,0,tick,1,0,3,1000,1000000,1000,0,0,200000,0,1000000000,,,,0,,,,,34000,14000,34000,34,7021023184000,,armed,338000,blocked,34000,14000,34000,34,7021023184000,,parked,,blocked
346560,0,12,26,3,3,ack,0,0,3,1000,1000000,1000,0,0,8000,1,1000000000,,9000,1,0,,,,,14000,8000,14000,14,4000000000000,,parked,,blocked,14000,9000,14000,14,4000000000000,,armed,347000,blocked
347000,1,3,167,3,3,tick,0,1,3,1000,1000000,1000,0,0,8000,1,1000000000,,,,0,,,,,14000,9000,14000,14,4000000000000,,armed,347000,blocked,14000,9000,14000,14,4000000000000,,parked,,blocked
352512,0,7,132,1,0,resume,0,0,3,1000,1000000,1000,0,0,200000,0,1000000000,,,,0,,,,,34000,14000,34000,34,7021023184000,,parked,,blocked,34000,14000,34000,34,7021023184000,,armed,353000,blocked
353000,1,1,467,1,0,tick,0,0,3,1000,1000000,1000,0,0,200000,0,1000000000,59304036,,,0,,,,,34000,14000,34000,34,7021023184000,,armed,353000,blocked,34000,14000,34000,34,7080327220000,,armed,354000,blocked
353536,0,6,65,1,0,ack,0,0,3,1000,1000000,1000,0,0,200000,0,1000000000,,15000,1,0,,,,,34000,14000,34000,34,7080327220000,,armed,354000,blocked,34000,15000,34000,34,7080327220000,,armed,354000,blocked
354000,1,1,470,1,0,tick,0,0,3,1000,1000000,1000,0,0,200000,0,1000000000,38431983,,,0,,,,,34000,15000,34000,34,7080327220000,,armed,354000,blocked,34000,15000,34000,34,7118759203000,,armed,355000,blocked
355000,1,1,471,1,0,tick,0,0,3,1000,1000000,1000,0,0,200000,0,1000000000,38431983,,,0,,,,,34000,15000,34000,34,7118759203000,,armed,355000,blocked,34000,15000,34000,34,7157191186000,,armed,356000,blocked
356000,1,1,472,1,0,tick,0,0,3,1000,1000000,1000,0,0,200000,0,1000000000,38431983,,,0,,,,,34000,15000,34000,34,7157191186000,,armed,356000,blocked,34000,15000,34000,34,7195623169000,,armed,357000,blocked
357000,1,1,473,1,0,tick,0,0,3,1000,1000000,1000,0,0,200000,0,1000000000,38431983,,,0,,,,,34000,15000,34000,34,7195623169000,,armed,357000,blocked,34000,15000,34000,34,7234055152000,,armed,358000,blocked
358000,1,1,474,1,0,tick,0,0,3,1000,1000000,1000,0,0,200000,0,1000000000,38431983,,,0,,,,,34000,15000,34000,34,7234055152000,,armed,358000,blocked,34000,15000,34000,34,7272487135000,,armed,359000,blocked
359000,1,1,475,1,0,tick,0,0,3,1000,1000000,1000,0,0,200000,0,1000000000,38431983,,,0,,,,,34000,15000,34000,34,7272487135000,,armed,359000,blocked,34000,15000,34000,34,7310919118000,,armed,360000,blocked
360000,1,1,476,1,0,tick,0,0,3,1000,1000000,1000,0,0,200000,0,1000000000,38431983,,,0,,,,,34000,15000,34000,34,7310919118000,,armed,360000,blocked,34000,15000,34000,34,7349351101000,,armed,361000,blocked
361000,1,1,477,1,0,tick,0,0,3,1000,1000000,1000,0,0,200000,0,1000000000,38431983,,,0,,,,,34000,15000,34000,34,7349351101000,,armed,361000,blocked,34000,15000,34000,34,7387783084000,,armed,362000,blocked
362000,1,1,481,1,0,tick,0,0,3,1000,1000000,1000,0,0,200000,0,1000000000,38431983,,,0,,,,,34000,15000,34000,34,7387783084000,,armed,362000,blocked,34000,15000,34000,34,7426215067000,,armed,363000,blocked
362048,0,9,35,2,2,ack,0,0,3,1000,1000000,1000,0,0,20000,1,1000000000,,12000,1,0,,,,,28000,11000,28000,28,4000000000000,,parked,,blocked,28000,12000,28000,28,4000000000000,,armed,363000,blocked
363000,1,1,482,1,0,tick,0,0,3,1000,1000000,1000,0,0,200000,0,1000000000,38431983,,,0,,,,,34000,15000,34000,34,7426215067000,,armed,363000,blocked,34000,15000,34000,34,7464647050000,,armed,364000,blocked
363000,1,2,318,2,2,tick,0,1,3,1000,1000000,1000,0,0,20000,1,1000000000,,,,0,,,,,28000,12000,28000,28,4000000000000,,armed,363000,blocked,28000,12000,28000,28,4000000000000,,parked,,blocked
364000,1,1,483,1,0,tick,0,0,3,1000,1000000,1000,0,0,200000,0,1000000000,38431983,,,0,,,,,34000,15000,34000,34,7464647050000,,armed,364000,blocked,34000,15000,34000,34,7503079033000,,armed,365000,blocked
365000,1,1,484,1,0,tick,0,0,3,1000,1000000,1000,0,0,200000,0,1000000000,38431983,,,0,,,,,34000,15000,34000,34,7503079033000,,armed,365000,blocked,34000,15000,34000,34,7541511016000,,armed,366000,blocked
366000,1,1,485,1,0,tick,0,0,3,1000,1000000,1000,0,0,200000,0,1000000000,38431983,,,0,,,,,34000,15000,34000,34,7541511016000,,armed,366000,blocked,34000,15000,34000,34,7579942999000,,armed,367000,blocked
367000,1,1,486,1,0,tick,0,0,3,1000,1000000,1000,0,0,200000,0,1000000000,38431983,,,0,,,,,34000,15000,34000,34,7579942999000,,armed,367000,blocked,34000,15000,34000,34,7618374982000,,armed,368000,blocked
368000,1,1,487,1,0,tick,0,0,3,1000,1000000,1000,0,0,200000,0,1000000000,38431983,,,0,,,,,34000,15000,34000,34,7618374982000,,armed,368000,blocked,34000,15000,34000,34,7656806965000,,armed,369000,blocked
369000,1,1,488,1,0,tick,0,0,3,1000,1000000,1000,0,0,200000,0,1000000000,38431983,,,0,,,,,34000,15000,34000,34,7656806965000,,armed,369000,blocked,34000,15000,34000,34,7695238948000,,armed,370000,blocked
369536,0,6,68,1,1,ack,0,0,3,1000,1000000,8000,0,0,4000,0,1000000000,,8000,1,0,,,,,11000,7000,11000,11,124269472000,,parked,,blocked,11000,8000,11000,11,124269472000,,armed,376000,blocked
370000,1,1,492,1,0,tick,0,0,3,1000,1000000,1000,0,0,200000,0,1000000000,38431983,,,0,,,,,34000,15000,34000,34,7695238948000,,armed,370000,blocked,34000,15000,34000,34,7733670931000,,armed,371000,blocked
371000,1,1,494,1,0,tick,0,0,3,1000,1000000,1000,0,0,200000,0,1000000000,38431983,,,0,,,,,34000,15000,34000,34,7733670931000,,armed,371000,blocked,34000,15000,34000,34,7772102914000,,armed,372000,blocked
372000,1,1,495,1,0,tick,0,0,3,1000,1000000,1000,0,0,200000,0,1000000000,38431983,,,0,,,,,34000,15000,34000,34,7772102914000,,armed,372000,blocked,34000,15000,34000,34,7810534897000,,armed,373000,blocked
373000,1,1,496,1,0,tick,0,0,3,1000,1000000,1000,0,0,200000,0,1000000000,38431983,,,0,,,,,34000,15000,34000,34,7810534897000,,armed,373000,blocked,34000,15000,34000,34,7848966880000,,armed,374000,blocked
374000,1,1,497,1,0,tick,0,0,3,1000,1000000,1000,0,0,200000,0,1000000000,38431983,,,0,,,,,34000,15000,34000,34,7848966880000,,armed,374000,blocked,34000,15000,34000,34,7887398863000,,armed,375000,blocked
375000,1,1,498,1,0,tick,0,0,3,1000,1000000,1000,0,0,200000,0,1000000000,38431983,,,0,,,,,34000,15000,34000,34,7887398863000,,armed,375000,blocked,34000,15000,34000,34,7925830846000,,armed,376000,blocked
376000,1,1,493,1,1,tick,0,0,3,1000,1000000,8000,0,0,4000,0,1000000000,476803254,,,0,,,,,11000,8000,11000,11,124269472000,,armed,376000,blocked,11000,8000,11000,11,3938695504000,,armed,384000,blocked
376000,1,1,499,1,0,tick,0,0,3,1000,1000000,1000,0,0,200000,0,1000000000,38431983,,,0,,,,,34000,15000,34000,34,7925830846000,,armed,376000,blocked,34000,15000,34000,34,7964262829000,,armed,377000,scheduled
377000,1,1,501,1,0,tick,0,0,3,1000,1000000,1000,0,0,200000,0,1000000000,38431983,,,1,34000,1000,0,659,34000,15000,34000,34,7964262829000,,armed,377000,scheduled,35000,15000,35000,35,2694812000,,armed,378000,blocked
378000,1,1,505,1,0,tick,1,0,3,1000,1000000,1000,0,0,200000,0,1000000000,,,,0,,,,,35000,15000,35000,35,2694812000,,armed,378000,blocked,35000,15000,35000,35,2694812000,,parked,,blocked
378048,0,9,38,2,2,ack,0,0,3,1000,1000000,1000,0,0,20000,1,1000000000,,13000,1,0,,,,,28000,12000,28000,28,4000000000000,,parked,,blocked,28000,13000,28000,28,4000000000000,,armed,379000,blocked
379000,1,2,319,2,2,tick,0,1,3,1000,1000000,1000,0,0,20000,1,1000000000,,,,0,,,,,28000,13000,28000,28,4000000000000,,armed,379000,blocked,28000,13000,28000,28,4000000000000,,parked,,blocked
384000,1,1,500,1,1,tick,1,0,3,1000,1000000,8000,0,0,4000,0,1000000000,,,,0,,,,,11000,8000,11000,11,3938695504000,,armed,384000,blocked,11000,8000,11000,11,3938695504000,,parked,,blocked
385536,0,6,71,1,0,ack,0,0,3,1000,1000000,1000,0,0,200000,0,1000000000,,16000,1,0,,,,,35000,15000,35000,35,2694812000,,parked,,blocked,35000,16000,35000,35,2694812000,,armed,386000,blocked
386000,1,1,506,1,0,tick,1,0,3,1000,1000000,1000,0,0,200000,0,1000000000,,,,0,,,,,35000,16000,35000,35,2694812000,,armed,386000,blocked,35000,16000,35000,35,2694812000,,parked,,blocked
394048,0,9,41,2,2,ack,0,0,3,1000,1000000,1000,0,0,20000,1,1000000000,,14000,1,0,,,,,28000,13000,28000,28,4000000000000,,parked,,blocked,28000,14000,28000,28,4000000000000,,armed,395000,blocked
395000,1,2,320,2,2,tick,0,1,3,1000,1000000,1000,0,0,20000,1,1000000000,,,,0,,,,,28000,14000,28000,28,4000000000000,,armed,395000,blocked,28000,14000,28000,28,4000000000000,,parked,,blocked
