time_ns,event_phase,event_origin_node,event_origin_sequence,node_id,flow_id,kind,class_paused,window_blocked,data_class,mtu_bytes,total_bytes,pacing_interval_ns,first_pacing_time_ns,rto_ns,window_bytes,variable_window,maximum_rate_bps,initial_rate_bps,rate_bps,input_acknowledgment,input_ce_echo,emitted,emitted_psn,emitted_bytes,emitted_retransmission,emitted_payload,before_next_psn,before_snd_una,before_bytes_emitted,before_packets_emitted,before_credit_quanta,before_rto_deadline_ns,before_pacer,before_next_tick_ns,before_status,after_next_psn,after_snd_una,after_bytes_emitted,after_packets_emitted,after_credit_quanta,after_rto_deadline_ns,after_pacer,after_next_tick_ns,after_status
0,1,1,0,1,0,tick,0,0,3,1000,1000000,1000,0,0,0,0,1000000000,1000000000,1000000000,,,0,,,,,0,0,0,0,0,,armed,0,blocked,0,0,0,0,1000000000000,,armed,1000,blocked
0,1,2,0,2,1,tick,0,0,3,1000,1000000,1000,0,0,0,0,1000000000,1000000000,1000000000,,,0,,,,,0,0,0,0,0,,armed,0,blocked,0,0,0,0,1000000000000,,armed,1000,blocked
0,1,3,0,3,2,tick,0,0,3,1000,1000000,1000,0,0,0,0,1000000000,1000000000,1000000000,,,0,,,,,0,0,0,0,0,,armed,0,blocked,0,0,0,0,1000000000000,,armed,1000,blocked
1000,1,1,1,1,0,tick,0,0,3,1000,1000000,1000,0,0,0,0,1000000000,1000000000,1000000000,,,0,,,,,0,0,0,0,1000000000000,,armed,1000,blocked,0,0,0,0,2000000000000,,armed,2000,blocked
1000,1,2,1,2,1,tick,0,0,3,1000,1000000,1000,0,0,0,0,1000000000,1000000000,1000000000,,,0,,,,,0,0,0,0,1000000000000,,armed,1000,blocked,0,0,0,0,2000000000000,,armed,2000,blocked
1000,1,3,1,3,2,tick,0,0,3,1000,1000000,1000,0,0,0,0,1000000000,1000000000,1000000000,,,0,,,,,0,0,0,0,1000000000000,,armed,1000,blocked,0,0,0,0,2000000000000,,armed,2000,blocked
2000,1,1,2,1,0,tick,0,0,3,1000,1000000,1000,0,0,0,0,1000000000,1000000000,1000000000,,,0,,,,,0,0,0,0,2000000000000,,armed,2000,blocked,0,0,0,0,3000000000000,,armed,3000,blocked
2000,1,2,2,2,1,tick,0,0,3,1000,1000000,1000,0,0,0,0,1000000000,1000000000,1000000000,,,0,,,,,0,0,0,0,2000000000000,,armed,2000,blocked,0,0,0,0,3000000000000,,armed,3000,blocked
2000,1,3,2,3,2,tick,0,0,3,1000,1000000,1000,0,0,0,0,1000000000,1000000000,1000000000,,,0,,,,,0,0,0,0,2000000000000,,armed,2000,blocked,0,0,0,0,3000000000000,,armed,3000,blocked
3000,1,1,3,1,0,tick,0,0,3,1000,1000000,1000,0,0,0,0,1000000000,1000000000,1000000000,,,0,,,,,0,0,0,0,3000000000000,,armed,3000,blocked,0,0,0,0,4000000000000,,armed,4000,blocked
3000,1,2,3,2,1,tick,0,0,3,1000,1000000,1000,0,0,0,0,1000000000,1000000000,1000000000,,,0,,,,,0,0,0,0,3000000000000,,armed,3000,blocked,0,0,0,0,4000000000000,,armed,4000,blocked
3000,1,3,3,3,2,tick,0,0,3,1000,1000000,1000,0,0,0,0,1000000000,1000000000,1000000000,,,0,,,,,0,0,0,0,3000000000000,,armed,3000,blocked,0,0,0,0,4000000000000,,armed,4000,blocked
4000,1,1,4,1,0,tick,0,0,3,1000,1000000,1000,0,0,0,0,1000000000,1000000000,1000000000,,,0,,,,,0,0,0,0,4000000000000,,armed,4000,blocked,0,0,0,0,5000000000000,,armed,5000,blocked
4000,1,2,4,2,1,tick,0,0,3,1000,1000000,1000,0,0,0,0,1000000000,1000000000,1000000000,,,0,,,,,0,0,0,0,4000000000000,,armed,4000,blocked,0,0,0,0,5000000000000,,armed,5000,blocked
4000,1,3,4,3,2,tick,0,0,3,1000,1000000,1000,0,0,0,0,1000000000,1000000000,1000000000,,,0,,,,,0,0,0,0,4000000000000,,armed,4000,blocked,0,0,0,0,5000000000000,,armed,5000,blocked
5000,1,1,5,1,0,tick,0,0,3,1000,1000000,1000,0,0,0,0,1000000000,1000000000,1000000000,,,0,,,,,0,0,0,0,5000000000000,,armed,5000,blocked,0,0,0,0,6000000000000,,armed,6000,blocked
5000,1,2,5,2,1,tick,0,0,3,1000,1000000,1000,0,0,0,0,1000000000,1000000000,1000000000,,,0,,,,,0,0,0,0,5000000000000,,armed,5000,blocked,0,0,0,0,6000000000000,,armed,6000,blocked
5000,1,3,5,3,2,tick,0,0,3,1000,1000000,1000,0,0,0,0,1000000000,1000000000,1000000000,,,0,,,,,0,0,0,0,5000000000000,,armed,5000,blocked,0,0,0,0,6000000000000,,armed,6000,blocked
6000,1,1,6,1,0,tick,0,0,3,1000,1000000,1000,0,0,0,0,1000000000,1000000000,1000000000,,,0,,,,,0,0,0,0,6000000000000,,armed,6000,blocked,0,0,0,0,7000000000000,,armed,7000,scheduled
6000,1,2,6,2,1,tick,0,0,3,1000,1000000,1000,0,0,0,0,1000000000,1000000000,1000000000,,,0,,,,,0,0,0,0,6000000000000,,armed,6000,blocked,0,0,0,0,7000000000000,,armed,7000,scheduled
6000,1,3,6,3,2,tick,0,0,3,1000,1000000,1000,0,0,0,0,1000000000,1000000000,1000000000,,,0,,,,,0,0,0,0,6000000000000,,armed,6000,blocked,0,0,0,0,7000000000000,,armed,7000,scheduled
7000,1,1,7,1,0,tick,0,0,3,1000,1000000,1000,0,0,0,0,1000000000,1000000000,1000000000,,,1,0,1000,0,15,0,0,0,0,7000000000000,,armed,7000,scheduled,1000,0,1000,1,0,,armed,8000,blocked
7000,1,2,7,2,1,tick,0,0,3,1000,1000000,1000,0,0,0,0,1000000000,1000000000,1000000000,,,1,0,1000,0,16,0,0,0,0,7000000000000,,armed,7000,scheduled,1000,0,1000,1,0,,armed,8000,blocked
7000,1,3,7,3,2,tick,0,0,3,1000,1000000,1000,0,0,0,0,1000000000,1000000000,1000000000,,,1,0,1000,0,17,0,0,0,0,7000000000000,,armed,7000,scheduled,1000,0,1000,1,0,,armed,8000,blocked
8000,1,1,8,1,0,tick,0,0,3,1000,1000000,1000,0,0,0,0,1000000000,1000000000,1000000000,,,0,,,,,1000,0,1000,1,0,,armed,8000,blocked,1000,0,1000,1,1000000000000,,armed,9000,blocked
8000,1,2,8,2,1,tick,0,0,3,1000,1000000,1000,0,0,0,0,1000000000,1000000000,1000000000,,,0,,,,,1000,0,1000,1,0,,armed,8000,blocked,1000,0,1000,1,1000000000000,,armed,9000,blocked
8000,1,3,8,3,2,tick,0,0,3,1000,1000000,1000,0,0,0,0,1000000000,1000000000,1000000000,,,0,,,,,1000,0,1000,1,0,,armed,8000,blocked,1000,0,1000,1,1000000000000,,armed,9000,blocked
9000,1,1,12,1,0,tick,0,0,3,1000,1000000,1000,0,0,0,0,1000000000,1000000000,1000000000,,,0,,,,,1000,0,1000,1,1000000000000,,armed,9000,blocked,1000,0,1000,1,2000000000000,,armed,10000,blocked
9000,1,2,12,2,1,tick,0,0,3,1000,1000000,1000,0,0,0,0,1000000000,1000000000,1000000000,,,0,,,,,1000,0,1000,1,1000000000000,,armed,9000,blocked,1000,0,1000,1,2000000000000,,armed,10000,blocked
9000,1,3,12,3,2,tick,0,0,3,1000,1000000,1000,0,0,0,0,1000000000,1000000000,1000000000,,,0,,,,,1000,0,1000,1,1000000000000,,armed,9000,blocked,1000,0,1000,1,2000000000000,,armed,10000,blocked
10000,1,1,13,1,0,tick,0,0,3,1000,1000000,1000,0,0,0,0,1000000000,1000000000,1000000000,,,0,,,,,1000,0,1000,1,2000000000000,,armed,10000,blocked,1000,0,1000,1,3000000000000,,armed,11000,blocked
10000,1,2,13,2,1,tick,0,0,3,1000,1000000,1000,0,0,0,0,1000000000,1000000000,1000000000,,,0,,,,,1000,0,1000,1,2000000000000,,armed,10000,blocked,1000,0,1000,1,3000000000000,,armed,11000,blocked
10000,1,3,13,3,2,tick,0,0,3,1000,1000000,1000,0,0,0,0,1000000000,1000000000,1000000000,,,0,,,,,1000,0,1000,1,2000000000000,,armed,10000,blocked,1000,0,1000,1,3000000000000,,armed,11000,blocked
11000,1,1,14,1,0,tick,0,0,3,1000,1000000,1000,0,0,0,0,1000000000,1000000000,1000000000,,,0,,,,,1000,0,1000,1,3000000000000,,armed,11000,blocked,1000,0,1000,1,4000000000000,,armed,12000,blocked
11000,1,2,14,2,1,tick,0,0,3,1000,1000000,1000,0,0,0,0,1000000000,1000000000,1000000000,,,0,,,,,1000,0,1000,1,3000000000000,,armed,11000,blocked,1000,0,1000,1,4000000000000,,armed,12000,blocked
11000,1,3,14,3,2,tick,0,0,3,1000,1000000,1000,0,0,0,0,1000000000,1000000000,1000000000,,,0,,,,,1000,0,1000,1,3000000000000,,armed,11000,blocked,1000,0,1000,1,4000000000000,,armed,12000,blocked
12000,1,1,15,1,0,tick,0,0,3,1000,1000000,1000,0,0,0,0,1000000000,1000000000,1000000000,,,0,,,,,1000,0,1000,1,4000000000000,,armed,12000,blocked,1000,0,1000,1,5000000000000,,armed,13000,blocked
12000,1,2,15,2,1,tick,0,0,3,1000,1000000,1000,0,0,0,0,1000000000,1000000000,1000000000,,,0,,,,,1000,0,1000,1,4000000000000,,armed,12000,blocked,1000,0,1000,1,5000000000000,,armed,13000,blocked
12000,1,3,15,3,2,tick,0,0,3,1000,1000000,1000,0,0,0,0,1000000000,1000000000,1000000000,,,0,,,,,1000,0,1000,1,4000000000000,,armed,12000,blocked,1000,0,1000,1,5000000000000,,armed,13000,blocked
13000,1,1,16,1,0,tick,0,0,3,1000,1000000,1000,0,0,0,0,1000000000,1000000000,1000000000,,,0,,,,,1000,0,1000,1,5000000000000,,armed,13000,blocked,1000,0,1000,1,6000000000000,,armed,14000,blocked
13000,1,2,16,2,1,tick,0,0,3,1000,1000000,1000,0,0,0,0,1000000000,1000000000,1000000000,,,0,,,,,1000,0,1000,1,5000000000000,,armed,13000,blocked,1000,0,1000,1,6000000000000,,armed,14000,blocked
13000,1,3,16,3,2,tick,0,0,3,1000,1000000,1000,0,0,0,0,1000000000,1000000000,1000000000,,,0,,,,,1000,0,1000,1,5000000000000,,armed,13000,blocked,1000,0,1000,1,6000000000000,,armed,14000,blocked
14000,1,1,17,1,0,tick,0,0,3,1000,1000000,1000,0,0,0,0,1000000000,1000000000,1000000000,,,0,,,,,1000,0,1000,1,6000000000000,,armed,14000,blocked,1000,0,1000,1,7000000000000,,armed,15000,scheduled
14000,1,2,17,2,1,tick,0,0,3,1000,1000000,1000,0,0,0,0,1000000000,1000000000,1000000000,,,0,,,,,1000,0,1000,1,6000000000000,,armed,14000,blocked,1000,0,1000,1,7000000000000,,armed,15000,scheduled
14000,1,3,17,3,2,tick,0,0,3,1000,1000000,1000,0,0,0,0,1000000000,1000000000,1000000000,,,0,,,,,1000,0,1000,1,6000000000000,,armed,14000,blocked,1000,0,1000,1,7000000000000,,armed,15000,scheduled
15000,1,1,18,1,0,tick,0,0,3,1000,1000000,1000,0,0,0,0,1000000000,1000000000,1000000000,,,1,1000,1000,0,29,1000,0,1000,1,7000000000000,,armed,15000,scheduled,2000,0,2000,2,0,,armed,16000,blocked
15000,1,2,18,2,1,tick,0,0,3,1000,1000000,1000,0,0,0,0,1000000000,1000000000,1000000000,,,1,1000,1000,0,30,1000,0,1000,1,7000000000000,,armed,15000,scheduled,2000,0,2000,2,0,,armed,16000,blocked
15000,1,3,18,3,2,tick,0,0,3,1000,1000000,1000,0,0,0,0,1000000000,1000000000,1000000000,,,1,1000,1000,0,31,1000,0,1000,1,7000000000000,,armed,15000,scheduled,2000,0,2000,2,0,,armed,16000,blocked
16000,1,1,19,1,0,tick,0,0,3,1000,1000000,1000,0,0,0,0,1000000000,1000000000,1000000000,,,0,,,,,2000,0,2000,2,0,,armed,16000,blocked,2000,0,2000,2,1000000000000,,armed,17000,blocked
16000,1,2,19,2,1,tick,0,0,3,1000,1000000,1000,0,0,0,0,1000000000,1000000000,1000000000,,,0,,,,,2000,0,2000,2,0,,armed,16000,blocked,2000,0,2000,2,1000000000000,,armed,17000,blocked
16000,1,3,19,3,2,tick,0,0,3,1000,1000000,1000,0,0,0,0,1000000000,1000000000,1000000000,,,0,,,,,2000,0,2000,2,0,,armed,16000,blocked,2000,0,2000,2,1000000000000,,armed,17000,blocked
17000,1,1,23,1,0,tick,0,0,3,1000,1000000,1000,0,0,0,0,1000000000,1000000000,1000000000,,,0,,,,,2000,0,2000,2,1000000000000,,armed,17000,blocked,2000,0,2000,2,2000000000000,,armed,18000,blocked
17000,1,2,23,2,1,tick,0,0,3,1000,1000000,1000,0,0,0,0,1000000000,1000000000,1000000000,,,0,,,,,2000,0,2000,2,1000000000000,,armed,17000,blocked,2000,0,2000,2,2000000000000,,armed,18000,blocked
17000,1,3,23,3,2,tick,0,0,3,1000,1000000,1000,0,0,0,0,1000000000,1000000000,1000000000,,,0,,,,,2000,0,2000,2,1000000000000,,armed,17000,blocked,2000,0,2000,2,2000000000000,,armed,18000,blocked
18000,1,1,24,1,0,tick,0,0,3,1000,1000000,1000,0,0,0,0,1000000000,1000000000,1000000000,,,0,,,,,2000,0,2000,2,2000000000000,,armed,18000,blocked,2000,0,2000,2,3000000000000,,armed,19000,blocked
18000,1,2,24,2,1,tick,0,0,3,1000,1000000,1000,0,0,0,0,1000000000,1000000000,1000000000,,,0,,,,,2000,0,2000,2,2000000000000,,armed,18000,blocked,2000,0,2000,2,3000000000000,,armed,19000,blocked
18000,1,3,24,3,2,tick,0,0,3,1000,1000000,1000,0,0,0,0,1000000000,1000000000,1000000000,,,0,,,,,2000,0,2000,2,2000000000000,,armed,18000,blocked,2000,0,2000,2,3000000000000,,armed,19000,blocked
19000,1,1,25,1,0,tick,0,0,3,1000,1000000,1000,0,0,0,0,1000000000,1000000000,1000000000,,,0,,,,,2000,0,2000,2,3000000000000,,armed,19000,blocked,2000,0,2000,2,4000000000000,,armed,20000,blocked
19000,1,2,25,2,1,tick,0,0,3,1000,1000000,1000,0,0,0,0,1000000000,1000000000,1000000000,,,0,,,,,2000,0,2000,2,3000000000000,,armed,19000,blocked,2000,0,2000,2,4000000000000,,armed,20000,blocked
19000,1,3,25,3,2,tick,0,0,3,1000,1000000,1000,0,0,0,0,1000000000,1000000000,1000000000,,,0,,,,,2000,0,2000,2,3000000000000,,armed,19000,blocked,2000,0,2000,2,4000000000000,,armed,20000,blocked
20000,1,1,26,1,0,tick,0,0,3,1000,1000000,1000,0,0,0,0,1000000000,1000000000,1000000000,,,0,,,,,2000,0,2000,2,4000000000000,,armed,20000,blocked,2000,0,2000,2,5000000000000,,armed,21000,blocked
20000,1,2,26,2,1,tick,0,0,3,1000,1000000,1000,0,0,0,0,1000000000,1000000000,1000000000,,,0,,,,,2000,0,2000,2,4000000000000,,armed,20000,blocked,2000,0,2000,2,5000000000000,,armed,21000,blocked
20000,1,3,26,3,2,tick,0,0,3,1000,1000000,1000,0,0,0,0,1000000000,1000000000,1000000000,,,0,,,,,2000,0,2000,2,4000000000000,,armed,20000,blocked,2000,0,2000,2,5000000000000,,armed,21000,blocked
21000,1,1,27,1,0,tick,0,0,3,1000,1000000,1000,0,0,0,0,1000000000,1000000000,1000000000,,,0,,,,,2000,0,2000,2,5000000000000,,armed,21000,blocked,2000,0,2000,2,6000000000000,,armed,22000,blocked
21000,1,2,27,2,1,tick,0,0,3,1000,1000000,1000,0,0,0,0,1000000000,1000000000,1000000000,,,0,,,,,2000,0,2000,2,5000000000000,,armed,21000,blocked,2000,0,2000,2,6000000000000,,armed,22000,blocked
21000,1,3,27,3,2,tick,0,0,3,1000,1000000,1000,0,0,0,0,1000000000,1000000000,1000000000,,,0,,,,,2000,0,2000,2,5000000000000,,armed,21000,blocked,2000,0,2000,2,6000000000000,,armed,22000,blocked
22000,1,1,28,1,0,tick,0,0,3,1000,1000000,1000,0,0,0,0,1000000000,1000000000,1000000000,,,0,,,,,2000,0,2000,2,6000000000000,,armed,22000,blocked,2000,0,2000,2,7000000000000,,armed,23000,scheduled
22000,1,2,28,2,1,tick,0,0,3,1000,1000000,1000,0,0,0,0,1000000000,1000000000,1000000000,,,0,,,,,2000,0,2000,2,6000000000000,,armed,22000,blocked,2000,0,2000,2,7000000000000,,armed,23000,scheduled
22000,1,3,28,3,2,tick,0,0,3,1000,1000000,1000,0,0,0,0,1000000000,1000000000,1000000000,,,0,,,,,2000,0,2000,2,6000000000000,,armed,22000,blocked,2000,0,2000,2,7000000000000,,armed,23000,scheduled
23000,1,1,29,1,0,tick,0,0,3,1000,1000000,1000,0,0,0,0,1000000000,1000000000,1000000000,,,1,2000,1000,0,43,2000,0,2000,2,7000000000000,,armed,23000,scheduled,3000,0,3000,3,0,,armed,24000,blocked
23000,1,2,29,2,1,tick,0,0,3,1000,1000000,1000,0,0,0,0,1000000000,1000000000,1000000000,,,1,2000,1000,0,44,2000,0,2000,2,7000000000000,,armed,23000,scheduled,3000,0,3000,3,0,,armed,24000,blocked
23000,1,3,29,3,2,tick,0,0,3,1000,1000000,1000,0,0,0,0,1000000000,1000000000,1000000000,,,1,2000,1000,0,45,2000,0,2000,2,7000000000000,,armed,23000,scheduled,3000,0,3000,3,0,,armed,24000,blocked
24000,1,1,30,1,0,tick,0,0,3,1000,1000000,1000,0,0,0,0,1000000000,1000000000,1000000000,,,0,,,,,3000,0,3000,3,0,,armed,24000,blocked,3000,0,3000,3,1000000000000,,armed,25000,blocked
24000,1,2,30,2,1,tick,0,0,3,1000,1000000,1000,0,0,0,0,1000000000,1000000000,1000000000,,,0,,,,,3000,0,3000,3,0,,armed,24000,blocked,3000,0,3000,3,1000000000000,,armed,25000,blocked
24000,1,3,30,3,2,tick,0,0,3,1000,1000000,1000,0,0,0,0,1000000000,1000000000,1000000000,,,0,,,,,3000,0,3000,3,0,,armed,24000,blocked,3000,0,3000,3,1000000000000,,armed,25000,blocked
25000,1,1,34,1,0,tick,0,0,3,1000,1000000,1000,0,0,0,0,1000000000,1000000000,1000000000,,,0,,,,,3000,0,3000,3,1000000000000,,armed,25000,blocked,3000,0,3000,3,2000000000000,,armed,26000,blocked
25000,1,2,34,2,1,tick,0,0,3,1000,1000000,1000,0,0,0,0,1000000000,1000000000,1000000000,,,0,,,,,3000,0,3000,3,1000000000000,,armed,25000,blocked,3000,0,3000,3,2000000000000,,armed,26000,blocked
25000,1,3,34,3,2,tick,0,0,3,1000,1000000,1000,0,0,0,0,1000000000,1000000000,1000000000,,,0,,,,,3000,0,3000,3,1000000000000,,armed,25000,blocked,3000,0,3000,3,2000000000000,,armed,26000,blocked
26000,1,1,35,1,0,tick,0,0,3,1000,1000000,1000,0,0,0,0,1000000000,1000000000,1000000000,,,0,,,,,3000,0,3000,3,2000000000000,,armed,26000,blocked,3000,0,3000,3,3000000000000,,armed,27000,blocked
26000,1,2,35,2,1,tick,0,0,3,1000,1000000,1000,0,0,0,0,1000000000,1000000000,1000000000,,,0,,,,,3000,0,3000,3,2000000000000,,armed,26000,blocked,3000,0,3000,3,3000000000000,,armed,27000,blocked
26000,1,3,35,3,2,tick,0,0,3,1000,1000000,1000,0,0,0,0,1000000000,1000000000,1000000000,,,0,,,,,3000,0,3000,3,2000000000000,,armed,26000,blocked,3000,0,3000,3,3000000000000,,armed,27000,blocked
27000,1,1,36,1,0,tick,0,0,3,1000,1000000,1000,0,0,0,0,1000000000,1000000000,1000000000,,,0,,,,,3000,0,3000,3,3000000000000,,armed,27000,blocked,3000,0,3000,3,4000000000000,,armed,28000,blocked
27000,1,2,36,2,1,tick,0,0,3,1000,1000000,1000,0,0,0,0,1000000000,1000000000,1000000000,,,0,,,,,3000,0,3000,3,3000000000000,,armed,27000,blocked,3000,0,3000,3,4000000000000,,armed,28000,blocked
27000,1,3,36,3,2,tick,0,0,3,1000,1000000,1000,0,0,0,0,1000000000,1000000000,1000000000,,,0,,,,,3000,0,3000,3,3000000000000,,armed,27000,blocked,3000,0,3000,3,4000000000000,,armed,28000,blocked
28000,1,1,37,1,0,tick,0,0,3,1000,1000000,1000,0,0,0,0,1000000000,1000000000,1000000000,,,0,,,,,3000,0,3000,3,4000000000000,,armed,28000,blocked,3000,0,3000,3,5000000000000,,armed,29000,blocked
28000,1,2,37,2,1,tick,0,0,3,1000,1000000,1000,0,0,0,0,1000000000,1000000000,1000000000,,,0,,,,,3000,0,3000,3,4000000000000,,armed,28000,blocked,3000,0,3000,3,5000000000000,,armed,29000,blocked
28000,1,3,37,3,2,tick,0,0,3,1000,1000000,1000,0,0,0,0,1000000000,1000000000,1000000000,,,0,,,,,3000,0,3000,3,4000000000000,,armed,28000,blocked,3000,0,3000,3,5000000000000,,armed,29000,blocked
29000,1,1,38,1,0,tick,0,0,3,1000,1000000,1000,0,0,0,0,1000000000,1000000000,1000000000,,,0,,,,,3000,0,3000,3,5000000000000,,armed,29000,blocked,3000,0,3000,3,6000000000000,,armed,30000,blocked
29000,1,2,38,2,1,tick,0,0,3,1000,1000000,1000,0,0,0,0,1000000000,1000000000,1000000000,,,0,,,,,3000,0,3000,3,5000000000000,,armed,29000,blocked,3000,0,3000,3,6000000000000,,armed,30000,blocked
29000,1,3,38,3,2,tick,0,0,3,1000,1000000,1000,0,0,0,0,1000000000,1000000000,1000000000,,,0,,,,,3000,0,3000,3,5000000000000,,armed,29000,blocked,3000,0,3000,3,6000000000000,,armed,30000,blocked
30000,1,1,39,1,0,tick,0,0,3,1000,1000000,1000,0,0,0,0,1000000000,1000000000,1000000000,,,0,,,,,3000,0,3000,3,6000000000000,,armed,30000,blocked,3000,0,3000,3,7000000000000,,armed,31000,scheduled
30000,1,2,39,2,1,tick,0,0,3,1000,1000000,1000,0,0,0,0,1000000000,1000000000,1000000000,,,0,,,,,3000,0,3000,3,6000000000000,,armed,30000,blocked,3000,0,3000,3,7000000000000,,armed,31000,scheduled
30000,1,3,39,3,2,tick,0,0,3,1000,1000000,1000,0,0,0,0,1000000000,1000000000,1000000000,,,0,,,,,3000,0,3000,3,6000000000000,,armed,30000,blocked,3000,0,3000,3,7000000000000,,armed,31000,scheduled
31000,1,1,40,1,0,tick,0,0,3,1000,1000000,1000,0,0,0,0,1000000000,1000000000,1000000000,,,1,3000,1000,0,57,3000,0,3000,3,7000000000000,,armed,31000,scheduled,4000,0,4000,4,0,,armed,32000,blocked
31000,1,2,40,2,1,tick,0,0,3,1000,1000000,1000,0,0,0,0,1000000000,1000000000,1000000000,,,1,3000,1000,0,58,3000,0,3000,3,7000000000000,,armed,31000,scheduled,4000,0,4000,4,0,,armed,32000,blocked
31000,1,3,40,3,2,tick,0,0,3,1000,1000000,1000,0,0,0,0,1000000000,1000000000,1000000000,,,1,3000,1000,0,59,3000,0,3000,3,7000000000000,,armed,31000,scheduled,4000,0,4000,4,0,,armed,32000,blocked
32000,1,1,41,1,0,tick,0,0,3,1000,1000000,1000,0,0,0,0,1000000000,1000000000,1000000000,,,0,,,,,4000,0,4000,4,0,,armed,32000,blocked,4000,0,4000,4,1000000000000,,armed,33000,blocked
32000,1,2,41,2,1,tick,0,0,3,1000,1000000,1000,0,0,0,0,1000000000,1000000000,1000000000,,,0,,,,,4000,0,4000,4,0,,armed,32000,blocked,4000,0,4000,4,1000000000000,,armed,33000,blocked
32000,1,3,41,3,2,tick,0,0,3,1000,1000000,1000,0,0,0,0,1000000000,1000000000,1000000000,,,0,,,,,4000,0,4000,4,0,,armed,32000,blocked,4000,0,4000,4,1000000000000,,armed,33000,blocked
32536,0,6,2,1,0,ack,0,0,3,1000,1000000,1000,0,0,0,0,1000000000,1000000000,,1000,0,0,,,,,4000,0,4000,4,1000000000000,,armed,33000,blocked,4000,1000,4000,4,1000000000000,,armed,33000,blocked
33000,1,1,45,1,0,tick,0,0,3,1000,1000000,1000,0,0,0,0,1000000000,1000000000,1000000000,,,0,,,,,4000,1000,4000,4,1000000000000,,armed,33000,blocked,4000,1000,4000,4,2000000000000,,armed,34000,blocked
33000,1,2,45,2,1,tick,0,0,3,1000,1000000,1000,0,0,0,0,1000000000,1000000000,1000000000,,,0,,,,,4000,0,4000,4,1000000000000,,armed,33000,blocked,4000,0,4000,4,2000000000000,,armed,34000,blocked
33000,1,3,45,3,2,tick,0,0,3,1000,1000000,1000,0,0,0,0,1000000000,1000000000,1000000000,,,0,,,,,4000,0,4000,4,1000000000000,,armed,33000,blocked,4000,0,4000,4,2000000000000,,armed,34000,blocked
34000,1,1,46,1,0,tick,0,0,3,1000,1000000,1000,0,0,0,0,1000000000,1000000000,1000000000,,,0,,,,,4000,1000,4000,4,2000000000000,,armed,34000,blocked,4000,1000,4000,4,3000000000000,,armed,35000,blocked
34000,1,2,46,2,1,tick,0,0,3,1000,1000000,1000,0,0,0,0,1000000000,1000000000,1000000000,,,0,,,,,4000,0,4000,4,2000000000000,,armed,34000,blocked,4000,0,4000,4,3000000000000,,armed,35000,blocked
34000,1,3,46,3,2,tick,0,0,3,1000,1000000,1000,0,0,0,0,1000000000,1000000000,1000000000,,,0,,,,,4000,0,4000,4,2000000000000,,armed,34000,blocked,4000,0,4000,4,3000000000000,,armed,35000,blocked
35000,1,1,47,1,0,tick,0,0,3,1000,1000000,1000,0,0,0,0,1000000000,1000000000,1000000000,,,0,,,,,4000,1000,4000,4,3000000000000,,armed,35000,blocked,4000,1000,4000,4,4000000000000,,armed,36000,blocked
35000,1,2,47,2,1,tick,0,0,3,1000,1000000,1000,0,0,0,0,1000000000,1000000000,1000000000,,,0,,,,,4000,0,4000,4,3000000000000,,armed,35000,blocked,4000,0,4000,4,4000000000000,,armed,36000,blocked
35000,1,3,47,3,2,tick,0,0,3,1000,1000000,1000,0,0,0,0,1000000000,1000000000,1000000000,,,0,,,,,4000,0,4000,4,3000000000000,,armed,35000,blocked,4000,0,4000,4,4000000000000,,armed,36000,blocked
36000,1,1,48,1,0,tick,0,0,3,1000,1000000,1000,0,0,0,0,1000000000,1000000000,1000000000,,,0,,,,,4000,1000,4000,4,4000000000000,,armed,36000,blocked,4000,1000,4000,4,5000000000000,,armed,37000,blocked
36000,1,2,48,2,1,tick,0,0,3,1000,1000000,1000,0,0,0,0,1000000000,1000000000,1000000000,,,0,,,,,4000,0,4000,4,4000000000000,,armed,36000,blocked,4000,0,4000,4,5000000000000,,armed,37000,blocked
36000,1,3,48,3,2,tick,0,0,3,1000,1000000,1000,0,0,0,0,1000000000,1000000000,1000000000,,,0,,,,,4000,0,4000,4,4000000000000,,armed,36000,blocked,4000,0,4000,4,5000000000000,,armed,37000,blocked
37000,1,1,49,1,0,tick,0,0,3,1000,1000000,1000,0,0,0,0,1000000000,1000000000,1000000000,,,0,,,,,4000,1000,4000,4,5000000000000,,armed,37000,blocked,4000,1000,4000,4,6000000000000,,armed,38000,blocked
37000,1,2,49,2,1,tick,0,0,3,1000,1000000,1000,0,0,0,0,1000000000,1000000000,1000000000,,,0,,,,,4000,0,4000,4,5000000000000,,armed,37000,blocked,4000,0,4000,4,6000000000000,,armed,38000,blocked
37000,1,3,49,3,2,tick,0,0,3,1000,1000000,1000,0,0,0,0,1000000000,1000000000,1000000000,,,0,,,,,4000,0,4000,4,5000000000000,,armed,37000,blocked,4000,0,4000,4,6000000000000,,armed,38000,blocked
38000,1,1,50,1,0,tick,0,0,3,1000,1000000,1000,0,0,0,0,1000000000,1000000000,1000000000,,,0,,,,,4000,1000,4000,4,6000000000000,,armed,38000,blocked,4000,1000,4000,4,7000000000000,,armed,39000,scheduled
38000,1,2,50,2,1,tick,0,0,3,1000,1000000,1000,0,0,0,0,1000000000,1000000000,1000000000,,,0,,,,,4000,0,4000,4,6000000000000,,armed,38000,blocked,4000,0,4000,4,7000000000000,,armed,39000,scheduled
38000,1,3,50,3,2,tick,0,0,3,1000,1000000,1000,0,0,0,0,1000000000,1000000000,1000000000,,,0,,,,,4000,0,4000,4,6000000000000,,armed,38000,blocked,4000,0,4000,4,7000000000000,,armed,39000,scheduled
39000,1,1,51,1,0,tick,0,0,3,1000,1000000,1000,0,0,0,0,1000000000,1000000000,1000000000,,,1,4000,1000,0,71,4000,1000,4000,4,7000000000000,,armed,39000,scheduled,5000,1000,5000,5,0,,armed,40000,blocked
39000,1,2,51,2,1,tick,0,0,3,1000,1000000,1000,0,0,0,0,1000000000,1000000000,1000000000,,,1,4000,1000,0,72,4000,0,4000,4,7000000000000,,armed,39000,scheduled,5000,0,5000,5,0,,armed,40000,blocked
39000,1,3,51,3,2,tick,0,0,3,1000,1000000,1000,0,0,0,0,1000000000,1000000000,1000000000,,,1,4000,1000,0,73,4000,0,4000,4,7000000000000,,armed,39000,scheduled,5000,0,5000,5,0,,armed,40000,blocked
40000,1,1,52,1,0,tick,0,0,3,1000,1000000,1000,0,0,0,0,1000000000,1000000000,1000000000,,,0,,,,,5000,1000,5000,5,0,,armed,40000,blocked,5000,1000,5000,5,1000000000000,,armed,41000,blocked
40000,1,2,52,2,1,tick,0,0,3,1000,1000000,1000,0,0,0,0,1000000000,1000000000,1000000000,,,0,,,,,5000,0,5000,5,0,,armed,40000,blocked,5000,0,5000,5,1000000000000,,armed,41000,blocked
40000,1,3,52,3,2,tick,0,0,3,1000,1000000,1000,0,0,0,0,1000000000,1000000000,1000000000,,,0,,,,,5000,0,5000,5,0,,armed,40000,blocked,5000,0,5000,5,1000000000000,,armed,41000,blocked
40536,0,6,5,1,0,ack,0,0,3,1000,1000000,1000,0,0,0,0,1000000000,1000000000,,2000,0,0,,,,,5000,1000,5000,5,1000000000000,,armed,41000,blocked,5000,2000,5000,5,1000000000000,,armed,41000,blocked
41000,1,1,56,1,0,tick,0,0,3,1000,1000000,1000,0,0,0,0,1000000000,1000000000,1000000000,,,0,,,,,5000,2000,5000,5,1000000000000,,armed,41000,blocked,5000,2000,5000,5,2000000000000,,armed,42000,blocked
41000,1,2,56,2,1,tick,0,0,3,1000,1000000,1000,0,0,0,0,1000000000,1000000000,1000000000,,,0,,,,,5000,0,5000,5,1000000000000,,armed,41000,blocked,5000,0,5000,5,2000000000000,,armed,42000,blocked
41000,1,3,56,3,2,tick,0,0,3,1000,1000000,1000,0,0,0,0,1000000000,1000000000,1000000000,,,0,,,,,5000,0,5000,5,1000000000000,,armed,41000,blocked,5000,0,5000,5,2000000000000,,armed,42000,blocked
42000,1,1,57,1,0,tick,0,0,3,1000,1000000,1000,0,0,0,0,1000000000,1000000000,1000000000,,,0,,,,,5000,2000,5000,5,2000000000000,,armed,42000,blocked,5000,2000,5000,5,3000000000000,,armed,43000,blocked
42000,1,2,57,2,1,tick,0,0,3,1000,1000000,1000,0,0,0,0,1000000000,1000000000,1000000000,,,0,,,,,5000,0,5000,5,2000000000000,,armed,42000,blocked,5000,0,5000,5,3000000000000,,armed,43000,blocked
42000,1,3,57,3,2,tick,0,0,3,1000,1000000,1000,0,0,0,0,1000000000,1000000000,1000000000,,,0,,,,,5000,0,5000,5,2000000000000,,armed,42000,blocked,5000,0,5000,5,3000000000000,,armed,43000,blocked
43000,1,1,58,1,0,tick,0,0,3,1000,1000000,1000,0,0,0,0,1000000000,1000000000,1000000000,,,0,,,,,5000,2000,5000,5,3000000000000,,armed,43000,blocked,5000,2000,5000,5,4000000000000,,armed,44000,blocked
43000,1,2,58,2,1,tick,0,0,3,1000,1000000,1000,0,0,0,0,1000000000,1000000000,1000000000,,,0,,,,,5000,0,5000,5,3000000000000,,armed,43000,blocked,5000,0,5000,5,4000000000000,,armed,44000,blocked
43000,1,3,58,3,2,tick,0,0,3,1000,1000000,1000,0,0,0,0,1000000000,1000000000,1000000000,,,0,,,,,5000,0,5000,5,3000000000000,,armed,43000,blocked,5000,0,5000,5,4000000000000,,armed,44000,blocked
44000,1,1,59,1,0,tick,0,0,3,1000,1000000,1000,0,0,0,0,1000000000,1000000000,1000000000,,,0,,,,,5000,2000,5000,5,4000000000000,,armed,44000,blocked,5000,2000,5000,5,5000000000000,,armed,45000,blocked
44000,1,2,59,2,1,tick,0,0,3,1000,1000000,1000,0,0,0,0,1000000000,1000000000,1000000000,,,0,,,,,5000,0,5000,5,4000000000000,,armed,44000,blocked,5000,0,5000,5,5000000000000,,armed,45000,blocked
44000,1,3,59,3,2,tick,0,0,3,1000,1000000,1000,0,0,0,0,1000000000,1000000000,1000000000,,,0,,,,,5000,0,5000,5,4000000000000,,armed,44000,blocked,5000,0,5000,5,5000000000000,,armed,45000,blocked
45000,1,1,60,1,0,tick,0,0,3,1000,1000000,1000,0,0,0,0,1000000000,1000000000,1000000000,,,0,,,,,5000,2000,5000,5,5000000000000,,armed,45000,blocked,5000,2000,5000,5,6000000000000,,armed,46000,blocked
45000,1,2,60,2,1,tick,0,0,3,1000,1000000,1000,0,0,0,0,1000000000,1000000000,1000000000,,,0,,,,,5000,0,5000,5,5000000000000,,armed,45000,blocked,5000,0,5000,5,6000000000000,,armed,46000,blocked
45000,1,3,60,3,2,tick,0,0,3,1000,1000000,1000,0,0,0,0,1000000000,1000000000,1000000000,,,0,,,,,5000,0,5000,5,5000000000000,,armed,45000,blocked,5000,0,5000,5,6000000000000,,armed,46000,blocked
46000,1,1,61,1,0,tick,0,0,3,1000,1000000,1000,0,0,0,0,1000000000,1000000000,1000000000,,,0,,,,,5000,2000,5000,5,6000000000000,,armed,46000,blocked,5000,2000,5000,5,7000000000000,,armed,47000,scheduled
46000,1,2,61,2,1,tick,0,0,3,1000,1000000,1000,0,0,0,0,1000000000,1000000000,1000000000,,,0,,,,,5000,0,5000,5,6000000000000,,armed,46000,blocked,5000,0,5000,5,7000000000000,,armed,47000,scheduled
46000,1,3,61,3,2,tick,0,0,3,1000,1000000,1000,0,0,0,0,1000000000,1000000000,1000000000,,,0,,,,,5000,0,5000,5,6000000000000,,armed,46000,blocked,5000,0,5000,5,7000000000000,,armed,47000,scheduled
47000,1,1,62,1,0,tick,0,0,3,1000,1000000,1000,0,0,0,0,1000000000,1000000000,1000000000,,,1,5000,1000,0,85,5000,2000,5000,5,7000000000000,,armed,47000,scheduled,6000,2000,6000,6,0,,armed,48000,blocked
47000,1,2,62,2,1,tick,0,0,3,1000,1000000,1000,0,0,0,0,1000000000,1000000000,1000000000,,,1,5000,1000,0,86,5000,0,5000,5,7000000000000,,armed,47000,scheduled,6000,0,6000,6,0,,armed,48000,blocked
47000,1,3,62,3,2,tick,0,0,3,1000,1000000,1000,0,0,0,0,1000000000,1000000000,1000000000,,,1,5000,1000,0,87,5000,0,5000,5,7000000000000,,armed,47000,scheduled,6000,0,6000,6,0,,armed,48000,blocked
48000,1,1,63,1,0,tick,0,0,3,1000,1000000,1000,0,0,0,0,1000000000,1000000000,1000000000,,,0,,,,,6000,2000,6000,6,0,,armed,48000,blocked,6000,2000,6000,6,1000000000000,,armed,49000,blocked
48000,1,2,63,2,1,tick,0,0,3,1000,1000000,1000,0,0,0,0,1000000000,1000000000,1000000000,,,0,,,,,6000,0,6000,6,0,,armed,48000,blocked,6000,0,6000,6,1000000000000,,armed,49000,blocked
48000,1,3,63,3,2,tick,0,0,3,1000,1000000,1000,0,0,0,0,1000000000,1000000000,1000000000,,,0,,,,,6000,0,6000,6,0,,armed,48000,blocked,6000,0,6000,6,1000000000000,,armed,49000,blocked
49000,1,1,67,1,0,tick,0,0,3,1000,1000000,1000,0,0,0,0,1000000000,1000000000,1000000000,,,0,,,,,6000,2000,6000,6,1000000000000,,armed,49000,blocked,6000,2000,6000,6,2000000000000,,armed,50000,blocked
49000,1,2,67,2,1,tick,0,0,3,1000,1000000,1000,0,0,0,0,1000000000,1000000000,1000000000,,,0,,,,,6000,0,6000,6,1000000000000,,armed,49000,blocked,6000,0,6000,6,2000000000000,,armed,50000,blocked
49000,1,3,67,3,2,tick,0,0,3,1000,1000000,1000,0,0,0,0,1000000000,1000000000,1000000000,,,0,,,,,6000,0,6000,6,1000000000000,,armed,49000,blocked,6000,0,6000,6,2000000000000,,armed,50000,blocked
49048,0,9,2,2,1,ack,0,0,3,1000,1000000,1000,0,0,0,0,1000000000,1000000000,,1000,0,0,,,,,6000,0,6000,6,2000000000000,,armed,50000,blocked,6000,1000,6000,6,2000000000000,,armed,50000,blocked
50000,1,1,68,1,0,tick,0,0,3,1000,1000000,1000,0,0,0,0,1000000000,1000000000,1000000000,,,0,,,,,6000,2000,6000,6,2000000000000,,armed,50000,blocked,6000,2000,6000,6,3000000000000,,armed,51000,blocked
50000,1,2,68,2,1,tick,0,0,3,1000,1000000,1000,0,0,0,0,1000000000,1000000000,1000000000,,,0,,,,,6000,1000,6000,6,2000000000000,,armed,50000,blocked,6000,1000,6000,6,3000000000000,,armed,51000,blocked
50000,1,3,68,3,2,tick,0,0,3,1000,1000000,1000,0,0,0,0,1000000000,1000000000,1000000000,,,0,,,,,6000,0,6000,6,2000000000000,,armed,50000,blocked,6000,0,6000,6,3000000000000,,armed,51000,blocked
51000,1,1,69,1,0,tick,0,0,3,1000,1000000,1000,0,0,0,0,1000000000,1000000000,1000000000,,,0,,,,,6000,2000,6000,6,3000000000000,,armed,51000,blocked,6000,2000,6000,6,4000000000000,,armed,52000,blocked
51000,1,2,69,2,1,tick,0,0,3,1000,1000000,1000,0,0,0,0,1000000000,1000000000,1000000000,,,0,,,,,6000,1000,6000,6,3000000000000,,armed,51000,blocked,6000,1000,6000,6,4000000000000,,armed,52000,blocked
51000,1,3,69,3,2,tick,0,0,3,1000,1000000,1000,0,0,0,0,1000000000,1000000000,1000000000,,,0,,,,,6000,0,6000,6,3000000000000,,armed,51000,blocked,6000,0,6000,6,4000000000000,,armed,52000,blocked
52000,1,1,70,1,0,tick,0,0,3,1000,1000000,1000,0,0,0,0,1000000000,1000000000,1000000000,,,0,,,,,6000,2000,6000,6,4000000000000,,armed,52000,blocked,6000,2000,6000,6,5000000000000,,armed,53000,blocked
52000,1,2,70,2,1,tick,0,0,3,1000,1000000,1000,0,0,0,0,1000000000,1000000000,1000000000,,,0,,,,,6000,1000,6000,6,4000000000000,,armed,52000,blocked,6000,1000,6000,6,5000000000000,,armed,53000,blocked
52000,1,3,70,3,2,tick,0,0,3,1000,1000000,1000,0,0,0,0,1000000000,1000000000,1000000000,,,0,,,,,6000,0,6000,6,4000000000000,,armed,52000,blocked,6000,0,6000,6,5000000000000,,armed,53000,blocked
53000,1,1,71,1,0,tick,0,0,3,1000,1000000,1000,0,0,0,0,1000000000,1000000000,1000000000,,,0,,,,,6000,2000,6000,6,5000000000000,,armed,53000,blocked,6000,2000,6000,6,6000000000000,,armed,54000,blocked
53000,1,2,71,2,1,tick,0,0,3,1000,1000000,1000,0,0,0,0,1000000000,1000000000,1000000000,,,0,,,,,6000,1000,6000,6,5000000000000,,armed,53000,blocked,6000,1000,6000,6,6000000000000,,armed,54000,blocked
53000,1,3,71,3,2,tick,0,0,3,1000,1000000,1000,0,0,0,0,1000000000,1000000000,1000000000,,,0,,,,,6000,0,6000,6,5000000000000,,armed,53000,blocked,6000,0,6000,6,6000000000000,,armed,54000,blocked
54000,1,1,72,1,0,tick,0,0,3,1000,1000000,1000,0,0,0,0,1000000000,1000000000,1000000000,,,0,,,,,6000,2000,6000,6,6000000000000,,armed,54000,blocked,6000,2000,6000,6,7000000000000,,armed,55000,scheduled
54000,1,2,72,2,1,tick,0,0,3,1000,1000000,1000,0,0,0,0,1000000000,1000000000,1000000000,,,0,,,,,6000,1000,6000,6,6000000000000,,armed,54000,blocked,6000,1000,6000,6,7000000000000,,armed,55000,scheduled
54000,1,3,72,3,2,tick,0,0,3,1000,1000000,1000,0,0,0,0,1000000000,1000000000,1000000000,,,0,,,,,6000,0,6000,6,6000000000000,,armed,54000,blocked,6000,0,6000,6,7000000000000,,armed,55000,scheduled
55000,1,1,73,1,0,tick,0,0,3,1000,1000000,1000,0,0,0,0,1000000000,1000000000,1000000000,,,1,6000,1000,0,99,6000,2000,6000,6,7000000000000,,armed,55000,scheduled,7000,2000,7000,7,0,,armed,56000,blocked
55000,1,2,73,2,1,tick,0,0,3,1000,1000000,1000,0,0,0,0,1000000000,1000000000,1000000000,,,1,6000,1000,0,100,6000,1000,6000,6,7000000000000,,armed,55000,scheduled,7000,1000,7000,7,0,,armed,56000,blocked
55000,1,3,73,3,2,tick,0,0,3,1000,1000000,1000,0,0,0,0,1000000000,1000000000,1000000000,,,1,6000,1000,0,101,6000,0,6000,6,7000000000000,,armed,55000,scheduled,7000,0,7000,7,0,,armed,56000,blocked
56000,1,1,74,1,0,tick,0,0,3,1000,1000000,1000,0,0,0,0,1000000000,1000000000,1000000000,,,0,,,,,7000,2000,7000,7,0,,armed,56000,blocked,7000,2000,7000,7,1000000000000,,armed,57000,blocked
56000,1,2,74,2,1,tick,0,0,3,1000,1000000,1000,0,0,0,0,1000000000,1000000000,1000000000,,,0,,,,,7000,1000,7000,7,0,,armed,56000,blocked,7000,1000,7000,7,1000000000000,,armed,57000,blocked
56000,1,3,74,3,2,tick,0,0,3,1000,1000000,1000,0,0,0,0,1000000000,1000000000,1000000000,,,0,,,,,7000,0,7000,7,0,,armed,56000,blocked,7000,0,7000,7,1000000000000,,armed,57000,blocked
56536,0,6,8,1,0,ack,0,0,3,1000,1000000,1000,0,0,0,0,1000000000,1000000000,,3000,0,0,,,,,7000,2000,7000,7,1000000000000,,armed,57000,blocked,7000,3000,7000,7,1000000000000,,armed,57000,blocked
57000,1,1,78,1,0,tick,0,0,3,1000,1000000,1000,0,0,0,0,1000000000,1000000000,1000000000,,,0,,,,,7000,3000,7000,7,1000000000000,,armed,57000,blocked,7000,3000,7000,7,2000000000000,,armed,58000,blocked
57000,1,2,78,2,1,tick,0,0,3,1000,1000000,1000,0,0,0,0,1000000000,1000000000,1000000000,,,0,,,,,7000,1000,7000,7,1000000000000,,armed,57000,blocked,7000,1000,7000,7,2000000000000,,armed,58000,blocked
57000,1,3,78,3,2,tick,0,0,3,1000,1000000,1000,0,0,0,0,1000000000,1000000000,1000000000,,,0,,,,,7000,0,7000,7,1000000000000,,armed,57000,blocked,7000,0,7000,7,2000000000000,,armed,58000,blocked
58000,1,1,79,1,0,tick,0,0,3,1000,1000000,1000,0,0,0,0,1000000000,1000000000,1000000000,,,0,,,,,7000,3000,7000,7,2000000000000,,armed,58000,blocked,7000,3000,7000,7,3000000000000,,armed,59000,blocked
58000,1,2,79,2,1,tick,0,0,3,1000,1000000,1000,0,0,0,0,1000000000,1000000000,1000000000,,,0,,,,,7000,1000,7000,7,2000000000000,,armed,58000,blocked,7000,1000,7000,7,3000000000000,,armed,59000,blocked
58000,1,3,79,3,2,tick,0,0,3,1000,1000000,1000,0,0,0,0,1000000000,1000000000,1000000000,,,0,,,,,7000,0,7000,7,2000000000000,,armed,58000,blocked,7000,0,7000,7,3000000000000,,armed,59000,blocked
59000,1,1,80,1,0,tick,0,0,3,1000,1000000,1000,0,0,0,0,1000000000,1000000000,1000000000,,,0,,,,,7000,3000,7000,7,3000000000000,,armed,59000,blocked,7000,3000,7000,7,4000000000000,,armed,60000,blocked
59000,1,2,80,2,1,tick,0,0,3,1000,1000000,1000,0,0,0,0,1000000000,1000000000,1000000000,,,0,,,,,7000,1000,7000,7,3000000000000,,armed,59000,blocked,7000,1000,7000,7,4000000000000,,armed,60000,blocked
59000,1,3,80,3,2,tick,0,0,3,1000,1000000,1000,0,0,0,0,1000000000,1000000000,1000000000,,,0,,,,,7000,0,7000,7,3000000000000,,armed,59000,blocked,7000,0,7000,7,4000000000000,,armed,60000,blocked
60000,1,1,81,1,0,tick,0,0,3,1000,1000000,1000,0,0,0,0,1000000000,1000000000,1000000000,,,0,,,,,7000,3000,7000,7,4000000000000,,armed,60000,blocked,7000,3000,7000,7,5000000000000,,armed,61000,blocked
60000,1,2,81,2,1,tick,0,0,3,1000,1000000,1000,0,0,0,0,1000000000,1000000000,1000000000,,,0,,,,,7000,1000,7000,7,4000000000000,,armed,60000,blocked,7000,1000,7000,7,5000000000000,,armed,61000,blocked
60000,1,3,81,3,2,tick,0,0,3,1000,1000000,1000,0,0,0,0,1000000000,1000000000,1000000000,,,0,,,,,7000,0,7000,7,4000000000000,,armed,60000,blocked,7000,0,7000,7,5000000000000,,armed,61000,blocked
61000,1,1,82,1,0,tick,0,0,3,1000,1000000,1000,0,0,0,0,1000000000,1000000000,1000000000,,,0,,,,,7000,3000,7000,7,5000000000000,,armed,61000,blocked,7000,3000,7000,7,6000000000000,,armed,62000,blocked
61000,1,2,82,2,1,tick,0,0,3,1000,1000000,1000,0,0,0,0,1000000000,1000000000,1000000000,,,0,,,,,7000,1000,7000,7,5000000000000,,armed,61000,blocked,7000,1000,7000,7,6000000000000,,armed,62000,blocked
61000,1,3,82,3,2,tick,0,0,3,1000,1000000,1000,0,0,0,0,1000000000,1000000000,1000000000,,,0,,,,,7000,0,7000,7,5000000000000,,armed,61000,blocked,7000,0,7000,7,6000000000000,,armed,62000,blocked
62000,1,1,83,1,0,tick,0,0,3,1000,1000000,1000,0,0,0,0,1000000000,1000000000,1000000000,,,0,,,,,7000,3000,7000,7,6000000000000,,armed,62000,blocked,7000,3000,7000,7,7000000000000,,armed,63000,scheduled
62000,1,2,83,2,1,tick,0,0,3,1000,1000000,1000,0,0,0,0,1000000000,1000000000,1000000000,,,0,,,,,7000,1000,7000,7,6000000000000,,armed,62000,blocked,7000,1000,7000,7,7000000000000,,armed,63000,scheduled
62000,1,3,83,3,2,tick,0,0,3,1000,1000000,1000,0,0,0,0,1000000000,1000000000,1000000000,,,0,,,,,7000,0,7000,7,6000000000000,,armed,62000,blocked,7000,0,7000,7,7000000000000,,armed,63000,scheduled
63000,1,1,84,1,0,tick,0,0,3,1000,1000000,1000,0,0,0,0,1000000000,1000000000,1000000000,,,1,7000,1000,0,113,7000,3000,7000,7,7000000000000,,armed,63000,scheduled,8000,3000,8000,8,0,,armed,64000,blocked
63000,1,2,84,2,1,tick,0,0,3,1000,1000000,1000,0,0,0,0,1000000000,1000000000,1000000000,,,1,7000,1000,0,114,7000,1000,7000,7,7000000000000,,armed,63000,scheduled,8000,1000,8000,8,0,,armed,64000,blocked
63000,1,3,84,3,2,tick,0,0,3,1000,1000000,1000,0,0,0,0,1000000000,1000000000,1000000000,,,1,7000,1000,0,115,7000,0,7000,7,7000000000000,,armed,63000,scheduled,8000,0,8000,8,0,,armed,64000,blocked
64000,1,1,85,1,0,tick,0,0,3,1000,1000000,1000,0,0,0,0,1000000000,1000000000,1000000000,,,0,,,,,8000,3000,8000,8,0,,armed,64000,blocked,8000,3000,8000,8,1000000000000,,armed,65000,blocked
64000,1,2,85,2,1,tick,0,0,3,1000,1000000,1000,0,0,0,0,1000000000,1000000000,1000000000,,,0,,,,,8000,1000,8000,8,0,,armed,64000,blocked,8000,1000,8000,8,1000000000000,,armed,65000,blocked
64000,1,3,85,3,2,tick,0,0,3,1000,1000000,1000,0,0,0,0,1000000000,1000000000,1000000000,,,0,,,,,8000,0,8000,8,0,,armed,64000,blocked,8000,0,8000,8,1000000000000,,armed,65000,blocked
65000,1,1,89,1,0,tick,0,0,3,1000,1000000,1000,0,0,0,0,1000000000,1000000000,1000000000,,,0,,,,,8000,3000,8000,8,1000000000000,,armed,65000,blocked,8000,3000,8000,8,2000000000000,,armed,66000,blocked
65000,1,2,89,2,1,tick,0,0,3,1000,1000000,1000,0,0,0,0,1000000000,1000000000,1000000000,,,0,,,,,8000,1000,8000,8,1000000000000,,armed,65000,blocked,8000,1000,8000,8,2000000000000,,armed,66000,blocked
65000,1,3,89,3,2,tick,0,0,3,1000,1000000,1000,0,0,0,0,1000000000,1000000000,1000000000,,,0,,,,,8000,0,8000,8,1000000000000,,armed,65000,blocked,8000,0,8000,8,2000000000000,,armed,66000,blocked
65048,0,9,5,2,1,ack,0,0,3,1000,1000000,1000,0,0,0,0,1000000000,1000000000,,2000,0,0,,,,,8000,1000,8000,8,2000000000000,,armed,66000,blocked,8000,2000,8000,8,2000000000000,,armed,66000,blocked
66000,1,1,90,1,0,tick,0,0,3,1000,1000000,1000,0,0,0,0,1000000000,1000000000,1000000000,,,0,,,,,8000,3000,8000,8,2000000000000,,armed,66000,blocked,8000,3000,8000,8,3000000000000,,armed,67000,blocked
66000,1,2,90,2,1,tick,0,0,3,1000,1000000,1000,0,0,0,0,1000000000,1000000000,1000000000,,,0,,,,,8000,2000,8000,8,2000000000000,,armed,66000,blocked,8000,2000,8000,8,3000000000000,,armed,67000,blocked
66000,1,3,90,3,2,tick,0,0,3,1000,1000000,1000,0,0,0,0,1000000000,1000000000,1000000000,,,0,,,,,8000,0,8000,8,2000000000000,,armed,66000,blocked,8000,0,8000,8,3000000000000,,armed,67000,blocked
67000,1,1,91,1,0,tick,0,0,3,1000,1000000,1000,0,0,0,0,1000000000,1000000000,1000000000,,,0,,,,,8000,3000,8000,8,3000000000000,,armed,67000,blocked,8000,3000,8000,8,4000000000000,,armed,68000,blocked
67000,1,2,91,2,1,tick,0,0,3,1000,1000000,1000,0,0,0,0,1000000000,1000000000,1000000000,,,0,,,,,8000,2000,8000,8,3000000000000,,armed,67000,blocked,8000,2000,8000,8,4000000000000,,armed,68000,blocked
67000,1,3,91,3,2,tick,0,0,3,1000,1000000,1000,0,0,0,0,1000000000,1000000000,1000000000,,,0,,,,,8000,0,8000,8,3000000000000,,armed,67000,blocked,8000,0,8000,8,4000000000000,,armed,68000,blocked
68000,1,1,92,1,0,tick,0,0,3,1000,1000000,1000,0,0,0,0,1000000000,1000000000,1000000000,,,0,,,,,8000,3000,8000,8,4000000000000,,armed,68000,blocked,8000,3000,8000,8,5000000000000,,armed,69000,blocked
68000,1,2,92,2,1,tick,0,0,3,1000,1000000,1000,0,0,0,0,1000000000,1000000000,1000000000,,,0,,,,,8000,2000,8000,8,4000000000000,,armed,68000,blocked,8000,2000,8000,8,5000000000000,,armed,69000,blocked
68000,1,3,92,3,2,tick,0,0,3,1000,1000000,1000,0,0,0,0,1000000000,1000000000,1000000000,,,0,,,,,8000,0,8000,8,4000000000000,,armed,68000,blocked,8000,0,8000,8,5000000000000,,armed,69000,blocked
69000,1,1,93,1,0,tick,0,0,3,1000,1000000,1000,0,0,0,0,1000000000,1000000000,1000000000,,,0,,,,,8000,3000,8000,8,5000000000000,,armed,69000,blocked,8000,3000,8000,8,6000000000000,,armed,70000,blocked
69000,1,2,93,2,1,tick,0,0,3,1000,1000000,1000,0,0,0,0,1000000000,1000000000,1000000000,,,0,,,,,8000,2000,8000,8,5000000000000,,armed,69000,blocked,8000,2000,8000,8,6000000000000,,armed,70000,blocked
69000,1,3,93,3,2,tick,0,0,3,1000,1000000,1000,0,0,0,0,1000000000,1000000000,1000000000,,,0,,,,,8000,0,8000,8,5000000000000,,armed,69000,blocked,8000,0,8000,8,6000000000000,,armed,70000,blocked
70000,1,1,94,1,0,tick,0,0,3,1000,1000000,1000,0,0,0,0,1000000000,1000000000,1000000000,,,0,,,,,8000,3000,8000,8,6000000000000,,armed,70000,blocked,8000,3000,8000,8,7000000000000,,armed,71000,scheduled
70000,1,2,94,2,1,tick,0,0,3,1000,1000000,1000,0,0,0,0,1000000000,1000000000,1000000000,,,0,,,,,8000,2000,8000,8,6000000000000,,armed,70000,blocked,8000,2000,8000,8,7000000000000,,armed,71000,scheduled
70000,1,3,94,3,2,tick,0,0,3,1000,1000000,1000,0,0,0,0,1000000000,1000000000,1000000000,,,0,,,,,8000,0,8000,8,6000000000000,,armed,70000,blocked,8000,0,8000,8,7000000000000,,armed,71000,scheduled
71000,1,1,95,1,0,tick,0,0,3,1000,1000000,1000,0,0,0,0,1000000000,1000000000,1000000000,,,1,8000,1000,0,127,8000,3000,8000,8,7000000000000,,armed,71000,scheduled,9000,3000,9000,9,0,,armed,72000,blocked
71000,1,2,95,2,1,tick,0,0,3,1000,1000000,1000,0,0,0,0,1000000000,1000000000,1000000000,,,1,8000,1000,0,128,8000,2000,8000,8,7000000000000,,armed,71000,scheduled,9000,2000,9000,9,0,,armed,72000,blocked
71000,1,3,95,3,2,tick,0,0,3,1000,1000000,1000,0,0,0,0,1000000000,1000000000,1000000000,,,1,8000,1000,0,129,8000,0,8000,8,7000000000000,,armed,71000,scheduled,9000,0,9000,9,0,,armed,72000,blocked
72000,1,1,96,1,0,tick,0,0,3,1000,1000000,1000,0,0,0,0,1000000000,1000000000,1000000000,,,0,,,,,9000,3000,9000,9,0,,armed,72000,blocked,9000,3000,9000,9,1000000000000,,armed,73000,blocked
72000,1,2,96,2,1,tick,0,0,3,1000,1000000,1000,0,0,0,0,1000000000,1000000000,1000000000,,,0,,,,,9000,2000,9000,9,0,,armed,72000,blocked,9000,2000,9000,9,1000000000000,,armed,73000,blocked
72000,1,3,96,3,2,tick,0,0,3,1000,1000000,1000,0,0,0,0,1000000000,1000000000,1000000000,,,0,,,,,9000,0,9000,9,0,,armed,72000,blocked,9000,0,9000,9,1000000000000,,armed,73000,blocked
72536,0,6,11,1,0,ack,0,0,3,1000,1000000,1000,0,0,0,0,1000000000,1000000000,,4000,0,0,,,,,9000,3000,9000,9,1000000000000,,armed,73000,blocked,9000,4000,9000,9,1000000000000,,armed,73000,blocked
73000,1,1,100,1,0,tick,0,0,3,1000,1000000,1000,0,0,0,0,1000000000,1000000000,1000000000,,,0,,,,,9000,4000,9000,9,1000000000000,,armed,73000,blocked,9000,4000,9000,9,2000000000000,,armed,74000,blocked
73000,1,2,100,2,1,tick,0,0,3,1000,1000000,1000,0,0,0,0,1000000000,1000000000,1000000000,,,0,,,,,9000,2000,9000,9,1000000000000,,armed,73000,blocked,9000,2000,9000,9,2000000000000,,armed,74000,blocked
73000,1,3,100,3,2,tick,0,0,3,1000,1000000,1000,0,0,0,0,1000000000,1000000000,1000000000,,,0,,,,,9000,0,9000,9,1000000000000,,armed,73000,blocked,9000,0,9000,9,2000000000000,,armed,74000,blocked
74000,1,1,101,1,0,tick,0,0,3,1000,1000000,1000,0,0,0,0,1000000000,1000000000,1000000000,,,0,,,,,9000,4000,9000,9,2000000000000,,armed,74000,blocked,9000,4000,9000,9,3000000000000,,armed,75000,blocked
74000,1,2,101,2,1,tick,0,0,3,1000,1000000,1000,0,0,0,0,1000000000,1000000000,1000000000,,,0,,,,,9000,2000,9000,9,2000000000000,,armed,74000,blocked,9000,2000,9000,9,3000000000000,,armed,75000,blocked
74000,1,3,101,3,2,tick,0,0,3,1000,1000000,1000,0,0,0,0,1000000000,1000000000,1000000000,,,0,,,,,9000,0,9000,9,2000000000000,,armed,74000,blocked,9000,0,9000,9,3000000000000,,armed,75000,blocked
75000,1,1,102,1,0,tick,0,0,3,1000,1000000,1000,0,0,0,0,1000000000,1000000000,1000000000,,,0,,,,,9000,4000,9000,9,3000000000000,,armed,75000,blocked,9000,4000,9000,9,4000000000000,,armed,76000,blocked
75000,1,2,102,2,1,tick,0,0,3,1000,1000000,1000,0,0,0,0,1000000000,1000000000,1000000000,,,0,,,,,9000,2000,9000,9,3000000000000,,armed,75000,blocked,9000,2000,9000,9,4000000000000,,armed,76000,blocked
75000,1,3,102,3,2,tick,0,0,3,1000,1000000,1000,0,0,0,0,1000000000,1000000000,1000000000,,,0,,,,,9000,0,9000,9,3000000000000,,armed,75000,blocked,9000,0,9000,9,4000000000000,,armed,76000,blocked
76000,1,1,103,1,0,tick,0,0,3,1000,1000000,1000,0,0,0,0,1000000000,1000000000,1000000000,,,0,,,,,9000,4000,9000,9,4000000000000,,armed,76000,blocked,9000,4000,9000,9,5000000000000,,armed,77000,blocked
76000,1,2,103,2,1,tick,0,0,3,1000,1000000,1000,0,0,0,0,1000000000,1000000000,1000000000,,,0,,,,,9000,2000,9000,9,4000000000000,,armed,76000,blocked,9000,2000,9000,9,5000000000000,,armed,77000,blocked
76000,1,3,103,3,2,tick,0,0,3,1000,1000000,1000,0,0,0,0,1000000000,1000000000,1000000000,,,0,,,,,9000,0,9000,9,4000000000000,,armed,76000,blocked,9000,0,9000,9,5000000000000,,armed,77000,blocked
77000,1,1,104,1,0,tick,0,0,3,1000,1000000,1000,0,0,0,0,1000000000,1000000000,1000000000,,,0,,,,,9000,4000,9000,9,5000000000000,,armed,77000,blocked,9000,4000,9000,9,6000000000000,,armed,78000,blocked
77000,1,2,104,2,1,tick,0,0,3,1000,1000000,1000,0,0,0,0,1000000000,1000000000,1000000000,,,0,,,,,9000,2000,9000,9,5000000000000,,armed,77000,blocked,9000,2000,9000,9,6000000000000,,armed,78000,blocked
77000,1,3,104,3,2,tick,0,0,3,1000,1000000,1000,0,0,0,0,1000000000,1000000000,1000000000,,,0,,,,,9000,0,9000,9,5000000000000,,armed,77000,blocked,9000,0,9000,9,6000000000000,,armed,78000,blocked
78000,1,1,105,1,0,tick,0,0,3,1000,1000000,1000,0,0,0,0,1000000000,1000000000,1000000000,,,0,,,,,9000,4000,9000,9,6000000000000,,armed,78000,blocked,9000,4000,9000,9,7000000000000,,armed,79000,scheduled
78000,1,2,105,2,1,tick,0,0,3,1000,1000000,1000,0,0,0,0,1000000000,1000000000,1000000000,,,0,,,,,9000,2000,9000,9,6000000000000,,armed,78000,blocked,9000,2000,9000,9,7000000000000,,armed,79000,scheduled
78000,1,3,105,3,2,tick,0,0,3,1000,1000000,1000,0,0,0,0,1000000000,1000000000,1000000000,,,0,,,,,9000,0,9000,9,6000000000000,,armed,78000,blocked,9000,0,9000,9,7000000000000,,armed,79000,scheduled
79000,1,1,106,1,0,tick,0,0,3,1000,1000000,1000,0,0,0,0,1000000000,1000000000,1000000000,,,1,9000,1000,0,141,9000,4000,9000,9,7000000000000,,armed,79000,scheduled,10000,4000,10000,10,0,,armed,80000,blocked
79000,1,2,106,2,1,tick,0,0,3,1000,1000000,1000,0,0,0,0,1000000000,1000000000,1000000000,,,1,9000,1000,0,142,9000,2000,9000,9,7000000000000,,armed,79000,scheduled,10000,2000,10000,10,0,,armed,80000,blocked
79000,1,3,106,3,2,tick,0,0,3,1000,1000000,1000,0,0,0,0,1000000000,1000000000,1000000000,,,1,9000,1000,0,143,9000,0,9000,9,7000000000000,,armed,79000,scheduled,10000,0,10000,10,0,,armed,80000,blocked
80000,1,1,107,1,0,tick,0,0,3,1000,1000000,1000,0,0,0,0,1000000000,1000000000,1000000000,,,0,,,,,10000,4000,10000,10,0,,armed,80000,blocked,10000,4000,10000,10,1000000000000,,armed,81000,blocked
80000,1,2,107,2,1,tick,0,0,3,1000,1000000,1000,0,0,0,0,1000000000,1000000000,1000000000,,,0,,,,,10000,2000,10000,10,0,,armed,80000,blocked,10000,2000,10000,10,1000000000000,,armed,81000,blocked
80000,1,3,107,3,2,tick,0,0,3,1000,1000000,1000,0,0,0,0,1000000000,1000000000,1000000000,,,0,,,,,10000,0,10000,10,0,,armed,80000,blocked,10000,0,10000,10,1000000000000,,armed,81000,blocked
81000,1,1,111,1,0,tick,0,0,3,1000,1000000,1000,0,0,0,0,1000000000,1000000000,1000000000,,,0,,,,,10000,4000,10000,10,1000000000000,,armed,81000,blocked,10000,4000,10000,10,2000000000000,,armed,82000,blocked
81000,1,2,111,2,1,tick,0,0,3,1000,1000000,1000,0,0,0,0,1000000000,1000000000,1000000000,,,0,,,,,10000,2000,10000,10,1000000000000,,armed,81000,blocked,10000,2000,10000,10,2000000000000,,armed,82000,blocked
81000,1,3,111,3,2,tick,0,0,3,1000,1000000,1000,0,0,0,0,1000000000,1000000000,1000000000,,,0,,,,,10000,0,10000,10,1000000000000,,armed,81000,blocked,10000,0,10000,10,2000000000000,,armed,82000,blocked
81560,0,12,2,3,2,ack,0,0,3,1000,1000000,1000,0,0,0,0,1000000000,1000000000,,1000,0,0,,,,,10000,0,10000,10,2000000000000,,armed,82000,blocked,10000,1000,10000,10,2000000000000,,armed,82000,blocked
82000,1,1,112,1,0,tick,0,0,3,1000,1000000,1000,0,0,0,0,1000000000,1000000000,1000000000,,,0,,,,,10000,4000,10000,10,2000000000000,,armed,82000,blocked,10000,4000,10000,10,3000000000000,,armed,83000,blocked
82000,1,2,112,2,1,tick,0,0,3,1000,1000000,1000,0,0,0,0,1000000000,1000000000,1000000000,,,0,,,,,10000,2000,10000,10,2000000000000,,armed,82000,blocked,10000,2000,10000,10,3000000000000,,armed,83000,blocked
82000,1,3,112,3,2,tick,0,0,3,1000,1000000,1000,0,0,0,0,1000000000,1000000000,1000000000,,,0,,,,,10000,1000,10000,10,2000000000000,,armed,82000,blocked,10000,1000,10000,10,3000000000000,,armed,83000,blocked
83000,1,1,113,1,0,tick,0,0,3,1000,1000000,1000,0,0,0,0,1000000000,1000000000,1000000000,,,0,,,,,10000,4000,10000,10,3000000000000,,armed,83000,blocked,10000,4000,10000,10,4000000000000,,armed,84000,blocked
83000,1,2,113,2,1,tick,0,0,3,1000,1000000,1000,0,0,0,0,1000000000,1000000000,1000000000,,,0,,,,,10000,2000,10000,10,3000000000000,,armed,83000,blocked,10000,2000,10000,10,4000000000000,,armed,84000,blocked
83000,1,3,113,3,2,tick,0,0,3,1000,1000000,1000,0,0,0,0,1000000000,1000000000,1000000000,,,0,,,,,10000,1000,10000,10,3000000000000,,armed,83000,blocked,10000,1000,10000,10,4000000000000,,armed,84000,blocked
84000,1,1,114,1,0,tick,0,0,3,1000,1000000,1000,0,0,0,0,1000000000,1000000000,1000000000,,,0,,,,,10000,4000,10000,10,4000000000000,,armed,84000,blocked,10000,4000,10000,10,5000000000000,,armed,85000,blocked
84000,1,2,114,2,1,tick,0,0,3,1000,1000000,1000,0,0,0,0,1000000000,1000000000,1000000000,,,0,,,,,10000,2000,10000,10,4000000000000,,armed,84000,blocked,10000,2000,10000,10,5000000000000,,armed,85000,blocked
84000,1,3,114,3,2,tick,0,0,3,1000,1000000,1000,0,0,0,0,1000000000,1000000000,1000000000,,,0,,,,,10000,1000,10000,10,4000000000000,,armed,84000,blocked,10000,1000,10000,10,5000000000000,,armed,85000,blocked
85000,1,1,115,1,0,tick,0,0,3,1000,1000000,1000,0,0,0,0,1000000000,1000000000,1000000000,,,0,,,,,10000,4000,10000,10,5000000000000,,armed,85000,blocked,10000,4000,10000,10,6000000000000,,armed,86000,blocked
85000,1,2,115,2,1,tick,0,0,3,1000,1000000,1000,0,0,0,0,1000000000,1000000000,1000000000,,,0,,,,,10000,2000,10000,10,5000000000000,,armed,85000,blocked,10000,2000,10000,10,6000000000000,,armed,86000,blocked
85000,1,3,115,3,2,tick,0,0,3,1000,1000000,1000,0,0,0,0,1000000000,1000000000,1000000000,,,0,,,,,10000,1000,10000,10,5000000000000,,armed,85000,blocked,10000,1000,10000,10,6000000000000,,armed,86000,blocked
86000,1,1,116,1,0,tick,0,0,3,1000,1000000,1000,0,0,0,0,1000000000,1000000000,1000000000,,,0,,,,,10000,4000,10000,10,6000000000000,,armed,86000,blocked,10000,4000,10000,10,7000000000000,,armed,87000,scheduled
86000,1,2,116,2,1,tick,0,0,3,1000,1000000,1000,0,0,0,0,1000000000,1000000000,1000000000,,,0,,,,,10000,2000,10000,10,6000000000000,,armed,86000,blocked,10000,2000,10000,10,7000000000000,,armed,87000,scheduled
86000,1,3,116,3,2,tick,0,0,3,1000,1000000,1000,0,0,0,0,1000000000,1000000000,1000000000,,,0,,,,,10000,1000,10000,10,6000000000000,,armed,86000,blocked,10000,1000,10000,10,7000000000000,,armed,87000,scheduled
87000,1,1,117,1,0,tick,0,0,3,1000,1000000,1000,0,0,0,0,1000000000,1000000000,1000000000,,,1,10000,1000,0,155,10000,4000,10000,10,7000000000000,,armed,87000,scheduled,11000,4000,11000,11,0,,armed,88000,blocked
87000,1,2,117,2,1,tick,0,0,3,1000,1000000,1000,0,0,0,0,1000000000,1000000000,1000000000,,,1,10000,1000,0,156,10000,2000,10000,10,7000000000000,,armed,87000,scheduled,11000,2000,11000,11,0,,armed,88000,blocked
87000,1,3,117,3,2,tick,0,0,3,1000,1000000,1000,0,0,0,0,1000000000,1000000000,1000000000,,,1,10000,1000,0,157,10000,1000,10000,10,7000000000000,,armed,87000,scheduled,11000,1000,11000,11,0,,armed,88000,blocked
88000,1,1,118,1,0,tick,0,0,3,1000,1000000,1000,0,0,0,0,1000000000,1000000000,1000000000,,,0,,,,,11000,4000,11000,11,0,,armed,88000,blocked,11000,4000,11000,11,1000000000000,,armed,89000,blocked
88000,1,2,118,2,1,tick,0,0,3,1000,1000000,1000,0,0,0,0,1000000000,1000000000,1000000000,,,0,,,,,11000,2000,11000,11,0,,armed,88000,blocked,11000,2000,11000,11,1000000000000,,armed,89000,blocked
88000,1,3,118,3,2,tick,0,0,3,1000,1000000,1000,0,0,0,0,1000000000,1000000000,1000000000,,,0,,,,,11000,1000,11000,11,0,,armed,88000,blocked,11000,1000,11000,11,1000000000000,,armed,89000,blocked
88536,0,6,14,1,0,ack,0,0,3,1000,1000000,1000,0,0,0,0,1000000000,1000000000,,5000,0,0,,,,,11000,4000,11000,11,1000000000000,,armed,89000,blocked,11000,5000,11000,11,1000000000000,,armed,89000,blocked
89000,1,1,122,1,0,tick,0,0,3,1000,1000000,1000,0,0,0,0,1000000000,1000000000,1000000000,,,0,,,,,11000,5000,11000,11,1000000000000,,armed,89000,blocked,11000,5000,11000,11,2000000000000,,armed,90000,blocked
89000,1,2,122,2,1,tick,0,0,3,1000,1000000,1000,0,0,0,0,1000000000,1000000000,1000000000,,,0,,,,,11000,2000,11000,11,1000000000000,,armed,89000,blocked,11000,2000,11000,11,2000000000000,,armed,90000,blocked
89000,1,3,122,3,2,tick,0,0,3,1000,1000000,1000,0,0,0,0,1000000000,1000000000,1000000000,,,0,,,,,11000,1000,11000,11,1000000000000,,armed,89000,blocked,11000,1000,11000,11,2000000000000,,armed,90000,blocked
90000,1,1,123,1,0,tick,0,0,3,1000,1000000,1000,0,0,0,0,1000000000,1000000000,1000000000,,,0,,,,,11000,5000,11000,11,2000000000000,,armed,90000,blocked,11000,5000,11000,11,3000000000000,,armed,91000,blocked
90000,1,2,123,2,1,tick,0,0,3,1000,1000000,1000,0,0,0,0,1000000000,1000000000,1000000000,,,0,,,,,11000,2000,11000,11,2000000000000,,armed,90000,blocked,11000,2000,11000,11,3000000000000,,armed,91000,blocked
90000,1,3,123,3,2,tick,0,0,3,1000,1000000,1000,0,0,0,0,1000000000,1000000000,1000000000,,,0,,,,,11000,1000,11000,11,2000000000000,,armed,90000,blocked,11000,1000,11000,11,3000000000000,,armed,91000,blocked
91000,1,1,124,1,0,tick,0,0,3,1000,1000000,1000,0,0,0,0,1000000000,1000000000,1000000000,,,0,,,,,11000,5000,11000,11,3000000000000,,armed,91000,blocked,11000,5000,11000,11,4000000000000,,armed,92000,blocked
91000,1,2,124,2,1,tick,0,0,3,1000,1000000,1000,0,0,0,0,1000000000,1000000000,1000000000,,,0,,,,,11000,2000,11000,11,3000000000000,,armed,91000,blocked,11000,2000,11000,11,4000000000000,,armed,92000,blocked
91000,1,3,124,3,2,tick,0,0,3,1000,1000000,1000,0,0,0,0,1000000000,1000000000,1000000000,,,0,,,,,11000,1000,11000,11,3000000000000,,armed,91000,blocked,11000,1000,11000,11,4000000000000,,armed,92000,blocked
92000,1,1,125,1,0,tick,0,0,3,1000,1000000,1000,0,0,0,0,1000000000,1000000000,1000000000,,,0,,,,,11000,5000,11000,11,4000000000000,,armed,92000,blocked,11000,5000,11000,11,5000000000000,,armed,93000,blocked
92000,1,2,125,2,1,tick,0,0,3,1000,1000000,1000,0,0,0,0,1000000000,1000000000,1000000000,,,0,,,,,11000,2000,11000,11,4000000000000,,armed,92000,blocked,11000,2000,11000,11,5000000000000,,armed,93000,blocked
92000,1,3,125,3,2,tick,0,0,3,1000,1000000,1000,0,0,0,0,1000000000,1000000000,1000000000,,,0,,,,,11000,1000,11000,11,4000000000000,,armed,92000,blocked,11000,1000,11000,11,5000000000000,,armed,93000,blocked
93000,1,1,126,1,0,tick,0,0,3,1000,1000000,1000,0,0,0,0,1000000000,1000000000,1000000000,,,0,,,,,11000,5000,11000,11,5000000000000,,armed,93000,blocked,11000,5000,11000,11,6000000000000,,armed,94000,blocked
93000,1,2,126,2,1,tick,0,0,3,1000,1000000,1000,0,0,0,0,1000000000,1000000000,1000000000,,,0,,,,,11000,2000,11000,11,5000000000000,,armed,93000,blocked,11000,2000,11000,11,6000000000000,,armed,94000,blocked
93000,1,3,126,3,2,tick,0,0,3,1000,1000000,1000,0,0,0,0,1000000000,1000000000,1000000000,,,0,,,,,11000,1000,11000,11,5000000000000,,armed,93000,blocked,11000,1000,11000,11,6000000000000,,armed,94000,blocked
94000,1,1,127,1,0,tick,0,0,3,1000,1000000,1000,0,0,0,0,1000000000,1000000000,1000000000,,,0,,,,,11000,5000,11000,11,6000000000000,,armed,94000,blocked,11000,5000,11000,11,7000000000000,,armed,95000,scheduled
94000,1,2,127,2,1,tick,0,0,3,1000,1000000,1000,0,0,0,0,1000000000,1000000000,1000000000,,,0,,,,,11000,2000,11000,11,6000000000000,,armed,94000,blocked,11000,2000,11000,11,7000000000000,,armed,95000,scheduled
94000,1,3,127,3,2,tick,0,0,3,1000,1000000,1000,0,0,0,0,1000000000,1000000000,1000000000,,,0,,,,,11000,1000,11000,11,6000000000000,,armed,94000,blocked,11000,1000,11000,11,7000000000000,,armed,95000,scheduled
95000,1,1,128,1,0,tick,0,0,3,1000,1000000,1000,0,0,0,0,1000000000,1000000000,1000000000,,,1,11000,1000,0,169,11000,5000,11000,11,7000000000000,,armed,95000,scheduled,12000,5000,12000,12,0,,armed,96000,blocked
95000,1,2,128,2,1,tick,0,0,3,1000,1000000,1000,0,0,0,0,1000000000,1000000000,1000000000,,,1,11000,1000,0,170,11000,2000,11000,11,7000000000000,,armed,95000,scheduled,12000,2000,12000,12,0,,armed,96000,blocked
95000,1,3,128,3,2,tick,0,0,3,1000,1000000,1000,0,0,0,0,1000000000,1000000000,1000000000,,,1,11000,1000,0,171,11000,1000,11000,11,7000000000000,,armed,95000,scheduled,12000,1000,12000,12,0,,armed,96000,blocked
96000,1,1,129,1,0,tick,0,0,3,1000,1000000,1000,0,0,0,0,1000000000,1000000000,1000000000,,,0,,,,,12000,5000,12000,12,0,,armed,96000,blocked,12000,5000,12000,12,1000000000000,,armed,97000,blocked
96000,1,2,129,2,1,tick,0,0,3,1000,1000000,1000,0,0,0,0,1000000000,1000000000,1000000000,,,0,,,,,12000,2000,12000,12,0,,armed,96000,blocked,12000,2000,12000,12,1000000000000,,armed,97000,blocked
96000,1,3,129,3,2,tick,0,0,3,1000,1000000,1000,0,0,0,0,1000000000,1000000000,1000000000,,,0,,,,,12000,1000,12000,12,0,,armed,96000,blocked,12000,1000,12000,12,1000000000000,,armed,97000,blocked
97000,1,1,133,1,0,tick,0,0,3,1000,1000000,1000,0,0,0,0,1000000000,1000000000,1000000000,,,0,,,,,12000,5000,12000,12,1000000000000,,armed,97000,blocked,12000,5000,12000,12,2000000000000,,armed,98000,blocked
97000,1,2,133,2,1,tick,0,0,3,1000,1000000,1000,0,0,0,0,1000000000,1000000000,1000000000,,,0,,,,,12000,2000,12000,12,1000000000000,,armed,97000,blocked,12000,2000,12000,12,2000000000000,,armed,98000,blocked
97000,1,3,133,3,2,tick,0,0,3,1000,1000000,1000,0,0,0,0,1000000000,1000000000,1000000000,,,0,,,,,12000,1000,12000,12,1000000000000,,armed,97000,blocked,12000,1000,12000,12,2000000000000,,armed,98000,blocked
97048,0,9,8,2,1,ack,0,0,3,1000,1000000,1000,0,0,0,0,1000000000,1000000000,,3000,0,0,,,,,12000,2000,12000,12,2000000000000,,armed,98000,blocked,12000,3000,12000,12,2000000000000,,armed,98000,blocked
98000,1,1,134,1,0,tick,0,0,3,1000,1000000,1000,0,0,0,0,1000000000,1000000000,1000000000,,,0,,,,,12000,5000,12000,12,2000000000000,,armed,98000,blocked,12000,5000,12000,12,3000000000000,,armed,99000,blocked
98000,1,2,134,2,1,tick,0,0,3,1000,1000000,1000,0,0,0,0,1000000000,1000000000,1000000000,,,0,,,,,12000,3000,12000,12,2000000000000,,armed,98000,blocked,12000,3000,12000,12,3000000000000,,armed,99000,blocked
98000,1,3,134,3,2,tick,0,0,3,1000,1000000,1000,0,0,0,0,1000000000,1000000000,1000000000,,,0,,,,,12000,1000,12000,12,2000000000000,,armed,98000,blocked,12000,1000,12000,12,3000000000000,,armed,99000,blocked
99000,1,1,135,1,0,tick,0,0,3,1000,1000000,1000,0,0,0,0,1000000000,1000000000,1000000000,,,0,,,,,12000,5000,12000,12,3000000000000,,armed,99000,blocked,12000,5000,12000,12,4000000000000,,armed,100000,blocked
99000,1,2,135,2,1,tick,0,0,3,1000,1000000,1000,0,0,0,0,1000000000,1000000000,1000000000,,,0,,,,,12000,3000,12000,12,3000000000000,,armed,99000,blocked,12000,3000,12000,12,4000000000000,,armed,100000,blocked
99000,1,3,135,3,2,tick,0,0,3,1000,1000000,1000,0,0,0,0,1000000000,1000000000,1000000000,,,0,,,,,12000,1000,12000,12,3000000000000,,armed,99000,blocked,12000,1000,12000,12,4000000000000,,armed,100000,blocked
100000,1,1,136,1,0,tick,0,0,3,1000,1000000,1000,0,0,0,0,1000000000,1000000000,1000000000,,,0,,,,,12000,5000,12000,12,4000000000000,,armed,100000,blocked,12000,5000,12000,12,5000000000000,,armed,101000,blocked
100000,1,2,136,2,1,tick,0,0,3,1000,1000000,1000,0,0,0,0,1000000000,1000000000,1000000000,,,0,,,,,12000,3000,12000,12,4000000000000,,armed,100000,blocked,12000,3000,12000,12,5000000000000,,armed,101000,blocked
100000,1,3,136,3,2,tick,0,0,3,1000,1000000,1000,0,0,0,0,1000000000,1000000000,1000000000,,,0,,,,,12000,1000,12000,12,4000000000000,,armed,100000,blocked,12000,1000,12000,12,5000000000000,,armed,101000,blocked
101000,1,1,137,1,0,tick,0,0,3,1000,1000000,1000,0,0,0,0,1000000000,1000000000,1000000000,,,0,,,,,12000,5000,12000,12,5000000000000,,armed,101000,blocked,12000,5000,12000,12,6000000000000,,armed,102000,blocked
101000,1,2,137,2,1,tick,0,0,3,1000,1000000,1000,0,0,0,0,1000000000,1000000000,1000000000,,,0,,,,,12000,3000,12000,12,5000000000000,,armed,101000,blocked,12000,3000,12000,12,6000000000000,,armed,102000,blocked
101000,1,3,137,3,2,tick,0,0,3,1000,1000000,1000,0,0,0,0,1000000000,1000000000,1000000000,,,0,,,,,12000,1000,12000,12,5000000000000,,armed,101000,blocked,12000,1000,12000,12,6000000000000,,armed,102000,blocked
102000,1,1,138,1,0,tick,0,0,3,1000,1000000,1000,0,0,0,0,1000000000,1000000000,1000000000,,,0,,,,,12000,5000,12000,12,6000000000000,,armed,102000,blocked,12000,5000,12000,12,7000000000000,,armed,103000,scheduled
102000,1,2,138,2,1,tick,0,0,3,1000,1000000,1000,0,0,0,0,1000000000,1000000000,1000000000,,,0,,,,,12000,3000,12000,12,6000000000000,,armed,102000,blocked,12000,3000,12000,12,7000000000000,,armed,103000,scheduled
102000,1,3,138,3,2,tick,0,0,3,1000,1000000,1000,0,0,0,0,1000000000,1000000000,1000000000,,,0,,,,,12000,1000,12000,12,6000000000000,,armed,102000,blocked,12000,1000,12000,12,7000000000000,,armed,103000,scheduled
103000,1,1,139,1,0,tick,0,0,3,1000,1000000,1000,0,0,0,0,1000000000,1000000000,1000000000,,,1,12000,1000,0,183,12000,5000,12000,12,7000000000000,,armed,103000,scheduled,13000,5000,13000,13,0,,armed,104000,blocked
103000,1,2,139,2,1,tick,0,0,3,1000,1000000,1000,0,0,0,0,1000000000,1000000000,1000000000,,,1,12000,1000,0,184,12000,3000,12000,12,7000000000000,,armed,103000,scheduled,13000,3000,13000,13,0,,armed,104000,blocked
103000,1,3,139,3,2,tick,0,0,3,1000,1000000,1000,0,0,0,0,1000000000,1000000000,1000000000,,,1,12000,1000,0,185,12000,1000,12000,12,7000000000000,,armed,103000,scheduled,13000,1000,13000,13,0,,armed,104000,blocked
104000,1,1,140,1,0,tick,0,0,3,1000,1000000,1000,0,0,0,0,1000000000,1000000000,1000000000,,,0,,,,,13000,5000,13000,13,0,,armed,104000,blocked,13000,5000,13000,13,1000000000000,,armed,105000,blocked
104000,1,2,140,2,1,tick,0,0,3,1000,1000000,1000,0,0,0,0,1000000000,1000000000,1000000000,,,0,,,,,13000,3000,13000,13,0,,armed,104000,blocked,13000,3000,13000,13,1000000000000,,armed,105000,blocked
104000,1,3,140,3,2,tick,0,0,3,1000,1000000,1000,0,0,0,0,1000000000,1000000000,1000000000,,,0,,,,,13000,1000,13000,13,0,,armed,104000,blocked,13000,1000,13000,13,1000000000000,,armed,105000,blocked
104536,0,6,17,1,0,ack,0,0,3,1000,1000000,1000,0,0,0,0,1000000000,1000000000,,6000,0,0,,,,,13000,5000,13000,13,1000000000000,,armed,105000,blocked,13000,6000,13000,13,1000000000000,,armed,105000,blocked
105000,1,1,144,1,0,tick,0,0,3,1000,1000000,1000,0,0,0,0,1000000000,1000000000,1000000000,,,0,,,,,13000,6000,13000,13,1000000000000,,armed,105000,blocked,13000,6000,13000,13,2000000000000,,armed,106000,blocked
105000,1,2,144,2,1,tick,0,0,3,1000,1000000,1000,0,0,0,0,1000000000,1000000000,1000000000,,,0,,,,,13000,3000,13000,13,1000000000000,,armed,105000,blocked,13000,3000,13000,13,2000000000000,,armed,106000,blocked
105000,1,3,144,3,2,tick,0,0,3,1000,1000000,1000,0,0,0,0,1000000000,1000000000,1000000000,,,0,,,,,13000,1000,13000,13,1000000000000,,armed,105000,blocked,13000,1000,13000,13,2000000000000,,armed,106000,blocked
106000,1,1,145,1,0,tick,0,0,3,1000,1000000,1000,0,0,0,0,1000000000,1000000000,1000000000,,,0,,,,,13000,6000,13000,13,2000000000000,,armed,106000,blocked,13000,6000,13000,13,3000000000000,,armed,107000,blocked
106000,1,2,145,2,1,tick,0,0,3,1000,1000000,1000,0,0,0,0,1000000000,1000000000,1000000000,,,0,,,,,13000,3000,13000,13,2000000000000,,armed,106000,blocked,13000,3000,13000,13,3000000000000,,armed,107000,blocked
106000,1,3,145,3,2,tick,0,0,3,1000,1000000,1000,0,0,0,0,1000000000,1000000000,1000000000,,,0,,,,,13000,1000,13000,13,2000000000000,,armed,106000,blocked,13000,1000,13000,13,3000000000000,,armed,107000,blocked
107000,1,1,146,1,0,tick,0,0,3,1000,1000000,1000,0,0,0,0,1000000000,1000000000,1000000000,,,0,,,,,13000,6000,13000,13,3000000000000,,armed,107000,blocked,13000,6000,13000,13,4000000000000,,armed,108000,blocked
107000,1,2,146,2,1,tick,0,0,3,1000,1000000,1000,0,0,0,0,1000000000,1000000000,1000000000,,,0,,,,,13000,3000,13000,13,3000000000000,,armed,107000,blocked,13000,3000,13000,13,4000000000000,,armed,108000,blocked
107000,1,3,146,3,2,tick,0,0,3,1000,1000000,1000,0,0,0,0,1000000000,1000000000,1000000000,,,0,,,,,13000,1000,13000,13,3000000000000,,armed,107000,blocked,13000,1000,13000,13,4000000000000,,armed,108000,blocked
108000,1,1,147,1,0,tick,0,0,3,1000,1000000,1000,0,0,0,0,1000000000,1000000000,1000000000,,,0,,,,,13000,6000,13000,13,4000000000000,,armed,108000,blocked,13000,6000,13000,13,5000000000000,,armed,109000,blocked
108000,1,2,147,2,1,tick,0,0,3,1000,1000000,1000,0,0,0,0,1000000000,1000000000,1000000000,,,0,,,,,13000,3000,13000,13,4000000000000,,armed,108000,blocked,13000,3000,13000,13,5000000000000,,armed,109000,blocked
108000,1,3,147,3,2,tick,0,0,3,1000,1000000,1000,0,0,0,0,1000000000,1000000000,1000000000,,,0,,,,,13000,1000,13000,13,4000000000000,,armed,108000,blocked,13000,1000,13000,13,5000000000000,,armed,109000,blocked
109000,1,1,148,1,0,tick,0,0,3,1000,1000000,1000,0,0,0,0,1000000000,1000000000,1000000000,,,0,,,,,13000,6000,13000,13,5000000000000,,armed,109000,blocked,13000,6000,13000,13,6000000000000,,armed,110000,blocked
109000,1,2,148,2,1,tick,0,0,3,1000,1000000,1000,0,0,0,0,1000000000,1000000000,1000000000,,,0,,,,,13000,3000,13000,13,5000000000000,,armed,109000,blocked,13000,3000,13000,13,6000000000000,,armed,110000,blocked
109000,1,3,148,3,2,tick,0,0,3,1000,1000000,1000,0,0,0,0,1000000000,1000000000,1000000000,,,0,,,,,13000,1000,13000,13,5000000000000,,armed,109000,blocked,13000,1000,13000,13,6000000000000,,armed,110000,blocked
110000,1,1,149,1,0,tick,0,0,3,1000,1000000,1000,0,0,0,0,1000000000,1000000000,1000000000,,,0,,,,,13000,6000,13000,13,6000000000000,,armed,110000,blocked,13000,6000,13000,13,7000000000000,,armed,111000,scheduled
110000,1,2,149,2,1,tick,0,0,3,1000,1000000,1000,0,0,0,0,1000000000,1000000000,1000000000,,,0,,,,,13000,3000,13000,13,6000000000000,,armed,110000,blocked,13000,3000,13000,13,7000000000000,,armed,111000,scheduled
110000,1,3,149,3,2,tick,0,0,3,1000,1000000,1000,0,0,0,0,1000000000,1000000000,1000000000,,,0,,,,,13000,1000,13000,13,6000000000000,,armed,110000,blocked,13000,1000,13000,13,7000000000000,,armed,111000,scheduled
111000,1,1,150,1,0,tick,0,0,3,1000,1000000,1000,0,0,0,0,1000000000,1000000000,1000000000,,,1,13000,1000,0,197,13000,6000,13000,13,7000000000000,,armed,111000,scheduled,14000,6000,14000,14,0,,armed,112000,blocked
111000,1,2,150,2,1,tick,0,0,3,1000,1000000,1000,0,0,0,0,1000000000,1000000000,1000000000,,,1,13000,1000,0,198,13000,3000,13000,13,7000000000000,,armed,111000,scheduled,14000,3000,14000,14,0,,armed,112000,blocked
111000,1,3,150,3,2,tick,0,0,3,1000,1000000,1000,0,0,0,0,1000000000,1000000000,1000000000,,,1,13000,1000,0,199,13000,1000,13000,13,7000000000000,,armed,111000,scheduled,14000,1000,14000,14,0,,armed,112000,blocked
112000,1,1,151,1,0,tick,0,0,3,1000,1000000,1000,0,0,0,0,1000000000,1000000000,1000000000,,,0,,,,,14000,6000,14000,14,0,,armed,112000,blocked,14000,6000,14000,14,1000000000000,,armed,113000,blocked
112000,1,2,151,2,1,tick,0,0,3,1000,1000000,1000,0,0,0,0,1000000000,1000000000,1000000000,,,0,,,,,14000,3000,14000,14,0,,armed,112000,blocked,14000,3000,14000,14,1000000000000,,armed,113000,blocked
112000,1,3,151,3,2,tick,0,0,3,1000,1000000,1000,0,0,0,0,1000000000,1000000000,1000000000,,,0,,,,,14000,1000,14000,14,0,,armed,112000,blocked,14000,1000,14000,14,1000000000000,,armed,113000,blocked
113000,1,1,155,1,0,tick,0,0,3,1000,1000000,1000,0,0,0,0,1000000000,1000000000,1000000000,,,0,,,,,14000,6000,14000,14,1000000000000,,armed,113000,blocked,14000,6000,14000,14,2000000000000,,armed,114000,blocked
113000,1,2,155,2,1,tick,0,0,3,1000,1000000,1000,0,0,0,0,1000000000,1000000000,1000000000,,,0,,,,,14000,3000,14000,14,1000000000000,,armed,113000,blocked,14000,3000,14000,14,2000000000000,,armed,114000,blocked
113000,1,3,155,3,2,tick,0,0,3,1000,1000000,1000,0,0,0,0,1000000000,1000000000,1000000000,,,0,,,,,14000,1000,14000,14,1000000000000,,armed,113000,blocked,14000,1000,14000,14,2000000000000,,armed,114000,blocked
113560,0,12,5,3,2,ack,0,0,3,1000,1000000,1000,0,0,0,0,1000000000,1000000000,,2000,0,0,,,,,14000,1000,14000,14,2000000000000,,armed,114000,blocked,14000,2000,14000,14,2000000000000,,armed,114000,blocked
114000,1,1,156,1,0,tick,0,0,3,1000,1000000,1000,0,0,0,0,1000000000,1000000000,1000000000,,,0,,,,,14000,6000,14000,14,2000000000000,,armed,114000,blocked,14000,6000,14000,14,3000000000000,,armed,115000,blocked
114000,1,2,156,2,1,tick,0,0,3,1000,1000000,1000,0,0,0,0,1000000000,1000000000,1000000000,,,0,,,,,14000,3000,14000,14,2000000000000,,armed,114000,blocked,14000,3000,14000,14,3000000000000,,armed,115000,blocked
114000,1,3,156,3,2,tick,0,0,3,1000,1000000,1000,0,0,0,0,1000000000,1000000000,1000000000,,,0,,,,,14000,2000,14000,14,2000000000000,,armed,114000,blocked,14000,2000,14000,14,3000000000000,,armed,115000,blocked
115000,1,1,157,1,0,tick,0,0,3,1000,1000000,1000,0,0,0,0,1000000000,1000000000,1000000000,,,0,,,,,14000,6000,14000,14,3000000000000,,armed,115000,blocked,14000,6000,14000,14,4000000000000,,armed,116000,blocked
115000,1,2,157,2,1,tick,0,0,3,1000,1000000,1000,0,0,0,0,1000000000,1000000000,1000000000,,,0,,,,,14000,3000,14000,14,3000000000000,,armed,115000,blocked,14000,3000,14000,14,4000000000000,,armed,116000,blocked
115000,1,3,157,3,2,tick,0,0,3,1000,1000000,1000,0,0,0,0,1000000000,1000000000,1000000000,,,0,,,,,14000,2000,14000,14,3000000000000,,armed,115000,blocked,14000,2000,14000,14,4000000000000,,armed,116000,blocked
116000,1,1,158,1,0,tick,0,0,3,1000,1000000,1000,0,0,0,0,1000000000,1000000000,1000000000,,,0,,,,,14000,6000,14000,14,4000000000000,,armed,116000,blocked,14000,6000,14000,14,5000000000000,,armed,117000,blocked
116000,1,2,158,2,1,tick,0,0,3,1000,1000000,1000,0,0,0,0,1000000000,1000000000,1000000000,,,0,,,,,14000,3000,14000,14,4000000000000,,armed,116000,blocked,14000,3000,14000,14,5000000000000,,armed,117000,blocked
116000,1,3,158,3,2,tick,0,0,3,1000,1000000,1000,0,0,0,0,1000000000,1000000000,1000000000,,,0,,,,,14000,2000,14000,14,4000000000000,,armed,116000,blocked,14000,2000,14000,14,5000000000000,,armed,117000,blocked
117000,1,1,159,1,0,tick,0,0,3,1000,1000000,1000,0,0,0,0,1000000000,1000000000,1000000000,,,0,,,,,14000,6000,14000,14,5000000000000,,armed,117000,blocked,14000,6000,14000,14,6000000000000,,armed,118000,blocked
117000,1,2,159,2,1,tick,0,0,3,1000,1000000,1000,0,0,0,0,1000000000,1000000000,1000000000,,,0,,,,,14000,3000,14000,14,5000000000000,,armed,117000,blocked,14000,3000,14000,14,6000000000000,,armed,118000,blocked
117000,1,3,159,3,2,tick,0,0,3,1000,1000000,1000,0,0,0,0,1000000000,1000000000,1000000000,,,0,,,,,14000,2000,14000,14,5000000000000,,armed,117000,blocked,14000,2000,14000,14,6000000000000,,armed,118000,blocked
118000,1,1,160,1,0,tick,0,0,3,1000,1000000,1000,0,0,0,0,1000000000,1000000000,1000000000,,,0,,,,,14000,6000,14000,14,6000000000000,,armed,118000,blocked,14000,6000,14000,14,7000000000000,,armed,119000,scheduled
118000,1,2,160,2,1,tick,0,0,3,1000,1000000,1000,0,0,0,0,1000000000,1000000000,1000000000,,,0,,,,,14000,3000,14000,14,6000000000000,,armed,118000,blocked,14000,3000,14000,14,7000000000000,,armed,119000,scheduled
118000,1,3,160,3,2,tick,0,0,3,1000,1000000,1000,0,0,0,0,1000000000,1000000000,1000000000,,,0,,,,,14000,2000,14000,14,6000000000000,,armed,118000,blocked,14000,2000,14000,14,7000000000000,,armed,119000,scheduled
119000,1,1,161,1,0,tick,0,0,3,1000,1000000,1000,0,0,0,0,1000000000,1000000000,1000000000,,,1,14000,1000,0,211,14000,6000,14000,14,7000000000000,,armed,119000,scheduled,15000,6000,15000,15,0,,armed,120000,blocked
119000,1,2,161,2,1,tick,0,0,3,1000,1000000,1000,0,0,0,0,1000000000,1000000000,1000000000,,,1,14000,1000,0,212,14000,3000,14000,14,7000000000000,,armed,119000,scheduled,15000,3000,15000,15,0,,armed,120000,blocked
119000,1,3,161,3,2,tick,0,0,3,1000,1000000,1000,0,0,0,0,1000000000,1000000000,1000000000,,,1,14000,1000,0,213,14000,2000,14000,14,7000000000000,,armed,119000,scheduled,15000,2000,15000,15,0,,armed,120000,blocked
120000,1,1,162,1,0,tick,0,0,3,1000,1000000,1000,0,0,0,0,1000000000,1000000000,1000000000,,,0,,,,,15000,6000,15000,15,0,,armed,120000,blocked,15000,6000,15000,15,1000000000000,,armed,121000,blocked
120000,1,2,162,2,1,tick,0,0,3,1000,1000000,1000,0,0,0,0,1000000000,1000000000,1000000000,,,0,,,,,15000,3000,15000,15,0,,armed,120000,blocked,15000,3000,15000,15,1000000000000,,armed,121000,blocked
120000,1,3,162,3,2,tick,0,0,3,1000,1000000,1000,0,0,0,0,1000000000,1000000000,1000000000,,,0,,,,,15000,2000,15000,15,0,,armed,120000,blocked,15000,2000,15000,15,1000000000000,,armed,121000,blocked
120536,0,6,20,1,0,ack,0,0,3,1000,1000000,1000,0,0,0,0,1000000000,1000000000,,7000,0,0,,,,,15000,6000,15000,15,1000000000000,,armed,121000,blocked,15000,7000,15000,15,1000000000000,,armed,121000,blocked
121000,1,1,166,1,0,tick,0,0,3,1000,1000000,1000,0,0,0,0,1000000000,1000000000,1000000000,,,0,,,,,15000,7000,15000,15,1000000000000,,armed,121000,blocked,15000,7000,15000,15,2000000000000,,armed,122000,blocked
121000,1,2,166,2,1,tick,0,0,3,1000,1000000,1000,0,0,0,0,1000000000,1000000000,1000000000,,,0,,,,,15000,3000,15000,15,1000000000000,,armed,121000,blocked,15000,3000,15000,15,2000000000000,,armed,122000,blocked
121000,1,3,166,3,2,tick,0,0,3,1000,1000000,1000,0,0,0,0,1000000000,1000000000,1000000000,,,0,,,,,15000,2000,15000,15,1000000000000,,armed,121000,blocked,15000,2000,15000,15,2000000000000,,armed,122000,blocked
122000,1,1,167,1,0,tick,0,0,3,1000,1000000,1000,0,0,0,0,1000000000,1000000000,1000000000,,,0,,,,,15000,7000,15000,15,2000000000000,,armed,122000,blocked,15000,7000,15000,15,3000000000000,,armed,123000,blocked
122000,1,2,167,2,1,tick,0,0,3,1000,1000000,1000,0,0,0,0,1000000000,1000000000,1000000000,,,0,,,,,15000,3000,15000,15,2000000000000,,armed,122000,blocked,15000,3000,15000,15,3000000000000,,armed,123000,blocked
122000,1,3,167,3,2,tick,0,0,3,1000,1000000,1000,0,0,0,0,1000000000,1000000000,1000000000,,,0,,,,,15000,2000,15000,15,2000000000000,,armed,122000,blocked,15000,2000,15000,15,3000000000000,,armed,123000,blocked
123000,1,1,168,1,0,tick,0,0,3,1000,1000000,1000,0,0,0,0,1000000000,1000000000,1000000000,,,0,,,,,15000,7000,15000,15,3000000000000,,armed,123000,blocked,15000,7000,15000,15,4000000000000,,armed,124000,blocked
123000,1,2,168,2,1,tick,0,0,3,1000,1000000,1000,0,0,0,0,1000000000,1000000000,1000000000,,,0,,,,,15000,3000,15000,15,3000000000000,,armed,123000,blocked,15000,3000,15000,15,4000000000000,,armed,124000,blocked
123000,1,3,168,3,2,tick,0,0,3,1000,1000000,1000,0,0,0,0,1000000000,1000000000,1000000000,,,0,,,,,15000,2000,15000,15,3000000000000,,armed,123000,blocked,15000,2000,15000,15,4000000000000,,armed,124000,blocked
124000,1,1,169,1,0,tick,0,0,3,1000,1000000,1000,0,0,0,0,1000000000,1000000000,1000000000,,,0,,,,,15000,7000,15000,15,4000000000000,,armed,124000,blocked,15000,7000,15000,15,5000000000000,,armed,125000,blocked
124000,1,2,169,2,1,tick,0,0,3,1000,1000000,1000,0,0,0,0,1000000000,1000000000,1000000000,,,0,,,,,15000,3000,15000,15,4000000000000,,armed,124000,blocked,15000,3000,15000,15,5000000000000,,armed,125000,blocked
124000,1,3,169,3,2,tick,0,0,3,1000,1000000,1000,0,0,0,0,1000000000,1000000000,1000000000,,,0,,,,,15000,2000,15000,15,4000000000000,,armed,124000,blocked,15000,2000,15000,15,5000000000000,,armed,125000,blocked
125000,1,1,170,1,0,tick,0,0,3,1000,1000000,1000,0,0,0,0,1000000000,1000000000,1000000000,,,0,,,,,15000,7000,15000,15,5000000000000,,armed,125000,blocked,15000,7000,15000,15,6000000000000,,armed,126000,blocked
125000,1,2,170,2,1,tick,0,0,3,1000,1000000,1000,0,0,0,0,1000000000,1000000000,1000000000,,,0,,,,,15000,3000,15000,15,5000000000000,,armed,125000,blocked,15000,3000,15000,15,6000000000000,,armed,126000,blocked
125000,1,3,170,3,2,tick,0,0,3,1000,1000000,1000,0,0,0,0,1000000000,1000000000,1000000000,,,0,,,,,15000,2000,15000,15,5000000000000,,armed,125000,blocked,15000,2000,15000,15,6000000000000,,armed,126000,blocked
126000,1,1,171,1,0,tick,0,0,3,1000,1000000,1000,0,0,0,0,1000000000,1000000000,1000000000,,,0,,,,,15000,7000,15000,15,6000000000000,,armed,126000,blocked,15000,7000,15000,15,7000000000000,,armed,127000,scheduled
126000,1,2,171,2,1,tick,0,0,3,1000,1000000,1000,0,0,0,0,1000000000,1000000000,1000000000,,,0,,,,,15000,3000,15000,15,6000000000000,,armed,126000,blocked,15000,3000,15000,15,7000000000000,,armed,127000,scheduled
126000,1,3,171,3,2,tick,0,0,3,1000,1000000,1000,0,0,0,0,1000000000,1000000000,1000000000,,,0,,,,,15000,2000,15000,15,6000000000000,,armed,126000,blocked,15000,2000,15000,15,7000000000000,,armed,127000,scheduled
127000,1,1,172,1,0,tick,0,0,3,1000,1000000,1000,0,0,0,0,1000000000,1000000000,1000000000,,,1,15000,1000,0,225,15000,7000,15000,15,7000000000000,,armed,127000,scheduled,16000,7000,16000,16,0,,armed,128000,blocked
127000,1,2,172,2,1,tick,0,0,3,1000,1000000,1000,0,0,0,0,1000000000,1000000000,1000000000,,,1,15000,1000,0,226,15000,3000,15000,15,7000000000000,,armed,127000,scheduled,16000,3000,16000,16,0,,armed,128000,blocked
127000,1,3,172,3,2,tick,0,0,3,1000,1000000,1000,0,0,0,0,1000000000,1000000000,1000000000,,,1,15000,1000,0,227,15000,2000,15000,15,7000000000000,,armed,127000,scheduled,16000,2000,16000,16,0,,armed,128000,blocked
128000,1,1,173,1,0,tick,0,0,3,1000,1000000,1000,0,0,0,0,1000000000,1000000000,1000000000,,,0,,,,,16000,7000,16000,16,0,,armed,128000,blocked,16000,7000,16000,16,1000000000000,,armed,129000,blocked
128000,1,2,173,2,1,tick,0,0,3,1000,1000000,1000,0,0,0,0,1000000000,1000000000,1000000000,,,0,,,,,16000,3000,16000,16,0,,armed,128000,blocked,16000,3000,16000,16,1000000000000,,armed,129000,blocked
128000,1,3,173,3,2,tick,0,0,3,1000,1000000,1000,0,0,0,0,1000000000,1000000000,1000000000,,,0,,,,,16000,2000,16000,16,0,,armed,128000,blocked,16000,2000,16000,16,1000000000000,,armed,129000,blocked
129000,1,1,177,1,0,tick,0,0,3,1000,1000000,1000,0,0,0,0,1000000000,1000000000,1000000000,,,0,,,,,16000,7000,16000,16,1000000000000,,armed,129000,blocked,16000,7000,16000,16,2000000000000,,armed,130000,blocked
129000,1,2,177,2,1,tick,0,0,3,1000,1000000,1000,0,0,0,0,1000000000,1000000000,1000000000,,,0,,,,,16000,3000,16000,16,1000000000000,,armed,129000,blocked,16000,3000,16000,16,2000000000000,,armed,130000,blocked
129000,1,3,177,3,2,tick,0,0,3,1000,1000000,1000,0,0,0,0,1000000000,1000000000,1000000000,,,0,,,,,16000,2000,16000,16,1000000000000,,armed,129000,blocked,16000,2000,16000,16,2000000000000,,armed,130000,blocked
129048,0,9,11,2,1,ack,0,0,3,1000,1000000,1000,0,0,0,0,1000000000,1000000000,,4000,0,0,,,,,16000,3000,16000,16,2000000000000,,armed,130000,blocked,16000,4000,16000,16,2000000000000,,armed,130000,blocked
130000,1,1,178,1,0,tick,0,0,3,1000,1000000,1000,0,0,0,0,1000000000,1000000000,1000000000,,,0,,,,,16000,7000,16000,16,2000000000000,,armed,130000,blocked,16000,7000,16000,16,3000000000000,,armed,131000,blocked
130000,1,2,178,2,1,tick,0,0,3,1000,1000000,1000,0,0,0,0,1000000000,1000000000,1000000000,,,0,,,,,16000,4000,16000,16,2000000000000,,armed,130000,blocked,16000,4000,16000,16,3000000000000,,armed,131000,blocked
130000,1,3,178,3,2,tick,0,0,3,1000,1000000,1000,0,0,0,0,1000000000,1000000000,1000000000,,,0,,,,,16000,2000,16000,16,2000000000000,,armed,130000,blocked,16000,2000,16000,16,3000000000000,,armed,131000,blocked
131000,1,1,179,1,0,tick,0,0,3,1000,1000000,1000,0,0,0,0,1000000000,1000000000,1000000000,,,0,,,,,16000,7000,16000,16,3000000000000,,armed,131000,blocked,16000,7000,16000,16,4000000000000,,armed,132000,blocked
131000,1,2,179,2,1,tick,0,0,3,1000,1000000,1000,0,0,0,0,1000000000,1000000000,1000000000,,,0,,,,,16000,4000,16000,16,3000000000000,,armed,131000,blocked,16000,4000,16000,16,4000000000000,,armed,132000,blocked
131000,1,3,179,3,2,tick,0,0,3,1000,1000000,1000,0,0,0,0,1000000000,1000000000,1000000000,,,0,,,,,16000,2000,16000,16,3000000000000,,armed,131000,blocked,16000,2000,16000,16,4000000000000,,armed,132000,blocked
132000,1,1,180,1,0,tick,0,0,3,1000,1000000,1000,0,0,0,0,1000000000,1000000000,1000000000,,,0,,,,,16000,7000,16000,16,4000000000000,,armed,132000,blocked,16000,7000,16000,16,5000000000000,,armed,133000,blocked
132000,1,2,180,2,1,tick,0,0,3,1000,1000000,1000,0,0,0,0,1000000000,1000000000,1000000000,,,0,,,,,16000,4000,16000,16,4000000000000,,armed,132000,blocked,16000,4000,16000,16,5000000000000,,armed,133000,blocked
132000,1,3,180,3,2,tick,0,0,3,1000,1000000,1000,0,0,0,0,1000000000,1000000000,1000000000,,,0,,,,,16000,2000,16000,16,4000000000000,,armed,132000,blocked,16000,2000,16000,16,5000000000000,,armed,133000,blocked
133000,1,1,181,1,0,tick,0,0,3,1000,1000000,1000,0,0,0,0,1000000000,1000000000,1000000000,,,0,,,,,16000,7000,16000,16,5000000000000,,armed,133000,blocked,16000,7000,16000,16,6000000000000,,armed,134000,blocked
133000,1,2,181,2,1,tick,0,0,3,1000,1000000,1000,0,0,0,0,1000000000,1000000000,1000000000,,,0,,,,,16000,4000,16000,16,5000000000000,,armed,133000,blocked,16000,4000,16000,16,6000000000000,,armed,134000,blocked
133000,1,3,181,3,2,tick,0,0,3,1000,1000000,1000,0,0,0,0,1000000000,1000000000,1000000000,,,0,,,,,16000,2000,16000,16,5000000000000,,armed,133000,blocked,16000,2000,16000,16,6000000000000,,armed,134000,blocked
134000,1,1,182,1,0,tick,0,0,3,1000,1000000,1000,0,0,0,0,1000000000,1000000000,1000000000,,,0,,,,,16000,7000,16000,16,6000000000000,,armed,134000,blocked,16000,7000,16000,16,7000000000000,,armed,135000,scheduled
134000,1,2,182,2,1,tick,0,0,3,1000,1000000,1000,0,0,0,0,1000000000,1000000000,1000000000,,,0,,,,,16000,4000,16000,16,6000000000000,,armed,134000,blocked,16000,4000,16000,16,7000000000000,,armed,135000,scheduled
134000,1,3,182,3,2,tick,0,0,3,1000,1000000,1000,0,0,0,0,1000000000,1000000000,1000000000,,,0,,,,,16000,2000,16000,16,6000000000000,,armed,134000,blocked,16000,2000,16000,16,7000000000000,,armed,135000,scheduled
135000,1,1,183,1,0,tick,0,0,3,1000,1000000,1000,0,0,0,0,1000000000,1000000000,1000000000,,,1,16000,1000,0,239,16000,7000,16000,16,7000000000000,,armed,135000,scheduled,17000,7000,17000,17,0,,armed,136000,blocked
135000,1,2,183,2,1,tick,0,0,3,1000,1000000,1000,0,0,0,0,1000000000,1000000000,1000000000,,,1,16000,1000,0,240,16000,4000,16000,16,7000000000000,,armed,135000,scheduled,17000,4000,17000,17,0,,armed,136000,blocked
135000,1,3,183,3,2,tick,0,0,3,1000,1000000,1000,0,0,0,0,1000000000,1000000000,1000000000,,,1,16000,1000,0,241,16000,2000,16000,16,7000000000000,,armed,135000,scheduled,17000,2000,17000,17,0,,armed,136000,blocked
136000,1,1,184,1,0,tick,0,0,3,1000,1000000,1000,0,0,0,0,1000000000,1000000000,1000000000,,,0,,,,,17000,7000,17000,17,0,,armed,136000,blocked,17000,7000,17000,17,1000000000000,,armed,137000,blocked
136000,1,2,184,2,1,tick,0,0,3,1000,1000000,1000,0,0,0,0,1000000000,1000000000,1000000000,,,0,,,,,17000,4000,17000,17,0,,armed,136000,blocked,17000,4000,17000,17,1000000000000,,armed,137000,blocked
136000,1,3,184,3,2,tick,0,0,3,1000,1000000,1000,0,0,0,0,1000000000,1000000000,1000000000,,,0,,,,,17000,2000,17000,17,0,,armed,136000,blocked,17000,2000,17000,17,1000000000000,,armed,137000,blocked
136536,0,6,23,1,0,ack,0,0,3,1000,1000000,1000,0,0,0,0,1000000000,1000000000,,8000,0,0,,,,,17000,7000,17000,17,1000000000000,,armed,137000,blocked,17000,8000,17000,17,1000000000000,,armed,137000,blocked
137000,1,1,188,1,0,tick,0,0,3,1000,1000000,1000,0,0,0,0,1000000000,1000000000,1000000000,,,0,,,,,17000,8000,17000,17,1000000000000,,armed,137000,blocked,17000,8000,17000,17,2000000000000,,armed,138000,blocked
137000,1,2,188,2,1,tick,0,0,3,1000,1000000,1000,0,0,0,0,1000000000,1000000000,1000000000,,,0,,,,,17000,4000,17000,17,1000000000000,,armed,137000,blocked,17000,4000,17000,17,2000000000000,,armed,138000,blocked
137000,1,3,188,3,2,tick,0,0,3,1000,1000000,1000,0,0,0,0,1000000000,1000000000,1000000000,,,0,,,,,17000,2000,17000,17,1000000000000,,armed,137000,blocked,17000,2000,17000,17,2000000000000,,armed,138000,blocked
138000,1,1,189,1,0,tick,0,0,3,1000,1000000,1000,0,0,0,0,1000000000,1000000000,1000000000,,,0,,,,,17000,8000,17000,17,2000000000000,,armed,138000,blocked,17000,8000,17000,17,3000000000000,,armed,139000,blocked
138000,1,2,189,2,1,tick,0,0,3,1000,1000000,1000,0,0,0,0,1000000000,1000000000,1000000000,,,0,,,,,17000,4000,17000,17,2000000000000,,armed,138000,blocked,17000,4000,17000,17,3000000000000,,armed,139000,blocked
138000,1,3,189,3,2,tick,0,0,3,1000,1000000,1000,0,0,0,0,1000000000,1000000000,1000000000,,,0,,,,,17000,2000,17000,17,2000000000000,,armed,138000,blocked,17000,2000,17000,17,3000000000000,,armed,139000,blocked
139000,1,1,190,1,0,tick,0,0,3,1000,1000000,1000,0,0,0,0,1000000000,1000000000,1000000000,,,0,,,,,17000,8000,17000,17,3000000000000,,armed,139000,blocked,17000,8000,17000,17,4000000000000,,armed,140000,blocked
139000,1,2,190,2,1,tick,0,0,3,1000,1000000,1000,0,0,0,0,1000000000,1000000000,1000000000,,,0,,,,,17000,4000,17000,17,3000000000000,,armed,139000,blocked,17000,4000,17000,17,4000000000000,,armed,140000,blocked
139000,1,3,190,3,2,tick,0,0,3,1000,1000000,1000,0,0,0,0,1000000000,1000000000,1000000000,,,0,,,,,17000,2000,17000,17,3000000000000,,armed,139000,blocked,17000,2000,17000,17,4000000000000,,armed,140000,blocked
140000,1,1,191,1,0,tick,0,0,3,1000,1000000,1000,0,0,0,0,1000000000,1000000000,1000000000,,,0,,,,,17000,8000,17000,17,4000000000000,,armed,140000,blocked,17000,8000,17000,17,5000000000000,,armed,141000,blocked
140000,1,2,191,2,1,tick,0,0,3,1000,1000000,1000,0,0,0,0,1000000000,1000000000,1000000000,,,0,,,,,17000,4000,17000,17,4000000000000,,armed,140000,blocked,17000,4000,17000,17,5000000000000,,armed,141000,blocked
140000,1,3,191,3,2,tick,0,0,3,1000,1000000,1000,0,0,0,0,1000000000,1000000000,1000000000,,,0,,,,,17000,2000,17000,17,4000000000000,,armed,140000,blocked,17000,2000,17000,17,5000000000000,,armed,141000,blocked
141000,1,1,192,1,0,tick,0,0,3,1000,1000000,1000,0,0,0,0,1000000000,1000000000,1000000000,,,0,,,,,17000,8000,17000,17,5000000000000,,armed,141000,blocked,17000,8000,17000,17,6000000000000,,armed,142000,blocked
141000,1,2,192,2,1,tick,0,0,3,1000,1000000,1000,0,0,0,0,1000000000,1000000000,1000000000,,,0,,,,,17000,4000,17000,17,5000000000000,,armed,141000,blocked,17000,4000,17000,17,6000000000000,,armed,142000,blocked
141000,1,3,192,3,2,tick,0,0,3,1000,1000000,1000,0,0,0,0,1000000000,1000000000,1000000000,,,0,,,,,17000,2000,17000,17,5000000000000,,armed,141000,blocked,17000,2000,17000,17,6000000000000,,armed,142000,blocked
142000,1,1,193,1,0,tick,0,0,3,1000,1000000,1000,0,0,0,0,1000000000,1000000000,1000000000,,,0,,,,,17000,8000,17000,17,6000000000000,,armed,142000,blocked,17000,8000,17000,17,7000000000000,,armed,143000,scheduled
142000,1,2,193,2,1,tick,0,0,3,1000,1000000,1000,0,0,0,0,1000000000,1000000000,1000000000,,,0,,,,,17000,4000,17000,17,6000000000000,,armed,142000,blocked,17000,4000,17000,17,7000000000000,,armed,143000,scheduled
142000,1,3,193,3,2,tick,0,0,3,1000,1000000,1000,0,0,0,0,1000000000,1000000000,1000000000,,,0,,,,,17000,2000,17000,17,6000000000000,,armed,142000,blocked,17000,2000,17000,17,7000000000000,,armed,143000,scheduled
143000,1,1,194,1,0,tick,0,0,3,1000,1000000,1000,0,0,0,0,1000000000,1000000000,1000000000,,,1,17000,1000,0,253,17000,8000,17000,17,7000000000000,,armed,143000,scheduled,18000,8000,18000,18,0,,armed,144000,blocked
143000,1,2,194,2,1,tick,0,0,3,1000,1000000,1000,0,0,0,0,1000000000,1000000000,1000000000,,,1,17000,1000,0,254,17000,4000,17000,17,7000000000000,,armed,143000,scheduled,18000,4000,18000,18,0,,armed,144000,blocked
143000,1,3,194,3,2,tick,0,0,3,1000,1000000,1000,0,0,0,0,1000000000,1000000000,1000000000,,,1,17000,1000,0,255,17000,2000,17000,17,7000000000000,,armed,143000,scheduled,18000,2000,18000,18,0,,armed,144000,blocked
144000,1,1,195,1,0,tick,0,0,3,1000,1000000,1000,0,0,0,0,1000000000,1000000000,1000000000,,,0,,,,,18000,8000,18000,18,0,,armed,144000,blocked,18000,8000,18000,18,1000000000000,,armed,145000,blocked
144000,1,2,195,2,1,tick,0,0,3,1000,1000000,1000,0,0,0,0,1000000000,1000000000,1000000000,,,0,,,,,18000,4000,18000,18,0,,armed,144000,blocked,18000,4000,18000,18,1000000000000,,armed,145000,blocked
144000,1,3,195,3,2,tick,0,0,3,1000,1000000,1000,0,0,0,0,1000000000,1000000000,1000000000,,,0,,,,,18000,2000,18000,18,0,,armed,144000,blocked,18000,2000,18000,18,1000000000000,,armed,145000,blocked
145000,1,1,199,1,0,tick,0,0,3,1000,1000000,1000,0,0,0,0,1000000000,1000000000,1000000000,,,0,,,,,18000,8000,18000,18,1000000000000,,armed,145000,blocked,18000,8000,18000,18,2000000000000,,armed,146000,blocked
145000,1,2,199,2,1,tick,0,0,3,1000,1000000,1000,0,0,0,0,1000000000,1000000000,1000000000,,,0,,,,,18000,4000,18000,18,1000000000000,,armed,145000,blocked,18000,4000,18000,18,2000000000000,,armed,146000,blocked
145000,1,3,199,3,2,tick,0,0,3,1000,1000000,1000,0,0,0,0,1000000000,1000000000,1000000000,,,0,,,,,18000,2000,18000,18,1000000000000,,armed,145000,blocked,18000,2000,18000,18,2000000000000,,armed,146000,blocked
145560,0,12,8,3,2,ack,0,0,3,1000,1000000,1000,0,0,0,0,1000000000,1000000000,,3000,0,0,,,,,18000,2000,18000,18,2000000000000,,armed,146000,blocked,18000,3000,18000,18,2000000000000,,armed,146000,blocked
146000,1,1,200,1,0,tick,0,0,3,1000,1000000,1000,0,0,0,0,1000000000,1000000000,1000000000,,,0,,,,,18000,8000,18000,18,2000000000000,,armed,146000,blocked,18000,8000,18000,18,3000000000000,,armed,147000,blocked
146000,1,2,200,2,1,tick,0,0,3,1000,1000000,1000,0,0,0,0,1000000000,1000000000,1000000000,,,0,,,,,18000,4000,18000,18,2000000000000,,armed,146000,blocked,18000,4000,18000,18,3000000000000,,armed,147000,blocked
146000,1,3,200,3,2,tick,0,0,3,1000,1000000,1000,0,0,0,0,1000000000,1000000000,1000000000,,,0,,,,,18000,3000,18000,18,2000000000000,,armed,146000,blocked,18000,3000,18000,18,3000000000000,,armed,147000,blocked
147000,1,1,201,1,0,tick,0,0,3,1000,1000000,1000,0,0,0,0,1000000000,1000000000,1000000000,,,0,,,,,18000,8000,18000,18,3000000000000,,armed,147000,blocked,18000,8000,18000,18,4000000000000,,armed,148000,blocked
147000,1,2,201,2,1,tick,0,0,3,1000,1000000,1000,0,0,0,0,1000000000,1000000000,1000000000,,,0,,,,,18000,4000,18000,18,3000000000000,,armed,147000,blocked,18000,4000,18000,18,4000000000000,,armed,148000,blocked
147000,1,3,201,3,2,tick,0,0,3,1000,1000000,1000,0,0,0,0,1000000000,1000000000,1000000000,,,0,,,,,18000,3000,18000,18,3000000000000,,armed,147000,blocked,18000,3000,18000,18,4000000000000,,armed,148000,blocked
148000,1,1,202,1,0,tick,0,0,3,1000,1000000,1000,0,0,0,0,1000000000,1000000000,1000000000,,,0,,,,,18000,8000,18000,18,4000000000000,,armed,148000,blocked,18000,8000,18000,18,5000000000000,,armed,149000,blocked
148000,1,2,202,2,1,tick,0,0,3,1000,1000000,1000,0,0,0,0,1000000000,1000000000,1000000000,,,0,,,,,18000,4000,18000,18,4000000000000,,armed,148000,blocked,18000,4000,18000,18,5000000000000,,armed,149000,blocked
148000,1,3,202,3,2,tick,0,0,3,1000,1000000,1000,0,0,0,0,1000000000,1000000000,1000000000,,,0,,,,,18000,3000,18000,18,4000000000000,,armed,148000,blocked,18000,3000,18000,18,5000000000000,,armed,149000,blocked
149000,1,1,203,1,0,tick,0,0,3,1000,1000000,1000,0,0,0,0,1000000000,1000000000,1000000000,,,0,,,,,18000,8000,18000,18,5000000000000,,armed,149000,blocked,18000,8000,18000,18,6000000000000,,armed,150000,blocked
149000,1,2,203,2,1,tick,0,0,3,1000,1000000,1000,0,0,0,0,1000000000,1000000000,1000000000,,,0,,,,,18000,4000,18000,18,5000000000000,,armed,149000,blocked,18000,4000,18000,18,6000000000000,,armed,150000,blocked
149000,1,3,203,3,2,tick,0,0,3,1000,1000000,1000,0,0,0,0,1000000000,1000000000,1000000000,,,0,,,,,18000,3000,18000,18,5000000000000,,armed,149000,blocked,18000,3000,18000,18,6000000000000,,armed,150000,blocked
150000,1,1,204,1,0,tick,0,0,3,1000,1000000,1000,0,0,0,0,1000000000,1000000000,1000000000,,,0,,,,,18000,8000,18000,18,6000000000000,,armed,150000,blocked,18000,8000,18000,18,7000000000000,,armed,151000,scheduled
150000,1,2,204,2,1,tick,0,0,3,1000,1000000,1000,0,0,0,0,1000000000,1000000000,1000000000,,,0,,,,,18000,4000,18000,18,6000000000000,,armed,150000,blocked,18000,4000,18000,18,7000000000000,,armed,151000,scheduled
150000,1,3,204,3,2,tick,0,0,3,1000,1000000,1000,0,0,0,0,1000000000,1000000000,1000000000,,,0,,,,,18000,3000,18000,18,6000000000000,,armed,150000,blocked,18000,3000,18000,18,7000000000000,,armed,151000,scheduled
151000,1,1,205,1,0,tick,0,0,3,1000,1000000,1000,0,0,0,0,1000000000,1000000000,1000000000,,,1,18000,1000,0,267,18000,8000,18000,18,7000000000000,,armed,151000,scheduled,19000,8000,19000,19,0,,armed,152000,blocked
151000,1,2,205,2,1,tick,0,0,3,1000,1000000,1000,0,0,0,0,1000000000,1000000000,1000000000,,,1,18000,1000,0,268,18000,4000,18000,18,7000000000000,,armed,151000,scheduled,19000,4000,19000,19,0,,armed,152000,blocked
151000,1,3,205,3,2,tick,0,0,3,1000,1000000,1000,0,0,0,0,1000000000,1000000000,1000000000,,,1,18000,1000,0,269,18000,3000,18000,18,7000000000000,,armed,151000,scheduled,19000,3000,19000,19,0,,armed,152000,blocked
152000,1,1,206,1,0,tick,0,0,3,1000,1000000,1000,0,0,0,0,1000000000,1000000000,1000000000,,,0,,,,,19000,8000,19000,19,0,,armed,152000,blocked,19000,8000,19000,19,1000000000000,,armed,153000,blocked
152000,1,2,206,2,1,tick,0,0,3,1000,1000000,1000,0,0,0,0,1000000000,1000000000,1000000000,,,0,,,,,19000,4000,19000,19,0,,armed,152000,blocked,19000,4000,19000,19,1000000000000,,armed,153000,blocked
152000,1,3,206,3,2,tick,0,0,3,1000,1000000,1000,0,0,0,0,1000000000,1000000000,1000000000,,,0,,,,,19000,3000,19000,19,0,,armed,152000,blocked,19000,3000,19000,19,1000000000000,,armed,153000,blocked
152536,0,6,26,1,0,ack,0,0,3,1000,1000000,1000,0,0,0,0,1000000000,1000000000,,9000,0,0,,,,,19000,8000,19000,19,1000000000000,,armed,153000,blocked,19000,9000,19000,19,1000000000000,,armed,153000,blocked
153000,1,1,210,1,0,tick,0,0,3,1000,1000000,1000,0,0,0,0,1000000000,1000000000,1000000000,,,0,,,,,19000,9000,19000,19,1000000000000,,armed,153000,blocked,19000,9000,19000,19,2000000000000,,armed,154000,blocked
153000,1,2,210,2,1,tick,0,0,3,1000,1000000,1000,0,0,0,0,1000000000,1000000000,1000000000,,,0,,,,,19000,4000,19000,19,1000000000000,,armed,153000,blocked,19000,4000,19000,19,2000000000000,,armed,154000,blocked
153000,1,3,210,3,2,tick,0,0,3,1000,1000000,1000,0,0,0,0,1000000000,1000000000,1000000000,,,0,,,,,19000,3000,19000,19,1000000000000,,armed,153000,blocked,19000,3000,19000,19,2000000000000,,armed,154000,blocked
154000,1,1,211,1,0,tick,0,0,3,1000,1000000,1000,0,0,0,0,1000000000,1000000000,1000000000,,,0,,,,,19000,9000,19000,19,2000000000000,,armed,154000,blocked,19000,9000,19000,19,3000000000000,,armed,155000,blocked
154000,1,2,211,2,1,tick,0,0,3,1000,1000000,1000,0,0,0,0,1000000000,1000000000,1000000000,,,0,,,,,19000,4000,19000,19,2000000000000,,armed,154000,blocked,19000,4000,19000,19,3000000000000,,armed,155000,blocked
154000,1,3,211,3,2,tick,0,0,3,1000,1000000,1000,0,0,0,0,1000000000,1000000000,1000000000,,,0,,,,,19000,3000,19000,19,2000000000000,,armed,154000,blocked,19000,3000,19000,19,3000000000000,,armed,155000,blocked
155000,1,1,212,1,0,tick,0,0,3,1000,1000000,1000,0,0,0,0,1000000000,1000000000,1000000000,,,0,,,,,19000,9000,19000,19,3000000000000,,armed,155000,blocked,19000,9000,19000,19,4000000000000,,armed,156000,blocked
155000,1,2,212,2,1,tick,0,0,3,1000,1000000,1000,0,0,0,0,1000000000,1000000000,1000000000,,,0,,,,,19000,4000,19000,19,3000000000000,,armed,155000,blocked,19000,4000,19000,19,4000000000000,,armed,156000,blocked
155000,1,3,212,3,2,tick,0,0,3,1000,1000000,1000,0,0,0,0,1000000000,1000000000,1000000000,,,0,,,,,19000,3000,19000,19,3000000000000,,armed,155000,blocked,19000,3000,19000,19,4000000000000,,armed,156000,blocked
156000,1,1,213,1,0,tick,0,0,3,1000,1000000,1000,0,0,0,0,1000000000,1000000000,1000000000,,,0,,,,,19000,9000,19000,19,4000000000000,,armed,156000,blocked,19000,9000,19000,19,5000000000000,,armed,157000,blocked
156000,1,2,213,2,1,tick,0,0,3,1000,1000000,1000,0,0,0,0,1000000000,1000000000,1000000000,,,0,,,,,19000,4000,19000,19,4000000000000,,armed,156000,blocked,19000,4000,19000,19,5000000000000,,armed,157000,blocked
156000,1,3,213,3,2,tick,0,0,3,1000,1000000,1000,0,0,0,0,1000000000,1000000000,1000000000,,,0,,,,,19000,3000,19000,19,4000000000000,,armed,156000,blocked,19000,3000,19000,19,5000000000000,,armed,157000,blocked
157000,1,1,214,1,0,tick,0,0,3,1000,1000000,1000,0,0,0,0,1000000000,1000000000,1000000000,,,0,,,,,19000,9000,19000,19,5000000000000,,armed,157000,blocked,19000,9000,19000,19,6000000000000,,armed,158000,blocked
157000,1,2,214,2,1,tick,0,0,3,1000,1000000,1000,0,0,0,0,1000000000,1000000000,1000000000,,,0,,,,,19000,4000,19000,19,5000000000000,,armed,157000,blocked,19000,4000,19000,19,6000000000000,,armed,158000,blocked
157000,1,3,214,3,2,tick,0,0,3,1000,1000000,1000,0,0,0,0,1000000000,1000000000,1000000000,,,0,,,,,19000,3000,19000,19,5000000000000,,armed,157000,blocked,19000,3000,19000,19,6000000000000,,armed,158000,blocked
158000,1,1,215,1,0,tick,0,0,3,1000,1000000,1000,0,0,0,0,1000000000,1000000000,1000000000,,,0,,,,,19000,9000,19000,19,6000000000000,,armed,158000,blocked,19000,9000,19000,19,7000000000000,,armed,159000,scheduled
158000,1,2,215,2,1,tick,0,0,3,1000,1000000,1000,0,0,0,0,1000000000,1000000000,1000000000,,,0,,,,,19000,4000,19000,19,6000000000000,,armed,158000,blocked,19000,4000,19000,19,7000000000000,,armed,159000,scheduled
158000,1,3,215,3,2,tick,0,0,3,1000,1000000,1000,0,0,0,0,1000000000,1000000000,1000000000,,,0,,,,,19000,3000,19000,19,6000000000000,,armed,158000,blocked,19000,3000,19000,19,7000000000000,,armed,159000,scheduled
159000,1,1,216,1,0,tick,0,0,3,1000,1000000,1000,0,0,0,0,1000000000,1000000000,1000000000,,,1,19000,1000,0,281,19000,9000,19000,19,7000000000000,,armed,159000,scheduled,20000,9000,20000,20,0,,armed,160000,blocked
159000,1,2,216,2,1,tick,0,0,3,1000,1000000,1000,0,0,0,0,1000000000,1000000000,1000000000,,,1,19000,1000,0,282,19000,4000,19000,19,7000000000000,,armed,159000,scheduled,20000,4000,20000,20,0,,armed,160000,blocked
159000,1,3,216,3,2,tick,0,0,3,1000,1000000,1000,0,0,0,0,1000000000,1000000000,1000000000,,,1,19000,1000,0,283,19000,3000,19000,19,7000000000000,,armed,159000,scheduled,20000,3000,20000,20,0,,armed,160000,blocked
160000,1,1,217,1,0,tick,0,0,3,1000,1000000,1000,0,0,0,0,1000000000,1000000000,1000000000,,,0,,,,,20000,9000,20000,20,0,,armed,160000,blocked,20000,9000,20000,20,1000000000000,,armed,161000,blocked
160000,1,2,217,2,1,tick,0,0,3,1000,1000000,1000,0,0,0,0,1000000000,1000000000,1000000000,,,0,,,,,20000,4000,20000,20,0,,armed,160000,blocked,20000,4000,20000,20,1000000000000,,armed,161000,blocked
160000,1,3,217,3,2,tick,0,0,3,1000,1000000,1000,0,0,0,0,1000000000,1000000000,1000000000,,,0,,,,,20000,3000,20000,20,0,,armed,160000,blocked,20000,3000,20000,20,1000000000000,,armed,161000,blocked
161000,1,1,221,1,0,tick,0,0,3,1000,1000000,1000,0,0,0,0,1000000000,1000000000,1000000000,,,0,,,,,20000,9000,20000,20,1000000000000,,armed,161000,blocked,20000,9000,20000,20,2000000000000,,armed,162000,blocked
161000,1,2,221,2,1,tick,0,0,3,1000,1000000,1000,0,0,0,0,1000000000,1000000000,1000000000,,,0,,,,,20000,4000,20000,20,1000000000000,,armed,161000,blocked,20000,4000,20000,20,2000000000000,,armed,162000,blocked
161000,1,3,221,3,2,tick,0,0,3,1000,1000000,1000,0,0,0,0,1000000000,1000000000,1000000000,,,0,,,,,20000,3000,20000,20,1000000000000,,armed,161000,blocked,20000,3000,20000,20,2000000000000,,armed,162000,blocked
161048,0,9,14,2,1,ack,0,0,3,1000,1000000,1000,0,0,0,0,1000000000,1000000000,,5000,0,0,,,,,20000,4000,20000,20,2000000000000,,armed,162000,blocked,20000,5000,20000,20,2000000000000,,armed,162000,blocked
162000,1,1,222,1,0,tick,0,0,3,1000,1000000,1000,0,0,0,0,1000000000,1000000000,1000000000,,,0,,,,,20000,9000,20000,20,2000000000000,,armed,162000,blocked,20000,9000,20000,20,3000000000000,,armed,163000,blocked
162000,1,2,222,2,1,tick,0,0,3,1000,1000000,1000,0,0,0,0,1000000000,1000000000,1000000000,,,0,,,,,20000,5000,20000,20,2000000000000,,armed,162000,blocked,20000,5000,20000,20,3000000000000,,armed,163000,blocked
162000,1,3,222,3,2,tick,0,0,3,1000,1000000,1000,0,0,0,0,1000000000,1000000000,1000000000,,,0,,,,,20000,3000,20000,20,2000000000000,,armed,162000,blocked,20000,3000,20000,20,3000000000000,,armed,163000,blocked
163000,1,1,223,1,0,tick,0,0,3,1000,1000000,1000,0,0,0,0,1000000000,1000000000,1000000000,,,0,,,,,20000,9000,20000,20,3000000000000,,armed,163000,blocked,20000,9000,20000,20,4000000000000,,armed,164000,blocked
163000,1,2,223,2,1,tick,0,0,3,1000,1000000,1000,0,0,0,0,1000000000,1000000000,1000000000,,,0,,,,,20000,5000,20000,20,3000000000000,,armed,163000,blocked,20000,5000,20000,20,4000000000000,,armed,164000,blocked
163000,1,3,223,3,2,tick,0,0,3,1000,1000000,1000,0,0,0,0,1000000000,1000000000,1000000000,,,0,,,,,20000,3000,20000,20,3000000000000,,armed,163000,blocked,20000,3000,20000,20,4000000000000,,armed,164000,blocked
164000,1,1,224,1,0,tick,0,0,3,1000,1000000,1000,0,0,0,0,1000000000,1000000000,1000000000,,,0,,,,,20000,9000,20000,20,4000000000000,,armed,164000,blocked,20000,9000,20000,20,5000000000000,,armed,165000,blocked
164000,1,2,224,2,1,tick,0,0,3,1000,1000000,1000,0,0,0,0,1000000000,1000000000,1000000000,,,0,,,,,20000,5000,20000,20,4000000000000,,armed,164000,blocked,20000,5000,20000,20,5000000000000,,armed,165000,blocked
164000,1,3,224,3,2,tick,0,0,3,1000,1000000,1000,0,0,0,0,1000000000,1000000000,1000000000,,,0,,,,,20000,3000,20000,20,4000000000000,,armed,164000,blocked,20000,3000,20000,20,5000000000000,,armed,165000,blocked
165000,1,1,225,1,0,tick,0,0,3,1000,1000000,1000,0,0,0,0,1000000000,1000000000,1000000000,,,0,,,,,20000,9000,20000,20,5000000000000,,armed,165000,blocked,20000,9000,20000,20,6000000000000,,armed,166000,blocked
165000,1,2,225,2,1,tick,0,0,3,1000,1000000,1000,0,0,0,0,1000000000,1000000000,1000000000,,,0,,,,,20000,5000,20000,20,5000000000000,,armed,165000,blocked,20000,5000,20000,20,6000000000000,,armed,166000,blocked
165000,1,3,225,3,2,tick,0,0,3,1000,1000000,1000,0,0,0,0,1000000000,1000000000,1000000000,,,0,,,,,20000,3000,20000,20,5000000000000,,armed,165000,blocked,20000,3000,20000,20,6000000000000,,armed,166000,blocked
166000,1,1,226,1,0,tick,0,0,3,1000,1000000,1000,0,0,0,0,1000000000,1000000000,1000000000,,,0,,,,,20000,9000,20000,20,6000000000000,,armed,166000,blocked,20000,9000,20000,20,7000000000000,,armed,167000,scheduled
166000,1,2,226,2,1,tick,0,0,3,1000,1000000,1000,0,0,0,0,1000000000,1000000000,1000000000,,,0,,,,,20000,5000,20000,20,6000000000000,,armed,166000,blocked,20000,5000,20000,20,7000000000000,,armed,167000,scheduled
166000,1,3,226,3,2,tick,0,0,3,1000,1000000,1000,0,0,0,0,1000000000,1000000000,1000000000,,,0,,,,,20000,3000,20000,20,6000000000000,,armed,166000,blocked,20000,3000,20000,20,7000000000000,,armed,167000,scheduled
167000,1,1,227,1,0,tick,0,0,3,1000,1000000,1000,0,0,0,0,1000000000,1000000000,1000000000,,,1,20000,1000,0,295,20000,9000,20000,20,7000000000000,,armed,167000,scheduled,21000,9000,21000,21,0,,armed,168000,blocked
167000,1,2,227,2,1,tick,0,0,3,1000,1000000,1000,0,0,0,0,1000000000,1000000000,1000000000,,,1,20000,1000,0,296,20000,5000,20000,20,7000000000000,,armed,167000,scheduled,21000,5000,21000,21,0,,armed,168000,blocked
167000,1,3,227,3,2,tick,0,0,3,1000,1000000,1000,0,0,0,0,1000000000,1000000000,1000000000,,,1,20000,1000,0,297,20000,3000,20000,20,7000000000000,,armed,167000,scheduled,21000,3000,21000,21,0,,armed,168000,blocked
168000,1,1,228,1,0,tick,0,0,3,1000,1000000,1000,0,0,0,0,1000000000,1000000000,1000000000,,,0,,,,,21000,9000,21000,21,0,,armed,168000,blocked,21000,9000,21000,21,1000000000000,,armed,169000,blocked
168000,1,2,228,2,1,tick,0,0,3,1000,1000000,1000,0,0,0,0,1000000000,1000000000,1000000000,,,0,,,,,21000,5000,21000,21,0,,armed,168000,blocked,21000,5000,21000,21,1000000000000,,armed,169000,blocked
168000,1,3,228,3,2,tick,0,0,3,1000,1000000,1000,0,0,0,0,1000000000,1000000000,1000000000,,,0,,,,,21000,3000,21000,21,0,,armed,168000,blocked,21000,3000,21000,21,1000000000000,,armed,169000,blocked
168536,0,6,29,1,0,ack,0,0,3,1000,1000000,1000,0,0,0,0,1000000000,1000000000,,10000,0,0,,,,,21000,9000,21000,21,1000000000000,,armed,169000,blocked,21000,10000,21000,21,1000000000000,,armed,169000,blocked
169000,1,1,232,1,0,tick,0,0,3,1000,1000000,1000,0,0,0,0,1000000000,1000000000,1000000000,,,0,,,,,21000,10000,21000,21,1000000000000,,armed,169000,blocked,21000,10000,21000,21,2000000000000,,armed,170000,blocked
169000,1,2,232,2,1,tick,0,0,3,1000,1000000,1000,0,0,0,0,1000000000,1000000000,1000000000,,,0,,,,,21000,5000,21000,21,1000000000000,,armed,169000,blocked,21000,5000,21000,21,2000000000000,,armed,170000,blocked
169000,1,3,232,3,2,tick,0,0,3,1000,1000000,1000,0,0,0,0,1000000000,1000000000,1000000000,,,0,,,,,21000,3000,21000,21,1000000000000,,armed,169000,blocked,21000,3000,21000,21,2000000000000,,armed,170000,blocked
170000,1,1,233,1,0,tick,0,0,3,1000,1000000,1000,0,0,0,0,1000000000,1000000000,1000000000,,,0,,,,,21000,10000,21000,21,2000000000000,,armed,170000,blocked,21000,10000,21000,21,3000000000000,,armed,171000,blocked
170000,1,2,233,2,1,tick,0,0,3,1000,1000000,1000,0,0,0,0,1000000000,1000000000,1000000000,,,0,,,,,21000,5000,21000,21,2000000000000,,armed,170000,blocked,21000,5000,21000,21,3000000000000,,armed,171000,blocked
170000,1,3,233,3,2,tick,0,0,3,1000,1000000,1000,0,0,0,0,1000000000,1000000000,1000000000,,,0,,,,,21000,3000,21000,21,2000000000000,,armed,170000,blocked,21000,3000,21000,21,3000000000000,,armed,171000,blocked
171000,1,1,234,1,0,tick,0,0,3,1000,1000000,1000,0,0,0,0,1000000000,1000000000,1000000000,,,0,,,,,21000,10000,21000,21,3000000000000,,armed,171000,blocked,21000,10000,21000,21,4000000000000,,armed,172000,blocked
171000,1,2,234,2,1,tick,0,0,3,1000,1000000,1000,0,0,0,0,1000000000,1000000000,1000000000,,,0,,,,,21000,5000,21000,21,3000000000000,,armed,171000,blocked,21000,5000,21000,21,4000000000000,,armed,172000,blocked
171000,1,3,234,3,2,tick,0,0,3,1000,1000000,1000,0,0,0,0,1000000000,1000000000,1000000000,,,0,,,,,21000,3000,21000,21,3000000000000,,armed,171000,blocked,21000,3000,21000,21,4000000000000,,armed,172000,blocked
172000,1,1,235,1,0,tick,0,0,3,1000,1000000,1000,0,0,0,0,1000000000,1000000000,1000000000,,,0,,,,,21000,10000,21000,21,4000000000000,,armed,172000,blocked,21000,10000,21000,21,5000000000000,,armed,173000,blocked
172000,1,2,235,2,1,tick,0,0,3,1000,1000000,1000,0,0,0,0,1000000000,1000000000,1000000000,,,0,,,,,21000,5000,21000,21,4000000000000,,armed,172000,blocked,21000,5000,21000,21,5000000000000,,armed,173000,blocked
172000,1,3,235,3,2,tick,0,0,3,1000,1000000,1000,0,0,0,0,1000000000,1000000000,1000000000,,,0,,,,,21000,3000,21000,21,4000000000000,,armed,172000,blocked,21000,3000,21000,21,5000000000000,,armed,173000,blocked
173000,1,1,236,1,0,tick,0,0,3,1000,1000000,1000,0,0,0,0,1000000000,1000000000,1000000000,,,0,,,,,21000,10000,21000,21,5000000000000,,armed,173000,blocked,21000,10000,21000,21,6000000000000,,armed,174000,blocked
173000,1,2,236,2,1,tick,0,0,3,1000,1000000,1000,0,0,0,0,1000000000,1000000000,1000000000,,,0,,,,,21000,5000,21000,21,5000000000000,,armed,173000,blocked,21000,5000,21000,21,6000000000000,,armed,174000,blocked
173000,1,3,236,3,2,tick,0,0,3,1000,1000000,1000,0,0,0,0,1000000000,1000000000,1000000000,,,0,,,,,21000,3000,21000,21,5000000000000,,armed,173000,blocked,21000,3000,21000,21,6000000000000,,armed,174000,blocked
174000,1,1,237,1,0,tick,0,0,3,1000,1000000,1000,0,0,0,0,1000000000,1000000000,1000000000,,,0,,,,,21000,10000,21000,21,6000000000000,,armed,174000,blocked,21000,10000,21000,21,7000000000000,,armed,175000,scheduled
174000,1,2,237,2,1,tick,0,0,3,1000,1000000,1000,0,0,0,0,1000000000,1000000000,1000000000,,,0,,,,,21000,5000,21000,21,6000000000000,,armed,174000,blocked,21000,5000,21000,21,7000000000000,,armed,175000,scheduled
174000,1,3,237,3,2,tick,0,0,3,1000,1000000,1000,0,0,0,0,1000000000,1000000000,1000000000,,,0,,,,,21000,3000,21000,21,6000000000000,,armed,174000,blocked,21000,3000,21000,21,7000000000000,,armed,175000,scheduled
175000,1,1,238,1,0,tick,0,0,3,1000,1000000,1000,0,0,0,0,1000000000,1000000000,1000000000,,,1,21000,1000,0,309,21000,10000,21000,21,7000000000000,,armed,175000,scheduled,22000,10000,22000,22,0,,armed,176000,blocked
175000,1,2,238,2,1,tick,0,0,3,1000,1000000,1000,0,0,0,0,1000000000,1000000000,1000000000,,,1,21000,1000,0,310,21000,5000,21000,21,7000000000000,,armed,175000,scheduled,22000,5000,22000,22,0,,armed,176000,blocked
175000,1,3,238,3,2,tick,0,0,3,1000,1000000,1000,0,0,0,0,1000000000,1000000000,1000000000,,,1,21000,1000,0,311,21000,3000,21000,21,7000000000000,,armed,175000,scheduled,22000,3000,22000,22,0,,armed,176000,blocked
176000,1,1,239,1,0,tick,0,0,3,1000,1000000,1000,0,0,0,0,1000000000,1000000000,1000000000,,,0,,,,,22000,10000,22000,22,0,,armed,176000,blocked,22000,10000,22000,22,1000000000000,,armed,177000,blocked
176000,1,2,239,2,1,tick,0,0,3,1000,1000000,1000,0,0,0,0,1000000000,1000000000,1000000000,,,0,,,,,22000,5000,22000,22,0,,armed,176000,blocked,22000,5000,22000,22,1000000000000,,armed,177000,blocked
176000,1,3,239,3,2,tick,0,0,3,1000,1000000,1000,0,0,0,0,1000000000,1000000000,1000000000,,,0,,,,,22000,3000,22000,22,0,,armed,176000,blocked,22000,3000,22000,22,1000000000000,,armed,177000,blocked
177000,1,1,243,1,0,tick,0,0,3,1000,1000000,1000,0,0,0,0,1000000000,1000000000,1000000000,,,0,,,,,22000,10000,22000,22,1000000000000,,armed,177000,blocked,22000,10000,22000,22,2000000000000,,armed,178000,blocked
177000,1,2,243,2,1,tick,0,0,3,1000,1000000,1000,0,0,0,0,1000000000,1000000000,1000000000,,,0,,,,,22000,5000,22000,22,1000000000000,,armed,177000,blocked,22000,5000,22000,22,2000000000000,,armed,178000,blocked
177000,1,3,243,3,2,tick,0,0,3,1000,1000000,1000,0,0,0,0,1000000000,1000000000,1000000000,,,0,,,,,22000,3000,22000,22,1000000000000,,armed,177000,blocked,22000,3000,22000,22,2000000000000,,armed,178000,blocked
177560,0,12,11,3,2,ack,0,0,3,1000,1000000,1000,0,0,0,0,1000000000,1000000000,,4000,0,0,,,,,22000,3000,22000,22,2000000000000,,armed,178000,blocked,22000,4000,22000,22,2000000000000,,armed,178000,blocked
178000,1,1,244,1,0,tick,0,0,3,1000,1000000,1000,0,0,0,0,1000000000,1000000000,1000000000,,,0,,,,,22000,10000,22000,22,2000000000000,,armed,178000,blocked,22000,10000,22000,22,3000000000000,,armed,179000,blocked
178000,1,2,244,2,1,tick,0,0,3,1000,1000000,1000,0,0,0,0,1000000000,1000000000,1000000000,,,0,,,,,22000,5000,22000,22,2000000000000,,armed,178000,blocked,22000,5000,22000,22,3000000000000,,armed,179000,blocked
178000,1,3,244,3,2,tick,0,0,3,1000,1000000,1000,0,0,0,0,1000000000,1000000000,1000000000,,,0,,,,,22000,4000,22000,22,2000000000000,,armed,178000,blocked,22000,4000,22000,22,3000000000000,,armed,179000,blocked
179000,1,1,245,1,0,tick,0,0,3,1000,1000000,1000,0,0,0,0,1000000000,1000000000,1000000000,,,0,,,,,22000,10000,22000,22,3000000000000,,armed,179000,blocked,22000,10000,22000,22,4000000000000,,armed,180000,blocked
179000,1,2,245,2,1,tick,0,0,3,1000,1000000,1000,0,0,0,0,1000000000,1000000000,1000000000,,,0,,,,,22000,5000,22000,22,3000000000000,,armed,179000,blocked,22000,5000,22000,22,4000000000000,,armed,180000,blocked
179000,1,3,245,3,2,tick,0,0,3,1000,1000000,1000,0,0,0,0,1000000000,1000000000,1000000000,,,0,,,,,22000,4000,22000,22,3000000000000,,armed,179000,blocked,22000,4000,22000,22,4000000000000,,armed,180000,blocked
180000,1,1,246,1,0,tick,0,0,3,1000,1000000,1000,0,0,0,0,1000000000,1000000000,1000000000,,,0,,,,,22000,10000,22000,22,4000000000000,,armed,180000,blocked,22000,10000,22000,22,5000000000000,,armed,181000,blocked
180000,1,2,246,2,1,tick,0,0,3,1000,1000000,1000,0,0,0,0,1000000000,1000000000,1000000000,,,0,,,,,22000,5000,22000,22,4000000000000,,armed,180000,blocked,22000,5000,22000,22,5000000000000,,armed,181000,blocked
180000,1,3,246,3,2,tick,0,0,3,1000,1000000,1000,0,0,0,0,1000000000,1000000000,1000000000,,,0,,,,,22000,4000,22000,22,4000000000000,,armed,180000,blocked,22000,4000,22000,22,5000000000000,,armed,181000,blocked
181000,1,1,247,1,0,tick,0,0,3,1000,1000000,1000,0,0,0,0,1000000000,1000000000,1000000000,,,0,,,,,22000,10000,22000,22,5000000000000,,armed,181000,blocked,22000,10000,22000,22,6000000000000,,armed,182000,blocked
181000,1,2,247,2,1,tick,0,0,3,1000,1000000,1000,0,0,0,0,1000000000,1000000000,1000000000,,,0,,,,,22000,5000,22000,22,5000000000000,,armed,181000,blocked,22000,5000,22000,22,6000000000000,,armed,182000,blocked
181000,1,3,247,3,2,tick,0,0,3,1000,1000000,1000,0,0,0,0,1000000000,1000000000,1000000000,,,0,,,,,22000,4000,22000,22,5000000000000,,armed,181000,blocked,22000,4000,22000,22,6000000000000,,armed,182000,blocked
182000,1,1,248,1,0,tick,0,0,3,1000,1000000,1000,0,0,0,0,1000000000,1000000000,1000000000,,,0,,,,,22000,10000,22000,22,6000000000000,,armed,182000,blocked,22000,10000,22000,22,7000000000000,,armed,183000,scheduled
182000,1,2,248,2,1,tick,0,0,3,1000,1000000,1000,0,0,0,0,1000000000,1000000000,1000000000,,,0,,,,,22000,5000,22000,22,6000000000000,,armed,182000,blocked,22000,5000,22000,22,7000000000000,,armed,183000,scheduled
182000,1,3,248,3,2,tick,0,0,3,1000,1000000,1000,0,0,0,0,1000000000,1000000000,1000000000,,,0,,,,,22000,4000,22000,22,6000000000000,,armed,182000,blocked,22000,4000,22000,22,7000000000000,,armed,183000,scheduled
183000,1,1,249,1,0,tick,0,0,3,1000,1000000,1000,0,0,0,0,1000000000,1000000000,1000000000,,,1,22000,1000,0,323,22000,10000,22000,22,7000000000000,,armed,183000,scheduled,23000,10000,23000,23,0,,armed,184000,blocked
183000,1,2,249,2,1,tick,0,0,3,1000,1000000,1000,0,0,0,0,1000000000,1000000000,1000000000,,,1,22000,1000,0,324,22000,5000,22000,22,7000000000000,,armed,183000,scheduled,23000,5000,23000,23,0,,armed,184000,blocked
183000,1,3,249,3,2,tick,0,0,3,1000,1000000,1000,0,0,0,0,1000000000,1000000000,1000000000,,,1,22000,1000,0,325,22000,4000,22000,22,7000000000000,,armed,183000,scheduled,23000,4000,23000,23,0,,armed,184000,blocked
184000,1,1,250,1,0,tick,0,0,3,1000,1000000,1000,0,0,0,0,1000000000,1000000000,1000000000,,,0,,,,,23000,10000,23000,23,0,,armed,184000,blocked,23000,10000,23000,23,1000000000000,,armed,185000,blocked
184000,1,2,250,2,1,tick,0,0,3,1000,1000000,1000,0,0,0,0,1000000000,1000000000,1000000000,,,0,,,,,23000,5000,23000,23,0,,armed,184000,blocked,23000,5000,23000,23,1000000000000,,armed,185000,blocked
184000,1,3,250,3,2,tick,0,0,3,1000,1000000,1000,0,0,0,0,1000000000,1000000000,1000000000,,,0,,,,,23000,4000,23000,23,0,,armed,184000,blocked,23000,4000,23000,23,1000000000000,,armed,185000,blocked
184536,0,6,32,1,0,ack,0,0,3,1000,1000000,1000,0,0,0,0,1000000000,1000000000,,11000,0,0,,,,,23000,10000,23000,23,1000000000000,,armed,185000,blocked,23000,11000,23000,23,1000000000000,,armed,185000,blocked
185000,1,1,254,1,0,tick,0,0,3,1000,1000000,1000,0,0,0,0,1000000000,1000000000,1000000000,,,0,,,,,23000,11000,23000,23,1000000000000,,armed,185000,blocked,23000,11000,23000,23,2000000000000,,armed,186000,blocked
185000,1,2,254,2,1,tick,0,0,3,1000,1000000,1000,0,0,0,0,1000000000,1000000000,1000000000,,,0,,,,,23000,5000,23000,23,1000000000000,,armed,185000,blocked,23000,5000,23000,23,2000000000000,,armed,186000,blocked
185000,1,3,254,3,2,tick,0,0,3,1000,1000000,1000,0,0,0,0,1000000000,1000000000,1000000000,,,0,,,,,23000,4000,23000,23,1000000000000,,armed,185000,blocked,23000,4000,23000,23,2000000000000,,armed,186000,blocked
186000,1,1,255,1,0,tick,0,0,3,1000,1000000,1000,0,0,0,0,1000000000,1000000000,1000000000,,,0,,,,,23000,11000,23000,23,2000000000000,,armed,186000,blocked,23000,11000,23000,23,3000000000000,,armed,187000,blocked
186000,1,2,255,2,1,tick,0,0,3,1000,1000000,1000,0,0,0,0,1000000000,1000000000,1000000000,,,0,,,,,23000,5000,23000,23,2000000000000,,armed,186000,blocked,23000,5000,23000,23,3000000000000,,armed,187000,blocked
186000,1,3,255,3,2,tick,0,0,3,1000,1000000,1000,0,0,0,0,1000000000,1000000000,1000000000,,,0,,,,,23000,4000,23000,23,2000000000000,,armed,186000,blocked,23000,4000,23000,23,3000000000000,,armed,187000,blocked
187000,1,1,256,1,0,tick,0,0,3,1000,1000000,1000,0,0,0,0,1000000000,1000000000,1000000000,,,0,,,,,23000,11000,23000,23,3000000000000,,armed,187000,blocked,23000,11000,23000,23,4000000000000,,armed,188000,blocked
187000,1,2,256,2,1,tick,0,0,3,1000,1000000,1000,0,0,0,0,1000000000,1000000000,1000000000,,,0,,,,,23000,5000,23000,23,3000000000000,,armed,187000,blocked,23000,5000,23000,23,4000000000000,,armed,188000,blocked
187000,1,3,256,3,2,tick,0,0,3,1000,1000000,1000,0,0,0,0,1000000000,1000000000,1000000000,,,0,,,,,23000,4000,23000,23,3000000000000,,armed,187000,blocked,23000,4000,23000,23,4000000000000,,armed,188000,blocked
188000,1,1,257,1,0,tick,0,0,3,1000,1000000,1000,0,0,0,0,1000000000,1000000000,1000000000,,,0,,,,,23000,11000,23000,23,4000000000000,,armed,188000,blocked,23000,11000,23000,23,5000000000000,,armed,189000,blocked
188000,1,2,257,2,1,tick,0,0,3,1000,1000000,1000,0,0,0,0,1000000000,1000000000,1000000000,,,0,,,,,23000,5000,23000,23,4000000000000,,armed,188000,blocked,23000,5000,23000,23,5000000000000,,armed,189000,blocked
188000,1,3,257,3,2,tick,0,0,3,1000,1000000,1000,0,0,0,0,1000000000,1000000000,1000000000,,,0,,,,,23000,4000,23000,23,4000000000000,,armed,188000,blocked,23000,4000,23000,23,5000000000000,,armed,189000,blocked
189000,1,1,258,1,0,tick,0,0,3,1000,1000000,1000,0,0,0,0,1000000000,1000000000,1000000000,,,0,,,,,23000,11000,23000,23,5000000000000,,armed,189000,blocked,23000,11000,23000,23,6000000000000,,armed,190000,blocked
189000,1,2,258,2,1,tick,0,0,3,1000,1000000,1000,0,0,0,0,1000000000,1000000000,1000000000,,,0,,,,,23000,5000,23000,23,5000000000000,,armed,189000,blocked,23000,5000,23000,23,6000000000000,,armed,190000,blocked
189000,1,3,258,3,2,tick,0,0,3,1000,1000000,1000,0,0,0,0,1000000000,1000000000,1000000000,,,0,,,,,23000,4000,23000,23,5000000000000,,armed,189000,blocked,23000,4000,23000,23,6000000000000,,armed,190000,blocked
190000,1,1,259,1,0,tick,0,0,3,1000,1000000,1000,0,0,0,0,1000000000,1000000000,1000000000,,,0,,,,,23000,11000,23000,23,6000000000000,,armed,190000,blocked,23000,11000,23000,23,7000000000000,,armed,191000,scheduled
190000,1,2,259,2,1,tick,0,0,3,1000,1000000,1000,0,0,0,0,1000000000,1000000000,1000000000,,,0,,,,,23000,5000,23000,23,6000000000000,,armed,190000,blocked,23000,5000,23000,23,7000000000000,,armed,191000,scheduled
190000,1,3,259,3,2,tick,0,0,3,1000,1000000,1000,0,0,0,0,1000000000,1000000000,1000000000,,,0,,,,,23000,4000,23000,23,6000000000000,,armed,190000,blocked,23000,4000,23000,23,7000000000000,,armed,191000,scheduled
191000,1,1,260,1,0,tick,0,0,3,1000,1000000,1000,0,0,0,0,1000000000,1000000000,1000000000,,,1,23000,1000,0,337,23000,11000,23000,23,7000000000000,,armed,191000,scheduled,24000,11000,24000,24,0,,armed,192000,blocked
191000,1,2,260,2,1,tick,0,0,3,1000,1000000,1000,0,0,0,0,1000000000,1000000000,1000000000,,,1,23000,1000,0,338,23000,5000,23000,23,7000000000000,,armed,191000,scheduled,24000,5000,24000,24,0,,armed,192000,blocked
191000,1,3,260,3,2,tick,0,0,3,1000,1000000,1000,0,0,0,0,1000000000,1000000000,1000000000,,,1,23000,1000,0,339,23000,4000,23000,23,7000000000000,,armed,191000,scheduled,24000,4000,24000,24,0,,armed,192000,blocked
192000,1,1,261,1,0,tick,0,0,3,1000,1000000,1000,0,0,0,0,1000000000,1000000000,1000000000,,,0,,,,,24000,11000,24000,24,0,,armed,192000,blocked,24000,11000,24000,24,1000000000000,,armed,193000,blocked
192000,1,2,261,2,1,tick,0,0,3,1000,1000000,1000,0,0,0,0,1000000000,1000000000,1000000000,,,0,,,,,24000,5000,24000,24,0,,armed,192000,blocked,24000,5000,24000,24,1000000000000,,armed,193000,blocked
192000,1,3,261,3,2,tick,0,0,3,1000,1000000,1000,0,0,0,0,1000000000,1000000000,1000000000,,,0,,,,,24000,4000,24000,24,0,,armed,192000,blocked,24000,4000,24000,24,1000000000000,,armed,193000,blocked
193000,1,1,265,1,0,tick,0,0,3,1000,1000000,1000,0,0,0,0,1000000000,1000000000,1000000000,,,0,,,,,24000,11000,24000,24,1000000000000,,armed,193000,blocked,24000,11000,24000,24,2000000000000,,armed,194000,blocked
193000,1,2,265,2,1,tick,0,0,3,1000,1000000,1000,0,0,0,0,1000000000,1000000000,1000000000,,,0,,,,,24000,5000,24000,24,1000000000000,,armed,193000,blocked,24000,5000,24000,24,2000000000000,,armed,194000,blocked
193000,1,3,265,3,2,tick,0,0,3,1000,1000000,1000,0,0,0,0,1000000000,1000000000,1000000000,,,0,,,,,24000,4000,24000,24,1000000000000,,armed,193000,blocked,24000,4000,24000,24,2000000000000,,armed,194000,blocked
193048,0,9,17,2,1,ack,0,0,3,1000,1000000,1000,0,0,0,0,1000000000,1000000000,,6000,0,0,,,,,24000,5000,24000,24,2000000000000,,armed,194000,blocked,24000,6000,24000,24,2000000000000,,armed,194000,blocked
194000,1,1,266,1,0,tick,0,0,3,1000,1000000,1000,0,0,0,0,1000000000,1000000000,1000000000,,,0,,,,,24000,11000,24000,24,2000000000000,,armed,194000,blocked,24000,11000,24000,24,3000000000000,,armed,195000,blocked
194000,1,2,266,2,1,tick,0,0,3,1000,1000000,1000,0,0,0,0,1000000000,1000000000,1000000000,,,0,,,,,24000,6000,24000,24,2000000000000,,armed,194000,blocked,24000,6000,24000,24,3000000000000,,armed,195000,blocked
194000,1,3,266,3,2,tick,0,0,3,1000,1000000,1000,0,0,0,0,1000000000,1000000000,1000000000,,,0,,,,,24000,4000,24000,24,2000000000000,,armed,194000,blocked,24000,4000,24000,24,3000000000000,,armed,195000,blocked
195000,1,1,267,1,0,tick,0,0,3,1000,1000000,1000,0,0,0,0,1000000000,1000000000,1000000000,,,0,,,,,24000,11000,24000,24,3000000000000,,armed,195000,blocked,24000,11000,24000,24,4000000000000,,armed,196000,blocked
195000,1,2,267,2,1,tick,0,0,3,1000,1000000,1000,0,0,0,0,1000000000,1000000000,1000000000,,,0,,,,,24000,6000,24000,24,3000000000000,,armed,195000,blocked,24000,6000,24000,24,4000000000000,,armed,196000,blocked
195000,1,3,267,3,2,tick,0,0,3,1000,1000000,1000,0,0,0,0,1000000000,1000000000,1000000000,,,0,,,,,24000,4000,24000,24,3000000000000,,armed,195000,blocked,24000,4000,24000,24,4000000000000,,armed,196000,blocked
196000,1,1,268,1,0,tick,0,0,3,1000,1000000,1000,0,0,0,0,1000000000,1000000000,1000000000,,,0,,,,,24000,11000,24000,24,4000000000000,,armed,196000,blocked,24000,11000,24000,24,5000000000000,,armed,197000,blocked
196000,1,2,268,2,1,tick,0,0,3,1000,1000000,1000,0,0,0,0,1000000000,1000000000,1000000000,,,0,,,,,24000,6000,24000,24,4000000000000,,armed,196000,blocked,24000,6000,24000,24,5000000000000,,armed,197000,blocked
196000,1,3,268,3,2,tick,0,0,3,1000,1000000,1000,0,0,0,0,1000000000,1000000000,1000000000,,,0,,,,,24000,4000,24000,24,4000000000000,,armed,196000,blocked,24000,4000,24000,24,5000000000000,,armed,197000,blocked
197000,1,1,269,1,0,tick,0,0,3,1000,1000000,1000,0,0,0,0,1000000000,1000000000,1000000000,,,0,,,,,24000,11000,24000,24,5000000000000,,armed,197000,blocked,24000,11000,24000,24,6000000000000,,armed,198000,blocked
197000,1,2,269,2,1,tick,0,0,3,1000,1000000,1000,0,0,0,0,1000000000,1000000000,1000000000,,,0,,,,,24000,6000,24000,24,5000000000000,,armed,197000,blocked,24000,6000,24000,24,6000000000000,,armed,198000,blocked
197000,1,3,269,3,2,tick,0,0,3,1000,1000000,1000,0,0,0,0,1000000000,1000000000,1000000000,,,0,,,,,24000,4000,24000,24,5000000000000,,armed,197000,blocked,24000,4000,24000,24,6000000000000,,armed,198000,blocked
198000,1,1,270,1,0,tick,0,0,3,1000,1000000,1000,0,0,0,0,1000000000,1000000000,1000000000,,,0,,,,,24000,11000,24000,24,6000000000000,,armed,198000,blocked,24000,11000,24000,24,7000000000000,,armed,199000,scheduled
198000,1,2,270,2,1,tick,0,0,3,1000,1000000,1000,0,0,0,0,1000000000,1000000000,1000000000,,,0,,,,,24000,6000,24000,24,6000000000000,,armed,198000,blocked,24000,6000,24000,24,7000000000000,,armed,199000,scheduled
198000,1,3,270,3,2,tick,0,0,3,1000,1000000,1000,0,0,0,0,1000000000,1000000000,1000000000,,,0,,,,,24000,4000,24000,24,6000000000000,,armed,198000,blocked,24000,4000,24000,24,7000000000000,,armed,199000,scheduled
199000,1,1,271,1,0,tick,0,0,3,1000,1000000,1000,0,0,0,0,1000000000,1000000000,1000000000,,,1,24000,1000,0,351,24000,11000,24000,24,7000000000000,,armed,199000,scheduled,25000,11000,25000,25,0,,armed,200000,blocked
199000,1,2,271,2,1,tick,0,0,3,1000,1000000,1000,0,0,0,0,1000000000,1000000000,1000000000,,,1,24000,1000,0,352,24000,6000,24000,24,7000000000000,,armed,199000,scheduled,25000,6000,25000,25,0,,armed,200000,blocked
199000,1,3,271,3,2,tick,0,0,3,1000,1000000,1000,0,0,0,0,1000000000,1000000000,1000000000,,,1,24000,1000,0,353,24000,4000,24000,24,7000000000000,,armed,199000,scheduled,25000,4000,25000,25,0,,armed,200000,blocked
200000,1,1,272,1,0,tick,0,0,3,1000,1000000,1000,0,0,0,0,1000000000,1000000000,1000000000,,,0,,,,,25000,11000,25000,25,0,,armed,200000,blocked,25000,11000,25000,25,1000000000000,,armed,201000,blocked
200000,1,2,272,2,1,tick,0,0,3,1000,1000000,1000,0,0,0,0,1000000000,1000000000,1000000000,,,0,,,,,25000,6000,25000,25,0,,armed,200000,blocked,25000,6000,25000,25,1000000000000,,armed,201000,blocked
200000,1,3,272,3,2,tick,0,0,3,1000,1000000,1000,0,0,0,0,1000000000,1000000000,1000000000,,,0,,,,,25000,4000,25000,25,0,,armed,200000,blocked,25000,4000,25000,25,1000000000000,,armed,201000,blocked
200536,0,6,35,1,0,ack,0,0,3,1000,1000000,1000,0,0,0,0,1000000000,1000000000,,12000,0,0,,,,,25000,11000,25000,25,1000000000000,,armed,201000,blocked,25000,12000,25000,25,1000000000000,,armed,201000,blocked
201000,1,1,276,1,0,tick,0,0,3,1000,1000000,1000,0,0,0,0,1000000000,1000000000,1000000000,,,0,,,,,25000,12000,25000,25,1000000000000,,armed,201000,blocked,25000,12000,25000,25,2000000000000,,armed,202000,blocked
201000,1,2,276,2,1,tick,0,0,3,1000,1000000,1000,0,0,0,0,1000000000,1000000000,1000000000,,,0,,,,,25000,6000,25000,25,1000000000000,,armed,201000,blocked,25000,6000,25000,25,2000000000000,,armed,202000,blocked
201000,1,3,276,3,2,tick,0,0,3,1000,1000000,1000,0,0,0,0,1000000000,1000000000,1000000000,,,0,,,,,25000,4000,25000,25,1000000000000,,armed,201000,blocked,25000,4000,25000,25,2000000000000,,armed,202000,blocked
202000,1,1,277,1,0,tick,0,0,3,1000,1000000,1000,0,0,0,0,1000000000,1000000000,1000000000,,,0,,,,,25000,12000,25000,25,2000000000000,,armed,202000,blocked,25000,12000,25000,25,3000000000000,,armed,203000,blocked
202000,1,2,277,2,1,tick,0,0,3,1000,1000000,1000,0,0,0,0,1000000000,1000000000,1000000000,,,0,,,,,25000,6000,25000,25,2000000000000,,armed,202000,blocked,25000,6000,25000,25,3000000000000,,armed,203000,blocked
202000,1,3,277,3,2,tick,0,0,3,1000,1000000,1000,0,0,0,0,1000000000,1000000000,1000000000,,,0,,,,,25000,4000,25000,25,2000000000000,,armed,202000,blocked,25000,4000,25000,25,3000000000000,,armed,203000,blocked
203000,1,1,278,1,0,tick,0,0,3,1000,1000000,1000,0,0,0,0,1000000000,1000000000,1000000000,,,0,,,,,25000,12000,25000,25,3000000000000,,armed,203000,blocked,25000,12000,25000,25,4000000000000,,armed,204000,blocked
203000,1,2,278,2,1,tick,0,0,3,1000,1000000,1000,0,0,0,0,1000000000,1000000000,1000000000,,,0,,,,,25000,6000,25000,25,3000000000000,,armed,203000,blocked,25000,6000,25000,25,4000000000000,,armed,204000,blocked
203000,1,3,278,3,2,tick,0,0,3,1000,1000000,1000,0,0,0,0,1000000000,1000000000,1000000000,,,0,,,,,25000,4000,25000,25,3000000000000,,armed,203000,blocked,25000,4000,25000,25,4000000000000,,armed,204000,blocked
204000,1,1,279,1,0,tick,0,0,3,1000,1000000,1000,0,0,0,0,1000000000,1000000000,1000000000,,,0,,,,,25000,12000,25000,25,4000000000000,,armed,204000,blocked,25000,12000,25000,25,5000000000000,,armed,205000,blocked
204000,1,2,279,2,1,tick,0,0,3,1000,1000000,1000,0,0,0,0,1000000000,1000000000,1000000000,,,0,,,,,25000,6000,25000,25,4000000000000,,armed,204000,blocked,25000,6000,25000,25,5000000000000,,armed,205000,blocked
204000,1,3,279,3,2,tick,0,0,3,1000,1000000,1000,0,0,0,0,1000000000,1000000000,1000000000,,,0,,,,,25000,4000,25000,25,4000000000000,,armed,204000,blocked,25000,4000,25000,25,5000000000000,,armed,205000,blocked
205000,1,1,280,1,0,tick,0,0,3,1000,1000000,1000,0,0,0,0,1000000000,1000000000,1000000000,,,0,,,,,25000,12000,25000,25,5000000000000,,armed,205000,blocked,25000,12000,25000,25,6000000000000,,armed,206000,blocked
205000,1,2,280,2,1,tick,0,0,3,1000,1000000,1000,0,0,0,0,1000000000,1000000000,1000000000,,,0,,,,,25000,6000,25000,25,5000000000000,,armed,205000,blocked,25000,6000,25000,25,6000000000000,,armed,206000,blocked
205000,1,3,280,3,2,tick,0,0,3,1000,1000000,1000,0,0,0,0,1000000000,1000000000,1000000000,,,0,,,,,25000,4000,25000,25,5000000000000,,armed,205000,blocked,25000,4000,25000,25,6000000000000,,armed,206000,blocked
206000,1,1,281,1,0,tick,0,0,3,1000,1000000,1000,0,0,0,0,1000000000,1000000000,1000000000,,,0,,,,,25000,12000,25000,25,6000000000000,,armed,206000,blocked,25000,12000,25000,25,7000000000000,,armed,207000,scheduled
206000,1,2,281,2,1,tick,0,0,3,1000,1000000,1000,0,0,0,0,1000000000,1000000000,1000000000,,,0,,,,,25000,6000,25000,25,6000000000000,,armed,206000,blocked,25000,6000,25000,25,7000000000000,,armed,207000,scheduled
206000,1,3,281,3,2,tick,0,0,3,1000,1000000,1000,0,0,0,0,1000000000,1000000000,1000000000,,,0,,,,,25000,4000,25000,25,6000000000000,,armed,206000,blocked,25000,4000,25000,25,7000000000000,,armed,207000,scheduled
207000,1,1,282,1,0,tick,0,0,3,1000,1000000,1000,0,0,0,0,1000000000,1000000000,1000000000,,,1,25000,1000,0,365,25000,12000,25000,25,7000000000000,,armed,207000,scheduled,26000,12000,26000,26,0,,armed,208000,blocked
207000,1,2,282,2,1,tick,0,0,3,1000,1000000,1000,0,0,0,0,1000000000,1000000000,1000000000,,,1,25000,1000,0,366,25000,6000,25000,25,7000000000000,,armed,207000,scheduled,26000,6000,26000,26,0,,armed,208000,blocked
207000,1,3,282,3,2,tick,0,0,3,1000,1000000,1000,0,0,0,0,1000000000,1000000000,1000000000,,,1,25000,1000,0,367,25000,4000,25000,25,7000000000000,,armed,207000,scheduled,26000,4000,26000,26,0,,armed,208000,blocked
208000,1,1,283,1,0,tick,0,0,3,1000,1000000,1000,0,0,0,0,1000000000,1000000000,1000000000,,,0,,,,,26000,12000,26000,26,0,,armed,208000,blocked,26000,12000,26000,26,1000000000000,,armed,209000,blocked
208000,1,2,283,2,1,tick,0,0,3,1000,1000000,1000,0,0,0,0,1000000000,1000000000,1000000000,,,0,,,,,26000,6000,26000,26,0,,armed,208000,blocked,26000,6000,26000,26,1000000000000,,armed,209000,blocked
208000,1,3,283,3,2,tick,0,0,3,1000,1000000,1000,0,0,0,0,1000000000,1000000000,1000000000,,,0,,,,,26000,4000,26000,26,0,,armed,208000,blocked,26000,4000,26000,26,1000000000000,,armed,209000,blocked
209000,1,1,287,1,0,tick,0,0,3,1000,1000000,1000,0,0,0,0,1000000000,1000000000,1000000000,,,0,,,,,26000,12000,26000,26,1000000000000,,armed,209000,blocked,26000,12000,26000,26,2000000000000,,armed,210000,blocked
209000,1,2,287,2,1,tick,0,0,3,1000,1000000,1000,0,0,0,0,1000000000,1000000000,1000000000,,,0,,,,,26000,6000,26000,26,1000000000000,,armed,209000,blocked,26000,6000,26000,26,2000000000000,,armed,210000,blocked
209000,1,3,287,3,2,tick,0,0,3,1000,1000000,1000,0,0,0,0,1000000000,1000000000,1000000000,,,0,,,,,26000,4000,26000,26,1000000000000,,armed,209000,blocked,26000,4000,26000,26,2000000000000,,armed,210000,blocked
209560,0,12,14,3,2,ack,0,0,3,1000,1000000,1000,0,0,0,0,1000000000,1000000000,,5000,0,0,,,,,26000,4000,26000,26,2000000000000,,armed,210000,blocked,26000,5000,26000,26,2000000000000,,armed,210000,blocked
210000,1,1,288,1,0,tick,0,0,3,1000,1000000,1000,0,0,0,0,1000000000,1000000000,1000000000,,,0,,,,,26000,12000,26000,26,2000000000000,,armed,210000,blocked,26000,12000,26000,26,3000000000000,,armed,211000,blocked
210000,1,2,288,2,1,tick,0,0,3,1000,1000000,1000,0,0,0,0,1000000000,1000000000,1000000000,,,0,,,,,26000,6000,26000,26,2000000000000,,armed,210000,blocked,26000,6000,26000,26,3000000000000,,armed,211000,blocked
210000,1,3,288,3,2,tick,0,0,3,1000,1000000,1000,0,0,0,0,1000000000,1000000000,1000000000,,,0,,,,,26000,5000,26000,26,2000000000000,,armed,210000,blocked,26000,5000,26000,26,3000000000000,,armed,211000,blocked
211000,1,1,289,1,0,tick,0,0,3,1000,1000000,1000,0,0,0,0,1000000000,1000000000,1000000000,,,0,,,,,26000,12000,26000,26,3000000000000,,armed,211000,blocked,26000,12000,26000,26,4000000000000,,armed,212000,blocked
211000,1,2,289,2,1,tick,0,0,3,1000,1000000,1000,0,0,0,0,1000000000,1000000000,1000000000,,,0,,,,,26000,6000,26000,26,3000000000000,,armed,211000,blocked,26000,6000,26000,26,4000000000000,,armed,212000,blocked
211000,1,3,289,3,2,tick,0,0,3,1000,1000000,1000,0,0,0,0,1000000000,1000000000,1000000000,,,0,,,,,26000,5000,26000,26,3000000000000,,armed,211000,blocked,26000,5000,26000,26,4000000000000,,armed,212000,blocked
212000,1,1,290,1,0,tick,0,0,3,1000,1000000,1000,0,0,0,0,1000000000,1000000000,1000000000,,,0,,,,,26000,12000,26000,26,4000000000000,,armed,212000,blocked,26000,12000,26000,26,5000000000000,,armed,213000,blocked
212000,1,2,290,2,1,tick,0,0,3,1000,1000000,1000,0,0,0,0,1000000000,1000000000,1000000000,,,0,,,,,26000,6000,26000,26,4000000000000,,armed,212000,blocked,26000,6000,26000,26,5000000000000,,armed,213000,blocked
212000,1,3,290,3,2,tick,0,0,3,1000,1000000,1000,0,0,0,0,1000000000,1000000000,1000000000,,,0,,,,,26000,5000,26000,26,4000000000000,,armed,212000,blocked,26000,5000,26000,26,5000000000000,,armed,213000,blocked
213000,1,1,291,1,0,tick,0,0,3,1000,1000000,1000,0,0,0,0,1000000000,1000000000,1000000000,,,0,,,,,26000,12000,26000,26,5000000000000,,armed,213000,blocked,26000,12000,26000,26,6000000000000,,armed,214000,blocked
213000,1,2,291,2,1,tick,0,0,3,1000,1000000,1000,0,0,0,0,1000000000,1000000000,1000000000,,,0,,,,,26000,6000,26000,26,5000000000000,,armed,213000,blocked,26000,6000,26000,26,6000000000000,,armed,214000,blocked
213000,1,3,291,3,2,tick,0,0,3,1000,1000000,1000,0,0,0,0,1000000000,1000000000,1000000000,,,0,,,,,26000,5000,26000,26,5000000000000,,armed,213000,blocked,26000,5000,26000,26,6000000000000,,armed,214000,blocked
214000,1,1,292,1,0,tick,0,0,3,1000,1000000,1000,0,0,0,0,1000000000,1000000000,1000000000,,,0,,,,,26000,12000,26000,26,6000000000000,,armed,214000,blocked,26000,12000,26000,26,7000000000000,,armed,215000,scheduled
214000,1,2,292,2,1,tick,0,0,3,1000,1000000,1000,0,0,0,0,1000000000,1000000000,1000000000,,,0,,,,,26000,6000,26000,26,6000000000000,,armed,214000,blocked,26000,6000,26000,26,7000000000000,,armed,215000,scheduled
214000,1,3,292,3,2,tick,0,0,3,1000,1000000,1000,0,0,0,0,1000000000,1000000000,1000000000,,,0,,,,,26000,5000,26000,26,6000000000000,,armed,214000,blocked,26000,5000,26000,26,7000000000000,,armed,215000,scheduled
215000,1,1,293,1,0,tick,0,0,3,1000,1000000,1000,0,0,0,0,1000000000,1000000000,1000000000,,,1,26000,1000,0,379,26000,12000,26000,26,7000000000000,,armed,215000,scheduled,27000,12000,27000,27,0,,armed,216000,blocked
215000,1,2,293,2,1,tick,0,0,3,1000,1000000,1000,0,0,0,0,1000000000,1000000000,1000000000,,,1,26000,1000,0,380,26000,6000,26000,26,7000000000000,,armed,215000,scheduled,27000,6000,27000,27,0,,armed,216000,blocked
215000,1,3,293,3,2,tick,0,0,3,1000,1000000,1000,0,0,0,0,1000000000,1000000000,1000000000,,,1,26000,1000,0,381,26000,5000,26000,26,7000000000000,,armed,215000,scheduled,27000,5000,27000,27,0,,armed,216000,blocked
216000,1,1,294,1,0,tick,0,0,3,1000,1000000,1000,0,0,0,0,1000000000,1000000000,1000000000,,,0,,,,,27000,12000,27000,27,0,,armed,216000,blocked,27000,12000,27000,27,1000000000000,,armed,217000,blocked
216000,1,2,294,2,1,tick,0,0,3,1000,1000000,1000,0,0,0,0,1000000000,1000000000,1000000000,,,0,,,,,27000,6000,27000,27,0,,armed,216000,blocked,27000,6000,27000,27,1000000000000,,armed,217000,blocked
216000,1,3,294,3,2,tick,0,0,3,1000,1000000,1000,0,0,0,0,1000000000,1000000000,1000000000,,,0,,,,,27000,5000,27000,27,0,,armed,216000,blocked,27000,5000,27000,27,1000000000000,,armed,217000,blocked
216536,0,6,38,1,0,ack,0,0,3,1000,1000000,1000,0,0,0,0,1000000000,1000000000,,13000,0,0,,,,,27000,12000,27000,27,1000000000000,,armed,217000,blocked,27000,13000,27000,27,1000000000000,,armed,217000,blocked
217000,1,1,298,1,0,tick,0,0,3,1000,1000000,1000,0,0,0,0,1000000000,1000000000,1000000000,,,0,,,,,27000,13000,27000,27,1000000000000,,armed,217000,blocked,27000,13000,27000,27,2000000000000,,armed,218000,blocked
217000,1,2,298,2,1,tick,0,0,3,1000,1000000,1000,0,0,0,0,1000000000,1000000000,1000000000,,,0,,,,,27000,6000,27000,27,1000000000000,,armed,217000,blocked,27000,6000,27000,27,2000000000000,,armed,218000,blocked
217000,1,3,298,3,2,tick,0,0,3,1000,1000000,1000,0,0,0,0,1000000000,1000000000,1000000000,,,0,,,,,27000,5000,27000,27,1000000000000,,armed,217000,blocked,27000,5000,27000,27,2000000000000,,armed,218000,blocked
218000,1,1,299,1,0,tick,0,0,3,1000,1000000,1000,0,0,0,0,1000000000,1000000000,1000000000,,,0,,,,,27000,13000,27000,27,2000000000000,,armed,218000,blocked,27000,13000,27000,27,3000000000000,,armed,219000,blocked
218000,1,2,299,2,1,tick,0,0,3,1000,1000000,1000,0,0,0,0,1000000000,1000000000,1000000000,,,0,,,,,27000,6000,27000,27,2000000000000,,armed,218000,blocked,27000,6000,27000,27,3000000000000,,armed,219000,blocked
218000,1,3,299,3,2,tick,0,0,3,1000,1000000,1000,0,0,0,0,1000000000,1000000000,1000000000,,,0,,,,,27000,5000,27000,27,2000000000000,,armed,218000,blocked,27000,5000,27000,27,3000000000000,,armed,219000,blocked
219000,1,1,300,1,0,tick,0,0,3,1000,1000000,1000,0,0,0,0,1000000000,1000000000,1000000000,,,0,,,,,27000,13000,27000,27,3000000000000,,armed,219000,blocked,27000,13000,27000,27,4000000000000,,armed,220000,blocked
219000,1,2,300,2,1,tick,0,0,3,1000,1000000,1000,0,0,0,0,1000000000,1000000000,1000000000,,,0,,,,,27000,6000,27000,27,3000000000000,,armed,219000,blocked,27000,6000,27000,27,4000000000000,,armed,220000,blocked
219000,1,3,300,3,2,tick,0,0,3,1000,1000000,1000,0,0,0,0,1000000000,1000000000,1000000000,,,0,,,,,27000,5000,27000,27,3000000000000,,armed,219000,blocked,27000,5000,27000,27,4000000000000,,armed,220000,blocked
220000,1,1,301,1,0,tick,0,0,3,1000,1000000,1000,0,0,0,0,1000000000,1000000000,1000000000,,,0,,,,,27000,13000,27000,27,4000000000000,,armed,220000,blocked,27000,13000,27000,27,5000000000000,,armed,221000,blocked
220000,1,2,301,2,1,tick,0,0,3,1000,1000000,1000,0,0,0,0,1000000000,1000000000,1000000000,,,0,,,,,27000,6000,27000,27,4000000000000,,armed,220000,blocked,27000,6000,27000,27,5000000000000,,armed,221000,blocked
220000,1,3,301,3,2,tick,0,0,3,1000,1000000,1000,0,0,0,0,1000000000,1000000000,1000000000,,,0,,,,,27000,5000,27000,27,4000000000000,,armed,220000,blocked,27000,5000,27000,27,5000000000000,,armed,221000,blocked
221000,1,1,302,1,0,tick,0,0,3,1000,1000000,1000,0,0,0,0,1000000000,1000000000,1000000000,,,0,,,,,27000,13000,27000,27,5000000000000,,armed,221000,blocked,27000,13000,27000,27,6000000000000,,armed,222000,blocked
221000,1,2,302,2,1,tick,0,0,3,1000,1000000,1000,0,0,0,0,1000000000,1000000000,1000000000,,,0,,,,,27000,6000,27000,27,5000000000000,,armed,221000,blocked,27000,6000,27000,27,6000000000000,,armed,222000,blocked
221000,1,3,302,3,2,tick,0,0,3,1000,1000000,1000,0,0,0,0,1000000000,1000000000,1000000000,,,0,,,,,27000,5000,27000,27,5000000000000,,armed,221000,blocked,27000,5000,27000,27,6000000000000,,armed,222000,blocked
222000,1,1,303,1,0,tick,0,0,3,1000,1000000,1000,0,0,0,0,1000000000,1000000000,1000000000,,,0,,,,,27000,13000,27000,27,6000000000000,,armed,222000,blocked,27000,13000,27000,27,7000000000000,,armed,223000,scheduled
222000,1,2,303,2,1,tick,0,0,3,1000,1000000,1000,0,0,0,0,1000000000,1000000000,1000000000,,,0,,,,,27000,6000,27000,27,6000000000000,,armed,222000,blocked,27000,6000,27000,27,7000000000000,,armed,223000,scheduled
222000,1,3,303,3,2,tick,0,0,3,1000,1000000,1000,0,0,0,0,1000000000,1000000000,1000000000,,,0,,,,,27000,5000,27000,27,6000000000000,,armed,222000,blocked,27000,5000,27000,27,7000000000000,,armed,223000,scheduled
223000,1,1,304,1,0,tick,0,0,3,1000,1000000,1000,0,0,0,0,1000000000,1000000000,1000000000,,,1,27000,1000,0,393,27000,13000,27000,27,7000000000000,,armed,223000,scheduled,28000,13000,28000,28,0,,armed,224000,blocked
223000,1,2,304,2,1,tick,0,0,3,1000,1000000,1000,0,0,0,0,1000000000,1000000000,1000000000,,,1,27000,1000,0,394,27000,6000,27000,27,7000000000000,,armed,223000,scheduled,28000,6000,28000,28,0,,armed,224000,blocked
223000,1,3,304,3,2,tick,0,0,3,1000,1000000,1000,0,0,0,0,1000000000,1000000000,1000000000,,,1,27000,1000,0,395,27000,5000,27000,27,7000000000000,,armed,223000,scheduled,28000,5000,28000,28,0,,armed,224000,blocked
224000,1,1,305,1,0,tick,0,0,3,1000,1000000,1000,0,0,0,0,1000000000,1000000000,1000000000,,,0,,,,,28000,13000,28000,28,0,,armed,224000,blocked,28000,13000,28000,28,1000000000000,,armed,225000,blocked
224000,1,2,305,2,1,tick,0,0,3,1000,1000000,1000,0,0,0,0,1000000000,1000000000,1000000000,,,0,,,,,28000,6000,28000,28,0,,armed,224000,blocked,28000,6000,28000,28,1000000000000,,armed,225000,blocked
224000,1,3,305,3,2,tick,0,0,3,1000,1000000,1000,0,0,0,0,1000000000,1000000000,1000000000,,,0,,,,,28000,5000,28000,28,0,,armed,224000,blocked,28000,5000,28000,28,1000000000000,,armed,225000,blocked
225000,1,1,309,1,0,tick,0,0,3,1000,1000000,1000,0,0,0,0,1000000000,1000000000,1000000000,,,0,,,,,28000,13000,28000,28,1000000000000,,armed,225000,blocked,28000,13000,28000,28,2000000000000,,armed,226000,blocked
225000,1,2,309,2,1,tick,0,0,3,1000,1000000,1000,0,0,0,0,1000000000,1000000000,1000000000,,,0,,,,,28000,6000,28000,28,1000000000000,,armed,225000,blocked,28000,6000,28000,28,2000000000000,,armed,226000,blocked
225000,1,3,309,3,2,tick,0,0,3,1000,1000000,1000,0,0,0,0,1000000000,1000000000,1000000000,,,0,,,,,28000,5000,28000,28,1000000000000,,armed,225000,blocked,28000,5000,28000,28,2000000000000,,armed,226000,blocked
225048,0,9,20,2,1,ack,0,0,3,1000,1000000,1000,0,0,0,0,1000000000,1000000000,,7000,0,0,,,,,28000,6000,28000,28,2000000000000,,armed,226000,blocked,28000,7000,28000,28,2000000000000,,armed,226000,blocked
226000,1,1,310,1,0,tick,0,0,3,1000,1000000,1000,0,0,0,0,1000000000,1000000000,1000000000,,,0,,,,,28000,13000,28000,28,2000000000000,,armed,226000,blocked,28000,13000,28000,28,3000000000000,,armed,227000,blocked
226000,1,2,310,2,1,tick,0,0,3,1000,1000000,1000,0,0,0,0,1000000000,1000000000,1000000000,,,0,,,,,28000,7000,28000,28,2000000000000,,armed,226000,blocked,28000,7000,28000,28,3000000000000,,armed,227000,blocked
226000,1,3,310,3,2,tick,0,0,3,1000,1000000,1000,0,0,0,0,1000000000,1000000000,1000000000,,,0,,,,,28000,5000,28000,28,2000000000000,,armed,226000,blocked,28000,5000,28000,28,3000000000000,,armed,227000,blocked
227000,1,1,311,1,0,tick,0,0,3,1000,1000000,1000,0,0,0,0,1000000000,1000000000,1000000000,,,0,,,,,28000,13000,28000,28,3000000000000,,armed,227000,blocked,28000,13000,28000,28,4000000000000,,armed,228000,blocked
227000,1,2,311,2,1,tick,0,0,3,1000,1000000,1000,0,0,0,0,1000000000,1000000000,1000000000,,,0,,,,,28000,7000,28000,28,3000000000000,,armed,227000,blocked,28000,7000,28000,28,4000000000000,,armed,228000,blocked
227000,1,3,311,3,2,tick,0,0,3,1000,1000000,1000,0,0,0,0,1000000000,1000000000,1000000000,,,0,,,,,28000,5000,28000,28,3000000000000,,armed,227000,blocked,28000,5000,28000,28,4000000000000,,armed,228000,blocked
228000,1,1,312,1,0,tick,0,0,3,1000,1000000,1000,0,0,0,0,1000000000,1000000000,1000000000,,,0,,,,,28000,13000,28000,28,4000000000000,,armed,228000,blocked,28000,13000,28000,28,5000000000000,,armed,229000,blocked
228000,1,2,312,2,1,tick,0,0,3,1000,1000000,1000,0,0,0,0,1000000000,1000000000,1000000000,,,0,,,,,28000,7000,28000,28,4000000000000,,armed,228000,blocked,28000,7000,28000,28,5000000000000,,armed,229000,blocked
228000,1,3,312,3,2,tick,0,0,3,1000,1000000,1000,0,0,0,0,1000000000,1000000000,1000000000,,,0,,,,,28000,5000,28000,28,4000000000000,,armed,228000,blocked,28000,5000,28000,28,5000000000000,,armed,229000,blocked
229000,1,1,313,1,0,tick,0,0,3,1000,1000000,1000,0,0,0,0,1000000000,1000000000,1000000000,,,0,,,,,28000,13000,28000,28,5000000000000,,armed,229000,blocked,28000,13000,28000,28,6000000000000,,armed,230000,blocked
229000,1,2,313,2,1,tick,0,0,3,1000,1000000,1000,0,0,0,0,1000000000,1000000000,1000000000,,,0,,,,,28000,7000,28000,28,5000000000000,,armed,229000,blocked,28000,7000,28000,28,6000000000000,,armed,230000,blocked
229000,1,3,313,3,2,tick,0,0,3,1000,1000000,1000,0,0,0,0,1000000000,1000000000,1000000000,,,0,,,,,28000,5000,28000,28,5000000000000,,armed,229000,blocked,28000,5000,28000,28,6000000000000,,armed,230000,blocked
230000,1,1,314,1,0,tick,0,0,3,1000,1000000,1000,0,0,0,0,1000000000,1000000000,1000000000,,,0,,,,,28000,13000,28000,28,6000000000000,,armed,230000,blocked,28000,13000,28000,28,7000000000000,,armed,231000,scheduled
230000,1,2,314,2,1,tick,0,0,3,1000,1000000,1000,0,0,0,0,1000000000,1000000000,1000000000,,,0,,,,,28000,7000,28000,28,6000000000000,,armed,230000,blocked,28000,7000,28000,28,7000000000000,,armed,231000,scheduled
230000,1,3,314,3,2,tick,0,0,3,1000,1000000,1000,0,0,0,0,1000000000,1000000000,1000000000,,,0,,,,,28000,5000,28000,28,6000000000000,,armed,230000,blocked,28000,5000,28000,28,7000000000000,,armed,231000,scheduled
231000,1,1,315,1,0,tick,0,0,3,1000,1000000,1000,0,0,0,0,1000000000,1000000000,1000000000,,,1,28000,1000,0,407,28000,13000,28000,28,7000000000000,,armed,231000,scheduled,29000,13000,29000,29,0,,armed,232000,blocked
231000,1,2,315,2,1,tick,0,0,3,1000,1000000,1000,0,0,0,0,1000000000,1000000000,1000000000,,,1,28000,1000,0,408,28000,7000,28000,28,7000000000000,,armed,231000,scheduled,29000,7000,29000,29,0,,armed,232000,blocked
231000,1,3,315,3,2,tick,0,0,3,1000,1000000,1000,0,0,0,0,1000000000,1000000000,1000000000,,,1,28000,1000,0,409,28000,5000,28000,28,7000000000000,,armed,231000,scheduled,29000,5000,29000,29,0,,armed,232000,blocked
232000,1,1,316,1,0,tick,0,0,3,1000,1000000,1000,0,0,0,0,1000000000,1000000000,1000000000,,,0,,,,,29000,13000,29000,29,0,,armed,232000,blocked,29000,13000,29000,29,1000000000000,,armed,233000,blocked
232000,1,2,316,2,1,tick,0,0,3,1000,1000000,1000,0,0,0,0,1000000000,1000000000,1000000000,,,0,,,,,29000,7000,29000,29,0,,armed,232000,blocked,29000,7000,29000,29,1000000000000,,armed,233000,blocked
232000,1,3,316,3,2,tick,0,0,3,1000,1000000,1000,0,0,0,0,1000000000,1000000000,1000000000,,,0,,,,,29000,5000,29000,29,0,,armed,232000,blocked,29000,5000,29000,29,1000000000000,,armed,233000,blocked
232536,0,6,41,1,0,ack,0,0,3,1000,1000000,1000,0,0,0,0,1000000000,1000000000,,14000,0,0,,,,,29000,13000,29000,29,1000000000000,,armed,233000,blocked,29000,14000,29000,29,1000000000000,,armed,233000,blocked
233000,1,1,320,1,0,tick,0,0,3,1000,1000000,1000,0,0,0,0,1000000000,1000000000,1000000000,,,0,,,,,29000,14000,29000,29,1000000000000,,armed,233000,blocked,29000,14000,29000,29,2000000000000,,armed,234000,blocked
233000,1,2,320,2,1,tick,0,0,3,1000,1000000,1000,0,0,0,0,1000000000,1000000000,1000000000,,,0,,,,,29000,7000,29000,29,1000000000000,,armed,233000,blocked,29000,7000,29000,29,2000000000000,,armed,234000,blocked
233000,1,3,320,3,2,tick,0,0,3,1000,1000000,1000,0,0,0,0,1000000000,1000000000,1000000000,,,0,,,,,29000,5000,29000,29,1000000000000,,armed,233000,blocked,29000,5000,29000,29,2000000000000,,armed,234000,blocked
234000,1,1,321,1,0,tick,0,0,3,1000,1000000,1000,0,0,0,0,1000000000,1000000000,1000000000,,,0,,,,,29000,14000,29000,29,2000000000000,,armed,234000,blocked,29000,14000,29000,29,3000000000000,,armed,235000,blocked
234000,1,2,321,2,1,tick,0,0,3,1000,1000000,1000,0,0,0,0,1000000000,1000000000,1000000000,,,0,,,,,29000,7000,29000,29,2000000000000,,armed,234000,blocked,29000,7000,29000,29,3000000000000,,armed,235000,blocked
234000,1,3,321,3,2,tick,0,0,3,1000,1000000,1000,0,0,0,0,1000000000,1000000000,1000000000,,,0,,,,,29000,5000,29000,29,2000000000000,,armed,234000,blocked,29000,5000,29000,29,3000000000000,,armed,235000,blocked
235000,1,1,322,1,0,tick,0,0,3,1000,1000000,1000,0,0,0,0,1000000000,1000000000,1000000000,,,0,,,,,29000,14000,29000,29,3000000000000,,armed,235000,blocked,29000,14000,29000,29,4000000000000,,armed,236000,blocked
235000,1,2,322,2,1,tick,0,0,3,1000,1000000,1000,0,0,0,0,1000000000,1000000000,1000000000,,,0,,,,,29000,7000,29000,29,3000000000000,,armed,235000,blocked,29000,7000,29000,29,4000000000000,,armed,236000,blocked
235000,1,3,322,3,2,tick,0,0,3,1000,1000000,1000,0,0,0,0,1000000000,1000000000,1000000000,,,0,,,,,29000,5000,29000,29,3000000000000,,armed,235000,blocked,29000,5000,29000,29,4000000000000,,armed,236000,blocked
236000,1,1,323,1,0,tick,0,0,3,1000,1000000,1000,0,0,0,0,1000000000,1000000000,1000000000,,,0,,,,,29000,14000,29000,29,4000000000000,,armed,236000,blocked,29000,14000,29000,29,5000000000000,,armed,237000,blocked
236000,1,2,323,2,1,tick,0,0,3,1000,1000000,1000,0,0,0,0,1000000000,1000000000,1000000000,,,0,,,,,29000,7000,29000,29,4000000000000,,armed,236000,blocked,29000,7000,29000,29,5000000000000,,armed,237000,blocked
236000,1,3,323,3,2,tick,0,0,3,1000,1000000,1000,0,0,0,0,1000000000,1000000000,1000000000,,,0,,,,,29000,5000,29000,29,4000000000000,,armed,236000,blocked,29000,5000,29000,29,5000000000000,,armed,237000,blocked
237000,1,1,324,1,0,tick,0,0,3,1000,1000000,1000,0,0,0,0,1000000000,1000000000,1000000000,,,0,,,,,29000,14000,29000,29,5000000000000,,armed,237000,blocked,29000,14000,29000,29,6000000000000,,armed,238000,blocked
237000,1,2,324,2,1,tick,0,0,3,1000,1000000,1000,0,0,0,0,1000000000,1000000000,1000000000,,,0,,,,,29000,7000,29000,29,5000000000000,,armed,237000,blocked,29000,7000,29000,29,6000000000000,,armed,238000,blocked
237000,1,3,324,3,2,tick,0,0,3,1000,1000000,1000,0,0,0,0,1000000000,1000000000,1000000000,,,0,,,,,29000,5000,29000,29,5000000000000,,armed,237000,blocked,29000,5000,29000,29,6000000000000,,armed,238000,blocked
238000,1,1,325,1,0,tick,0,0,3,1000,1000000,1000,0,0,0,0,1000000000,1000000000,1000000000,,,0,,,,,29000,14000,29000,29,6000000000000,,armed,238000,blocked,29000,14000,29000,29,7000000000000,,armed,239000,scheduled
238000,1,2,325,2,1,tick,0,0,3,1000,1000000,1000,0,0,0,0,1000000000,1000000000,1000000000,,,0,,,,,29000,7000,29000,29,6000000000000,,armed,238000,blocked,29000,7000,29000,29,7000000000000,,armed,239000,scheduled
238000,1,3,325,3,2,tick,0,0,3,1000,1000000,1000,0,0,0,0,1000000000,1000000000,1000000000,,,0,,,,,29000,5000,29000,29,6000000000000,,armed,238000,blocked,29000,5000,29000,29,7000000000000,,armed,239000,scheduled
239000,1,1,326,1,0,tick,0,0,3,1000,1000000,1000,0,0,0,0,1000000000,1000000000,1000000000,,,1,29000,1000,0,421,29000,14000,29000,29,7000000000000,,armed,239000,scheduled,30000,14000,30000,30,0,,armed,240000,blocked
239000,1,2,326,2,1,tick,0,0,3,1000,1000000,1000,0,0,0,0,1000000000,1000000000,1000000000,,,1,29000,1000,0,422,29000,7000,29000,29,7000000000000,,armed,239000,scheduled,30000,7000,30000,30,0,,armed,240000,blocked
239000,1,3,326,3,2,tick,0,0,3,1000,1000000,1000,0,0,0,0,1000000000,1000000000,1000000000,,,1,29000,1000,0,423,29000,5000,29000,29,7000000000000,,armed,239000,scheduled,30000,5000,30000,30,0,,armed,240000,blocked
240000,1,1,327,1,0,tick,0,0,3,1000,1000000,1000,0,0,0,0,1000000000,1000000000,1000000000,,,0,,,,,30000,14000,30000,30,0,,armed,240000,blocked,30000,14000,30000,30,1000000000000,,armed,241000,blocked
240000,1,2,327,2,1,tick,0,0,3,1000,1000000,1000,0,0,0,0,1000000000,1000000000,1000000000,,,0,,,,,30000,7000,30000,30,0,,armed,240000,blocked,30000,7000,30000,30,1000000000000,,armed,241000,blocked
240000,1,3,327,3,2,tick,0,0,3,1000,1000000,1000,0,0,0,0,1000000000,1000000000,1000000000,,,0,,,,,30000,5000,30000,30,0,,armed,240000,blocked,30000,5000,30000,30,1000000000000,,armed,241000,blocked
241000,1,1,331,1,0,tick,0,0,3,1000,1000000,1000,0,0,0,0,1000000000,1000000000,1000000000,,,0,,,,,30000,14000,30000,30,1000000000000,,armed,241000,blocked,30000,14000,30000,30,2000000000000,,armed,242000,blocked
241000,1,2,331,2,1,tick,0,0,3,1000,1000000,1000,0,0,0,0,1000000000,1000000000,1000000000,,,0,,,,,30000,7000,30000,30,1000000000000,,armed,241000,blocked,30000,7000,30000,30,2000000000000,,armed,242000,blocked
241000,1,3,331,3,2,tick,0,0,3,1000,1000000,1000,0,0,0,0,1000000000,1000000000,1000000000,,,0,,,,,30000,5000,30000,30,1000000000000,,armed,241000,blocked,30000,5000,30000,30,2000000000000,,armed,242000,blocked
241560,0,12,17,3,2,ack,0,0,3,1000,1000000,1000,0,0,0,0,1000000000,1000000000,,6000,0,0,,,,,30000,5000,30000,30,2000000000000,,armed,242000,blocked,30000,6000,30000,30,2000000000000,,armed,242000,blocked
242000,1,1,332,1,0,tick,0,0,3,1000,1000000,1000,0,0,0,0,1000000000,1000000000,1000000000,,,0,,,,,30000,14000,30000,30,2000000000000,,armed,242000,blocked,30000,14000,30000,30,3000000000000,,armed,243000,blocked
242000,1,2,332,2,1,tick,0,0,3,1000,1000000,1000,0,0,0,0,1000000000,1000000000,1000000000,,,0,,,,,30000,7000,30000,30,2000000000000,,armed,242000,blocked,30000,7000,30000,30,3000000000000,,armed,243000,blocked
242000,1,3,332,3,2,tick,0,0,3,1000,1000000,1000,0,0,0,0,1000000000,1000000000,1000000000,,,0,,,,,30000,6000,30000,30,2000000000000,,armed,242000,blocked,30000,6000,30000,30,3000000000000,,armed,243000,blocked
243000,1,1,333,1,0,tick,0,0,3,1000,1000000,1000,0,0,0,0,1000000000,1000000000,1000000000,,,0,,,,,30000,14000,30000,30,3000000000000,,armed,243000,blocked,30000,14000,30000,30,4000000000000,,armed,244000,blocked
243000,1,2,333,2,1,tick,0,0,3,1000,1000000,1000,0,0,0,0,1000000000,1000000000,1000000000,,,0,,,,,30000,7000,30000,30,3000000000000,,armed,243000,blocked,30000,7000,30000,30,4000000000000,,armed,244000,blocked
243000,1,3,333,3,2,tick,0,0,3,1000,1000000,1000,0,0,0,0,1000000000,1000000000,1000000000,,,0,,,,,30000,6000,30000,30,3000000000000,,armed,243000,blocked,30000,6000,30000,30,4000000000000,,armed,244000,blocked
244000,1,1,334,1,0,tick,0,0,3,1000,1000000,1000,0,0,0,0,1000000000,1000000000,1000000000,,,0,,,,,30000,14000,30000,30,4000000000000,,armed,244000,blocked,30000,14000,30000,30,5000000000000,,armed,245000,blocked
244000,1,2,334,2,1,tick,0,0,3,1000,1000000,1000,0,0,0,0,1000000000,1000000000,1000000000,,,0,,,,,30000,7000,30000,30,4000000000000,,armed,244000,blocked,30000,7000,30000,30,5000000000000,,armed,245000,blocked
244000,1,3,334,3,2,tick,0,0,3,1000,1000000,1000,0,0,0,0,1000000000,1000000000,1000000000,,,0,,,,,30000,6000,30000,30,4000000000000,,armed,244000,blocked,30000,6000,30000,30,5000000000000,,armed,245000,blocked
245000,1,1,335,1,0,tick,0,0,3,1000,1000000,1000,0,0,0,0,1000000000,1000000000,1000000000,,,0,,,,,30000,14000,30000,30,5000000000000,,armed,245000,blocked,30000,14000,30000,30,6000000000000,,armed,246000,blocked
245000,1,2,335,2,1,tick,0,0,3,1000,1000000,1000,0,0,0,0,1000000000,1000000000,1000000000,,,0,,,,,30000,7000,30000,30,5000000000000,,armed,245000,blocked,30000,7000,30000,30,6000000000000,,armed,246000,blocked
245000,1,3,335,3,2,tick,0,0,3,1000,1000000,1000,0,0,0,0,1000000000,1000000000,1000000000,,,0,,,,,30000,6000,30000,30,5000000000000,,armed,245000,blocked,30000,6000,30000,30,6000000000000,,armed,246000,blocked
246000,1,1,336,1,0,tick,0,0,3,1000,1000000,1000,0,0,0,0,1000000000,1000000000,1000000000,,,0,,,,,30000,14000,30000,30,6000000000000,,armed,246000,blocked,30000,14000,30000,30,7000000000000,,armed,247000,scheduled
246000,1,2,336,2,1,tick,0,0,3,1000,1000000,1000,0,0,0,0,1000000000,1000000000,1000000000,,,0,,,,,30000,7000,30000,30,6000000000000,,armed,246000,blocked,30000,7000,30000,30,7000000000000,,armed,247000,scheduled
246000,1,3,336,3,2,tick,0,0,3,1000,1000000,1000,0,0,0,0,1000000000,1000000000,1000000000,,,0,,,,,30000,6000,30000,30,6000000000000,,armed,246000,blocked,30000,6000,30000,30,7000000000000,,armed,247000,scheduled
247000,1,1,337,1,0,tick,0,0,3,1000,1000000,1000,0,0,0,0,1000000000,1000000000,1000000000,,,1,30000,1000,0,435,30000,14000,30000,30,7000000000000,,armed,247000,scheduled,31000,14000,31000,31,0,,armed,248000,blocked
247000,1,2,337,2,1,tick,0,0,3,1000,1000000,1000,0,0,0,0,1000000000,1000000000,1000000000,,,1,30000,1000,0,436,30000,7000,30000,30,7000000000000,,armed,247000,scheduled,31000,7000,31000,31,0,,armed,248000,blocked
247000,1,3,337,3,2,tick,0,0,3,1000,1000000,1000,0,0,0,0,1000000000,1000000000,1000000000,,,1,30000,1000,0,437,30000,6000,30000,30,7000000000000,,armed,247000,scheduled,31000,6000,31000,31,0,,armed,248000,blocked
248000,1,1,338,1,0,tick,0,0,3,1000,1000000,1000,0,0,0,0,1000000000,1000000000,1000000000,,,0,,,,,31000,14000,31000,31,0,,armed,248000,blocked,31000,14000,31000,31,1000000000000,,armed,249000,blocked
248000,1,2,338,2,1,tick,0,0,3,1000,1000000,1000,0,0,0,0,1000000000,1000000000,1000000000,,,0,,,,,31000,7000,31000,31,0,,armed,248000,blocked,31000,7000,31000,31,1000000000000,,armed,249000,blocked
248000,1,3,338,3,2,tick,0,0,3,1000,1000000,1000,0,0,0,0,1000000000,1000000000,1000000000,,,0,,,,,31000,6000,31000,31,0,,armed,248000,blocked,31000,6000,31000,31,1000000000000,,armed,249000,blocked
248536,0,6,44,1,0,ack,0,0,3,1000,1000000,1000,0,0,0,0,1000000000,1000000000,,15000,0,0,,,,,31000,14000,31000,31,1000000000000,,armed,249000,blocked,31000,15000,31000,31,1000000000000,,armed,249000,blocked
249000,1,1,342,1,0,tick,0,0,3,1000,1000000,1000,0,0,0,0,1000000000,1000000000,1000000000,,,0,,,,,31000,15000,31000,31,1000000000000,,armed,249000,blocked,31000,15000,31000,31,2000000000000,,armed,250000,blocked
249000,1,2,342,2,1,tick,0,0,3,1000,1000000,1000,0,0,0,0,1000000000,1000000000,1000000000,,,0,,,,,31000,7000,31000,31,1000000000000,,armed,249000,blocked,31000,7000,31000,31,2000000000000,,armed,250000,blocked
249000,1,3,342,3,2,tick,0,0,3,1000,1000000,1000,0,0,0,0,1000000000,1000000000,1000000000,,,0,,,,,31000,6000,31000,31,1000000000000,,armed,249000,blocked,31000,6000,31000,31,2000000000000,,armed,250000,blocked
250000,1,1,343,1,0,tick,0,0,3,1000,1000000,1000,0,0,0,0,1000000000,1000000000,1000000000,,,0,,,,,31000,15000,31000,31,2000000000000,,armed,250000,blocked,31000,15000,31000,31,3000000000000,,armed,251000,blocked
250000,1,2,343,2,1,tick,0,0,3,1000,1000000,1000,0,0,0,0,1000000000,1000000000,1000000000,,,0,,,,,31000,7000,31000,31,2000000000000,,armed,250000,blocked,31000,7000,31000,31,3000000000000,,armed,251000,blocked
250000,1,3,343,3,2,tick,0,0,3,1000,1000000,1000,0,0,0,0,1000000000,1000000000,1000000000,,,0,,,,,31000,6000,31000,31,2000000000000,,armed,250000,blocked,31000,6000,31000,31,3000000000000,,armed,251000,blocked
251000,1,1,344,1,0,tick,0,0,3,1000,1000000,1000,0,0,0,0,1000000000,1000000000,1000000000,,,0,,,,,31000,15000,31000,31,3000000000000,,armed,251000,blocked,31000,15000,31000,31,4000000000000,,armed,252000,blocked
251000,1,2,344,2,1,tick,0,0,3,1000,1000000,1000,0,0,0,0,1000000000,1000000000,1000000000,,,0,,,,,31000,7000,31000,31,3000000000000,,armed,251000,blocked,31000,7000,31000,31,4000000000000,,armed,252000,blocked
251000,1,3,344,3,2,tick,0,0,3,1000,1000000,1000,0,0,0,0,1000000000,1000000000,1000000000,,,0,,,,,31000,6000,31000,31,3000000000000,,armed,251000,blocked,31000,6000,31000,31,4000000000000,,armed,252000,blocked
252000,1,1,345,1,0,tick,0,0,3,1000,1000000,1000,0,0,0,0,1000000000,1000000000,1000000000,,,0,,,,,31000,15000,31000,31,4000000000000,,armed,252000,blocked,31000,15000,31000,31,5000000000000,,armed,253000,blocked
252000,1,2,345,2,1,tick,0,0,3,1000,1000000,1000,0,0,0,0,1000000000,1000000000,1000000000,,,0,,,,,31000,7000,31000,31,4000000000000,,armed,252000,blocked,31000,7000,31000,31,5000000000000,,armed,253000,blocked
252000,1,3,345,3,2,tick,0,0,3,1000,1000000,1000,0,0,0,0,1000000000,1000000000,1000000000,,,0,,,,,31000,6000,31000,31,4000000000000,,armed,252000,blocked,31000,6000,31000,31,5000000000000,,armed,253000,blocked
253000,1,1,346,1,0,tick,0,0,3,1000,1000000,1000,0,0,0,0,1000000000,1000000000,1000000000,,,0,,,,,31000,15000,31000,31,5000000000000,,armed,253000,blocked,31000,15000,31000,31,6000000000000,,armed,254000,blocked
253000,1,2,346,2,1,tick,0,0,3,1000,1000000,1000,0,0,0,0,1000000000,1000000000,1000000000,,,0,,,,,31000,7000,31000,31,5000000000000,,armed,253000,blocked,31000,7000,31000,31,6000000000000,,armed,254000,blocked
253000,1,3,346,3,2,tick,0,0,3,1000,1000000,1000,0,0,0,0,1000000000,1000000000,1000000000,,,0,,,,,31000,6000,31000,31,5000000000000,,armed,253000,blocked,31000,6000,31000,31,6000000000000,,armed,254000,blocked
254000,1,1,347,1,0,tick,0,0,3,1000,1000000,1000,0,0,0,0,1000000000,1000000000,1000000000,,,0,,,,,31000,15000,31000,31,6000000000000,,armed,254000,blocked,31000,15000,31000,31,7000000000000,,armed,255000,scheduled
254000,1,2,347,2,1,tick,0,0,3,1000,1000000,1000,0,0,0,0,1000000000,1000000000,1000000000,,,0,,,,,31000,7000,31000,31,6000000000000,,armed,254000,blocked,31000,7000,31000,31,7000000000000,,armed,255000,scheduled
254000,1,3,347,3,2,tick,0,0,3,1000,1000000,1000,0,0,0,0,1000000000,1000000000,1000000000,,,0,,,,,31000,6000,31000,31,6000000000000,,armed,254000,blocked,31000,6000,31000,31,7000000000000,,armed,255000,scheduled
255000,1,1,348,1,0,tick,0,0,3,1000,1000000,1000,0,0,0,0,1000000000,1000000000,1000000000,,,1,31000,1000,0,449,31000,15000,31000,31,7000000000000,,armed,255000,scheduled,32000,15000,32000,32,0,,armed,256000,blocked
255000,1,2,348,2,1,tick,0,0,3,1000,1000000,1000,0,0,0,0,1000000000,1000000000,1000000000,,,1,31000,1000,0,450,31000,7000,31000,31,7000000000000,,armed,255000,scheduled,32000,7000,32000,32,0,,armed,256000,blocked
255000,1,3,348,3,2,tick,0,0,3,1000,1000000,1000,0,0,0,0,1000000000,1000000000,1000000000,,,1,31000,1000,0,451,31000,6000,31000,31,7000000000000,,armed,255000,scheduled,32000,6000,32000,32,0,,armed,256000,blocked
256000,1,1,349,1,0,tick,0,0,3,1000,1000000,1000,0,0,0,0,1000000000,1000000000,1000000000,,,0,,,,,32000,15000,32000,32,0,,armed,256000,blocked,32000,15000,32000,32,1000000000000,,armed,257000,blocked
256000,1,2,349,2,1,tick,0,0,3,1000,1000000,1000,0,0,0,0,1000000000,1000000000,1000000000,,,0,,,,,32000,7000,32000,32,0,,armed,256000,blocked,32000,7000,32000,32,1000000000000,,armed,257000,blocked
256000,1,3,349,3,2,tick,0,0,3,1000,1000000,1000,0,0,0,0,1000000000,1000000000,1000000000,,,0,,,,,32000,6000,32000,32,0,,armed,256000,blocked,32000,6000,32000,32,1000000000000,,armed,257000,blocked
257000,1,1,353,1,0,tick,0,0,3,1000,1000000,1000,0,0,0,0,1000000000,1000000000,1000000000,,,0,,,,,32000,15000,32000,32,1000000000000,,armed,257000,blocked,32000,15000,32000,32,2000000000000,,armed,258000,blocked
257000,1,2,353,2,1,tick,0,0,3,1000,1000000,1000,0,0,0,0,1000000000,1000000000,1000000000,,,0,,,,,32000,7000,32000,32,1000000000000,,armed,257000,blocked,32000,7000,32000,32,2000000000000,,armed,258000,blocked
257000,1,3,353,3,2,tick,0,0,3,1000,1000000,1000,0,0,0,0,1000000000,1000000000,1000000000,,,0,,,,,32000,6000,32000,32,1000000000000,,armed,257000,blocked,32000,6000,32000,32,2000000000000,,armed,258000,blocked
257048,0,9,23,2,1,ack,0,0,3,1000,1000000,1000,0,0,0,0,1000000000,1000000000,,8000,0,0,,,,,32000,7000,32000,32,2000000000000,,armed,258000,blocked,32000,8000,32000,32,2000000000000,,armed,258000,blocked
258000,1,1,354,1,0,tick,0,0,3,1000,1000000,1000,0,0,0,0,1000000000,1000000000,1000000000,,,0,,,,,32000,15000,32000,32,2000000000000,,armed,258000,blocked,32000,15000,32000,32,3000000000000,,armed,259000,blocked
258000,1,2,354,2,1,tick,0,0,3,1000,1000000,1000,0,0,0,0,1000000000,1000000000,1000000000,,,0,,,,,32000,8000,32000,32,2000000000000,,armed,258000,blocked,32000,8000,32000,32,3000000000000,,armed,259000,blocked
258000,1,3,354,3,2,tick,0,0,3,1000,1000000,1000,0,0,0,0,1000000000,1000000000,1000000000,,,0,,,,,32000,6000,32000,32,2000000000000,,armed,258000,blocked,32000,6000,32000,32,3000000000000,,armed,259000,blocked
259000,1,1,355,1,0,tick,0,0,3,1000,1000000,1000,0,0,0,0,1000000000,1000000000,1000000000,,,0,,,,,32000,15000,32000,32,3000000000000,,armed,259000,blocked,32000,15000,32000,32,4000000000000,,armed,260000,blocked
259000,1,2,355,2,1,tick,0,0,3,1000,1000000,1000,0,0,0,0,1000000000,1000000000,1000000000,,,0,,,,,32000,8000,32000,32,3000000000000,,armed,259000,blocked,32000,8000,32000,32,4000000000000,,armed,260000,blocked
259000,1,3,355,3,2,tick,0,0,3,1000,1000000,1000,0,0,0,0,1000000000,1000000000,1000000000,,,0,,,,,32000,6000,32000,32,3000000000000,,armed,259000,blocked,32000,6000,32000,32,4000000000000,,armed,260000,blocked
260000,1,1,356,1,0,tick,0,0,3,1000,1000000,1000,0,0,0,0,1000000000,1000000000,1000000000,,,0,,,,,32000,15000,32000,32,4000000000000,,armed,260000,blocked,32000,15000,32000,32,5000000000000,,armed,261000,blocked
260000,1,2,356,2,1,tick,0,0,3,1000,1000000,1000,0,0,0,0,1000000000,1000000000,1000000000,,,0,,,,,32000,8000,32000,32,4000000000000,,armed,260000,blocked,32000,8000,32000,32,5000000000000,,armed,261000,blocked
260000,1,3,356,3,2,tick,0,0,3,1000,1000000,1000,0,0,0,0,1000000000,1000000000,1000000000,,,0,,,,,32000,6000,32000,32,4000000000000,,armed,260000,blocked,32000,6000,32000,32,5000000000000,,armed,261000,blocked
261000,1,1,357,1,0,tick,0,0,3,1000,1000000,1000,0,0,0,0,1000000000,1000000000,1000000000,,,0,,,,,32000,15000,32000,32,5000000000000,,armed,261000,blocked,32000,15000,32000,32,6000000000000,,armed,262000,blocked
261000,1,2,357,2,1,tick,0,0,3,1000,1000000,1000,0,0,0,0,1000000000,1000000000,1000000000,,,0,,,,,32000,8000,32000,32,5000000000000,,armed,261000,blocked,32000,8000,32000,32,6000000000000,,armed,262000,blocked
261000,1,3,357,3,2,tick,0,0,3,1000,1000000,1000,0,0,0,0,1000000000,1000000000,1000000000,,,0,,,,,32000,6000,32000,32,5000000000000,,armed,261000,blocked,32000,6000,32000,32,6000000000000,,armed,262000,blocked
262000,1,1,358,1,0,tick,0,0,3,1000,1000000,1000,0,0,0,0,1000000000,1000000000,1000000000,,,0,,,,,32000,15000,32000,32,6000000000000,,armed,262000,blocked,32000,15000,32000,32,7000000000000,,armed,263000,scheduled
262000,1,2,358,2,1,tick,0,0,3,1000,1000000,1000,0,0,0,0,1000000000,1000000000,1000000000,,,0,,,,,32000,8000,32000,32,6000000000000,,armed,262000,blocked,32000,8000,32000,32,7000000000000,,armed,263000,scheduled
262000,1,3,358,3,2,tick,0,0,3,1000,1000000,1000,0,0,0,0,1000000000,1000000000,1000000000,,,0,,,,,32000,6000,32000,32,6000000000000,,armed,262000,blocked,32000,6000,32000,32,7000000000000,,armed,263000,scheduled
263000,1,1,359,1,0,tick,0,0,3,1000,1000000,1000,0,0,0,0,1000000000,1000000000,1000000000,,,1,32000,1000,0,463,32000,15000,32000,32,7000000000000,,armed,263000,scheduled,33000,15000,33000,33,0,,armed,264000,blocked
263000,1,2,359,2,1,tick,0,0,3,1000,1000000,1000,0,0,0,0,1000000000,1000000000,1000000000,,,1,32000,1000,0,464,32000,8000,32000,32,7000000000000,,armed,263000,scheduled,33000,8000,33000,33,0,,armed,264000,blocked
263000,1,3,359,3,2,tick,0,0,3,1000,1000000,1000,0,0,0,0,1000000000,1000000000,1000000000,,,1,32000,1000,0,465,32000,6000,32000,32,7000000000000,,armed,263000,scheduled,33000,6000,33000,33,0,,armed,264000,blocked
264000,1,1,360,1,0,tick,0,0,3,1000,1000000,1000,0,0,0,0,1000000000,1000000000,1000000000,,,0,,,,,33000,15000,33000,33,0,,armed,264000,blocked,33000,15000,33000,33,1000000000000,,armed,265000,blocked
264000,1,2,360,2,1,tick,0,0,3,1000,1000000,1000,0,0,0,0,1000000000,1000000000,1000000000,,,0,,,,,33000,8000,33000,33,0,,armed,264000,blocked,33000,8000,33000,33,1000000000000,,armed,265000,blocked
264000,1,3,360,3,2,tick,0,0,3,1000,1000000,1000,0,0,0,0,1000000000,1000000000,1000000000,,,0,,,,,33000,6000,33000,33,0,,armed,264000,blocked,33000,6000,33000,33,1000000000000,,armed,265000,blocked
264536,0,6,47,1,0,ack,0,0,3,1000,1000000,1000,0,0,0,0,1000000000,1000000000,,16000,0,0,,,,,33000,15000,33000,33,1000000000000,,armed,265000,blocked,33000,16000,33000,33,1000000000000,,armed,265000,blocked
265000,1,1,364,1,0,tick,0,0,3,1000,1000000,1000,0,0,0,0,1000000000,1000000000,1000000000,,,0,,,,,33000,16000,33000,33,1000000000000,,armed,265000,blocked,33000,16000,33000,33,2000000000000,,armed,266000,blocked
265000,1,2,364,2,1,tick,0,0,3,1000,1000000,1000,0,0,0,0,1000000000,1000000000,1000000000,,,0,,,,,33000,8000,33000,33,1000000000000,,armed,265000,blocked,33000,8000,33000,33,2000000000000,,armed,266000,blocked
265000,1,3,364,3,2,tick,0,0,3,1000,1000000,1000,0,0,0,0,1000000000,1000000000,1000000000,,,0,,,,,33000,6000,33000,33,1000000000000,,armed,265000,blocked,33000,6000,33000,33,2000000000000,,armed,266000,blocked
266000,1,1,365,1,0,tick,0,0,3,1000,1000000,1000,0,0,0,0,1000000000,1000000000,1000000000,,,0,,,,,33000,16000,33000,33,2000000000000,,armed,266000,blocked,33000,16000,33000,33,3000000000000,,armed,267000,blocked
266000,1,2,365,2,1,tick,0,0,3,1000,1000000,1000,0,0,0,0,1000000000,1000000000,1000000000,,,0,,,,,33000,8000,33000,33,2000000000000,,armed,266000,blocked,33000,8000,33000,33,3000000000000,,armed,267000,blocked
266000,1,3,365,3,2,tick,0,0,3,1000,1000000,1000,0,0,0,0,1000000000,1000000000,1000000000,,,0,,,,,33000,6000,33000,33,2000000000000,,armed,266000,blocked,33000,6000,33000,33,3000000000000,,armed,267000,blocked
267000,1,1,366,1,0,tick,0,0,3,1000,1000000,1000,0,0,0,0,1000000000,1000000000,1000000000,,,0,,,,,33000,16000,33000,33,3000000000000,,armed,267000,blocked,33000,16000,33000,33,4000000000000,,armed,268000,blocked
267000,1,2,366,2,1,tick,0,0,3,1000,1000000,1000,0,0,0,0,1000000000,1000000000,1000000000,,,0,,,,,33000,8000,33000,33,3000000000000,,armed,267000,blocked,33000,8000,33000,33,4000000000000,,armed,268000,blocked
267000,1,3,366,3,2,tick,0,0,3,1000,1000000,1000,0,0,0,0,1000000000,1000000000,1000000000,,,0,,,,,33000,6000,33000,33,3000000000000,,armed,267000,blocked,33000,6000,33000,33,4000000000000,,armed,268000,blocked
268000,1,1,367,1,0,tick,0,0,3,1000,1000000,1000,0,0,0,0,1000000000,1000000000,1000000000,,,0,,,,,33000,16000,33000,33,4000000000000,,armed,268000,blocked,33000,16000,33000,33,5000000000000,,armed,269000,blocked
268000,1,2,367,2,1,tick,0,0,3,1000,1000000,1000,0,0,0,0,1000000000,1000000000,1000000000,,,0,,,,,33000,8000,33000,33,4000000000000,,armed,268000,blocked,33000,8000,33000,33,5000000000000,,armed,269000,blocked
268000,1,3,367,3,2,tick,0,0,3,1000,1000000,1000,0,0,0,0,1000000000,1000000000,1000000000,,,0,,,,,33000,6000,33000,33,4000000000000,,armed,268000,blocked,33000,6000,33000,33,5000000000000,,armed,269000,blocked
269000,1,1,368,1,0,tick,0,0,3,1000,1000000,1000,0,0,0,0,1000000000,1000000000,1000000000,,,0,,,,,33000,16000,33000,33,5000000000000,,armed,269000,blocked,33000,16000,33000,33,6000000000000,,armed,270000,blocked
269000,1,2,368,2,1,tick,0,0,3,1000,1000000,1000,0,0,0,0,1000000000,1000000000,1000000000,,,0,,,,,33000,8000,33000,33,5000000000000,,armed,269000,blocked,33000,8000,33000,33,6000000000000,,armed,270000,blocked
269000,1,3,368,3,2,tick,0,0,3,1000,1000000,1000,0,0,0,0,1000000000,1000000000,1000000000,,,0,,,,,33000,6000,33000,33,5000000000000,,armed,269000,blocked,33000,6000,33000,33,6000000000000,,armed,270000,blocked
270000,1,1,369,1,0,tick,0,0,3,1000,1000000,1000,0,0,0,0,1000000000,1000000000,1000000000,,,0,,,,,33000,16000,33000,33,6000000000000,,armed,270000,blocked,33000,16000,33000,33,7000000000000,,armed,271000,scheduled
270000,1,2,369,2,1,tick,0,0,3,1000,1000000,1000,0,0,0,0,1000000000,1000000000,1000000000,,,0,,,,,33000,8000,33000,33,6000000000000,,armed,270000,blocked,33000,8000,33000,33,7000000000000,,armed,271000,scheduled
270000,1,3,369,3,2,tick,0,0,3,1000,1000000,1000,0,0,0,0,1000000000,1000000000,1000000000,,,0,,,,,33000,6000,33000,33,6000000000000,,armed,270000,blocked,33000,6000,33000,33,7000000000000,,armed,271000,scheduled
271000,1,1,370,1,0,tick,0,0,3,1000,1000000,1000,0,0,0,0,1000000000,1000000000,1000000000,,,1,33000,1000,0,477,33000,16000,33000,33,7000000000000,,armed,271000,scheduled,34000,16000,34000,34,0,,armed,272000,blocked
271000,1,2,370,2,1,tick,0,0,3,1000,1000000,1000,0,0,0,0,1000000000,1000000000,1000000000,,,1,33000,1000,0,478,33000,8000,33000,33,7000000000000,,armed,271000,scheduled,34000,8000,34000,34,0,,armed,272000,blocked
271000,1,3,370,3,2,tick,0,0,3,1000,1000000,1000,0,0,0,0,1000000000,1000000000,1000000000,,,1,33000,1000,0,479,33000,6000,33000,33,7000000000000,,armed,271000,scheduled,34000,6000,34000,34,0,,armed,272000,blocked
272000,1,1,371,1,0,tick,0,0,3,1000,1000000,1000,0,0,0,0,1000000000,1000000000,1000000000,,,0,,,,,34000,16000,34000,34,0,,armed,272000,blocked,34000,16000,34000,34,1000000000000,,armed,273000,blocked
272000,1,2,371,2,1,tick,0,0,3,1000,1000000,1000,0,0,0,0,1000000000,1000000000,1000000000,,,0,,,,,34000,8000,34000,34,0,,armed,272000,blocked,34000,8000,34000,34,1000000000000,,armed,273000,blocked
272000,1,3,371,3,2,tick,0,0,3,1000,1000000,1000,0,0,0,0,1000000000,1000000000,1000000000,,,0,,,,,34000,6000,34000,34,0,,armed,272000,blocked,34000,6000,34000,34,1000000000000,,armed,273000,blocked
273000,1,1,375,1,0,tick,0,0,3,1000,1000000,1000,0,0,0,0,1000000000,1000000000,1000000000,,,0,,,,,34000,16000,34000,34,1000000000000,,armed,273000,blocked,34000,16000,34000,34,2000000000000,,armed,274000,blocked
273000,1,2,375,2,1,tick,0,0,3,1000,1000000,1000,0,0,0,0,1000000000,1000000000,1000000000,,,0,,,,,34000,8000,34000,34,1000000000000,,armed,273000,blocked,34000,8000,34000,34,2000000000000,,armed,274000,blocked
273000,1,3,375,3,2,tick,0,0,3,1000,1000000,1000,0,0,0,0,1000000000,1000000000,1000000000,,,0,,,,,34000,6000,34000,34,1000000000000,,armed,273000,blocked,34000,6000,34000,34,2000000000000,,armed,274000,blocked
273560,0,12,20,3,2,ack,0,0,3,1000,1000000,1000,0,0,0,0,1000000000,1000000000,,7000,0,0,,,,,34000,6000,34000,34,2000000000000,,armed,274000,blocked,34000,7000,34000,34,2000000000000,,armed,274000,blocked
274000,1,1,376,1,0,tick,0,0,3,1000,1000000,1000,0,0,0,0,1000000000,1000000000,1000000000,,,0,,,,,34000,16000,34000,34,2000000000000,,armed,274000,blocked,34000,16000,34000,34,3000000000000,,armed,275000,blocked
274000,1,2,376,2,1,tick,0,0,3,1000,1000000,1000,0,0,0,0,1000000000,1000000000,1000000000,,,0,,,,,34000,8000,34000,34,2000000000000,,armed,274000,blocked,34000,8000,34000,34,3000000000000,,armed,275000,blocked
274000,1,3,376,3,2,tick,0,0,3,1000,1000000,1000,0,0,0,0,1000000000,1000000000,1000000000,,,0,,,,,34000,7000,34000,34,2000000000000,,armed,274000,blocked,34000,7000,34000,34,3000000000000,,armed,275000,blocked
275000,1,1,377,1,0,tick,0,0,3,1000,1000000,1000,0,0,0,0,1000000000,1000000000,1000000000,,,0,,,,,34000,16000,34000,34,3000000000000,,armed,275000,blocked,34000,16000,34000,34,4000000000000,,armed,276000,blocked
275000,1,2,377,2,1,tick,0,0,3,1000,1000000,1000,0,0,0,0,1000000000,1000000000,1000000000,,,0,,,,,34000,8000,34000,34,3000000000000,,armed,275000,blocked,34000,8000,34000,34,4000000000000,,armed,276000,blocked
275000,1,3,377,3,2,tick,0,0,3,1000,1000000,1000,0,0,0,0,1000000000,1000000000,1000000000,,,0,,,,,34000,7000,34000,34,3000000000000,,armed,275000,blocked,34000,7000,34000,34,4000000000000,,armed,276000,blocked
276000,1,1,378,1,0,tick,0,0,3,1000,1000000,1000,0,0,0,0,1000000000,1000000000,1000000000,,,0,,,,,34000,16000,34000,34,4000000000000,,armed,276000,blocked,34000,16000,34000,34,5000000000000,,armed,277000,blocked
276000,1,2,378,2,1,tick,0,0,3,1000,1000000,1000,0,0,0,0,1000000000,1000000000,1000000000,,,0,,,,,34000,8000,34000,34,4000000000000,,armed,276000,blocked,34000,8000,34000,34,5000000000000,,armed,277000,blocked
276000,1,3,378,3,2,tick,0,0,3,1000,1000000,1000,0,0,0,0,1000000000,1000000000,1000000000,,,0,,,,,34000,7000,34000,34,4000000000000,,armed,276000,blocked,34000,7000,34000,34,5000000000000,,armed,277000,blocked
277000,1,1,379,1,0,tick,0,0,3,1000,1000000,1000,0,0,0,0,1000000000,1000000000,1000000000,,,0,,,,,34000,16000,34000,34,5000000000000,,armed,277000,blocked,34000,16000,34000,34,6000000000000,,armed,278000,blocked
277000,1,2,379,2,1,tick,0,0,3,1000,1000000,1000,0,0,0,0,1000000000,1000000000,1000000000,,,0,,,,,34000,8000,34000,34,5000000000000,,armed,277000,blocked,34000,8000,34000,34,6000000000000,,armed,278000,blocked
277000,1,3,379,3,2,tick,0,0,3,1000,1000000,1000,0,0,0,0,1000000000,1000000000,1000000000,,,0,,,,,34000,7000,34000,34,5000000000000,,armed,277000,blocked,34000,7000,34000,34,6000000000000,,armed,278000,blocked
278000,1,1,380,1,0,tick,0,0,3,1000,1000000,1000,0,0,0,0,1000000000,1000000000,1000000000,,,0,,,,,34000,16000,34000,34,6000000000000,,armed,278000,blocked,34000,16000,34000,34,7000000000000,,armed,279000,scheduled
278000,1,2,380,2,1,tick,0,0,3,1000,1000000,1000,0,0,0,0,1000000000,1000000000,1000000000,,,0,,,,,34000,8000,34000,34,6000000000000,,armed,278000,blocked,34000,8000,34000,34,7000000000000,,armed,279000,scheduled
278000,1,3,380,3,2,tick,0,0,3,1000,1000000,1000,0,0,0,0,1000000000,1000000000,1000000000,,,0,,,,,34000,7000,34000,34,6000000000000,,armed,278000,blocked,34000,7000,34000,34,7000000000000,,armed,279000,scheduled
279000,1,1,381,1,0,tick,0,0,3,1000,1000000,1000,0,0,0,0,1000000000,1000000000,1000000000,,,1,34000,1000,0,491,34000,16000,34000,34,7000000000000,,armed,279000,scheduled,35000,16000,35000,35,0,,armed,280000,blocked
279000,1,2,381,2,1,tick,0,0,3,1000,1000000,1000,0,0,0,0,1000000000,1000000000,1000000000,,,1,34000,1000,0,492,34000,8000,34000,34,7000000000000,,armed,279000,scheduled,35000,8000,35000,35,0,,armed,280000,blocked
279000,1,3,381,3,2,tick,0,0,3,1000,1000000,1000,0,0,0,0,1000000000,1000000000,1000000000,,,1,34000,1000,0,493,34000,7000,34000,34,7000000000000,,armed,279000,scheduled,35000,7000,35000,35,0,,armed,280000,blocked
280000,1,1,382,1,0,tick,0,0,3,1000,1000000,1000,0,0,0,0,1000000000,1000000000,1000000000,,,0,,,,,35000,16000,35000,35,0,,armed,280000,blocked,35000,16000,35000,35,1000000000000,,armed,281000,blocked
280000,1,2,382,2,1,tick,0,0,3,1000,1000000,1000,0,0,0,0,1000000000,1000000000,1000000000,,,0,,,,,35000,8000,35000,35,0,,armed,280000,blocked,35000,8000,35000,35,1000000000000,,armed,281000,blocked
280000,1,3,382,3,2,tick,0,0,3,1000,1000000,1000,0,0,0,0,1000000000,1000000000,1000000000,,,0,,,,,35000,7000,35000,35,0,,armed,280000,blocked,35000,7000,35000,35,1000000000000,,armed,281000,blocked
280536,0,6,50,1,0,ack,0,0,3,1000,1000000,1000,0,0,0,0,1000000000,1000000000,,17000,0,0,,,,,35000,16000,35000,35,1000000000000,,armed,281000,blocked,35000,17000,35000,35,1000000000000,,armed,281000,blocked
281000,1,1,386,1,0,tick,0,0,3,1000,1000000,1000,0,0,0,0,1000000000,1000000000,1000000000,,,0,,,,,35000,17000,35000,35,1000000000000,,armed,281000,blocked,35000,17000,35000,35,2000000000000,,armed,282000,blocked
281000,1,2,386,2,1,tick,0,0,3,1000,1000000,1000,0,0,0,0,1000000000,1000000000,1000000000,,,0,,,,,35000,8000,35000,35,1000000000000,,armed,281000,blocked,35000,8000,35000,35,2000000000000,,armed,282000,blocked
281000,1,3,386,3,2,tick,0,0,3,1000,1000000,1000,0,0,0,0,1000000000,1000000000,1000000000,,,0,,,,,35000,7000,35000,35,1000000000000,,armed,281000,blocked,35000,7000,35000,35,2000000000000,,armed,282000,blocked
282000,1,1,387,1,0,tick,0,0,3,1000,1000000,1000,0,0,0,0,1000000000,1000000000,1000000000,,,0,,,,,35000,17000,35000,35,2000000000000,,armed,282000,blocked,35000,17000,35000,35,3000000000000,,armed,283000,blocked
282000,1,2,387,2,1,tick,0,0,3,1000,1000000,1000,0,0,0,0,1000000000,1000000000,1000000000,,,0,,,,,35000,8000,35000,35,2000000000000,,armed,282000,blocked,35000,8000,35000,35,3000000000000,,armed,283000,blocked
282000,1,3,387,3,2,tick,0,0,3,1000,1000000,1000,0,0,0,0,1000000000,1000000000,1000000000,,,0,,,,,35000,7000,35000,35,2000000000000,,armed,282000,blocked,35000,7000,35000,35,3000000000000,,armed,283000,blocked
283000,1,1,388,1,0,tick,0,0,3,1000,1000000,1000,0,0,0,0,1000000000,1000000000,1000000000,,,0,,,,,35000,17000,35000,35,3000000000000,,armed,283000,blocked,35000,17000,35000,35,4000000000000,,armed,284000,blocked
283000,1,2,388,2,1,tick,0,0,3,1000,1000000,1000,0,0,0,0,1000000000,1000000000,1000000000,,,0,,,,,35000,8000,35000,35,3000000000000,,armed,283000,blocked,35000,8000,35000,35,4000000000000,,armed,284000,blocked
283000,1,3,388,3,2,tick,0,0,3,1000,1000000,1000,0,0,0,0,1000000000,1000000000,1000000000,,,0,,,,,35000,7000,35000,35,3000000000000,,armed,283000,blocked,35000,7000,35000,35,4000000000000,,armed,284000,blocked
284000,1,1,389,1,0,tick,0,0,3,1000,1000000,1000,0,0,0,0,1000000000,1000000000,1000000000,,,0,,,,,35000,17000,35000,35,4000000000000,,armed,284000,blocked,35000,17000,35000,35,5000000000000,,armed,285000,blocked
284000,1,2,389,2,1,tick,0,0,3,1000,1000000,1000,0,0,0,0,1000000000,1000000000,1000000000,,,0,,,,,35000,8000,35000,35,4000000000000,,armed,284000,blocked,35000,8000,35000,35,5000000000000,,armed,285000,blocked
284000,1,3,389,3,2,tick,0,0,3,1000,1000000,1000,0,0,0,0,1000000000,1000000000,1000000000,,,0,,,,,35000,7000,35000,35,4000000000000,,armed,284000,blocked,35000,7000,35000,35,5000000000000,,armed,285000,blocked
285000,1,1,390,1,0,tick,0,0,3,1000,1000000,1000,0,0,0,0,1000000000,1000000000,1000000000,,,0,,,,,35000,17000,35000,35,5000000000000,,armed,285000,blocked,35000,17000,35000,35,6000000000000,,armed,286000,blocked
285000,1,2,390,2,1,tick,0,0,3,1000,1000000,1000,0,0,0,0,1000000000,1000000000,1000000000,,,0,,,,,35000,8000,35000,35,5000000000000,,armed,285000,blocked,35000,8000,35000,35,6000000000000,,armed,286000,blocked
285000,1,3,390,3,2,tick,0,0,3,1000,1000000,1000,0,0,0,0,1000000000,1000000000,1000000000,,,0,,,,,35000,7000,35000,35,5000000000000,,armed,285000,blocked,35000,7000,35000,35,6000000000000,,armed,286000,blocked
286000,1,1,391,1,0,tick,0,0,3,1000,1000000,1000,0,0,0,0,1000000000,1000000000,1000000000,,,0,,,,,35000,17000,35000,35,6000000000000,,armed,286000,blocked,35000,17000,35000,35,7000000000000,,armed,287000,scheduled
286000,1,2,391,2,1,tick,0,0,3,1000,1000000,1000,0,0,0,0,1000000000,1000000000,1000000000,,,0,,,,,35000,8000,35000,35,6000000000000,,armed,286000,blocked,35000,8000,35000,35,7000000000000,,armed,287000,scheduled
286000,1,3,391,3,2,tick,0,0,3,1000,1000000,1000,0,0,0,0,1000000000,1000000000,1000000000,,,0,,,,,35000,7000,35000,35,6000000000000,,armed,286000,blocked,35000,7000,35000,35,7000000000000,,armed,287000,scheduled
287000,1,1,392,1,0,tick,0,0,3,1000,1000000,1000,0,0,0,0,1000000000,1000000000,1000000000,,,1,35000,1000,0,505,35000,17000,35000,35,7000000000000,,armed,287000,scheduled,36000,17000,36000,36,0,,armed,288000,blocked
287000,1,2,392,2,1,tick,0,0,3,1000,1000000,1000,0,0,0,0,1000000000,1000000000,1000000000,,,1,35000,1000,0,506,35000,8000,35000,35,7000000000000,,armed,287000,scheduled,36000,8000,36000,36,0,,armed,288000,blocked
287000,1,3,392,3,2,tick,0,0,3,1000,1000000,1000,0,0,0,0,1000000000,1000000000,1000000000,,,1,35000,1000,0,507,35000,7000,35000,35,7000000000000,,armed,287000,scheduled,36000,7000,36000,36,0,,armed,288000,blocked
288000,1,1,393,1,0,tick,0,0,3,1000,1000000,1000,0,0,0,0,1000000000,1000000000,1000000000,,,0,,,,,36000,17000,36000,36,0,,armed,288000,blocked,36000,17000,36000,36,1000000000000,,armed,289000,blocked
288000,1,2,393,2,1,tick,0,0,3,1000,1000000,1000,0,0,0,0,1000000000,1000000000,1000000000,,,0,,,,,36000,8000,36000,36,0,,armed,288000,blocked,36000,8000,36000,36,1000000000000,,armed,289000,blocked
288000,1,3,393,3,2,tick,0,0,3,1000,1000000,1000,0,0,0,0,1000000000,1000000000,1000000000,,,0,,,,,36000,7000,36000,36,0,,armed,288000,blocked,36000,7000,36000,36,1000000000000,,armed,289000,blocked
289000,1,1,397,1,0,tick,0,0,3,1000,1000000,1000,0,0,0,0,1000000000,1000000000,1000000000,,,0,,,,,36000,17000,36000,36,1000000000000,,armed,289000,blocked,36000,17000,36000,36,2000000000000,,armed,290000,blocked
289000,1,2,397,2,1,tick,0,0,3,1000,1000000,1000,0,0,0,0,1000000000,1000000000,1000000000,,,0,,,,,36000,8000,36000,36,1000000000000,,armed,289000,blocked,36000,8000,36000,36,2000000000000,,armed,290000,blocked
289000,1,3,397,3,2,tick,0,0,3,1000,1000000,1000,0,0,0,0,1000000000,1000000000,1000000000,,,0,,,,,36000,7000,36000,36,1000000000000,,armed,289000,blocked,36000,7000,36000,36,2000000000000,,armed,290000,blocked
289048,0,9,26,2,1,ack,0,0,3,1000,1000000,1000,0,0,0,0,1000000000,1000000000,,9000,0,0,,,,,36000,8000,36000,36,2000000000000,,armed,290000,blocked,36000,9000,36000,36,2000000000000,,armed,290000,blocked
290000,1,1,398,1,0,tick,0,0,3,1000,1000000,1000,0,0,0,0,1000000000,1000000000,1000000000,,,0,,,,,36000,17000,36000,36,2000000000000,,armed,290000,blocked,36000,17000,36000,36,3000000000000,,armed,291000,blocked
290000,1,2,398,2,1,tick,0,0,3,1000,1000000,1000,0,0,0,0,1000000000,1000000000,1000000000,,,0,,,,,36000,9000,36000,36,2000000000000,,armed,290000,blocked,36000,9000,36000,36,3000000000000,,armed,291000,blocked
290000,1,3,398,3,2,tick,0,0,3,1000,1000000,1000,0,0,0,0,1000000000,1000000000,1000000000,,,0,,,,,36000,7000,36000,36,2000000000000,,armed,290000,blocked,36000,7000,36000,36,3000000000000,,armed,291000,blocked
291000,1,1,399,1,0,tick,0,0,3,1000,1000000,1000,0,0,0,0,1000000000,1000000000,1000000000,,,0,,,,,36000,17000,36000,36,3000000000000,,armed,291000,blocked,36000,17000,36000,36,4000000000000,,armed,292000,blocked
291000,1,2,399,2,1,tick,0,0,3,1000,1000000,1000,0,0,0,0,1000000000,1000000000,1000000000,,,0,,,,,36000,9000,36000,36,3000000000000,,armed,291000,blocked,36000,9000,36000,36,4000000000000,,armed,292000,blocked
291000,1,3,399,3,2,tick,0,0,3,1000,1000000,1000,0,0,0,0,1000000000,1000000000,1000000000,,,0,,,,,36000,7000,36000,36,3000000000000,,armed,291000,blocked,36000,7000,36000,36,4000000000000,,armed,292000,blocked
292000,1,1,400,1,0,tick,0,0,3,1000,1000000,1000,0,0,0,0,1000000000,1000000000,1000000000,,,0,,,,,36000,17000,36000,36,4000000000000,,armed,292000,blocked,36000,17000,36000,36,5000000000000,,armed,293000,blocked
292000,1,2,400,2,1,tick,0,0,3,1000,1000000,1000,0,0,0,0,1000000000,1000000000,1000000000,,,0,,,,,36000,9000,36000,36,4000000000000,,armed,292000,blocked,36000,9000,36000,36,5000000000000,,armed,293000,blocked
292000,1,3,400,3,2,tick,0,0,3,1000,1000000,1000,0,0,0,0,1000000000,1000000000,1000000000,,,0,,,,,36000,7000,36000,36,4000000000000,,armed,292000,blocked,36000,7000,36000,36,5000000000000,,armed,293000,blocked
293000,1,1,401,1,0,tick,0,0,3,1000,1000000,1000,0,0,0,0,1000000000,1000000000,1000000000,,,0,,,,,36000,17000,36000,36,5000000000000,,armed,293000,blocked,36000,17000,36000,36,6000000000000,,armed,294000,blocked
293000,1,2,401,2,1,tick,0,0,3,1000,1000000,1000,0,0,0,0,1000000000,1000000000,1000000000,,,0,,,,,36000,9000,36000,36,5000000000000,,armed,293000,blocked,36000,9000,36000,36,6000000000000,,armed,294000,blocked
293000,1,3,401,3,2,tick,0,0,3,1000,1000000,1000,0,0,0,0,1000000000,1000000000,1000000000,,,0,,,,,36000,7000,36000,36,5000000000000,,armed,293000,blocked,36000,7000,36000,36,6000000000000,,armed,294000,blocked
294000,1,1,402,1,0,tick,0,0,3,1000,1000000,1000,0,0,0,0,1000000000,1000000000,1000000000,,,0,,,,,36000,17000,36000,36,6000000000000,,armed,294000,blocked,36000,17000,36000,36,7000000000000,,armed,295000,scheduled
294000,1,2,402,2,1,tick,0,0,3,1000,1000000,1000,0,0,0,0,1000000000,1000000000,1000000000,,,0,,,,,36000,9000,36000,36,6000000000000,,armed,294000,blocked,36000,9000,36000,36,7000000000000,,armed,295000,scheduled
294000,1,3,402,3,2,tick,0,0,3,1000,1000000,1000,0,0,0,0,1000000000,1000000000,1000000000,,,0,,,,,36000,7000,36000,36,6000000000000,,armed,294000,blocked,36000,7000,36000,36,7000000000000,,armed,295000,scheduled
295000,1,1,403,1,0,tick,0,0,3,1000,1000000,1000,0,0,0,0,1000000000,1000000000,1000000000,,,1,36000,1000,0,519,36000,17000,36000,36,7000000000000,,armed,295000,scheduled,37000,17000,37000,37,0,,armed,296000,blocked
295000,1,2,403,2,1,tick,0,0,3,1000,1000000,1000,0,0,0,0,1000000000,1000000000,1000000000,,,1,36000,1000,0,520,36000,9000,36000,36,7000000000000,,armed,295000,scheduled,37000,9000,37000,37,0,,armed,296000,blocked
295000,1,3,403,3,2,tick,0,0,3,1000,1000000,1000,0,0,0,0,1000000000,1000000000,1000000000,,,1,36000,1000,0,521,36000,7000,36000,36,7000000000000,,armed,295000,scheduled,37000,7000,37000,37,0,,armed,296000,blocked
296000,1,1,404,1,0,tick,0,0,3,1000,1000000,1000,0,0,0,0,1000000000,1000000000,1000000000,,,0,,,,,37000,17000,37000,37,0,,armed,296000,blocked,37000,17000,37000,37,1000000000000,,armed,297000,blocked
296000,1,2,404,2,1,tick,0,0,3,1000,1000000,1000,0,0,0,0,1000000000,1000000000,1000000000,,,0,,,,,37000,9000,37000,37,0,,armed,296000,blocked,37000,9000,37000,37,1000000000000,,armed,297000,blocked
296000,1,3,404,3,2,tick,0,0,3,1000,1000000,1000,0,0,0,0,1000000000,1000000000,1000000000,,,0,,,,,37000,7000,37000,37,0,,armed,296000,blocked,37000,7000,37000,37,1000000000000,,armed,297000,blocked
296536,0,6,53,1,0,ack,0,0,3,1000,1000000,1000,0,0,0,0,1000000000,1000000000,,18000,0,0,,,,,37000,17000,37000,37,1000000000000,,armed,297000,blocked,37000,18000,37000,37,1000000000000,,armed,297000,blocked
297000,1,1,408,1,0,tick,0,0,3,1000,1000000,1000,0,0,0,0,1000000000,1000000000,1000000000,,,0,,,,,37000,18000,37000,37,1000000000000,,armed,297000,blocked,37000,18000,37000,37,2000000000000,,armed,298000,blocked
297000,1,2,408,2,1,tick,0,0,3,1000,1000000,1000,0,0,0,0,1000000000,1000000000,1000000000,,,0,,,,,37000,9000,37000,37,1000000000000,,armed,297000,blocked,37000,9000,37000,37,2000000000000,,armed,298000,blocked
297000,1,3,408,3,2,tick,0,0,3,1000,1000000,1000,0,0,0,0,1000000000,1000000000,1000000000,,,0,,,,,37000,7000,37000,37,1000000000000,,armed,297000,blocked,37000,7000,37000,37,2000000000000,,armed,298000,blocked
298000,1,1,409,1,0,tick,0,0,3,1000,1000000,1000,0,0,0,0,1000000000,1000000000,1000000000,,,0,,,,,37000,18000,37000,37,2000000000000,,armed,298000,blocked,37000,18000,37000,37,3000000000000,,armed,299000,blocked
298000,1,2,409,2,1,tick,0,0,3,1000,1000000,1000,0,0,0,0,1000000000,1000000000,1000000000,,,0,,,,,37000,9000,37000,37,2000000000000,,armed,298000,blocked,37000,9000,37000,37,3000000000000,,armed,299000,blocked
298000,1,3,409,3,2,tick,0,0,3,1000,1000000,1000,0,0,0,0,1000000000,1000000000,1000000000,,,0,,,,,37000,7000,37000,37,2000000000000,,armed,298000,blocked,37000,7000,37000,37,3000000000000,,armed,299000,blocked
299000,1,1,410,1,0,tick,0,0,3,1000,1000000,1000,0,0,0,0,1000000000,1000000000,1000000000,,,0,,,,,37000,18000,37000,37,3000000000000,,armed,299000,blocked,37000,18000,37000,37,4000000000000,,armed,300000,blocked
299000,1,2,410,2,1,tick,0,0,3,1000,1000000,1000,0,0,0,0,1000000000,1000000000,1000000000,,,0,,,,,37000,9000,37000,37,3000000000000,,armed,299000,blocked,37000,9000,37000,37,4000000000000,,armed,300000,blocked
299000,1,3,410,3,2,tick,0,0,3,1000,1000000,1000,0,0,0,0,1000000000,1000000000,1000000000,,,0,,,,,37000,7000,37000,37,3000000000000,,armed,299000,blocked,37000,7000,37000,37,4000000000000,,armed,300000,blocked
300000,1,1,411,1,0,tick,0,0,3,1000,1000000,1000,0,0,0,0,1000000000,1000000000,1000000000,,,0,,,,,37000,18000,37000,37,4000000000000,,armed,300000,blocked,37000,18000,37000,37,5000000000000,,armed,301000,blocked
300000,1,2,411,2,1,tick,0,0,3,1000,1000000,1000,0,0,0,0,1000000000,1000000000,1000000000,,,0,,,,,37000,9000,37000,37,4000000000000,,armed,300000,blocked,37000,9000,37000,37,5000000000000,,armed,301000,blocked
300000,1,3,411,3,2,tick,0,0,3,1000,1000000,1000,0,0,0,0,1000000000,1000000000,1000000000,,,0,,,,,37000,7000,37000,37,4000000000000,,armed,300000,blocked,37000,7000,37000,37,5000000000000,,armed,301000,blocked
301000,1,1,412,1,0,tick,0,0,3,1000,1000000,1000,0,0,0,0,1000000000,1000000000,1000000000,,,0,,,,,37000,18000,37000,37,5000000000000,,armed,301000,blocked,37000,18000,37000,37,6000000000000,,armed,302000,blocked
301000,1,2,412,2,1,tick,0,0,3,1000,1000000,1000,0,0,0,0,1000000000,1000000000,1000000000,,,0,,,,,37000,9000,37000,37,5000000000000,,armed,301000,blocked,37000,9000,37000,37,6000000000000,,armed,302000,blocked
301000,1,3,412,3,2,tick,0,0,3,1000,1000000,1000,0,0,0,0,1000000000,1000000000,1000000000,,,0,,,,,37000,7000,37000,37,5000000000000,,armed,301000,blocked,37000,7000,37000,37,6000000000000,,armed,302000,blocked
302000,1,1,413,1,0,tick,0,0,3,1000,1000000,1000,0,0,0,0,1000000000,1000000000,1000000000,,,0,,,,,37000,18000,37000,37,6000000000000,,armed,302000,blocked,37000,18000,37000,37,7000000000000,,armed,303000,scheduled
302000,1,2,413,2,1,tick,0,0,3,1000,1000000,1000,0,0,0,0,1000000000,1000000000,1000000000,,,0,,,,,37000,9000,37000,37,6000000000000,,armed,302000,blocked,37000,9000,37000,37,7000000000000,,armed,303000,scheduled
302000,1,3,413,3,2,tick,0,0,3,1000,1000000,1000,0,0,0,0,1000000000,1000000000,1000000000,,,0,,,,,37000,7000,37000,37,6000000000000,,armed,302000,blocked,37000,7000,37000,37,7000000000000,,armed,303000,scheduled
303000,1,1,414,1,0,tick,0,0,3,1000,1000000,1000,0,0,0,0,1000000000,1000000000,1000000000,,,1,37000,1000,0,533,37000,18000,37000,37,7000000000000,,armed,303000,scheduled,38000,18000,38000,38,0,,armed,304000,blocked
303000,1,2,414,2,1,tick,0,0,3,1000,1000000,1000,0,0,0,0,1000000000,1000000000,1000000000,,,1,37000,1000,0,534,37000,9000,37000,37,7000000000000,,armed,303000,scheduled,38000,9000,38000,38,0,,armed,304000,blocked
303000,1,3,414,3,2,tick,0,0,3,1000,1000000,1000,0,0,0,0,1000000000,1000000000,1000000000,,,1,37000,1000,0,535,37000,7000,37000,37,7000000000000,,armed,303000,scheduled,38000,7000,38000,38,0,,armed,304000,blocked
304000,1,1,415,1,0,tick,0,0,3,1000,1000000,1000,0,0,0,0,1000000000,1000000000,1000000000,,,0,,,,,38000,18000,38000,38,0,,armed,304000,blocked,38000,18000,38000,38,1000000000000,,armed,305000,blocked
304000,1,2,415,2,1,tick,0,0,3,1000,1000000,1000,0,0,0,0,1000000000,1000000000,1000000000,,,0,,,,,38000,9000,38000,38,0,,armed,304000,blocked,38000,9000,38000,38,1000000000000,,armed,305000,blocked
304000,1,3,415,3,2,tick,0,0,3,1000,1000000,1000,0,0,0,0,1000000000,1000000000,1000000000,,,0,,,,,38000,7000,38000,38,0,,armed,304000,blocked,38000,7000,38000,38,1000000000000,,armed,305000,blocked
305000,1,1,419,1,0,tick,0,0,3,1000,1000000,1000,0,0,0,0,1000000000,1000000000,1000000000,,,0,,,,,38000,18000,38000,38,1000000000000,,armed,305000,blocked,38000,18000,38000,38,2000000000000,,armed,306000,blocked
305000,1,2,419,2,1,tick,0,0,3,1000,1000000,1000,0,0,0,0,1000000000,1000000000,1000000000,,,0,,,,,38000,9000,38000,38,1000000000000,,armed,305000,blocked,38000,9000,38000,38,2000000000000,,armed,306000,blocked
305000,1,3,419,3,2,tick,0,0,3,1000,1000000,1000,0,0,0,0,1000000000,1000000000,1000000000,,,0,,,,,38000,7000,38000,38,1000000000000,,armed,305000,blocked,38000,7000,38000,38,2000000000000,,armed,306000,blocked
305560,0,12,23,3,2,ack,0,0,3,1000,1000000,1000,0,0,0,0,1000000000,1000000000,,8000,0,0,,,,,38000,7000,38000,38,2000000000000,,armed,306000,blocked,38000,8000,38000,38,2000000000000,,armed,306000,blocked
306000,1,1,420,1,0,tick,0,0,3,1000,1000000,1000,0,0,0,0,1000000000,1000000000,1000000000,,,0,,,,,38000,18000,38000,38,2000000000000,,armed,306000,blocked,38000,18000,38000,38,3000000000000,,armed,307000,blocked
306000,1,2,420,2,1,tick,0,0,3,1000,1000000,1000,0,0,0,0,1000000000,1000000000,1000000000,,,0,,,,,38000,9000,38000,38,2000000000000,,armed,306000,blocked,38000,9000,38000,38,3000000000000,,armed,307000,blocked
306000,1,3,420,3,2,tick,0,0,3,1000,1000000,1000,0,0,0,0,1000000000,1000000000,1000000000,,,0,,,,,38000,8000,38000,38,2000000000000,,armed,306000,blocked,38000,8000,38000,38,3000000000000,,armed,307000,blocked
307000,1,1,421,1,0,tick,0,0,3,1000,1000000,1000,0,0,0,0,1000000000,1000000000,1000000000,,,0,,,,,38000,18000,38000,38,3000000000000,,armed,307000,blocked,38000,18000,38000,38,4000000000000,,armed,308000,blocked
307000,1,2,421,2,1,tick,0,0,3,1000,1000000,1000,0,0,0,0,1000000000,1000000000,1000000000,,,0,,,,,38000,9000,38000,38,3000000000000,,armed,307000,blocked,38000,9000,38000,38,4000000000000,,armed,308000,blocked
307000,1,3,421,3,2,tick,0,0,3,1000,1000000,1000,0,0,0,0,1000000000,1000000000,1000000000,,,0,,,,,38000,8000,38000,38,3000000000000,,armed,307000,blocked,38000,8000,38000,38,4000000000000,,armed,308000,blocked
308000,1,1,422,1,0,tick,0,0,3,1000,1000000,1000,0,0,0,0,1000000000,1000000000,1000000000,,,0,,,,,38000,18000,38000,38,4000000000000,,armed,308000,blocked,38000,18000,38000,38,5000000000000,,armed,309000,blocked
308000,1,2,422,2,1,tick,0,0,3,1000,1000000,1000,0,0,0,0,1000000000,1000000000,1000000000,,,0,,,,,38000,9000,38000,38,4000000000000,,armed,308000,blocked,38000,9000,38000,38,5000000000000,,armed,309000,blocked
308000,1,3,422,3,2,tick,0,0,3,1000,1000000,1000,0,0,0,0,1000000000,1000000000,1000000000,,,0,,,,,38000,8000,38000,38,4000000000000,,armed,308000,blocked,38000,8000,38000,38,5000000000000,,armed,309000,blocked
309000,1,1,423,1,0,tick,0,0,3,1000,1000000,1000,0,0,0,0,1000000000,1000000000,1000000000,,,0,,,,,38000,18000,38000,38,5000000000000,,armed,309000,blocked,38000,18000,38000,38,6000000000000,,armed,310000,blocked
309000,1,2,423,2,1,tick,0,0,3,1000,1000000,1000,0,0,0,0,1000000000,1000000000,1000000000,,,0,,,,,38000,9000,38000,38,5000000000000,,armed,309000,blocked,38000,9000,38000,38,6000000000000,,armed,310000,blocked
309000,1,3,423,3,2,tick,0,0,3,1000,1000000,1000,0,0,0,0,1000000000,1000000000,1000000000,,,0,,,,,38000,8000,38000,38,5000000000000,,armed,309000,blocked,38000,8000,38000,38,6000000000000,,armed,310000,blocked
310000,1,1,424,1,0,tick,0,0,3,1000,1000000,1000,0,0,0,0,1000000000,1000000000,1000000000,,,0,,,,,38000,18000,38000,38,6000000000000,,armed,310000,blocked,38000,18000,38000,38,7000000000000,,armed,311000,scheduled
310000,1,2,424,2,1,tick,0,0,3,1000,1000000,1000,0,0,0,0,1000000000,1000000000,1000000000,,,0,,,,,38000,9000,38000,38,6000000000000,,armed,310000,blocked,38000,9000,38000,38,7000000000000,,armed,311000,scheduled
310000,1,3,424,3,2,tick,0,0,3,1000,1000000,1000,0,0,0,0,1000000000,1000000000,1000000000,,,0,,,,,38000,8000,38000,38,6000000000000,,armed,310000,blocked,38000,8000,38000,38,7000000000000,,armed,311000,scheduled
311000,1,1,425,1,0,tick,0,0,3,1000,1000000,1000,0,0,0,0,1000000000,1000000000,1000000000,,,1,38000,1000,0,547,38000,18000,38000,38,7000000000000,,armed,311000,scheduled,39000,18000,39000,39,0,,armed,312000,blocked
311000,1,2,425,2,1,tick,0,0,3,1000,1000000,1000,0,0,0,0,1000000000,1000000000,1000000000,,,1,38000,1000,0,548,38000,9000,38000,38,7000000000000,,armed,311000,scheduled,39000,9000,39000,39,0,,armed,312000,blocked
311000,1,3,425,3,2,tick,0,0,3,1000,1000000,1000,0,0,0,0,1000000000,1000000000,1000000000,,,1,38000,1000,0,549,38000,8000,38000,38,7000000000000,,armed,311000,scheduled,39000,8000,39000,39,0,,armed,312000,blocked
312000,1,1,426,1,0,tick,0,0,3,1000,1000000,1000,0,0,0,0,1000000000,1000000000,1000000000,,,0,,,,,39000,18000,39000,39,0,,armed,312000,blocked,39000,18000,39000,39,1000000000000,,armed,313000,blocked
312000,1,2,426,2,1,tick,0,0,3,1000,1000000,1000,0,0,0,0,1000000000,1000000000,1000000000,,,0,,,,,39000,9000,39000,39,0,,armed,312000,blocked,39000,9000,39000,39,1000000000000,,armed,313000,blocked
312000,1,3,426,3,2,tick,0,0,3,1000,1000000,1000,0,0,0,0,1000000000,1000000000,1000000000,,,0,,,,,39000,8000,39000,39,0,,armed,312000,blocked,39000,8000,39000,39,1000000000000,,armed,313000,blocked
312536,0,6,56,1,0,ack,0,0,3,1000,1000000,1000,0,0,0,0,1000000000,1000000000,,19000,0,0,,,,,39000,18000,39000,39,1000000000000,,armed,313000,blocked,39000,19000,39000,39,1000000000000,,armed,313000,blocked
313000,1,1,430,1,0,tick,0,0,3,1000,1000000,1000,0,0,0,0,1000000000,1000000000,1000000000,,,0,,,,,39000,19000,39000,39,1000000000000,,armed,313000,blocked,39000,19000,39000,39,2000000000000,,armed,314000,blocked
313000,1,2,430,2,1,tick,0,0,3,1000,1000000,1000,0,0,0,0,1000000000,1000000000,1000000000,,,0,,,,,39000,9000,39000,39,1000000000000,,armed,313000,blocked,39000,9000,39000,39,2000000000000,,armed,314000,blocked
313000,1,3,430,3,2,tick,0,0,3,1000,1000000,1000,0,0,0,0,1000000000,1000000000,1000000000,,,0,,,,,39000,8000,39000,39,1000000000000,,armed,313000,blocked,39000,8000,39000,39,2000000000000,,armed,314000,blocked
314000,1,1,431,1,0,tick,0,0,3,1000,1000000,1000,0,0,0,0,1000000000,1000000000,1000000000,,,0,,,,,39000,19000,39000,39,2000000000000,,armed,314000,blocked,39000,19000,39000,39,3000000000000,,armed,315000,blocked
314000,1,2,431,2,1,tick,0,0,3,1000,1000000,1000,0,0,0,0,1000000000,1000000000,1000000000,,,0,,,,,39000,9000,39000,39,2000000000000,,armed,314000,blocked,39000,9000,39000,39,3000000000000,,armed,315000,blocked
314000,1,3,431,3,2,tick,0,0,3,1000,1000000,1000,0,0,0,0,1000000000,1000000000,1000000000,,,0,,,,,39000,8000,39000,39,2000000000000,,armed,314000,blocked,39000,8000,39000,39,3000000000000,,armed,315000,blocked
315000,1,1,432,1,0,tick,0,0,3,1000,1000000,1000,0,0,0,0,1000000000,1000000000,1000000000,,,0,,,,,39000,19000,39000,39,3000000000000,,armed,315000,blocked,39000,19000,39000,39,4000000000000,,armed,316000,blocked
315000,1,2,432,2,1,tick,0,0,3,1000,1000000,1000,0,0,0,0,1000000000,1000000000,1000000000,,,0,,,,,39000,9000,39000,39,3000000000000,,armed,315000,blocked,39000,9000,39000,39,4000000000000,,armed,316000,blocked
315000,1,3,432,3,2,tick,0,0,3,1000,1000000,1000,0,0,0,0,1000000000,1000000000,1000000000,,,0,,,,,39000,8000,39000,39,3000000000000,,armed,315000,blocked,39000,8000,39000,39,4000000000000,,armed,316000,blocked
316000,1,1,433,1,0,tick,0,0,3,1000,1000000,1000,0,0,0,0,1000000000,1000000000,1000000000,,,0,,,,,39000,19000,39000,39,4000000000000,,armed,316000,blocked,39000,19000,39000,39,5000000000000,,armed,317000,blocked
316000,1,2,433,2,1,tick,0,0,3,1000,1000000,1000,0,0,0,0,1000000000,1000000000,1000000000,,,0,,,,,39000,9000,39000,39,4000000000000,,armed,316000,blocked,39000,9000,39000,39,5000000000000,,armed,317000,blocked
316000,1,3,433,3,2,tick,0,0,3,1000,1000000,1000,0,0,0,0,1000000000,1000000000,1000000000,,,0,,,,,39000,8000,39000,39,4000000000000,,armed,316000,blocked,39000,8000,39000,39,5000000000000,,armed,317000,blocked
317000,1,1,434,1,0,tick,0,0,3,1000,1000000,1000,0,0,0,0,1000000000,1000000000,1000000000,,,0,,,,,39000,19000,39000,39,5000000000000,,armed,317000,blocked,39000,19000,39000,39,6000000000000,,armed,318000,blocked
317000,1,2,434,2,1,tick,0,0,3,1000,1000000,1000,0,0,0,0,1000000000,1000000000,1000000000,,,0,,,,,39000,9000,39000,39,5000000000000,,armed,317000,blocked,39000,9000,39000,39,6000000000000,,armed,318000,blocked
317000,1,3,434,3,2,tick,0,0,3,1000,1000000,1000,0,0,0,0,1000000000,1000000000,1000000000,,,0,,,,,39000,8000,39000,39,5000000000000,,armed,317000,blocked,39000,8000,39000,39,6000000000000,,armed,318000,blocked
318000,1,1,435,1,0,tick,0,0,3,1000,1000000,1000,0,0,0,0,1000000000,1000000000,1000000000,,,0,,,,,39000,19000,39000,39,6000000000000,,armed,318000,blocked,39000,19000,39000,39,7000000000000,,armed,319000,scheduled
318000,1,2,435,2,1,tick,0,0,3,1000,1000000,1000,0,0,0,0,1000000000,1000000000,1000000000,,,0,,,,,39000,9000,39000,39,6000000000000,,armed,318000,blocked,39000,9000,39000,39,7000000000000,,armed,319000,scheduled
318000,1,3,435,3,2,tick,0,0,3,1000,1000000,1000,0,0,0,0,1000000000,1000000000,1000000000,,,0,,,,,39000,8000,39000,39,6000000000000,,armed,318000,blocked,39000,8000,39000,39,7000000000000,,armed,319000,scheduled
319000,1,1,436,1,0,tick,0,0,3,1000,1000000,1000,0,0,0,0,1000000000,1000000000,1000000000,,,1,39000,1000,0,561,39000,19000,39000,39,7000000000000,,armed,319000,scheduled,40000,19000,40000,40,0,,armed,320000,blocked
319000,1,2,436,2,1,tick,0,0,3,1000,1000000,1000,0,0,0,0,1000000000,1000000000,1000000000,,,1,39000,1000,0,562,39000,9000,39000,39,7000000000000,,armed,319000,scheduled,40000,9000,40000,40,0,,armed,320000,blocked
319000,1,3,436,3,2,tick,0,0,3,1000,1000000,1000,0,0,0,0,1000000000,1000000000,1000000000,,,1,39000,1000,0,563,39000,8000,39000,39,7000000000000,,armed,319000,scheduled,40000,8000,40000,40,0,,armed,320000,blocked
320000,1,1,437,1,0,tick,0,0,3,1000,1000000,1000,0,0,0,0,1000000000,1000000000,1000000000,,,0,,,,,40000,19000,40000,40,0,,armed,320000,blocked,40000,19000,40000,40,1000000000000,,armed,321000,blocked
320000,1,2,437,2,1,tick,0,0,3,1000,1000000,1000,0,0,0,0,1000000000,1000000000,1000000000,,,0,,,,,40000,9000,40000,40,0,,armed,320000,blocked,40000,9000,40000,40,1000000000000,,armed,321000,blocked
320000,1,3,437,3,2,tick,0,0,3,1000,1000000,1000,0,0,0,0,1000000000,1000000000,1000000000,,,0,,,,,40000,8000,40000,40,0,,armed,320000,blocked,40000,8000,40000,40,1000000000000,,armed,321000,blocked
321000,1,1,441,1,0,tick,0,0,3,1000,1000000,1000,0,0,0,0,1000000000,1000000000,1000000000,,,0,,,,,40000,19000,40000,40,1000000000000,,armed,321000,blocked,40000,19000,40000,40,2000000000000,,armed,322000,blocked
321000,1,2,441,2,1,tick,0,0,3,1000,1000000,1000,0,0,0,0,1000000000,1000000000,1000000000,,,0,,,,,40000,9000,40000,40,1000000000000,,armed,321000,blocked,40000,9000,40000,40,2000000000000,,armed,322000,blocked
321000,1,3,441,3,2,tick,0,0,3,1000,1000000,1000,0,0,0,0,1000000000,1000000000,1000000000,,,0,,,,,40000,8000,40000,40,1000000000000,,armed,321000,blocked,40000,8000,40000,40,2000000000000,,armed,322000,blocked
321048,0,9,29,2,1,ack,0,0,3,1000,1000000,1000,0,0,0,0,1000000000,1000000000,,10000,0,0,,,,,40000,9000,40000,40,2000000000000,,armed,322000,blocked,40000,10000,40000,40,2000000000000,,armed,322000,blocked
322000,1,1,442,1,0,tick,0,0,3,1000,1000000,1000,0,0,0,0,1000000000,1000000000,1000000000,,,0,,,,,40000,19000,40000,40,2000000000000,,armed,322000,blocked,40000,19000,40000,40,3000000000000,,armed,323000,blocked
322000,1,2,442,2,1,tick,0,0,3,1000,1000000,1000,0,0,0,0,1000000000,1000000000,1000000000,,,0,,,,,40000,10000,40000,40,2000000000000,,armed,322000,blocked,40000,10000,40000,40,3000000000000,,armed,323000,blocked
322000,1,3,442,3,2,tick,0,0,3,1000,1000000,1000,0,0,0,0,1000000000,1000000000,1000000000,,,0,,,,,40000,8000,40000,40,2000000000000,,armed,322000,blocked,40000,8000,40000,40,3000000000000,,armed,323000,blocked
323000,1,1,443,1,0,tick,0,0,3,1000,1000000,1000,0,0,0,0,1000000000,1000000000,1000000000,,,0,,,,,40000,19000,40000,40,3000000000000,,armed,323000,blocked,40000,19000,40000,40,4000000000000,,armed,324000,blocked
323000,1,2,443,2,1,tick,0,0,3,1000,1000000,1000,0,0,0,0,1000000000,1000000000,1000000000,,,0,,,,,40000,10000,40000,40,3000000000000,,armed,323000,blocked,40000,10000,40000,40,4000000000000,,armed,324000,blocked
323000,1,3,443,3,2,tick,0,0,3,1000,1000000,1000,0,0,0,0,1000000000,1000000000,1000000000,,,0,,,,,40000,8000,40000,40,3000000000000,,armed,323000,blocked,40000,8000,40000,40,4000000000000,,armed,324000,blocked
324000,1,1,444,1,0,tick,0,0,3,1000,1000000,1000,0,0,0,0,1000000000,1000000000,1000000000,,,0,,,,,40000,19000,40000,40,4000000000000,,armed,324000,blocked,40000,19000,40000,40,5000000000000,,armed,325000,blocked
324000,1,2,444,2,1,tick,0,0,3,1000,1000000,1000,0,0,0,0,1000000000,1000000000,1000000000,,,0,,,,,40000,10000,40000,40,4000000000000,,armed,324000,blocked,40000,10000,40000,40,5000000000000,,armed,325000,blocked
324000,1,3,444,3,2,tick,0,0,3,1000,1000000,1000,0,0,0,0,1000000000,1000000000,1000000000,,,0,,,,,40000,8000,40000,40,4000000000000,,armed,324000,blocked,40000,8000,40000,40,5000000000000,,armed,325000,blocked
325000,1,1,445,1,0,tick,0,0,3,1000,1000000,1000,0,0,0,0,1000000000,1000000000,1000000000,,,0,,,,,40000,19000,40000,40,5000000000000,,armed,325000,blocked,40000,19000,40000,40,6000000000000,,armed,326000,blocked
325000,1,2,445,2,1,tick,0,0,3,1000,1000000,1000,0,0,0,0,1000000000,1000000000,1000000000,,,0,,,,,40000,10000,40000,40,5000000000000,,armed,325000,blocked,40000,10000,40000,40,6000000000000,,armed,326000,blocked
325000,1,3,445,3,2,tick,0,0,3,1000,1000000,1000,0,0,0,0,1000000000,1000000000,1000000000,,,0,,,,,40000,8000,40000,40,5000000000000,,armed,325000,blocked,40000,8000,40000,40,6000000000000,,armed,326000,blocked
326000,1,1,446,1,0,tick,0,0,3,1000,1000000,1000,0,0,0,0,1000000000,1000000000,1000000000,,,0,,,,,40000,19000,40000,40,6000000000000,,armed,326000,blocked,40000,19000,40000,40,7000000000000,,armed,327000,scheduled
326000,1,2,446,2,1,tick,0,0,3,1000,1000000,1000,0,0,0,0,1000000000,1000000000,1000000000,,,0,,,,,40000,10000,40000,40,6000000000000,,armed,326000,blocked,40000,10000,40000,40,7000000000000,,armed,327000,scheduled
326000,1,3,446,3,2,tick,0,0,3,1000,1000000,1000,0,0,0,0,1000000000,1000000000,1000000000,,,0,,,,,40000,8000,40000,40,6000000000000,,armed,326000,blocked,40000,8000,40000,40,7000000000000,,armed,327000,scheduled
327000,1,1,447,1,0,tick,0,0,3,1000,1000000,1000,0,0,0,0,1000000000,1000000000,1000000000,,,1,40000,1000,0,575,40000,19000,40000,40,7000000000000,,armed,327000,scheduled,41000,19000,41000,41,0,,armed,328000,blocked
327000,1,2,447,2,1,tick,0,0,3,1000,1000000,1000,0,0,0,0,1000000000,1000000000,1000000000,,,1,40000,1000,0,576,40000,10000,40000,40,7000000000000,,armed,327000,scheduled,41000,10000,41000,41,0,,armed,328000,blocked
327000,1,3,447,3,2,tick,0,0,3,1000,1000000,1000,0,0,0,0,1000000000,1000000000,1000000000,,,1,40000,1000,0,577,40000,8000,40000,40,7000000000000,,armed,327000,scheduled,41000,8000,41000,41,0,,armed,328000,blocked
328000,1,1,448,1,0,tick,1,0,3,1000,1000000,1000,0,0,0,0,1000000000,1000000000,,,,0,,,,,41000,19000,41000,41,0,,armed,328000,blocked,41000,19000,41000,41,0,,parked,,blocked
328000,1,2,448,2,1,tick,1,0,3,1000,1000000,1000,0,0,0,0,1000000000,1000000000,,,,0,,,,,41000,10000,41000,41,0,,armed,328000,blocked,41000,10000,41000,41,0,,parked,,blocked
328000,1,3,448,3,2,tick,0,0,3,1000,1000000,1000,0,0,0,0,1000000000,1000000000,1000000000,,,0,,,,,41000,8000,41000,41,0,,armed,328000,blocked,41000,8000,41000,41,1000000000000,,armed,329000,blocked
328536,0,6,59,1,0,ack,0,0,3,1000,1000000,1000,0,0,0,0,1000000000,1000000000,,20000,0,0,,,,,41000,19000,41000,41,0,,parked,,blocked,41000,20000,41000,41,0,,armed,329000,blocked
329000,1,1,452,1,0,tick,1,0,3,1000,1000000,1000,0,0,0,0,1000000000,1000000000,,,,0,,,,,41000,20000,41000,41,0,,armed,329000,blocked,41000,20000,41000,41,0,,parked,,blocked
329000,1,3,452,3,2,tick,0,0,3,1000,1000000,1000,0,0,0,0,1000000000,1000000000,1000000000,,,0,,,,,41000,8000,41000,41,1000000000000,,armed,329000,blocked,41000,8000,41000,41,2000000000000,,armed,330000,blocked
330000,1,3,453,3,2,tick,0,0,3,1000,1000000,1000,0,0,0,0,1000000000,1000000000,1000000000,,,0,,,,,41000,8000,41000,41,2000000000000,,armed,330000,blocked,41000,8000,41000,41,3000000000000,,armed,331000,blocked
331000,1,3,454,3,2,tick,0,0,3,1000,1000000,1000,0,0,0,0,1000000000,1000000000,1000000000,,,0,,,,,41000,8000,41000,41,3000000000000,,armed,331000,blocked,41000,8000,41000,41,4000000000000,,armed,332000,blocked
332000,1,3,455,3,2,tick,0,0,3,1000,1000000,1000,0,0,0,0,1000000000,1000000000,1000000000,,,0,,,,,41000,8000,41000,41,4000000000000,,armed,332000,blocked,41000,8000,41000,41,5000000000000,,armed,333000,blocked
333000,1,3,456,3,2,tick,0,0,3,1000,1000000,1000,0,0,0,0,1000000000,1000000000,1000000000,,,0,,,,,41000,8000,41000,41,5000000000000,,armed,333000,blocked,41000,8000,41000,41,6000000000000,,armed,334000,blocked
334000,1,3,457,3,2,tick,0,0,3,1000,1000000,1000,0,0,0,0,1000000000,1000000000,1000000000,,,0,,,,,41000,8000,41000,41,6000000000000,,armed,334000,blocked,41000,8000,41000,41,7000000000000,,armed,335000,scheduled
335000,1,3,458,3,2,tick,0,0,3,1000,1000000,1000,0,0,0,0,1000000000,1000000000,1000000000,,,1,41000,1000,0,591,41000,8000,41000,41,7000000000000,,armed,335000,scheduled,42000,8000,42000,42,0,,armed,336000,blocked
336000,1,3,459,3,2,tick,0,0,3,1000,1000000,1000,0,0,0,0,1000000000,1000000000,1000000000,,,0,,,,,42000,8000,42000,42,0,,armed,336000,blocked,42000,8000,42000,42,1000000000000,,armed,337000,blocked
337000,1,3,463,3,2,tick,0,0,3,1000,1000000,1000,0,0,0,0,1000000000,1000000000,1000000000,,,0,,,,,42000,8000,42000,42,1000000000000,,armed,337000,blocked,42000,8000,42000,42,2000000000000,,armed,338000,blocked
337560,0,12,26,3,2,ack,0,0,3,1000,1000000,1000,0,0,0,0,1000000000,1000000000,,9000,0,0,,,,,42000,8000,42000,42,2000000000000,,armed,338000,blocked,42000,9000,42000,42,2000000000000,,armed,338000,blocked
338000,1,3,464,3,2,tick,0,0,3,1000,1000000,1000,0,0,0,0,1000000000,1000000000,1000000000,,,0,,,,,42000,9000,42000,42,2000000000000,,armed,338000,blocked,42000,9000,42000,42,3000000000000,,armed,339000,blocked
339000,1,3,465,3,2,tick,0,0,3,1000,1000000,1000,0,0,0,0,1000000000,1000000000,1000000000,,,0,,,,,42000,9000,42000,42,3000000000000,,armed,339000,blocked,42000,9000,42000,42,4000000000000,,armed,340000,blocked
340000,1,3,466,3,2,tick,0,0,3,1000,1000000,1000,0,0,0,0,1000000000,1000000000,1000000000,,,0,,,,,42000,9000,42000,42,4000000000000,,armed,340000,blocked,42000,9000,42000,42,5000000000000,,armed,341000,blocked
341000,1,3,467,3,2,tick,0,0,3,1000,1000000,1000,0,0,0,0,1000000000,1000000000,1000000000,,,0,,,,,42000,9000,42000,42,5000000000000,,armed,341000,blocked,42000,9000,42000,42,6000000000000,,armed,342000,blocked
342000,1,3,468,3,2,tick,0,0,3,1000,1000000,1000,0,0,0,0,1000000000,1000000000,1000000000,,,0,,,,,42000,9000,42000,42,6000000000000,,armed,342000,blocked,42000,9000,42000,42,7000000000000,,armed,343000,scheduled
343000,1,3,469,3,2,tick,0,0,3,1000,1000000,1000,0,0,0,0,1000000000,1000000000,1000000000,,,1,42000,1000,0,605,42000,9000,42000,42,7000000000000,,armed,343000,scheduled,43000,9000,43000,43,0,,armed,344000,blocked
344000,1,3,470,3,2,tick,0,0,3,1000,1000000,1000,0,0,0,0,1000000000,1000000000,1000000000,,,0,,,,,43000,9000,43000,43,0,,armed,344000,blocked,43000,9000,43000,43,1000000000000,,armed,345000,blocked
344536,0,6,62,1,0,ack,0,0,3,1000,1000000,1000,0,0,0,0,1000000000,1000000000,,21000,0,0,,,,,41000,20000,41000,41,0,,parked,,blocked,41000,21000,41000,41,0,,armed,345000,blocked
345000,1,1,453,1,0,tick,1,0,3,1000,1000000,1000,0,0,0,0,1000000000,1000000000,,,,0,,,,,41000,21000,41000,41,0,,armed,345000,blocked,41000,21000,41000,41,0,,parked,,blocked
345000,1,3,474,3,2,tick,0,0,3,1000,1000000,1000,0,0,0,0,1000000000,1000000000,1000000000,,,0,,,,,43000,9000,43000,43,1000000000000,,armed,345000,blocked,43000,9000,43000,43,2000000000000,,armed,346000,blocked
346000,1,3,475,3,2,tick,0,0,3,1000,1000000,1000,0,0,0,0,1000000000,1000000000,1000000000,,,0,,,,,43000,9000,43000,43,2000000000000,,armed,346000,blocked,43000,9000,43000,43,3000000000000,,armed,347000,blocked
347000,1,3,476,3,2,tick,0,0,3,1000,1000000,1000,0,0,0,0,1000000000,1000000000,1000000000,,,0,,,,,43000,9000,43000,43,3000000000000,,armed,347000,blocked,43000,9000,43000,43,4000000000000,,armed,348000,blocked
348000,1,3,477,3,2,tick,0,0,3,1000,1000000,1000,0,0,0,0,1000000000,1000000000,1000000000,,,0,,,,,43000,9000,43000,43,4000000000000,,armed,348000,blocked,43000,9000,43000,43,5000000000000,,armed,349000,blocked
349000,1,3,478,3,2,tick,0,0,3,1000,1000000,1000,0,0,0,0,1000000000,1000000000,1000000000,,,0,,,,,43000,9000,43000,43,5000000000000,,armed,349000,blocked,43000,9000,43000,43,6000000000000,,armed,350000,blocked
350000,1,3,479,3,2,tick,0,0,3,1000,1000000,1000,0,0,0,0,1000000000,1000000000,1000000000,,,0,,,,,43000,9000,43000,43,6000000000000,,armed,350000,blocked,43000,9000,43000,43,7000000000000,,armed,351000,scheduled
351000,1,3,480,3,2,tick,0,0,3,1000,1000000,1000,0,0,0,0,1000000000,1000000000,1000000000,,,1,43000,1000,0,619,43000,9000,43000,43,7000000000000,,armed,351000,scheduled,44000,9000,44000,44,0,,armed,352000,blocked
352000,1,3,481,3,2,tick,0,0,3,1000,1000000,1000,0,0,0,0,1000000000,1000000000,1000000000,,,0,,,,,44000,9000,44000,44,0,,armed,352000,blocked,44000,9000,44000,44,1000000000000,,armed,353000,blocked
353000,1,3,485,3,2,tick,0,0,3,1000,1000000,1000,0,0,0,0,1000000000,1000000000,1000000000,,,0,,,,,44000,9000,44000,44,1000000000000,,armed,353000,blocked,44000,9000,44000,44,2000000000000,,armed,354000,blocked
353048,0,9,32,2,1,ack,0,0,3,1000,1000000,1000,0,0,0,0,1000000000,1000000000,,11000,0,0,,,,,41000,10000,41000,41,0,,parked,,blocked,41000,11000,41000,41,0,,armed,354000,blocked
354000,1,2,452,2,1,tick,1,0,3,1000,1000000,1000,0,0,0,0,1000000000,1000000000,,,,0,,,,,41000,11000,41000,41,0,,armed,354000,blocked,41000,11000,41000,41,0,,parked,,blocked
354000,1,3,486,3,2,tick,0,0,3,1000,1000000,1000,0,0,0,0,1000000000,1000000000,1000000000,,,0,,,,,44000,9000,44000,44,2000000000000,,armed,354000,blocked,44000,9000,44000,44,3000000000000,,armed,355000,blocked
355000,1,3,487,3,2,tick,0,0,3,1000,1000000,1000,0,0,0,0,1000000000,1000000000,1000000000,,,0,,,,,44000,9000,44000,44,3000000000000,,armed,355000,blocked,44000,9000,44000,44,4000000000000,,armed,356000,blocked
356000,1,3,488,3,2,tick,0,0,3,1000,1000000,1000,0,0,0,0,1000000000,1000000000,1000000000,,,0,,,,,44000,9000,44000,44,4000000000000,,armed,356000,blocked,44000,9000,44000,44,5000000000000,,armed,357000,blocked
357000,1,3,489,3,2,tick,0,0,3,1000,1000000,1000,0,0,0,0,1000000000,1000000000,1000000000,,,0,,,,,44000,9000,44000,44,5000000000000,,armed,357000,blocked,44000,9000,44000,44,6000000000000,,armed,358000,blocked
358000,1,3,490,3,2,tick,0,0,3,1000,1000000,1000,0,0,0,0,1000000000,1000000000,1000000000,,,0,,,,,44000,9000,44000,44,6000000000000,,armed,358000,blocked,44000,9000,44000,44,7000000000000,,armed,359000,scheduled
359000,1,3,491,3,2,tick,0,0,3,1000,1000000,1000,0,0,0,0,1000000000,1000000000,1000000000,,,1,44000,1000,0,633,44000,9000,44000,44,7000000000000,,armed,359000,scheduled,45000,9000,45000,45,0,,armed,360000,blocked
360000,1,3,492,3,2,tick,0,0,3,1000,1000000,1000,0,0,0,0,1000000000,1000000000,1000000000,,,0,,,,,45000,9000,45000,45,0,,armed,360000,blocked,45000,9000,45000,45,1000000000000,,armed,361000,blocked
360536,0,6,65,1,0,ack,0,0,3,1000,1000000,1000,0,0,0,0,1000000000,1000000000,,22000,0,0,,,,,41000,21000,41000,41,0,,parked,,blocked,41000,22000,41000,41,0,,armed,361000,blocked
361000,1,1,454,1,0,tick,1,0,3,1000,1000000,1000,0,0,0,0,1000000000,1000000000,,,,0,,,,,41000,22000,41000,41,0,,armed,361000,blocked,41000,22000,41000,41,0,,parked,,blocked
361000,1,3,496,3,2,tick,0,0,3,1000,1000000,1000,0,0,0,0,1000000000,1000000000,1000000000,,,0,,,,,45000,9000,45000,45,1000000000000,,armed,361000,blocked,45000,9000,45000,45,2000000000000,,armed,362000,blocked
362000,1,3,497,3,2,tick,0,0,3,1000,1000000,1000,0,0,0,0,1000000000,1000000000,1000000000,,,0,,,,,45000,9000,45000,45,2000000000000,,armed,362000,blocked,45000,9000,45000,45,3000000000000,,armed,363000,blocked
363000,1,3,498,3,2,tick,0,0,3,1000,1000000,1000,0,0,0,0,1000000000,1000000000,1000000000,,,0,,,,,45000,9000,45000,45,3000000000000,,armed,363000,blocked,45000,9000,45000,45,4000000000000,,armed,364000,blocked
364000,1,3,499,3,2,tick,0,0,3,1000,1000000,1000,0,0,0,0,1000000000,1000000000,1000000000,,,0,,,,,45000,9000,45000,45,4000000000000,,armed,364000,blocked,45000,9000,45000,45,5000000000000,,armed,365000,blocked
365000,1,3,500,3,2,tick,0,0,3,1000,1000000,1000,0,0,0,0,1000000000,1000000000,1000000000,,,0,,,,,45000,9000,45000,45,5000000000000,,armed,365000,blocked,45000,9000,45000,45,6000000000000,,armed,366000,blocked
366000,1,3,501,3,2,tick,0,0,3,1000,1000000,1000,0,0,0,0,1000000000,1000000000,1000000000,,,0,,,,,45000,9000,45000,45,6000000000000,,armed,366000,blocked,45000,9000,45000,45,7000000000000,,armed,367000,scheduled
367000,1,3,502,3,2,tick,0,0,3,1000,1000000,1000,0,0,0,0,1000000000,1000000000,1000000000,,,1,45000,1000,0,647,45000,9000,45000,45,7000000000000,,armed,367000,scheduled,46000,9000,46000,46,0,,armed,368000,blocked
368000,1,3,503,3,2,tick,0,0,3,1000,1000000,1000,0,0,0,0,1000000000,1000000000,1000000000,,,0,,,,,46000,9000,46000,46,0,,armed,368000,blocked,46000,9000,46000,46,1000000000000,,armed,369000,blocked
369000,1,3,507,3,2,tick,0,0,3,1000,1000000,1000,0,0,0,0,1000000000,1000000000,1000000000,,,0,,,,,46000,9000,46000,46,1000000000000,,armed,369000,blocked,46000,9000,46000,46,2000000000000,,armed,370000,blocked
369560,0,12,29,3,2,ack,0,0,3,1000,1000000,1000,0,0,0,0,1000000000,1000000000,,10000,0,0,,,,,46000,9000,46000,46,2000000000000,,armed,370000,blocked,46000,10000,46000,46,2000000000000,,armed,370000,blocked
370000,1,3,508,3,2,tick,0,0,3,1000,1000000,1000,0,0,0,0,1000000000,1000000000,1000000000,,,0,,,,,46000,10000,46000,46,2000000000000,,armed,370000,blocked,46000,10000,46000,46,3000000000000,,armed,371000,blocked
371000,1,3,509,3,2,tick,0,0,3,1000,1000000,1000,0,0,0,0,1000000000,1000000000,1000000000,,,0,,,,,46000,10000,46000,46,3000000000000,,armed,371000,blocked,46000,10000,46000,46,4000000000000,,armed,372000,blocked
372000,1,3,510,3,2,tick,0,0,3,1000,1000000,1000,0,0,0,0,1000000000,1000000000,1000000000,,,0,,,,,46000,10000,46000,46,4000000000000,,armed,372000,blocked,46000,10000,46000,46,5000000000000,,armed,373000,blocked
373000,1,3,511,3,2,tick,0,0,3,1000,1000000,1000,0,0,0,0,1000000000,1000000000,1000000000,,,0,,,,,46000,10000,46000,46,5000000000000,,armed,373000,blocked,46000,10000,46000,46,6000000000000,,armed,374000,blocked
374000,1,3,512,3,2,tick,0,0,3,1000,1000000,1000,0,0,0,0,1000000000,1000000000,1000000000,,,0,,,,,46000,10000,46000,46,6000000000000,,armed,374000,blocked,46000,10000,46000,46,7000000000000,,armed,375000,scheduled
375000,1,3,513,3,2,tick,0,0,3,1000,1000000,1000,0,0,0,0,1000000000,1000000000,1000000000,,,1,46000,1000,0,661,46000,10000,46000,46,7000000000000,,armed,375000,scheduled,47000,10000,47000,47,0,,armed,376000,blocked
376000,1,3,514,3,2,tick,0,0,3,1000,1000000,1000,0,0,0,0,1000000000,1000000000,1000000000,,,0,,,,,47000,10000,47000,47,0,,armed,376000,blocked,47000,10000,47000,47,1000000000000,,armed,377000,blocked
376536,0,6,68,1,0,ack,0,0,3,1000,1000000,1000,0,0,0,0,1000000000,1000000000,,23000,0,0,,,,,41000,22000,41000,41,0,,parked,,blocked,41000,23000,41000,41,0,,armed,377000,blocked
377000,1,1,455,1,0,tick,1,0,3,1000,1000000,1000,0,0,0,0,1000000000,1000000000,,,,0,,,,,41000,23000,41000,41,0,,armed,377000,blocked,41000,23000,41000,41,0,,parked,,blocked
377000,1,3,518,3,2,tick,0,0,3,1000,1000000,1000,0,0,0,0,1000000000,1000000000,1000000000,,,0,,,,,47000,10000,47000,47,1000000000000,,armed,377000,blocked,47000,10000,47000,47,2000000000000,,armed,378000,blocked
378000,1,3,519,3,2,tick,0,0,3,1000,1000000,1000,0,0,0,0,1000000000,1000000000,1000000000,,,0,,,,,47000,10000,47000,47,2000000000000,,armed,378000,blocked,47000,10000,47000,47,3000000000000,,armed,379000,blocked
379000,1,3,520,3,2,tick,0,0,3,1000,1000000,1000,0,0,0,0,1000000000,1000000000,1000000000,,,0,,,,,47000,10000,47000,47,3000000000000,,armed,379000,blocked,47000,10000,47000,47,4000000000000,,armed,380000,blocked
380000,1,3,521,3,2,tick,0,0,3,1000,1000000,1000,0,0,0,0,1000000000,1000000000,1000000000,,,0,,,,,47000,10000,47000,47,4000000000000,,armed,380000,blocked,47000,10000,47000,47,5000000000000,,armed,381000,blocked
381000,1,3,522,3,2,tick,0,0,3,1000,1000000,1000,0,0,0,0,1000000000,1000000000,1000000000,,,0,,,,,47000,10000,47000,47,5000000000000,,armed,381000,blocked,47000,10000,47000,47,6000000000000,,armed,382000,blocked
382000,1,3,523,3,2,tick,0,0,3,1000,1000000,1000,0,0,0,0,1000000000,1000000000,1000000000,,,0,,,,,47000,10000,47000,47,6000000000000,,armed,382000,blocked,47000,10000,47000,47,7000000000000,,armed,383000,scheduled
383000,1,3,524,3,2,tick,0,0,3,1000,1000000,1000,0,0,0,0,1000000000,1000000000,1000000000,,,1,47000,1000,0,675,47000,10000,47000,47,7000000000000,,armed,383000,scheduled,48000,10000,48000,48,0,,armed,384000,blocked
384000,1,3,525,3,2,tick,0,0,3,1000,1000000,1000,0,0,0,0,1000000000,1000000000,1000000000,,,0,,,,,48000,10000,48000,48,0,,armed,384000,blocked,48000,10000,48000,48,1000000000000,,armed,385000,blocked
385000,1,3,529,3,2,tick,0,0,3,1000,1000000,1000,0,0,0,0,1000000000,1000000000,1000000000,,,0,,,,,48000,10000,48000,48,1000000000000,,armed,385000,blocked,48000,10000,48000,48,2000000000000,,armed,386000,blocked
385048,0,9,35,2,1,ack,0,0,3,1000,1000000,1000,0,0,0,0,1000000000,1000000000,,12000,0,0,,,,,41000,11000,41000,41,0,,parked,,blocked,41000,12000,41000,41,0,,armed,386000,blocked
386000,1,2,453,2,1,tick,1,0,3,1000,1000000,1000,0,0,0,0,1000000000,1000000000,,,,0,,,,,41000,12000,41000,41,0,,armed,386000,blocked,41000,12000,41000,41,0,,parked,,blocked
386000,1,3,530,3,2,tick,0,0,3,1000,1000000,1000,0,0,0,0,1000000000,1000000000,1000000000,,,0,,,,,48000,10000,48000,48,2000000000000,,armed,386000,blocked,48000,10000,48000,48,3000000000000,,armed,387000,blocked
387000,1,3,531,3,2,tick,0,0,3,1000,1000000,1000,0,0,0,0,1000000000,1000000000,1000000000,,,0,,,,,48000,10000,48000,48,3000000000000,,armed,387000,blocked,48000,10000,48000,48,4000000000000,,armed,388000,blocked
388000,1,3,532,3,2,tick,0,0,3,1000,1000000,1000,0,0,0,0,1000000000,1000000000,1000000000,,,0,,,,,48000,10000,48000,48,4000000000000,,armed,388000,blocked,48000,10000,48000,48,5000000000000,,armed,389000,blocked
389000,1,3,533,3,2,tick,0,0,3,1000,1000000,1000,0,0,0,0,1000000000,1000000000,1000000000,,,0,,,,,48000,10000,48000,48,5000000000000,,armed,389000,blocked,48000,10000,48000,48,6000000000000,,armed,390000,blocked
390000,1,3,534,3,2,tick,0,0,3,1000,1000000,1000,0,0,0,0,1000000000,1000000000,1000000000,,,0,,,,,48000,10000,48000,48,6000000000000,,armed,390000,blocked,48000,10000,48000,48,7000000000000,,armed,391000,scheduled
391000,1,3,535,3,2,tick,0,0,3,1000,1000000,1000,0,0,0,0,1000000000,1000000000,1000000000,,,1,48000,1000,0,689,48000,10000,48000,48,7000000000000,,armed,391000,scheduled,49000,10000,49000,49,0,,armed,392000,blocked
392000,1,3,536,3,2,tick,0,0,3,1000,1000000,1000,0,0,0,0,1000000000,1000000000,1000000000,,,0,,,,,49000,10000,49000,49,0,,armed,392000,blocked,49000,10000,49000,49,1000000000000,,armed,393000,blocked
392536,0,6,71,1,0,ack,0,0,3,1000,1000000,1000,0,0,0,0,1000000000,1000000000,,24000,0,0,,,,,41000,23000,41000,41,0,,parked,,blocked,41000,24000,41000,41,0,,armed,393000,blocked
393000,1,1,456,1,0,tick,1,0,3,1000,1000000,1000,0,0,0,0,1000000000,1000000000,,,,0,,,,,41000,24000,41000,41,0,,armed,393000,blocked,41000,24000,41000,41,0,,parked,,blocked
393000,1,3,540,3,2,tick,0,0,3,1000,1000000,1000,0,0,0,0,1000000000,1000000000,1000000000,,,0,,,,,49000,10000,49000,49,1000000000000,,armed,393000,blocked,49000,10000,49000,49,2000000000000,,armed,394000,blocked
394000,1,3,541,3,2,tick,0,0,3,1000,1000000,1000,0,0,0,0,1000000000,1000000000,1000000000,,,0,,,,,49000,10000,49000,49,2000000000000,,armed,394000,blocked,49000,10000,49000,49,3000000000000,,armed,395000,blocked
395000,1,3,542,3,2,tick,0,0,3,1000,1000000,1000,0,0,0,0,1000000000,1000000000,1000000000,,,0,,,,,49000,10000,49000,49,3000000000000,,armed,395000,blocked,49000,10000,49000,49,4000000000000,,armed,396000,blocked
396000,1,3,543,3,2,tick,0,0,3,1000,1000000,1000,0,0,0,0,1000000000,1000000000,1000000000,,,0,,,,,49000,10000,49000,49,4000000000000,,armed,396000,blocked,49000,10000,49000,49,5000000000000,,armed,397000,blocked
397000,1,3,544,3,2,tick,0,0,3,1000,1000000,1000,0,0,0,0,1000000000,1000000000,1000000000,,,0,,,,,49000,10000,49000,49,5000000000000,,armed,397000,blocked,49000,10000,49000,49,6000000000000,,armed,398000,blocked
398000,1,3,545,3,2,tick,0,0,3,1000,1000000,1000,0,0,0,0,1000000000,1000000000,1000000000,,,0,,,,,49000,10000,49000,49,6000000000000,,armed,398000,blocked,49000,10000,49000,49,7000000000000,,armed,399000,scheduled
399000,1,3,546,3,2,tick,0,0,3,1000,1000000,1000,0,0,0,0,1000000000,1000000000,1000000000,,,1,49000,1000,0,703,49000,10000,49000,49,7000000000000,,armed,399000,scheduled,50000,10000,50000,50,0,,armed,400000,blocked
400000,1,3,547,3,2,tick,0,0,3,1000,1000000,1000,0,0,0,0,1000000000,1000000000,1000000000,,,0,,,,,50000,10000,50000,50,0,,armed,400000,blocked,50000,10000,50000,50,1000000000000,,armed,401000,blocked
401000,1,3,551,3,2,tick,0,0,3,1000,1000000,1000,0,0,0,0,1000000000,1000000000,1000000000,,,0,,,,,50000,10000,50000,50,1000000000000,,armed,401000,blocked,50000,10000,50000,50,2000000000000,,armed,402000,blocked
401560,0,12,32,3,2,ack,0,0,3,1000,1000000,1000,0,0,0,0,1000000000,1000000000,,11000,0,0,,,,,50000,10000,50000,50,2000000000000,,armed,402000,blocked,50000,11000,50000,50,2000000000000,,armed,402000,blocked
402000,1,3,552,3,2,tick,0,0,3,1000,1000000,1000,0,0,0,0,1000000000,1000000000,1000000000,,,0,,,,,50000,11000,50000,50,2000000000000,,armed,402000,blocked,50000,11000,50000,50,3000000000000,,armed,403000,blocked
403000,1,3,553,3,2,tick,0,0,3,1000,1000000,1000,0,0,0,0,1000000000,1000000000,1000000000,,,0,,,,,50000,11000,50000,50,3000000000000,,armed,403000,blocked,50000,11000,50000,50,4000000000000,,armed,404000,blocked
404000,1,3,554,3,2,tick,0,0,3,1000,1000000,1000,0,0,0,0,1000000000,1000000000,1000000000,,,0,,,,,50000,11000,50000,50,4000000000000,,armed,404000,blocked,50000,11000,50000,50,5000000000000,,armed,405000,blocked
405000,1,3,555,3,2,tick,0,0,3,1000,1000000,1000,0,0,0,0,1000000000,1000000000,1000000000,,,0,,,,,50000,11000,50000,50,5000000000000,,armed,405000,blocked,50000,11000,50000,50,6000000000000,,armed,406000,blocked
406000,1,3,556,3,2,tick,0,0,3,1000,1000000,1000,0,0,0,0,1000000000,1000000000,1000000000,,,0,,,,,50000,11000,50000,50,6000000000000,,armed,406000,blocked,50000,11000,50000,50,7000000000000,,armed,407000,scheduled
407000,1,3,557,3,2,tick,0,0,3,1000,1000000,1000,0,0,0,0,1000000000,1000000000,1000000000,,,1,50000,1000,0,717,50000,11000,50000,50,7000000000000,,armed,407000,scheduled,51000,11000,51000,51,0,,armed,408000,blocked
408000,1,3,558,3,2,tick,0,0,3,1000,1000000,1000,0,0,0,0,1000000000,1000000000,1000000000,,,0,,,,,51000,11000,51000,51,0,,armed,408000,blocked,51000,11000,51000,51,1000000000000,,armed,409000,blocked
408536,0,6,74,1,0,ack,0,0,3,1000,1000000,1000,0,0,0,0,1000000000,1000000000,,25000,0,0,,,,,41000,24000,41000,41,0,,parked,,blocked,41000,25000,41000,41,0,,armed,409000,blocked
409000,1,1,457,1,0,tick,1,0,3,1000,1000000,1000,0,0,0,0,1000000000,1000000000,,,,0,,,,,41000,25000,41000,41,0,,armed,409000,blocked,41000,25000,41000,41,0,,parked,,blocked
409000,1,3,562,3,2,tick,0,0,3,1000,1000000,1000,0,0,0,0,1000000000,1000000000,1000000000,,,0,,,,,51000,11000,51000,51,1000000000000,,armed,409000,blocked,51000,11000,51000,51,2000000000000,,armed,410000,blocked
410000,1,3,563,3,2,tick,0,0,3,1000,1000000,1000,0,0,0,0,1000000000,1000000000,1000000000,,,0,,,,,51000,11000,51000,51,2000000000000,,armed,410000,blocked,51000,11000,51000,51,3000000000000,,armed,411000,blocked
411000,1,3,564,3,2,tick,0,0,3,1000,1000000,1000,0,0,0,0,1000000000,1000000000,1000000000,,,0,,,,,51000,11000,51000,51,3000000000000,,armed,411000,blocked,51000,11000,51000,51,4000000000000,,armed,412000,blocked
412000,1,3,565,3,2,tick,0,0,3,1000,1000000,1000,0,0,0,0,1000000000,1000000000,1000000000,,,0,,,,,51000,11000,51000,51,4000000000000,,armed,412000,blocked,51000,11000,51000,51,5000000000000,,armed,413000,blocked
413000,1,3,566,3,2,tick,0,0,3,1000,1000000,1000,0,0,0,0,1000000000,1000000000,1000000000,,,0,,,,,51000,11000,51000,51,5000000000000,,armed,413000,blocked,51000,11000,51000,51,6000000000000,,armed,414000,blocked
414000,1,3,567,3,2,tick,0,0,3,1000,1000000,1000,0,0,0,0,1000000000,1000000000,1000000000,,,0,,,,,51000,11000,51000,51,6000000000000,,armed,414000,blocked,51000,11000,51000,51,7000000000000,,armed,415000,scheduled
415000,1,3,568,3,2,tick,0,0,3,1000,1000000,1000,0,0,0,0,1000000000,1000000000,1000000000,,,1,51000,1000,0,731,51000,11000,51000,51,7000000000000,,armed,415000,scheduled,52000,11000,52000,52,0,,armed,416000,blocked
416000,1,3,569,3,2,tick,0,0,3,1000,1000000,1000,0,0,0,0,1000000000,1000000000,1000000000,,,0,,,,,52000,11000,52000,52,0,,armed,416000,blocked,52000,11000,52000,52,1000000000000,,armed,417000,blocked
417000,1,3,573,3,2,tick,0,0,3,1000,1000000,1000,0,0,0,0,1000000000,1000000000,1000000000,,,0,,,,,52000,11000,52000,52,1000000000000,,armed,417000,blocked,52000,11000,52000,52,2000000000000,,armed,418000,blocked
417048,0,9,38,2,1,ack,0,0,3,1000,1000000,1000,0,0,0,0,1000000000,1000000000,,13000,0,0,,,,,41000,12000,41000,41,0,,parked,,blocked,41000,13000,41000,41,0,,armed,418000,blocked
418000,1,2,454,2,1,tick,1,0,3,1000,1000000,1000,0,0,0,0,1000000000,1000000000,,,,0,,,,,41000,13000,41000,41,0,,armed,418000,blocked,41000,13000,41000,41,0,,parked,,blocked
418000,1,3,574,3,2,tick,0,0,3,1000,1000000,1000,0,0,0,0,1000000000,1000000000,1000000000,,,0,,,,,52000,11000,52000,52,2000000000000,,armed,418000,blocked,52000,11000,52000,52,3000000000000,,armed,419000,blocked
419000,1,3,575,3,2,tick,0,0,3,1000,1000000,1000,0,0,0,0,1000000000,1000000000,1000000000,,,0,,,,,52000,11000,52000,52,3000000000000,,armed,419000,blocked,52000,11000,52000,52,4000000000000,,armed,420000,blocked
420000,1,3,576,3,2,tick,0,0,3,1000,1000000,1000,0,0,0,0,1000000000,1000000000,1000000000,,,0,,,,,52000,11000,52000,52,4000000000000,,armed,420000,blocked,52000,11000,52000,52,5000000000000,,armed,421000,blocked
421000,1,3,577,3,2,tick,0,0,3,1000,1000000,1000,0,0,0,0,1000000000,1000000000,1000000000,,,0,,,,,52000,11000,52000,52,5000000000000,,armed,421000,blocked,52000,11000,52000,52,6000000000000,,armed,422000,blocked
422000,1,3,578,3,2,tick,0,0,3,1000,1000000,1000,0,0,0,0,1000000000,1000000000,1000000000,,,0,,,,,52000,11000,52000,52,6000000000000,,armed,422000,blocked,52000,11000,52000,52,7000000000000,,armed,423000,scheduled
423000,1,3,579,3,2,tick,0,0,3,1000,1000000,1000,0,0,0,0,1000000000,1000000000,1000000000,,,1,52000,1000,0,745,52000,11000,52000,52,7000000000000,,armed,423000,scheduled,53000,11000,53000,53,0,,armed,424000,blocked
424000,1,3,580,3,2,tick,0,0,3,1000,1000000,1000,0,0,0,0,1000000000,1000000000,1000000000,,,0,,,,,53000,11000,53000,53,0,,armed,424000,blocked,53000,11000,53000,53,1000000000000,,armed,425000,blocked
424536,0,6,77,1,0,ack,0,0,3,1000,1000000,1000,0,0,0,0,1000000000,1000000000,,26000,0,0,,,,,41000,25000,41000,41,0,,parked,,blocked,41000,26000,41000,41,0,,armed,425000,blocked
425000,1,1,458,1,0,tick,1,0,3,1000,1000000,1000,0,0,0,0,1000000000,1000000000,,,,0,,,,,41000,26000,41000,41,0,,armed,425000,blocked,41000,26000,41000,41,0,,parked,,blocked
425000,1,3,584,3,2,tick,0,0,3,1000,1000000,1000,0,0,0,0,1000000000,1000000000,1000000000,,,0,,,,,53000,11000,53000,53,1000000000000,,armed,425000,blocked,53000,11000,53000,53,2000000000000,,armed,426000,blocked
426000,1,3,585,3,2,tick,0,0,3,1000,1000000,1000,0,0,0,0,1000000000,1000000000,1000000000,,,0,,,,,53000,11000,53000,53,2000000000000,,armed,426000,blocked,53000,11000,53000,53,3000000000000,,armed,427000,blocked
427000,1,3,586,3,2,tick,0,0,3,1000,1000000,1000,0,0,0,0,1000000000,1000000000,1000000000,,,0,,,,,53000,11000,53000,53,3000000000000,,armed,427000,blocked,53000,11000,53000,53,4000000000000,,armed,428000,blocked
428000,1,3,587,3,2,tick,0,0,3,1000,1000000,1000,0,0,0,0,1000000000,1000000000,1000000000,,,0,,,,,53000,11000,53000,53,4000000000000,,armed,428000,blocked,53000,11000,53000,53,5000000000000,,armed,429000,blocked
429000,1,3,588,3,2,tick,0,0,3,1000,1000000,1000,0,0,0,0,1000000000,1000000000,1000000000,,,0,,,,,53000,11000,53000,53,5000000000000,,armed,429000,blocked,53000,11000,53000,53,6000000000000,,armed,430000,blocked
430000,1,3,589,3,2,tick,0,0,3,1000,1000000,1000,0,0,0,0,1000000000,1000000000,1000000000,,,0,,,,,53000,11000,53000,53,6000000000000,,armed,430000,blocked,53000,11000,53000,53,7000000000000,,armed,431000,scheduled
431000,1,3,590,3,2,tick,0,0,3,1000,1000000,1000,0,0,0,0,1000000000,1000000000,1000000000,,,1,53000,1000,0,759,53000,11000,53000,53,7000000000000,,armed,431000,scheduled,54000,11000,54000,54,0,,armed,432000,blocked
432000,1,3,591,3,2,tick,0,0,3,1000,1000000,1000,0,0,0,0,1000000000,1000000000,1000000000,,,0,,,,,54000,11000,54000,54,0,,armed,432000,blocked,54000,11000,54000,54,1000000000000,,armed,433000,blocked
433000,1,3,595,3,2,tick,0,0,3,1000,1000000,1000,0,0,0,0,1000000000,1000000000,1000000000,,,0,,,,,54000,11000,54000,54,1000000000000,,armed,433000,blocked,54000,11000,54000,54,2000000000000,,armed,434000,blocked
433560,0,12,35,3,2,ack,0,0,3,1000,1000000,1000,0,0,0,0,1000000000,1000000000,,12000,0,0,,,,,54000,11000,54000,54,2000000000000,,armed,434000,blocked,54000,12000,54000,54,2000000000000,,armed,434000,blocked
434000,1,3,596,3,2,tick,0,0,3,1000,1000000,1000,0,0,0,0,1000000000,1000000000,1000000000,,,0,,,,,54000,12000,54000,54,2000000000000,,armed,434000,blocked,54000,12000,54000,54,3000000000000,,armed,435000,blocked
435000,1,3,597,3,2,tick,0,0,3,1000,1000000,1000,0,0,0,0,1000000000,1000000000,1000000000,,,0,,,,,54000,12000,54000,54,3000000000000,,armed,435000,blocked,54000,12000,54000,54,4000000000000,,armed,436000,blocked
436000,1,3,598,3,2,tick,0,0,3,1000,1000000,1000,0,0,0,0,1000000000,1000000000,1000000000,,,0,,,,,54000,12000,54000,54,4000000000000,,armed,436000,blocked,54000,12000,54000,54,5000000000000,,armed,437000,blocked
437000,1,3,599,3,2,tick,0,0,3,1000,1000000,1000,0,0,0,0,1000000000,1000000000,1000000000,,,0,,,,,54000,12000,54000,54,5000000000000,,armed,437000,blocked,54000,12000,54000,54,6000000000000,,armed,438000,blocked
438000,1,3,600,3,2,tick,0,0,3,1000,1000000,1000,0,0,0,0,1000000000,1000000000,1000000000,,,0,,,,,54000,12000,54000,54,6000000000000,,armed,438000,blocked,54000,12000,54000,54,7000000000000,,armed,439000,scheduled
439000,1,3,601,3,2,tick,0,0,3,1000,1000000,1000,0,0,0,0,1000000000,1000000000,1000000000,,,1,54000,1000,0,773,54000,12000,54000,54,7000000000000,,armed,439000,scheduled,55000,12000,55000,55,0,,armed,440000,blocked
440000,1,3,602,3,2,tick,0,0,3,1000,1000000,1000,0,0,0,0,1000000000,1000000000,1000000000,,,0,,,,,55000,12000,55000,55,0,,armed,440000,blocked,55000,12000,55000,55,1000000000000,,armed,441000,blocked
440536,0,6,80,1,0,ack,0,0,3,1000,1000000,1000,0,0,0,0,1000000000,1000000000,,27000,0,0,,,,,41000,26000,41000,41,0,,parked,,blocked,41000,27000,41000,41,0,,armed,441000,blocked
441000,1,1,459,1,0,tick,1,0,3,1000,1000000,1000,0,0,0,0,1000000000,1000000000,,,,0,,,,,41000,27000,41000,41,0,,armed,441000,blocked,41000,27000,41000,41,0,,parked,,blocked
441000,1,3,606,3,2,tick,0,0,3,1000,1000000,1000,0,0,0,0,1000000000,1000000000,1000000000,,,0,,,,,55000,12000,55000,55,1000000000000,,armed,441000,blocked,55000,12000,55000,55,2000000000000,,armed,442000,blocked
442000,1,3,607,3,2,tick,0,0,3,1000,1000000,1000,0,0,0,0,1000000000,1000000000,1000000000,,,0,,,,,55000,12000,55000,55,2000000000000,,armed,442000,blocked,55000,12000,55000,55,3000000000000,,armed,443000,blocked
443000,1,3,608,3,2,tick,0,0,3,1000,1000000,1000,0,0,0,0,1000000000,1000000000,1000000000,,,0,,,,,55000,12000,55000,55,3000000000000,,armed,443000,blocked,55000,12000,55000,55,4000000000000,,armed,444000,blocked
444000,1,3,609,3,2,tick,0,0,3,1000,1000000,1000,0,0,0,0,1000000000,1000000000,1000000000,,,0,,,,,55000,12000,55000,55,4000000000000,,armed,444000,blocked,55000,12000,55000,55,5000000000000,,armed,445000,blocked
445000,1,3,610,3,2,tick,0,0,3,1000,1000000,1000,0,0,0,0,1000000000,1000000000,1000000000,,,0,,,,,55000,12000,55000,55,5000000000000,,armed,445000,blocked,55000,12000,55000,55,6000000000000,,armed,446000,blocked
446000,1,3,611,3,2,tick,0,0,3,1000,1000000,1000,0,0,0,0,1000000000,1000000000,1000000000,,,0,,,,,55000,12000,55000,55,6000000000000,,armed,446000,blocked,55000,12000,55000,55,7000000000000,,armed,447000,scheduled
447000,1,3,612,3,2,tick,0,0,3,1000,1000000,1000,0,0,0,0,1000000000,1000000000,1000000000,,,1,55000,1000,0,787,55000,12000,55000,55,7000000000000,,armed,447000,scheduled,56000,12000,56000,56,0,,armed,448000,blocked
448000,1,3,613,3,2,tick,0,0,3,1000,1000000,1000,0,0,0,0,1000000000,1000000000,1000000000,,,0,,,,,56000,12000,56000,56,0,,armed,448000,blocked,56000,12000,56000,56,1000000000000,,armed,449000,blocked
449000,1,3,617,3,2,tick,0,0,3,1000,1000000,1000,0,0,0,0,1000000000,1000000000,1000000000,,,0,,,,,56000,12000,56000,56,1000000000000,,armed,449000,blocked,56000,12000,56000,56,2000000000000,,armed,450000,blocked
449048,0,9,41,2,1,ack,0,0,3,1000,1000000,1000,0,0,0,0,1000000000,1000000000,,14000,0,0,,,,,41000,13000,41000,41,0,,parked,,blocked,41000,14000,41000,41,0,,armed,450000,blocked
450000,1,2,455,2,1,tick,1,0,3,1000,1000000,1000,0,0,0,0,1000000000,1000000000,,,,0,,,,,41000,14000,41000,41,0,,armed,450000,blocked,41000,14000,41000,41,0,,parked,,blocked
450000,1,3,618,3,2,tick,0,0,3,1000,1000000,1000,0,0,0,0,1000000000,1000000000,1000000000,,,0,,,,,56000,12000,56000,56,2000000000000,,armed,450000,blocked,56000,12000,56000,56,3000000000000,,armed,451000,blocked
451000,1,3,619,3,2,tick,0,0,3,1000,1000000,1000,0,0,0,0,1000000000,1000000000,1000000000,,,0,,,,,56000,12000,56000,56,3000000000000,,armed,451000,blocked,56000,12000,56000,56,4000000000000,,armed,452000,blocked
452000,1,3,620,3,2,tick,0,0,3,1000,1000000,1000,0,0,0,0,1000000000,1000000000,1000000000,,,0,,,,,56000,12000,56000,56,4000000000000,,armed,452000,blocked,56000,12000,56000,56,5000000000000,,armed,453000,blocked
453000,1,3,621,3,2,tick,0,0,3,1000,1000000,1000,0,0,0,0,1000000000,1000000000,1000000000,,,0,,,,,56000,12000,56000,56,5000000000000,,armed,453000,blocked,56000,12000,56000,56,6000000000000,,armed,454000,blocked
454000,1,3,622,3,2,tick,0,0,3,1000,1000000,1000,0,0,0,0,1000000000,1000000000,1000000000,,,0,,,,,56000,12000,56000,56,6000000000000,,armed,454000,blocked,56000,12000,56000,56,7000000000000,,armed,455000,scheduled
455000,1,3,623,3,2,tick,0,0,3,1000,1000000,1000,0,0,0,0,1000000000,1000000000,1000000000,,,1,56000,1000,0,801,56000,12000,56000,56,7000000000000,,armed,455000,scheduled,57000,12000,57000,57,0,,armed,456000,blocked
456000,1,3,624,3,2,tick,0,0,3,1000,1000000,1000,0,0,0,0,1000000000,1000000000,1000000000,,,0,,,,,57000,12000,57000,57,0,,armed,456000,blocked,57000,12000,57000,57,1000000000000,,armed,457000,blocked
456536,0,6,83,1,0,ack,0,0,3,1000,1000000,1000,0,0,0,0,1000000000,1000000000,,28000,0,0,,,,,41000,27000,41000,41,0,,parked,,blocked,41000,28000,41000,41,0,,armed,457000,blocked
457000,1,1,460,1,0,tick,1,0,3,1000,1000000,1000,0,0,0,0,1000000000,1000000000,,,,0,,,,,41000,28000,41000,41,0,,armed,457000,blocked,41000,28000,41000,41,0,,parked,,blocked
457000,1,3,628,3,2,tick,0,0,3,1000,1000000,1000,0,0,0,0,1000000000,1000000000,1000000000,,,0,,,,,57000,12000,57000,57,1000000000000,,armed,457000,blocked,57000,12000,57000,57,2000000000000,,armed,458000,blocked
458000,1,3,629,3,2,tick,0,0,3,1000,1000000,1000,0,0,0,0,1000000000,1000000000,1000000000,,,0,,,,,57000,12000,57000,57,2000000000000,,armed,458000,blocked,57000,12000,57000,57,3000000000000,,armed,459000,blocked
459000,1,3,630,3,2,tick,0,0,3,1000,1000000,1000,0,0,0,0,1000000000,1000000000,1000000000,,,0,,,,,57000,12000,57000,57,3000000000000,,armed,459000,blocked,57000,12000,57000,57,4000000000000,,armed,460000,blocked
460000,1,3,631,3,2,tick,0,0,3,1000,1000000,1000,0,0,0,0,1000000000,1000000000,1000000000,,,0,,,,,57000,12000,57000,57,4000000000000,,armed,460000,blocked,57000,12000,57000,57,5000000000000,,armed,461000,blocked
461000,1,3,632,3,2,tick,0,0,3,1000,1000000,1000,0,0,0,0,1000000000,1000000000,1000000000,,,0,,,,,57000,12000,57000,57,5000000000000,,armed,461000,blocked,57000,12000,57000,57,6000000000000,,armed,462000,blocked
462000,1,3,633,3,2,tick,0,0,3,1000,1000000,1000,0,0,0,0,1000000000,1000000000,1000000000,,,0,,,,,57000,12000,57000,57,6000000000000,,armed,462000,blocked,57000,12000,57000,57,7000000000000,,armed,463000,scheduled
463000,1,3,634,3,2,tick,0,0,3,1000,1000000,1000,0,0,0,0,1000000000,1000000000,1000000000,,,1,57000,1000,0,815,57000,12000,57000,57,7000000000000,,armed,463000,scheduled,58000,12000,58000,58,0,,armed,464000,blocked
464000,1,3,635,3,2,tick,0,0,3,1000,1000000,1000,0,0,0,0,1000000000,1000000000,1000000000,,,0,,,,,58000,12000,58000,58,0,,armed,464000,blocked,58000,12000,58000,58,1000000000000,,armed,465000,blocked
465000,1,3,639,3,2,tick,0,0,3,1000,1000000,1000,0,0,0,0,1000000000,1000000000,1000000000,,,0,,,,,58000,12000,58000,58,1000000000000,,armed,465000,blocked,58000,12000,58000,58,2000000000000,,armed,466000,blocked
465560,0,12,38,3,2,ack,0,0,3,1000,1000000,1000,0,0,0,0,1000000000,1000000000,,13000,0,0,,,,,58000,12000,58000,58,2000000000000,,armed,466000,blocked,58000,13000,58000,58,2000000000000,,armed,466000,blocked
466000,1,3,640,3,2,tick,0,0,3,1000,1000000,1000,0,0,0,0,1000000000,1000000000,1000000000,,,0,,,,,58000,13000,58000,58,2000000000000,,armed,466000,blocked,58000,13000,58000,58,3000000000000,,armed,467000,blocked
467000,1,3,641,3,2,tick,0,0,3,1000,1000000,1000,0,0,0,0,1000000000,1000000000,1000000000,,,0,,,,,58000,13000,58000,58,3000000000000,,armed,467000,blocked,58000,13000,58000,58,4000000000000,,armed,468000,blocked
468000,1,3,642,3,2,tick,0,0,3,1000,1000000,1000,0,0,0,0,1000000000,1000000000,1000000000,,,0,,,,,58000,13000,58000,58,4000000000000,,armed,468000,blocked,58000,13000,58000,58,5000000000000,,armed,469000,blocked
469000,1,3,643,3,2,tick,0,0,3,1000,1000000,1000,0,0,0,0,1000000000,1000000000,1000000000,,,0,,,,,58000,13000,58000,58,5000000000000,,armed,469000,blocked,58000,13000,58000,58,6000000000000,,armed,470000,blocked
470000,1,3,644,3,2,tick,0,0,3,1000,1000000,1000,0,0,0,0,1000000000,1000000000,1000000000,,,0,,,,,58000,13000,58000,58,6000000000000,,armed,470000,blocked,58000,13000,58000,58,7000000000000,,armed,471000,scheduled
471000,1,3,645,3,2,tick,0,0,3,1000,1000000,1000,0,0,0,0,1000000000,1000000000,1000000000,,,1,58000,1000,0,829,58000,13000,58000,58,7000000000000,,armed,471000,scheduled,59000,13000,59000,59,0,,armed,472000,blocked
472000,1,3,646,3,2,tick,0,0,3,1000,1000000,1000,0,0,0,0,1000000000,1000000000,1000000000,,,0,,,,,59000,13000,59000,59,0,,armed,472000,blocked,59000,13000,59000,59,1000000000000,,armed,473000,blocked
472536,0,6,86,1,0,ack,0,0,3,1000,1000000,1000,0,0,0,0,1000000000,1000000000,,29000,0,0,,,,,41000,28000,41000,41,0,,parked,,blocked,41000,29000,41000,41,0,,armed,473000,blocked
473000,1,1,461,1,0,tick,1,0,3,1000,1000000,1000,0,0,0,0,1000000000,1000000000,,,,0,,,,,41000,29000,41000,41,0,,armed,473000,blocked,41000,29000,41000,41,0,,parked,,blocked
473000,1,3,650,3,2,tick,0,0,3,1000,1000000,1000,0,0,0,0,1000000000,1000000000,1000000000,,,0,,,,,59000,13000,59000,59,1000000000000,,armed,473000,blocked,59000,13000,59000,59,2000000000000,,armed,474000,blocked
474000,1,3,651,3,2,tick,0,0,3,1000,1000000,1000,0,0,0,0,1000000000,1000000000,1000000000,,,0,,,,,59000,13000,59000,59,2000000000000,,armed,474000,blocked,59000,13000,59000,59,3000000000000,,armed,475000,blocked
475000,1,3,652,3,2,tick,0,0,3,1000,1000000,1000,0,0,0,0,1000000000,1000000000,1000000000,,,0,,,,,59000,13000,59000,59,3000000000000,,armed,475000,blocked,59000,13000,59000,59,4000000000000,,armed,476000,blocked
476000,1,3,653,3,2,tick,0,0,3,1000,1000000,1000,0,0,0,0,1000000000,1000000000,1000000000,,,0,,,,,59000,13000,59000,59,4000000000000,,armed,476000,blocked,59000,13000,59000,59,5000000000000,,armed,477000,blocked
477000,1,3,654,3,2,tick,0,0,3,1000,1000000,1000,0,0,0,0,1000000000,1000000000,1000000000,,,0,,,,,59000,13000,59000,59,5000000000000,,armed,477000,blocked,59000,13000,59000,59,6000000000000,,armed,478000,blocked
478000,1,3,655,3,2,tick,0,0,3,1000,1000000,1000,0,0,0,0,1000000000,1000000000,1000000000,,,0,,,,,59000,13000,59000,59,6000000000000,,armed,478000,blocked,59000,13000,59000,59,7000000000000,,armed,479000,scheduled
479000,1,3,656,3,2,tick,0,0,3,1000,1000000,1000,0,0,0,0,1000000000,1000000000,1000000000,,,1,59000,1000,0,843,59000,13000,59000,59,7000000000000,,armed,479000,scheduled,60000,13000,60000,60,0,,armed,480000,blocked
480000,1,3,657,3,2,tick,1,0,3,1000,1000000,1000,0,0,0,0,1000000000,1000000000,,,,0,,,,,60000,13000,60000,60,0,,armed,480000,blocked,60000,13000,60000,60,0,,parked,,blocked
481048,0,9,44,2,1,ack,0,0,3,1000,1000000,1000,0,0,0,0,1000000000,1000000000,,15000,0,0,,,,,41000,14000,41000,41,0,,parked,,blocked,41000,15000,41000,41,0,,armed,482000,blocked
482000,1,2,456,2,1,tick,1,0,3,1000,1000000,1000,0,0,0,0,1000000000,1000000000,,,,0,,,,,41000,15000,41000,41,0,,armed,482000,blocked,41000,15000,41000,41,0,,parked,,blocked
487512,0,7,181,1,0,resume,0,0,3,1000,1000000,1000,0,0,0,0,1000000000,1000000000,,,,0,,,,,41000,29000,41000,41,0,,parked,,blocked,41000,29000,41000,41,0,,armed,488000,blocked
488000,1,1,462,1,0,tick,0,0,3,1000,1000000,1000,0,0,0,0,1000000000,1000000000,1000000000,,,0,,,,,41000,29000,41000,41,0,,armed,488000,blocked,41000,29000,41000,41,1000000000000,,armed,489000,blocked
488536,0,6,89,1,0,ack,0,0,3,1000,1000000,1000,0,0,0,0,1000000000,1000000000,,30000,0,0,,,,,41000,29000,41000,41,1000000000000,,armed,489000,blocked,41000,30000,41000,41,1000000000000,,armed,489000,blocked
489000,1,1,463,1,0,tick,0,0,3,1000,1000000,1000,0,0,0,0,1000000000,1000000000,1000000000,,,0,,,,,41000,30000,41000,41,1000000000000,,armed,489000,blocked,41000,30000,41000,41,2000000000000,,armed,490000,blocked
490000,1,1,464,1,0,tick,0,0,3,1000,1000000,1000,0,0,0,0,1000000000,1000000000,1000000000,,,0,,,,,41000,30000,41000,41,2000000000000,,armed,490000,blocked,41000,30000,41000,41,3000000000000,,armed,491000,blocked
491000,1,1,465,1,0,tick,0,0,3,1000,1000000,1000,0,0,0,0,1000000000,1000000000,1000000000,,,0,,,,,41000,30000,41000,41,3000000000000,,armed,491000,blocked,41000,30000,41000,41,4000000000000,,armed,492000,blocked
492000,1,1,466,1,0,tick,0,0,3,1000,1000000,1000,0,0,0,0,1000000000,1000000000,1000000000,,,0,,,,,41000,30000,41000,41,4000000000000,,armed,492000,blocked,41000,30000,41000,41,5000000000000,,armed,493000,blocked
493000,1,1,467,1,0,tick,0,0,3,1000,1000000,1000,0,0,0,0,1000000000,1000000000,1000000000,,,0,,,,,41000,30000,41000,41,5000000000000,,armed,493000,blocked,41000,30000,41000,41,6000000000000,,armed,494000,blocked
494000,1,1,468,1,0,tick,0,0,3,1000,1000000,1000,0,0,0,0,1000000000,1000000000,1000000000,,,0,,,,,41000,30000,41000,41,6000000000000,,armed,494000,blocked,41000,30000,41000,41,7000000000000,,armed,495000,scheduled
495000,1,1,469,1,0,tick,0,0,3,1000,1000000,1000,0,0,0,0,1000000000,1000000000,1000000000,,,1,41000,1000,0,589,41000,30000,41000,41,7000000000000,,armed,495000,scheduled,42000,30000,42000,42,0,,armed,496000,blocked
496000,1,1,470,1,0,tick,0,0,3,1000,1000000,1000,0,0,0,0,1000000000,1000000000,1000000000,,,0,,,,,42000,30000,42000,42,0,,armed,496000,blocked,42000,30000,42000,42,1000000000000,,armed,497000,blocked
497000,1,1,474,1,0,tick,0,0,3,1000,1000000,1000,0,0,0,0,1000000000,1000000000,1000000000,,,0,,,,,42000,30000,42000,42,1000000000000,,armed,497000,blocked,42000,30000,42000,42,2000000000000,,armed,498000,blocked
497560,0,12,41,3,2,ack,0,0,3,1000,1000000,1000,0,0,0,0,1000000000,1000000000,,14000,0,0,,,,,60000,13000,60000,60,0,,parked,,blocked,60000,14000,60000,60,0,,armed,498000,blocked
498000,1,1,475,1,0,tick,0,0,3,1000,1000000,1000,0,0,0,0,1000000000,1000000000,1000000000,,,0,,,,,42000,30000,42000,42,2000000000000,,armed,498000,blocked,42000,30000,42000,42,3000000000000,,armed,499000,blocked
498000,1,3,661,3,2,tick,1,0,3,1000,1000000,1000,0,0,0,0,1000000000,1000000000,,,,0,,,,,60000,14000,60000,60,0,,armed,498000,blocked,60000,14000,60000,60,0,,parked,,blocked
499000,1,1,476,1,0,tick,0,0,3,1000,1000000,1000,0,0,0,0,1000000000,1000000000,1000000000,,,0,,,,,42000,30000,42000,42,3000000000000,,armed,499000,blocked,42000,30000,42000,42,4000000000000,,armed,500000,blocked
500000,1,1,477,1,0,tick,0,0,3,1000,1000000,1000,0,0,0,0,1000000000,1000000000,1000000000,,,0,,,,,42000,30000,42000,42,4000000000000,,armed,500000,blocked,42000,30000,42000,42,5000000000000,,armed,501000,blocked
501000,1,1,478,1,0,tick,0,0,3,1000,1000000,1000,0,0,0,0,1000000000,1000000000,1000000000,,,0,,,,,42000,30000,42000,42,5000000000000,,armed,501000,blocked,42000,30000,42000,42,6000000000000,,armed,502000,blocked
502000,1,1,479,1,0,tick,0,0,3,1000,1000000,1000,0,0,0,0,1000000000,1000000000,1000000000,,,0,,,,,42000,30000,42000,42,6000000000000,,armed,502000,blocked,42000,30000,42000,42,7000000000000,,armed,503000,scheduled
503000,1,1,480,1,0,tick,0,0,3,1000,1000000,1000,0,0,0,0,1000000000,1000000000,1000000000,,,1,42000,1000,0,603,42000,30000,42000,42,7000000000000,,armed,503000,scheduled,43000,30000,43000,43,0,,armed,504000,blocked
504000,1,1,481,1,0,tick,0,0,3,1000,1000000,1000,0,0,0,0,1000000000,1000000000,1000000000,,,0,,,,,43000,30000,43000,43,0,,armed,504000,blocked,43000,30000,43000,43,1000000000000,,armed,505000,blocked
504536,0,6,92,1,0,ack,0,0,3,1000,1000000,1000,0,0,0,0,1000000000,1000000000,,31000,0,0,,,,,43000,30000,43000,43,1000000000000,,armed,505000,blocked,43000,31000,43000,43,1000000000000,,armed,505000,blocked
505000,1,1,485,1,0,tick,0,0,3,1000,1000000,1000,0,0,0,0,1000000000,1000000000,1000000000,,,0,,,,,43000,31000,43000,43,1000000000000,,armed,505000,blocked,43000,31000,43000,43,2000000000000,,armed,506000,blocked
506000,1,1,486,1,0,tick,0,0,3,1000,1000000,1000,0,0,0,0,1000000000,1000000000,1000000000,,,0,,,,,43000,31000,43000,43,2000000000000,,armed,506000,blocked,43000,31000,43000,43,3000000000000,,armed,507000,blocked
507000,1,1,487,1,0,tick,0,0,3,1000,1000000,1000,0,0,0,0,1000000000,1000000000,1000000000,,,0,,,,,43000,31000,43000,43,3000000000000,,armed,507000,blocked,43000,31000,43000,43,4000000000000,,armed,508000,blocked
508000,1,1,488,1,0,tick,0,0,3,1000,1000000,1000,0,0,0,0,1000000000,1000000000,1000000000,,,0,,,,,43000,31000,43000,43,4000000000000,,armed,508000,blocked,43000,31000,43000,43,5000000000000,,armed,509000,blocked
509000,1,1,489,1,0,tick,0,0,3,1000,1000000,1000,0,0,0,0,1000000000,1000000000,1000000000,,,0,,,,,43000,31000,43000,43,5000000000000,,armed,509000,blocked,43000,31000,43000,43,6000000000000,,armed,510000,blocked
510000,1,1,490,1,0,tick,0,0,3,1000,1000000,1000,0,0,0,0,1000000000,1000000000,1000000000,,,0,,,,,43000,31000,43000,43,6000000000000,,armed,510000,blocked,43000,31000,43000,43,7000000000000,,armed,511000,scheduled
511000,1,1,491,1,0,tick,0,0,3,1000,1000000,1000,0,0,0,0,1000000000,1000000000,1000000000,,,1,43000,1000,0,617,43000,31000,43000,43,7000000000000,,armed,511000,scheduled,44000,31000,44000,44,0,,armed,512000,blocked
512000,1,1,492,1,0,tick,0,0,3,1000,1000000,1000,0,0,0,0,1000000000,1000000000,1000000000,,,0,,,,,44000,31000,44000,44,0,,armed,512000,blocked,44000,31000,44000,44,1000000000000,,armed,513000,blocked
513000,1,1,496,1,0,tick,0,0,3,1000,1000000,1000,0,0,0,0,1000000000,1000000000,1000000000,,,0,,,,,44000,31000,44000,44,1000000000000,,armed,513000,blocked,44000,31000,44000,44,2000000000000,,armed,514000,blocked
513048,0,9,47,2,1,ack,0,0,3,1000,1000000,1000,0,0,0,0,1000000000,1000000000,,16000,0,0,,,,,41000,15000,41000,41,0,,parked,,blocked,41000,16000,41000,41,0,,armed,514000,blocked
514000,1,1,497,1,0,tick,0,0,3,1000,1000000,1000,0,0,0,0,1000000000,1000000000,1000000000,,,0,,,,,44000,31000,44000,44,2000000000000,,armed,514000,blocked,44000,31000,44000,44,3000000000000,,armed,515000,blocked
514000,1,2,457,2,1,tick,1,0,3,1000,1000000,1000,0,0,0,0,1000000000,1000000000,,,,0,,,,,41000,16000,41000,41,0,,armed,514000,blocked,41000,16000,41000,41,0,,parked,,blocked
515000,1,1,498,1,0,tick,0,0,3,1000,1000000,1000,0,0,0,0,1000000000,1000000000,1000000000,,,0,,,,,44000,31000,44000,44,3000000000000,,armed,515000,blocked,44000,31000,44000,44,4000000000000,,armed,516000,blocked
516000,1,1,499,1,0,tick,0,0,3,1000,1000000,1000,0,0,0,0,1000000000,1000000000,1000000000,,,0,,,,,44000,31000,44000,44,4000000000000,,armed,516000,blocked,44000,31000,44000,44,5000000000000,,armed,517000,blocked
517000,1,1,500,1,0,tick,0,0,3,1000,1000000,1000,0,0,0,0,1000000000,1000000000,1000000000,,,0,,,,,44000,31000,44000,44,5000000000000,,armed,517000,blocked,44000,31000,44000,44,6000000000000,,armed,518000,blocked
518000,1,1,501,1,0,tick,0,0,3,1000,1000000,1000,0,0,0,0,1000000000,1000000000,1000000000,,,0,,,,,44000,31000,44000,44,6000000000000,,armed,518000,blocked,44000,31000,44000,44,7000000000000,,armed,519000,scheduled
519000,1,1,502,1,0,tick,0,0,3,1000,1000000,1000,0,0,0,0,1000000000,1000000000,1000000000,,,1,44000,1000,0,631,44000,31000,44000,44,7000000000000,,armed,519000,scheduled,45000,31000,45000,45,0,,armed,520000,blocked
520000,1,1,503,1,0,tick,0,0,3,1000,1000000,1000,0,0,0,0,1000000000,1000000000,1000000000,,,0,,,,,45000,31000,45000,45,0,,armed,520000,blocked,45000,31000,45000,45,1000000000000,,armed,521000,blocked
520536,0,6,95,1,0,ack,0,0,3,1000,1000000,1000,0,0,0,0,1000000000,1000000000,,32000,0,0,,,,,45000,31000,45000,45,1000000000000,,armed,521000,blocked,45000,32000,45000,45,1000000000000,,armed,521000,blocked
521000,1,1,507,1,0,tick,0,0,3,1000,1000000,1000,0,0,0,0,1000000000,1000000000,1000000000,,,0,,,,,45000,32000,45000,45,1000000000000,,armed,521000,blocked,45000,32000,45000,45,2000000000000,,armed,522000,blocked
522000,1,1,508,1,0,tick,0,0,3,1000,1000000,1000,0,0,0,0,1000000000,1000000000,1000000000,,,0,,,,,45000,32000,45000,45,2000000000000,,armed,522000,blocked,45000,32000,45000,45,3000000000000,,armed,523000,blocked
523000,1,1,509,1,0,tick,0,0,3,1000,1000000,1000,0,0,0,0,1000000000,1000000000,1000000000,,,0,,,,,45000,32000,45000,45,3000000000000,,armed,523000,blocked,45000,32000,45000,45,4000000000000,,armed,524000,blocked
524000,1,1,510,1,0,tick,0,0,3,1000,1000000,1000,0,0,0,0,1000000000,1000000000,1000000000,,,0,,,,,45000,32000,45000,45,4000000000000,,armed,524000,blocked,45000,32000,45000,45,5000000000000,,armed,525000,blocked
525000,1,1,511,1,0,tick,0,0,3,1000,1000000,1000,0,0,0,0,1000000000,1000000000,1000000000,,,0,,,,,45000,32000,45000,45,5000000000000,,armed,525000,blocked,45000,32000,45000,45,6000000000000,,armed,526000,blocked
526000,1,1,512,1,0,tick,0,0,3,1000,1000000,1000,0,0,0,0,1000000000,1000000000,1000000000,,,0,,,,,45000,32000,45000,45,6000000000000,,armed,526000,blocked,45000,32000,45000,45,7000000000000,,armed,527000,scheduled
527000,1,1,513,1,0,tick,0,0,3,1000,1000000,1000,0,0,0,0,1000000000,1000000000,1000000000,,,1,45000,1000,0,645,45000,32000,45000,45,7000000000000,,armed,527000,scheduled,46000,32000,46000,46,0,,armed,528000,blocked
528000,1,1,514,1,0,tick,0,0,3,1000,1000000,1000,0,0,0,0,1000000000,1000000000,1000000000,,,0,,,,,46000,32000,46000,46,0,,armed,528000,blocked,46000,32000,46000,46,1000000000000,,armed,529000,blocked
529000,1,1,518,1,0,tick,0,0,3,1000,1000000,1000,0,0,0,0,1000000000,1000000000,1000000000,,,0,,,,,46000,32000,46000,46,1000000000000,,armed,529000,blocked,46000,32000,46000,46,2000000000000,,armed,530000,blocked
529560,0,12,44,3,2,ack,0,0,3,1000,1000000,1000,0,0,0,0,1000000000,1000000000,,15000,0,0,,,,,60000,14000,60000,60,0,,parked,,blocked,60000,15000,60000,60,0,,armed,530000,blocked
530000,1,1,519,1,0,tick,0,0,3,1000,1000000,1000,0,0,0,0,1000000000,1000000000,1000000000,,,0,,,,,46000,32000,46000,46,2000000000000,,armed,530000,blocked,46000,32000,46000,46,3000000000000,,armed,531000,blocked
530000,1,3,662,3,2,tick,1,0,3,1000,1000000,1000,0,0,0,0,1000000000,1000000000,,,,0,,,,,60000,15000,60000,60,0,,armed,530000,blocked,60000,15000,60000,60,0,,parked,,blocked
531000,1,1,520,1,0,tick,0,0,3,1000,1000000,1000,0,0,0,0,1000000000,1000000000,1000000000,,,0,,,,,46000,32000,46000,46,3000000000000,,armed,531000,blocked,46000,32000,46000,46,4000000000000,,armed,532000,blocked
532000,1,1,521,1,0,tick,0,0,3,1000,1000000,1000,0,0,0,0,1000000000,1000000000,1000000000,,,0,,,,,46000,32000,46000,46,4000000000000,,armed,532000,blocked,46000,32000,46000,46,5000000000000,,armed,533000,blocked
533000,1,1,522,1,0,tick,0,0,3,1000,1000000,1000,0,0,0,0,1000000000,1000000000,1000000000,,,0,,,,,46000,32000,46000,46,5000000000000,,armed,533000,blocked,46000,32000,46000,46,6000000000000,,armed,534000,blocked
534000,1,1,523,1,0,tick,0,0,3,1000,1000000,1000,0,0,0,0,1000000000,1000000000,1000000000,,,0,,,,,46000,32000,46000,46,6000000000000,,armed,534000,blocked,46000,32000,46000,46,7000000000000,,armed,535000,scheduled
535000,1,1,524,1,0,tick,0,0,3,1000,1000000,1000,0,0,0,0,1000000000,1000000000,1000000000,,,1,46000,1000,0,659,46000,32000,46000,46,7000000000000,,armed,535000,scheduled,47000,32000,47000,47,0,,armed,536000,blocked
536000,1,1,525,1,0,tick,0,0,3,1000,1000000,1000,0,0,0,0,1000000000,1000000000,1000000000,,,0,,,,,47000,32000,47000,47,0,,armed,536000,blocked,47000,32000,47000,47,1000000000000,,armed,537000,blocked
536536,0,6,98,1,0,ack,0,0,3,1000,1000000,1000,0,0,0,0,1000000000,1000000000,,33000,0,0,,,,,47000,32000,47000,47,1000000000000,,armed,537000,blocked,47000,33000,47000,47,1000000000000,,armed,537000,blocked
537000,1,1,529,1,0,tick,0,0,3,1000,1000000,1000,0,0,0,0,1000000000,1000000000,1000000000,,,0,,,,,47000,33000,47000,47,1000000000000,,armed,537000,blocked,47000,33000,47000,47,2000000000000,,armed,538000,blocked
538000,1,1,530,1,0,tick,0,0,3,1000,1000000,1000,0,0,0,0,1000000000,1000000000,1000000000,,,0,,,,,47000,33000,47000,47,2000000000000,,armed,538000,blocked,47000,33000,47000,47,3000000000000,,armed,539000,blocked
539000,1,1,531,1,0,tick,0,0,3,1000,1000000,1000,0,0,0,0,1000000000,1000000000,1000000000,,,0,,,,,47000,33000,47000,47,3000000000000,,armed,539000,blocked,47000,33000,47000,47,4000000000000,,armed,540000,blocked
540000,1,1,532,1,0,tick,0,0,3,1000,1000000,1000,0,0,0,0,1000000000,1000000000,1000000000,,,0,,,,,47000,33000,47000,47,4000000000000,,armed,540000,blocked,47000,33000,47000,47,5000000000000,,armed,541000,blocked
541000,1,1,533,1,0,tick,0,0,3,1000,1000000,1000,0,0,0,0,1000000000,1000000000,1000000000,,,0,,,,,47000,33000,47000,47,5000000000000,,armed,541000,blocked,47000,33000,47000,47,6000000000000,,armed,542000,blocked
542000,1,1,534,1,0,tick,0,0,3,1000,1000000,1000,0,0,0,0,1000000000,1000000000,1000000000,,,0,,,,,47000,33000,47000,47,6000000000000,,armed,542000,blocked,47000,33000,47000,47,7000000000000,,armed,543000,scheduled
543000,1,1,535,1,0,tick,0,0,3,1000,1000000,1000,0,0,0,0,1000000000,1000000000,1000000000,,,1,47000,1000,0,673,47000,33000,47000,47,7000000000000,,armed,543000,scheduled,48000,33000,48000,48,0,,armed,544000,blocked
544000,1,1,536,1,0,tick,0,0,3,1000,1000000,1000,0,0,0,0,1000000000,1000000000,1000000000,,,0,,,,,48000,33000,48000,48,0,,armed,544000,blocked,48000,33000,48000,48,1000000000000,,armed,545000,blocked
545000,1,1,540,1,0,tick,0,0,3,1000,1000000,1000,0,0,0,0,1000000000,1000000000,1000000000,,,0,,,,,48000,33000,48000,48,1000000000000,,armed,545000,blocked,48000,33000,48000,48,2000000000000,,armed,546000,blocked
545048,0,9,50,2,1,ack,0,0,3,1000,1000000,1000,0,0,0,0,1000000000,1000000000,,17000,0,0,,,,,41000,16000,41000,41,0,,parked,,blocked,41000,17000,41000,41,0,,armed,546000,blocked
546000,1,1,541,1,0,tick,0,0,3,1000,1000000,1000,0,0,0,0,1000000000,1000000000,1000000000,,,0,,,,,48000,33000,48000,48,2000000000000,,armed,546000,blocked,48000,33000,48000,48,3000000000000,,armed,547000,blocked
546000,1,2,458,2,1,tick,1,0,3,1000,1000000,1000,0,0,0,0,1000000000,1000000000,,,,0,,,,,41000,17000,41000,41,0,,armed,546000,blocked,41000,17000,41000,41,0,,parked,,blocked
547000,1,1,542,1,0,tick,0,0,3,1000,1000000,1000,0,0,0,0,1000000000,1000000000,1000000000,,,0,,,,,48000,33000,48000,48,3000000000000,,armed,547000,blocked,48000,33000,48000,48,4000000000000,,armed,548000,blocked
548000,1,1,543,1,0,tick,0,0,3,1000,1000000,1000,0,0,0,0,1000000000,1000000000,1000000000,,,0,,,,,48000,33000,48000,48,4000000000000,,armed,548000,blocked,48000,33000,48000,48,5000000000000,,armed,549000,blocked
549000,1,1,544,1,0,tick,0,0,3,1000,1000000,1000,0,0,0,0,1000000000,1000000000,1000000000,,,0,,,,,48000,33000,48000,48,5000000000000,,armed,549000,blocked,48000,33000,48000,48,6000000000000,,armed,550000,blocked
550000,1,1,545,1,0,tick,0,0,3,1000,1000000,1000,0,0,0,0,1000000000,1000000000,1000000000,,,0,,,,,48000,33000,48000,48,6000000000000,,armed,550000,blocked,48000,33000,48000,48,7000000000000,,armed,551000,scheduled
551000,1,1,546,1,0,tick,0,0,3,1000,1000000,1000,0,0,0,0,1000000000,1000000000,1000000000,,,1,48000,1000,0,687,48000,33000,48000,48,7000000000000,,armed,551000,scheduled,49000,33000,49000,49,0,,armed,552000,blocked
552000,1,1,547,1,0,tick,0,0,3,1000,1000000,1000,0,0,0,0,1000000000,1000000000,1000000000,,,0,,,,,49000,33000,49000,49,0,,armed,552000,blocked,49000,33000,49000,49,1000000000000,,armed,553000,blocked
552536,0,6,101,1,0,ack,0,0,3,1000,1000000,1000,0,0,0,0,1000000000,1000000000,,34000,0,0,,,,,49000,33000,49000,49,1000000000000,,armed,553000,blocked,49000,34000,49000,49,1000000000000,,armed,553000,blocked
553000,1,1,551,1,0,tick,0,0,3,1000,1000000,1000,0,0,0,0,1000000000,1000000000,1000000000,,,0,,,,,49000,34000,49000,49,1000000000000,,armed,553000,blocked,49000,34000,49000,49,2000000000000,,armed,554000,blocked
554000,1,1,552,1,0,tick,0,0,3,1000,1000000,1000,0,0,0,0,1000000000,1000000000,1000000000,,,0,,,,,49000,34000,49000,49,2000000000000,,armed,554000,blocked,49000,34000,49000,49,3000000000000,,armed,555000,blocked
555000,1,1,553,1,0,tick,0,0,3,1000,1000000,1000,0,0,0,0,1000000000,1000000000,1000000000,,,0,,,,,49000,34000,49000,49,3000000000000,,armed,555000,blocked,49000,34000,49000,49,4000000000000,,armed,556000,blocked
556000,1,1,554,1,0,tick,0,0,3,1000,1000000,1000,0,0,0,0,1000000000,1000000000,1000000000,,,0,,,,,49000,34000,49000,49,4000000000000,,armed,556000,blocked,49000,34000,49000,49,5000000000000,,armed,557000,blocked
557000,1,1,555,1,0,tick,0,0,3,1000,1000000,1000,0,0,0,0,1000000000,1000000000,1000000000,,,0,,,,,49000,34000,49000,49,5000000000000,,armed,557000,blocked,49000,34000,49000,49,6000000000000,,armed,558000,blocked
558000,1,1,556,1,0,tick,0,0,3,1000,1000000,1000,0,0,0,0,1000000000,1000000000,1000000000,,,0,,,,,49000,34000,49000,49,6000000000000,,armed,558000,blocked,49000,34000,49000,49,7000000000000,,armed,559000,scheduled
559000,1,1,557,1,0,tick,0,0,3,1000,1000000,1000,0,0,0,0,1000000000,1000000000,1000000000,,,1,49000,1000,0,701,49000,34000,49000,49,7000000000000,,armed,559000,scheduled,50000,34000,50000,50,0,,armed,560000,blocked
560000,1,1,558,1,0,tick,0,0,3,1000,1000000,1000,0,0,0,0,1000000000,1000000000,1000000000,,,0,,,,,50000,34000,50000,50,0,,armed,560000,blocked,50000,34000,50000,50,1000000000000,,armed,561000,blocked
561000,1,1,562,1,0,tick,0,0,3,1000,1000000,1000,0,0,0,0,1000000000,1000000000,1000000000,,,0,,,,,50000,34000,50000,50,1000000000000,,armed,561000,blocked,50000,34000,50000,50,2000000000000,,armed,562000,blocked
561560,0,12,47,3,2,ack,0,0,3,1000,1000000,1000,0,0,0,0,1000000000,1000000000,,16000,0,0,,,,,60000,15000,60000,60,0,,parked,,blocked,60000,16000,60000,60,0,,armed,562000,blocked
562000,1,1,563,1,0,tick,0,0,3,1000,1000000,1000,0,0,0,0,1000000000,1000000000,1000000000,,,0,,,,,50000,34000,50000,50,2000000000000,,armed,562000,blocked,50000,34000,50000,50,3000000000000,,armed,563000,blocked
562000,1,3,663,3,2,tick,1,0,3,1000,1000000,1000,0,0,0,0,1000000000,1000000000,,,,0,,,,,60000,16000,60000,60,0,,armed,562000,blocked,60000,16000,60000,60,0,,parked,,blocked
563000,1,1,564,1,0,tick,0,0,3,1000,1000000,1000,0,0,0,0,1000000000,1000000000,1000000000,,,0,,,,,50000,34000,50000,50,3000000000000,,armed,563000,blocked,50000,34000,50000,50,4000000000000,,armed,564000,blocked
564000,1,1,565,1,0,tick,0,0,3,1000,1000000,1000,0,0,0,0,1000000000,1000000000,1000000000,,,0,,,,,50000,34000,50000,50,4000000000000,,armed,564000,blocked,50000,34000,50000,50,5000000000000,,armed,565000,blocked
565000,1,1,566,1,0,tick,0,0,3,1000,1000000,1000,0,0,0,0,1000000000,1000000000,1000000000,,,0,,,,,50000,34000,50000,50,5000000000000,,armed,565000,blocked,50000,34000,50000,50,6000000000000,,armed,566000,blocked
566000,1,1,567,1,0,tick,0,0,3,1000,1000000,1000,0,0,0,0,1000000000,1000000000,1000000000,,,0,,,,,50000,34000,50000,50,6000000000000,,armed,566000,blocked,50000,34000,50000,50,7000000000000,,armed,567000,scheduled
567000,1,1,568,1,0,tick,0,0,3,1000,1000000,1000,0,0,0,0,1000000000,1000000000,1000000000,,,1,50000,1000,0,715,50000,34000,50000,50,7000000000000,,armed,567000,scheduled,51000,34000,51000,51,0,,armed,568000,blocked
568000,1,1,569,1,0,tick,0,0,3,1000,1000000,1000,0,0,0,0,1000000000,1000000000,1000000000,,,0,,,,,51000,34000,51000,51,0,,armed,568000,blocked,51000,34000,51000,51,1000000000000,,armed,569000,blocked
568536,0,6,104,1,0,ack,0,0,3,1000,1000000,1000,0,0,0,0,1000000000,1000000000,,35000,0,0,,,,,51000,34000,51000,51,1000000000000,,armed,569000,blocked,51000,35000,51000,51,1000000000000,,armed,569000,blocked
569000,1,1,573,1,0,tick,0,0,3,1000,1000000,1000,0,0,0,0,1000000000,1000000000,1000000000,,,0,,,,,51000,35000,51000,51,1000000000000,,armed,569000,blocked,51000,35000,51000,51,2000000000000,,armed,570000,blocked
570000,1,1,574,1,0,tick,0,0,3,1000,1000000,1000,0,0,0,0,1000000000,1000000000,1000000000,,,0,,,,,51000,35000,51000,51,2000000000000,,armed,570000,blocked,51000,35000,51000,51,3000000000000,,armed,571000,blocked
571000,1,1,575,1,0,tick,0,0,3,1000,1000000,1000,0,0,0,0,1000000000,1000000000,1000000000,,,0,,,,,51000,35000,51000,51,3000000000000,,armed,571000,blocked,51000,35000,51000,51,4000000000000,,armed,572000,blocked
572000,1,1,576,1,0,tick,0,0,3,1000,1000000,1000,0,0,0,0,1000000000,1000000000,1000000000,,,0,,,,,51000,35000,51000,51,4000000000000,,armed,572000,blocked,51000,35000,51000,51,5000000000000,,armed,573000,blocked
573000,1,1,577,1,0,tick,0,0,3,1000,1000000,1000,0,0,0,0,1000000000,1000000000,1000000000,,,0,,,,,51000,35000,51000,51,5000000000000,,armed,573000,blocked,51000,35000,51000,51,6000000000000,,armed,574000,blocked
574000,1,1,578,1,0,tick,0,0,3,1000,1000000,1000,0,0,0,0,1000000000,1000000000,1000000000,,,0,,,,,51000,35000,51000,51,6000000000000,,armed,574000,blocked,51000,35000,51000,51,7000000000000,,armed,575000,scheduled
575000,1,1,579,1,0,tick,0,0,3,1000,1000000,1000,0,0,0,0,1000000000,1000000000,1000000000,,,1,51000,1000,0,729,51000,35000,51000,51,7000000000000,,armed,575000,scheduled,52000,35000,52000,52,0,,armed,576000,blocked
576000,1,1,580,1,0,tick,0,0,3,1000,1000000,1000,0,0,0,0,1000000000,1000000000,1000000000,,,0,,,,,52000,35000,52000,52,0,,armed,576000,blocked,52000,35000,52000,52,1000000000000,,armed,577000,blocked
577000,1,1,584,1,0,tick,0,0,3,1000,1000000,1000,0,0,0,0,1000000000,1000000000,1000000000,,,0,,,,,52000,35000,52000,52,1000000000000,,armed,577000,blocked,52000,35000,52000,52,2000000000000,,armed,578000,blocked
577048,0,9,53,2,1,ack,0,0,3,1000,1000000,1000,0,0,0,0,1000000000,1000000000,,18000,0,0,,,,,41000,17000,41000,41,0,,parked,,blocked,41000,18000,41000,41,0,,armed,578000,blocked
578000,1,1,585,1,0,tick,0,0,3,1000,1000000,1000,0,0,0,0,1000000000,1000000000,1000000000,,,0,,,,,52000,35000,52000,52,2000000000000,,armed,578000,blocked,52000,35000,52000,52,3000000000000,,armed,579000,blocked
578000,1,2,459,2,1,tick,1,0,3,1000,1000000,1000,0,0,0,0,1000000000,1000000000,,,,0,,,,,41000,18000,41000,41,0,,armed,578000,blocked,41000,18000,41000,41,0,,parked,,blocked
579000,1,1,586,1,0,tick,0,0,3,1000,1000000,1000,0,0,0,0,1000000000,1000000000,1000000000,,,0,,,,,52000,35000,52000,52,3000000000000,,armed,579000,blocked,52000,35000,52000,52,4000000000000,,armed,580000,blocked
580000,1,1,587,1,0,tick,0,0,3,1000,1000000,1000,0,0,0,0,1000000000,1000000000,1000000000,,,0,,,,,52000,35000,52000,52,4000000000000,,armed,580000,blocked,52000,35000,52000,52,5000000000000,,armed,581000,blocked
581000,1,1,588,1,0,tick,0,0,3,1000,1000000,1000,0,0,0,0,1000000000,1000000000,1000000000,,,0,,,,,52000,35000,52000,52,5000000000000,,armed,581000,blocked,52000,35000,52000,52,6000000000000,,armed,582000,blocked
582000,1,1,589,1,0,tick,0,0,3,1000,1000000,1000,0,0,0,0,1000000000,1000000000,1000000000,,,0,,,,,52000,35000,52000,52,6000000000000,,armed,582000,blocked,52000,35000,52000,52,7000000000000,,armed,583000,scheduled
583000,1,1,590,1,0,tick,0,0,3,1000,1000000,1000,0,0,0,0,1000000000,1000000000,1000000000,,,1,52000,1000,0,743,52000,35000,52000,52,7000000000000,,armed,583000,scheduled,53000,35000,53000,53,0,,armed,584000,blocked
584000,1,1,591,1,0,tick,0,0,3,1000,1000000,1000,0,0,0,0,1000000000,1000000000,1000000000,,,0,,,,,53000,35000,53000,53,0,,armed,584000,blocked,53000,35000,53000,53,1000000000000,,armed,585000,blocked
584536,0,6,107,1,0,ack,0,0,3,1000,1000000,1000,0,0,0,0,1000000000,1000000000,,36000,0,0,,,,,53000,35000,53000,53,1000000000000,,armed,585000,blocked,53000,36000,53000,53,1000000000000,,armed,585000,blocked
585000,1,1,595,1,0,tick,0,0,3,1000,1000000,1000,0,0,0,0,1000000000,1000000000,1000000000,,,0,,,,,53000,36000,53000,53,1000000000000,,armed,585000,blocked,53000,36000,53000,53,2000000000000,,armed,586000,blocked
586000,1,1,596,1,0,tick,0,0,3,1000,1000000,1000,0,0,0,0,1000000000,1000000000,1000000000,,,0,,,,,53000,36000,53000,53,2000000000000,,armed,586000,blocked,53000,36000,53000,53,3000000000000,,armed,587000,blocked
587000,1,1,597,1,0,tick,0,0,3,1000,1000000,1000,0,0,0,0,1000000000,1000000000,1000000000,,,0,,,,,53000,36000,53000,53,3000000000000,,armed,587000,blocked,53000,36000,53000,53,4000000000000,,armed,588000,blocked
588000,1,1,598,1,0,tick,0,0,3,1000,1000000,1000,0,0,0,0,1000000000,1000000000,1000000000,,,0,,,,,53000,36000,53000,53,4000000000000,,armed,588000,blocked,53000,36000,53000,53,5000000000000,,armed,589000,blocked
589000,1,1,599,1,0,tick,0,0,3,1000,1000000,1000,0,0,0,0,1000000000,1000000000,1000000000,,,0,,,,,53000,36000,53000,53,5000000000000,,armed,589000,blocked,53000,36000,53000,53,6000000000000,,armed,590000,blocked
590000,1,1,600,1,0,tick,0,0,3,1000,1000000,1000,0,0,0,0,1000000000,1000000000,1000000000,,,0,,,,,53000,36000,53000,53,6000000000000,,armed,590000,blocked,53000,36000,53000,53,7000000000000,,armed,591000,scheduled
591000,1,1,601,1,0,tick,0,0,3,1000,1000000,1000,0,0,0,0,1000000000,1000000000,1000000000,,,1,53000,1000,0,757,53000,36000,53000,53,7000000000000,,armed,591000,scheduled,54000,36000,54000,54,0,,armed,592000,blocked
592000,1,1,602,1,0,tick,0,0,3,1000,1000000,1000,0,0,0,0,1000000000,1000000000,1000000000,,,0,,,,,54000,36000,54000,54,0,,armed,592000,blocked,54000,36000,54000,54,1000000000000,,armed,593000,blocked
593000,1,1,606,1,0,tick,0,0,3,1000,1000000,1000,0,0,0,0,1000000000,1000000000,1000000000,,,0,,,,,54000,36000,54000,54,1000000000000,,armed,593000,blocked,54000,36000,54000,54,2000000000000,,armed,594000,blocked
593560,0,12,50,3,2,ack,0,0,3,1000,1000000,1000,0,0,0,0,1000000000,1000000000,,17000,0,0,,,,,60000,16000,60000,60,0,,parked,,blocked,60000,17000,60000,60,0,,armed,594000,blocked
594000,1,1,607,1,0,tick,0,0,3,1000,1000000,1000,0,0,0,0,1000000000,1000000000,1000000000,,,0,,,,,54000,36000,54000,54,2000000000000,,armed,594000,blocked,54000,36000,54000,54,3000000000000,,armed,595000,blocked
594000,1,3,664,3,2,tick,1,0,3,1000,1000000,1000,0,0,0,0,1000000000,1000000000,,,,0,,,,,60000,17000,60000,60,0,,armed,594000,blocked,60000,17000,60000,60,0,,parked,,blocked
595000,1,1,608,1,0,tick,0,0,3,1000,1000000,1000,0,0,0,0,1000000000,1000000000,1000000000,,,0,,,,,54000,36000,54000,54,3000000000000,,armed,595000,blocked,54000,36000,54000,54,4000000000000,,armed,596000,blocked
596000,1,1,609,1,0,tick,0,0,3,1000,1000000,1000,0,0,0,0,1000000000,1000000000,1000000000,,,0,,,,,54000,36000,54000,54,4000000000000,,armed,596000,blocked,54000,36000,54000,54,5000000000000,,armed,597000,blocked
597000,1,1,610,1,0,tick,0,0,3,1000,1000000,1000,0,0,0,0,1000000000,1000000000,1000000000,,,0,,,,,54000,36000,54000,54,5000000000000,,armed,597000,blocked,54000,36000,54000,54,6000000000000,,armed,598000,blocked
598000,1,1,611,1,0,tick,0,0,3,1000,1000000,1000,0,0,0,0,1000000000,1000000000,1000000000,,,0,,,,,54000,36000,54000,54,6000000000000,,armed,598000,blocked,54000,36000,54000,54,7000000000000,,armed,599000,scheduled
599000,1,1,612,1,0,tick,0,0,3,1000,1000000,1000,0,0,0,0,1000000000,1000000000,1000000000,,,1,54000,1000,0,771,54000,36000,54000,54,7000000000000,,armed,599000,scheduled,55000,36000,55000,55,0,,armed,600000,blocked
600000,1,1,613,1,0,tick,0,0,3,1000,1000000,1000,0,0,0,0,1000000000,1000000000,1000000000,,,0,,,,,55000,36000,55000,55,0,,armed,600000,blocked,55000,36000,55000,55,1000000000000,,armed,601000,blocked
600536,0,6,110,1,0,ack,0,0,3,1000,1000000,1000,0,0,0,0,1000000000,1000000000,,37000,0,0,,,,,55000,36000,55000,55,1000000000000,,armed,601000,blocked,55000,37000,55000,55,1000000000000,,armed,601000,blocked
601000,1,1,617,1,0,tick,0,0,3,1000,1000000,1000,0,0,0,0,1000000000,1000000000,1000000000,,,0,,,,,55000,37000,55000,55,1000000000000,,armed,601000,blocked,55000,37000,55000,55,2000000000000,,armed,602000,blocked
602000,1,1,618,1,0,tick,0,0,3,1000,1000000,1000,0,0,0,0,1000000000,1000000000,1000000000,,,0,,,,,55000,37000,55000,55,2000000000000,,armed,602000,blocked,55000,37000,55000,55,3000000000000,,armed,603000,blocked
603000,1,1,619,1,0,tick,0,0,3,1000,1000000,1000,0,0,0,0,1000000000,1000000000,1000000000,,,0,,,,,55000,37000,55000,55,3000000000000,,armed,603000,blocked,55000,37000,55000,55,4000000000000,,armed,604000,blocked
604000,1,1,620,1,0,tick,0,0,3,1000,1000000,1000,0,0,0,0,1000000000,1000000000,1000000000,,,0,,,,,55000,37000,55000,55,4000000000000,,armed,604000,blocked,55000,37000,55000,55,5000000000000,,armed,605000,blocked
605000,1,1,621,1,0,tick,0,0,3,1000,1000000,1000,0,0,0,0,1000000000,1000000000,1000000000,,,0,,,,,55000,37000,55000,55,5000000000000,,armed,605000,blocked,55000,37000,55000,55,6000000000000,,armed,606000,blocked
606000,1,1,622,1,0,tick,0,0,3,1000,1000000,1000,0,0,0,0,1000000000,1000000000,1000000000,,,0,,,,,55000,37000,55000,55,6000000000000,,armed,606000,blocked,55000,37000,55000,55,7000000000000,,armed,607000,scheduled
607000,1,1,623,1,0,tick,0,0,3,1000,1000000,1000,0,0,0,0,1000000000,1000000000,1000000000,,,1,55000,1000,0,785,55000,37000,55000,55,7000000000000,,armed,607000,scheduled,56000,37000,56000,56,0,,armed,608000,blocked
608000,1,1,624,1,0,tick,0,0,3,1000,1000000,1000,0,0,0,0,1000000000,1000000000,1000000000,,,0,,,,,56000,37000,56000,56,0,,armed,608000,blocked,56000,37000,56000,56,1000000000000,,armed,609000,blocked
609000,1,1,628,1,0,tick,0,0,3,1000,1000000,1000,0,0,0,0,1000000000,1000000000,1000000000,,,0,,,,,56000,37000,56000,56,1000000000000,,armed,609000,blocked,56000,37000,56000,56,2000000000000,,armed,610000,blocked
609048,0,9,56,2,1,ack,0,0,3,1000,1000000,1000,0,0,0,0,1000000000,1000000000,,19000,0,0,,,,,41000,18000,41000,41,0,,parked,,blocked,41000,19000,41000,41,0,,armed,610000,blocked
610000,1,1,629,1,0,tick,0,0,3,1000,1000000,1000,0,0,0,0,1000000000,1000000000,1000000000,,,0,,,,,56000,37000,56000,56,2000000000000,,armed,610000,blocked,56000,37000,56000,56,3000000000000,,armed,611000,blocked
610000,1,2,460,2,1,tick,1,0,3,1000,1000000,1000,0,0,0,0,1000000000,1000000000,,,,0,,,,,41000,19000,41000,41,0,,armed,610000,blocked,41000,19000,41000,41,0,,parked,,blocked
611000,1,1,630,1,0,tick,0,0,3,1000,1000000,1000,0,0,0,0,1000000000,1000000000,1000000000,,,0,,,,,56000,37000,56000,56,3000000000000,,armed,611000,blocked,56000,37000,56000,56,4000000000000,,armed,612000,blocked
612000,1,1,631,1,0,tick,0,0,3,1000,1000000,1000,0,0,0,0,1000000000,1000000000,1000000000,,,0,,,,,56000,37000,56000,56,4000000000000,,armed,612000,blocked,56000,37000,56000,56,5000000000000,,armed,613000,blocked
613000,1,1,632,1,0,tick,0,0,3,1000,1000000,1000,0,0,0,0,1000000000,1000000000,1000000000,,,0,,,,,56000,37000,56000,56,5000000000000,,armed,613000,blocked,56000,37000,56000,56,6000000000000,,armed,614000,blocked
614000,1,1,633,1,0,tick,0,0,3,1000,1000000,1000,0,0,0,0,1000000000,1000000000,1000000000,,,0,,,,,56000,37000,56000,56,6000000000000,,armed,614000,blocked,56000,37000,56000,56,7000000000000,,armed,615000,scheduled
615000,1,1,634,1,0,tick,0,0,3,1000,1000000,1000,0,0,0,0,1000000000,1000000000,1000000000,,,1,56000,1000,0,799,56000,37000,56000,56,7000000000000,,armed,615000,scheduled,57000,37000,57000,57,0,,armed,616000,blocked
616000,1,1,635,1,0,tick,0,0,3,1000,1000000,1000,0,0,0,0,1000000000,1000000000,1000000000,,,0,,,,,57000,37000,57000,57,0,,armed,616000,blocked,57000,37000,57000,57,1000000000000,,armed,617000,blocked
616536,0,6,113,1,0,ack,0,0,3,1000,1000000,1000,0,0,0,0,1000000000,1000000000,,38000,0,0,,,,,57000,37000,57000,57,1000000000000,,armed,617000,blocked,57000,38000,57000,57,1000000000000,,armed,617000,blocked
617000,1,1,639,1,0,tick,0,0,3,1000,1000000,1000,0,0,0,0,1000000000,1000000000,1000000000,,,0,,,,,57000,38000,57000,57,1000000000000,,armed,617000,blocked,57000,38000,57000,57,2000000000000,,armed,618000,blocked
618000,1,1,640,1,0,tick,0,0,3,1000,1000000,1000,0,0,0,0,1000000000,1000000000,1000000000,,,0,,,,,57000,38000,57000,57,2000000000000,,armed,618000,blocked,57000,38000,57000,57,3000000000000,,armed,619000,blocked
619000,1,1,641,1,0,tick,0,0,3,1000,1000000,1000,0,0,0,0,1000000000,1000000000,1000000000,,,0,,,,,57000,38000,57000,57,3000000000000,,armed,619000,blocked,57000,38000,57000,57,4000000000000,,armed,620000,blocked
620000,1,1,642,1,0,tick,0,0,3,1000,1000000,1000,0,0,0,0,1000000000,1000000000,1000000000,,,0,,,,,57000,38000,57000,57,4000000000000,,armed,620000,blocked,57000,38000,57000,57,5000000000000,,armed,621000,blocked
621000,1,1,643,1,0,tick,0,0,3,1000,1000000,1000,0,0,0,0,1000000000,1000000000,1000000000,,,0,,,,,57000,38000,57000,57,5000000000000,,armed,621000,blocked,57000,38000,57000,57,6000000000000,,armed,622000,blocked
622000,1,1,644,1,0,tick,0,0,3,1000,1000000,1000,0,0,0,0,1000000000,1000000000,1000000000,,,0,,,,,57000,38000,57000,57,6000000000000,,armed,622000,blocked,57000,38000,57000,57,7000000000000,,armed,623000,scheduled
623000,1,1,645,1,0,tick,0,0,3,1000,1000000,1000,0,0,0,0,1000000000,1000000000,1000000000,,,1,57000,1000,0,813,57000,38000,57000,57,7000000000000,,armed,623000,scheduled,58000,38000,58000,58,0,,armed,624000,blocked
624000,1,1,646,1,0,tick,0,0,3,1000,1000000,1000,0,0,0,0,1000000000,1000000000,1000000000,,,0,,,,,58000,38000,58000,58,0,,armed,624000,blocked,58000,38000,58000,58,1000000000000,,armed,625000,blocked
625000,1,1,650,1,0,tick,0,0,3,1000,1000000,1000,0,0,0,0,1000000000,1000000000,1000000000,,,0,,,,,58000,38000,58000,58,1000000000000,,armed,625000,blocked,58000,38000,58000,58,2000000000000,,armed,626000,blocked
625560,0,12,53,3,2,ack,0,0,3,1000,1000000,1000,0,0,0,0,1000000000,1000000000,,18000,0,0,,,,,60000,17000,60000,60,0,,parked,,blocked,60000,18000,60000,60,0,,armed,626000,blocked
626000,1,1,651,1,0,tick,0,0,3,1000,1000000,1000,0,0,0,0,1000000000,1000000000,1000000000,,,0,,,,,58000,38000,58000,58,2000000000000,,armed,626000,blocked,58000,38000,58000,58,3000000000000,,armed,627000,blocked
626000,1,3,665,3,2,tick,1,0,3,1000,1000000,1000,0,0,0,0,1000000000,1000000000,,,,0,,,,,60000,18000,60000,60,0,,armed,626000,blocked,60000,18000,60000,60,0,,parked,,blocked
627000,1,1,652,1,0,tick,0,0,3,1000,1000000,1000,0,0,0,0,1000000000,1000000000,1000000000,,,0,,,,,58000,38000,58000,58,3000000000000,,armed,627000,blocked,58000,38000,58000,58,4000000000000,,armed,628000,blocked
628000,1,1,653,1,0,tick,0,0,3,1000,1000000,1000,0,0,0,0,1000000000,1000000000,1000000000,,,0,,,,,58000,38000,58000,58,4000000000000,,armed,628000,blocked,58000,38000,58000,58,5000000000000,,armed,629000,blocked
629000,1,1,654,1,0,tick,0,0,3,1000,1000000,1000,0,0,0,0,1000000000,1000000000,1000000000,,,0,,,,,58000,38000,58000,58,5000000000000,,armed,629000,blocked,58000,38000,58000,58,6000000000000,,armed,630000,blocked
630000,1,1,655,1,0,tick,0,0,3,1000,1000000,1000,0,0,0,0,1000000000,1000000000,1000000000,,,0,,,,,58000,38000,58000,58,6000000000000,,armed,630000,blocked,58000,38000,58000,58,7000000000000,,armed,631000,scheduled
631000,1,1,656,1,0,tick,0,0,3,1000,1000000,1000,0,0,0,0,1000000000,1000000000,1000000000,,,1,58000,1000,0,827,58000,38000,58000,58,7000000000000,,armed,631000,scheduled,59000,38000,59000,59,0,,armed,632000,blocked
632000,1,1,657,1,0,tick,0,0,3,1000,1000000,1000,0,0,0,0,1000000000,1000000000,1000000000,,,0,,,,,59000,38000,59000,59,0,,armed,632000,blocked,59000,38000,59000,59,1000000000000,,armed,633000,blocked
632536,0,6,116,1,0,ack,0,0,3,1000,1000000,1000,0,0,0,0,1000000000,1000000000,,39000,0,0,,,,,59000,38000,59000,59,1000000000000,,armed,633000,blocked,59000,39000,59000,59,1000000000000,,armed,633000,blocked
633000,1,1,661,1,0,tick,0,0,3,1000,1000000,1000,0,0,0,0,1000000000,1000000000,1000000000,,,0,,,,,59000,39000,59000,59,1000000000000,,armed,633000,blocked,59000,39000,59000,59,2000000000000,,armed,634000,blocked
634000,1,1,662,1,0,tick,0,0,3,1000,1000000,1000,0,0,0,0,1000000000,1000000000,1000000000,,,0,,,,,59000,39000,59000,59,2000000000000,,armed,634000,blocked,59000,39000,59000,59,3000000000000,,armed,635000,blocked
635000,1,1,663,1,0,tick,0,0,3,1000,1000000,1000,0,0,0,0,1000000000,1000000000,1000000000,,,0,,,,,59000,39000,59000,59,3000000000000,,armed,635000,blocked,59000,39000,59000,59,4000000000000,,armed,636000,blocked
636000,1,1,664,1,0,tick,0,0,3,1000,1000000,1000,0,0,0,0,1000000000,1000000000,1000000000,,,0,,,,,59000,39000,59000,59,4000000000000,,armed,636000,blocked,59000,39000,59000,59,5000000000000,,armed,637000,blocked
637000,1,1,665,1,0,tick,0,0,3,1000,1000000,1000,0,0,0,0,1000000000,1000000000,1000000000,,,0,,,,,59000,39000,59000,59,5000000000000,,armed,637000,blocked,59000,39000,59000,59,6000000000000,,armed,638000,blocked
638000,1,1,666,1,0,tick,0,0,3,1000,1000000,1000,0,0,0,0,1000000000,1000000000,1000000000,,,0,,,,,59000,39000,59000,59,6000000000000,,armed,638000,blocked,59000,39000,59000,59,7000000000000,,armed,639000,scheduled
639000,1,1,667,1,0,tick,0,0,3,1000,1000000,1000,0,0,0,0,1000000000,1000000000,1000000000,,,1,59000,1000,0,841,59000,39000,59000,59,7000000000000,,armed,639000,scheduled,60000,39000,60000,60,0,,armed,640000,blocked
640000,1,1,668,1,0,tick,0,0,3,1000,1000000,1000,0,0,0,0,1000000000,1000000000,1000000000,,,0,,,,,60000,39000,60000,60,0,,armed,640000,blocked,60000,39000,60000,60,1000000000000,,armed,641000,blocked
641000,1,1,672,1,0,tick,0,0,3,1000,1000000,1000,0,0,0,0,1000000000,1000000000,1000000000,,,0,,,,,60000,39000,60000,60,1000000000000,,armed,641000,blocked,60000,39000,60000,60,2000000000000,,armed,642000,blocked
641048,0,9,59,2,1,ack,0,0,3,1000,1000000,1000,0,0,0,0,1000000000,1000000000,,20000,0,0,,,,,41000,19000,41000,41,0,,parked,,blocked,41000,20000,41000,41,0,,armed,642000,blocked
642000,1,1,673,1,0,tick,0,0,3,1000,1000000,1000,0,0,0,0,1000000000,1000000000,1000000000,,,0,,,,,60000,39000,60000,60,2000000000000,,armed,642000,blocked,60000,39000,60000,60,3000000000000,,armed,643000,blocked
642000,1,2,461,2,1,tick,1,0,3,1000,1000000,1000,0,0,0,0,1000000000,1000000000,,,,0,,,,,41000,20000,41000,41,0,,armed,642000,blocked,41000,20000,41000,41,0,,parked,,blocked
643000,1,1,674,1,0,tick,0,0,3,1000,1000000,1000,0,0,0,0,1000000000,1000000000,1000000000,,,0,,,,,60000,39000,60000,60,3000000000000,,armed,643000,blocked,60000,39000,60000,60,4000000000000,,armed,644000,blocked
644000,1,1,675,1,0,tick,0,0,3,1000,1000000,1000,0,0,0,0,1000000000,1000000000,1000000000,,,0,,,,,60000,39000,60000,60,4000000000000,,armed,644000,blocked,60000,39000,60000,60,5000000000000,,armed,645000,blocked
645000,1,1,676,1,0,tick,0,0,3,1000,1000000,1000,0,0,0,0,1000000000,1000000000,1000000000,,,0,,,,,60000,39000,60000,60,5000000000000,,armed,645000,blocked,60000,39000,60000,60,6000000000000,,armed,646000,blocked
646000,1,1,677,1,0,tick,0,0,3,1000,1000000,1000,0,0,0,0,1000000000,1000000000,1000000000,,,0,,,,,60000,39000,60000,60,6000000000000,,armed,646000,blocked,60000,39000,60000,60,7000000000000,,armed,647000,scheduled
647000,1,1,678,1,0,tick,0,0,3,1000,1000000,1000,0,0,0,0,1000000000,1000000000,1000000000,,,1,60000,1000,0,855,60000,39000,60000,60,7000000000000,,armed,647000,scheduled,61000,39000,61000,61,0,,armed,648000,blocked
648000,1,1,679,1,0,tick,1,0,3,1000,1000000,1000,0,0,0,0,1000000000,1000000000,,,,0,,,,,61000,39000,61000,61,0,,armed,648000,blocked,61000,39000,61000,61,0,,parked,,blocked
648536,0,6,119,1,0,ack,0,0,3,1000,1000000,1000,0,0,0,0,1000000000,1000000000,,40000,0,0,,,,,61000,39000,61000,61,0,,parked,,blocked,61000,40000,61000,61,0,,armed,649000,blocked
649000,1,1,683,1,0,tick,1,0,3,1000,1000000,1000,0,0,0,0,1000000000,1000000000,,,,0,,,,,61000,40000,61000,61,0,,armed,649000,blocked,61000,40000,61000,61,0,,parked,,blocked
657560,0,12,56,3,2,ack,0,0,3,1000,1000000,1000,0,0,0,0,1000000000,1000000000,,19000,0,0,,,,,60000,18000,60000,60,0,,parked,,blocked,60000,19000,60000,60,0,,armed,658000,blocked
658000,1,3,666,3,2,tick,1,0,3,1000,1000000,1000,0,0,0,0,1000000000,1000000000,,,,0,,,,,60000,19000,60000,60,0,,armed,658000,blocked,60000,19000,60000,60,0,,parked,,blocked
664536,0,6,122,1,0,ack,0,0,3,1000,1000000,1000,0,0,0,0,1000000000,1000000000,,41000,0,0,,,,,61000,40000,61000,61,0,,parked,,blocked,61000,41000,61000,61,0,,armed,665000,blocked
665000,1,1,684,1,0,tick,1,0,3,1000,1000000,1000,0,0,0,0,1000000000,1000000000,,,,0,,,,,61000,41000,61000,61,0,,armed,665000,blocked,61000,41000,61000,61,0,,parked,,blocked
673048,0,9,62,2,1,ack,0,0,3,1000,1000000,1000,0,0,0,0,1000000000,1000000000,,21000,0,0,,,,,41000,20000,41000,41,0,,parked,,blocked,41000,21000,41000,41,0,,armed,674000,blocked
674000,1,2,462,2,1,tick,1,0,3,1000,1000000,1000,0,0,0,0,1000000000,1000000000,,,,0,,,,,41000,21000,41000,41,0,,armed,674000,blocked,41000,21000,41000,41,0,,parked,,blocked
681560,0,12,59,3,2,ack,0,0,3,1000,1000000,1000,0,0,0,0,1000000000,1000000000,,20000,0,0,,,,,60000,19000,60000,60,0,,parked,,blocked,60000,20000,60000,60,0,,armed,682000,blocked
682000,1,3,667,3,2,tick,1,0,3,1000,1000000,1000,0,0,0,0,1000000000,1000000000,,,,0,,,,,60000,20000,60000,60,0,,armed,682000,blocked,60000,20000,60000,60,0,,parked,,blocked
688536,0,6,125,1,0,ack,0,0,3,1000,1000000,1000,0,0,0,0,1000000000,1000000000,,42000,0,0,,,,,61000,41000,61000,61,0,,parked,,blocked,61000,42000,61000,61,0,,armed,689000,blocked
689000,1,1,685,1,0,tick,1,0,3,1000,1000000,1000,0,0,0,0,1000000000,1000000000,,,,0,,,,,61000,42000,61000,61,0,,armed,689000,blocked,61000,42000,61000,61,0,,parked,,blocked
697048,0,9,65,2,1,ack,0,0,3,1000,1000000,1000,0,0,0,0,1000000000,1000000000,,22000,0,0,,,,,41000,21000,41000,41,0,,parked,,blocked,41000,22000,41000,41,0,,armed,698000,blocked
698000,1,2,463,2,1,tick,1,0,3,1000,1000000,1000,0,0,0,0,1000000000,1000000000,,,,0,,,,,41000,22000,41000,41,0,,armed,698000,blocked,41000,22000,41000,41,0,,parked,,blocked
704536,0,6,128,1,0,ack,0,0,3,1000,1000000,1000,0,0,0,0,1000000000,1000000000,,43000,0,0,,,,,61000,42000,61000,61,0,,parked,,blocked,61000,43000,61000,61,0,,armed,705000,blocked
705000,1,1,686,1,0,tick,1,0,3,1000,1000000,1000,0,0,0,0,1000000000,1000000000,,,,0,,,,,61000,43000,61000,61,0,,armed,705000,blocked,61000,43000,61000,61,0,,parked,,blocked
712536,0,13,149,3,2,resume,0,0,3,1000,1000000,1000,0,0,0,0,1000000000,1000000000,,,,0,,,,,60000,20000,60000,60,0,,parked,,blocked,60000,20000,60000,60,0,,armed,713000,blocked
713000,1,3,668,3,2,tick,0,0,3,1000,1000000,1000,0,0,0,0,1000000000,1000000000,1000000000,,,0,,,,,60000,20000,60000,60,0,,armed,713000,blocked,60000,20000,60000,60,1000000000000,,armed,714000,blocked
713560,0,12,62,3,2,ack,0,0,3,1000,1000000,1000,0,0,0,0,1000000000,1000000000,,21000,0,0,,,,,60000,20000,60000,60,1000000000000,,armed,714000,blocked,60000,21000,60000,60,1000000000000,,armed,714000,blocked
714000,1,3,669,3,2,tick,0,0,3,1000,1000000,1000,0,0,0,0,1000000000,1000000000,1000000000,,,0,,,,,60000,21000,60000,60,1000000000000,,armed,714000,blocked,60000,21000,60000,60,2000000000000,,armed,715000,blocked
715000,1,3,670,3,2,tick,0,0,3,1000,1000000,1000,0,0,0,0,1000000000,1000000000,1000000000,,,0,,,,,60000,21000,60000,60,2000000000000,,armed,715000,blocked,60000,21000,60000,60,3000000000000,,armed,716000,blocked
716000,1,3,671,3,2,tick,0,0,3,1000,1000000,1000,0,0,0,0,1000000000,1000000000,1000000000,,,0,,,,,60000,21000,60000,60,3000000000000,,armed,716000,blocked,60000,21000,60000,60,4000000000000,,armed,717000,blocked
717000,1,3,672,3,2,tick,0,0,3,1000,1000000,1000,0,0,0,0,1000000000,1000000000,1000000000,,,0,,,,,60000,21000,60000,60,4000000000000,,armed,717000,blocked,60000,21000,60000,60,5000000000000,,armed,718000,blocked
718000,1,3,673,3,2,tick,0,0,3,1000,1000000,1000,0,0,0,0,1000000000,1000000000,1000000000,,,0,,,,,60000,21000,60000,60,5000000000000,,armed,718000,blocked,60000,21000,60000,60,6000000000000,,armed,719000,blocked
719000,1,3,674,3,2,tick,0,0,3,1000,1000000,1000,0,0,0,0,1000000000,1000000000,1000000000,,,0,,,,,60000,21000,60000,60,6000000000000,,armed,719000,blocked,60000,21000,60000,60,7000000000000,,armed,720000,scheduled
720000,1,3,675,3,2,tick,0,0,3,1000,1000000,1000,0,0,0,0,1000000000,1000000000,1000000000,,,1,60000,1000,0,857,60000,21000,60000,60,7000000000000,,armed,720000,scheduled,61000,21000,61000,61,0,,armed,721000,blocked
720536,0,6,131,1,0,ack,0,0,3,1000,1000000,1000,0,0,0,0,1000000000,1000000000,,44000,0,0,,,,,61000,43000,61000,61,0,,parked,,blocked,61000,44000,61000,61,0,,armed,721000,blocked
721000,1,1,687,1,0,tick,1,0,3,1000,1000000,1000,0,0,0,0,1000000000,1000000000,,,,0,,,,,61000,44000,61000,61,0,,armed,721000,blocked,61000,44000,61000,61,0,,parked,,blocked
721000,1,3,676,3,2,tick,0,0,3,1000,1000000,1000,0,0,0,0,1000000000,1000000000,1000000000,,,0,,,,,61000,21000,61000,61,0,,armed,721000,blocked,61000,21000,61000,61,1000000000000,,armed,722000,blocked
722000,1,3,680,3,2,tick,0,0,3,1000,1000000,1000,0,0,0,0,1000000000,1000000000,1000000000,,,0,,,,,61000,21000,61000,61,1000000000000,,armed,722000,blocked,61000,21000,61000,61,2000000000000,,armed,723000,blocked
723000,1,3,681,3,2,tick,0,0,3,1000,1000000,1000,0,0,0,0,1000000000,1000000000,1000000000,,,0,,,,,61000,21000,61000,61,2000000000000,,armed,723000,blocked,61000,21000,61000,61,3000000000000,,armed,724000,blocked
724000,1,3,682,3,2,tick,0,0,3,1000,1000000,1000,0,0,0,0,1000000000,1000000000,1000000000,,,0,,,,,61000,21000,61000,61,3000000000000,,armed,724000,blocked,61000,21000,61000,61,4000000000000,,armed,725000,blocked
725000,1,3,683,3,2,tick,0,0,3,1000,1000000,1000,0,0,0,0,1000000000,1000000000,1000000000,,,0,,,,,61000,21000,61000,61,4000000000000,,armed,725000,blocked,61000,21000,61000,61,5000000000000,,armed,726000,blocked
726000,1,3,684,3,2,tick,0,0,3,1000,1000000,1000,0,0,0,0,1000000000,1000000000,1000000000,,,0,,,,,61000,21000,61000,61,5000000000000,,armed,726000,blocked,61000,21000,61000,61,6000000000000,,armed,727000,blocked
727000,1,3,685,3,2,tick,0,0,3,1000,1000000,1000,0,0,0,0,1000000000,1000000000,1000000000,,,0,,,,,61000,21000,61000,61,6000000000000,,armed,727000,blocked,61000,21000,61000,61,7000000000000,,armed,728000,scheduled
728000,1,3,686,3,2,tick,0,0,3,1000,1000000,1000,0,0,0,0,1000000000,1000000000,1000000000,,,1,61000,1000,0,871,61000,21000,61000,61,7000000000000,,armed,728000,scheduled,62000,21000,62000,62,0,,armed,729000,blocked
729000,1,3,687,3,2,tick,0,0,3,1000,1000000,1000,0,0,0,0,1000000000,1000000000,1000000000,,,0,,,,,62000,21000,62000,62,0,,armed,729000,blocked,62000,21000,62000,62,1000000000000,,armed,730000,blocked
729048,0,9,68,2,1,ack,0,0,3,1000,1000000,1000,0,0,0,0,1000000000,1000000000,,23000,0,0,,,,,41000,22000,41000,41,0,,parked,,blocked,41000,23000,41000,41,0,,armed,730000,blocked
730000,1,2,464,2,1,tick,1,0,3,1000,1000000,1000,0,0,0,0,1000000000,1000000000,,,,0,,,,,41000,23000,41000,41,0,,armed,730000,blocked,41000,23000,41000,41,0,,parked,,blocked
730000,1,3,691,3,2,tick,0,0,3,1000,1000000,1000,0,0,0,0,1000000000,1000000000,1000000000,,,0,,,,,62000,21000,62000,62,1000000000000,,armed,730000,blocked,62000,21000,62000,62,2000000000000,,armed,731000,blocked
731000,1,3,692,3,2,tick,0,0,3,1000,1000000,1000,0,0,0,0,1000000000,1000000000,1000000000,,,0,,,,,62000,21000,62000,62,2000000000000,,armed,731000,blocked,62000,21000,62000,62,3000000000000,,armed,732000,blocked
732000,1,3,693,3,2,tick,0,0,3,1000,1000000,1000,0,0,0,0,1000000000,1000000000,1000000000,,,0,,,,,62000,21000,62000,62,3000000000000,,armed,732000,blocked,62000,21000,62000,62,4000000000000,,armed,733000,blocked
733000,1,3,694,3,2,tick,0,0,3,1000,1000000,1000,0,0,0,0,1000000000,1000000000,1000000000,,,0,,,,,62000,21000,62000,62,4000000000000,,armed,733000,blocked,62000,21000,62000,62,5000000000000,,armed,734000,blocked
734000,1,3,695,3,2,tick,0,0,3,1000,1000000,1000,0,0,0,0,1000000000,1000000000,1000000000,,,0,,,,,62000,21000,62000,62,5000000000000,,armed,734000,blocked,62000,21000,62000,62,6000000000000,,armed,735000,blocked
735000,1,3,696,3,2,tick,0,0,3,1000,1000000,1000,0,0,0,0,1000000000,1000000000,1000000000,,,0,,,,,62000,21000,62000,62,6000000000000,,armed,735000,blocked,62000,21000,62000,62,7000000000000,,armed,736000,scheduled
736000,1,3,697,3,2,tick,0,0,3,1000,1000000,1000,0,0,0,0,1000000000,1000000000,1000000000,,,1,62000,1000,0,885,62000,21000,62000,62,7000000000000,,armed,736000,scheduled,63000,21000,63000,63,0,,armed,737000,blocked
736536,0,6,134,1,0,ack,0,0,3,1000,1000000,1000,0,0,0,0,1000000000,1000000000,,45000,0,0,,,,,61000,44000,61000,61,0,,parked,,blocked,61000,45000,61000,61,0,,armed,737000,blocked
737000,1,1,688,1,0,tick,1,0,3,1000,1000000,1000,0,0,0,0,1000000000,1000000000,,,,0,,,,,61000,45000,61000,61,0,,armed,737000,blocked,61000,45000,61000,61,0,,parked,,blocked
737000,1,3,698,3,2,tick,0,0,3,1000,1000000,1000,0,0,0,0,1000000000,1000000000,1000000000,,,0,,,,,63000,21000,63000,63,0,,armed,737000,blocked,63000,21000,63000,63,1000000000000,,armed,738000,blocked
738000,1,3,702,3,2,tick,0,0,3,1000,1000000,1000,0,0,0,0,1000000000,1000000000,1000000000,,,0,,,,,63000,21000,63000,63,1000000000000,,armed,738000,blocked,63000,21000,63000,63,2000000000000,,armed,739000,blocked
739000,1,3,703,3,2,tick,0,0,3,1000,1000000,1000,0,0,0,0,1000000000,1000000000,1000000000,,,0,,,,,63000,21000,63000,63,2000000000000,,armed,739000,blocked,63000,21000,63000,63,3000000000000,,armed,740000,blocked
740000,1,3,704,3,2,tick,0,0,3,1000,1000000,1000,0,0,0,0,1000000000,1000000000,1000000000,,,0,,,,,63000,21000,63000,63,3000000000000,,armed,740000,blocked,63000,21000,63000,63,4000000000000,,armed,741000,blocked
741000,1,3,705,3,2,tick,0,0,3,1000,1000000,1000,0,0,0,0,1000000000,1000000000,1000000000,,,0,,,,,63000,21000,63000,63,4000000000000,,armed,741000,blocked,63000,21000,63000,63,5000000000000,,armed,742000,blocked
742000,1,3,706,3,2,tick,0,0,3,1000,1000000,1000,0,0,0,0,1000000000,1000000000,1000000000,,,0,,,,,63000,21000,63000,63,5000000000000,,armed,742000,blocked,63000,21000,63000,63,6000000000000,,armed,743000,blocked
743000,1,3,707,3,2,tick,0,0,3,1000,1000000,1000,0,0,0,0,1000000000,1000000000,1000000000,,,0,,,,,63000,21000,63000,63,6000000000000,,armed,743000,blocked,63000,21000,63000,63,7000000000000,,armed,744000,scheduled
744000,1,3,708,3,2,tick,0,0,3,1000,1000000,1000,0,0,0,0,1000000000,1000000000,1000000000,,,1,63000,1000,0,899,63000,21000,63000,63,7000000000000,,armed,744000,scheduled,64000,21000,64000,64,0,,armed,745000,blocked
745000,1,3,709,3,2,tick,0,0,3,1000,1000000,1000,0,0,0,0,1000000000,1000000000,1000000000,,,0,,,,,64000,21000,64000,64,0,,armed,745000,blocked,64000,21000,64000,64,1000000000000,,armed,746000,blocked
745560,0,12,65,3,2,ack,0,0,3,1000,1000000,1000,0,0,0,0,1000000000,1000000000,,22000,0,0,,,,,64000,21000,64000,64,1000000000000,,armed,746000,blocked,64000,22000,64000,64,1000000000000,,armed,746000,blocked
746000,1,3,713,3,2,tick,0,0,3,1000,1000000,1000,0,0,0,0,1000000000,1000000000,1000000000,,,0,,,,,64000,22000,64000,64,1000000000000,,armed,746000,blocked,64000,22000,64000,64,2000000000000,,armed,747000,blocked
747000,1,3,714,3,2,tick,0,0,3,1000,1000000,1000,0,0,0,0,1000000000,1000000000,1000000000,,,0,,,,,64000,22000,64000,64,2000000000000,,armed,747000,blocked,64000,22000,64000,64,3000000000000,,armed,748000,blocked
748000,1,3,715,3,2,tick,0,0,3,1000,1000000,1000,0,0,0,0,1000000000,1000000000,1000000000,,,0,,,,,64000,22000,64000,64,3000000000000,,armed,748000,blocked,64000,22000,64000,64,4000000000000,,armed,749000,blocked
749000,1,3,716,3,2,tick,0,0,3,1000,1000000,1000,0,0,0,0,1000000000,1000000000,1000000000,,,0,,,,,64000,22000,64000,64,4000000000000,,armed,749000,blocked,64000,22000,64000,64,5000000000000,,armed,750000,blocked
750000,1,3,717,3,2,tick,0,0,3,1000,1000000,1000,0,0,0,0,1000000000,1000000000,1000000000,,,0,,,,,64000,22000,64000,64,5000000000000,,armed,750000,blocked,64000,22000,64000,64,6000000000000,,armed,751000,blocked
751000,1,3,718,3,2,tick,0,0,3,1000,1000000,1000,0,0,0,0,1000000000,1000000000,1000000000,,,0,,,,,64000,22000,64000,64,6000000000000,,armed,751000,blocked,64000,22000,64000,64,7000000000000,,armed,752000,scheduled
752000,1,3,719,3,2,tick,0,0,3,1000,1000000,1000,0,0,0,0,1000000000,1000000000,1000000000,,,1,64000,1000,0,913,64000,22000,64000,64,7000000000000,,armed,752000,scheduled,65000,22000,65000,65,0,,armed,753000,blocked
752536,0,6,137,1,0,ack,0,0,3,1000,1000000,1000,0,0,0,0,1000000000,1000000000,,46000,0,0,,,,,61000,45000,61000,61,0,,parked,,blocked,61000,46000,61000,61,0,,armed,753000,blocked
753000,1,1,689,1,0,tick,1,0,3,1000,1000000,1000,0,0,0,0,1000000000,1000000000,,,,0,,,,,61000,46000,61000,61,0,,armed,753000,blocked,61000,46000,61000,61,0,,parked,,blocked
753000,1,3,720,3,2,tick,0,0,3,1000,1000000,1000,0,0,0,0,1000000000,1000000000,1000000000,,,0,,,,,65000,22000,65000,65,0,,armed,753000,blocked,65000,22000,65000,65,1000000000000,,armed,754000,blocked
754000,1,3,724,3,2,tick,0,0,3,1000,1000000,1000,0,0,0,0,1000000000,1000000000,1000000000,,,0,,,,,65000,22000,65000,65,1000000000000,,armed,754000,blocked,65000,22000,65000,65,2000000000000,,armed,755000,blocked
755000,1,3,725,3,2,tick,0,0,3,1000,1000000,1000,0,0,0,0,1000000000,1000000000,1000000000,,,0,,,,,65000,22000,65000,65,2000000000000,,armed,755000,blocked,65000,22000,65000,65,3000000000000,,armed,756000,blocked
756000,1,3,726,3,2,tick,0,0,3,1000,1000000,1000,0,0,0,0,1000000000,1000000000,1000000000,,,0,,,,,65000,22000,65000,65,3000000000000,,armed,756000,blocked,65000,22000,65000,65,4000000000000,,armed,757000,blocked
757000,1,3,727,3,2,tick,0,0,3,1000,1000000,1000,0,0,0,0,1000000000,1000000000,1000000000,,,0,,,,,65000,22000,65000,65,4000000000000,,armed,757000,blocked,65000,22000,65000,65,5000000000000,,armed,758000,blocked
758000,1,3,728,3,2,tick,0,0,3,1000,1000000,1000,0,0,0,0,1000000000,1000000000,1000000000,,,0,,,,,65000,22000,65000,65,5000000000000,,armed,758000,blocked,65000,22000,65000,65,6000000000000,,armed,759000,blocked
759000,1,3,729,3,2,tick,0,0,3,1000,1000000,1000,0,0,0,0,1000000000,1000000000,1000000000,,,0,,,,,65000,22000,65000,65,6000000000000,,armed,759000,blocked,65000,22000,65000,65,7000000000000,,armed,760000,scheduled
760000,1,3,730,3,2,tick,0,0,3,1000,1000000,1000,0,0,0,0,1000000000,1000000000,1000000000,,,1,65000,1000,0,927,65000,22000,65000,65,7000000000000,,armed,760000,scheduled,66000,22000,66000,66,0,,armed,761000,blocked
761000,1,3,731,3,2,tick,0,0,3,1000,1000000,1000,0,0,0,0,1000000000,1000000000,1000000000,,,0,,,,,66000,22000,66000,66,0,,armed,761000,blocked,66000,22000,66000,66,1000000000000,,armed,762000,blocked
761048,0,9,71,2,1,ack,0,0,3,1000,1000000,1000,0,0,0,0,1000000000,1000000000,,24000,0,0,,,,,41000,23000,41000,41,0,,parked,,blocked,41000,24000,41000,41,0,,armed,762000,blocked
762000,1,2,465,2,1,tick,1,0,3,1000,1000000,1000,0,0,0,0,1000000000,1000000000,,,,0,,,,,41000,24000,41000,41,0,,armed,762000,blocked,41000,24000,41000,41,0,,parked,,blocked
762000,1,3,735,3,2,tick,0,0,3,1000,1000000,1000,0,0,0,0,1000000000,1000000000,1000000000,,,0,,,,,66000,22000,66000,66,1000000000000,,armed,762000,blocked,66000,22000,66000,66,2000000000000,,armed,763000,blocked
763000,1,3,736,3,2,tick,0,0,3,1000,1000000,1000,0,0,0,0,1000000000,1000000000,1000000000,,,0,,,,,66000,22000,66000,66,2000000000000,,armed,763000,blocked,66000,22000,66000,66,3000000000000,,armed,764000,blocked
764000,1,3,737,3,2,tick,0,0,3,1000,1000000,1000,0,0,0,0,1000000000,1000000000,1000000000,,,0,,,,,66000,22000,66000,66,3000000000000,,armed,764000,blocked,66000,22000,66000,66,4000000000000,,armed,765000,blocked
765000,1,3,738,3,2,tick,0,0,3,1000,1000000,1000,0,0,0,0,1000000000,1000000000,1000000000,,,0,,,,,66000,22000,66000,66,4000000000000,,armed,765000,blocked,66000,22000,66000,66,5000000000000,,armed,766000,blocked
766000,1,3,739,3,2,tick,0,0,3,1000,1000000,1000,0,0,0,0,1000000000,1000000000,1000000000,,,0,,,,,66000,22000,66000,66,5000000000000,,armed,766000,blocked,66000,22000,66000,66,6000000000000,,armed,767000,blocked
767000,1,3,740,3,2,tick,0,0,3,1000,1000000,1000,0,0,0,0,1000000000,1000000000,1000000000,,,0,,,,,66000,22000,66000,66,6000000000000,,armed,767000,blocked,66000,22000,66000,66,7000000000000,,armed,768000,scheduled
768000,1,3,741,3,2,tick,0,0,3,1000,1000000,1000,0,0,0,0,1000000000,1000000000,1000000000,,,1,66000,1000,0,941,66000,22000,66000,66,7000000000000,,armed,768000,scheduled,67000,22000,67000,67,0,,armed,769000,blocked
768536,0,6,140,1,0,ack,0,0,3,1000,1000000,1000,0,0,0,0,1000000000,1000000000,,47000,0,0,,,,,61000,46000,61000,61,0,,parked,,blocked,61000,47000,61000,61,0,,armed,769000,blocked
769000,1,1,690,1,0,tick,1,0,3,1000,1000000,1000,0,0,0,0,1000000000,1000000000,,,,0,,,,,61000,47000,61000,61,0,,armed,769000,blocked,61000,47000,61000,61,0,,parked,,blocked
769000,1,3,742,3,2,tick,0,0,3,1000,1000000,1000,0,0,0,0,1000000000,1000000000,1000000000,,,0,,,,,67000,22000,67000,67,0,,armed,769000,blocked,67000,22000,67000,67,1000000000000,,armed,770000,blocked
770000,1,3,746,3,2,tick,0,0,3,1000,1000000,1000,0,0,0,0,1000000000,1000000000,1000000000,,,0,,,,,67000,22000,67000,67,1000000000000,,armed,770000,blocked,67000,22000,67000,67,2000000000000,,armed,771000,blocked
771000,1,3,747,3,2,tick,0,0,3,1000,1000000,1000,0,0,0,0,1000000000,1000000000,1000000000,,,0,,,,,67000,22000,67000,67,2000000000000,,armed,771000,blocked,67000,22000,67000,67,3000000000000,,armed,772000,blocked
772000,1,3,748,3,2,tick,0,0,3,1000,1000000,1000,0,0,0,0,1000000000,1000000000,1000000000,,,0,,,,,67000,22000,67000,67,3000000000000,,armed,772000,blocked,67000,22000,67000,67,4000000000000,,armed,773000,blocked
773000,1,3,749,3,2,tick,0,0,3,1000,1000000,1000,0,0,0,0,1000000000,1000000000,1000000000,,,0,,,,,67000,22000,67000,67,4000000000000,,armed,773000,blocked,67000,22000,67000,67,5000000000000,,armed,774000,blocked
774000,1,3,750,3,2,tick,0,0,3,1000,1000000,1000,0,0,0,0,1000000000,1000000000,1000000000,,,0,,,,,67000,22000,67000,67,5000000000000,,armed,774000,blocked,67000,22000,67000,67,6000000000000,,armed,775000,blocked
775000,1,3,751,3,2,tick,0,0,3,1000,1000000,1000,0,0,0,0,1000000000,1000000000,1000000000,,,0,,,,,67000,22000,67000,67,6000000000000,,armed,775000,blocked,67000,22000,67000,67,7000000000000,,armed,776000,scheduled
776000,1,3,752,3,2,tick,0,0,3,1000,1000000,1000,0,0,0,0,1000000000,1000000000,1000000000,,,1,67000,1000,0,955,67000,22000,67000,67,7000000000000,,armed,776000,scheduled,68000,22000,68000,68,0,,armed,777000,blocked
777000,1,3,753,3,2,tick,0,0,3,1000,1000000,1000,0,0,0,0,1000000000,1000000000,1000000000,,,0,,,,,68000,22000,68000,68,0,,armed,777000,blocked,68000,22000,68000,68,1000000000000,,armed,778000,blocked
777560,0,12,68,3,2,ack,0,0,3,1000,1000000,1000,0,0,0,0,1000000000,1000000000,,23000,0,0,,,,,68000,22000,68000,68,1000000000000,,armed,778000,blocked,68000,23000,68000,68,1000000000000,,armed,778000,blocked
778000,1,3,757,3,2,tick,0,0,3,1000,1000000,1000,0,0,0,0,1000000000,1000000000,1000000000,,,0,,,,,68000,23000,68000,68,1000000000000,,armed,778000,blocked,68000,23000,68000,68,2000000000000,,armed,779000,blocked
779000,1,3,758,3,2,tick,0,0,3,1000,1000000,1000,0,0,0,0,1000000000,1000000000,1000000000,,,0,,,,,68000,23000,68000,68,2000000000000,,armed,779000,blocked,68000,23000,68000,68,3000000000000,,armed,780000,blocked
780000,1,3,759,3,2,tick,0,0,3,1000,1000000,1000,0,0,0,0,1000000000,1000000000,1000000000,,,0,,,,,68000,23000,68000,68,3000000000000,,armed,780000,blocked,68000,23000,68000,68,4000000000000,,armed,781000,blocked
781000,1,3,760,3,2,tick,0,0,3,1000,1000000,1000,0,0,0,0,1000000000,1000000000,1000000000,,,0,,,,,68000,23000,68000,68,4000000000000,,armed,781000,blocked,68000,23000,68000,68,5000000000000,,armed,782000,blocked
782000,1,3,761,3,2,tick,0,0,3,1000,1000000,1000,0,0,0,0,1000000000,1000000000,1000000000,,,0,,,,,68000,23000,68000,68,5000000000000,,armed,782000,blocked,68000,23000,68000,68,6000000000000,,armed,783000,blocked
783000,1,3,762,3,2,tick,0,0,3,1000,1000000,1000,0,0,0,0,1000000000,1000000000,1000000000,,,0,,,,,68000,23000,68000,68,6000000000000,,armed,783000,blocked,68000,23000,68000,68,7000000000000,,armed,784000,scheduled
784000,1,3,763,3,2,tick,0,0,3,1000,1000000,1000,0,0,0,0,1000000000,1000000000,1000000000,,,1,68000,1000,0,969,68000,23000,68000,68,7000000000000,,armed,784000,scheduled,69000,23000,69000,69,0,,armed,785000,blocked
784536,0,6,143,1,0,ack,0,0,3,1000,1000000,1000,0,0,0,0,1000000000,1000000000,,48000,0,0,,,,,61000,47000,61000,61,0,,parked,,blocked,61000,48000,61000,61,0,,armed,785000,blocked
785000,1,1,691,1,0,tick,1,0,3,1000,1000000,1000,0,0,0,0,1000000000,1000000000,,,,0,,,,,61000,48000,61000,61,0,,armed,785000,blocked,61000,48000,61000,61,0,,parked,,blocked
785000,1,3,764,3,2,tick,0,0,3,1000,1000000,1000,0,0,0,0,1000000000,1000000000,1000000000,,,0,,,,,69000,23000,69000,69,0,,armed,785000,blocked,69000,23000,69000,69,1000000000000,,armed,786000,blocked
786000,1,3,768,3,2,tick,0,0,3,1000,1000000,1000,0,0,0,0,1000000000,1000000000,1000000000,,,0,,,,,69000,23000,69000,69,1000000000000,,armed,786000,blocked,69000,23000,69000,69,2000000000000,,armed,787000,blocked
787000,1,3,769,3,2,tick,0,0,3,1000,1000000,1000,0,0,0,0,1000000000,1000000000,1000000000,,,0,,,,,69000,23000,69000,69,2000000000000,,armed,787000,blocked,69000,23000,69000,69,3000000000000,,armed,788000,blocked
788000,1,3,770,3,2,tick,0,0,3,1000,1000000,1000,0,0,0,0,1000000000,1000000000,1000000000,,,0,,,,,69000,23000,69000,69,3000000000000,,armed,788000,blocked,69000,23000,69000,69,4000000000000,,armed,789000,blocked
789000,1,3,771,3,2,tick,0,0,3,1000,1000000,1000,0,0,0,0,1000000000,1000000000,1000000000,,,0,,,,,69000,23000,69000,69,4000000000000,,armed,789000,blocked,69000,23000,69000,69,5000000000000,,armed,790000,blocked
790000,1,3,772,3,2,tick,0,0,3,1000,1000000,1000,0,0,0,0,1000000000,1000000000,1000000000,,,0,,,,,69000,23000,69000,69,5000000000000,,armed,790000,blocked,69000,23000,69000,69,6000000000000,,armed,791000,blocked
791000,1,3,773,3,2,tick,0,0,3,1000,1000000,1000,0,0,0,0,1000000000,1000000000,1000000000,,,0,,,,,69000,23000,69000,69,6000000000000,,armed,791000,blocked,69000,23000,69000,69,7000000000000,,armed,792000,scheduled
792000,1,3,774,3,2,tick,0,0,3,1000,1000000,1000,0,0,0,0,1000000000,1000000000,1000000000,,,1,69000,1000,0,983,69000,23000,69000,69,7000000000000,,armed,792000,scheduled,70000,23000,70000,70,0,,armed,793000,blocked
792024,0,10,182,2,1,resume,0,0,3,1000,1000000,1000,0,0,0,0,1000000000,1000000000,,,,0,,,,,41000,24000,41000,41,0,,parked,,blocked,41000,24000,41000,41,0,,armed,793000,blocked
793000,1,2,466,2,1,tick,0,0,3,1000,1000000,1000,0,0,0,0,1000000000,1000000000,1000000000,,,0,,,,,41000,24000,41000,41,0,,armed,793000,blocked,41000,24000,41000,41,1000000000000,,armed,794000,blocked
793000,1,3,775,3,2,tick,0,0,3,1000,1000000,1000,0,0,0,0,1000000000,1000000000,1000000000,,,0,,,,,70000,23000,70000,70,0,,armed,793000,blocked,70000,23000,70000,70,1000000000000,,armed,794000,blocked
793048,0,9,74,2,1,ack,0,0,3,1000,1000000,1000,0,0,0,0,1000000000,1000000000,,25000,0,0,,,,,41000,24000,41000,41,1000000000000,,armed,794000,blocked,41000,25000,41000,41,1000000000000,,armed,794000,blocked
794000,1,2,467,2,1,tick,0,0,3,1000,1000000,1000,0,0,0,0,1000000000,1000000000,1000000000,,,0,,,,,41000,25000,41000,41,1000000000000,,armed,794000,blocked,41000,25000,41000,41,2000000000000,,armed,795000,blocked
794000,1,3,779,3,2,tick,0,0,3,1000,1000000,1000,0,0,0,0,1000000000,1000000000,1000000000,,,0,,,,,70000,23000,70000,70,1000000000000,,armed,794000,blocked,70000,23000,70000,70,2000000000000,,armed,795000,blocked
795000,1,2,468,2,1,tick,0,0,3,1000,1000000,1000,0,0,0,0,1000000000,1000000000,1000000000,,,0,,,,,41000,25000,41000,41,2000000000000,,armed,795000,blocked,41000,25000,41000,41,3000000000000,,armed,796000,blocked
795000,1,3,780,3,2,tick,0,0,3,1000,1000000,1000,0,0,0,0,1000000000,1000000000,1000000000,,,0,,,,,70000,23000,70000,70,2000000000000,,armed,795000,blocked,70000,23000,70000,70,3000000000000,,armed,796000,blocked
796000,1,2,469,2,1,tick,0,0,3,1000,1000000,1000,0,0,0,0,1000000000,1000000000,1000000000,,,0,,,,,41000,25000,41000,41,3000000000000,,armed,796000,blocked,41000,25000,41000,41,4000000000000,,armed,797000,blocked
796000,1,3,781,3,2,tick,0,0,3,1000,1000000,1000,0,0,0,0,1000000000,1000000000,1000000000,,,0,,,,,70000,23000,70000,70,3000000000000,,armed,796000,blocked,70000,23000,70000,70,4000000000000,,armed,797000,blocked
797000,1,2,470,2,1,tick,0,0,3,1000,1000000,1000,0,0,0,0,1000000000,1000000000,1000000000,,,0,,,,,41000,25000,41000,41,4000000000000,,armed,797000,blocked,41000,25000,41000,41,5000000000000,,armed,798000,blocked
797000,1,3,782,3,2,tick,0,0,3,1000,1000000,1000,0,0,0,0,1000000000,1000000000,1000000000,,,0,,,,,70000,23000,70000,70,4000000000000,,armed,797000,blocked,70000,23000,70000,70,5000000000000,,armed,798000,blocked
798000,1,2,471,2,1,tick,0,0,3,1000,1000000,1000,0,0,0,0,1000000000,1000000000,1000000000,,,0,,,,,41000,25000,41000,41,5000000000000,,armed,798000,blocked,41000,25000,41000,41,6000000000000,,armed,799000,blocked
798000,1,3,783,3,2,tick,0,0,3,1000,1000000,1000,0,0,0,0,1000000000,1000000000,1000000000,,,0,,,,,70000,23000,70000,70,5000000000000,,armed,798000,blocked,70000,23000,70000,70,6000000000000,,armed,799000,blocked
799000,1,2,472,2,1,tick,0,0,3,1000,1000000,1000,0,0,0,0,1000000000,1000000000,1000000000,,,0,,,,,41000,25000,41000,41,6000000000000,,armed,799000,blocked,41000,25000,41000,41,7000000000000,,armed,800000,scheduled
799000,1,3,784,3,2,tick,0,0,3,1000,1000000,1000,0,0,0,0,1000000000,1000000000,1000000000,,,0,,,,,70000,23000,70000,70,6000000000000,,armed,799000,blocked,70000,23000,70000,70,7000000000000,,armed,800000,scheduled
800000,1,2,473,2,1,tick,0,0,3,1000,1000000,1000,0,0,0,0,1000000000,1000000000,1000000000,,,1,41000,1000,0,590,41000,25000,41000,41,7000000000000,,armed,800000,scheduled,42000,25000,42000,42,0,,armed,801000,blocked
800000,1,3,785,3,2,tick,0,0,3,1000,1000000,1000,0,0,0,0,1000000000,1000000000,1000000000,,,1,70000,1000,0,997,70000,23000,70000,70,7000000000000,,armed,800000,scheduled,71000,23000,71000,71,0,,armed,801000,blocked
800536,0,6,146,1,0,ack,0,0,3,1000,1000000,1000,0,0,0,0,1000000000,1000000000,,49000,0,0,,,,,61000,48000,61000,61,0,,parked,,blocked,61000,49000,61000,61,0,,armed,801000,blocked
801000,1,1,692,1,0,tick,1,0,3,1000,1000000,1000,0,0,0,0,1000000000,1000000000,,,,0,,,,,61000,49000,61000,61,0,,armed,801000,blocked,61000,49000,61000,61,0,,parked,,blocked
801000,1,2,474,2,1,tick,0,0,3,1000,1000000,1000,0,0,0,0,1000000000,1000000000,1000000000,,,0,,,,,42000,25000,42000,42,0,,armed,801000,blocked,42000,25000,42000,42,1000000000000,,armed,802000,blocked
801000,1,3,786,3,2,tick,1,0,3,1000,1000000,1000,0,0,0,0,1000000000,1000000000,,,,0,,,,,71000,23000,71000,71,0,,armed,801000,blocked,71000,23000,71000,71,0,,parked,,blocked
802000,1,2,478,2,1,tick,0,0,3,1000,1000000,1000,0,0,0,0,1000000000,1000000000,1000000000,,,0,,,,,42000,25000,42000,42,1000000000000,,armed,802000,blocked,42000,25000,42000,42,2000000000000,,armed,803000,blocked
803000,1,2,479,2,1,tick,0,0,3,1000,1000000,1000,0,0,0,0,1000000000,1000000000,1000000000,,,0,,,,,42000,25000,42000,42,2000000000000,,armed,803000,blocked,42000,25000,42000,42,3000000000000,,armed,804000,blocked
804000,1,2,480,2,1,tick,0,0,3,1000,1000000,1000,0,0,0,0,1000000000,1000000000,1000000000,,,0,,,,,42000,25000,42000,42,3000000000000,,armed,804000,blocked,42000,25000,42000,42,4000000000000,,armed,805000,blocked
805000,1,2,481,2,1,tick,0,0,3,1000,1000000,1000,0,0,0,0,1000000000,1000000000,1000000000,,,0,,,,,42000,25000,42000,42,4000000000000,,armed,805000,blocked,42000,25000,42000,42,5000000000000,,armed,806000,blocked
806000,1,2,482,2,1,tick,0,0,3,1000,1000000,1000,0,0,0,0,1000000000,1000000000,1000000000,,,0,,,,,42000,25000,42000,42,5000000000000,,armed,806000,blocked,42000,25000,42000,42,6000000000000,,armed,807000,blocked
807000,1,2,483,2,1,tick,0,0,3,1000,1000000,1000,0,0,0,0,1000000000,1000000000,1000000000,,,0,,,,,42000,25000,42000,42,6000000000000,,armed,807000,blocked,42000,25000,42000,42,7000000000000,,armed,808000,scheduled
808000,1,2,484,2,1,tick,0,0,3,1000,1000000,1000,0,0,0,0,1000000000,1000000000,1000000000,,,1,42000,1000,0,604,42000,25000,42000,42,7000000000000,,armed,808000,scheduled,43000,25000,43000,43,0,,armed,809000,blocked
809000,1,2,485,2,1,tick,0,0,3,1000,1000000,1000,0,0,0,0,1000000000,1000000000,1000000000,,,0,,,,,43000,25000,43000,43,0,,armed,809000,blocked,43000,25000,43000,43,1000000000000,,armed,810000,blocked
809560,0,12,71,3,2,ack,0,0,3,1000,1000000,1000,0,0,0,0,1000000000,1000000000,,24000,0,0,,,,,71000,23000,71000,71,0,,parked,,blocked,71000,24000,71000,71,0,,armed,810000,blocked
810000,1,2,489,2,1,tick,0,0,3,1000,1000000,1000,0,0,0,0,1000000000,1000000000,1000000000,,,0,,,,,43000,25000,43000,43,1000000000000,,armed,810000,blocked,43000,25000,43000,43,2000000000000,,armed,811000,blocked
810000,1,3,790,3,2,tick,1,0,3,1000,1000000,1000,0,0,0,0,1000000000,1000000000,,,,0,,,,,71000,24000,71000,71,0,,armed,810000,blocked,71000,24000,71000,71,0,,parked,,blocked
811000,1,2,490,2,1,tick,0,0,3,1000,1000000,1000,0,0,0,0,1000000000,1000000000,1000000000,,,0,,,,,43000,25000,43000,43,2000000000000,,armed,811000,blocked,43000,25000,43000,43,3000000000000,,armed,812000,blocked
812000,1,2,491,2,1,tick,0,0,3,1000,1000000,1000,0,0,0,0,1000000000,1000000000,1000000000,,,0,,,,,43000,25000,43000,43,3000000000000,,armed,812000,blocked,43000,25000,43000,43,4000000000000,,armed,813000,blocked
813000,1,2,492,2,1,tick,0,0,3,1000,1000000,1000,0,0,0,0,1000000000,1000000000,1000000000,,,0,,,,,43000,25000,43000,43,4000000000000,,armed,813000,blocked,43000,25000,43000,43,5000000000000,,armed,814000,blocked
814000,1,2,493,2,1,tick,0,0,3,1000,1000000,1000,0,0,0,0,1000000000,1000000000,1000000000,,,0,,,,,43000,25000,43000,43,5000000000000,,armed,814000,blocked,43000,25000,43000,43,6000000000000,,armed,815000,blocked
815000,1,2,494,2,1,tick,0,0,3,1000,1000000,1000,0,0,0,0,1000000000,1000000000,1000000000,,,0,,,,,43000,25000,43000,43,6000000000000,,armed,815000,blocked,43000,25000,43000,43,7000000000000,,armed,816000,scheduled
815512,0,7,308,1,0,resume,0,0,3,1000,1000000,1000,0,0,0,0,1000000000,1000000000,,,,0,,,,,61000,49000,61000,61,0,,parked,,blocked,61000,49000,61000,61,0,,armed,816000,blocked
816000,1,1,693,1,0,tick,0,0,3,1000,1000000,1000,0,0,0,0,1000000000,1000000000,1000000000,,,0,,,,,61000,49000,61000,61,0,,armed,816000,blocked,61000,49000,61000,61,1000000000000,,armed,817000,blocked
816000,1,2,495,2,1,tick,0,0,3,1000,1000000,1000,0,0,0,0,1000000000,1000000000,1000000000,,,1,43000,1000,0,618,43000,25000,43000,43,7000000000000,,armed,816000,scheduled,44000,25000,44000,44,0,,armed,817000,blocked
816536,0,6,149,1,0,ack,0,0,3,1000,1000000,1000,0,0,0,0,1000000000,1000000000,,50000,0,0,,,,,61000,49000,61000,61,1000000000000,,armed,817000,blocked,61000,50000,61000,61,1000000000000,,armed,817000,blocked
817000,1,1,694,1,0,tick,0,0,3,1000,1000000,1000,0,0,0,0,1000000000,1000000000,1000000000,,,0,,,,,61000,50000,61000,61,1000000000000,,armed,817000,blocked,61000,50000,61000,61,2000000000000,,armed,818000,blocked
817000,1,2,496,2,1,tick,0,0,3,1000,1000000,1000,0,0,0,0,1000000000,1000000000,1000000000,,,0,,,,,44000,25000,44000,44,0,,armed,817000,blocked,44000,25000,44000,44,1000000000000,,armed,818000,blocked
818000,1,1,695,1,0,tick,0,0,3,1000,1000000,1000,0,0,0,0,1000000000,1000000000,1000000000,,,0,,,,,61000,50000,61000,61,2000000000000,,armed,818000,blocked,61000,50000,61000,61,3000000000000,,armed,819000,blocked
818000,1,2,500,2,1,tick,0,0,3,1000,1000000,1000,0,0,0,0,1000000000,1000000000,1000000000,,,0,,,,,44000,25000,44000,44,1000000000000,,armed,818000,blocked,44000,25000,44000,44,2000000000000,,armed,819000,blocked
819000,1,1,696,1,0,tick,0,0,3,1000,1000000,1000,0,0,0,0,1000000000,1000000000,1000000000,,,0,,,,,61000,50000,61000,61,3000000000000,,armed,819000,blocked,61000,50000,61000,61,4000000000000,,armed,820000,blocked
819000,1,2,501,2,1,tick,0,0,3,1000,1000000,1000,0,0,0,0,1000000000,1000000000,1000000000,,,0,,,,,44000,25000,44000,44,2000000000000,,armed,819000,blocked,44000,25000,44000,44,3000000000000,,armed,820000,blocked
820000,1,1,697,1,0,tick,0,0,3,1000,1000000,1000,0,0,0,0,1000000000,1000000000,1000000000,,,0,,,,,61000,50000,61000,61,4000000000000,,armed,820000,blocked,61000,50000,61000,61,5000000000000,,armed,821000,blocked
820000,1,2,502,2,1,tick,0,0,3,1000,1000000,1000,0,0,0,0,1000000000,1000000000,1000000000,,,0,,,,,44000,25000,44000,44,3000000000000,,armed,820000,blocked,44000,25000,44000,44,4000000000000,,armed,821000,blocked
821000,1,1,698,1,0,tick,0,0,3,1000,1000000,1000,0,0,0,0,1000000000,1000000000,1000000000,,,0,,,,,61000,50000,61000,61,5000000000000,,armed,821000,blocked,61000,50000,61000,61,6000000000000,,armed,822000,blocked
821000,1,2,503,2,1,tick,0,0,3,1000,1000000,1000,0,0,0,0,1000000000,1000000000,1000000000,,,0,,,,,44000,25000,44000,44,4000000000000,,armed,821000,blocked,44000,25000,44000,44,5000000000000,,armed,822000,blocked
822000,1,1,699,1,0,tick,0,0,3,1000,1000000,1000,0,0,0,0,1000000000,1000000000,1000000000,,,0,,,,,61000,50000,61000,61,6000000000000,,armed,822000,blocked,61000,50000,61000,61,7000000000000,,armed,823000,scheduled
822000,1,2,504,2,1,tick,0,0,3,1000,1000000,1000,0,0,0,0,1000000000,1000000000,1000000000,,,0,,,,,44000,25000,44000,44,5000000000000,,armed,822000,blocked,44000,25000,44000,44,6000000000000,,armed,823000,blocked
823000,1,1,700,1,0,tick,0,0,3,1000,1000000,1000,0,0,0,0,1000000000,1000000000,1000000000,,,1,61000,1000,0,869,61000,50000,61000,61,7000000000000,,armed,823000,scheduled,62000,50000,62000,62,0,,armed,824000,blocked
823000,1,2,505,2,1,tick,0,0,3,1000,1000000,1000,0,0,0,0,1000000000,1000000000,1000000000,,,0,,,,,44000,25000,44000,44,6000000000000,,armed,823000,blocked,44000,25000,44000,44,7000000000000,,armed,824000,scheduled
824000,1,1,701,1,0,tick,0,0,3,1000,1000000,1000,0,0,0,0,1000000000,1000000000,1000000000,,,0,,,,,62000,50000,62000,62,0,,armed,824000,blocked,62000,50000,62000,62,1000000000000,,armed,825000,blocked
824000,1,2,506,2,1,tick,0,0,3,1000,1000000,1000,0,0,0,0,1000000000,1000000000,1000000000,,,1,44000,1000,0,632,44000,25000,44000,44,7000000000000,,armed,824000,scheduled,45000,25000,45000,45,0,,armed,825000,blocked
825000,1,1,705,1,0,tick,0,0,3,1000,1000000,1000,0,0,0,0,1000000000,1000000000,1000000000,,,0,,,,,62000,50000,62000,62,1000000000000,,armed,825000,blocked,62000,50000,62000,62,2000000000000,,armed,826000,blocked
825000,1,2,507,2,1,tick,0,0,3,1000,1000000,1000,0,0,0,0,1000000000,1000000000,1000000000,,,0,,,,,45000,25000,45000,45,0,,armed,825000,blocked,45000,25000,45000,45,1000000000000,,armed,826000,blocked
825048,0,9,77,2,1,ack,0,0,3,1000,1000000,1000,0,0,0,0,1000000000,1000000000,,26000,0,0,,,,,45000,25000,45000,45,1000000000000,,armed,826000,blocked,45000,26000,45000,45,1000000000000,,armed,826000,blocked
826000,1,1,706,1,0,tick,0,0,3,1000,1000000,1000,0,0,0,0,1000000000,1000000000,1000000000,,,0,,,,,62000,50000,62000,62,2000000000000,,armed,826000,blocked,62000,50000,62000,62,3000000000000,,armed,827000,blocked
826000,1,2,511,2,1,tick,0,0,3,1000,1000000,1000,0,0,0,0,1000000000,1000000000,1000000000,,,0,,,,,45000,26000,45000,45,1000000000000,,armed,826000,blocked,45000,26000,45000,45,2000000000000,,armed,827000,blocked
827000,1,1,707,1,0,tick,0,0,3,1000,1000000,1000,0,0,0,0,1000000000,1000000000,1000000000,,,0,,,,,62000,50000,62000,62,3000000000000,,armed,827000,blocked,62000,50000,62000,62,4000000000000,,armed,828000,blocked
827000,1,2,512,2,1,tick,0,0,3,1000,1000000,1000,0,0,0,0,1000000000,1000000000,1000000000,,,0,,,,,45000,26000,45000,45,2000000000000,,armed,827000,blocked,45000,26000,45000,45,3000000000000,,armed,828000,blocked
828000,1,1,708,1,0,tick,0,0,3,1000,1000000,1000,0,0,0,0,1000000000,1000000000,1000000000,,,0,,,,,62000,50000,62000,62,4000000000000,,armed,828000,blocked,62000,50000,62000,62,5000000000000,,armed,829000,blocked
828000,1,2,513,2,1,tick,0,0,3,1000,1000000,1000,0,0,0,0,1000000000,1000000000,1000000000,,,0,,,,,45000,26000,45000,45,3000000000000,,armed,828000,blocked,45000,26000,45000,45,4000000000000,,armed,829000,blocked
829000,1,1,709,1,0,tick,0,0,3,1000,1000000,1000,0,0,0,0,1000000000,1000000000,1000000000,,,0,,,,,62000,50000,62000,62,5000000000000,,armed,829000,blocked,62000,50000,62000,62,6000000000000,,armed,830000,blocked
829000,1,2,514,2,1,tick,0,0,3,1000,1000000,1000,0,0,0,0,1000000000,1000000000,1000000000,,,0,,,,,45000,26000,45000,45,4000000000000,,armed,829000,blocked,45000,26000,45000,45,5000000000000,,armed,830000,blocked
830000,1,1,710,1,0,tick,0,0,3,1000,1000000,1000,0,0,0,0,1000000000,1000000000,1000000000,,,0,,,,,62000,50000,62000,62,6000000000000,,armed,830000,blocked,62000,50000,62000,62,7000000000000,,armed,831000,scheduled
830000,1,2,515,2,1,tick,0,0,3,1000,1000000,1000,0,0,0,0,1000000000,1000000000,1000000000,,,0,,,,,45000,26000,45000,45,5000000000000,,armed,830000,blocked,45000,26000,45000,45,6000000000000,,armed,831000,blocked
831000,1,1,711,1,0,tick,0,0,3,1000,1000000,1000,0,0,0,0,1000000000,1000000000,1000000000,,,1,62000,1000,0,883,62000,50000,62000,62,7000000000000,,armed,831000,scheduled,63000,50000,63000,63,0,,armed,832000,blocked
831000,1,2,516,2,1,tick,0,0,3,1000,1000000,1000,0,0,0,0,1000000000,1000000000,1000000000,,,0,,,,,45000,26000,45000,45,6000000000000,,armed,831000,blocked,45000,26000,45000,45,7000000000000,,armed,832000,scheduled
832000,1,1,712,1,0,tick,0,0,3,1000,1000000,1000,0,0,0,0,1000000000,1000000000,1000000000,,,0,,,,,63000,50000,63000,63,0,,armed,832000,blocked,63000,50000,63000,63,1000000000000,,armed,833000,blocked
832000,1,2,517,2,1,tick,0,0,3,1000,1000000,1000,0,0,0,0,1000000000,1000000000,1000000000,,,1,45000,1000,0,646,45000,26000,45000,45,7000000000000,,armed,832000,scheduled,46000,26000,46000,46,0,,armed,833000,blocked
832536,0,6,152,1,0,ack,0,0,3,1000,1000000,1000,0,0,0,0,1000000000,1000000000,,51000,0,0,,,,,63000,50000,63000,63,1000000000000,,armed,833000,blocked,63000,51000,63000,63,1000000000000,,armed,833000,blocked
833000,1,1,716,1,0,tick,0,0,3,1000,1000000,1000,0,0,0,0,1000000000,1000000000,1000000000,,,0,,,,,63000,51000,63000,63,1000000000000,,armed,833000,blocked,63000,51000,63000,63,2000000000000,,armed,834000,blocked
833000,1,2,518,2,1,tick,0,0,3,1000,1000000,1000,0,0,0,0,1000000000,1000000000,1000000000,,,0,,,,,46000,26000,46000,46,0,,armed,833000,blocked,46000,26000,46000,46,1000000000000,,armed,834000,blocked
834000,1,1,717,1,0,tick,0,0,3,1000,1000000,1000,0,0,0,0,1000000000,1000000000,1000000000,,,0,,,,,63000,51000,63000,63,2000000000000,,armed,834000,blocked,63000,51000,63000,63,3000000000000,,armed,835000,blocked
834000,1,2,522,2,1,tick,0,0,3,1000,1000000,1000,0,0,0,0,1000000000,1000000000,1000000000,,,0,,,,,46000,26000,46000,46,1000000000000,,armed,834000,blocked,46000,26000,46000,46,2000000000000,,armed,835000,blocked
835000,1,1,718,1,0,tick,0,0,3,1000,1000000,1000,0,0,0,0,1000000000,1000000000,1000000000,,,0,,,,,63000,51000,63000,63,3000000000000,,armed,835000,blocked,63000,51000,63000,63,4000000000000,,armed,836000,blocked
835000,1,2,523,2,1,tick,0,0,3,1000,1000000,1000,0,0,0,0,1000000000,1000000000,1000000000,,,0,,,,,46000,26000,46000,46,2000000000000,,armed,835000,blocked,46000,26000,46000,46,3000000000000,,armed,836000,blocked
836000,1,1,719,1,0,tick,0,0,3,1000,1000000,1000,0,0,0,0,1000000000,1000000000,1000000000,,,0,,,,,63000,51000,63000,63,4000000000000,,armed,836000,blocked,63000,51000,63000,63,5000000000000,,armed,837000,blocked
836000,1,2,524,2,1,tick,0,0,3,1000,1000000,1000,0,0,0,0,1000000000,1000000000,1000000000,,,0,,,,,46000,26000,46000,46,3000000000000,,armed,836000,blocked,46000,26000,46000,46,4000000000000,,armed,837000,blocked
837000,1,1,720,1,0,tick,0,0,3,1000,1000000,1000,0,0,0,0,1000000000,1000000000,1000000000,,,0,,,,,63000,51000,63000,63,5000000000000,,armed,837000,blocked,63000,51000,63000,63,6000000000000,,armed,838000,blocked
837000,1,2,525,2,1,tick,0,0,3,1000,1000000,1000,0,0,0,0,1000000000,1000000000,1000000000,,,0,,,,,46000,26000,46000,46,4000000000000,,armed,837000,blocked,46000,26000,46000,46,5000000000000,,armed,838000,blocked
838000,1,1,721,1,0,tick,0,0,3,1000,1000000,1000,0,0,0,0,1000000000,1000000000,1000000000,,,0,,,,,63000,51000,63000,63,6000000000000,,armed,838000,blocked,63000,51000,63000,63,7000000000000,,armed,839000,scheduled
838000,1,2,526,2,1,tick,0,0,3,1000,1000000,1000,0,0,0,0,1000000000,1000000000,1000000000,,,0,,,,,46000,26000,46000,46,5000000000000,,armed,838000,blocked,46000,26000,46000,46,6000000000000,,armed,839000,blocked
839000,1,1,722,1,0,tick,0,0,3,1000,1000000,1000,0,0,0,0,1000000000,1000000000,1000000000,,,1,63000,1000,0,897,63000,51000,63000,63,7000000000000,,armed,839000,scheduled,64000,51000,64000,64,0,,armed,840000,blocked
839000,1,2,527,2,1,tick,0,0,3,1000,1000000,1000,0,0,0,0,1000000000,1000000000,1000000000,,,0,,,,,46000,26000,46000,46,6000000000000,,armed,839000,blocked,46000,26000,46000,46,7000000000000,,armed,840000,scheduled
840000,1,1,723,1,0,tick,0,0,3,1000,1000000,1000,0,0,0,0,1000000000,1000000000,1000000000,,,0,,,,,64000,51000,64000,64,0,,armed,840000,blocked,64000,51000,64000,64,1000000000000,,armed,841000,blocked
840000,1,2,528,2,1,tick,0,0,3,1000,1000000,1000,0,0,0,0,1000000000,1000000000,1000000000,,,1,46000,1000,0,660,46000,26000,46000,46,7000000000000,,armed,840000,scheduled,47000,26000,47000,47,0,,armed,841000,blocked
841000,1,1,727,1,0,tick,0,0,3,1000,1000000,1000,0,0,0,0,1000000000,1000000000,1000000000,,,0,,,,,64000,51000,64000,64,1000000000000,,armed,841000,blocked,64000,51000,64000,64,2000000000000,,armed,842000,blocked
841000,1,2,529,2,1,tick,0,0,3,1000,1000000,1000,0,0,0,0,1000000000,1000000000,1000000000,,,0,,,,,47000,26000,47000,47,0,,armed,841000,blocked,47000,26000,47000,47,1000000000000,,armed,842000,blocked
841560,0,12,74,3,2,ack,0,0,3,1000,1000000,1000,0,0,0,0,1000000000,1000000000,,25000,0,0,,,,,71000,24000,71000,71,0,,parked,,blocked,71000,25000,71000,71,0,,armed,842000,blocked
842000,1,1,728,1,0,tick,0,0,3,1000,1000000,1000,0,0,0,0,1000000000,1000000000,1000000000,,,0,,,,,64000,51000,64000,64,2000000000000,,armed,842000,blocked,64000,51000,64000,64,3000000000000,,armed,843000,blocked
842000,1,2,533,2,1,tick,0,0,3,1000,1000000,1000,0,0,0,0,1000000000,1000000000,1000000000,,,0,,,,,47000,26000,47000,47,1000000000000,,armed,842000,blocked,47000,26000,47000,47,2000000000000,,armed,843000,blocked
842000,1,3,791,3,2,tick,1,0,3,1000,1000000,1000,0,0,0,0,1000000000,1000000000,,,,0,,,,,71000,25000,71000,71,0,,armed,842000,blocked,71000,25000,71000,71,0,,parked,,blocked
843000,1,1,729,1,0,tick,0,0,3,1000,1000000,1000,0,0,0,0,1000000000,1000000000,1000000000,,,0,,,,,64000,51000,64000,64,3000000000000,,armed,843000,blocked,64000,51000,64000,64,4000000000000,,armed,844000,blocked
843000,1,2,534,2,1,tick,0,0,3,1000,1000000,1000,0,0,0,0,1000000000,1000000000,1000000000,,,0,,,,,47000,26000,47000,47,2000000000000,,armed,843000,blocked,47000,26000,47000,47,3000000000000,,armed,844000,blocked
844000,1,1,730,1,0,tick,0,0,3,1000,1000000,1000,0,0,0,0,1000000000,1000000000,1000000000,,,0,,,,,64000,51000,64000,64,4000000000000,,armed,844000,blocked,64000,51000,64000,64,5000000000000,,armed,845000,blocked
844000,1,2,535,2,1,tick,0,0,3,1000,1000000,1000,0,0,0,0,1000000000,1000000000,1000000000,,,0,,,,,47000,26000,47000,47,3000000000000,,armed,844000,blocked,47000,26000,47000,47,4000000000000,,armed,845000,blocked
845000,1,1,731,1,0,tick,0,0,3,1000,1000000,1000,0,0,0,0,1000000000,1000000000,1000000000,,,0,,,,,64000,51000,64000,64,5000000000000,,armed,845000,blocked,64000,51000,64000,64,6000000000000,,armed,846000,blocked
845000,1,2,536,2,1,tick,0,0,3,1000,1000000,1000,0,0,0,0,1000000000,1000000000,1000000000,,,0,,,,,47000,26000,47000,47,4000000000000,,armed,845000,blocked,47000,26000,47000,47,5000000000000,,armed,846000,blocked
846000,1,1,732,1,0,tick,0,0,3,1000,1000000,1000,0,0,0,0,1000000000,1000000000,1000000000,,,0,,,,,64000,51000,64000,64,6000000000000,,armed,846000,blocked,64000,51000,64000,64,7000000000000,,armed,847000,scheduled
846000,1,2,537,2,1,tick,0,0,3,1000,1000000,1000,0,0,0,0,1000000000,1000000000,1000000000,,,0,,,,,47000,26000,47000,47,5000000000000,,armed,846000,blocked,47000,26000,47000,47,6000000000000,,armed,847000,blocked
847000,1,1,733,1,0,tick,0,0,3,1000,1000000,1000,0,0,0,0,1000000000,1000000000,1000000000,,,1,64000,1000,0,911,64000,51000,64000,64,7000000000000,,armed,847000,scheduled,65000,51000,65000,65,0,,armed,848000,blocked
847000,1,2,538,2,1,tick,0,0,3,1000,1000000,1000,0,0,0,0,1000000000,1000000000,1000000000,,,0,,,,,47000,26000,47000,47,6000000000000,,armed,847000,blocked,47000,26000,47000,47,7000000000000,,armed,848000,scheduled
848000,1,1,734,1,0,tick,0,0,3,1000,1000000,1000,0,0,0,0,1000000000,1000000000,1000000000,,,0,,,,,65000,51000,65000,65,0,,armed,848000,blocked,65000,51000,65000,65,1000000000000,,armed,849000,blocked
848000,1,2,539,2,1,tick,0,0,3,1000,1000000,1000,0,0,0,0,1000000000,1000000000,1000000000,,,1,47000,1000,0,674,47000,26000,47000,47,7000000000000,,armed,848000,scheduled,48000,26000,48000,48,0,,armed,849000,blocked
848536,0,6,155,1,0,ack,0,0,3,1000,1000000,1000,0,0,0,0,1000000000,1000000000,,52000,0,0,,,,,65000,51000,65000,65,1000000000000,,armed,849000,blocked,65000,52000,65000,65,1000000000000,,armed,849000,blocked
849000,1,1,738,1,0,tick,0,0,3,1000,1000000,1000,0,0,0,0,1000000000,1000000000,1000000000,,,0,,,,,65000,52000,65000,65,1000000000000,,armed,849000,blocked,65000,52000,65000,65,2000000000000,,armed,850000,blocked
849000,1,2,540,2,1,tick,0,0,3,1000,1000000,1000,0,0,0,0,1000000000,1000000000,1000000000,,,0,,,,,48000,26000,48000,48,0,,armed,849000,blocked,48000,26000,48000,48,1000000000000,,armed,850000,blocked
850000,1,1,739,1,0,tick,0,0,3,1000,1000000,1000,0,0,0,0,1000000000,1000000000,1000000000,,,0,,,,,65000,52000,65000,65,2000000000000,,armed,850000,blocked,65000,52000,65000,65,3000000000000,,armed,851000,blocked
850000,1,2,544,2,1,tick,0,0,3,1000,1000000,1000,0,0,0,0,1000000000,1000000000,1000000000,,,0,,,,,48000,26000,48000,48,1000000000000,,armed,850000,blocked,48000,26000,48000,48,2000000000000,,armed,851000,blocked
851000,1,1,740,1,0,tick,0,0,3,1000,1000000,1000,0,0,0,0,1000000000,1000000000,1000000000,,,0,,,,,65000,52000,65000,65,3000000000000,,armed,851000,blocked,65000,52000,65000,65,4000000000000,,armed,852000,blocked
851000,1,2,545,2,1,tick,0,0,3,1000,1000000,1000,0,0,0,0,1000000000,1000000000,1000000000,,,0,,,,,48000,26000,48000,48,2000000000000,,armed,851000,blocked,48000,26000,48000,48,3000000000000,,armed,852000,blocked
852000,1,1,741,1,0,tick,0,0,3,1000,1000000,1000,0,0,0,0,1000000000,1000000000,1000000000,,,0,,,,,65000,52000,65000,65,4000000000000,,armed,852000,blocked,65000,52000,65000,65,5000000000000,,armed,853000,blocked
852000,1,2,546,2,1,tick,0,0,3,1000,1000000,1000,0,0,0,0,1000000000,1000000000,1000000000,,,0,,,,,48000,26000,48000,48,3000000000000,,armed,852000,blocked,48000,26000,48000,48,4000000000000,,armed,853000,blocked
853000,1,1,742,1,0,tick,0,0,3,1000,1000000,1000,0,0,0,0,1000000000,1000000000,1000000000,,,0,,,,,65000,52000,65000,65,5000000000000,,armed,853000,blocked,65000,52000,65000,65,6000000000000,,armed,854000,blocked
853000,1,2,547,2,1,tick,0,0,3,1000,1000000,1000,0,0,0,0,1000000000,1000000000,1000000000,,,0,,,,,48000,26000,48000,48,4000000000000,,armed,853000,blocked,48000,26000,48000,48,5000000000000,,armed,854000,blocked
854000,1,1,743,1,0,tick,0,0,3,1000,1000000,1000,0,0,0,0,1000000000,1000000000,1000000000,,,0,,,,,65000,52000,65000,65,6000000000000,,armed,854000,blocked,65000,52000,65000,65,7000000000000,,armed,855000,scheduled
854000,1,2,548,2,1,tick,0,0,3,1000,1000000,1000,0,0,0,0,1000000000,1000000000,1000000000,,,0,,,,,48000,26000,48000,48,5000000000000,,armed,854000,blocked,48000,26000,48000,48,6000000000000,,armed,855000,blocked
855000,1,1,744,1,0,tick,0,0,3,1000,1000000,1000,0,0,0,0,1000000000,1000000000,1000000000,,,1,65000,1000,0,925,65000,52000,65000,65,7000000000000,,armed,855000,scheduled,66000,52000,66000,66,0,,armed,856000,blocked
855000,1,2,549,2,1,tick,0,0,3,1000,1000000,1000,0,0,0,0,1000000000,1000000000,1000000000,,,0,,,,,48000,26000,48000,48,6000000000000,,armed,855000,blocked,48000,26000,48000,48,7000000000000,,armed,856000,scheduled
856000,1,1,745,1,0,tick,0,0,3,1000,1000000,1000,0,0,0,0,1000000000,1000000000,1000000000,,,0,,,,,66000,52000,66000,66,0,,armed,856000,blocked,66000,52000,66000,66,1000000000000,,armed,857000,blocked
856000,1,2,550,2,1,tick,0,0,3,1000,1000000,1000,0,0,0,0,1000000000,1000000000,1000000000,,,1,48000,1000,0,688,48000,26000,48000,48,7000000000000,,armed,856000,scheduled,49000,26000,49000,49,0,,armed,857000,blocked
857000,1,1,749,1,0,tick,0,0,3,1000,1000000,1000,0,0,0,0,1000000000,1000000000,1000000000,,,0,,,,,66000,52000,66000,66,1000000000000,,armed,857000,blocked,66000,52000,66000,66,2000000000000,,armed,858000,blocked
857000,1,2,551,2,1,tick,0,0,3,1000,1000000,1000,0,0,0,0,1000000000,1000000000,1000000000,,,0,,,,,49000,26000,49000,49,0,,armed,857000,blocked,49000,26000,49000,49,1000000000000,,armed,858000,blocked
857048,0,9,80,2,1,ack,0,0,3,1000,1000000,1000,0,0,0,0,1000000000,1000000000,,27000,0,0,,,,,49000,26000,49000,49,1000000000000,,armed,858000,blocked,49000,27000,49000,49,1000000000000,,armed,858000,blocked
858000,1,1,750,1,0,tick,0,0,3,1000,1000000,1000,0,0,0,0,1000000000,1000000000,1000000000,,,0,,,,,66000,52000,66000,66,2000000000000,,armed,858000,blocked,66000,52000,66000,66,3000000000000,,armed,859000,blocked
858000,1,2,555,2,1,tick,0,0,3,1000,1000000,1000,0,0,0,0,1000000000,1000000000,1000000000,,,0,,,,,49000,27000,49000,49,1000000000000,,armed,858000,blocked,49000,27000,49000,49,2000000000000,,armed,859000,blocked
859000,1,1,751,1,0,tick,0,0,3,1000,1000000,1000,0,0,0,0,1000000000,1000000000,1000000000,,,0,,,,,66000,52000,66000,66,3000000000000,,armed,859000,blocked,66000,52000,66000,66,4000000000000,,armed,860000,blocked
859000,1,2,556,2,1,tick,0,0,3,1000,1000000,1000,0,0,0,0,1000000000,1000000000,1000000000,,,0,,,,,49000,27000,49000,49,2000000000000,,armed,859000,blocked,49000,27000,49000,49,3000000000000,,armed,860000,blocked
860000,1,1,752,1,0,tick,0,0,3,1000,1000000,1000,0,0,0,0,1000000000,1000000000,1000000000,,,0,,,,,66000,52000,66000,66,4000000000000,,armed,860000,blocked,66000,52000,66000,66,5000000000000,,armed,861000,blocked
860000,1,2,557,2,1,tick,0,0,3,1000,1000000,1000,0,0,0,0,1000000000,1000000000,1000000000,,,0,,,,,49000,27000,49000,49,3000000000000,,armed,860000,blocked,49000,27000,49000,49,4000000000000,,armed,861000,blocked
861000,1,1,753,1,0,tick,0,0,3,1000,1000000,1000,0,0,0,0,1000000000,1000000000,1000000000,,,0,,,,,66000,52000,66000,66,5000000000000,,armed,861000,blocked,66000,52000,66000,66,6000000000000,,armed,862000,blocked
861000,1,2,558,2,1,tick,0,0,3,1000,1000000,1000,0,0,0,0,1000000000,1000000000,1000000000,,,0,,,,,49000,27000,49000,49,4000000000000,,armed,861000,blocked,49000,27000,49000,49,5000000000000,,armed,862000,blocked
862000,1,1,754,1,0,tick,0,0,3,1000,1000000,1000,0,0,0,0,1000000000,1000000000,1000000000,,,0,,,,,66000,52000,66000,66,6000000000000,,armed,862000,blocked,66000,52000,66000,66,7000000000000,,armed,863000,scheduled
862000,1,2,559,2,1,tick,0,0,3,1000,1000000,1000,0,0,0,0,1000000000,1000000000,1000000000,,,0,,,,,49000,27000,49000,49,5000000000000,,armed,862000,blocked,49000,27000,49000,49,6000000000000,,armed,863000,blocked
863000,1,1,755,1,0,tick,0,0,3,1000,1000000,1000,0,0,0,0,1000000000,1000000000,1000000000,,,1,66000,1000,0,939,66000,52000,66000,66,7000000000000,,armed,863000,scheduled,67000,52000,67000,67,0,,armed,864000,blocked
863000,1,2,560,2,1,tick,0,0,3,1000,1000000,1000,0,0,0,0,1000000000,1000000000,1000000000,,,0,,,,,49000,27000,49000,49,6000000000000,,armed,863000,blocked,49000,27000,49000,49,7000000000000,,armed,864000,scheduled
864000,1,1,756,1,0,tick,0,0,3,1000,1000000,1000,0,0,0,0,1000000000,1000000000,1000000000,,,0,,,,,67000,52000,67000,67,0,,armed,864000,blocked,67000,52000,67000,67,1000000000000,,armed,865000,blocked
864000,1,2,561,2,1,tick,0,0,3,1000,1000000,1000,0,0,0,0,1000000000,1000000000,1000000000,,,1,49000,1000,0,702,49000,27000,49000,49,7000000000000,,armed,864000,scheduled,50000,27000,50000,50,0,,armed,865000,blocked
864536,0,6,158,1,0,ack,0,0,3,1000,1000000,1000,0,0,0,0,1000000000,1000000000,,53000,0,0,,,,,67000,52000,67000,67,1000000000000,,armed,865000,blocked,67000,53000,67000,67,1000000000000,,armed,865000,blocked
865000,1,1,760,1,0,tick,0,0,3,1000,1000000,1000,0,0,0,0,1000000000,1000000000,1000000000,,,0,,,,,67000,53000,67000,67,1000000000000,,armed,865000,blocked,67000,53000,67000,67,2000000000000,,armed,866000,blocked
865000,1,2,562,2,1,tick,0,0,3,1000,1000000,1000,0,0,0,0,1000000000,1000000000,1000000000,,,0,,,,,50000,27000,50000,50,0,,armed,865000,blocked,50000,27000,50000,50,1000000000000,,armed,866000,blocked
866000,1,1,761,1,0,tick,0,0,3,1000,1000000,1000,0,0,0,0,1000000000,1000000000,1000000000,,,0,,,,,67000,53000,67000,67,2000000000000,,armed,866000,blocked,67000,53000,67000,67,3000000000000,,armed,867000,blocked
866000,1,2,566,2,1,tick,0,0,3,1000,1000000,1000,0,0,0,0,1000000000,1000000000,1000000000,,,0,,,,,50000,27000,50000,50,1000000000000,,armed,866000,blocked,50000,27000,50000,50,2000000000000,,armed,867000,blocked
867000,1,1,762,1,0,tick,0,0,3,1000,1000000,1000,0,0,0,0,1000000000,1000000000,1000000000,,,0,,,,,67000,53000,67000,67,3000000000000,,armed,867000,blocked,67000,53000,67000,67,4000000000000,,armed,868000,blocked
867000,1,2,567,2,1,tick,0,0,3,1000,1000000,1000,0,0,0,0,1000000000,1000000000,1000000000,,,0,,,,,50000,27000,50000,50,2000000000000,,armed,867000,blocked,50000,27000,50000,50,3000000000000,,armed,868000,blocked
868000,1,1,763,1,0,tick,0,0,3,1000,1000000,1000,0,0,0,0,1000000000,1000000000,1000000000,,,0,,,,,67000,53000,67000,67,4000000000000,,armed,868000,blocked,67000,53000,67000,67,5000000000000,,armed,869000,blocked
868000,1,2,568,2,1,tick,0,0,3,1000,1000000,1000,0,0,0,0,1000000000,1000000000,1000000000,,,0,,,,,50000,27000,50000,50,3000000000000,,armed,868000,blocked,50000,27000,50000,50,4000000000000,,armed,869000,blocked
869000,1,1,764,1,0,tick,0,0,3,1000,1000000,1000,0,0,0,0,1000000000,1000000000,1000000000,,,0,,,,,67000,53000,67000,67,5000000000000,,armed,869000,blocked,67000,53000,67000,67,6000000000000,,armed,870000,blocked
869000,1,2,569,2,1,tick,0,0,3,1000,1000000,1000,0,0,0,0,1000000000,1000000000,1000000000,,,0,,,,,50000,27000,50000,50,4000000000000,,armed,869000,blocked,50000,27000,50000,50,5000000000000,,armed,870000,blocked
870000,1,1,765,1,0,tick,0,0,3,1000,1000000,1000,0,0,0,0,1000000000,1000000000,1000000000,,,0,,,,,67000,53000,67000,67,6000000000000,,armed,870000,blocked,67000,53000,67000,67,7000000000000,,armed,871000,scheduled
870000,1,2,570,2,1,tick,0,0,3,1000,1000000,1000,0,0,0,0,1000000000,1000000000,1000000000,,,0,,,,,50000,27000,50000,50,5000000000000,,armed,870000,blocked,50000,27000,50000,50,6000000000000,,armed,871000,blocked
871000,1,1,766,1,0,tick,0,0,3,1000,1000000,1000,0,0,0,0,1000000000,1000000000,1000000000,,,1,67000,1000,0,953,67000,53000,67000,67,7000000000000,,armed,871000,scheduled,68000,53000,68000,68,0,,armed,872000,blocked
871000,1,2,571,2,1,tick,0,0,3,1000,1000000,1000,0,0,0,0,1000000000,1000000000,1000000000,,,0,,,,,50000,27000,50000,50,6000000000000,,armed,871000,blocked,50000,27000,50000,50,7000000000000,,armed,872000,scheduled
872000,1,1,767,1,0,tick,0,0,3,1000,1000000,1000,0,0,0,0,1000000000,1000000000,1000000000,,,0,,,,,68000,53000,68000,68,0,,armed,872000,blocked,68000,53000,68000,68,1000000000000,,armed,873000,blocked
872000,1,2,572,2,1,tick,0,0,3,1000,1000000,1000,0,0,0,0,1000000000,1000000000,1000000000,,,1,50000,1000,0,716,50000,27000,50000,50,7000000000000,,armed,872000,scheduled,51000,27000,51000,51,0,,armed,873000,blocked
873000,1,1,771,1,0,tick,0,0,3,1000,1000000,1000,0,0,0,0,1000000000,1000000000,1000000000,,,0,,,,,68000,53000,68000,68,1000000000000,,armed,873000,blocked,68000,53000,68000,68,2000000000000,,armed,874000,blocked
873000,1,2,573,2,1,tick,0,0,3,1000,1000000,1000,0,0,0,0,1000000000,1000000000,1000000000,,,0,,,,,51000,27000,51000,51,0,,armed,873000,blocked,51000,27000,51000,51,1000000000000,,armed,874000,blocked
873560,0,12,77,3,2,ack,0,0,3,1000,1000000,1000,0,0,0,0,1000000000,1000000000,,26000,0,0,,,,,71000,25000,71000,71,0,,parked,,blocked,71000,26000,71000,71,0,,armed,874000,blocked
874000,1,1,772,1,0,tick,0,0,3,1000,1000000,1000,0,0,0,0,1000000000,1000000000,1000000000,,,0,,,,,68000,53000,68000,68,2000000000000,,armed,874000,blocked,68000,53000,68000,68,3000000000000,,armed,875000,blocked
874000,1,2,577,2,1,tick,0,0,3,1000,1000000,1000,0,0,0,0,1000000000,1000000000,1000000000,,,0,,,,,51000,27000,51000,51,1000000000000,,armed,874000,blocked,51000,27000,51000,51,2000000000000,,armed,875000,blocked
874000,1,3,792,3,2,tick,1,0,3,1000,1000000,1000,0,0,0,0,1000000000,1000000000,,,,0,,,,,71000,26000,71000,71,0,,armed,874000,blocked,71000,26000,71000,71,0,,parked,,blocked
875000,1,1,773,1,0,tick,0,0,3,1000,1000000,1000,0,0,0,0,1000000000,1000000000,1000000000,,,0,,,,,68000,53000,68000,68,3000000000000,,armed,875000,blocked,68000,53000,68000,68,4000000000000,,armed,876000,blocked
875000,1,2,578,2,1,tick,0,0,3,1000,1000000,1000,0,0,0,0,1000000000,1000000000,1000000000,,,0,,,,,51000,27000,51000,51,2000000000000,,armed,875000,blocked,51000,27000,51000,51,3000000000000,,armed,876000,blocked
876000,1,1,774,1,0,tick,0,0,3,1000,1000000,1000,0,0,0,0,1000000000,1000000000,1000000000,,,0,,,,,68000,53000,68000,68,4000000000000,,armed,876000,blocked,68000,53000,68000,68,5000000000000,,armed,877000,blocked
876000,1,2,579,2,1,tick,0,0,3,1000,1000000,1000,0,0,0,0,1000000000,1000000000,1000000000,,,0,,,,,51000,27000,51000,51,3000000000000,,armed,876000,blocked,51000,27000,51000,51,4000000000000,,armed,877000,blocked
877000,1,1,775,1,0,tick,0,0,3,1000,1000000,1000,0,0,0,0,1000000000,1000000000,1000000000,,,0,,,,,68000,53000,68000,68,5000000000000,,armed,877000,blocked,68000,53000,68000,68,6000000000000,,armed,878000,blocked
877000,1,2,580,2,1,tick,0,0,3,1000,1000000,1000,0,0,0,0,1000000000,1000000000,1000000000,,,0,,,,,51000,27000,51000,51,4000000000000,,armed,877000,blocked,51000,27000,51000,51,5000000000000,,armed,878000,blocked
878000,1,1,776,1,0,tick,0,0,3,1000,1000000,1000,0,0,0,0,1000000000,1000000000,1000000000,,,0,,,,,68000,53000,68000,68,6000000000000,,armed,878000,blocked,68000,53000,68000,68,7000000000000,,armed,879000,scheduled
878000,1,2,581,2,1,tick,0,0,3,1000,1000000,1000,0,0,0,0,1000000000,1000000000,1000000000,,,0,,,,,51000,27000,51000,51,5000000000000,,armed,878000,blocked,51000,27000,51000,51,6000000000000,,armed,879000,blocked
879000,1,1,777,1,0,tick,0,0,3,1000,1000000,1000,0,0,0,0,1000000000,1000000000,1000000000,,,1,68000,1000,0,967,68000,53000,68000,68,7000000000000,,armed,879000,scheduled,69000,53000,69000,69,0,,armed,880000,blocked
879000,1,2,582,2,1,tick,0,0,3,1000,1000000,1000,0,0,0,0,1000000000,1000000000,1000000000,,,0,,,,,51000,27000,51000,51,6000000000000,,armed,879000,blocked,51000,27000,51000,51,7000000000000,,armed,880000,scheduled
880000,1,1,778,1,0,tick,0,0,3,1000,1000000,1000,0,0,0,0,1000000000,1000000000,1000000000,,,0,,,,,69000,53000,69000,69,0,,armed,880000,blocked,69000,53000,69000,69,1000000000000,,armed,881000,blocked
880000,1,2,583,2,1,tick,0,0,3,1000,1000000,1000,0,0,0,0,1000000000,1000000000,1000000000,,,1,51000,1000,0,730,51000,27000,51000,51,7000000000000,,armed,880000,scheduled,52000,27000,52000,52,0,,armed,881000,blocked
880536,0,6,161,1,0,ack,0,0,3,1000,1000000,1000,0,0,0,0,1000000000,1000000000,,54000,0,0,,,,,69000,53000,69000,69,1000000000000,,armed,881000,blocked,69000,54000,69000,69,1000000000000,,armed,881000,blocked
881000,1,1,782,1,0,tick,0,0,3,1000,1000000,1000,0,0,0,0,1000000000,1000000000,1000000000,,,0,,,,,69000,54000,69000,69,1000000000000,,armed,881000,blocked,69000,54000,69000,69,2000000000000,,armed,882000,blocked
881000,1,2,584,2,1,tick,0,0,3,1000,1000000,1000,0,0,0,0,1000000000,1000000000,1000000000,,,0,,,,,52000,27000,52000,52,0,,armed,881000,blocked,52000,27000,52000,52,1000000000000,,armed,882000,blocked
882000,1,1,783,1,0,tick,0,0,3,1000,1000000,1000,0,0,0,0,1000000000,1000000000,1000000000,,,0,,,,,69000,54000,69000,69,2000000000000,,armed,882000,blocked,69000,54000,69000,69,3000000000000,,armed,883000,blocked
882000,1,2,588,2,1,tick,0,0,3,1000,1000000,1000,0,0,0,0,1000000000,1000000000,1000000000,,,0,,,,,52000,27000,52000,52,1000000000000,,armed,882000,blocked,52000,27000,52000,52,2000000000000,,armed,883000,blocked
883000,1,1,784,1,0,tick,0,0,3,1000,1000000,1000,0,0,0,0,1000000000,1000000000,1000000000,,,0,,,,,69000,54000,69000,69,3000000000000,,armed,883000,blocked,69000,54000,69000,69,4000000000000,,armed,884000,blocked
883000,1,2,589,2,1,tick,0,0,3,1000,1000000,1000,0,0,0,0,1000000000,1000000000,1000000000,,,0,,,,,52000,27000,52000,52,2000000000000,,armed,883000,blocked,52000,27000,52000,52,3000000000000,,armed,884000,blocked
884000,1,1,785,1,0,tick,0,0,3,1000,1000000,1000,0,0,0,0,1000000000,1000000000,1000000000,,,0,,,,,69000,54000,69000,69,4000000000000,,armed,884000,blocked,69000,54000,69000,69,5000000000000,,armed,885000,blocked
884000,1,2,590,2,1,tick,0,0,3,1000,1000000,1000,0,0,0,0,1000000000,1000000000,1000000000,,,0,,,,,52000,27000,52000,52,3000000000000,,armed,884000,blocked,52000,27000,52000,52,4000000000000,,armed,885000,blocked
885000,1,1,786,1,0,tick,0,0,3,1000,1000000,1000,0,0,0,0,1000000000,1000000000,1000000000,,,0,,,,,69000,54000,69000,69,5000000000000,,armed,885000,blocked,69000,54000,69000,69,6000000000000,,armed,886000,blocked
885000,1,2,591,2,1,tick,0,0,3,1000,1000000,1000,0,0,0,0,1000000000,1000000000,1000000000,,,0,,,,,52000,27000,52000,52,4000000000000,,armed,885000,blocked,52000,27000,52000,52,5000000000000,,armed,886000,blocked
886000,1,1,787,1,0,tick,0,0,3,1000,1000000,1000,0,0,0,0,1000000000,1000000000,1000000000,,,0,,,,,69000,54000,69000,69,6000000000000,,armed,886000,blocked,69000,54000,69000,69,7000000000000,,armed,887000,scheduled
886000,1,2,592,2,1,tick,0,0,3,1000,1000000,1000,0,0,0,0,1000000000,1000000000,1000000000,,,0,,,,,52000,27000,52000,52,5000000000000,,armed,886000,blocked,52000,27000,52000,52,6000000000000,,armed,887000,blocked
887000,1,1,788,1,0,tick,0,0,3,1000,1000000,1000,0,0,0,0,1000000000,1000000000,1000000000,,,1,69000,1000,0,981,69000,54000,69000,69,7000000000000,,armed,887000,scheduled,70000,54000,70000,70,0,,armed,888000,blocked
887000,1,2,593,2,1,tick,0,0,3,1000,1000000,1000,0,0,0,0,1000000000,1000000000,1000000000,,,0,,,,,52000,27000,52000,52,6000000000000,,armed,887000,blocked,52000,27000,52000,52,7000000000000,,armed,888000,scheduled
888000,1,1,789,1,0,tick,0,0,3,1000,1000000,1000,0,0,0,0,1000000000,1000000000,1000000000,,,0,,,,,70000,54000,70000,70,0,,armed,888000,blocked,70000,54000,70000,70,1000000000000,,armed,889000,blocked
888000,1,2,594,2,1,tick,0,0,3,1000,1000000,1000,0,0,0,0,1000000000,1000000000,1000000000,,,1,52000,1000,0,744,52000,27000,52000,52,7000000000000,,armed,888000,scheduled,53000,27000,53000,53,0,,armed,889000,blocked
889000,1,1,793,1,0,tick,0,0,3,1000,1000000,1000,0,0,0,0,1000000000,1000000000,1000000000,,,0,,,,,70000,54000,70000,70,1000000000000,,armed,889000,blocked,70000,54000,70000,70,2000000000000,,armed,890000,blocked
889000,1,2,595,2,1,tick,0,0,3,1000,1000000,1000,0,0,0,0,1000000000,1000000000,1000000000,,,0,,,,,53000,27000,53000,53,0,,armed,889000,blocked,53000,27000,53000,53,1000000000000,,armed,890000,blocked
889048,0,9,83,2,1,ack,0,0,3,1000,1000000,1000,0,0,0,0,1000000000,1000000000,,28000,0,0,,,,,53000,27000,53000,53,1000000000000,,armed,890000,blocked,53000,28000,53000,53,1000000000000,,armed,890000,blocked
890000,1,1,794,1,0,tick,0,0,3,1000,1000000,1000,0,0,0,0,1000000000,1000000000,1000000000,,,0,,,,,70000,54000,70000,70,2000000000000,,armed,890000,blocked,70000,54000,70000,70,3000000000000,,armed,891000,blocked
890000,1,2,599,2,1,tick,0,0,3,1000,1000000,1000,0,0,0,0,1000000000,1000000000,1000000000,,,0,,,,,53000,28000,53000,53,1000000000000,,armed,890000,blocked,53000,28000,53000,53,2000000000000,,armed,891000,blocked
891000,1,1,795,1,0,tick,0,0,3,1000,1000000,1000,0,0,0,0,1000000000,1000000000,1000000000,,,0,,,,,70000,54000,70000,70,3000000000000,,armed,891000,blocked,70000,54000,70000,70,4000000000000,,armed,892000,blocked
891000,1,2,600,2,1,tick,0,0,3,1000,1000000,1000,0,0,0,0,1000000000,1000000000,1000000000,,,0,,,,,53000,28000,53000,53,2000000000000,,armed,891000,blocked,53000,28000,53000,53,3000000000000,,armed,892000,blocked
892000,1,1,796,1,0,tick,0,0,3,1000,1000000,1000,0,0,0,0,1000000000,1000000000,1000000000,,,0,,,,,70000,54000,70000,70,4000000000000,,armed,892000,blocked,70000,54000,70000,70,5000000000000,,armed,893000,blocked
892000,1,2,601,2,1,tick,0,0,3,1000,1000000,1000,0,0,0,0,1000000000,1000000000,1000000000,,,0,,,,,53000,28000,53000,53,3000000000000,,armed,892000,blocked,53000,28000,53000,53,4000000000000,,armed,893000,blocked
893000,1,1,797,1,0,tick,0,0,3,1000,1000000,1000,0,0,0,0,1000000000,1000000000,1000000000,,,0,,,,,70000,54000,70000,70,5000000000000,,armed,893000,blocked,70000,54000,70000,70,6000000000000,,armed,894000,blocked
893000,1,2,602,2,1,tick,0,0,3,1000,1000000,1000,0,0,0,0,1000000000,1000000000,1000000000,,,0,,,,,53000,28000,53000,53,4000000000000,,armed,893000,blocked,53000,28000,53000,53,5000000000000,,armed,894000,blocked
894000,1,1,798,1,0,tick,0,0,3,1000,1000000,1000,0,0,0,0,1000000000,1000000000,1000000000,,,0,,,,,70000,54000,70000,70,6000000000000,,armed,894000,blocked,70000,54000,70000,70,7000000000000,,armed,895000,scheduled
894000,1,2,603,2,1,tick,0,0,3,1000,1000000,1000,0,0,0,0,1000000000,1000000000,1000000000,,,0,,,,,53000,28000,53000,53,5000000000000,,armed,894000,blocked,53000,28000,53000,53,6000000000000,,armed,895000,blocked
895000,1,1,799,1,0,tick,0,0,3,1000,1000000,1000,0,0,0,0,1000000000,1000000000,1000000000,,,1,70000,1000,0,995,70000,54000,70000,70,7000000000000,,armed,895000,scheduled,71000,54000,71000,71,0,,armed,896000,blocked
895000,1,2,604,2,1,tick,0,0,3,1000,1000000,1000,0,0,0,0,1000000000,1000000000,1000000000,,,0,,,,,53000,28000,53000,53,6000000000000,,armed,895000,blocked,53000,28000,53000,53,7000000000000,,armed,896000,scheduled
896000,1,1,800,1,0,tick,0,0,3,1000,1000000,1000,0,0,0,0,1000000000,1000000000,1000000000,,,0,,,,,71000,54000,71000,71,0,,armed,896000,blocked,71000,54000,71000,71,1000000000000,,armed,897000,blocked
896000,1,2,605,2,1,tick,0,0,3,1000,1000000,1000,0,0,0,0,1000000000,1000000000,1000000000,,,1,53000,1000,0,758,53000,28000,53000,53,7000000000000,,armed,896000,scheduled,54000,28000,54000,54,0,,armed,897000,blocked
896536,0,6,164,1,0,ack,0,0,3,1000,1000000,1000,0,0,0,0,1000000000,1000000000,,55000,0,0,,,,,71000,54000,71000,71,1000000000000,,armed,897000,blocked,71000,55000,71000,71,1000000000000,,armed,897000,blocked
897000,1,1,804,1,0,tick,0,0,3,1000,1000000,1000,0,0,0,0,1000000000,1000000000,1000000000,,,0,,,,,71000,55000,71000,71,1000000000000,,armed,897000,blocked,71000,55000,71000,71,2000000000000,,armed,898000,blocked
897000,1,2,606,2,1,tick,0,0,3,1000,1000000,1000,0,0,0,0,1000000000,1000000000,1000000000,,,0,,,,,54000,28000,54000,54,0,,armed,897000,blocked,54000,28000,54000,54,1000000000000,,armed,898000,blocked
898000,1,1,805,1,0,tick,0,0,3,1000,1000000,1000,0,0,0,0,1000000000,1000000000,1000000000,,,0,,,,,71000,55000,71000,71,2000000000000,,armed,898000,blocked,71000,55000,71000,71,3000000000000,,armed,899000,blocked
898000,1,2,610,2,1,tick,0,0,3,1000,1000000,1000,0,0,0,0,1000000000,1000000000,1000000000,,,0,,,,,54000,28000,54000,54,1000000000000,,armed,898000,blocked,54000,28000,54000,54,2000000000000,,armed,899000,blocked
899000,1,1,806,1,0,tick,0,0,3,1000,1000000,1000,0,0,0,0,1000000000,1000000000,1000000000,,,0,,,,,71000,55000,71000,71,3000000000000,,armed,899000,blocked,71000,55000,71000,71,4000000000000,,armed,900000,blocked
899000,1,2,611,2,1,tick,0,0,3,1000,1000000,1000,0,0,0,0,1000000000,1000000000,1000000000,,,0,,,,,54000,28000,54000,54,2000000000000,,armed,899000,blocked,54000,28000,54000,54,3000000000000,,armed,900000,blocked
900000,1,1,807,1,0,tick,0,0,3,1000,1000000,1000,0,0,0,0,1000000000,1000000000,1000000000,,,0,,,,,71000,55000,71000,71,4000000000000,,armed,900000,blocked,71000,55000,71000,71,5000000000000,,armed,901000,blocked
900000,1,2,612,2,1,tick,0,0,3,1000,1000000,1000,0,0,0,0,1000000000,1000000000,1000000000,,,0,,,,,54000,28000,54000,54,3000000000000,,armed,900000,blocked,54000,28000,54000,54,4000000000000,,armed,901000,blocked
901000,1,1,808,1,0,tick,0,0,3,1000,1000000,1000,0,0,0,0,1000000000,1000000000,1000000000,,,0,,,,,71000,55000,71000,71,5000000000000,,armed,901000,blocked,71000,55000,71000,71,6000000000000,,armed,902000,blocked
901000,1,2,613,2,1,tick,0,0,3,1000,1000000,1000,0,0,0,0,1000000000,1000000000,1000000000,,,0,,,,,54000,28000,54000,54,4000000000000,,armed,901000,blocked,54000,28000,54000,54,5000000000000,,armed,902000,blocked
902000,1,1,809,1,0,tick,0,0,3,1000,1000000,1000,0,0,0,0,1000000000,1000000000,1000000000,,,0,,,,,71000,55000,71000,71,6000000000000,,armed,902000,blocked,71000,55000,71000,71,7000000000000,,armed,903000,scheduled
902000,1,2,614,2,1,tick,0,0,3,1000,1000000,1000,0,0,0,0,1000000000,1000000000,1000000000,,,0,,,,,54000,28000,54000,54,5000000000000,,armed,902000,blocked,54000,28000,54000,54,6000000000000,,armed,903000,blocked
903000,1,1,810,1,0,tick,0,0,3,1000,1000000,1000,0,0,0,0,1000000000,1000000000,1000000000,,,1,71000,1000,0,1009,71000,55000,71000,71,7000000000000,,armed,903000,scheduled,72000,55000,72000,72,0,,armed,904000,blocked
903000,1,2,615,2,1,tick,0,0,3,1000,1000000,1000,0,0,0,0,1000000000,1000000000,1000000000,,,0,,,,,54000,28000,54000,54,6000000000000,,armed,903000,blocked,54000,28000,54000,54,7000000000000,,armed,904000,scheduled
904000,1,1,811,1,0,tick,0,0,3,1000,1000000,1000,0,0,0,0,1000000000,1000000000,1000000000,,,0,,,,,72000,55000,72000,72,0,,armed,904000,blocked,72000,55000,72000,72,1000000000000,,armed,905000,blocked
904000,1,2,616,2,1,tick,0,0,3,1000,1000000,1000,0,0,0,0,1000000000,1000000000,1000000000,,,1,54000,1000,0,772,54000,28000,54000,54,7000000000000,,armed,904000,scheduled,55000,28000,55000,55,0,,armed,905000,blocked
905000,1,1,815,1,0,tick,0,0,3,1000,1000000,1000,0,0,0,0,1000000000,1000000000,1000000000,,,0,,,,,72000,55000,72000,72,1000000000000,,armed,905000,blocked,72000,55000,72000,72,2000000000000,,armed,906000,blocked
905000,1,2,617,2,1,tick,0,0,3,1000,1000000,1000,0,0,0,0,1000000000,1000000000,1000000000,,,0,,,,,55000,28000,55000,55,0,,armed,905000,blocked,55000,28000,55000,55,1000000000000,,armed,906000,blocked
905560,0,12,80,3,2,ack,0,0,3,1000,1000000,1000,0,0,0,0,1000000000,1000000000,,27000,0,0,,,,,71000,26000,71000,71,0,,parked,,blocked,71000,27000,71000,71,0,,armed,906000,blocked
906000,1,1,816,1,0,tick,0,0,3,1000,1000000,1000,0,0,0,0,1000000000,1000000000,1000000000,,,0,,,,,72000,55000,72000,72,2000000000000,,armed,906000,blocked,72000,55000,72000,72,3000000000000,,armed,907000,blocked
906000,1,2,621,2,1,tick,0,0,3,1000,1000000,1000,0,0,0,0,1000000000,1000000000,1000000000,,,0,,,,,55000,28000,55000,55,1000000000000,,armed,906000,blocked,55000,28000,55000,55,2000000000000,,armed,907000,blocked
906000,1,3,793,3,2,tick,1,0,3,1000,1000000,1000,0,0,0,0,1000000000,1000000000,,,,0,,,,,71000,27000,71000,71,0,,armed,906000,blocked,71000,27000,71000,71,0,,parked,,blocked
907000,1,1,817,1,0,tick,0,0,3,1000,1000000,1000,0,0,0,0,1000000000,1000000000,1000000000,,,0,,,,,72000,55000,72000,72,3000000000000,,armed,907000,blocked,72000,55000,72000,72,4000000000000,,armed,908000,blocked
907000,1,2,622,2,1,tick,0,0,3,1000,1000000,1000,0,0,0,0,1000000000,1000000000,1000000000,,,0,,,,,55000,28000,55000,55,2000000000000,,armed,907000,blocked,55000,28000,55000,55,3000000000000,,armed,908000,blocked
908000,1,1,818,1,0,tick,0,0,3,1000,1000000,1000,0,0,0,0,1000000000,1000000000,1000000000,,,0,,,,,72000,55000,72000,72,4000000000000,,armed,908000,blocked,72000,55000,72000,72,5000000000000,,armed,909000,blocked
908000,1,2,623,2,1,tick,0,0,3,1000,1000000,1000,0,0,0,0,1000000000,1000000000,1000000000,,,0,,,,,55000,28000,55000,55,3000000000000,,armed,908000,blocked,55000,28000,55000,55,4000000000000,,armed,909000,blocked
909000,1,1,819,1,0,tick,0,0,3,1000,1000000,1000,0,0,0,0,1000000000,1000000000,1000000000,,,0,,,,,72000,55000,72000,72,5000000000000,,armed,909000,blocked,72000,55000,72000,72,6000000000000,,armed,910000,blocked
909000,1,2,624,2,1,tick,0,0,3,1000,1000000,1000,0,0,0,0,1000000000,1000000000,1000000000,,,0,,,,,55000,28000,55000,55,4000000000000,,armed,909000,blocked,55000,28000,55000,55,5000000000000,,armed,910000,blocked
910000,1,1,820,1,0,tick,0,0,3,1000,1000000,1000,0,0,0,0,1000000000,1000000000,1000000000,,,0,,,,,72000,55000,72000,72,6000000000000,,armed,910000,blocked,72000,55000,72000,72,7000000000000,,armed,911000,scheduled
910000,1,2,625,2,1,tick,0,0,3,1000,1000000,1000,0,0,0,0,1000000000,1000000000,1000000000,,,0,,,,,55000,28000,55000,55,5000000000000,,armed,910000,blocked,55000,28000,55000,55,6000000000000,,armed,911000,blocked
911000,1,1,821,1,0,tick,0,0,3,1000,1000000,1000,0,0,0,0,1000000000,1000000000,1000000000,,,1,72000,1000,0,1023,72000,55000,72000,72,7000000000000,,armed,911000,scheduled,73000,55000,73000,73,0,,armed,912000,blocked
911000,1,2,626,2,1,tick,0,0,3,1000,1000000,1000,0,0,0,0,1000000000,1000000000,1000000000,,,0,,,,,55000,28000,55000,55,6000000000000,,armed,911000,blocked,55000,28000,55000,55,7000000000000,,armed,912000,scheduled
912000,1,1,822,1,0,tick,0,0,3,1000,1000000,1000,0,0,0,0,1000000000,1000000000,1000000000,,,0,,,,,73000,55000,73000,73,0,,armed,912000,blocked,73000,55000,73000,73,1000000000000,,armed,913000,blocked
912000,1,2,627,2,1,tick,0,0,3,1000,1000000,1000,0,0,0,0,1000000000,1000000000,1000000000,,,1,55000,1000,0,786,55000,28000,55000,55,7000000000000,,armed,912000,scheduled,56000,28000,56000,56,0,,armed,913000,blocked
912536,0,6,167,1,0,ack,0,0,3,1000,1000000,1000,0,0,0,0,1000000000,1000000000,,56000,0,0,,,,,73000,55000,73000,73,1000000000000,,armed,913000,blocked,73000,56000,73000,73,1000000000000,,armed,913000,blocked
913000,1,1,826,1,0,tick,0,0,3,1000,1000000,1000,0,0,0,0,1000000000,1000000000,1000000000,,,0,,,,,73000,56000,73000,73,1000000000000,,armed,913000,blocked,73000,56000,73000,73,2000000000000,,armed,914000,blocked
913000,1,2,628,2,1,tick,0,0,3,1000,1000000,1000,0,0,0,0,1000000000,1000000000,1000000000,,,0,,,,,56000,28000,56000,56,0,,armed,913000,blocked,56000,28000,56000,56,1000000000000,,armed,914000,blocked
914000,1,1,827,1,0,tick,0,0,3,1000,1000000,1000,0,0,0,0,1000000000,1000000000,1000000000,,,0,,,,,73000,56000,73000,73,2000000000000,,armed,914000,blocked,73000,56000,73000,73,3000000000000,,armed,915000,blocked
914000,1,2,632,2,1,tick,0,0,3,1000,1000000,1000,0,0,0,0,1000000000,1000000000,1000000000,,,0,,,,,56000,28000,56000,56,1000000000000,,armed,914000,blocked,56000,28000,56000,56,2000000000000,,armed,915000,blocked
915000,1,1,828,1,0,tick,0,0,3,1000,1000000,1000,0,0,0,0,1000000000,1000000000,1000000000,,,0,,,,,73000,56000,73000,73,3000000000000,,armed,915000,blocked,73000,56000,73000,73,4000000000000,,armed,916000,blocked
915000,1,2,633,2,1,tick,0,0,3,1000,1000000,1000,0,0,0,0,1000000000,1000000000,1000000000,,,0,,,,,56000,28000,56000,56,2000000000000,,armed,915000,blocked,56000,28000,56000,56,3000000000000,,armed,916000,blocked
916000,1,1,829,1,0,tick,0,0,3,1000,1000000,1000,0,0,0,0,1000000000,1000000000,1000000000,,,0,,,,,73000,56000,73000,73,4000000000000,,armed,916000,blocked,73000,56000,73000,73,5000000000000,,armed,917000,blocked
916000,1,2,634,2,1,tick,0,0,3,1000,1000000,1000,0,0,0,0,1000000000,1000000000,1000000000,,,0,,,,,56000,28000,56000,56,3000000000000,,armed,916000,blocked,56000,28000,56000,56,4000000000000,,armed,917000,blocked
917000,1,1,830,1,0,tick,0,0,3,1000,1000000,1000,0,0,0,0,1000000000,1000000000,1000000000,,,0,,,,,73000,56000,73000,73,5000000000000,,armed,917000,blocked,73000,56000,73000,73,6000000000000,,armed,918000,blocked
917000,1,2,635,2,1,tick,0,0,3,1000,1000000,1000,0,0,0,0,1000000000,1000000000,1000000000,,,0,,,,,56000,28000,56000,56,4000000000000,,armed,917000,blocked,56000,28000,56000,56,5000000000000,,armed,918000,blocked
918000,1,1,831,1,0,tick,0,0,3,1000,1000000,1000,0,0,0,0,1000000000,1000000000,1000000000,,,0,,,,,73000,56000,73000,73,6000000000000,,armed,918000,blocked,73000,56000,73000,73,7000000000000,,armed,919000,scheduled
918000,1,2,636,2,1,tick,0,0,3,1000,1000000,1000,0,0,0,0,1000000000,1000000000,1000000000,,,0,,,,,56000,28000,56000,56,5000000000000,,armed,918000,blocked,56000,28000,56000,56,6000000000000,,armed,919000,blocked
919000,1,1,832,1,0,tick,0,0,3,1000,1000000,1000,0,0,0,0,1000000000,1000000000,1000000000,,,1,73000,1000,0,1037,73000,56000,73000,73,7000000000000,,armed,919000,scheduled,74000,56000,74000,74,0,,armed,920000,blocked
919000,1,2,637,2,1,tick,0,0,3,1000,1000000,1000,0,0,0,0,1000000000,1000000000,1000000000,,,0,,,,,56000,28000,56000,56,6000000000000,,armed,919000,blocked,56000,28000,56000,56,7000000000000,,armed,920000,scheduled
920000,1,1,833,1,0,tick,0,0,3,1000,1000000,1000,0,0,0,0,1000000000,1000000000,1000000000,,,0,,,,,74000,56000,74000,74,0,,armed,920000,blocked,74000,56000,74000,74,1000000000000,,armed,921000,blocked
920000,1,2,638,2,1,tick,0,0,3,1000,1000000,1000,0,0,0,0,1000000000,1000000000,1000000000,,,1,56000,1000,0,800,56000,28000,56000,56,7000000000000,,armed,920000,scheduled,57000,28000,57000,57,0,,armed,921000,blocked
921000,1,1,837,1,0,tick,0,0,3,1000,1000000,1000,0,0,0,0,1000000000,1000000000,1000000000,,,0,,,,,74000,56000,74000,74,1000000000000,,armed,921000,blocked,74000,56000,74000,74,2000000000000,,armed,922000,blocked
921000,1,2,639,2,1,tick,0,0,3,1000,1000000,1000,0,0,0,0,1000000000,1000000000,1000000000,,,0,,,,,57000,28000,57000,57,0,,armed,921000,blocked,57000,28000,57000,57,1000000000000,,armed,922000,blocked
921048,0,9,86,2,1,ack,0,0,3,1000,1000000,1000,0,0,0,0,1000000000,1000000000,,29000,0,0,,,,,57000,28000,57000,57,1000000000000,,armed,922000,blocked,57000,29000,57000,57,1000000000000,,armed,922000,blocked
922000,1,1,838,1,0,tick,0,0,3,1000,1000000,1000,0,0,0,0,1000000000,1000000000,1000000000,,,0,,,,,74000,56000,74000,74,2000000000000,,armed,922000,blocked,74000,56000,74000,74,3000000000000,,armed,923000,blocked
922000,1,2,643,2,1,tick,0,0,3,1000,1000000,1000,0,0,0,0,1000000000,1000000000,1000000000,,,0,,,,,57000,29000,57000,57,1000000000000,,armed,922000,blocked,57000,29000,57000,57,2000000000000,,armed,923000,blocked
923000,1,1,839,1,0,tick,0,0,3,1000,1000000,1000,0,0,0,0,1000000000,1000000000,1000000000,,,0,,,,,74000,56000,74000,74,3000000000000,,armed,923000,blocked,74000,56000,74000,74,4000000000000,,armed,924000,blocked
923000,1,2,644,2,1,tick,0,0,3,1000,1000000,1000,0,0,0,0,1000000000,1000000000,1000000000,,,0,,,,,57000,29000,57000,57,2000000000000,,armed,923000,blocked,57000,29000,57000,57,3000000000000,,armed,924000,blocked
924000,1,1,840,1,0,tick,0,0,3,1000,1000000,1000,0,0,0,0,1000000000,1000000000,1000000000,,,0,,,,,74000,56000,74000,74,4000000000000,,armed,924000,blocked,74000,56000,74000,74,5000000000000,,armed,925000,blocked
924000,1,2,645,2,1,tick,0,0,3,1000,1000000,1000,0,0,0,0,1000000000,1000000000,1000000000,,,0,,,,,57000,29000,57000,57,3000000000000,,armed,924000,blocked,57000,29000,57000,57,4000000000000,,armed,925000,blocked
925000,1,1,841,1,0,tick,0,0,3,1000,1000000,1000,0,0,0,0,1000000000,1000000000,1000000000,,,0,,,,,74000,56000,74000,74,5000000000000,,armed,925000,blocked,74000,56000,74000,74,6000000000000,,armed,926000,blocked
925000,1,2,646,2,1,tick,0,0,3,1000,1000000,1000,0,0,0,0,1000000000,1000000000,1000000000,,,0,,,,,57000,29000,57000,57,4000000000000,,armed,925000,blocked,57000,29000,57000,57,5000000000000,,armed,926000,blocked
926000,1,1,842,1,0,tick,0,0,3,1000,1000000,1000,0,0,0,0,1000000000,1000000000,1000000000,,,0,,,,,74000,56000,74000,74,6000000000000,,armed,926000,blocked,74000,56000,74000,74,7000000000000,,armed,927000,scheduled
926000,1,2,647,2,1,tick,0,0,3,1000,1000000,1000,0,0,0,0,1000000000,1000000000,1000000000,,,0,,,,,57000,29000,57000,57,5000000000000,,armed,926000,blocked,57000,29000,57000,57,6000000000000,,armed,927000,blocked
927000,1,1,843,1,0,tick,0,0,3,1000,1000000,1000,0,0,0,0,1000000000,1000000000,1000000000,,,1,74000,1000,0,1051,74000,56000,74000,74,7000000000000,,armed,927000,scheduled,75000,56000,75000,75,0,,armed,928000,blocked
927000,1,2,648,2,1,tick,0,0,3,1000,1000000,1000,0,0,0,0,1000000000,1000000000,1000000000,,,0,,,,,57000,29000,57000,57,6000000000000,,armed,927000,blocked,57000,29000,57000,57,7000000000000,,armed,928000,scheduled
928000,1,1,844,1,0,tick,0,0,3,1000,1000000,1000,0,0,0,0,1000000000,1000000000,1000000000,,,0,,,,,75000,56000,75000,75,0,,armed,928000,blocked,75000,56000,75000,75,1000000000000,,armed,929000,blocked
928000,1,2,649,2,1,tick,0,0,3,1000,1000000,1000,0,0,0,0,1000000000,1000000000,1000000000,,,1,57000,1000,0,814,57000,29000,57000,57,7000000000000,,armed,928000,scheduled,58000,29000,58000,58,0,,armed,929000,blocked
928536,0,6,170,1,0,ack,0,0,3,1000,1000000,1000,0,0,0,0,1000000000,1000000000,,57000,0,0,,,,,75000,56000,75000,75,1000000000000,,armed,929000,blocked,75000,57000,75000,75,1000000000000,,armed,929000,blocked
929000,1,1,848,1,0,tick,0,0,3,1000,1000000,1000,0,0,0,0,1000000000,1000000000,1000000000,,,0,,,,,75000,57000,75000,75,1000000000000,,armed,929000,blocked,75000,57000,75000,75,2000000000000,,armed,930000,blocked
929000,1,2,650,2,1,tick,0,0,3,1000,1000000,1000,0,0,0,0,1000000000,1000000000,1000000000,,,0,,,,,58000,29000,58000,58,0,,armed,929000,blocked,58000,29000,58000,58,1000000000000,,armed,930000,blocked
930000,1,1,849,1,0,tick,0,0,3,1000,1000000,1000,0,0,0,0,1000000000,1000000000,1000000000,,,0,,,,,75000,57000,75000,75,2000000000000,,armed,930000,blocked,75000,57000,75000,75,3000000000000,,armed,931000,blocked
930000,1,2,654,2,1,tick,0,0,3,1000,1000000,1000,0,0,0,0,1000000000,1000000000,1000000000,,,0,,,,,58000,29000,58000,58,1000000000000,,armed,930000,blocked,58000,29000,58000,58,2000000000000,,armed,931000,blocked
931000,1,1,850,1,0,tick,0,0,3,1000,1000000,1000,0,0,0,0,1000000000,1000000000,1000000000,,,0,,,,,75000,57000,75000,75,3000000000000,,armed,931000,blocked,75000,57000,75000,75,4000000000000,,armed,932000,blocked
931000,1,2,655,2,1,tick,0,0,3,1000,1000000,1000,0,0,0,0,1000000000,1000000000,1000000000,,,0,,,,,58000,29000,58000,58,2000000000000,,armed,931000,blocked,58000,29000,58000,58,3000000000000,,armed,932000,blocked
932000,1,1,851,1,0,tick,0,0,3,1000,1000000,1000,0,0,0,0,1000000000,1000000000,1000000000,,,0,,,,,75000,57000,75000,75,4000000000000,,armed,932000,blocked,75000,57000,75000,75,5000000000000,,armed,933000,blocked
932000,1,2,656,2,1,tick,0,0,3,1000,1000000,1000,0,0,0,0,1000000000,1000000000,1000000000,,,0,,,,,58000,29000,58000,58,3000000000000,,armed,932000,blocked,58000,29000,58000,58,4000000000000,,armed,933000,blocked
933000,1,1,852,1,0,tick,0,0,3,1000,1000000,1000,0,0,0,0,1000000000,1000000000,1000000000,,,0,,,,,75000,57000,75000,75,5000000000000,,armed,933000,blocked,75000,57000,75000,75,6000000000000,,armed,934000,blocked
933000,1,2,657,2,1,tick,0,0,3,1000,1000000,1000,0,0,0,0,1000000000,1000000000,1000000000,,,0,,,,,58000,29000,58000,58,4000000000000,,armed,933000,blocked,58000,29000,58000,58,5000000000000,,armed,934000,blocked
934000,1,1,853,1,0,tick,0,0,3,1000,1000000,1000,0,0,0,0,1000000000,1000000000,1000000000,,,0,,,,,75000,57000,75000,75,6000000000000,,armed,934000,blocked,75000,57000,75000,75,7000000000000,,armed,935000,scheduled
934000,1,2,658,2,1,tick,0,0,3,1000,1000000,1000,0,0,0,0,1000000000,1000000000,1000000000,,,0,,,,,58000,29000,58000,58,5000000000000,,armed,934000,blocked,58000,29000,58000,58,6000000000000,,armed,935000,blocked
935000,1,1,854,1,0,tick,0,0,3,1000,1000000,1000,0,0,0,0,1000000000,1000000000,1000000000,,,1,75000,1000,0,1065,75000,57000,75000,75,7000000000000,,armed,935000,scheduled,76000,57000,76000,76,0,,armed,936000,blocked
935000,1,2,659,2,1,tick,0,0,3,1000,1000000,1000,0,0,0,0,1000000000,1000000000,1000000000,,,0,,,,,58000,29000,58000,58,6000000000000,,armed,935000,blocked,58000,29000,58000,58,7000000000000,,armed,936000,scheduled
936000,1,1,855,1,0,tick,0,0,3,1000,1000000,1000,0,0,0,0,1000000000,1000000000,1000000000,,,0,,,,,76000,57000,76000,76,0,,armed,936000,blocked,76000,57000,76000,76,1000000000000,,armed,937000,blocked
936000,1,2,660,2,1,tick,0,0,3,1000,1000000,1000,0,0,0,0,1000000000,1000000000,1000000000,,,1,58000,1000,0,828,58000,29000,58000,58,7000000000000,,armed,936000,scheduled,59000,29000,59000,59,0,,armed,937000,blocked
937000,1,1,859,1,0,tick,0,0,3,1000,1000000,1000,0,0,0,0,1000000000,1000000000,1000000000,,,0,,,,,76000,57000,76000,76,1000000000000,,armed,937000,blocked,76000,57000,76000,76,2000000000000,,armed,938000,blocked
937000,1,2,661,2,1,tick,0,0,3,1000,1000000,1000,0,0,0,0,1000000000,1000000000,1000000000,,,0,,,,,59000,29000,59000,59,0,,armed,937000,blocked,59000,29000,59000,59,1000000000000,,armed,938000,blocked
937560,0,12,83,3,2,ack,0,0,3,1000,1000000,1000,0,0,0,0,1000000000,1000000000,,28000,0,0,,,,,71000,27000,71000,71,0,,parked,,blocked,71000,28000,71000,71,0,,armed,938000,blocked
938000,1,1,860,1,0,tick,0,0,3,1000,1000000,1000,0,0,0,0,1000000000,1000000000,1000000000,,,0,,,,,76000,57000,76000,76,2000000000000,,armed,938000,blocked,76000,57000,76000,76,3000000000000,,armed,939000,blocked
938000,1,2,665,2,1,tick,0,0,3,1000,1000000,1000,0,0,0,0,1000000000,1000000000,1000000000,,,0,,,,,59000,29000,59000,59,1000000000000,,armed,938000,blocked,59000,29000,59000,59,2000000000000,,armed,939000,blocked
938000,1,3,794,3,2,tick,1,0,3,1000,1000000,1000,0,0,0,0,1000000000,1000000000,,,,0,,,,,71000,28000,71000,71,0,,armed,938000,blocked,71000,28000,71000,71,0,,parked,,blocked
939000,1,1,861,1,0,tick,0,0,3,1000,1000000,1000,0,0,0,0,1000000000,1000000000,1000000000,,,0,,,,,76000,57000,76000,76,3000000000000,,armed,939000,blocked,76000,57000,76000,76,4000000000000,,armed,940000,blocked
939000,1,2,666,2,1,tick,0,0,3,1000,1000000,1000,0,0,0,0,1000000000,1000000000,1000000000,,,0,,,,,59000,29000,59000,59,2000000000000,,armed,939000,blocked,59000,29000,59000,59,3000000000000,,armed,940000,blocked
940000,1,1,862,1,0,tick,0,0,3,1000,1000000,1000,0,0,0,0,1000000000,1000000000,1000000000,,,0,,,,,76000,57000,76000,76,4000000000000,,armed,940000,blocked,76000,57000,76000,76,5000000000000,,armed,941000,blocked
940000,1,2,667,2,1,tick,0,0,3,1000,1000000,1000,0,0,0,0,1000000000,1000000000,1000000000,,,0,,,,,59000,29000,59000,59,3000000000000,,armed,940000,blocked,59000,29000,59000,59,4000000000000,,armed,941000,blocked
941000,1,1,863,1,0,tick,0,0,3,1000,1000000,1000,0,0,0,0,1000000000,1000000000,1000000000,,,0,,,,,76000,57000,76000,76,5000000000000,,armed,941000,blocked,76000,57000,76000,76,6000000000000,,armed,942000,blocked
941000,1,2,668,2,1,tick,0,0,3,1000,1000000,1000,0,0,0,0,1000000000,1000000000,1000000000,,,0,,,,,59000,29000,59000,59,4000000000000,,armed,941000,blocked,59000,29000,59000,59,5000000000000,,armed,942000,blocked
942000,1,1,864,1,0,tick,0,0,3,1000,1000000,1000,0,0,0,0,1000000000,1000000000,1000000000,,,0,,,,,76000,57000,76000,76,6000000000000,,armed,942000,blocked,76000,57000,76000,76,7000000000000,,armed,943000,scheduled
942000,1,2,669,2,1,tick,0,0,3,1000,1000000,1000,0,0,0,0,1000000000,1000000000,1000000000,,,0,,,,,59000,29000,59000,59,5000000000000,,armed,942000,blocked,59000,29000,59000,59,6000000000000,,armed,943000,blocked
943000,1,1,865,1,0,tick,0,0,3,1000,1000000,1000,0,0,0,0,1000000000,1000000000,1000000000,,,1,76000,1000,0,1079,76000,57000,76000,76,7000000000000,,armed,943000,scheduled,77000,57000,77000,77,0,,armed,944000,blocked
943000,1,2,670,2,1,tick,0,0,3,1000,1000000,1000,0,0,0,0,1000000000,1000000000,1000000000,,,0,,,,,59000,29000,59000,59,6000000000000,,armed,943000,blocked,59000,29000,59000,59,7000000000000,,armed,944000,scheduled
944000,1,1,866,1,0,tick,0,0,3,1000,1000000,1000,0,0,0,0,1000000000,1000000000,1000000000,,,0,,,,,77000,57000,77000,77,0,,armed,944000,blocked,77000,57000,77000,77,1000000000000,,armed,945000,blocked
944000,1,2,671,2,1,tick,0,0,3,1000,1000000,1000,0,0,0,0,1000000000,1000000000,1000000000,,,1,59000,1000,0,842,59000,29000,59000,59,7000000000000,,armed,944000,scheduled,60000,29000,60000,60,0,,armed,945000,blocked
944536,0,6,173,1,0,ack,0,0,3,1000,1000000,1000,0,0,0,0,1000000000,1000000000,,58000,0,0,,,,,77000,57000,77000,77,1000000000000,,armed,945000,blocked,77000,58000,77000,77,1000000000000,,armed,945000,blocked
945000,1,1,870,1,0,tick,0,0,3,1000,1000000,1000,0,0,0,0,1000000000,1000000000,1000000000,,,0,,,,,77000,58000,77000,77,1000000000000,,armed,945000,blocked,77000,58000,77000,77,2000000000000,,armed,946000,blocked
945000,1,2,672,2,1,tick,0,0,3,1000,1000000,1000,0,0,0,0,1000000000,1000000000,1000000000,,,0,,,,,60000,29000,60000,60,0,,armed,945000,blocked,60000,29000,60000,60,1000000000000,,armed,946000,blocked
946000,1,1,871,1,0,tick,0,0,3,1000,1000000,1000,0,0,0,0,1000000000,1000000000,1000000000,,,0,,,,,77000,58000,77000,77,2000000000000,,armed,946000,blocked,77000,58000,77000,77,3000000000000,,armed,947000,blocked
946000,1,2,676,2,1,tick,0,0,3,1000,1000000,1000,0,0,0,0,1000000000,1000000000,1000000000,,,0,,,,,60000,29000,60000,60,1000000000000,,armed,946000,blocked,60000,29000,60000,60,2000000000000,,armed,947000,blocked
947000,1,1,872,1,0,tick,0,0,3,1000,1000000,1000,0,0,0,0,1000000000,1000000000,1000000000,,,0,,,,,77000,58000,77000,77,3000000000000,,armed,947000,blocked,77000,58000,77000,77,4000000000000,,armed,948000,blocked
947000,1,2,677,2,1,tick,0,0,3,1000,1000000,1000,0,0,0,0,1000000000,1000000000,1000000000,,,0,,,,,60000,29000,60000,60,2000000000000,,armed,947000,blocked,60000,29000,60000,60,3000000000000,,armed,948000,blocked
948000,1,1,873,1,0,tick,0,0,3,1000,1000000,1000,0,0,0,0,1000000000,1000000000,1000000000,,,0,,,,,77000,58000,77000,77,4000000000000,,armed,948000,blocked,77000,58000,77000,77,5000000000000,,armed,949000,blocked
948000,1,2,678,2,1,tick,0,0,3,1000,1000000,1000,0,0,0,0,1000000000,1000000000,1000000000,,,0,,,,,60000,29000,60000,60,3000000000000,,armed,948000,blocked,60000,29000,60000,60,4000000000000,,armed,949000,blocked
949000,1,1,874,1,0,tick,0,0,3,1000,1000000,1000,0,0,0,0,1000000000,1000000000,1000000000,,,0,,,,,77000,58000,77000,77,5000000000000,,armed,949000,blocked,77000,58000,77000,77,6000000000000,,armed,950000,blocked
949000,1,2,679,2,1,tick,0,0,3,1000,1000000,1000,0,0,0,0,1000000000,1000000000,1000000000,,,0,,,,,60000,29000,60000,60,4000000000000,,armed,949000,blocked,60000,29000,60000,60,5000000000000,,armed,950000,blocked
950000,1,1,875,1,0,tick,0,0,3,1000,1000000,1000,0,0,0,0,1000000000,1000000000,1000000000,,,0,,,,,77000,58000,77000,77,6000000000000,,armed,950000,blocked,77000,58000,77000,77,7000000000000,,armed,951000,scheduled
950000,1,2,680,2,1,tick,0,0,3,1000,1000000,1000,0,0,0,0,1000000000,1000000000,1000000000,,,0,,,,,60000,29000,60000,60,5000000000000,,armed,950000,blocked,60000,29000,60000,60,6000000000000,,armed,951000,blocked
951000,1,1,876,1,0,tick,0,0,3,1000,1000000,1000,0,0,0,0,1000000000,1000000000,1000000000,,,1,77000,1000,0,1093,77000,58000,77000,77,7000000000000,,armed,951000,scheduled,78000,58000,78000,78,0,,armed,952000,blocked
951000,1,2,681,2,1,tick,0,0,3,1000,1000000,1000,0,0,0,0,1000000000,1000000000,1000000000,,,0,,,,,60000,29000,60000,60,6000000000000,,armed,951000,blocked,60000,29000,60000,60,7000000000000,,armed,952000,scheduled
952000,1,1,877,1,0,tick,0,0,3,1000,1000000,1000,0,0,0,0,1000000000,1000000000,1000000000,,,0,,,,,78000,58000,78000,78,0,,armed,952000,blocked,78000,58000,78000,78,1000000000000,,armed,953000,blocked
952000,1,2,682,2,1,tick,0,0,3,1000,1000000,1000,0,0,0,0,1000000000,1000000000,1000000000,,,1,60000,1000,0,856,60000,29000,60000,60,7000000000000,,armed,952000,scheduled,61000,29000,61000,61,0,,armed,953000,blocked
953000,1,1,881,1,0,tick,0,0,3,1000,1000000,1000,0,0,0,0,1000000000,1000000000,1000000000,,,0,,,,,78000,58000,78000,78,1000000000000,,armed,953000,blocked,78000,58000,78000,78,2000000000000,,armed,954000,blocked
953000,1,2,683,2,1,tick,1,0,3,1000,1000000,1000,0,0,0,0,1000000000,1000000000,,,,0,,,,,61000,29000,61000,61,0,,armed,953000,blocked,61000,29000,61000,61,0,,parked,,blocked
953048,0,9,89,2,1,ack,0,0,3,1000,1000000,1000,0,0,0,0,1000000000,1000000000,,30000,0,0,,,,,61000,29000,61000,61,0,,parked,,blocked,61000,30000,61000,61,0,,armed,954000,blocked
954000,1,1,882,1,0,tick,0,0,3,1000,1000000,1000,0,0,0,0,1000000000,1000000000,1000000000,,,0,,,,,78000,58000,78000,78,2000000000000,,armed,954000,blocked,78000,58000,78000,78,3000000000000,,armed,955000,blocked
954000,1,2,687,2,1,tick,1,0,3,1000,1000000,1000,0,0,0,0,1000000000,1000000000,,,,0,,,,,61000,30000,61000,61,0,,armed,954000,blocked,61000,30000,61000,61,0,,parked,,blocked
955000,1,1,883,1,0,tick,0,0,3,1000,1000000,1000,0,0,0,0,1000000000,1000000000,1000000000,,,0,,,,,78000,58000,78000,78,3000000000000,,armed,955000,blocked,78000,58000,78000,78,4000000000000,,armed,956000,blocked
956000,1,1,884,1,0,tick,0,0,3,1000,1000000,1000,0,0,0,0,1000000000,1000000000,1000000000,,,0,,,,,78000,58000,78000,78,4000000000000,,armed,956000,blocked,78000,58000,78000,78,5000000000000,,armed,957000,blocked
957000,1,1,885,1,0,tick,0,0,3,1000,1000000,1000,0,0,0,0,1000000000,1000000000,1000000000,,,0,,,,,78000,58000,78000,78,5000000000000,,armed,957000,blocked,78000,58000,78000,78,6000000000000,,armed,958000,blocked
958000,1,1,886,1,0,tick,0,0,3,1000,1000000,1000,0,0,0,0,1000000000,1000000000,1000000000,,,0,,,,,78000,58000,78000,78,6000000000000,,armed,958000,blocked,78000,58000,78000,78,7000000000000,,armed,959000,scheduled
959000,1,1,887,1,0,tick,0,0,3,1000,1000000,1000,0,0,0,0,1000000000,1000000000,1000000000,,,1,78000,1000,0,1107,78000,58000,78000,78,7000000000000,,armed,959000,scheduled,79000,58000,79000,79,0,,armed,960000,blocked
960000,1,1,888,1,0,tick,0,0,3,1000,1000000,1000,0,0,0,0,1000000000,1000000000,1000000000,,,0,,,,,79000,58000,79000,79,0,,armed,960000,blocked,79000,58000,79000,79,1000000000000,,armed,961000,blocked
960536,0,6,176,1,0,ack,0,0,3,1000,1000000,1000,0,0,0,0,1000000000,1000000000,,59000,0,0,,,,,79000,58000,79000,79,1000000000000,,armed,961000,blocked,79000,59000,79000,79,1000000000000,,armed,961000,blocked
961000,1,1,892,1,0,tick,0,0,3,1000,1000000,1000,0,0,0,0,1000000000,1000000000,1000000000,,,0,,,,,79000,59000,79000,79,1000000000000,,armed,961000,blocked,79000,59000,79000,79,2000000000000,,armed,962000,blocked
962000,1,1,893,1,0,tick,0,0,3,1000,1000000,1000,0,0,0,0,1000000000,1000000000,1000000000,,,0,,,,,79000,59000,79000,79,2000000000000,,armed,962000,blocked,79000,59000,79000,79,3000000000000,,armed,963000,blocked
963000,1,1,894,1,0,tick,0,0,3,1000,1000000,1000,0,0,0,0,1000000000,1000000000,1000000000,,,0,,,,,79000,59000,79000,79,3000000000000,,armed,963000,blocked,79000,59000,79000,79,4000000000000,,armed,964000,blocked
964000,1,1,895,1,0,tick,0,0,3,1000,1000000,1000,0,0,0,0,1000000000,1000000000,1000000000,,,0,,,,,79000,59000,79000,79,4000000000000,,armed,964000,blocked,79000,59000,79000,79,5000000000000,,armed,965000,blocked
965000,1,1,896,1,0,tick,0,0,3,1000,1000000,1000,0,0,0,0,1000000000,1000000000,1000000000,,,0,,,,,79000,59000,79000,79,5000000000000,,armed,965000,blocked,79000,59000,79000,79,6000000000000,,armed,966000,blocked
966000,1,1,897,1,0,tick,0,0,3,1000,1000000,1000,0,0,0,0,1000000000,1000000000,1000000000,,,0,,,,,79000,59000,79000,79,6000000000000,,armed,966000,blocked,79000,59000,79000,79,7000000000000,,armed,967000,scheduled
967000,1,1,898,1,0,tick,0,0,3,1000,1000000,1000,0,0,0,0,1000000000,1000000000,1000000000,,,1,79000,1000,0,1121,79000,59000,79000,79,7000000000000,,armed,967000,scheduled,80000,59000,80000,80,0,,armed,968000,blocked
968000,1,1,899,1,0,tick,0,0,3,1000,1000000,1000,0,0,0,0,1000000000,1000000000,1000000000,,,0,,,,,80000,59000,80000,80,0,,armed,968000,blocked,80000,59000,80000,80,1000000000000,,armed,969000,blocked
969000,1,1,903,1,0,tick,0,0,3,1000,1000000,1000,0,0,0,0,1000000000,1000000000,1000000000,,,0,,,,,80000,59000,80000,80,1000000000000,,armed,969000,blocked,80000,59000,80000,80,2000000000000,,armed,970000,blocked
969560,0,12,86,3,2,ack,0,0,3,1000,1000000,1000,0,0,0,0,1000000000,1000000000,,29000,0,0,,,,,71000,28000,71000,71,0,,parked,,blocked,71000,29000,71000,71,0,,armed,970000,blocked
970000,1,1,904,1,0,tick,0,0,3,1000,1000000,1000,0,0,0,0,1000000000,1000000000,1000000000,,,0,,,,,80000,59000,80000,80,2000000000000,,armed,970000,blocked,80000,59000,80000,80,3000000000000,,armed,971000,blocked
970000,1,3,795,3,2,tick,1,0,3,1000,1000000,1000,0,0,0,0,1000000000,1000000000,,,,0,,,,,71000,29000,71000,71,0,,armed,970000,blocked,71000,29000,71000,71,0,,parked,,blocked
971000,1,1,905,1,0,tick,0,0,3,1000,1000000,1000,0,0,0,0,1000000000,1000000000,1000000000,,,0,,,,,80000,59000,80000,80,3000000000000,,armed,971000,blocked,80000,59000,80000,80,4000000000000,,armed,972000,blocked
972000,1,1,906,1,0,tick,0,0,3,1000,1000000,1000,0,0,0,0,1000000000,1000000000,1000000000,,,0,,,,,80000,59000,80000,80,4000000000000,,armed,972000,blocked,80000,59000,80000,80,5000000000000,,armed,973000,blocked
973000,1,1,907,1,0,tick,0,0,3,1000,1000000,1000,0,0,0,0,1000000000,1000000000,1000000000,,,0,,,,,80000,59000,80000,80,5000000000000,,armed,973000,blocked,80000,59000,80000,80,6000000000000,,armed,974000,blocked
974000,1,1,908,1,0,tick,0,0,3,1000,1000000,1000,0,0,0,0,1000000000,1000000000,1000000000,,,0,,,,,80000,59000,80000,80,6000000000000,,armed,974000,blocked,80000,59000,80000,80,7000000000000,,armed,975000,scheduled
975000,1,1,909,1,0,tick,0,0,3,1000,1000000,1000,0,0,0,0,1000000000,1000000000,1000000000,,,1,80000,1000,0,1135,80000,59000,80000,80,7000000000000,,armed,975000,scheduled,81000,59000,81000,81,0,,armed,976000,blocked
976000,1,1,910,1,0,tick,0,0,3,1000,1000000,1000,0,0,0,0,1000000000,1000000000,1000000000,,,0,,,,,81000,59000,81000,81,0,,armed,976000,blocked,81000,59000,81000,81,1000000000000,,armed,977000,blocked
976536,0,6,179,1,0,ack,0,0,3,1000,1000000,1000,0,0,0,0,1000000000,1000000000,,60000,0,0,,,,,81000,59000,81000,81,1000000000000,,armed,977000,blocked,81000,60000,81000,81,1000000000000,,armed,977000,blocked
977000,1,1,914,1,0,tick,0,0,3,1000,1000000,1000,0,0,0,0,1000000000,1000000000,1000000000,,,0,,,,,81000,60000,81000,81,1000000000000,,armed,977000,blocked,81000,60000,81000,81,2000000000000,,armed,978000,blocked
978000,1,1,915,1,0,tick,0,0,3,1000,1000000,1000,0,0,0,0,1000000000,1000000000,1000000000,,,0,,,,,81000,60000,81000,81,2000000000000,,armed,978000,blocked,81000,60000,81000,81,3000000000000,,armed,979000,blocked
979000,1,1,916,1,0,tick,0,0,3,1000,1000000,1000,0,0,0,0,1000000000,1000000000,1000000000,,,0,,,,,81000,60000,81000,81,3000000000000,,armed,979000,blocked,81000,60000,81000,81,4000000000000,,armed,980000,blocked
980000,1,1,917,1,0,tick,0,0,3,1000,1000000,1000,0,0,0,0,1000000000,1000000000,1000000000,,,0,,,,,81000,60000,81000,81,4000000000000,,armed,980000,blocked,81000,60000,81000,81,5000000000000,,armed,981000,blocked
981000,1,1,918,1,0,tick,0,0,3,1000,1000000,1000,0,0,0,0,1000000000,1000000000,1000000000,,,0,,,,,81000,60000,81000,81,5000000000000,,armed,981000,blocked,81000,60000,81000,81,6000000000000,,armed,982000,blocked
982000,1,1,919,1,0,tick,0,0,3,1000,1000000,1000,0,0,0,0,1000000000,1000000000,1000000000,,,0,,,,,81000,60000,81000,81,6000000000000,,armed,982000,blocked,81000,60000,81000,81,7000000000000,,armed,983000,scheduled
983000,1,1,920,1,0,tick,0,0,3,1000,1000000,1000,0,0,0,0,1000000000,1000000000,1000000000,,,1,81000,1000,0,1149,81000,60000,81000,81,7000000000000,,armed,983000,scheduled,82000,60000,82000,82,0,,armed,984000,blocked
984000,1,1,921,1,0,tick,1,0,3,1000,1000000,1000,0,0,0,0,1000000000,1000000000,,,,0,,,,,82000,60000,82000,82,0,,armed,984000,blocked,82000,60000,82000,82,0,,parked,,blocked
984536,0,6,182,1,0,ack,0,0,3,1000,1000000,1000,0,0,0,0,1000000000,1000000000,,61000,0,0,,,,,82000,60000,82000,82,0,,parked,,blocked,82000,61000,82000,82,0,,armed,985000,blocked
985000,1,1,925,1,0,tick,1,0,3,1000,1000000,1000,0,0,0,0,1000000000,1000000000,,,,0,,,,,82000,61000,82000,82,0,,armed,985000,blocked,82000,61000,82000,82,0,,parked,,blocked
993048,0,9,92,2,1,ack,0,0,3,1000,1000000,1000,0,0,0,0,1000000000,1000000000,,31000,0,0,,,,,61000,30000,61000,61,0,,parked,,blocked,61000,31000,61000,61,0,,armed,994000,blocked
994000,1,2,688,2,1,tick,1,0,3,1000,1000000,1000,0,0,0,0,1000000000,1000000000,,,,0,,,,,61000,31000,61000,61,0,,armed,994000,blocked,61000,31000,61000,61,0,,parked,,blocked
1001560,0,12,89,3,2,ack,0,0,3,1000,1000000,1000,0,0,0,0,1000000000,1000000000,,30000,0,0,,,,,71000,29000,71000,71,0,,parked,,blocked,71000,30000,71000,71,0,,armed,1002000,blocked
1002000,1,3,796,3,2,tick,1,0,3,1000,1000000,1000,0,0,0,0,1000000000,1000000000,,,,0,,,,,71000,30000,71000,71,0,,armed,1002000,blocked,71000,30000,71000,71,0,,parked,,blocked
1009048,0,9,95,2,1,ack,0,0,3,1000,1000000,1000,0,0,0,0,1000000000,1000000000,,32000,0,0,,,,,61000,31000,61000,61,0,,parked,,blocked,61000,32000,61000,61,0,,armed,1010000,blocked
1010000,1,2,689,2,1,tick,1,0,3,1000,1000000,1000,0,0,0,0,1000000000,1000000000,,,,0,,,,,61000,32000,61000,61,0,,armed,1010000,blocked,61000,32000,61000,61,0,,parked,,blocked
1017560,0,12,92,3,2,ack,0,0,3,1000,1000000,1000,0,0,0,0,1000000000,1000000000,,31000,0,0,,,,,71000,30000,71000,71,0,,parked,,blocked,71000,31000,71000,71,0,,armed,1018000,blocked
1018000,1,3,797,3,2,tick,1,0,3,1000,1000000,1000,0,0,0,0,1000000000,1000000000,,,,0,,,,,71000,31000,71000,71,0,,armed,1018000,blocked,71000,31000,71000,71,0,,parked,,blocked
1024536,0,6,185,1,0,ack,0,0,3,1000,1000000,1000,0,0,0,0,1000000000,1000000000,,62000,0,0,,,,,82000,61000,82000,82,0,,parked,,blocked,82000,62000,82000,82,0,,armed,1025000,blocked
1025000,1,1,926,1,0,tick,1,0,3,1000,1000000,1000,0,0,0,0,1000000000,1000000000,,,,0,,,,,82000,62000,82000,82,0,,armed,1025000,blocked,82000,62000,82000,82,0,,parked,,blocked
1033048,0,9,98,2,1,ack,0,0,3,1000,1000000,1000,0,0,0,0,1000000000,1000000000,,33000,0,0,,,,,61000,32000,61000,61,0,,parked,,blocked,61000,33000,61000,61,0,,armed,1034000,blocked
1034000,1,2,690,2,1,tick,1,0,3,1000,1000000,1000,0,0,0,0,1000000000,1000000000,,,,0,,,,,61000,33000,61000,61,0,,armed,1034000,blocked,61000,33000,61000,61,0,,parked,,blocked
1040536,0,6,188,1,0,ack,0,0,3,1000,1000000,1000,0,0,0,0,1000000000,1000000000,,63000,0,0,,,,,82000,62000,82000,82,0,,parked,,blocked,82000,63000,82000,82,0,,armed,1041000,blocked
1041000,1,1,927,1,0,tick,1,0,3,1000,1000000,1000,0,0,0,0,1000000000,1000000000,,,,0,,,,,82000,63000,82000,82,0,,armed,1041000,blocked,82000,63000,82000,82,0,,parked,,blocked
1049560,0,12,95,3,2,ack,0,0,3,1000,1000000,1000,0,0,0,0,1000000000,1000000000,,32000,0,0,,,,,71000,31000,71000,71,0,,parked,,blocked,71000,32000,71000,71,0,,armed,1050000,blocked
1050000,1,3,798,3,2,tick,1,0,3,1000,1000000,1000,0,0,0,0,1000000000,1000000000,,,,0,,,,,71000,32000,71000,71,0,,armed,1050000,blocked,71000,32000,71000,71,0,,parked,,blocked
1056536,0,6,191,1,0,ack,0,0,3,1000,1000000,1000,0,0,0,0,1000000000,1000000000,,64000,0,0,,,,,82000,63000,82000,82,0,,parked,,blocked,82000,64000,82000,82,0,,armed,1057000,blocked
1057000,1,1,928,1,0,tick,1,0,3,1000,1000000,1000,0,0,0,0,1000000000,1000000000,,,,0,,,,,82000,64000,82000,82,0,,armed,1057000,blocked,82000,64000,82000,82,0,,parked,,blocked
1065048,0,9,101,2,1,ack,0,0,3,1000,1000000,1000,0,0,0,0,1000000000,1000000000,,34000,0,0,,,,,61000,33000,61000,61,0,,parked,,blocked,61000,34000,61000,61,0,,armed,1066000,blocked
1066000,1,2,691,2,1,tick,1,0,3,1000,1000000,1000,0,0,0,0,1000000000,1000000000,,,,0,,,,,61000,34000,61000,61,0,,armed,1066000,blocked,61000,34000,61000,61,0,,parked,,blocked
1072536,0,6,194,1,0,ack,0,0,3,1000,1000000,1000,0,0,0,0,1000000000,1000000000,,65000,0,0,,,,,82000,64000,82000,82,0,,parked,,blocked,82000,65000,82000,82,0,,armed,1073000,blocked
1073000,1,1,929,1,0,tick,1,0,3,1000,1000000,1000,0,0,0,0,1000000000,1000000000,,,,0,,,,,82000,65000,82000,82,0,,armed,1073000,blocked,82000,65000,82000,82,0,,parked,,blocked
1081560,0,12,98,3,2,ack,0,0,3,1000,1000000,1000,0,0,0,0,1000000000,1000000000,,33000,0,0,,,,,71000,32000,71000,71,0,,parked,,blocked,71000,33000,71000,71,0,,armed,1082000,blocked
1082000,1,3,799,3,2,tick,1,0,3,1000,1000000,1000,0,0,0,0,1000000000,1000000000,,,,0,,,,,71000,33000,71000,71,0,,armed,1082000,blocked,71000,33000,71000,71,0,,parked,,blocked
1088536,0,6,197,1,0,ack,0,0,3,1000,1000000,1000,0,0,0,0,1000000000,1000000000,,66000,0,0,,,,,82000,65000,82000,82,0,,parked,,blocked,82000,66000,82000,82,0,,armed,1089000,blocked
1089000,1,1,930,1,0,tick,1,0,3,1000,1000000,1000,0,0,0,0,1000000000,1000000000,,,,0,,,,,82000,66000,82000,82,0,,armed,1089000,blocked,82000,66000,82000,82,0,,parked,,blocked
1097048,0,9,104,2,1,ack,0,0,3,1000,1000000,1000,0,0,0,0,1000000000,1000000000,,35000,0,0,,,,,61000,34000,61000,61,0,,parked,,blocked,61000,35000,61000,61,0,,armed,1098000,blocked
1098000,1,2,692,2,1,tick,1,0,3,1000,1000000,1000,0,0,0,0,1000000000,1000000000,,,,0,,,,,61000,35000,61000,61,0,,armed,1098000,blocked,61000,35000,61000,61,0,,parked,,blocked
1104536,0,6,200,1,0,ack,0,0,3,1000,1000000,1000,0,0,0,0,1000000000,1000000000,,67000,0,0,,,,,82000,66000,82000,82,0,,parked,,blocked,82000,67000,82000,82,0,,armed,1105000,blocked
1105000,1,1,931,1,0,tick,1,0,3,1000,1000000,1000,0,0,0,0,1000000000,1000000000,,,,0,,,,,82000,67000,82000,82,0,,armed,1105000,blocked,82000,67000,82000,82,0,,parked,,blocked
1113560,0,12,101,3,2,ack,0,0,3,1000,1000000,1000,0,0,0,0,1000000000,1000000000,,34000,0,0,,,,,71000,33000,71000,71,0,,parked,,blocked,71000,34000,71000,71,0,,armed,1114000,blocked
1114000,1,3,800,3,2,tick,1,0,3,1000,1000000,1000,0,0,0,0,1000000000,1000000000,,,,0,,,,,71000,34000,71000,71,0,,armed,1114000,blocked,71000,34000,71000,71,0,,parked,,blocked
1120536,0,6,203,1,0,ack,0,0,3,1000,1000000,1000,0,0,0,0,1000000000,1000000000,,68000,0,0,,,,,82000,67000,82000,82,0,,parked,,blocked,82000,68000,82000,82,0,,armed,1121000,blocked
1121000,1,1,932,1,0,tick,1,0,3,1000,1000000,1000,0,0,0,0,1000000000,1000000000,,,,0,,,,,82000,68000,82000,82,0,,armed,1121000,blocked,82000,68000,82000,82,0,,parked,,blocked
1129048,0,9,107,2,1,ack,0,0,3,1000,1000000,1000,0,0,0,0,1000000000,1000000000,,36000,0,0,,,,,61000,35000,61000,61,0,,parked,,blocked,61000,36000,61000,61,0,,armed,1130000,blocked
1130000,1,2,693,2,1,tick,1,0,3,1000,1000000,1000,0,0,0,0,1000000000,1000000000,,,,0,,,,,61000,36000,61000,61,0,,armed,1130000,blocked,61000,36000,61000,61,0,,parked,,blocked
1136536,0,6,206,1,0,ack,0,0,3,1000,1000000,1000,0,0,0,0,1000000000,1000000000,,69000,0,0,,,,,82000,68000,82000,82,0,,parked,,blocked,82000,69000,82000,82,0,,armed,1137000,blocked
1137000,1,1,933,1,0,tick,1,0,3,1000,1000000,1000,0,0,0,0,1000000000,1000000000,,,,0,,,,,82000,69000,82000,82,0,,armed,1137000,blocked,82000,69000,82000,82,0,,parked,,blocked
1145560,0,12,104,3,2,ack,0,0,3,1000,1000000,1000,0,0,0,0,1000000000,1000000000,,35000,0,0,,,,,71000,34000,71000,71,0,,parked,,blocked,71000,35000,71000,71,0,,armed,1146000,blocked
1146000,1,3,801,3,2,tick,1,0,3,1000,1000000,1000,0,0,0,0,1000000000,1000000000,,,,0,,,,,71000,35000,71000,71,0,,armed,1146000,blocked,71000,35000,71000,71,0,,parked,,blocked
1152536,0,6,209,1,0,ack,0,0,3,1000,1000000,1000,0,0,0,0,1000000000,1000000000,,70000,0,0,,,,,82000,69000,82000,82,0,,parked,,blocked,82000,70000,82000,82,0,,armed,1153000,blocked
1153000,1,1,934,1,0,tick,1,0,3,1000,1000000,1000,0,0,0,0,1000000000,1000000000,,,,0,,,,,82000,70000,82000,82,0,,armed,1153000,blocked,82000,70000,82000,82,0,,parked,,blocked
1161048,0,9,110,2,1,ack,0,0,3,1000,1000000,1000,0,0,0,0,1000000000,1000000000,,37000,0,0,,,,,61000,36000,61000,61,0,,parked,,blocked,61000,37000,61000,61,0,,armed,1162000,blocked
1162000,1,2,694,2,1,tick,1,0,3,1000,1000000,1000,0,0,0,0,1000000000,1000000000,,,,0,,,,,61000,37000,61000,61,0,,armed,1162000,blocked,61000,37000,61000,61,0,,parked,,blocked
1167512,0,7,444,1,0,resume,0,0,3,1000,1000000,1000,0,0,0,0,1000000000,1000000000,,,,0,,,,,82000,70000,82000,82,0,,parked,,blocked,82000,70000,82000,82,0,,armed,1168000,blocked
1168000,1,1,935,1,0,tick,0,0,3,1000,1000000,1000,0,0,0,0,1000000000,1000000000,1000000000,,,0,,,,,82000,70000,82000,82,0,,armed,1168000,blocked,82000,70000,82000,82,1000000000000,,armed,1169000,blocked
1168536,0,6,212,1,0,ack,0,0,3,1000,1000000,1000,0,0,0,0,1000000000,1000000000,,71000,0,0,,,,,82000,70000,82000,82,1000000000000,,armed,1169000,blocked,82000,71000,82000,82,1000000000000,,armed,1169000,blocked
1169000,1,1,936,1,0,tick,0,0,3,1000,1000000,1000,0,0,0,0,1000000000,1000000000,1000000000,,,0,,,,,82000,71000,82000,82,1000000000000,,armed,1169000,blocked,82000,71000,82000,82,2000000000000,,armed,1170000,blocked
1170000,1,1,937,1,0,tick,0,0,3,1000,1000000,1000,0,0,0,0,1000000000,1000000000,1000000000,,,0,,,,,82000,71000,82000,82,2000000000000,,armed,1170000,blocked,82000,71000,82000,82,3000000000000,,armed,1171000,blocked
1171000,1,1,938,1,0,tick,0,0,3,1000,1000000,1000,0,0,0,0,1000000000,1000000000,1000000000,,,0,,,,,82000,71000,82000,82,3000000000000,,armed,1171000,blocked,82000,71000,82000,82,4000000000000,,armed,1172000,blocked
1172000,1,1,939,1,0,tick,0,0,3,1000,1000000,1000,0,0,0,0,1000000000,1000000000,1000000000,,,0,,,,,82000,71000,82000,82,4000000000000,,armed,1172000,blocked,82000,71000,82000,82,5000000000000,,armed,1173000,blocked
1173000,1,1,940,1,0,tick,0,0,3,1000,1000000,1000,0,0,0,0,1000000000,1000000000,1000000000,,,0,,,,,82000,71000,82000,82,5000000000000,,armed,1173000,blocked,82000,71000,82000,82,6000000000000,,armed,1174000,blocked
1174000,1,1,941,1,0,tick,0,0,3,1000,1000000,1000,0,0,0,0,1000000000,1000000000,1000000000,,,0,,,,,82000,71000,82000,82,6000000000000,,armed,1174000,blocked,82000,71000,82000,82,7000000000000,,armed,1175000,scheduled
1175000,1,1,942,1,0,tick,0,0,3,1000,1000000,1000,0,0,0,0,1000000000,1000000000,1000000000,,,1,82000,1000,0,1163,82000,71000,82000,82,7000000000000,,armed,1175000,scheduled,83000,71000,83000,83,0,,armed,1176000,blocked
1176000,1,1,943,1,0,tick,0,0,3,1000,1000000,1000,0,0,0,0,1000000000,1000000000,1000000000,,,0,,,,,83000,71000,83000,83,0,,armed,1176000,blocked,83000,71000,83000,83,1000000000000,,armed,1177000,blocked
1177000,1,1,947,1,0,tick,0,0,3,1000,1000000,1000,0,0,0,0,1000000000,1000000000,1000000000,,,0,,,,,83000,71000,83000,83,1000000000000,,armed,1177000,blocked,83000,71000,83000,83,2000000000000,,armed,1178000,blocked
1177560,0,12,107,3,2,ack,0,0,3,1000,1000000,1000,0,0,0,0,1000000000,1000000000,,36000,0,0,,,,,71000,35000,71000,71,0,,parked,,blocked,71000,36000,71000,71,0,,armed,1178000,blocked
1178000,1,1,948,1,0,tick,0,0,3,1000,1000000,1000,0,0,0,0,1000000000,1000000000,1000000000,,,0,,,,,83000,71000,83000,83,2000000000000,,armed,1178000,blocked,83000,71000,83000,83,3000000000000,,armed,1179000,blocked
1178000,1,3,802,3,2,tick,1,0,3,1000,1000000,1000,0,0,0,0,1000000000,1000000000,,,,0,,,,,71000,36000,71000,71,0,,armed,1178000,blocked,71000,36000,71000,71,0,,parked,,blocked
1179000,1,1,949,1,0,tick,0,0,3,1000,1000000,1000,0,0,0,0,1000000000,1000000000,1000000000,,,0,,,,,83000,71000,83000,83,3000000000000,,armed,1179000,blocked,83000,71000,83000,83,4000000000000,,armed,1180000,blocked
1180000,1,1,950,1,0,tick,0,0,3,1000,1000000,1000,0,0,0,0,1000000000,1000000000,1000000000,,,0,,,,,83000,71000,83000,83,4000000000000,,armed,1180000,blocked,83000,71000,83000,83,5000000000000,,armed,1181000,blocked
1181000,1,1,951,1,0,tick,0,0,3,1000,1000000,1000,0,0,0,0,1000000000,1000000000,1000000000,,,0,,,,,83000,71000,83000,83,5000000000000,,armed,1181000,blocked,83000,71000,83000,83,6000000000000,,armed,1182000,blocked
1182000,1,1,952,1,0,tick,0,0,3,1000,1000000,1000,0,0,0,0,1000000000,1000000000,1000000000,,,0,,,,,83000,71000,83000,83,6000000000000,,armed,1182000,blocked,83000,71000,83000,83,7000000000000,,armed,1183000,scheduled
1183000,1,1,953,1,0,tick,0,0,3,1000,1000000,1000,0,0,0,0,1000000000,1000000000,1000000000,,,1,83000,1000,0,1177,83000,71000,83000,83,7000000000000,,armed,1183000,scheduled,84000,71000,84000,84,0,,armed,1184000,blocked
1184000,1,1,954,1,0,tick,0,0,3,1000,1000000,1000,0,0,0,0,1000000000,1000000000,1000000000,,,0,,,,,84000,71000,84000,84,0,,armed,1184000,blocked,84000,71000,84000,84,1000000000000,,armed,1185000,blocked
1184536,0,6,215,1,0,ack,0,0,3,1000,1000000,1000,0,0,0,0,1000000000,1000000000,,72000,0,0,,,,,84000,71000,84000,84,1000000000000,,armed,1185000,blocked,84000,72000,84000,84,1000000000000,,armed,1185000,blocked
1184536,0,13,184,3,2,resume,0,0,3,1000,1000000,1000,0,0,0,0,1000000000,1000000000,,,,0,,,,,71000,36000,71000,71,0,,parked,,blocked,71000,36000,71000,71,0,,armed,1185000,blocked
1185000,1,1,958,1,0,tick,0,0,3,1000,1000000,1000,0,0,0,0,1000000000,1000000000,1000000000,,,0,,,,,84000,72000,84000,84,1000000000000,,armed,1185000,blocked,84000,72000,84000,84,2000000000000,,armed,1186000,blocked
1185000,1,3,803,3,2,tick,0,0,3,1000,1000000,1000,0,0,0,0,1000000000,1000000000,1000000000,,,0,,,,,71000,36000,71000,71,0,,armed,1185000,blocked,71000,36000,71000,71,1000000000000,,armed,1186000,blocked
1186000,1,1,959,1,0,tick,0,0,3,1000,1000000,1000,0,0,0,0,1000000000,1000000000,1000000000,,,0,,,,,84000,72000,84000,84,2000000000000,,armed,1186000,blocked,84000,72000,84000,84,3000000000000,,armed,1187000,blocked
1186000,1,3,804,3,2,tick,0,0,3,1000,1000000,1000,0,0,0,0,1000000000,1000000000,1000000000,,,0,,,,,71000,36000,71000,71,1000000000000,,armed,1186000,blocked,71000,36000,71000,71,2000000000000,,armed,1187000,blocked
1187000,1,1,960,1,0,tick,0,0,3,1000,1000000,1000,0,0,0,0,1000000000,1000000000,1000000000,,,0,,,,,84000,72000,84000,84,3000000000000,,armed,1187000,blocked,84000,72000,84000,84,4000000000000,,armed,1188000,blocked
1187000,1,3,805,3,2,tick,0,0,3,1000,1000000,1000,0,0,0,0,1000000000,1000000000,1000000000,,,0,,,,,71000,36000,71000,71,2000000000000,,armed,1187000,blocked,71000,36000,71000,71,3000000000000,,armed,1188000,blocked
1188000,1,1,961,1,0,tick,0,0,3,1000,1000000,1000,0,0,0,0,1000000000,1000000000,1000000000,,,0,,,,,84000,72000,84000,84,4000000000000,,armed,1188000,blocked,84000,72000,84000,84,5000000000000,,armed,1189000,blocked
1188000,1,3,806,3,2,tick,0,0,3,1000,1000000,1000,0,0,0,0,1000000000,1000000000,1000000000,,,0,,,,,71000,36000,71000,71,3000000000000,,armed,1188000,blocked,71000,36000,71000,71,4000000000000,,armed,1189000,blocked
1189000,1,1,962,1,0,tick,0,0,3,1000,1000000,1000,0,0,0,0,1000000000,1000000000,1000000000,,,0,,,,,84000,72000,84000,84,5000000000000,,armed,1189000,blocked,84000,72000,84000,84,6000000000000,,armed,1190000,blocked
1189000,1,3,807,3,2,tick,0,0,3,1000,1000000,1000,0,0,0,0,1000000000,1000000000,1000000000,,,0,,,,,71000,36000,71000,71,4000000000000,,armed,1189000,blocked,71000,36000,71000,71,5000000000000,,armed,1190000,blocked
1190000,1,1,963,1,0,tick,0,0,3,1000,1000000,1000,0,0,0,0,1000000000,1000000000,1000000000,,,0,,,,,84000,72000,84000,84,6000000000000,,armed,1190000,blocked,84000,72000,84000,84,7000000000000,,armed,1191000,scheduled
1190000,1,3,808,3,2,tick,0,0,3,1000,1000000,1000,0,0,0,0,1000000000,1000000000,1000000000,,,0,,,,,71000,36000,71000,71,5000000000000,,armed,1190000,blocked,71000,36000,71000,71,6000000000000,,armed,1191000,blocked
1191000,1,1,964,1,0,tick,0,0,3,1000,1000000,1000,0,0,0,0,1000000000,1000000000,1000000000,,,1,84000,1000,0,1191,84000,72000,84000,84,7000000000000,,armed,1191000,scheduled,85000,72000,85000,85,0,,armed,1192000,blocked
1191000,1,3,809,3,2,tick,0,0,3,1000,1000000,1000,0,0,0,0,1000000000,1000000000,1000000000,,,0,,,,,71000,36000,71000,71,6000000000000,,armed,1191000,blocked,71000,36000,71000,71,7000000000000,,armed,1192000,scheduled
1192000,1,1,965,1,0,tick,0,0,3,1000,1000000,1000,0,0,0,0,1000000000,1000000000,1000000000,,,0,,,,,85000,72000,85000,85,0,,armed,1192000,blocked,85000,72000,85000,85,1000000000000,,armed,1193000,blocked
1192000,1,3,810,3,2,tick,0,0,3,1000,1000000,1000,0,0,0,0,1000000000,1000000000,1000000000,,,1,71000,1000,0,1011,71000,36000,71000,71,7000000000000,,armed,1192000,scheduled,72000,36000,72000,72,0,,armed,1193000,blocked
1193000,1,1,969,1,0,tick,0,0,3,1000,1000000,1000,0,0,0,0,1000000000,1000000000,1000000000,,,0,,,,,85000,72000,85000,85,1000000000000,,armed,1193000,blocked,85000,72000,85000,85,2000000000000,,armed,1194000,blocked
1193000,1,3,811,3,2,tick,0,0,3,1000,1000000,1000,0,0,0,0,1000000000,1000000000,1000000000,,,0,,,,,72000,36000,72000,72,0,,armed,1193000,blocked,72000,36000,72000,72,1000000000000,,armed,1194000,blocked
1193048,0,9,113,2,1,ack,0,0,3,1000,1000000,1000,0,0,0,0,1000000000,1000000000,,38000,0,0,,,,,61000,37000,61000,61,0,,parked,,blocked,61000,38000,61000,61,0,,armed,1194000,blocked
1194000,1,1,970,1,0,tick,0,0,3,1000,1000000,1000,0,0,0,0,1000000000,1000000000,1000000000,,,0,,,,,85000,72000,85000,85,2000000000000,,armed,1194000,blocked,85000,72000,85000,85,3000000000000,,armed,1195000,blocked
1194000,1,2,695,2,1,tick,1,0,3,1000,1000000,1000,0,0,0,0,1000000000,1000000000,,,,0,,,,,61000,38000,61000,61,0,,armed,1194000,blocked,61000,38000,61000,61,0,,parked,,blocked
1194000,1,3,815,3,2,tick,0,0,3,1000,1000000,1000,0,0,0,0,1000000000,1000000000,1000000000,,,0,,,,,72000,36000,72000,72,1000000000000,,armed,1194000,blocked,72000,36000,72000,72,2000000000000,,armed,1195000,blocked
1195000,1,1,971,1,0,tick,0,0,3,1000,1000000,1000,0,0,0,0,1000000000,1000000000,1000000000,,,0,,,,,85000,72000,85000,85,3000000000000,,armed,1195000,blocked,85000,72000,85000,85,4000000000000,,armed,1196000,blocked
1195000,1,3,816,3,2,tick,0,0,3,1000,1000000,1000,0,0,0,0,1000000000,1000000000,1000000000,,,0,,,,,72000,36000,72000,72,2000000000000,,armed,1195000,blocked,72000,36000,72000,72,3000000000000,,armed,1196000,blocked
1196000,1,1,972,1,0,tick,0,0,3,1000,1000000,1000,0,0,0,0,1000000000,1000000000,1000000000,,,0,,,,,85000,72000,85000,85,4000000000000,,armed,1196000,blocked,85000,72000,85000,85,5000000000000,,armed,1197000,blocked
1196000,1,3,817,3,2,tick,0,0,3,1000,1000000,1000,0,0,0,0,1000000000,1000000000,1000000000,,,0,,,,,72000,36000,72000,72,3000000000000,,armed,1196000,blocked,72000,36000,72000,72,4000000000000,,armed,1197000,blocked
1197000,1,1,973,1,0,tick,0,0,3,1000,1000000,1000,0,0,0,0,1000000000,1000000000,1000000000,,,0,,,,,85000,72000,85000,85,5000000000000,,armed,1197000,blocked,85000,72000,85000,85,6000000000000,,armed,1198000,blocked
1197000,1,3,818,3,2,tick,0,0,3,1000,1000000,1000,0,0,0,0,1000000000,1000000000,1000000000,,,0,,,,,72000,36000,72000,72,4000000000000,,armed,1197000,blocked,72000,36000,72000,72,5000000000000,,armed,1198000,blocked
1198000,1,1,974,1,0,tick,0,0,3,1000,1000000,1000,0,0,0,0,1000000000,1000000000,1000000000,,,0,,,,,85000,72000,85000,85,6000000000000,,armed,1198000,blocked,85000,72000,85000,85,7000000000000,,armed,1199000,scheduled
1198000,1,3,819,3,2,tick,0,0,3,1000,1000000,1000,0,0,0,0,1000000000,1000000000,1000000000,,,0,,,,,72000,36000,72000,72,5000000000000,,armed,1198000,blocked,72000,36000,72000,72,6000000000000,,armed,1199000,blocked
1199000,1,1,975,1,0,tick,0,0,3,1000,1000000,1000,0,0,0,0,1000000000,1000000000,1000000000,,,1,85000,1000,0,1205,85000,72000,85000,85,7000000000000,,armed,1199000,scheduled,86000,72000,86000,86,0,,armed,1200000,blocked
1199000,1,3,820,3,2,tick,0,0,3,1000,1000000,1000,0,0,0,0,1000000000,1000000000,1000000000,,,0,,,,,72000,36000,72000,72,6000000000000,,armed,1199000,blocked,72000,36000,72000,72,7000000000000,,armed,1200000,scheduled
1200000,1,1,976,1,0,tick,0,0,3,1000,1000000,1000,0,0,0,0,1000000000,1000000000,1000000000,,,0,,,,,86000,72000,86000,86,0,,armed,1200000,blocked,86000,72000,86000,86,1000000000000,,armed,1201000,blocked
1200000,1,3,821,3,2,tick,0,0,3,1000,1000000,1000,0,0,0,0,1000000000,1000000000,1000000000,,,1,72000,1000,0,1025,72000,36000,72000,72,7000000000000,,armed,1200000,scheduled,73000,36000,73000,73,0,,armed,1201000,blocked
1200536,0,6,218,1,0,ack,0,0,3,1000,1000000,1000,0,0,0,0,1000000000,1000000000,,73000,0,0,,,,,86000,72000,86000,86,1000000000000,,armed,1201000,blocked,86000,73000,86000,86,1000000000000,,armed,1201000,blocked
1201000,1,1,980,1,0,tick,0,0,3,1000,1000000,1000,0,0,0,0,1000000000,1000000000,1000000000,,,0,,,,,86000,73000,86000,86,1000000000000,,armed,1201000,blocked,86000,73000,86000,86,2000000000000,,armed,1202000,blocked
1201000,1,3,822,3,2,tick,0,0,3,1000,1000000,1000,0,0,0,0,1000000000,1000000000,1000000000,,,0,,,,,73000,36000,73000,73,0,,armed,1201000,blocked,73000,36000,73000,73,1000000000000,,armed,1202000,blocked
1202000,1,1,981,1,0,tick,0,0,3,1000,1000000,1000,0,0,0,0,1000000000,1000000000,1000000000,,,0,,,,,86000,73000,86000,86,2000000000000,,armed,1202000,blocked,86000,73000,86000,86,3000000000000,,armed,1203000,blocked
1202000,1,3,826,3,2,tick,0,0,3,1000,1000000,1000,0,0,0,0,1000000000,1000000000,1000000000,,,0,,,,,73000,36000,73000,73,1000000000000,,armed,1202000,blocked,73000,36000,73000,73,2000000000000,,armed,1203000,blocked
1203000,1,1,982,1,0,tick,0,0,3,1000,1000000,1000,0,0,0,0,1000000000,1000000000,1000000000,,,0,,,,,86000,73000,86000,86,3000000000000,,armed,1203000,blocked,86000,73000,86000,86,4000000000000,,armed,1204000,blocked
1203000,1,3,827,3,2,tick,0,0,3,1000,1000000,1000,0,0,0,0,1000000000,1000000000,1000000000,,,0,,,,,73000,36000,73000,73,2000000000000,,armed,1203000,blocked,73000,36000,73000,73,3000000000000,,armed,1204000,blocked
1204000,1,1,983,1,0,tick,0,0,3,1000,1000000,1000,0,0,0,0,1000000000,1000000000,1000000000,,,0,,,,,86000,73000,86000,86,4000000000000,,armed,1204000,blocked,86000,73000,86000,86,5000000000000,,armed,1205000,blocked
1204000,1,3,828,3,2,tick,0,0,3,1000,1000000,1000,0,0,0,0,1000000000,1000000000,1000000000,,,0,,,,,73000,36000,73000,73,3000000000000,,armed,1204000,blocked,73000,36000,73000,73,4000000000000,,armed,1205000,blocked
1205000,1,1,984,1,0,tick,0,0,3,1000,1000000,1000,0,0,0,0,1000000000,1000000000,1000000000,,,0,,,,,86000,73000,86000,86,5000000000000,,armed,1205000,blocked,86000,73000,86000,86,6000000000000,,armed,1206000,blocked
1205000,1,3,829,3,2,tick,0,0,3,1000,1000000,1000,0,0,0,0,1000000000,1000000000,1000000000,,,0,,,,,73000,36000,73000,73,4000000000000,,armed,1205000,blocked,73000,36000,73000,73,5000000000000,,armed,1206000,blocked
1206000,1,1,985,1,0,tick,0,0,3,1000,1000000,1000,0,0,0,0,1000000000,1000000000,1000000000,,,0,,,,,86000,73000,86000,86,6000000000000,,armed,1206000,blocked,86000,73000,86000,86,7000000000000,,armed,1207000,scheduled
1206000,1,3,830,3,2,tick,0,0,3,1000,1000000,1000,0,0,0,0,1000000000,1000000000,1000000000,,,0,,,,,73000,36000,73000,73,5000000000000,,armed,1206000,blocked,73000,36000,73000,73,6000000000000,,armed,1207000,blocked
1207000,1,1,986,1,0,tick,0,0,3,1000,1000000,1000,0,0,0,0,1000000000,1000000000,1000000000,,,1,86000,1000,0,1219,86000,73000,86000,86,7000000000000,,armed,1207000,scheduled,87000,73000,87000,87,0,,armed,1208000,blocked
1207000,1,3,831,3,2,tick,0,0,3,1000,1000000,1000,0,0,0,0,1000000000,1000000000,1000000000,,,0,,,,,73000,36000,73000,73,6000000000000,,armed,1207000,blocked,73000,36000,73000,73,7000000000000,,armed,1208000,scheduled
1208000,1,1,987,1,0,tick,0,0,3,1000,1000000,1000,0,0,0,0,1000000000,1000000000,1000000000,,,0,,,,,87000,73000,87000,87,0,,armed,1208000,blocked,87000,73000,87000,87,1000000000000,,armed,1209000,blocked
1208000,1,3,832,3,2,tick,0,0,3,1000,1000000,1000,0,0,0,0,1000000000,1000000000,1000000000,,,1,73000,1000,0,1039,73000,36000,73000,73,7000000000000,,armed,1208000,scheduled,74000,36000,74000,74,0,,armed,1209000,blocked
1209000,1,1,991,1,0,tick,0,0,3,1000,1000000,1000,0,0,0,0,1000000000,1000000000,1000000000,,,0,,,,,87000,73000,87000,87,1000000000000,,armed,1209000,blocked,87000,73000,87000,87,2000000000000,,armed,1210000,blocked
1209000,1,3,833,3,2,tick,0,0,3,1000,1000000,1000,0,0,0,0,1000000000,1000000000,1000000000,,,0,,,,,74000,36000,74000,74,0,,armed,1209000,blocked,74000,36000,74000,74,1000000000000,,armed,1210000,blocked
1209560,0,12,110,3,2,ack,0,0,3,1000,1000000,1000,0,0,0,0,1000000000,1000000000,,37000,0,0,,,,,74000,36000,74000,74,1000000000000,,armed,1210000,blocked,74000,37000,74000,74,1000000000000,,armed,1210000,blocked
1210000,1,1,992,1,0,tick,0,0,3,1000,1000000,1000,0,0,0,0,1000000000,1000000000,1000000000,,,0,,,,,87000,73000,87000,87,2000000000000,,armed,1210000,blocked,87000,73000,87000,87,3000000000000,,armed,1211000,blocked
1210000,1,3,837,3,2,tick,0,0,3,1000,1000000,1000,0,0,0,0,1000000000,1000000000,1000000000,,,0,,,,,74000,37000,74000,74,1000000000000,,armed,1210000,blocked,74000,37000,74000,74,2000000000000,,armed,1211000,blocked
1211000,1,1,993,1,0,tick,0,0,3,1000,1000000,1000,0,0,0,0,1000000000,1000000000,1000000000,,,0,,,,,87000,73000,87000,87,3000000000000,,armed,1211000,blocked,87000,73000,87000,87,4000000000000,,armed,1212000,blocked
1211000,1,3,838,3,2,tick,0,0,3,1000,1000000,1000,0,0,0,0,1000000000,1000000000,1000000000,,,0,,,,,74000,37000,74000,74,2000000000000,,armed,1211000,blocked,74000,37000,74000,74,3000000000000,,armed,1212000,blocked
1212000,1,1,994,1,0,tick,0,0,3,1000,1000000,1000,0,0,0,0,1000000000,1000000000,1000000000,,,0,,,,,87000,73000,87000,87,4000000000000,,armed,1212000,blocked,87000,73000,87000,87,5000000000000,,armed,1213000,blocked
1212000,1,3,839,3,2,tick,0,0,3,1000,1000000,1000,0,0,0,0,1000000000,1000000000,1000000000,,,0,,,,,74000,37000,74000,74,3000000000000,,armed,1212000,blocked,74000,37000,74000,74,4000000000000,,armed,1213000,blocked
1213000,1,1,995,1,0,tick,0,0,3,1000,1000000,1000,0,0,0,0,1000000000,1000000000,1000000000,,,0,,,,,87000,73000,87000,87,5000000000000,,armed,1213000,blocked,87000,73000,87000,87,6000000000000,,armed,1214000,blocked
1213000,1,3,840,3,2,tick,0,0,3,1000,1000000,1000,0,0,0,0,1000000000,1000000000,1000000000,,,0,,,,,74000,37000,74000,74,4000000000000,,armed,1213000,blocked,74000,37000,74000,74,5000000000000,,armed,1214000,blocked
1214000,1,1,996,1,0,tick,0,0,3,1000,1000000,1000,0,0,0,0,1000000000,1000000000,1000000000,,,0,,,,,87000,73000,87000,87,6000000000000,,armed,1214000,blocked,87000,73000,87000,87,7000000000000,,armed,1215000,scheduled
1214000,1,3,841,3,2,tick,0,0,3,1000,1000000,1000,0,0,0,0,1000000000,1000000000,1000000000,,,0,,,,,74000,37000,74000,74,5000000000000,,armed,1214000,blocked,74000,37000,74000,74,6000000000000,,armed,1215000,blocked
1215000,1,1,997,1,0,tick,0,0,3,1000,1000000,1000,0,0,0,0,1000000000,1000000000,1000000000,,,1,87000,1000,0,1233,87000,73000,87000,87,7000000000000,,armed,1215000,scheduled,88000,73000,88000,88,0,,armed,1216000,blocked
1215000,1,3,842,3,2,tick,0,0,3,1000,1000000,1000,0,0,0,0,1000000000,1000000000,1000000000,,,0,,,,,74000,37000,74000,74,6000000000000,,armed,1215000,blocked,74000,37000,74000,74,7000000000000,,armed,1216000,scheduled
1216000,1,1,998,1,0,tick,0,0,3,1000,1000000,1000,0,0,0,0,1000000000,1000000000,1000000000,,,0,,,,,88000,73000,88000,88,0,,armed,1216000,blocked,88000,73000,88000,88,1000000000000,,armed,1217000,blocked
1216000,1,3,843,3,2,tick,0,0,3,1000,1000000,1000,0,0,0,0,1000000000,1000000000,1000000000,,,1,74000,1000,0,1053,74000,37000,74000,74,7000000000000,,armed,1216000,scheduled,75000,37000,75000,75,0,,armed,1217000,blocked
1216536,0,6,221,1,0,ack,0,0,3,1000,1000000,1000,0,0,0,0,1000000000,1000000000,,74000,0,0,,,,,88000,73000,88000,88,1000000000000,,armed,1217000,blocked,88000,74000,88000,88,1000000000000,,armed,1217000,blocked
1217000,1,1,1002,1,0,tick,0,0,3,1000,1000000,1000,0,0,0,0,1000000000,1000000000,1000000000,,,0,,,,,88000,74000,88000,88,1000000000000,,armed,1217000,blocked,88000,74000,88000,88,2000000000000,,armed,1218000,blocked
1217000,1,3,844,3,2,tick,0,0,3,1000,1000000,1000,0,0,0,0,1000000000,1000000000,1000000000,,,0,,,,,75000,37000,75000,75,0,,armed,1217000,blocked,75000,37000,75000,75,1000000000000,,armed,1218000,blocked
1218000,1,1,1003,1,0,tick,0,0,3,1000,1000000,1000,0,0,0,0,1000000000,1000000000,1000000000,,,0,,,,,88000,74000,88000,88,2000000000000,,armed,1218000,blocked,88000,74000,88000,88,3000000000000,,armed,1219000,blocked
1218000,1,3,848,3,2,tick,0,0,3,1000,1000000,1000,0,0,0,0,1000000000,1000000000,1000000000,,,0,,,,,75000,37000,75000,75,1000000000000,,armed,1218000,blocked,75000,37000,75000,75,2000000000000,,armed,1219000,blocked
1219000,1,1,1004,1,0,tick,0,0,3,1000,1000000,1000,0,0,0,0,1000000000,1000000000,1000000000,,,0,,,,,88000,74000,88000,88,3000000000000,,armed,1219000,blocked,88000,74000,88000,88,4000000000000,,armed,1220000,blocked
1219000,1,3,849,3,2,tick,0,0,3,1000,1000000,1000,0,0,0,0,1000000000,1000000000,1000000000,,,0,,,,,75000,37000,75000,75,2000000000000,,armed,1219000,blocked,75000,37000,75000,75,3000000000000,,armed,1220000,blocked
1220000,1,1,1005,1,0,tick,0,0,3,1000,1000000,1000,0,0,0,0,1000000000,1000000000,1000000000,,,0,,,,,88000,74000,88000,88,4000000000000,,armed,1220000,blocked,88000,74000,88000,88,5000000000000,,armed,1221000,blocked
1220000,1,3,850,3,2,tick,0,0,3,1000,1000000,1000,0,0,0,0,1000000000,1000000000,1000000000,,,0,,,,,75000,37000,75000,75,3000000000000,,armed,1220000,blocked,75000,37000,75000,75,4000000000000,,armed,1221000,blocked
1221000,1,1,1006,1,0,tick,0,0,3,1000,1000000,1000,0,0,0,0,1000000000,1000000000,1000000000,,,0,,,,,88000,74000,88000,88,5000000000000,,armed,1221000,blocked,88000,74000,88000,88,6000000000000,,armed,1222000,blocked
1221000,1,3,851,3,2,tick,0,0,3,1000,1000000,1000,0,0,0,0,1000000000,1000000000,1000000000,,,0,,,,,75000,37000,75000,75,4000000000000,,armed,1221000,blocked,75000,37000,75000,75,5000000000000,,armed,1222000,blocked
1222000,1,1,1007,1,0,tick,0,0,3,1000,1000000,1000,0,0,0,0,1000000000,1000000000,1000000000,,,0,,,,,88000,74000,88000,88,6000000000000,,armed,1222000,blocked,88000,74000,88000,88,7000000000000,,armed,1223000,scheduled
1222000,1,3,852,3,2,tick,0,0,3,1000,1000000,1000,0,0,0,0,1000000000,1000000000,1000000000,,,0,,,,,75000,37000,75000,75,5000000000000,,armed,1222000,blocked,75000,37000,75000,75,6000000000000,,armed,1223000,blocked
1223000,1,1,1008,1,0,tick,0,0,3,1000,1000000,1000,0,0,0,0,1000000000,1000000000,1000000000,,,1,88000,1000,0,1247,88000,74000,88000,88,7000000000000,,armed,1223000,scheduled,89000,74000,89000,89,0,,armed,1224000,blocked
1223000,1,3,853,3,2,tick,0,0,3,1000,1000000,1000,0,0,0,0,1000000000,1000000000,1000000000,,,0,,,,,75000,37000,75000,75,6000000000000,,armed,1223000,blocked,75000,37000,75000,75,7000000000000,,armed,1224000,scheduled
1224000,1,1,1009,1,0,tick,0,0,3,1000,1000000,1000,0,0,0,0,1000000000,1000000000,1000000000,,,0,,,,,89000,74000,89000,89,0,,armed,1224000,blocked,89000,74000,89000,89,1000000000000,,armed,1225000,blocked
1224000,1,3,854,3,2,tick,0,0,3,1000,1000000,1000,0,0,0,0,1000000000,1000000000,1000000000,,,1,75000,1000,0,1067,75000,37000,75000,75,7000000000000,,armed,1224000,scheduled,76000,37000,76000,76,0,,armed,1225000,blocked
1225000,1,1,1013,1,0,tick,0,0,3,1000,1000000,1000,0,0,0,0,1000000000,1000000000,1000000000,,,0,,,,,89000,74000,89000,89,1000000000000,,armed,1225000,blocked,89000,74000,89000,89,2000000000000,,armed,1226000,blocked
1225000,1,3,855,3,2,tick,0,0,3,1000,1000000,1000,0,0,0,0,1000000000,1000000000,1000000000,,,0,,,,,76000,37000,76000,76,0,,armed,1225000,blocked,76000,37000,76000,76,1000000000000,,armed,1226000,blocked
1225048,0,9,116,2,1,ack,0,0,3,1000,1000000,1000,0,0,0,0,1000000000,1000000000,,39000,0,0,,,,,61000,38000,61000,61,0,,parked,,blocked,61000,39000,61000,61,0,,armed,1226000,blocked
1226000,1,1,1014,1,0,tick,0,0,3,1000,1000000,1000,0,0,0,0,1000000000,1000000000,1000000000,,,0,,,,,89000,74000,89000,89,2000000000000,,armed,1226000,blocked,89000,74000,89000,89,3000000000000,,armed,1227000,blocked
1226000,1,2,696,2,1,tick,1,0,3,1000,1000000,1000,0,0,0,0,1000000000,1000000000,,,,0,,,,,61000,39000,61000,61,0,,armed,1226000,blocked,61000,39000,61000,61,0,,parked,,blocked
1226000,1,3,859,3,2,tick,0,0,3,1000,1000000,1000,0,0,0,0,1000000000,1000000000,1000000000,,,0,,,,,76000,37000,76000,76,1000000000000,,armed,1226000,blocked,76000,37000,76000,76,2000000000000,,armed,1227000,blocked
1227000,1,1,1015,1,0,tick,0,0,3,1000,1000000,1000,0,0,0,0,1000000000,1000000000,1000000000,,,0,,,,,89000,74000,89000,89,3000000000000,,armed,1227000,blocked,89000,74000,89000,89,4000000000000,,armed,1228000,blocked
1227000,1,3,860,3,2,tick,0,0,3,1000,1000000,1000,0,0,0,0,1000000000,1000000000,1000000000,,,0,,,,,76000,37000,76000,76,2000000000000,,armed,1227000,blocked,76000,37000,76000,76,3000000000000,,armed,1228000,blocked
1228000,1,1,1016,1,0,tick,0,0,3,1000,1000000,1000,0,0,0,0,1000000000,1000000000,1000000000,,,0,,,,,89000,74000,89000,89,4000000000000,,armed,1228000,blocked,89000,74000,89000,89,5000000000000,,armed,1229000,blocked
1228000,1,3,861,3,2,tick,0,0,3,1000,1000000,1000,0,0,0,0,1000000000,1000000000,1000000000,,,0,,,,,76000,37000,76000,76,3000000000000,,armed,1228000,blocked,76000,37000,76000,76,4000000000000,,armed,1229000,blocked
1229000,1,1,1017,1,0,tick,0,0,3,1000,1000000,1000,0,0,0,0,1000000000,1000000000,1000000000,,,0,,,,,89000,74000,89000,89,5000000000000,,armed,1229000,blocked,89000,74000,89000,89,6000000000000,,armed,1230000,blocked
1229000,1,3,862,3,2,tick,0,0,3,1000,1000000,1000,0,0,0,0,1000000000,1000000000,1000000000,,,0,,,,,76000,37000,76000,76,4000000000000,,armed,1229000,blocked,76000,37000,76000,76,5000000000000,,armed,1230000,blocked
1230000,1,1,1018,1,0,tick,0,0,3,1000,1000000,1000,0,0,0,0,1000000000,1000000000,1000000000,,,0,,,,,89000,74000,89000,89,6000000000000,,armed,1230000,blocked,89000,74000,89000,89,7000000000000,,armed,1231000,scheduled
1230000,1,3,863,3,2,tick,0,0,3,1000,1000000,1000,0,0,0,0,1000000000,1000000000,1000000000,,,0,,,,,76000,37000,76000,76,5000000000000,,armed,1230000,blocked,76000,37000,76000,76,6000000000000,,armed,1231000,blocked
1231000,1,1,1019,1,0,tick,0,0,3,1000,1000000,1000,0,0,0,0,1000000000,1000000000,1000000000,,,1,89000,1000,0,1261,89000,74000,89000,89,7000000000000,,armed,1231000,scheduled,90000,74000,90000,90,0,,armed,1232000,blocked
1231000,1,3,864,3,2,tick,0,0,3,1000,1000000,1000,0,0,0,0,1000000000,1000000000,1000000000,,,0,,,,,76000,37000,76000,76,6000000000000,,armed,1231000,blocked,76000,37000,76000,76,7000000000000,,armed,1232000,scheduled
1232000,1,1,1020,1,0,tick,0,0,3,1000,1000000,1000,0,0,0,0,1000000000,1000000000,1000000000,,,0,,,,,90000,74000,90000,90,0,,armed,1232000,blocked,90000,74000,90000,90,1000000000000,,armed,1233000,blocked
1232000,1,3,865,3,2,tick,0,0,3,1000,1000000,1000,0,0,0,0,1000000000,1000000000,1000000000,,,1,76000,1000,0,1081,76000,37000,76000,76,7000000000000,,armed,1232000,scheduled,77000,37000,77000,77,0,,armed,1233000,blocked
1232536,0,6,224,1,0,ack,0,0,3,1000,1000000,1000,0,0,0,0,1000000000,1000000000,,75000,0,0,,,,,90000,74000,90000,90,1000000000000,,armed,1233000,blocked,90000,75000,90000,90,1000000000000,,armed,1233000,blocked
1233000,1,1,1024,1,0,tick,0,0,3,1000,1000000,1000,0,0,0,0,1000000000,1000000000,1000000000,,,0,,,,,90000,75000,90000,90,1000000000000,,armed,1233000,blocked,90000,75000,90000,90,2000000000000,,armed,1234000,blocked
1233000,1,3,866,3,2,tick,0,0,3,1000,1000000,1000,0,0,0,0,1000000000,1000000000,1000000000,,,0,,,,,77000,37000,77000,77,0,,armed,1233000,blocked,77000,37000,77000,77,1000000000000,,armed,1234000,blocked
1234000,1,1,1025,1,0,tick,0,0,3,1000,1000000,1000,0,0,0,0,1000000000,1000000000,1000000000,,,0,,,,,90000,75000,90000,90,2000000000000,,armed,1234000,blocked,90000,75000,90000,90,3000000000000,,armed,1235000,blocked
1234000,1,3,870,3,2,tick,0,0,3,1000,1000000,1000,0,0,0,0,1000000000,1000000000,1000000000,,,0,,,,,77000,37000,77000,77,1000000000000,,armed,1234000,blocked,77000,37000,77000,77,2000000000000,,armed,1235000,blocked
1235000,1,1,1026,1,0,tick,0,0,3,1000,1000000,1000,0,0,0,0,1000000000,1000000000,1000000000,,,0,,,,,90000,75000,90000,90,3000000000000,,armed,1235000,blocked,90000,75000,90000,90,4000000000000,,armed,1236000,blocked
1235000,1,3,871,3,2,tick,0,0,3,1000,1000000,1000,0,0,0,0,1000000000,1000000000,1000000000,,,0,,,,,77000,37000,77000,77,2000000000000,,armed,1235000,blocked,77000,37000,77000,77,3000000000000,,armed,1236000,blocked
1236000,1,1,1027,1,0,tick,0,0,3,1000,1000000,1000,0,0,0,0,1000000000,1000000000,1000000000,,,0,,,,,90000,75000,90000,90,4000000000000,,armed,1236000,blocked,90000,75000,90000,90,5000000000000,,armed,1237000,blocked
1236000,1,3,872,3,2,tick,0,0,3,1000,1000000,1000,0,0,0,0,1000000000,1000000000,1000000000,,,0,,,,,77000,37000,77000,77,3000000000000,,armed,1236000,blocked,77000,37000,77000,77,4000000000000,,armed,1237000,blocked
1237000,1,1,1028,1,0,tick,0,0,3,1000,1000000,1000,0,0,0,0,1000000000,1000000000,1000000000,,,0,,,,,90000,75000,90000,90,5000000000000,,armed,1237000,blocked,90000,75000,90000,90,6000000000000,,armed,1238000,blocked
1237000,1,3,873,3,2,tick,0,0,3,1000,1000000,1000,0,0,0,0,1000000000,1000000000,1000000000,,,0,,,,,77000,37000,77000,77,4000000000000,,armed,1237000,blocked,77000,37000,77000,77,5000000000000,,armed,1238000,blocked
1238000,1,1,1029,1,0,tick,0,0,3,1000,1000000,1000,0,0,0,0,1000000000,1000000000,1000000000,,,0,,,,,90000,75000,90000,90,6000000000000,,armed,1238000,blocked,90000,75000,90000,90,7000000000000,,armed,1239000,scheduled
1238000,1,3,874,3,2,tick,0,0,3,1000,1000000,1000,0,0,0,0,1000000000,1000000000,1000000000,,,0,,,,,77000,37000,77000,77,5000000000000,,armed,1238000,blocked,77000,37000,77000,77,6000000000000,,armed,1239000,blocked
1239000,1,1,1030,1,0,tick,0,0,3,1000,1000000,1000,0,0,0,0,1000000000,1000000000,1000000000,,,1,90000,1000,0,1275,90000,75000,90000,90,7000000000000,,armed,1239000,scheduled,91000,75000,91000,91,0,,armed,1240000,blocked
1239000,1,3,875,3,2,tick,0,0,3,1000,1000000,1000,0,0,0,0,1000000000,1000000000,1000000000,,,0,,,,,77000,37000,77000,77,6000000000000,,armed,1239000,blocked,77000,37000,77000,77,7000000000000,,armed,1240000,scheduled
1240000,1,1,1031,1,0,tick,0,0,3,1000,1000000,1000,0,0,0,0,1000000000,1000000000,1000000000,,,0,,,,,91000,75000,91000,91,0,,armed,1240000,blocked,91000,75000,91000,91,1000000000000,,armed,1241000,blocked
1240000,1,3,876,3,2,tick,0,0,3,1000,1000000,1000,0,0,0,0,1000000000,1000000000,1000000000,,,1,77000,1000,0,1095,77000,37000,77000,77,7000000000000,,armed,1240000,scheduled,78000,37000,78000,78,0,,armed,1241000,blocked
1241000,1,1,1035,1,0,tick,0,0,3,1000,1000000,1000,0,0,0,0,1000000000,1000000000,1000000000,,,0,,,,,91000,75000,91000,91,1000000000000,,armed,1241000,blocked,91000,75000,91000,91,2000000000000,,armed,1242000,blocked
1241000,1,3,877,3,2,tick,0,0,3,1000,1000000,1000,0,0,0,0,1000000000,1000000000,1000000000,,,0,,,,,78000,37000,78000,78,0,,armed,1241000,blocked,78000,37000,78000,78,1000000000000,,armed,1242000,blocked
1241560,0,12,113,3,2,ack,0,0,3,1000,1000000,1000,0,0,0,0,1000000000,1000000000,,38000,0,0,,,,,78000,37000,78000,78,1000000000000,,armed,1242000,blocked,78000,38000,78000,78,1000000000000,,armed,1242000,blocked
1242000,1,1,1036,1,0,tick,0,0,3,1000,1000000,1000,0,0,0,0,1000000000,1000000000,1000000000,,,0,,,,,91000,75000,91000,91,2000000000000,,armed,1242000,blocked,91000,75000,91000,91,3000000000000,,armed,1243000,blocked
1242000,1,3,881,3,2,tick,0,0,3,1000,1000000,1000,0,0,0,0,1000000000,1000000000,1000000000,,,0,,,,,78000,38000,78000,78,1000000000000,,armed,1242000,blocked,78000,38000,78000,78,2000000000000,,armed,1243000,blocked
1243000,1,1,1037,1,0,tick,0,0,3,1000,1000000,1000,0,0,0,0,1000000000,1000000000,1000000000,,,0,,,,,91000,75000,91000,91,3000000000000,,armed,1243000,blocked,91000,75000,91000,91,4000000000000,,armed,1244000,blocked
1243000,1,3,882,3,2,tick,0,0,3,1000,1000000,1000,0,0,0,0,1000000000,1000000000,1000000000,,,0,,,,,78000,38000,78000,78,2000000000000,,armed,1243000,blocked,78000,38000,78000,78,3000000000000,,armed,1244000,blocked
1244000,1,1,1038,1,0,tick,0,0,3,1000,1000000,1000,0,0,0,0,1000000000,1000000000,1000000000,,,0,,,,,91000,75000,91000,91,4000000000000,,armed,1244000,blocked,91000,75000,91000,91,5000000000000,,armed,1245000,blocked
1244000,1,3,883,3,2,tick,0,0,3,1000,1000000,1000,0,0,0,0,1000000000,1000000000,1000000000,,,0,,,,,78000,38000,78000,78,3000000000000,,armed,1244000,blocked,78000,38000,78000,78,4000000000000,,armed,1245000,blocked
1245000,1,1,1039,1,0,tick,0,0,3,1000,1000000,1000,0,0,0,0,1000000000,1000000000,1000000000,,,0,,,,,91000,75000,91000,91,5000000000000,,armed,1245000,blocked,91000,75000,91000,91,6000000000000,,armed,1246000,blocked
1245000,1,3,884,3,2,tick,0,0,3,1000,1000000,1000,0,0,0,0,1000000000,1000000000,1000000000,,,0,,,,,78000,38000,78000,78,4000000000000,,armed,1245000,blocked,78000,38000,78000,78,5000000000000,,armed,1246000,blocked
1246000,1,1,1040,1,0,tick,0,0,3,1000,1000000,1000,0,0,0,0,1000000000,1000000000,1000000000,,,0,,,,,91000,75000,91000,91,6000000000000,,armed,1246000,blocked,91000,75000,91000,91,7000000000000,,armed,1247000,scheduled
1246000,1,3,885,3,2,tick,0,0,3,1000,1000000,1000,0,0,0,0,1000000000,1000000000,1000000000,,,0,,,,,78000,38000,78000,78,5000000000000,,armed,1246000,blocked,78000,38000,78000,78,6000000000000,,armed,1247000,blocked
1247000,1,1,1041,1,0,tick,0,0,3,1000,1000000,1000,0,0,0,0,1000000000,1000000000,1000000000,,,1,91000,1000,0,1289,91000,75000,91000,91,7000000000000,,armed,1247000,scheduled,92000,75000,92000,92,0,,armed,1248000,blocked
1247000,1,3,886,3,2,tick,0,0,3,1000,1000000,1000,0,0,0,0,1000000000,1000000000,1000000000,,,0,,,,,78000,38000,78000,78,6000000000000,,armed,1247000,blocked,78000,38000,78000,78,7000000000000,,armed,1248000,scheduled
1248000,1,1,1042,1,0,tick,0,0,3,1000,1000000,1000,0,0,0,0,1000000000,1000000000,1000000000,,,0,,,,,92000,75000,92000,92,0,,armed,1248000,blocked,92000,75000,92000,92,1000000000000,,armed,1249000,blocked
1248000,1,3,887,3,2,tick,0,0,3,1000,1000000,1000,0,0,0,0,1000000000,1000000000,1000000000,,,1,78000,1000,0,1109,78000,38000,78000,78,7000000000000,,armed,1248000,scheduled,79000,38000,79000,79,0,,armed,1249000,blocked
1248536,0,6,227,1,0,ack,0,0,3,1000,1000000,1000,0,0,0,0,1000000000,1000000000,,76000,0,0,,,,,92000,75000,92000,92,1000000000000,,armed,1249000,blocked,92000,76000,92000,92,1000000000000,,armed,1249000,blocked
1249000,1,1,1046,1,0,tick,0,0,3,1000,1000000,1000,0,0,0,0,1000000000,1000000000,1000000000,,,0,,,,,92000,76000,92000,92,1000000000000,,armed,1249000,blocked,92000,76000,92000,92,2000000000000,,armed,1250000,blocked
1249000,1,3,888,3,2,tick,0,0,3,1000,1000000,1000,0,0,0,0,1000000000,1000000000,1000000000,,,0,,,,,79000,38000,79000,79,0,,armed,1249000,blocked,79000,38000,79000,79,1000000000000,,armed,1250000,blocked
1250000,1,1,1047,1,0,tick,0,0,3,1000,1000000,1000,0,0,0,0,1000000000,1000000000,1000000000,,,0,,,,,92000,76000,92000,92,2000000000000,,armed,1250000,blocked,92000,76000,92000,92,3000000000000,,armed,1251000,blocked
1250000,1,3,892,3,2,tick,0,0,3,1000,1000000,1000,0,0,0,0,1000000000,1000000000,1000000000,,,0,,,,,79000,38000,79000,79,1000000000000,,armed,1250000,blocked,79000,38000,79000,79,2000000000000,,armed,1251000,blocked
1251000,1,1,1048,1,0,tick,0,0,3,1000,1000000,1000,0,0,0,0,1000000000,1000000000,1000000000,,,0,,,,,92000,76000,92000,92,3000000000000,,armed,1251000,blocked,92000,76000,92000,92,4000000000000,,armed,1252000,blocked
1251000,1,3,893,3,2,tick,0,0,3,1000,1000000,1000,0,0,0,0,1000000000,1000000000,1000000000,,,0,,,,,79000,38000,79000,79,2000000000000,,armed,1251000,blocked,79000,38000,79000,79,3000000000000,,armed,1252000,blocked
1252000,1,1,1049,1,0,tick,0,0,3,1000,1000000,1000,0,0,0,0,1000000000,1000000000,1000000000,,,0,,,,,92000,76000,92000,92,4000000000000,,armed,1252000,blocked,92000,76000,92000,92,5000000000000,,armed,1253000,blocked
1252000,1,3,894,3,2,tick,0,0,3,1000,1000000,1000,0,0,0,0,1000000000,1000000000,1000000000,,,0,,,,,79000,38000,79000,79,3000000000000,,armed,1252000,blocked,79000,38000,79000,79,4000000000000,,armed,1253000,blocked
1253000,1,1,1050,1,0,tick,0,0,3,1000,1000000,1000,0,0,0,0,1000000000,1000000000,1000000000,,,0,,,,,92000,76000,92000,92,5000000000000,,armed,1253000,blocked,92000,76000,92000,92,6000000000000,,armed,1254000,blocked
1253000,1,3,895,3,2,tick,0,0,3,1000,1000000,1000,0,0,0,0,1000000000,1000000000,1000000000,,,0,,,,,79000,38000,79000,79,4000000000000,,armed,1253000,blocked,79000,38000,79000,79,5000000000000,,armed,1254000,blocked
1254000,1,1,1051,1,0,tick,0,0,3,1000,1000000,1000,0,0,0,0,1000000000,1000000000,1000000000,,,0,,,,,92000,76000,92000,92,6000000000000,,armed,1254000,blocked,92000,76000,92000,92,7000000000000,,armed,1255000,scheduled
1254000,1,3,896,3,2,tick,0,0,3,1000,1000000,1000,0,0,0,0,1000000000,1000000000,1000000000,,,0,,,,,79000,38000,79000,79,5000000000000,,armed,1254000,blocked,79000,38000,79000,79,6000000000000,,armed,1255000,blocked
1255000,1,1,1052,1,0,tick,0,0,3,1000,1000000,1000,0,0,0,0,1000000000,1000000000,1000000000,,,1,92000,1000,0,1303,92000,76000,92000,92,7000000000000,,armed,1255000,scheduled,93000,76000,93000,93,0,,armed,1256000,blocked
1255000,1,3,897,3,2,tick,0,0,3,1000,1000000,1000,0,0,0,0,1000000000,1000000000,1000000000,,,0,,,,,79000,38000,79000,79,6000000000000,,armed,1255000,blocked,79000,38000,79000,79,7000000000000,,armed,1256000,scheduled
1256000,1,1,1053,1,0,tick,0,0,3,1000,1000000,1000,0,0,0,0,1000000000,1000000000,1000000000,,,0,,,,,93000,76000,93000,93,0,,armed,1256000,blocked,93000,76000,93000,93,1000000000000,,armed,1257000,blocked
1256000,1,3,898,3,2,tick,0,0,3,1000,1000000,1000,0,0,0,0,1000000000,1000000000,1000000000,,,1,79000,1000,0,1123,79000,38000,79000,79,7000000000000,,armed,1256000,scheduled,80000,38000,80000,80,0,,armed,1257000,blocked
1257000,1,1,1057,1,0,tick,0,0,3,1000,1000000,1000,0,0,0,0,1000000000,1000000000,1000000000,,,0,,,,,93000,76000,93000,93,1000000000000,,armed,1257000,blocked,93000,76000,93000,93,2000000000000,,armed,1258000,blocked
1257000,1,3,899,3,2,tick,0,0,3,1000,1000000,1000,0,0,0,0,1000000000,1000000000,1000000000,,,0,,,,,80000,38000,80000,80,0,,armed,1257000,blocked,80000,38000,80000,80,1000000000000,,armed,1258000,blocked
1257048,0,9,119,2,1,ack,0,0,3,1000,1000000,1000,0,0,0,0,1000000000,1000000000,,40000,0,0,,,,,61000,39000,61000,61,0,,parked,,blocked,61000,40000,61000,61,0,,armed,1258000,blocked
1258000,1,1,1058,1,0,tick,0,0,3,1000,1000000,1000,0,0,0,0,1000000000,1000000000,1000000000,,,0,,,,,93000,76000,93000,93,2000000000000,,armed,1258000,blocked,93000,76000,93000,93,3000000000000,,armed,1259000,blocked
1258000,1,2,697,2,1,tick,1,0,3,1000,1000000,1000,0,0,0,0,1000000000,1000000000,,,,0,,,,,61000,40000,61000,61,0,,armed,1258000,blocked,61000,40000,61000,61,0,,parked,,blocked
1258000,1,3,903,3,2,tick,0,0,3,1000,1000000,1000,0,0,0,0,1000000000,1000000000,1000000000,,,0,,,,,80000,38000,80000,80,1000000000000,,armed,1258000,blocked,80000,38000,80000,80,2000000000000,,armed,1259000,blocked
1259000,1,1,1059,1,0,tick,0,0,3,1000,1000000,1000,0,0,0,0,1000000000,1000000000,1000000000,,,0,,,,,93000,76000,93000,93,3000000000000,,armed,1259000,blocked,93000,76000,93000,93,4000000000000,,armed,1260000,blocked
1259000,1,3,904,3,2,tick,0,0,3,1000,1000000,1000,0,0,0,0,1000000000,1000000000,1000000000,,,0,,,,,80000,38000,80000,80,2000000000000,,armed,1259000,blocked,80000,38000,80000,80,3000000000000,,armed,1260000,blocked
1260000,1,1,1060,1,0,tick,0,0,3,1000,1000000,1000,0,0,0,0,1000000000,1000000000,1000000000,,,0,,,,,93000,76000,93000,93,4000000000000,,armed,1260000,blocked,93000,76000,93000,93,5000000000000,,armed,1261000,blocked
1260000,1,3,905,3,2,tick,0,0,3,1000,1000000,1000,0,0,0,0,1000000000,1000000000,1000000000,,,0,,,,,80000,38000,80000,80,3000000000000,,armed,1260000,blocked,80000,38000,80000,80,4000000000000,,armed,1261000,blocked
1261000,1,1,1061,1,0,tick,0,0,3,1000,1000000,1000,0,0,0,0,1000000000,1000000000,1000000000,,,0,,,,,93000,76000,93000,93,5000000000000,,armed,1261000,blocked,93000,76000,93000,93,6000000000000,,armed,1262000,blocked
1261000,1,3,906,3,2,tick,0,0,3,1000,1000000,1000,0,0,0,0,1000000000,1000000000,1000000000,,,0,,,,,80000,38000,80000,80,4000000000000,,armed,1261000,blocked,80000,38000,80000,80,5000000000000,,armed,1262000,blocked
1262000,1,1,1062,1,0,tick,0,0,3,1000,1000000,1000,0,0,0,0,1000000000,1000000000,1000000000,,,0,,,,,93000,76000,93000,93,6000000000000,,armed,1262000,blocked,93000,76000,93000,93,7000000000000,,armed,1263000,scheduled
1262000,1,3,907,3,2,tick,0,0,3,1000,1000000,1000,0,0,0,0,1000000000,1000000000,1000000000,,,0,,,,,80000,38000,80000,80,5000000000000,,armed,1262000,blocked,80000,38000,80000,80,6000000000000,,armed,1263000,blocked
1263000,1,1,1063,1,0,tick,0,0,3,1000,1000000,1000,0,0,0,0,1000000000,1000000000,1000000000,,,1,93000,1000,0,1317,93000,76000,93000,93,7000000000000,,armed,1263000,scheduled,94000,76000,94000,94,0,,armed,1264000,blocked
1263000,1,3,908,3,2,tick,0,0,3,1000,1000000,1000,0,0,0,0,1000000000,1000000000,1000000000,,,0,,,,,80000,38000,80000,80,6000000000000,,armed,1263000,blocked,80000,38000,80000,80,7000000000000,,armed,1264000,scheduled
1264000,1,1,1064,1,0,tick,0,0,3,1000,1000000,1000,0,0,0,0,1000000000,1000000000,1000000000,,,0,,,,,94000,76000,94000,94,0,,armed,1264000,blocked,94000,76000,94000,94,1000000000000,,armed,1265000,blocked
1264000,1,3,909,3,2,tick,0,0,3,1000,1000000,1000,0,0,0,0,1000000000,1000000000,1000000000,,,1,80000,1000,0,1137,80000,38000,80000,80,7000000000000,,armed,1264000,scheduled,81000,38000,81000,81,0,,armed,1265000,blocked
1264536,0,6,230,1,0,ack,0,0,3,1000,1000000,1000,0,0,0,0,1000000000,1000000000,,77000,0,0,,,,,94000,76000,94000,94,1000000000000,,armed,1265000,blocked,94000,77000,94000,94,1000000000000,,armed,1265000,blocked
1265000,1,1,1068,1,0,tick,0,0,3,1000,1000000,1000,0,0,0,0,1000000000,1000000000,1000000000,,,0,,,,,94000,77000,94000,94,1000000000000,,armed,1265000,blocked,94000,77000,94000,94,2000000000000,,armed,1266000,blocked
1265000,1,3,910,3,2,tick,0,0,3,1000,1000000,1000,0,0,0,0,1000000000,1000000000,1000000000,,,0,,,,,81000,38000,81000,81,0,,armed,1265000,blocked,81000,38000,81000,81,1000000000000,,armed,1266000,blocked
1266000,1,1,1069,1,0,tick,0,0,3,1000,1000000,1000,0,0,0,0,1000000000,1000000000,1000000000,,,0,,,,,94000,77000,94000,94,2000000000000,,armed,1266000,blocked,94000,77000,94000,94,3000000000000,,armed,1267000,blocked
1266000,1,3,914,3,2,tick,0,0,3,1000,1000000,1000,0,0,0,0,1000000000,1000000000,1000000000,,,0,,,,,81000,38000,81000,81,1000000000000,,armed,1266000,blocked,81000,38000,81000,81,2000000000000,,armed,1267000,blocked
1267000,1,1,1070,1,0,tick,0,0,3,1000,1000000,1000,0,0,0,0,1000000000,1000000000,1000000000,,,0,,,,,94000,77000,94000,94,3000000000000,,armed,1267000,blocked,94000,77000,94000,94,4000000000000,,armed,1268000,blocked
1267000,1,3,915,3,2,tick,0,0,3,1000,1000000,1000,0,0,0,0,1000000000,1000000000,1000000000,,,0,,,,,81000,38000,81000,81,2000000000000,,armed,1267000,blocked,81000,38000,81000,81,3000000000000,,armed,1268000,blocked
1268000,1,1,1071,1,0,tick,0,0,3,1000,1000000,1000,0,0,0,0,1000000000,1000000000,1000000000,,,0,,,,,94000,77000,94000,94,4000000000000,,armed,1268000,blocked,94000,77000,94000,94,5000000000000,,armed,1269000,blocked
1268000,1,3,916,3,2,tick,0,0,3,1000,1000000,1000,0,0,0,0,1000000000,1000000000,1000000000,,,0,,,,,81000,38000,81000,81,3000000000000,,armed,1268000,blocked,81000,38000,81000,81,4000000000000,,armed,1269000,blocked
1269000,1,1,1072,1,0,tick,0,0,3,1000,1000000,1000,0,0,0,0,1000000000,1000000000,1000000000,,,0,,,,,94000,77000,94000,94,5000000000000,,armed,1269000,blocked,94000,77000,94000,94,6000000000000,,armed,1270000,blocked
1269000,1,3,917,3,2,tick,0,0,3,1000,1000000,1000,0,0,0,0,1000000000,1000000000,1000000000,,,0,,,,,81000,38000,81000,81,4000000000000,,armed,1269000,blocked,81000,38000,81000,81,5000000000000,,armed,1270000,blocked
1270000,1,1,1073,1,0,tick,0,0,3,1000,1000000,1000,0,0,0,0,1000000000,1000000000,1000000000,,,0,,,,,94000,77000,94000,94,6000000000000,,armed,1270000,blocked,94000,77000,94000,94,7000000000000,,armed,1271000,scheduled
1270000,1,3,918,3,2,tick,0,0,3,1000,1000000,1000,0,0,0,0,1000000000,1000000000,1000000000,,,0,,,,,81000,38000,81000,81,5000000000000,,armed,1270000,blocked,81000,38000,81000,81,6000000000000,,armed,1271000,blocked
1271000,1,1,1074,1,0,tick,0,0,3,1000,1000000,1000,0,0,0,0,1000000000,1000000000,1000000000,,,1,94000,1000,0,1331,94000,77000,94000,94,7000000000000,,armed,1271000,scheduled,95000,77000,95000,95,0,,armed,1272000,blocked
1271000,1,3,919,3,2,tick,0,0,3,1000,1000000,1000,0,0,0,0,1000000000,1000000000,1000000000,,,0,,,,,81000,38000,81000,81,6000000000000,,armed,1271000,blocked,81000,38000,81000,81,7000000000000,,armed,1272000,scheduled
1272000,1,1,1075,1,0,tick,0,0,3,1000,1000000,1000,0,0,0,0,1000000000,1000000000,1000000000,,,0,,,,,95000,77000,95000,95,0,,armed,1272000,blocked,95000,77000,95000,95,1000000000000,,armed,1273000,blocked
1272000,1,3,920,3,2,tick,0,0,3,1000,1000000,1000,0,0,0,0,1000000000,1000000000,1000000000,,,1,81000,1000,0,1151,81000,38000,81000,81,7000000000000,,armed,1272000,scheduled,82000,38000,82000,82,0,,armed,1273000,blocked
1273000,1,1,1079,1,0,tick,0,0,3,1000,1000000,1000,0,0,0,0,1000000000,1000000000,1000000000,,,0,,,,,95000,77000,95000,95,1000000000000,,armed,1273000,blocked,95000,77000,95000,95,2000000000000,,armed,1274000,blocked
1273000,1,3,921,3,2,tick,0,0,3,1000,1000000,1000,0,0,0,0,1000000000,1000000000,1000000000,,,0,,,,,82000,38000,82000,82,0,,armed,1273000,blocked,82000,38000,82000,82,1000000000000,,armed,1274000,blocked
1273560,0,12,116,3,2,ack,0,0,3,1000,1000000,1000,0,0,0,0,1000000000,1000000000,,39000,0,0,,,,,82000,38000,82000,82,1000000000000,,armed,1274000,blocked,82000,39000,82000,82,1000000000000,,armed,1274000,blocked
1274000,1,1,1080,1,0,tick,0,0,3,1000,1000000,1000,0,0,0,0,1000000000,1000000000,1000000000,,,0,,,,,95000,77000,95000,95,2000000000000,,armed,1274000,blocked,95000,77000,95000,95,3000000000000,,armed,1275000,blocked
1274000,1,3,925,3,2,tick,0,0,3,1000,1000000,1000,0,0,0,0,1000000000,1000000000,1000000000,,,0,,,,,82000,39000,82000,82,1000000000000,,armed,1274000,blocked,82000,39000,82000,82,2000000000000,,armed,1275000,blocked
1275000,1,1,1081,1,0,tick,0,0,3,1000,1000000,1000,0,0,0,0,1000000000,1000000000,1000000000,,,0,,,,,95000,77000,95000,95,3000000000000,,armed,1275000,blocked,95000,77000,95000,95,4000000000000,,armed,1276000,blocked
1275000,1,3,926,3,2,tick,0,0,3,1000,1000000,1000,0,0,0,0,1000000000,1000000000,1000000000,,,0,,,,,82000,39000,82000,82,2000000000000,,armed,1275000,blocked,82000,39000,82000,82,3000000000000,,armed,1276000,blocked
1276000,1,1,1082,1,0,tick,0,0,3,1000,1000000,1000,0,0,0,0,1000000000,1000000000,1000000000,,,0,,,,,95000,77000,95000,95,4000000000000,,armed,1276000,blocked,95000,77000,95000,95,5000000000000,,armed,1277000,blocked
1276000,1,3,927,3,2,tick,0,0,3,1000,1000000,1000,0,0,0,0,1000000000,1000000000,1000000000,,,0,,,,,82000,39000,82000,82,3000000000000,,armed,1276000,blocked,82000,39000,82000,82,4000000000000,,armed,1277000,blocked
1277000,1,1,1083,1,0,tick,0,0,3,1000,1000000,1000,0,0,0,0,1000000000,1000000000,1000000000,,,0,,,,,95000,77000,95000,95,5000000000000,,armed,1277000,blocked,95000,77000,95000,95,6000000000000,,armed,1278000,blocked
1277000,1,3,928,3,2,tick,0,0,3,1000,1000000,1000,0,0,0,0,1000000000,1000000000,1000000000,,,0,,,,,82000,39000,82000,82,4000000000000,,armed,1277000,blocked,82000,39000,82000,82,5000000000000,,armed,1278000,blocked
1278000,1,1,1084,1,0,tick,0,0,3,1000,1000000,1000,0,0,0,0,1000000000,1000000000,1000000000,,,0,,,,,95000,77000,95000,95,6000000000000,,armed,1278000,blocked,95000,77000,95000,95,7000000000000,,armed,1279000,scheduled
1278000,1,3,929,3,2,tick,0,0,3,1000,1000000,1000,0,0,0,0,1000000000,1000000000,1000000000,,,0,,,,,82000,39000,82000,82,5000000000000,,armed,1278000,blocked,82000,39000,82000,82,6000000000000,,armed,1279000,blocked
1279000,1,1,1085,1,0,tick,0,0,3,1000,1000000,1000,0,0,0,0,1000000000,1000000000,1000000000,,,1,95000,1000,0,1345,95000,77000,95000,95,7000000000000,,armed,1279000,scheduled,96000,77000,96000,96,0,,armed,1280000,blocked
1279000,1,3,930,3,2,tick,0,0,3,1000,1000000,1000,0,0,0,0,1000000000,1000000000,1000000000,,,0,,,,,82000,39000,82000,82,6000000000000,,armed,1279000,blocked,82000,39000,82000,82,7000000000000,,armed,1280000,scheduled
1280000,1,1,1086,1,0,tick,0,0,3,1000,1000000,1000,0,0,0,0,1000000000,1000000000,1000000000,,,0,,,,,96000,77000,96000,96,0,,armed,1280000,blocked,96000,77000,96000,96,1000000000000,,armed,1281000,blocked
1280000,1,3,931,3,2,tick,0,0,3,1000,1000000,1000,0,0,0,0,1000000000,1000000000,1000000000,,,1,82000,1000,0,1165,82000,39000,82000,82,7000000000000,,armed,1280000,scheduled,83000,39000,83000,83,0,,armed,1281000,blocked
1280536,0,6,233,1,0,ack,0,0,3,1000,1000000,1000,0,0,0,0,1000000000,1000000000,,78000,0,0,,,,,96000,77000,96000,96,1000000000000,,armed,1281000,blocked,96000,78000,96000,96,1000000000000,,armed,1281000,blocked
1281000,1,1,1090,1,0,tick,0,0,3,1000,1000000,1000,0,0,0,0,1000000000,1000000000,1000000000,,,0,,,,,96000,78000,96000,96,1000000000000,,armed,1281000,blocked,96000,78000,96000,96,2000000000000,,armed,1282000,blocked
1281000,1,3,932,3,2,tick,0,0,3,1000,1000000,1000,0,0,0,0,1000000000,1000000000,1000000000,,,0,,,,,83000,39000,83000,83,0,,armed,1281000,blocked,83000,39000,83000,83,1000000000000,,armed,1282000,blocked
1282000,1,1,1091,1,0,tick,0,0,3,1000,1000000,1000,0,0,0,0,1000000000,1000000000,1000000000,,,0,,,,,96000,78000,96000,96,2000000000000,,armed,1282000,blocked,96000,78000,96000,96,3000000000000,,armed,1283000,blocked
1282000,1,3,936,3,2,tick,0,0,3,1000,1000000,1000,0,0,0,0,1000000000,1000000000,1000000000,,,0,,,,,83000,39000,83000,83,1000000000000,,armed,1282000,blocked,83000,39000,83000,83,2000000000000,,armed,1283000,blocked
1283000,1,1,1092,1,0,tick,0,0,3,1000,1000000,1000,0,0,0,0,1000000000,1000000000,1000000000,,,0,,,,,96000,78000,96000,96,3000000000000,,armed,1283000,blocked,96000,78000,96000,96,4000000000000,,armed,1284000,blocked
1283000,1,3,937,3,2,tick,0,0,3,1000,1000000,1000,0,0,0,0,1000000000,1000000000,1000000000,,,0,,,,,83000,39000,83000,83,2000000000000,,armed,1283000,blocked,83000,39000,83000,83,3000000000000,,armed,1284000,blocked
1284000,1,1,1093,1,0,tick,0,0,3,1000,1000000,1000,0,0,0,0,1000000000,1000000000,1000000000,,,0,,,,,96000,78000,96000,96,4000000000000,,armed,1284000,blocked,96000,78000,96000,96,5000000000000,,armed,1285000,blocked
1284000,1,3,938,3,2,tick,0,0,3,1000,1000000,1000,0,0,0,0,1000000000,1000000000,1000000000,,,0,,,,,83000,39000,83000,83,3000000000000,,armed,1284000,blocked,83000,39000,83000,83,4000000000000,,armed,1285000,blocked
1285000,1,1,1094,1,0,tick,0,0,3,1000,1000000,1000,0,0,0,0,1000000000,1000000000,1000000000,,,0,,,,,96000,78000,96000,96,5000000000000,,armed,1285000,blocked,96000,78000,96000,96,6000000000000,,armed,1286000,blocked
1285000,1,3,939,3,2,tick,0,0,3,1000,1000000,1000,0,0,0,0,1000000000,1000000000,1000000000,,,0,,,,,83000,39000,83000,83,4000000000000,,armed,1285000,blocked,83000,39000,83000,83,5000000000000,,armed,1286000,blocked
1286000,1,1,1095,1,0,tick,0,0,3,1000,1000000,1000,0,0,0,0,1000000000,1000000000,1000000000,,,0,,,,,96000,78000,96000,96,6000000000000,,armed,1286000,blocked,96000,78000,96000,96,7000000000000,,armed,1287000,scheduled
1286000,1,3,940,3,2,tick,0,0,3,1000,1000000,1000,0,0,0,0,1000000000,1000000000,1000000000,,,0,,,,,83000,39000,83000,83,5000000000000,,armed,1286000,blocked,83000,39000,83000,83,6000000000000,,armed,1287000,blocked
1287000,1,1,1096,1,0,tick,0,0,3,1000,1000000,1000,0,0,0,0,1000000000,1000000000,1000000000,,,1,96000,1000,0,1359,96000,78000,96000,96,7000000000000,,armed,1287000,scheduled,97000,78000,97000,97,0,,armed,1288000,blocked
1287000,1,3,941,3,2,tick,0,0,3,1000,1000000,1000,0,0,0,0,1000000000,1000000000,1000000000,,,0,,,,,83000,39000,83000,83,6000000000000,,armed,1287000,blocked,83000,39000,83000,83,7000000000000,,armed,1288000,scheduled
1288000,1,1,1097,1,0,tick,0,0,3,1000,1000000,1000,0,0,0,0,1000000000,1000000000,1000000000,,,0,,,,,97000,78000,97000,97,0,,armed,1288000,blocked,97000,78000,97000,97,1000000000000,,armed,1289000,blocked
1288000,1,3,942,3,2,tick,0,0,3,1000,1000000,1000,0,0,0,0,1000000000,1000000000,1000000000,,,1,83000,1000,0,1179,83000,39000,83000,83,7000000000000,,armed,1288000,scheduled,84000,39000,84000,84,0,,armed,1289000,blocked
1288536,0,6,236,1,0,ack,0,0,3,1000,1000000,1000,0,0,0,0,1000000000,1000000000,,79000,0,0,,,,,97000,78000,97000,97,1000000000000,,armed,1289000,blocked,97000,79000,97000,97,1000000000000,,armed,1289000,blocked
1289000,1,1,1101,1,0,tick,0,0,3,1000,1000000,1000,0,0,0,0,1000000000,1000000000,1000000000,,,0,,,,,97000,79000,97000,97,1000000000000,,armed,1289000,blocked,97000,79000,97000,97,2000000000000,,armed,1290000,blocked
1289000,1,3,943,3,2,tick,0,0,3,1000,1000000,1000,0,0,0,0,1000000000,1000000000,1000000000,,,0,,,,,84000,39000,84000,84,0,,armed,1289000,blocked,84000,39000,84000,84,1000000000000,,armed,1290000,blocked
1290000,1,1,1102,1,0,tick,0,0,3,1000,1000000,1000,0,0,0,0,1000000000,1000000000,1000000000,,,0,,,,,97000,79000,97000,97,2000000000000,,armed,1290000,blocked,97000,79000,97000,97,3000000000000,,armed,1291000,blocked
1290000,1,3,947,3,2,tick,0,0,3,1000,1000000,1000,0,0,0,0,1000000000,1000000000,1000000000,,,0,,,,,84000,39000,84000,84,1000000000000,,armed,1290000,blocked,84000,39000,84000,84,2000000000000,,armed,1291000,blocked
1291000,1,1,1103,1,0,tick,0,0,3,1000,1000000,1000,0,0,0,0,1000000000,1000000000,1000000000,,,0,,,,,97000,79000,97000,97,3000000000000,,armed,1291000,blocked,97000,79000,97000,97,4000000000000,,armed,1292000,blocked
1291000,1,3,948,3,2,tick,0,0,3,1000,1000000,1000,0,0,0,0,1000000000,1000000000,1000000000,,,0,,,,,84000,39000,84000,84,2000000000000,,armed,1291000,blocked,84000,39000,84000,84,3000000000000,,armed,1292000,blocked
1292000,1,1,1104,1,0,tick,0,0,3,1000,1000000,1000,0,0,0,0,1000000000,1000000000,1000000000,,,0,,,,,97000,79000,97000,97,4000000000000,,armed,1292000,blocked,97000,79000,97000,97,5000000000000,,armed,1293000,blocked
1292000,1,3,949,3,2,tick,0,0,3,1000,1000000,1000,0,0,0,0,1000000000,1000000000,1000000000,,,0,,,,,84000,39000,84000,84,3000000000000,,armed,1292000,blocked,84000,39000,84000,84,4000000000000,,armed,1293000,blocked
1293000,1,1,1105,1,0,tick,0,0,3,1000,1000000,1000,0,0,0,0,1000000000,1000000000,1000000000,,,0,,,,,97000,79000,97000,97,5000000000000,,armed,1293000,blocked,97000,79000,97000,97,6000000000000,,armed,1294000,blocked
1293000,1,3,950,3,2,tick,0,0,3,1000,1000000,1000,0,0,0,0,1000000000,1000000000,1000000000,,,0,,,,,84000,39000,84000,84,4000000000000,,armed,1293000,blocked,84000,39000,84000,84,5000000000000,,armed,1294000,blocked
1294000,1,1,1106,1,0,tick,0,0,3,1000,1000000,1000,0,0,0,0,1000000000,1000000000,1000000000,,,0,,,,,97000,79000,97000,97,6000000000000,,armed,1294000,blocked,97000,79000,97000,97,7000000000000,,armed,1295000,scheduled
1294000,1,3,951,3,2,tick,0,0,3,1000,1000000,1000,0,0,0,0,1000000000,1000000000,1000000000,,,0,,,,,84000,39000,84000,84,5000000000000,,armed,1294000,blocked,84000,39000,84000,84,6000000000000,,armed,1295000,blocked
1295000,1,1,1107,1,0,tick,0,0,3,1000,1000000,1000,0,0,0,0,1000000000,1000000000,1000000000,,,1,97000,1000,0,1373,97000,79000,97000,97,7000000000000,,armed,1295000,scheduled,98000,79000,98000,98,0,,armed,1296000,blocked
1295000,1,3,952,3,2,tick,0,0,3,1000,1000000,1000,0,0,0,0,1000000000,1000000000,1000000000,,,0,,,,,84000,39000,84000,84,6000000000000,,armed,1295000,blocked,84000,39000,84000,84,7000000000000,,armed,1296000,scheduled
1296000,1,1,1108,1,0,tick,0,0,3,1000,1000000,1000,0,0,0,0,1000000000,1000000000,1000000000,,,0,,,,,98000,79000,98000,98,0,,armed,1296000,blocked,98000,79000,98000,98,1000000000000,,armed,1297000,blocked
1296000,1,3,953,3,2,tick,0,0,3,1000,1000000,1000,0,0,0,0,1000000000,1000000000,1000000000,,,1,84000,1000,0,1193,84000,39000,84000,84,7000000000000,,armed,1296000,scheduled,85000,39000,85000,85,0,,armed,1297000,blocked
1296536,0,6,239,1,0,ack,0,0,3,1000,1000000,1000,0,0,0,0,1000000000,1000000000,,80000,0,0,,,,,98000,79000,98000,98,1000000000000,,armed,1297000,blocked,98000,80000,98000,98,1000000000000,,armed,1297000,blocked
1297000,1,1,1112,1,0,tick,0,0,3,1000,1000000,1000,0,0,0,0,1000000000,1000000000,1000000000,,,0,,,,,98000,80000,98000,98,1000000000000,,armed,1297000,blocked,98000,80000,98000,98,2000000000000,,armed,1298000,blocked
1297000,1,3,954,3,2,tick,0,0,3,1000,1000000,1000,0,0,0,0,1000000000,1000000000,1000000000,,,0,,,,,85000,39000,85000,85,0,,armed,1297000,blocked,85000,39000,85000,85,1000000000000,,armed,1298000,blocked
1298000,1,1,1113,1,0,tick,0,0,3,1000,1000000,1000,0,0,0,0,1000000000,1000000000,1000000000,,,0,,,,,98000,80000,98000,98,2000000000000,,armed,1298000,blocked,98000,80000,98000,98,3000000000000,,armed,1299000,blocked
1298000,1,3,958,3,2,tick,0,0,3,1000,1000000,1000,0,0,0,0,1000000000,1000000000,1000000000,,,0,,,,,85000,39000,85000,85,1000000000000,,armed,1298000,blocked,85000,39000,85000,85,2000000000000,,armed,1299000,blocked
1299000,1,1,1114,1,0,tick,0,0,3,1000,1000000,1000,0,0,0,0,1000000000,1000000000,1000000000,,,0,,,,,98000,80000,98000,98,3000000000000,,armed,1299000,blocked,98000,80000,98000,98,4000000000000,,armed,1300000,blocked
1299000,1,3,959,3,2,tick,0,0,3,1000,1000000,1000,0,0,0,0,1000000000,1000000000,1000000000,,,0,,,,,85000,39000,85000,85,2000000000000,,armed,1299000,blocked,85000,39000,85000,85,3000000000000,,armed,1300000,blocked
1300000,1,1,1115,1,0,tick,0,0,3,1000,1000000,1000,0,0,0,0,1000000000,1000000000,1000000000,,,0,,,,,98000,80000,98000,98,4000000000000,,armed,1300000,blocked,98000,80000,98000,98,5000000000000,,armed,1301000,blocked
1300000,1,3,960,3,2,tick,0,0,3,1000,1000000,1000,0,0,0,0,1000000000,1000000000,1000000000,,,0,,,,,85000,39000,85000,85,3000000000000,,armed,1300000,blocked,85000,39000,85000,85,4000000000000,,armed,1301000,blocked
1301000,1,1,1116,1,0,tick,0,0,3,1000,1000000,1000,0,0,0,0,1000000000,1000000000,1000000000,,,0,,,,,98000,80000,98000,98,5000000000000,,armed,1301000,blocked,98000,80000,98000,98,6000000000000,,armed,1302000,blocked
1301000,1,3,961,3,2,tick,0,0,3,1000,1000000,1000,0,0,0,0,1000000000,1000000000,1000000000,,,0,,,,,85000,39000,85000,85,4000000000000,,armed,1301000,blocked,85000,39000,85000,85,5000000000000,,armed,1302000,blocked
1302000,1,1,1117,1,0,tick,0,0,3,1000,1000000,1000,0,0,0,0,1000000000,1000000000,1000000000,,,0,,,,,98000,80000,98000,98,6000000000000,,armed,1302000,blocked,98000,80000,98000,98,7000000000000,,armed,1303000,scheduled
1302000,1,3,962,3,2,tick,0,0,3,1000,1000000,1000,0,0,0,0,1000000000,1000000000,1000000000,,,0,,,,,85000,39000,85000,85,5000000000000,,armed,1302000,blocked,85000,39000,85000,85,6000000000000,,armed,1303000,blocked
1303000,1,1,1118,1,0,tick,0,0,3,1000,1000000,1000,0,0,0,0,1000000000,1000000000,1000000000,,,1,98000,1000,0,1387,98000,80000,98000,98,7000000000000,,armed,1303000,scheduled,99000,80000,99000,99,0,,armed,1304000,blocked
1303000,1,3,963,3,2,tick,0,0,3,1000,1000000,1000,0,0,0,0,1000000000,1000000000,1000000000,,,0,,,,,85000,39000,85000,85,6000000000000,,armed,1303000,blocked,85000,39000,85000,85,7000000000000,,armed,1304000,scheduled
1304000,1,1,1119,1,0,tick,0,0,3,1000,1000000,1000,0,0,0,0,1000000000,1000000000,1000000000,,,0,,,,,99000,80000,99000,99,0,,armed,1304000,blocked,99000,80000,99000,99,1000000000000,,armed,1305000,blocked
1304000,1,3,964,3,2,tick,0,0,3,1000,1000000,1000,0,0,0,0,1000000000,1000000000,1000000000,,,1,85000,1000,0,1207,85000,39000,85000,85,7000000000000,,armed,1304000,scheduled,86000,39000,86000,86,0,,armed,1305000,blocked
1304536,0,6,242,1,0,ack,0,0,3,1000,1000000,1000,0,0,0,0,1000000000,1000000000,,81000,0,0,,,,,99000,80000,99000,99,1000000000000,,armed,1305000,blocked,99000,81000,99000,99,1000000000000,,armed,1305000,blocked
1305000,1,1,1123,1,0,tick,0,0,3,1000,1000000,1000,0,0,0,0,1000000000,1000000000,1000000000,,,0,,,,,99000,81000,99000,99,1000000000000,,armed,1305000,blocked,99000,81000,99000,99,2000000000000,,armed,1306000,blocked
1305000,1,3,965,3,2,tick,0,0,3,1000,1000000,1000,0,0,0,0,1000000000,1000000000,1000000000,,,0,,,,,86000,39000,86000,86,0,,armed,1305000,blocked,86000,39000,86000,86,1000000000000,,armed,1306000,blocked
1306000,1,1,1124,1,0,tick,0,0,3,1000,1000000,1000,0,0,0,0,1000000000,1000000000,1000000000,,,0,,,,,99000,81000,99000,99,2000000000000,,armed,1306000,blocked,99000,81000,99000,99,3000000000000,,armed,1307000,blocked
1306000,1,3,969,3,2,tick,0,0,3,1000,1000000,1000,0,0,0,0,1000000000,1000000000,1000000000,,,0,,,,,86000,39000,86000,86,1000000000000,,armed,1306000,blocked,86000,39000,86000,86,2000000000000,,armed,1307000,blocked
1307000,1,1,1125,1,0,tick,0,0,3,1000,1000000,1000,0,0,0,0,1000000000,1000000000,1000000000,,,0,,,,,99000,81000,99000,99,3000000000000,,armed,1307000,blocked,99000,81000,99000,99,4000000000000,,armed,1308000,blocked
1307000,1,3,970,3,2,tick,0,0,3,1000,1000000,1000,0,0,0,0,1000000000,1000000000,1000000000,,,0,,,,,86000,39000,86000,86,2000000000000,,armed,1307000,blocked,86000,39000,86000,86,3000000000000,,armed,1308000,blocked
1308000,1,1,1126,1,0,tick,0,0,3,1000,1000000,1000,0,0,0,0,1000000000,1000000000,1000000000,,,0,,,,,99000,81000,99000,99,4000000000000,,armed,1308000,blocked,99000,81000,99000,99,5000000000000,,armed,1309000,blocked
1308000,1,3,971,3,2,tick,0,0,3,1000,1000000,1000,0,0,0,0,1000000000,1000000000,1000000000,,,0,,,,,86000,39000,86000,86,3000000000000,,armed,1308000,blocked,86000,39000,86000,86,4000000000000,,armed,1309000,blocked
1309000,1,1,1127,1,0,tick,0,0,3,1000,1000000,1000,0,0,0,0,1000000000,1000000000,1000000000,,,0,,,,,99000,81000,99000,99,5000000000000,,armed,1309000,blocked,99000,81000,99000,99,6000000000000,,armed,1310000,blocked
1309000,1,3,972,3,2,tick,0,0,3,1000,1000000,1000,0,0,0,0,1000000000,1000000000,1000000000,,,0,,,,,86000,39000,86000,86,4000000000000,,armed,1309000,blocked,86000,39000,86000,86,5000000000000,,armed,1310000,blocked
1310000,1,1,1128,1,0,tick,0,0,3,1000,1000000,1000,0,0,0,0,1000000000,1000000000,1000000000,,,0,,,,,99000,81000,99000,99,6000000000000,,armed,1310000,blocked,99000,81000,99000,99,7000000000000,,armed,1311000,scheduled
1310000,1,3,973,3,2,tick,0,0,3,1000,1000000,1000,0,0,0,0,1000000000,1000000000,1000000000,,,0,,,,,86000,39000,86000,86,5000000000000,,armed,1310000,blocked,86000,39000,86000,86,6000000000000,,armed,1311000,blocked
1311000,1,1,1129,1,0,tick,0,0,3,1000,1000000,1000,0,0,0,0,1000000000,1000000000,1000000000,,,1,99000,1000,0,1401,99000,81000,99000,99,7000000000000,,armed,1311000,scheduled,100000,81000,100000,100,0,,armed,1312000,blocked
1311000,1,3,974,3,2,tick,0,0,3,1000,1000000,1000,0,0,0,0,1000000000,1000000000,1000000000,,,0,,,,,86000,39000,86000,86,6000000000000,,armed,1311000,blocked,86000,39000,86000,86,7000000000000,,armed,1312000,scheduled
1312000,1,1,1130,1,0,tick,0,0,3,1000,1000000,1000,0,0,0,0,1000000000,1000000000,1000000000,,,0,,,,,100000,81000,100000,100,0,,armed,1312000,blocked,100000,81000,100000,100,1000000000000,,armed,1313000,blocked
1312000,1,3,975,3,2,tick,0,0,3,1000,1000000,1000,0,0,0,0,1000000000,1000000000,1000000000,,,1,86000,1000,0,1221,86000,39000,86000,86,7000000000000,,armed,1312000,scheduled,87000,39000,87000,87,0,,armed,1313000,blocked
1312536,0,6,245,1,0,ack,0,0,3,1000,1000000,1000,0,0,0,0,1000000000,1000000000,,82000,0,0,,,,,100000,81000,100000,100,1000000000000,,armed,1313000,blocked,100000,82000,100000,100,1000000000000,,armed,1313000,blocked
1313000,1,1,1134,1,0,tick,0,0,3,1000,1000000,1000,0,0,0,0,1000000000,1000000000,1000000000,,,0,,,,,100000,82000,100000,100,1000000000000,,armed,1313000,blocked,100000,82000,100000,100,2000000000000,,armed,1314000,blocked
1313000,1,3,976,3,2,tick,0,0,3,1000,1000000,1000,0,0,0,0,1000000000,1000000000,1000000000,,,0,,,,,87000,39000,87000,87,0,,armed,1313000,blocked,87000,39000,87000,87,1000000000000,,armed,1314000,blocked
1314000,1,1,1135,1,0,tick,0,0,3,1000,1000000,1000,0,0,0,0,1000000000,1000000000,1000000000,,,0,,,,,100000,82000,100000,100,2000000000000,,armed,1314000,blocked,100000,82000,100000,100,3000000000000,,armed,1315000,blocked
1314000,1,3,980,3,2,tick,0,0,3,1000,1000000,1000,0,0,0,0,1000000000,1000000000,1000000000,,,0,,,,,87000,39000,87000,87,1000000000000,,armed,1314000,blocked,87000,39000,87000,87,2000000000000,,armed,1315000,blocked
1315000,1,1,1136,1,0,tick,0,0,3,1000,1000000,1000,0,0,0,0,1000000000,1000000000,1000000000,,,0,,,,,100000,82000,100000,100,3000000000000,,armed,1315000,blocked,100000,82000,100000,100,4000000000000,,armed,1316000,blocked
1315000,1,3,981,3,2,tick,0,0,3,1000,1000000,1000,0,0,0,0,1000000000,1000000000,1000000000,,,0,,,,,87000,39000,87000,87,2000000000000,,armed,1315000,blocked,87000,39000,87000,87,3000000000000,,armed,1316000,blocked
1316000,1,1,1137,1,0,tick,0,0,3,1000,1000000,1000,0,0,0,0,1000000000,1000000000,1000000000,,,0,,,,,100000,82000,100000,100,4000000000000,,armed,1316000,blocked,100000,82000,100000,100,5000000000000,,armed,1317000,blocked
1316000,1,3,982,3,2,tick,0,0,3,1000,1000000,1000,0,0,0,0,1000000000,1000000000,1000000000,,,0,,,,,87000,39000,87000,87,3000000000000,,armed,1316000,blocked,87000,39000,87000,87,4000000000000,,armed,1317000,blocked
1317000,1,1,1138,1,0,tick,0,0,3,1000,1000000,1000,0,0,0,0,1000000000,1000000000,1000000000,,,0,,,,,100000,82000,100000,100,5000000000000,,armed,1317000,blocked,100000,82000,100000,100,6000000000000,,armed,1318000,blocked
1317000,1,3,983,3,2,tick,0,0,3,1000,1000000,1000,0,0,0,0,1000000000,1000000000,1000000000,,,0,,,,,87000,39000,87000,87,4000000000000,,armed,1317000,blocked,87000,39000,87000,87,5000000000000,,armed,1318000,blocked
1318000,1,1,1139,1,0,tick,0,0,3,1000,1000000,1000,0,0,0,0,1000000000,1000000000,1000000000,,,0,,,,,100000,82000,100000,100,6000000000000,,armed,1318000,blocked,100000,82000,100000,100,7000000000000,,armed,1319000,scheduled
1318000,1,3,984,3,2,tick,0,0,3,1000,1000000,1000,0,0,0,0,1000000000,1000000000,1000000000,,,0,,,,,87000,39000,87000,87,5000000000000,,armed,1318000,blocked,87000,39000,87000,87,6000000000000,,armed,1319000,blocked
1319000,1,1,1140,1,0,tick,0,0,3,1000,1000000,1000,0,0,0,0,1000000000,1000000000,1000000000,,,1,100000,1000,0,1415,100000,82000,100000,100,7000000000000,,armed,1319000,scheduled,101000,82000,101000,101,0,,armed,1320000,blocked
1319000,1,3,985,3,2,tick,0,0,3,1000,1000000,1000,0,0,0,0,1000000000,1000000000,1000000000,,,0,,,,,87000,39000,87000,87,6000000000000,,armed,1319000,blocked,87000,39000,87000,87,7000000000000,,armed,1320000,scheduled
1320000,1,1,1141,1,0,tick,0,0,3,1000,1000000,1000,0,0,0,0,1000000000,1000000000,1000000000,,,0,,,,,101000,82000,101000,101,0,,armed,1320000,blocked,101000,82000,101000,101,1000000000000,,armed,1321000,blocked
1320000,1,3,986,3,2,tick,0,0,3,1000,1000000,1000,0,0,0,0,1000000000,1000000000,1000000000,,,1,87000,1000,0,1235,87000,39000,87000,87,7000000000000,,armed,1320000,scheduled,88000,39000,88000,88,0,,armed,1321000,blocked
1321000,1,1,1145,1,0,tick,0,0,3,1000,1000000,1000,0,0,0,0,1000000000,1000000000,1000000000,,,0,,,,,101000,82000,101000,101,1000000000000,,armed,1321000,blocked,101000,82000,101000,101,2000000000000,,armed,1322000,blocked
1321000,1,3,987,3,2,tick,0,0,3,1000,1000000,1000,0,0,0,0,1000000000,1000000000,1000000000,,,0,,,,,88000,39000,88000,88,0,,armed,1321000,blocked,88000,39000,88000,88,1000000000000,,armed,1322000,blocked
1321048,0,9,122,2,1,ack,0,0,3,1000,1000000,1000,0,0,0,0,1000000000,1000000000,,41000,0,0,,,,,61000,40000,61000,61,0,,parked,,blocked,61000,41000,61000,61,0,,armed,1322000,blocked
1322000,1,1,1146,1,0,tick,0,0,3,1000,1000000,1000,0,0,0,0,1000000000,1000000000,1000000000,,,0,,,,,101000,82000,101000,101,2000000000000,,armed,1322000,blocked,101000,82000,101000,101,3000000000000,,armed,1323000,blocked
1322000,1,2,698,2,1,tick,1,0,3,1000,1000000,1000,0,0,0,0,1000000000,1000000000,,,,0,,,,,61000,41000,61000,61,0,,armed,1322000,blocked,61000,41000,61000,61,0,,parked,,blocked
1322000,1,3,991,3,2,tick,0,0,3,1000,1000000,1000,0,0,0,0,1000000000,1000000000,1000000000,,,0,,,,,88000,39000,88000,88,1000000000000,,armed,1322000,blocked,88000,39000,88000,88,2000000000000,,armed,1323000,blocked
1323000,1,1,1147,1,0,tick,0,0,3,1000,1000000,1000,0,0,0,0,1000000000,1000000000,1000000000,,,0,,,,,101000,82000,101000,101,3000000000000,,armed,1323000,blocked,101000,82000,101000,101,4000000000000,,armed,1324000,blocked
1323000,1,3,992,3,2,tick,0,0,3,1000,1000000,1000,0,0,0,0,1000000000,1000000000,1000000000,,,0,,,,,88000,39000,88000,88,2000000000000,,armed,1323000,blocked,88000,39000,88000,88,3000000000000,,armed,1324000,blocked
1324000,1,1,1148,1,0,tick,0,0,3,1000,1000000,1000,0,0,0,0,1000000000,1000000000,1000000000,,,0,,,,,101000,82000,101000,101,4000000000000,,armed,1324000,blocked,101000,82000,101000,101,5000000000000,,armed,1325000,blocked
1324000,1,3,993,3,2,tick,0,0,3,1000,1000000,1000,0,0,0,0,1000000000,1000000000,1000000000,,,0,,,,,88000,39000,88000,88,3000000000000,,armed,1324000,blocked,88000,39000,88000,88,4000000000000,,armed,1325000,blocked
1325000,1,1,1149,1,0,tick,0,0,3,1000,1000000,1000,0,0,0,0,1000000000,1000000000,1000000000,,,0,,,,,101000,82000,101000,101,5000000000000,,armed,1325000,blocked,101000,82000,101000,101,6000000000000,,armed,1326000,blocked
1325000,1,3,994,3,2,tick,0,0,3,1000,1000000,1000,0,0,0,0,1000000000,1000000000,1000000000,,,0,,,,,88000,39000,88000,88,4000000000000,,armed,1325000,blocked,88000,39000,88000,88,5000000000000,,armed,1326000,blocked
1326000,1,1,1150,1,0,tick,0,0,3,1000,1000000,1000,0,0,0,0,1000000000,1000000000,1000000000,,,0,,,,,101000,82000,101000,101,6000000000000,,armed,1326000,blocked,101000,82000,101000,101,7000000000000,,armed,1327000,scheduled
1326000,1,3,995,3,2,tick,0,0,3,1000,1000000,1000,0,0,0,0,1000000000,1000000000,1000000000,,,0,,,,,88000,39000,88000,88,5000000000000,,armed,1326000,blocked,88000,39000,88000,88,6000000000000,,armed,1327000,blocked
1327000,1,1,1151,1,0,tick,0,0,3,1000,1000000,1000,0,0,0,0,1000000000,1000000000,1000000000,,,1,101000,1000,0,1429,101000,82000,101000,101,7000000000000,,armed,1327000,scheduled,102000,82000,102000,102,0,,armed,1328000,blocked
1327000,1,3,996,3,2,tick,0,0,3,1000,1000000,1000,0,0,0,0,1000000000,1000000000,1000000000,,,0,,,,,88000,39000,88000,88,6000000000000,,armed,1327000,blocked,88000,39000,88000,88,7000000000000,,armed,1328000,scheduled
1328000,1,1,1152,1,0,tick,0,0,3,1000,1000000,1000,0,0,0,0,1000000000,1000000000,1000000000,,,0,,,,,102000,82000,102000,102,0,,armed,1328000,blocked,102000,82000,102000,102,1000000000000,,armed,1329000,blocked
1328000,1,3,997,3,2,tick,0,0,3,1000,1000000,1000,0,0,0,0,1000000000,1000000000,1000000000,,,1,88000,1000,0,1249,88000,39000,88000,88,7000000000000,,armed,1328000,scheduled,89000,39000,89000,89,0,,armed,1329000,blocked
1329000,1,1,1156,1,0,tick,0,0,3,1000,1000000,1000,0,0,0,0,1000000000,1000000000,1000000000,,,0,,,,,102000,82000,102000,102,1000000000000,,armed,1329000,blocked,102000,82000,102000,102,2000000000000,,armed,1330000,blocked
1329000,1,3,998,3,2,tick,0,0,3,1000,1000000,1000,0,0,0,0,1000000000,1000000000,1000000000,,,0,,,,,89000,39000,89000,89,0,,armed,1329000,blocked,89000,39000,89000,89,1000000000000,,armed,1330000,blocked
1329560,0,12,119,3,2,ack,0,0,3,1000,1000000,1000,0,0,0,0,1000000000,1000000000,,40000,0,0,,,,,89000,39000,89000,89,1000000000000,,armed,1330000,blocked,89000,40000,89000,89,1000000000000,,armed,1330000,blocked
1330000,1,1,1157,1,0,tick,0,0,3,1000,1000000,1000,0,0,0,0,1000000000,1000000000,1000000000,,,0,,,,,102000,82000,102000,102,2000000000000,,armed,1330000,blocked,102000,82000,102000,102,3000000000000,,armed,1331000,blocked
1330000,1,3,1002,3,2,tick,0,0,3,1000,1000000,1000,0,0,0,0,1000000000,1000000000,1000000000,,,0,,,,,89000,40000,89000,89,1000000000000,,armed,1330000,blocked,89000,40000,89000,89,2000000000000,,armed,1331000,blocked
1331000,1,1,1158,1,0,tick,0,0,3,1000,1000000,1000,0,0,0,0,1000000000,1000000000,1000000000,,,0,,,,,102000,82000,102000,102,3000000000000,,armed,1331000,blocked,102000,82000,102000,102,4000000000000,,armed,1332000,blocked
1331000,1,3,1003,3,2,tick,0,0,3,1000,1000000,1000,0,0,0,0,1000000000,1000000000,1000000000,,,0,,,,,89000,40000,89000,89,2000000000000,,armed,1331000,blocked,89000,40000,89000,89,3000000000000,,armed,1332000,blocked
1332000,1,1,1159,1,0,tick,0,0,3,1000,1000000,1000,0,0,0,0,1000000000,1000000000,1000000000,,,0,,,,,102000,82000,102000,102,4000000000000,,armed,1332000,blocked,102000,82000,102000,102,5000000000000,,armed,1333000,blocked
1332000,1,3,1004,3,2,tick,0,0,3,1000,1000000,1000,0,0,0,0,1000000000,1000000000,1000000000,,,0,,,,,89000,40000,89000,89,3000000000000,,armed,1332000,blocked,89000,40000,89000,89,4000000000000,,armed,1333000,blocked
1333000,1,1,1160,1,0,tick,0,0,3,1000,1000000,1000,0,0,0,0,1000000000,1000000000,1000000000,,,0,,,,,102000,82000,102000,102,5000000000000,,armed,1333000,blocked,102000,82000,102000,102,6000000000000,,armed,1334000,blocked
1333000,1,3,1005,3,2,tick,0,0,3,1000,1000000,1000,0,0,0,0,1000000000,1000000000,1000000000,,,0,,,,,89000,40000,89000,89,4000000000000,,armed,1333000,blocked,89000,40000,89000,89,5000000000000,,armed,1334000,blocked
1334000,1,1,1161,1,0,tick,0,0,3,1000,1000000,1000,0,0,0,0,1000000000,1000000000,1000000000,,,0,,,,,102000,82000,102000,102,6000000000000,,armed,1334000,blocked,102000,82000,102000,102,7000000000000,,armed,1335000,scheduled
1334000,1,3,1006,3,2,tick,0,0,3,1000,1000000,1000,0,0,0,0,1000000000,1000000000,1000000000,,,0,,,,,89000,40000,89000,89,5000000000000,,armed,1334000,blocked,89000,40000,89000,89,6000000000000,,armed,1335000,blocked
1335000,1,1,1162,1,0,tick,0,0,3,1000,1000000,1000,0,0,0,0,1000000000,1000000000,1000000000,,,1,102000,1000,0,1443,102000,82000,102000,102,7000000000000,,armed,1335000,scheduled,103000,82000,103000,103,0,,armed,1336000,blocked
1335000,1,3,1007,3,2,tick,0,0,3,1000,1000000,1000,0,0,0,0,1000000000,1000000000,1000000000,,,0,,,,,89000,40000,89000,89,6000000000000,,armed,1335000,blocked,89000,40000,89000,89,7000000000000,,armed,1336000,scheduled
1336000,1,1,1163,1,0,tick,1,0,3,1000,1000000,1000,0,0,0,0,1000000000,1000000000,,,,0,,,,,103000,82000,103000,103,0,,armed,1336000,blocked,103000,82000,103000,103,0,,parked,,blocked
1336000,1,3,1008,3,2,tick,0,0,3,1000,1000000,1000,0,0,0,0,1000000000,1000000000,1000000000,,,1,89000,1000,0,1263,89000,40000,89000,89,7000000000000,,armed,1336000,scheduled,90000,40000,90000,90,0,,armed,1337000,blocked
1337000,1,3,1009,3,2,tick,0,0,3,1000,1000000,1000,0,0,0,0,1000000000,1000000000,1000000000,,,0,,,,,90000,40000,90000,90,0,,armed,1337000,blocked,90000,40000,90000,90,1000000000000,,armed,1338000,blocked
1337560,0,12,122,3,2,ack,0,0,3,1000,1000000,1000,0,0,0,0,1000000000,1000000000,,41000,0,0,,,,,90000,40000,90000,90,1000000000000,,armed,1338000,blocked,90000,41000,90000,90,1000000000000,,armed,1338000,blocked
1338000,1,3,1013,3,2,tick,0,0,3,1000,1000000,1000,0,0,0,0,1000000000,1000000000,1000000000,,,0,,,,,90000,41000,90000,90,1000000000000,,armed,1338000,blocked,90000,41000,90000,90,2000000000000,,armed,1339000,blocked
1339000,1,3,1014,3,2,tick,0,0,3,1000,1000000,1000,0,0,0,0,1000000000,1000000000,1000000000,,,0,,,,,90000,41000,90000,90,2000000000000,,armed,1339000,blocked,90000,41000,90000,90,3000000000000,,armed,1340000,blocked
1340000,1,3,1015,3,2,tick,0,0,3,1000,1000000,1000,0,0,0,0,1000000000,1000000000,1000000000,,,0,,,,,90000,41000,90000,90,3000000000000,,armed,1340000,blocked,90000,41000,90000,90,4000000000000,,armed,1341000,blocked
1341000,1,3,1016,3,2,tick,0,0,3,1000,1000000,1000,0,0,0,0,1000000000,1000000000,1000000000,,,0,,,,,90000,41000,90000,90,4000000000000,,armed,1341000,blocked,90000,41000,90000,90,5000000000000,,armed,1342000,blocked
1342000,1,3,1017,3,2,tick,0,0,3,1000,1000000,1000,0,0,0,0,1000000000,1000000000,1000000000,,,0,,,,,90000,41000,90000,90,5000000000000,,armed,1342000,blocked,90000,41000,90000,90,6000000000000,,armed,1343000,blocked
1343000,1,3,1018,3,2,tick,0,0,3,1000,1000000,1000,0,0,0,0,1000000000,1000000000,1000000000,,,0,,,,,90000,41000,90000,90,6000000000000,,armed,1343000,blocked,90000,41000,90000,90,7000000000000,,armed,1344000,scheduled
1344000,1,3,1019,3,2,tick,0,0,3,1000,1000000,1000,0,0,0,0,1000000000,1000000000,1000000000,,,1,90000,1000,0,1277,90000,41000,90000,90,7000000000000,,armed,1344000,scheduled,91000,41000,91000,91,0,,armed,1345000,blocked
1345000,1,3,1020,3,2,tick,0,0,3,1000,1000000,1000,0,0,0,0,1000000000,1000000000,1000000000,,,0,,,,,91000,41000,91000,91,0,,armed,1345000,blocked,91000,41000,91000,91,1000000000000,,armed,1346000,blocked
1345560,0,12,125,3,2,ack,0,0,3,1000,1000000,1000,0,0,0,0,1000000000,1000000000,,42000,0,0,,,,,91000,41000,91000,91,1000000000000,,armed,1346000,blocked,91000,42000,91000,91,1000000000000,,armed,1346000,blocked
1346000,1,3,1024,3,2,tick,0,0,3,1000,1000000,1000,0,0,0,0,1000000000,1000000000,1000000000,,,0,,,,,91000,42000,91000,91,1000000000000,,armed,1346000,blocked,91000,42000,91000,91,2000000000000,,armed,1347000,blocked
1347000,1,3,1025,3,2,tick,0,0,3,1000,1000000,1000,0,0,0,0,1000000000,1000000000,1000000000,,,0,,,,,91000,42000,91000,91,2000000000000,,armed,1347000,blocked,91000,42000,91000,91,3000000000000,,armed,1348000,blocked
1348000,1,3,1026,3,2,tick,0,0,3,1000,1000000,1000,0,0,0,0,1000000000,1000000000,1000000000,,,0,,,,,91000,42000,91000,91,3000000000000,,armed,1348000,blocked,91000,42000,91000,91,4000000000000,,armed,1349000,blocked
1349000,1,3,1027,3,2,tick,0,0,3,1000,1000000,1000,0,0,0,0,1000000000,1000000000,1000000000,,,0,,,,,91000,42000,91000,91,4000000000000,,armed,1349000,blocked,91000,42000,91000,91,5000000000000,,armed,1350000,blocked
1350000,1,3,1028,3,2,tick,0,0,3,1000,1000000,1000,0,0,0,0,1000000000,1000000000,1000000000,,,0,,,,,91000,42000,91000,91,5000000000000,,armed,1350000,blocked,91000,42000,91000,91,6000000000000,,armed,1351000,blocked
1351000,1,3,1029,3,2,tick,0,0,3,1000,1000000,1000,0,0,0,0,1000000000,1000000000,1000000000,,,0,,,,,91000,42000,91000,91,6000000000000,,armed,1351000,blocked,91000,42000,91000,91,7000000000000,,armed,1352000,scheduled
1352000,1,3,1030,3,2,tick,0,0,3,1000,1000000,1000,0,0,0,0,1000000000,1000000000,1000000000,,,1,91000,1000,0,1291,91000,42000,91000,91,7000000000000,,armed,1352000,scheduled,92000,42000,92000,92,0,,armed,1353000,blocked
1353000,1,3,1031,3,2,tick,1,0,3,1000,1000000,1000,0,0,0,0,1000000000,1000000000,,,,0,,,,,92000,42000,92000,92,0,,armed,1353000,blocked,92000,42000,92000,92,0,,parked,,blocked
1353560,0,12,128,3,2,ack,0,0,3,1000,1000000,1000,0,0,0,0,1000000000,1000000000,,43000,0,0,,,,,92000,42000,92000,92,0,,parked,,blocked,92000,43000,92000,92,0,,armed,1354000,blocked
1354000,1,3,1035,3,2,tick,1,0,3,1000,1000000,1000,0,0,0,0,1000000000,1000000000,,,,0,,,,,92000,43000,92000,92,0,,armed,1354000,blocked,92000,43000,92000,92,0,,parked,,blocked
1361560,0,12,131,3,2,ack,0,0,3,1000,1000000,1000,0,0,0,0,1000000000,1000000000,,44000,0,0,,,,,92000,43000,92000,92,0,,parked,,blocked,92000,44000,92000,92,0,,armed,1362000,blocked
1362000,1,3,1036,3,2,tick,1,0,3,1000,1000000,1000,0,0,0,0,1000000000,1000000000,,,,0,,,,,92000,44000,92000,92,0,,armed,1362000,blocked,92000,44000,92000,92,0,,parked,,blocked
1369560,0,12,134,3,2,ack,0,0,3,1000,1000000,1000,0,0,0,0,1000000000,1000000000,,45000,0,0,,,,,92000,44000,92000,92,0,,parked,,blocked,92000,45000,92000,92,0,,armed,1370000,blocked
1370000,1,3,1037,3,2,tick,1,0,3,1000,1000000,1000,0,0,0,0,1000000000,1000000000,,,,0,,,,,92000,45000,92000,92,0,,armed,1370000,blocked,92000,45000,92000,92,0,,parked,,blocked
1377560,0,12,137,3,2,ack,0,0,3,1000,1000000,1000,0,0,0,0,1000000000,1000000000,,46000,0,0,,,,,92000,45000,92000,92,0,,parked,,blocked,92000,46000,92000,92,0,,armed,1378000,blocked
1378000,1,3,1038,3,2,tick,1,0,3,1000,1000000,1000,0,0,0,0,1000000000,1000000000,,,,0,,,,,92000,46000,92000,92,0,,armed,1378000,blocked,92000,46000,92000,92,0,,parked,,blocked
1384024,0,10,309,2,1,resume,0,0,3,1000,1000000,1000,0,0,0,0,1000000000,1000000000,,,,0,,,,,61000,41000,61000,61,0,,parked,,blocked,61000,41000,61000,61,0,,armed,1385000,blocked
1385000,1,2,699,2,1,tick,0,0,3,1000,1000000,1000,0,0,0,0,1000000000,1000000000,1000000000,,,0,,,,,61000,41000,61000,61,0,,armed,1385000,blocked,61000,41000,61000,61,1000000000000,,armed,1386000,blocked
1385560,0,12,140,3,2,ack,0,0,3,1000,1000000,1000,0,0,0,0,1000000000,1000000000,,47000,0,0,,,,,92000,46000,92000,92,0,,parked,,blocked,92000,47000,92000,92,0,,armed,1386000,blocked
1386000,1,2,700,2,1,tick,0,0,3,1000,1000000,1000,0,0,0,0,1000000000,1000000000,1000000000,,,0,,,,,61000,41000,61000,61,1000000000000,,armed,1386000,blocked,61000,41000,61000,61,2000000000000,,armed,1387000,blocked
1386000,1,3,1039,3,2,tick,1,0,3,1000,1000000,1000,0,0,0,0,1000000000,1000000000,,,,0,,,,,92000,47000,92000,92,0,,armed,1386000,blocked,92000,47000,92000,92,0,,parked,,blocked
1387000,1,2,701,2,1,tick,0,0,3,1000,1000000,1000,0,0,0,0,1000000000,1000000000,1000000000,,,0,,,,,61000,41000,61000,61,2000000000000,,armed,1387000,blocked,61000,41000,61000,61,3000000000000,,armed,1388000,blocked
1388000,1,2,702,2,1,tick,0,0,3,1000,1000000,1000,0,0,0,0,1000000000,1000000000,1000000000,,,0,,,,,61000,41000,61000,61,3000000000000,,armed,1388000,blocked,61000,41000,61000,61,4000000000000,,armed,1389000,blocked
1389000,1,2,703,2,1,tick,0,0,3,1000,1000000,1000,0,0,0,0,1000000000,1000000000,1000000000,,,0,,,,,61000,41000,61000,61,4000000000000,,armed,1389000,blocked,61000,41000,61000,61,5000000000000,,armed,1390000,blocked
1390000,1,2,704,2,1,tick,0,0,3,1000,1000000,1000,0,0,0,0,1000000000,1000000000,1000000000,,,0,,,,,61000,41000,61000,61,5000000000000,,armed,1390000,blocked,61000,41000,61000,61,6000000000000,,armed,1391000,blocked
1391000,1,2,705,2,1,tick,0,0,3,1000,1000000,1000,0,0,0,0,1000000000,1000000000,1000000000,,,0,,,,,61000,41000,61000,61,6000000000000,,armed,1391000,blocked,61000,41000,61000,61,7000000000000,,armed,1392000,scheduled
1392000,1,2,706,2,1,tick,0,0,3,1000,1000000,1000,0,0,0,0,1000000000,1000000000,1000000000,,,1,61000,1000,0,870,61000,41000,61000,61,7000000000000,,armed,1392000,scheduled,62000,41000,62000,62,0,,armed,1393000,blocked
1393000,1,2,707,2,1,tick,0,0,3,1000,1000000,1000,0,0,0,0,1000000000,1000000000,1000000000,,,0,,,,,62000,41000,62000,62,0,,armed,1393000,blocked,62000,41000,62000,62,1000000000000,,armed,1394000,blocked
1393560,0,12,143,3,2,ack,0,0,3,1000,1000000,1000,0,0,0,0,1000000000,1000000000,,48000,0,0,,,,,92000,47000,92000,92,0,,parked,,blocked,92000,48000,92000,92,0,,armed,1394000,blocked
1394000,1,2,711,2,1,tick,0,0,3,1000,1000000,1000,0,0,0,0,1000000000,1000000000,1000000000,,,0,,,,,62000,41000,62000,62,1000000000000,,armed,1394000,blocked,62000,41000,62000,62,2000000000000,,armed,1395000,blocked
1394000,1,3,1040,3,2,tick,1,0,3,1000,1000000,1000,0,0,0,0,1000000000,1000000000,,,,0,,,,,92000,48000,92000,92,0,,armed,1394000,blocked,92000,48000,92000,92,0,,parked,,blocked
1395000,1,2,712,2,1,tick,0,0,3,1000,1000000,1000,0,0,0,0,1000000000,1000000000,1000000000,,,0,,,,,62000,41000,62000,62,2000000000000,,armed,1395000,blocked,62000,41000,62000,62,3000000000000,,armed,1396000,blocked
1396000,1,2,713,2,1,tick,0,0,3,1000,1000000,1000,0,0,0,0,1000000000,1000000000,1000000000,,,0,,,,,62000,41000,62000,62,3000000000000,,armed,1396000,blocked,62000,41000,62000,62,4000000000000,,armed,1397000,blocked
1397000,1,2,714,2,1,tick,0,0,3,1000,1000000,1000,0,0,0,0,1000000000,1000000000,1000000000,,,0,,,,,62000,41000,62000,62,4000000000000,,armed,1397000,blocked,62000,41000,62000,62,5000000000000,,armed,1398000,blocked
1398000,1,2,715,2,1,tick,0,0,3,1000,1000000,1000,0,0,0,0,1000000000,1000000000,1000000000,,,0,,,,,62000,41000,62000,62,5000000000000,,armed,1398000,blocked,62000,41000,62000,62,6000000000000,,armed,1399000,blocked
1399000,1,2,716,2,1,tick,0,0,3,1000,1000000,1000,0,0,0,0,1000000000,1000000000,1000000000,,,0,,,,,62000,41000,62000,62,6000000000000,,armed,1399000,blocked,62000,41000,62000,62,7000000000000,,armed,1400000,scheduled
1400000,1,2,717,2,1,tick,0,0,3,1000,1000000,1000,0,0,0,0,1000000000,1000000000,1000000000,,,1,62000,1000,0,884,62000,41000,62000,62,7000000000000,,armed,1400000,scheduled,63000,41000,63000,63,0,,armed,1401000,blocked
1400536,0,6,248,1,0,ack,0,0,3,1000,1000000,1000,0,0,0,0,1000000000,1000000000,,83000,0,0,,,,,103000,82000,103000,103,0,,parked,,blocked,103000,83000,103000,103,0,,armed,1401000,blocked
1401000,1,1,1167,1,0,tick,1,0,3,1000,1000000,1000,0,0,0,0,1000000000,1000000000,,,,0,,,,,103000,83000,103000,103,0,,armed,1401000,blocked,103000,83000,103000,103,0,,parked,,blocked
1401000,1,2,718,2,1,tick,0,0,3,1000,1000000,1000,0,0,0,0,1000000000,1000000000,1000000000,,,0,,,,,63000,41000,63000,63,0,,armed,1401000,blocked,63000,41000,63000,63,1000000000000,,armed,1402000,blocked
1402000,1,2,722,2,1,tick,0,0,3,1000,1000000,1000,0,0,0,0,1000000000,1000000000,1000000000,,,0,,,,,63000,41000,63000,63,1000000000000,,armed,1402000,blocked,63000,41000,63000,63,2000000000000,,armed,1403000,blocked
1403000,1,2,723,2,1,tick,0,0,3,1000,1000000,1000,0,0,0,0,1000000000,1000000000,1000000000,,,0,,,,,63000,41000,63000,63,2000000000000,,armed,1403000,blocked,63000,41000,63000,63,3000000000000,,armed,1404000,blocked
1404000,1,2,724,2,1,tick,0,0,3,1000,1000000,1000,0,0,0,0,1000000000,1000000000,1000000000,,,0,,,,,63000,41000,63000,63,3000000000000,,armed,1404000,blocked,63000,41000,63000,63,4000000000000,,armed,1405000,blocked
1405000,1,2,725,2,1,tick,0,0,3,1000,1000000,1000,0,0,0,0,1000000000,1000000000,1000000000,,,0,,,,,63000,41000,63000,63,4000000000000,,armed,1405000,blocked,63000,41000,63000,63,5000000000000,,armed,1406000,blocked
1406000,1,2,726,2,1,tick,0,0,3,1000,1000000,1000,0,0,0,0,1000000000,1000000000,1000000000,,,0,,,,,63000,41000,63000,63,5000000000000,,armed,1406000,blocked,63000,41000,63000,63,6000000000000,,armed,1407000,blocked
1407000,1,2,727,2,1,tick,0,0,3,1000,1000000,1000,0,0,0,0,1000000000,1000000000,1000000000,,,0,,,,,63000,41000,63000,63,6000000000000,,armed,1407000,blocked,63000,41000,63000,63,7000000000000,,armed,1408000,scheduled
1408000,1,2,728,2,1,tick,0,0,3,1000,1000000,1000,0,0,0,0,1000000000,1000000000,1000000000,,,1,63000,1000,0,898,63000,41000,63000,63,7000000000000,,armed,1408000,scheduled,64000,41000,64000,64,0,,armed,1409000,blocked
1409000,1,2,729,2,1,tick,0,0,3,1000,1000000,1000,0,0,0,0,1000000000,1000000000,1000000000,,,0,,,,,64000,41000,64000,64,0,,armed,1409000,blocked,64000,41000,64000,64,1000000000000,,armed,1410000,blocked
1409560,0,12,146,3,2,ack,0,0,3,1000,1000000,1000,0,0,0,0,1000000000,1000000000,,49000,0,0,,,,,92000,48000,92000,92,0,,parked,,blocked,92000,49000,92000,92,0,,armed,1410000,blocked
1410000,1,2,733,2,1,tick,0,0,3,1000,1000000,1000,0,0,0,0,1000000000,1000000000,1000000000,,,0,,,,,64000,41000,64000,64,1000000000000,,armed,1410000,blocked,64000,41000,64000,64,2000000000000,,armed,1411000,blocked
1410000,1,3,1041,3,2,tick,1,0,3,1000,1000000,1000,0,0,0,0,1000000000,1000000000,,,,0,,,,,92000,49000,92000,92,0,,armed,1410000,blocked,92000,49000,92000,92,0,,parked,,blocked
1411000,1,2,734,2,1,tick,0,0,3,1000,1000000,1000,0,0,0,0,1000000000,1000000000,1000000000,,,0,,,,,64000,41000,64000,64,2000000000000,,armed,1411000,blocked,64000,41000,64000,64,3000000000000,,armed,1412000,blocked
1412000,1,2,735,2,1,tick,0,0,3,1000,1000000,1000,0,0,0,0,1000000000,1000000000,1000000000,,,0,,,,,64000,41000,64000,64,3000000000000,,armed,1412000,blocked,64000,41000,64000,64,4000000000000,,armed,1413000,blocked
1413000,1,2,736,2,1,tick,0,0,3,1000,1000000,1000,0,0,0,0,1000000000,1000000000,1000000000,,,0,,,,,64000,41000,64000,64,4000000000000,,armed,1413000,blocked,64000,41000,64000,64,5000000000000,,armed,1414000,blocked
1414000,1,2,737,2,1,tick,0,0,3,1000,1000000,1000,0,0,0,0,1000000000,1000000000,1000000000,,,0,,,,,64000,41000,64000,64,5000000000000,,armed,1414000,blocked,64000,41000,64000,64,6000000000000,,armed,1415000,blocked
1415000,1,2,738,2,1,tick,0,0,3,1000,1000000,1000,0,0,0,0,1000000000,1000000000,1000000000,,,0,,,,,64000,41000,64000,64,6000000000000,,armed,1415000,blocked,64000,41000,64000,64,7000000000000,,armed,1416000,scheduled
1416000,1,2,739,2,1,tick,0,0,3,1000,1000000,1000,0,0,0,0,1000000000,1000000000,1000000000,,,1,64000,1000,0,912,64000,41000,64000,64,7000000000000,,armed,1416000,scheduled,65000,41000,65000,65,0,,armed,1417000,blocked
1416536,0,6,251,1,0,ack,0,0,3,1000,1000000,1000,0,0,0,0,1000000000,1000000000,,84000,0,0,,,,,103000,83000,103000,103,0,,parked,,blocked,103000,84000,103000,103,0,,armed,1417000,blocked
1417000,1,1,1168,1,0,tick,1,0,3,1000,1000000,1000,0,0,0,0,1000000000,1000000000,,,,0,,,,,103000,84000,103000,103,0,,armed,1417000,blocked,103000,84000,103000,103,0,,parked,,blocked
1417000,1,2,740,2,1,tick,0,0,3,1000,1000000,1000,0,0,0,0,1000000000,1000000000,1000000000,,,0,,,,,65000,41000,65000,65,0,,armed,1417000,blocked,65000,41000,65000,65,1000000000000,,armed,1418000,blocked
1418000,1,2,744,2,1,tick,0,0,3,1000,1000000,1000,0,0,0,0,1000000000,1000000000,1000000000,,,0,,,,,65000,41000,65000,65,1000000000000,,armed,1418000,blocked,65000,41000,65000,65,2000000000000,,armed,1419000,blocked
1419000,1,2,745,2,1,tick,0,0,3,1000,1000000,1000,0,0,0,0,1000000000,1000000000,1000000000,,,0,,,,,65000,41000,65000,65,2000000000000,,armed,1419000,blocked,65000,41000,65000,65,3000000000000,,armed,1420000,blocked
1420000,1,2,746,2,1,tick,0,0,3,1000,1000000,1000,0,0,0,0,1000000000,1000000000,1000000000,,,0,,,,,65000,41000,65000,65,3000000000000,,armed,1420000,blocked,65000,41000,65000,65,4000000000000,,armed,1421000,blocked
1421000,1,2,747,2,1,tick,0,0,3,1000,1000000,1000,0,0,0,0,1000000000,1000000000,1000000000,,,0,,,,,65000,41000,65000,65,4000000000000,,armed,1421000,blocked,65000,41000,65000,65,5000000000000,,armed,1422000,blocked
1422000,1,2,748,2,1,tick,0,0,3,1000,1000000,1000,0,0,0,0,1000000000,1000000000,1000000000,,,0,,,,,65000,41000,65000,65,5000000000000,,armed,1422000,blocked,65000,41000,65000,65,6000000000000,,armed,1423000,blocked
1423000,1,2,749,2,1,tick,0,0,3,1000,1000000,1000,0,0,0,0,1000000000,1000000000,1000000000,,,0,,,,,65000,41000,65000,65,6000000000000,,armed,1423000,blocked,65000,41000,65000,65,7000000000000,,armed,1424000,scheduled
1424000,1,2,750,2,1,tick,0,0,3,1000,1000000,1000,0,0,0,0,1000000000,1000000000,1000000000,,,1,65000,1000,0,926,65000,41000,65000,65,7000000000000,,armed,1424000,scheduled,66000,41000,66000,66,0,,armed,1425000,blocked
1425000,1,2,751,2,1,tick,0,0,3,1000,1000000,1000,0,0,0,0,1000000000,1000000000,1000000000,,,0,,,,,66000,41000,66000,66,0,,armed,1425000,blocked,66000,41000,66000,66,1000000000000,,armed,1426000,blocked
1425560,0,12,149,3,2,ack,0,0,3,1000,1000000,1000,0,0,0,0,1000000000,1000000000,,50000,0,0,,,,,92000,49000,92000,92,0,,parked,,blocked,92000,50000,92000,92,0,,armed,1426000,blocked
1426000,1,2,755,2,1,tick,0,0,3,1000,1000000,1000,0,0,0,0,1000000000,1000000000,1000000000,,,0,,,,,66000,41000,66000,66,1000000000000,,armed,1426000,blocked,66000,41000,66000,66,2000000000000,,armed,1427000,blocked
1426000,1,3,1042,3,2,tick,1,0,3,1000,1000000,1000,0,0,0,0,1000000000,1000000000,,,,0,,,,,92000,50000,92000,92,0,,armed,1426000,blocked,92000,50000,92000,92,0,,parked,,blocked
1427000,1,2,756,2,1,tick,0,0,3,1000,1000000,1000,0,0,0,0,1000000000,1000000000,1000000000,,,0,,,,,66000,41000,66000,66,2000000000000,,armed,1427000,blocked,66000,41000,66000,66,3000000000000,,armed,1428000,blocked
1428000,1,2,757,2,1,tick,0,0,3,1000,1000000,1000,0,0,0,0,1000000000,1000000000,1000000000,,,0,,,,,66000,41000,66000,66,3000000000000,,armed,1428000,blocked,66000,41000,66000,66,4000000000000,,armed,1429000,blocked
1429000,1,2,758,2,1,tick,0,0,3,1000,1000000,1000,0,0,0,0,1000000000,1000000000,1000000000,,,0,,,,,66000,41000,66000,66,4000000000000,,armed,1429000,blocked,66000,41000,66000,66,5000000000000,,armed,1430000,blocked
1430000,1,2,759,2,1,tick,0,0,3,1000,1000000,1000,0,0,0,0,1000000000,1000000000,1000000000,,,0,,,,,66000,41000,66000,66,5000000000000,,armed,1430000,blocked,66000,41000,66000,66,6000000000000,,armed,1431000,blocked
1431000,1,2,760,2,1,tick,0,0,3,1000,1000000,1000,0,0,0,0,1000000000,1000000000,1000000000,,,0,,,,,66000,41000,66000,66,6000000000000,,armed,1431000,blocked,66000,41000,66000,66,7000000000000,,armed,1432000,scheduled
1432000,1,2,761,2,1,tick,0,0,3,1000,1000000,1000,0,0,0,0,1000000000,1000000000,1000000000,,,1,66000,1000,0,940,66000,41000,66000,66,7000000000000,,armed,1432000,scheduled,67000,41000,67000,67,0,,armed,1433000,blocked
1432536,0,6,254,1,0,ack,0,0,3,1000,1000000,1000,0,0,0,0,1000000000,1000000000,,85000,0,0,,,,,103000,84000,103000,103,0,,parked,,blocked,103000,85000,103000,103,0,,armed,1433000,blocked
1433000,1,1,1169,1,0,tick,1,0,3,1000,1000000,1000,0,0,0,0,1000000000,1000000000,,,,0,,,,,103000,85000,103000,103,0,,armed,1433000,blocked,103000,85000,103000,103,0,,parked,,blocked
1433000,1,2,762,2,1,tick,0,0,3,1000,1000000,1000,0,0,0,0,1000000000,1000000000,1000000000,,,0,,,,,67000,41000,67000,67,0,,armed,1433000,blocked,67000,41000,67000,67,1000000000000,,armed,1434000,blocked
1434000,1,2,766,2,1,tick,0,0,3,1000,1000000,1000,0,0,0,0,1000000000,1000000000,1000000000,,,0,,,,,67000,41000,67000,67,1000000000000,,armed,1434000,blocked,67000,41000,67000,67,2000000000000,,armed,1435000,blocked
1435000,1,2,767,2,1,tick,0,0,3,1000,1000000,1000,0,0,0,0,1000000000,1000000000,1000000000,,,0,,,,,67000,41000,67000,67,2000000000000,,armed,1435000,blocked,67000,41000,67000,67,3000000000000,,armed,1436000,blocked
1436000,1,2,768,2,1,tick,0,0,3,1000,1000000,1000,0,0,0,0,1000000000,1000000000,1000000000,,,0,,,,,67000,41000,67000,67,3000000000000,,armed,1436000,blocked,67000,41000,67000,67,4000000000000,,armed,1437000,blocked
1437000,1,2,769,2,1,tick,0,0,3,1000,1000000,1000,0,0,0,0,1000000000,1000000000,1000000000,,,0,,,,,67000,41000,67000,67,4000000000000,,armed,1437000,blocked,67000,41000,67000,67,5000000000000,,armed,1438000,blocked
1438000,1,2,770,2,1,tick,0,0,3,1000,1000000,1000,0,0,0,0,1000000000,1000000000,1000000000,,,0,,,,,67000,41000,67000,67,5000000000000,,armed,1438000,blocked,67000,41000,67000,67,6000000000000,,armed,1439000,blocked
1439000,1,2,771,2,1,tick,0,0,3,1000,1000000,1000,0,0,0,0,1000000000,1000000000,1000000000,,,0,,,,,67000,41000,67000,67,6000000000000,,armed,1439000,blocked,67000,41000,67000,67,7000000000000,,armed,1440000,scheduled
1440000,1,2,772,2,1,tick,0,0,3,1000,1000000,1000,0,0,0,0,1000000000,1000000000,1000000000,,,1,67000,1000,0,954,67000,41000,67000,67,7000000000000,,armed,1440000,scheduled,68000,41000,68000,68,0,,armed,1441000,blocked
1441000,1,2,773,2,1,tick,0,0,3,1000,1000000,1000,0,0,0,0,1000000000,1000000000,1000000000,,,0,,,,,68000,41000,68000,68,0,,armed,1441000,blocked,68000,41000,68000,68,1000000000000,,armed,1442000,blocked
1441048,0,9,125,2,1,ack,0,0,3,1000,1000000,1000,0,0,0,0,1000000000,1000000000,,42000,0,0,,,,,68000,41000,68000,68,1000000000000,,armed,1442000,blocked,68000,42000,68000,68,1000000000000,,armed,1442000,blocked
1442000,1,2,777,2,1,tick,0,0,3,1000,1000000,1000,0,0,0,0,1000000000,1000000000,1000000000,,,0,,,,,68000,42000,68000,68,1000000000000,,armed,1442000,blocked,68000,42000,68000,68,2000000000000,,armed,1443000,blocked
1443000,1,2,778,2,1,tick,0,0,3,1000,1000000,1000,0,0,0,0,1000000000,1000000000,1000000000,,,0,,,,,68000,42000,68000,68,2000000000000,,armed,1443000,blocked,68000,42000,68000,68,3000000000000,,armed,1444000,blocked
1444000,1,2,779,2,1,tick,0,0,3,1000,1000000,1000,0,0,0,0,1000000000,1000000000,1000000000,,,0,,,,,68000,42000,68000,68,3000000000000,,armed,1444000,blocked,68000,42000,68000,68,4000000000000,,armed,1445000,blocked
1445000,1,2,780,2,1,tick,0,0,3,1000,1000000,1000,0,0,0,0,1000000000,1000000000,1000000000,,,0,,,,,68000,42000,68000,68,4000000000000,,armed,1445000,blocked,68000,42000,68000,68,5000000000000,,armed,1446000,blocked
1446000,1,2,781,2,1,tick,0,0,3,1000,1000000,1000,0,0,0,0,1000000000,1000000000,1000000000,,,0,,,,,68000,42000,68000,68,5000000000000,,armed,1446000,blocked,68000,42000,68000,68,6000000000000,,armed,1447000,blocked
1447000,1,2,782,2,1,tick,0,0,3,1000,1000000,1000,0,0,0,0,1000000000,1000000000,1000000000,,,0,,,,,68000,42000,68000,68,6000000000000,,armed,1447000,blocked,68000,42000,68000,68,7000000000000,,armed,1448000,scheduled
1448000,1,2,783,2,1,tick,0,0,3,1000,1000000,1000,0,0,0,0,1000000000,1000000000,1000000000,,,1,68000,1000,0,968,68000,42000,68000,68,7000000000000,,armed,1448000,scheduled,69000,42000,69000,69,0,,armed,1449000,blocked
1448536,0,6,257,1,0,ack,0,0,3,1000,1000000,1000,0,0,0,0,1000000000,1000000000,,86000,0,0,,,,,103000,85000,103000,103,0,,parked,,blocked,103000,86000,103000,103,0,,armed,1449000,blocked
1449000,1,1,1170,1,0,tick,1,0,3,1000,1000000,1000,0,0,0,0,1000000000,1000000000,,,,0,,,,,103000,86000,103000,103,0,,armed,1449000,blocked,103000,86000,103000,103,0,,parked,,blocked
1449000,1,2,784,2,1,tick,0,0,3,1000,1000000,1000,0,0,0,0,1000000000,1000000000,1000000000,,,0,,,,,69000,42000,69000,69,0,,armed,1449000,blocked,69000,42000,69000,69,1000000000000,,armed,1450000,blocked
1450000,1,2,788,2,1,tick,0,0,3,1000,1000000,1000,0,0,0,0,1000000000,1000000000,1000000000,,,0,,,,,69000,42000,69000,69,1000000000000,,armed,1450000,blocked,69000,42000,69000,69,2000000000000,,armed,1451000,blocked
1451000,1,2,789,2,1,tick,0,0,3,1000,1000000,1000,0,0,0,0,1000000000,1000000000,1000000000,,,0,,,,,69000,42000,69000,69,2000000000000,,armed,1451000,blocked,69000,42000,69000,69,3000000000000,,armed,1452000,blocked
1452000,1,2,790,2,1,tick,0,0,3,1000,1000000,1000,0,0,0,0,1000000000,1000000000,1000000000,,,0,,,,,69000,42000,69000,69,3000000000000,,armed,1452000,blocked,69000,42000,69000,69,4000000000000,,armed,1453000,blocked
1453000,1,2,791,2,1,tick,0,0,3,1000,1000000,1000,0,0,0,0,1000000000,1000000000,1000000000,,,0,,,,,69000,42000,69000,69,4000000000000,,armed,1453000,blocked,69000,42000,69000,69,5000000000000,,armed,1454000,blocked
1454000,1,2,792,2,1,tick,0,0,3,1000,1000000,1000,0,0,0,0,1000000000,1000000000,1000000000,,,0,,,,,69000,42000,69000,69,5000000000000,,armed,1454000,blocked,69000,42000,69000,69,6000000000000,,armed,1455000,blocked
1455000,1,2,793,2,1,tick,0,0,3,1000,1000000,1000,0,0,0,0,1000000000,1000000000,1000000000,,,0,,,,,69000,42000,69000,69,6000000000000,,armed,1455000,blocked,69000,42000,69000,69,7000000000000,,armed,1456000,scheduled
1456000,1,2,794,2,1,tick,0,0,3,1000,1000000,1000,0,0,0,0,1000000000,1000000000,1000000000,,,1,69000,1000,0,982,69000,42000,69000,69,7000000000000,,armed,1456000,scheduled,70000,42000,70000,70,0,,armed,1457000,blocked
1457000,1,2,795,2,1,tick,0,0,3,1000,1000000,1000,0,0,0,0,1000000000,1000000000,1000000000,,,0,,,,,70000,42000,70000,70,0,,armed,1457000,blocked,70000,42000,70000,70,1000000000000,,armed,1458000,blocked
1457048,0,9,128,2,1,ack,0,0,3,1000,1000000,1000,0,0,0,0,1000000000,1000000000,,43000,0,0,,,,,70000,42000,70000,70,1000000000000,,armed,1458000,blocked,70000,43000,70000,70,1000000000000,,armed,1458000,blocked
1458000,1,2,799,2,1,tick,0,0,3,1000,1000000,1000,0,0,0,0,1000000000,1000000000,1000000000,,,0,,,,,70000,43000,70000,70,1000000000000,,armed,1458000,blocked,70000,43000,70000,70,2000000000000,,armed,1459000,blocked
1459000,1,2,800,2,1,tick,0,0,3,1000,1000000,1000,0,0,0,0,1000000000,1000000000,1000000000,,,0,,,,,70000,43000,70000,70,2000000000000,,armed,1459000,blocked,70000,43000,70000,70,3000000000000,,armed,1460000,blocked
1460000,1,2,801,2,1,tick,0,0,3,1000,1000000,1000,0,0,0,0,1000000000,1000000000,1000000000,,,0,,,,,70000,43000,70000,70,3000000000000,,armed,1460000,blocked,70000,43000,70000,70,4000000000000,,armed,1461000,blocked
1461000,1,2,802,2,1,tick,0,0,3,1000,1000000,1000,0,0,0,0,1000000000,1000000000,1000000000,,,0,,,,,70000,43000,70000,70,4000000000000,,armed,1461000,blocked,70000,43000,70000,70,5000000000000,,armed,1462000,blocked
1462000,1,2,803,2,1,tick,0,0,3,1000,1000000,1000,0,0,0,0,1000000000,1000000000,1000000000,,,0,,,,,70000,43000,70000,70,5000000000000,,armed,1462000,blocked,70000,43000,70000,70,6000000000000,,armed,1463000,blocked
1463000,1,2,804,2,1,tick,0,0,3,1000,1000000,1000,0,0,0,0,1000000000,1000000000,1000000000,,,0,,,,,70000,43000,70000,70,6000000000000,,armed,1463000,blocked,70000,43000,70000,70,7000000000000,,armed,1464000,scheduled
1464000,1,2,805,2,1,tick,0,0,3,1000,1000000,1000,0,0,0,0,1000000000,1000000000,1000000000,,,1,70000,1000,0,996,70000,43000,70000,70,7000000000000,,armed,1464000,scheduled,71000,43000,71000,71,0,,armed,1465000,blocked
1464536,0,6,260,1,0,ack,0,0,3,1000,1000000,1000,0,0,0,0,1000000000,1000000000,,87000,0,0,,,,,103000,86000,103000,103,0,,parked,,blocked,103000,87000,103000,103,0,,armed,1465000,blocked
1465000,1,1,1171,1,0,tick,1,0,3,1000,1000000,1000,0,0,0,0,1000000000,1000000000,,,,0,,,,,103000,87000,103000,103,0,,armed,1465000,blocked,103000,87000,103000,103,0,,parked,,blocked
1465000,1,2,806,2,1,tick,0,0,3,1000,1000000,1000,0,0,0,0,1000000000,1000000000,1000000000,,,0,,,,,71000,43000,71000,71,0,,armed,1465000,blocked,71000,43000,71000,71,1000000000000,,armed,1466000,blocked
1466000,1,2,810,2,1,tick,0,0,3,1000,1000000,1000,0,0,0,0,1000000000,1000000000,1000000000,,,0,,,,,71000,43000,71000,71,1000000000000,,armed,1466000,blocked,71000,43000,71000,71,2000000000000,,armed,1467000,blocked
1467000,1,2,811,2,1,tick,0,0,3,1000,1000000,1000,0,0,0,0,1000000000,1000000000,1000000000,,,0,,,,,71000,43000,71000,71,2000000000000,,armed,1467000,blocked,71000,43000,71000,71,3000000000000,,armed,1468000,blocked
1468000,1,2,812,2,1,tick,0,0,3,1000,1000000,1000,0,0,0,0,1000000000,1000000000,1000000000,,,0,,,,,71000,43000,71000,71,3000000000000,,armed,1468000,blocked,71000,43000,71000,71,4000000000000,,armed,1469000,blocked
1469000,1,2,813,2,1,tick,0,0,3,1000,1000000,1000,0,0,0,0,1000000000,1000000000,1000000000,,,0,,,,,71000,43000,71000,71,4000000000000,,armed,1469000,blocked,71000,43000,71000,71,5000000000000,,armed,1470000,blocked
1470000,1,2,814,2,1,tick,0,0,3,1000,1000000,1000,0,0,0,0,1000000000,1000000000,1000000000,,,0,,,,,71000,43000,71000,71,5000000000000,,armed,1470000,blocked,71000,43000,71000,71,6000000000000,,armed,1471000,blocked
1471000,1,2,815,2,1,tick,0,0,3,1000,1000000,1000,0,0,0,0,1000000000,1000000000,1000000000,,,0,,,,,71000,43000,71000,71,6000000000000,,armed,1471000,blocked,71000,43000,71000,71,7000000000000,,armed,1472000,scheduled
1472000,1,2,816,2,1,tick,0,0,3,1000,1000000,1000,0,0,0,0,1000000000,1000000000,1000000000,,,1,71000,1000,0,1010,71000,43000,71000,71,7000000000000,,armed,1472000,scheduled,72000,43000,72000,72,0,,armed,1473000,blocked
1473000,1,2,817,2,1,tick,0,0,3,1000,1000000,1000,0,0,0,0,1000000000,1000000000,1000000000,,,0,,,,,72000,43000,72000,72,0,,armed,1473000,blocked,72000,43000,72000,72,1000000000000,,armed,1474000,blocked
1473048,0,9,131,2,1,ack,0,0,3,1000,1000000,1000,0,0,0,0,1000000000,1000000000,,44000,0,0,,,,,72000,43000,72000,72,1000000000000,,armed,1474000,blocked,72000,44000,72000,72,1000000000000,,armed,1474000,blocked
1474000,1,2,821,2,1,tick,0,0,3,1000,1000000,1000,0,0,0,0,1000000000,1000000000,1000000000,,,0,,,,,72000,44000,72000,72,1000000000000,,armed,1474000,blocked,72000,44000,72000,72,2000000000000,,armed,1475000,blocked
1475000,1,2,822,2,1,tick,0,0,3,1000,1000000,1000,0,0,0,0,1000000000,1000000000,1000000000,,,0,,,,,72000,44000,72000,72,2000000000000,,armed,1475000,blocked,72000,44000,72000,72,3000000000000,,armed,1476000,blocked
1476000,1,2,823,2,1,tick,0,0,3,1000,1000000,1000,0,0,0,0,1000000000,1000000000,1000000000,,,0,,,,,72000,44000,72000,72,3000000000000,,armed,1476000,blocked,72000,44000,72000,72,4000000000000,,armed,1477000,blocked
1477000,1,2,824,2,1,tick,0,0,3,1000,1000000,1000,0,0,0,0,1000000000,1000000000,1000000000,,,0,,,,,72000,44000,72000,72,4000000000000,,armed,1477000,blocked,72000,44000,72000,72,5000000000000,,armed,1478000,blocked
1478000,1,2,825,2,1,tick,0,0,3,1000,1000000,1000,0,0,0,0,1000000000,1000000000,1000000000,,,0,,,,,72000,44000,72000,72,5000000000000,,armed,1478000,blocked,72000,44000,72000,72,6000000000000,,armed,1479000,blocked
1479000,1,2,826,2,1,tick,0,0,3,1000,1000000,1000,0,0,0,0,1000000000,1000000000,1000000000,,,0,,,,,72000,44000,72000,72,6000000000000,,armed,1479000,blocked,72000,44000,72000,72,7000000000000,,armed,1480000,scheduled
1480000,1,2,827,2,1,tick,0,0,3,1000,1000000,1000,0,0,0,0,1000000000,1000000000,1000000000,,,1,72000,1000,0,1024,72000,44000,72000,72,7000000000000,,armed,1480000,scheduled,73000,44000,73000,73,0,,armed,1481000,blocked
1480536,0,6,263,1,0,ack,0,0,3,1000,1000000,1000,0,0,0,0,1000000000,1000000000,,88000,0,0,,,,,103000,87000,103000,103,0,,parked,,blocked,103000,88000,103000,103,0,,armed,1481000,blocked
1481000,1,1,1172,1,0,tick,1,0,3,1000,1000000,1000,0,0,0,0,1000000000,1000000000,,,,0,,,,,103000,88000,103000,103,0,,armed,1481000,blocked,103000,88000,103000,103,0,,parked,,blocked
1481000,1,2,828,2,1,tick,0,0,3,1000,1000000,1000,0,0,0,0,1000000000,1000000000,1000000000,,,0,,,,,73000,44000,73000,73,0,,armed,1481000,blocked,73000,44000,73000,73,1000000000000,,armed,1482000,blocked
1482000,1,2,832,2,1,tick,0,0,3,1000,1000000,1000,0,0,0,0,1000000000,1000000000,1000000000,,,0,,,,,73000,44000,73000,73,1000000000000,,armed,1482000,blocked,73000,44000,73000,73,2000000000000,,armed,1483000,blocked
1483000,1,2,833,2,1,tick,0,0,3,1000,1000000,1000,0,0,0,0,1000000000,1000000000,1000000000,,,0,,,,,73000,44000,73000,73,2000000000000,,armed,1483000,blocked,73000,44000,73000,73,3000000000000,,armed,1484000,blocked
1484000,1,2,834,2,1,tick,0,0,3,1000,1000000,1000,0,0,0,0,1000000000,1000000000,1000000000,,,0,,,,,73000,44000,73000,73,3000000000000,,armed,1484000,blocked,73000,44000,73000,73,4000000000000,,armed,1485000,blocked
1485000,1,2,835,2,1,tick,0,0,3,1000,1000000,1000,0,0,0,0,1000000000,1000000000,1000000000,,,0,,,,,73000,44000,73000,73,4000000000000,,armed,1485000,blocked,73000,44000,73000,73,5000000000000,,armed,1486000,blocked
1486000,1,2,836,2,1,tick,0,0,3,1000,1000000,1000,0,0,0,0,1000000000,1000000000,1000000000,,,0,,,,,73000,44000,73000,73,5000000000000,,armed,1486000,blocked,73000,44000,73000,73,6000000000000,,armed,1487000,blocked
1487000,1,2,837,2,1,tick,0,0,3,1000,1000000,1000,0,0,0,0,1000000000,1000000000,1000000000,,,0,,,,,73000,44000,73000,73,6000000000000,,armed,1487000,blocked,73000,44000,73000,73,7000000000000,,armed,1488000,scheduled
1488000,1,2,838,2,1,tick,0,0,3,1000,1000000,1000,0,0,0,0,1000000000,1000000000,1000000000,,,1,73000,1000,0,1038,73000,44000,73000,73,7000000000000,,armed,1488000,scheduled,74000,44000,74000,74,0,,armed,1489000,blocked
1489000,1,2,839,2,1,tick,0,0,3,1000,1000000,1000,0,0,0,0,1000000000,1000000000,1000000000,,,0,,,,,74000,44000,74000,74,0,,armed,1489000,blocked,74000,44000,74000,74,1000000000000,,armed,1490000,blocked
1489048,0,9,134,2,1,ack,0,0,3,1000,1000000,1000,0,0,0,0,1000000000,1000000000,,45000,0,0,,,,,74000,44000,74000,74,1000000000000,,armed,1490000,blocked,74000,45000,74000,74,1000000000000,,armed,1490000,blocked
1490000,1,2,843,2,1,tick,0,0,3,1000,1000000,1000,0,0,0,0,1000000000,1000000000,1000000000,,,0,,,,,74000,45000,74000,74,1000000000000,,armed,1490000,blocked,74000,45000,74000,74,2000000000000,,armed,1491000,blocked
1491000,1,2,844,2,1,tick,0,0,3,1000,1000000,1000,0,0,0,0,1000000000,1000000000,1000000000,,,0,,,,,74000,45000,74000,74,2000000000000,,armed,1491000,blocked,74000,45000,74000,74,3000000000000,,armed,1492000,blocked
1492000,1,2,845,2,1,tick,0,0,3,1000,1000000,1000,0,0,0,0,1000000000,1000000000,1000000000,,,0,,,,,74000,45000,74000,74,3000000000000,,armed,1492000,blocked,74000,45000,74000,74,4000000000000,,armed,1493000,blocked
1493000,1,2,846,2,1,tick,0,0,3,1000,1000000,1000,0,0,0,0,1000000000,1000000000,1000000000,,,0,,,,,74000,45000,74000,74,4000000000000,,armed,1493000,blocked,74000,45000,74000,74,5000000000000,,armed,1494000,blocked
1494000,1,2,847,2,1,tick,0,0,3,1000,1000000,1000,0,0,0,0,1000000000,1000000000,1000000000,,,0,,,,,74000,45000,74000,74,5000000000000,,armed,1494000,blocked,74000,45000,74000,74,6000000000000,,armed,1495000,blocked
1495000,1,2,848,2,1,tick,0,0,3,1000,1000000,1000,0,0,0,0,1000000000,1000000000,1000000000,,,0,,,,,74000,45000,74000,74,6000000000000,,armed,1495000,blocked,74000,45000,74000,74,7000000000000,,armed,1496000,scheduled
1496000,1,2,849,2,1,tick,0,0,3,1000,1000000,1000,0,0,0,0,1000000000,1000000000,1000000000,,,1,74000,1000,0,1052,74000,45000,74000,74,7000000000000,,armed,1496000,scheduled,75000,45000,75000,75,0,,armed,1497000,blocked
1496536,0,6,266,1,0,ack,0,0,3,1000,1000000,1000,0,0,0,0,1000000000,1000000000,,89000,0,0,,,,,103000,88000,103000,103,0,,parked,,blocked,103000,89000,103000,103,0,,armed,1497000,blocked
1497000,1,1,1173,1,0,tick,1,0,3,1000,1000000,1000,0,0,0,0,1000000000,1000000000,,,,0,,,,,103000,89000,103000,103,0,,armed,1497000,blocked,103000,89000,103000,103,0,,parked,,blocked
1497000,1,2,850,2,1,tick,0,0,3,1000,1000000,1000,0,0,0,0,1000000000,1000000000,1000000000,,,0,,,,,75000,45000,75000,75,0,,armed,1497000,blocked,75000,45000,75000,75,1000000000000,,armed,1498000,blocked
1498000,1,2,854,2,1,tick,0,0,3,1000,1000000,1000,0,0,0,0,1000000000,1000000000,1000000000,,,0,,,,,75000,45000,75000,75,1000000000000,,armed,1498000,blocked,75000,45000,75000,75,2000000000000,,armed,1499000,blocked
1499000,1,2,855,2,1,tick,0,0,3,1000,1000000,1000,0,0,0,0,1000000000,1000000000,1000000000,,,0,,,,,75000,45000,75000,75,2000000000000,,armed,1499000,blocked,75000,45000,75000,75,3000000000000,,armed,1500000,blocked
1500000,1,2,856,2,1,tick,0,0,3,1000,1000000,1000,0,0,0,0,1000000000,1000000000,1000000000,,,0,,,,,75000,45000,75000,75,3000000000000,,armed,1500000,blocked,75000,45000,75000,75,4000000000000,,armed,1501000,blocked
1501000,1,2,857,2,1,tick,0,0,3,1000,1000000,1000,0,0,0,0,1000000000,1000000000,1000000000,,,0,,,,,75000,45000,75000,75,4000000000000,,armed,1501000,blocked,75000,45000,75000,75,5000000000000,,armed,1502000,blocked
1502000,1,2,858,2,1,tick,0,0,3,1000,1000000,1000,0,0,0,0,1000000000,1000000000,1000000000,,,0,,,,,75000,45000,75000,75,5000000000000,,armed,1502000,blocked,75000,45000,75000,75,6000000000000,,armed,1503000,blocked
1503000,1,2,859,2,1,tick,0,0,3,1000,1000000,1000,0,0,0,0,1000000000,1000000000,1000000000,,,0,,,,,75000,45000,75000,75,6000000000000,,armed,1503000,blocked,75000,45000,75000,75,7000000000000,,armed,1504000,scheduled
1504000,1,2,860,2,1,tick,0,0,3,1000,1000000,1000,0,0,0,0,1000000000,1000000000,1000000000,,,1,75000,1000,0,1066,75000,45000,75000,75,7000000000000,,armed,1504000,scheduled,76000,45000,76000,76,0,,armed,1505000,blocked
1505000,1,2,861,2,1,tick,0,0,3,1000,1000000,1000,0,0,0,0,1000000000,1000000000,1000000000,,,0,,,,,76000,45000,76000,76,0,,armed,1505000,blocked,76000,45000,76000,76,1000000000000,,armed,1506000,blocked
1505048,0,9,137,2,1,ack,0,0,3,1000,1000000,1000,0,0,0,0,1000000000,1000000000,,46000,0,0,,,,,76000,45000,76000,76,1000000000000,,armed,1506000,blocked,76000,46000,76000,76,1000000000000,,armed,1506000,blocked
1506000,1,2,865,2,1,tick,0,0,3,1000,1000000,1000,0,0,0,0,1000000000,1000000000,1000000000,,,0,,,,,76000,46000,76000,76,1000000000000,,armed,1506000,blocked,76000,46000,76000,76,2000000000000,,armed,1507000,blocked
1507000,1,2,866,2,1,tick,0,0,3,1000,1000000,1000,0,0,0,0,1000000000,1000000000,1000000000,,,0,,,,,76000,46000,76000,76,2000000000000,,armed,1507000,blocked,76000,46000,76000,76,3000000000000,,armed,1508000,blocked
1508000,1,2,867,2,1,tick,0,0,3,1000,1000000,1000,0,0,0,0,1000000000,1000000000,1000000000,,,0,,,,,76000,46000,76000,76,3000000000000,,armed,1508000,blocked,76000,46000,76000,76,4000000000000,,armed,1509000,blocked
1509000,1,2,868,2,1,tick,0,0,3,1000,1000000,1000,0,0,0,0,1000000000,1000000000,1000000000,,,0,,,,,76000,46000,76000,76,4000000000000,,armed,1509000,blocked,76000,46000,76000,76,5000000000000,,armed,1510000,blocked
1510000,1,2,869,2,1,tick,0,0,3,1000,1000000,1000,0,0,0,0,1000000000,1000000000,1000000000,,,0,,,,,76000,46000,76000,76,5000000000000,,armed,1510000,blocked,76000,46000,76000,76,6000000000000,,armed,1511000,blocked
1511000,1,2,870,2,1,tick,0,0,3,1000,1000000,1000,0,0,0,0,1000000000,1000000000,1000000000,,,0,,,,,76000,46000,76000,76,6000000000000,,armed,1511000,blocked,76000,46000,76000,76,7000000000000,,armed,1512000,scheduled
1512000,1,2,871,2,1,tick,0,0,3,1000,1000000,1000,0,0,0,0,1000000000,1000000000,1000000000,,,1,76000,1000,0,1080,76000,46000,76000,76,7000000000000,,armed,1512000,scheduled,77000,46000,77000,77,0,,armed,1513000,blocked
1512536,0,6,269,1,0,ack,0,0,3,1000,1000000,1000,0,0,0,0,1000000000,1000000000,,90000,0,0,,,,,103000,89000,103000,103,0,,parked,,blocked,103000,90000,103000,103,0,,armed,1513000,blocked
1513000,1,1,1174,1,0,tick,1,0,3,1000,1000000,1000,0,0,0,0,1000000000,1000000000,,,,0,,,,,103000,90000,103000,103,0,,armed,1513000,blocked,103000,90000,103000,103,0,,parked,,blocked
1513000,1,2,872,2,1,tick,0,0,3,1000,1000000,1000,0,0,0,0,1000000000,1000000000,1000000000,,,0,,,,,77000,46000,77000,77,0,,armed,1513000,blocked,77000,46000,77000,77,1000000000000,,armed,1514000,blocked
1514000,1,2,876,2,1,tick,0,0,3,1000,1000000,1000,0,0,0,0,1000000000,1000000000,1000000000,,,0,,,,,77000,46000,77000,77,1000000000000,,armed,1514000,blocked,77000,46000,77000,77,2000000000000,,armed,1515000,blocked
1515000,1,2,877,2,1,tick,0,0,3,1000,1000000,1000,0,0,0,0,1000000000,1000000000,1000000000,,,0,,,,,77000,46000,77000,77,2000000000000,,armed,1515000,blocked,77000,46000,77000,77,3000000000000,,armed,1516000,blocked
1516000,1,2,878,2,1,tick,0,0,3,1000,1000000,1000,0,0,0,0,1000000000,1000000000,1000000000,,,0,,,,,77000,46000,77000,77,3000000000000,,armed,1516000,blocked,77000,46000,77000,77,4000000000000,,armed,1517000,blocked
1517000,1,2,879,2,1,tick,0,0,3,1000,1000000,1000,0,0,0,0,1000000000,1000000000,1000000000,,,0,,,,,77000,46000,77000,77,4000000000000,,armed,1517000,blocked,77000,46000,77000,77,5000000000000,,armed,1518000,blocked
1518000,1,2,880,2,1,tick,0,0,3,1000,1000000,1000,0,0,0,0,1000000000,1000000000,1000000000,,,0,,,,,77000,46000,77000,77,5000000000000,,armed,1518000,blocked,77000,46000,77000,77,6000000000000,,armed,1519000,blocked
1519000,1,2,881,2,1,tick,0,0,3,1000,1000000,1000,0,0,0,0,1000000000,1000000000,1000000000,,,0,,,,,77000,46000,77000,77,6000000000000,,armed,1519000,blocked,77000,46000,77000,77,7000000000000,,armed,1520000,scheduled
1520000,1,2,882,2,1,tick,0,0,3,1000,1000000,1000,0,0,0,0,1000000000,1000000000,1000000000,,,1,77000,1000,0,1094,77000,46000,77000,77,7000000000000,,armed,1520000,scheduled,78000,46000,78000,78,0,,armed,1521000,blocked
1521000,1,2,883,2,1,tick,0,0,3,1000,1000000,1000,0,0,0,0,1000000000,1000000000,1000000000,,,0,,,,,78000,46000,78000,78,0,,armed,1521000,blocked,78000,46000,78000,78,1000000000000,,armed,1522000,blocked
1521048,0,9,140,2,1,ack,0,0,3,1000,1000000,1000,0,0,0,0,1000000000,1000000000,,47000,0,0,,,,,78000,46000,78000,78,1000000000000,,armed,1522000,blocked,78000,47000,78000,78,1000000000000,,armed,1522000,blocked
1522000,1,2,887,2,1,tick,0,0,3,1000,1000000,1000,0,0,0,0,1000000000,1000000000,1000000000,,,0,,,,,78000,47000,78000,78,1000000000000,,armed,1522000,blocked,78000,47000,78000,78,2000000000000,,armed,1523000,blocked
1523000,1,2,888,2,1,tick,0,0,3,1000,1000000,1000,0,0,0,0,1000000000,1000000000,1000000000,,,0,,,,,78000,47000,78000,78,2000000000000,,armed,1523000,blocked,78000,47000,78000,78,3000000000000,,armed,1524000,blocked
1524000,1,2,889,2,1,tick,0,0,3,1000,1000000,1000,0,0,0,0,1000000000,1000000000,1000000000,,,0,,,,,78000,47000,78000,78,3000000000000,,armed,1524000,blocked,78000,47000,78000,78,4000000000000,,armed,1525000,blocked
1525000,1,2,890,2,1,tick,0,0,3,1000,1000000,1000,0,0,0,0,1000000000,1000000000,1000000000,,,0,,,,,78000,47000,78000,78,4000000000000,,armed,1525000,blocked,78000,47000,78000,78,5000000000000,,armed,1526000,blocked
1526000,1,2,891,2,1,tick,0,0,3,1000,1000000,1000,0,0,0,0,1000000000,1000000000,1000000000,,,0,,,,,78000,47000,78000,78,5000000000000,,armed,1526000,blocked,78000,47000,78000,78,6000000000000,,armed,1527000,blocked
1527000,1,2,892,2,1,tick,0,0,3,1000,1000000,1000,0,0,0,0,1000000000,1000000000,1000000000,,,0,,,,,78000,47000,78000,78,6000000000000,,armed,1527000,blocked,78000,47000,78000,78,7000000000000,,armed,1528000,scheduled
1528000,1,2,893,2,1,tick,0,0,3,1000,1000000,1000,0,0,0,0,1000000000,1000000000,1000000000,,,1,78000,1000,0,1108,78000,47000,78000,78,7000000000000,,armed,1528000,scheduled,79000,47000,79000,79,0,,armed,1529000,blocked
1528536,0,6,272,1,0,ack,0,0,3,1000,1000000,1000,0,0,0,0,1000000000,1000000000,,91000,0,0,,,,,103000,90000,103000,103,0,,parked,,blocked,103000,91000,103000,103,0,,armed,1529000,blocked
1529000,1,1,1175,1,0,tick,1,0,3,1000,1000000,1000,0,0,0,0,1000000000,1000000000,,,,0,,,,,103000,91000,103000,103,0,,armed,1529000,blocked,103000,91000,103000,103,0,,parked,,blocked
1529000,1,2,894,2,1,tick,0,0,3,1000,1000000,1000,0,0,0,0,1000000000,1000000000,1000000000,,,0,,,,,79000,47000,79000,79,0,,armed,1529000,blocked,79000,47000,79000,79,1000000000000,,armed,1530000,blocked
1530000,1,2,898,2,1,tick,0,0,3,1000,1000000,1000,0,0,0,0,1000000000,1000000000,1000000000,,,0,,,,,79000,47000,79000,79,1000000000000,,armed,1530000,blocked,79000,47000,79000,79,2000000000000,,armed,1531000,blocked
1531000,1,2,899,2,1,tick,0,0,3,1000,1000000,1000,0,0,0,0,1000000000,1000000000,1000000000,,,0,,,,,79000,47000,79000,79,2000000000000,,armed,1531000,blocked,79000,47000,79000,79,3000000000000,,armed,1532000,blocked
1532000,1,2,900,2,1,tick,0,0,3,1000,1000000,1000,0,0,0,0,1000000000,1000000000,1000000000,,,0,,,,,79000,47000,79000,79,3000000000000,,armed,1532000,blocked,79000,47000,79000,79,4000000000000,,armed,1533000,blocked
1533000,1,2,901,2,1,tick,0,0,3,1000,1000000,1000,0,0,0,0,1000000000,1000000000,1000000000,,,0,,,,,79000,47000,79000,79,4000000000000,,armed,1533000,blocked,79000,47000,79000,79,5000000000000,,armed,1534000,blocked
1534000,1,2,902,2,1,tick,0,0,3,1000,1000000,1000,0,0,0,0,1000000000,1000000000,1000000000,,,0,,,,,79000,47000,79000,79,5000000000000,,armed,1534000,blocked,79000,47000,79000,79,6000000000000,,armed,1535000,blocked
1535000,1,2,903,2,1,tick,0,0,3,1000,1000000,1000,0,0,0,0,1000000000,1000000000,1000000000,,,0,,,,,79000,47000,79000,79,6000000000000,,armed,1535000,blocked,79000,47000,79000,79,7000000000000,,armed,1536000,scheduled
1536000,1,2,904,2,1,tick,0,0,3,1000,1000000,1000,0,0,0,0,1000000000,1000000000,1000000000,,,1,79000,1000,0,1122,79000,47000,79000,79,7000000000000,,armed,1536000,scheduled,80000,47000,80000,80,0,,armed,1537000,blocked
1537000,1,2,905,2,1,tick,0,0,3,1000,1000000,1000,0,0,0,0,1000000000,1000000000,1000000000,,,0,,,,,80000,47000,80000,80,0,,armed,1537000,blocked,80000,47000,80000,80,1000000000000,,armed,1538000,blocked
1537048,0,9,143,2,1,ack,0,0,3,1000,1000000,1000,0,0,0,0,1000000000,1000000000,,48000,0,0,,,,,80000,47000,80000,80,1000000000000,,armed,1538000,blocked,80000,48000,80000,80,1000000000000,,armed,1538000,blocked
1538000,1,2,909,2,1,tick,0,0,3,1000,1000000,1000,0,0,0,0,1000000000,1000000000,1000000000,,,0,,,,,80000,48000,80000,80,1000000000000,,armed,1538000,blocked,80000,48000,80000,80,2000000000000,,armed,1539000,blocked
1539000,1,2,910,2,1,tick,0,0,3,1000,1000000,1000,0,0,0,0,1000000000,1000000000,1000000000,,,0,,,,,80000,48000,80000,80,2000000000000,,armed,1539000,blocked,80000,48000,80000,80,3000000000000,,armed,1540000,blocked
1540000,1,2,911,2,1,tick,0,0,3,1000,1000000,1000,0,0,0,0,1000000000,1000000000,1000000000,,,0,,,,,80000,48000,80000,80,3000000000000,,armed,1540000,blocked,80000,48000,80000,80,4000000000000,,armed,1541000,blocked
1541000,1,2,912,2,1,tick,0,0,3,1000,1000000,1000,0,0,0,0,1000000000,1000000000,1000000000,,,0,,,,,80000,48000,80000,80,4000000000000,,armed,1541000,blocked,80000,48000,80000,80,5000000000000,,armed,1542000,blocked
1542000,1,2,913,2,1,tick,0,0,3,1000,1000000,1000,0,0,0,0,1000000000,1000000000,1000000000,,,0,,,,,80000,48000,80000,80,5000000000000,,armed,1542000,blocked,80000,48000,80000,80,6000000000000,,armed,1543000,blocked
1543000,1,2,914,2,1,tick,0,0,3,1000,1000000,1000,0,0,0,0,1000000000,1000000000,1000000000,,,0,,,,,80000,48000,80000,80,6000000000000,,armed,1543000,blocked,80000,48000,80000,80,7000000000000,,armed,1544000,scheduled
1543512,0,7,590,1,0,resume,0,0,3,1000,1000000,1000,0,0,0,0,1000000000,1000000000,,,,0,,,,,103000,91000,103000,103,0,,parked,,blocked,103000,91000,103000,103,0,,armed,1544000,blocked
1544000,1,1,1176,1,0,tick,0,0,3,1000,1000000,1000,0,0,0,0,1000000000,1000000000,1000000000,,,0,,,,,103000,91000,103000,103,0,,armed,1544000,blocked,103000,91000,103000,103,1000000000000,,armed,1545000,blocked
1544000,1,2,915,2,1,tick,0,0,3,1000,1000000,1000,0,0,0,0,1000000000,1000000000,1000000000,,,1,80000,1000,0,1136,80000,48000,80000,80,7000000000000,,armed,1544000,scheduled,81000,48000,81000,81,0,,armed,1545000,blocked
1544536,0,6,275,1,0,ack,0,0,3,1000,1000000,1000,0,0,0,0,1000000000,1000000000,,92000,0,0,,,,,103000,91000,103000,103,1000000000000,,armed,1545000,blocked,103000,92000,103000,103,1000000000000,,armed,1545000,blocked
1545000,1,1,1177,1,0,tick,0,0,3,1000,1000000,1000,0,0,0,0,1000000000,1000000000,1000000000,,,0,,,,,103000,92000,103000,103,1000000000000,,armed,1545000,blocked,103000,92000,103000,103,2000000000000,,armed,1546000,blocked
1545000,1,2,916,2,1,tick,0,0,3,1000,1000000,1000,0,0,0,0,1000000000,1000000000,1000000000,,,0,,,,,81000,48000,81000,81,0,,armed,1545000,blocked,81000,48000,81000,81,1000000000000,,armed,1546000,blocked
1546000,1,1,1178,1,0,tick,0,0,3,1000,1000000,1000,0,0,0,0,1000000000,1000000000,1000000000,,,0,,,,,103000,92000,103000,103,2000000000000,,armed,1546000,blocked,103000,92000,103000,103,3000000000000,,armed,1547000,blocked
1546000,1,2,920,2,1,tick,0,0,3,1000,1000000,1000,0,0,0,0,1000000000,1000000000,1000000000,,,0,,,,,81000,48000,81000,81,1000000000000,,armed,1546000,blocked,81000,48000,81000,81,2000000000000,,armed,1547000,blocked
1547000,1,1,1179,1,0,tick,0,0,3,1000,1000000,1000,0,0,0,0,1000000000,1000000000,1000000000,,,0,,,,,103000,92000,103000,103,3000000000000,,armed,1547000,blocked,103000,92000,103000,103,4000000000000,,armed,1548000,blocked
1547000,1,2,921,2,1,tick,0,0,3,1000,1000000,1000,0,0,0,0,1000000000,1000000000,1000000000,,,0,,,,,81000,48000,81000,81,2000000000000,,armed,1547000,blocked,81000,48000,81000,81,3000000000000,,armed,1548000,blocked
1548000,1,1,1180,1,0,tick,0,0,3,1000,1000000,1000,0,0,0,0,1000000000,1000000000,1000000000,,,0,,,,,103000,92000,103000,103,4000000000000,,armed,1548000,blocked,103000,92000,103000,103,5000000000000,,armed,1549000,blocked
1548000,1,2,922,2,1,tick,0,0,3,1000,1000000,1000,0,0,0,0,1000000000,1000000000,1000000000,,,0,,,,,81000,48000,81000,81,3000000000000,,armed,1548000,blocked,81000,48000,81000,81,4000000000000,,armed,1549000,blocked
1549000,1,1,1181,1,0,tick,0,0,3,1000,1000000,1000,0,0,0,0,1000000000,1000000000,1000000000,,,0,,,,,103000,92000,103000,103,5000000000000,,armed,1549000,blocked,103000,92000,103000,103,6000000000000,,armed,1550000,blocked
1549000,1,2,923,2,1,tick,0,0,3,1000,1000000,1000,0,0,0,0,1000000000,1000000000,1000000000,,,0,,,,,81000,48000,81000,81,4000000000000,,armed,1549000,blocked,81000,48000,81000,81,5000000000000,,armed,1550000,blocked
1550000,1,1,1182,1,0,tick,0,0,3,1000,1000000,1000,0,0,0,0,1000000000,1000000000,1000000000,,,0,,,,,103000,92000,103000,103,6000000000000,,armed,1550000,blocked,103000,92000,103000,103,7000000000000,,armed,1551000,scheduled
1550000,1,2,924,2,1,tick,0,0,3,1000,1000000,1000,0,0,0,0,1000000000,1000000000,1000000000,,,0,,,,,81000,48000,81000,81,5000000000000,,armed,1550000,blocked,81000,48000,81000,81,6000000000000,,armed,1551000,blocked
1551000,1,1,1183,1,0,tick,0,0,3,1000,1000000,1000,0,0,0,0,1000000000,1000000000,1000000000,,,1,103000,1000,0,1457,103000,92000,103000,103,7000000000000,,armed,1551000,scheduled,104000,92000,104000,104,0,,armed,1552000,blocked
1551000,1,2,925,2,1,tick,0,0,3,1000,1000000,1000,0,0,0,0,1000000000,1000000000,1000000000,,,0,,,,,81000,48000,81000,81,6000000000000,,armed,1551000,blocked,81000,48000,81000,81,7000000000000,,armed,1552000,scheduled
1552000,1,1,1184,1,0,tick,0,0,3,1000,1000000,1000,0,0,0,0,1000000000,1000000000,1000000000,,,0,,,,,104000,92000,104000,104,0,,armed,1552000,blocked,104000,92000,104000,104,1000000000000,,armed,1553000,blocked
1552000,1,2,926,2,1,tick,0,0,3,1000,1000000,1000,0,0,0,0,1000000000,1000000000,1000000000,,,1,81000,1000,0,1150,81000,48000,81000,81,7000000000000,,armed,1552000,scheduled,82000,48000,82000,82,0,,armed,1553000,blocked
1553000,1,1,1188,1,0,tick,0,0,3,1000,1000000,1000,0,0,0,0,1000000000,1000000000,1000000000,,,0,,,,,104000,92000,104000,104,1000000000000,,armed,1553000,blocked,104000,92000,104000,104,2000000000000,,armed,1554000,blocked
1553000,1,2,927,2,1,tick,1,0,3,1000,1000000,1000,0,0,0,0,1000000000,1000000000,,,,0,,,,,82000,48000,82000,82,0,,armed,1553000,blocked,82000,48000,82000,82,0,,parked,,blocked
1553048,0,9,146,2,1,ack,0,0,3,1000,1000000,1000,0,0,0,0,1000000000,1000000000,,49000,0,0,,,,,82000,48000,82000,82,0,,parked,,blocked,82000,49000,82000,82,0,,armed,1554000,blocked
1554000,1,1,1189,1,0,tick,0,0,3,1000,1000000,1000,0,0,0,0,1000000000,1000000000,1000000000,,,0,,,,,104000,92000,104000,104,2000000000000,,armed,1554000,blocked,104000,92000,104000,104,3000000000000,,armed,1555000,blocked
1554000,1,2,931,2,1,tick,1,0,3,1000,1000000,1000,0,0,0,0,1000000000,1000000000,,,,0,,,,,82000,49000,82000,82,0,,armed,1554000,blocked,82000,49000,82000,82,0,,parked,,blocked
1555000,1,1,1190,1,0,tick,0,0,3,1000,1000000,1000,0,0,0,0,1000000000,1000000000,1000000000,,,0,,,,,104000,92000,104000,104,3000000000000,,armed,1555000,blocked,104000,92000,104000,104,4000000000000,,armed,1556000,blocked
1556000,1,1,1191,1,0,tick,0,0,3,1000,1000000,1000,0,0,0,0,1000000000,1000000000,1000000000,,,0,,,,,104000,92000,104000,104,4000000000000,,armed,1556000,blocked,104000,92000,104000,104,5000000000000,,armed,1557000,blocked
1557000,1,1,1192,1,0,tick,0,0,3,1000,1000000,1000,0,0,0,0,1000000000,1000000000,1000000000,,,0,,,,,104000,92000,104000,104,5000000000000,,armed,1557000,blocked,104000,92000,104000,104,6000000000000,,armed,1558000,blocked
1558000,1,1,1193,1,0,tick,0,0,3,1000,1000000,1000,0,0,0,0,1000000000,1000000000,1000000000,,,0,,,,,104000,92000,104000,104,6000000000000,,armed,1558000,blocked,104000,92000,104000,104,7000000000000,,armed,1559000,scheduled
1559000,1,1,1194,1,0,tick,0,0,3,1000,1000000,1000,0,0,0,0,1000000000,1000000000,1000000000,,,1,104000,1000,0,1471,104000,92000,104000,104,7000000000000,,armed,1559000,scheduled,105000,92000,105000,105,0,,armed,1560000,blocked
1560000,1,1,1195,1,0,tick,0,0,3,1000,1000000,1000,0,0,0,0,1000000000,1000000000,1000000000,,,0,,,,,105000,92000,105000,105,0,,armed,1560000,blocked,105000,92000,105000,105,1000000000000,,armed,1561000,blocked
1560536,0,6,278,1,0,ack,0,0,3,1000,1000000,1000,0,0,0,0,1000000000,1000000000,,93000,0,0,,,,,105000,92000,105000,105,1000000000000,,armed,1561000,blocked,105000,93000,105000,105,1000000000000,,armed,1561000,blocked
1561000,1,1,1199,1,0,tick,0,0,3,1000,1000000,1000,0,0,0,0,1000000000,1000000000,1000000000,,,0,,,,,105000,93000,105000,105,1000000000000,,armed,1561000,blocked,105000,93000,105000,105,2000000000000,,armed,1562000,blocked
1562000,1,1,1200,1,0,tick,0,0,3,1000,1000000,1000,0,0,0,0,1000000000,1000000000,1000000000,,,0,,,,,105000,93000,105000,105,2000000000000,,armed,1562000,blocked,105000,93000,105000,105,3000000000000,,armed,1563000,blocked
1563000,1,1,1201,1,0,tick,0,0,3,1000,1000000,1000,0,0,0,0,1000000000,1000000000,1000000000,,,0,,,,,105000,93000,105000,105,3000000000000,,armed,1563000,blocked,105000,93000,105000,105,4000000000000,,armed,1564000,blocked
1564000,1,1,1202,1,0,tick,0,0,3,1000,1000000,1000,0,0,0,0,1000000000,1000000000,1000000000,,,0,,,,,105000,93000,105000,105,4000000000000,,armed,1564000,blocked,105000,93000,105000,105,5000000000000,,armed,1565000,blocked
1565000,1,1,1203,1,0,tick,0,0,3,1000,1000000,1000,0,0,0,0,1000000000,1000000000,1000000000,,,0,,,,,105000,93000,105000,105,5000000000000,,armed,1565000,blocked,105000,93000,105000,105,6000000000000,,armed,1566000,blocked
1566000,1,1,1204,1,0,tick,0,0,3,1000,1000000,1000,0,0,0,0,1000000000,1000000000,1000000000,,,0,,,,,105000,93000,105000,105,6000000000000,,armed,1566000,blocked,105000,93000,105000,105,7000000000000,,armed,1567000,scheduled
1567000,1,1,1205,1,0,tick,0,0,3,1000,1000000,1000,0,0,0,0,1000000000,1000000000,1000000000,,,1,105000,1000,0,1485,105000,93000,105000,105,7000000000000,,armed,1567000,scheduled,106000,93000,106000,106,0,,armed,1568000,blocked
1568000,1,1,1206,1,0,tick,0,0,3,1000,1000000,1000,0,0,0,0,1000000000,1000000000,1000000000,,,0,,,,,106000,93000,106000,106,0,,armed,1568000,blocked,106000,93000,106000,106,1000000000000,,armed,1569000,blocked
1568536,0,6,281,1,0,ack,0,0,3,1000,1000000,1000,0,0,0,0,1000000000,1000000000,,94000,0,0,,,,,106000,93000,106000,106,1000000000000,,armed,1569000,blocked,106000,94000,106000,106,1000000000000,,armed,1569000,blocked
1569000,1,1,1210,1,0,tick,0,0,3,1000,1000000,1000,0,0,0,0,1000000000,1000000000,1000000000,,,0,,,,,106000,94000,106000,106,1000000000000,,armed,1569000,blocked,106000,94000,106000,106,2000000000000,,armed,1570000,blocked
1570000,1,1,1211,1,0,tick,0,0,3,1000,1000000,1000,0,0,0,0,1000000000,1000000000,1000000000,,,0,,,,,106000,94000,106000,106,2000000000000,,armed,1570000,blocked,106000,94000,106000,106,3000000000000,,armed,1571000,blocked
1571000,1,1,1212,1,0,tick,0,0,3,1000,1000000,1000,0,0,0,0,1000000000,1000000000,1000000000,,,0,,,,,106000,94000,106000,106,3000000000000,,armed,1571000,blocked,106000,94000,106000,106,4000000000000,,armed,1572000,blocked
1572000,1,1,1213,1,0,tick,0,0,3,1000,1000000,1000,0,0,0,0,1000000000,1000000000,1000000000,,,0,,,,,106000,94000,106000,106,4000000000000,,armed,1572000,blocked,106000,94000,106000,106,5000000000000,,armed,1573000,blocked
1573000,1,1,1214,1,0,tick,0,0,3,1000,1000000,1000,0,0,0,0,1000000000,1000000000,1000000000,,,0,,,,,106000,94000,106000,106,5000000000000,,armed,1573000,blocked,106000,94000,106000,106,6000000000000,,armed,1574000,blocked
1574000,1,1,1215,1,0,tick,0,0,3,1000,1000000,1000,0,0,0,0,1000000000,1000000000,1000000000,,,0,,,,,106000,94000,106000,106,6000000000000,,armed,1574000,blocked,106000,94000,106000,106,7000000000000,,armed,1575000,scheduled
1575000,1,1,1216,1,0,tick,0,0,3,1000,1000000,1000,0,0,0,0,1000000000,1000000000,1000000000,,,1,106000,1000,0,1499,106000,94000,106000,106,7000000000000,,armed,1575000,scheduled,107000,94000,107000,107,0,,armed,1576000,blocked
1576000,1,1,1217,1,0,tick,0,0,3,1000,1000000,1000,0,0,0,0,1000000000,1000000000,1000000000,,,0,,,,,107000,94000,107000,107,0,,armed,1576000,blocked,107000,94000,107000,107,1000000000000,,armed,1577000,blocked
1576536,0,6,284,1,0,ack,0,0,3,1000,1000000,1000,0,0,0,0,1000000000,1000000000,,95000,0,0,,,,,107000,94000,107000,107,1000000000000,,armed,1577000,blocked,107000,95000,107000,107,1000000000000,,armed,1577000,blocked
1577000,1,1,1221,1,0,tick,0,0,3,1000,1000000,1000,0,0,0,0,1000000000,1000000000,1000000000,,,0,,,,,107000,95000,107000,107,1000000000000,,armed,1577000,blocked,107000,95000,107000,107,2000000000000,,armed,1578000,blocked
1578000,1,1,1222,1,0,tick,0,0,3,1000,1000000,1000,0,0,0,0,1000000000,1000000000,1000000000,,,0,,,,,107000,95000,107000,107,2000000000000,,armed,1578000,blocked,107000,95000,107000,107,3000000000000,,armed,1579000,blocked
1579000,1,1,1223,1,0,tick,0,0,3,1000,1000000,1000,0,0,0,0,1000000000,1000000000,1000000000,,,0,,,,,107000,95000,107000,107,3000000000000,,armed,1579000,blocked,107000,95000,107000,107,4000000000000,,armed,1580000,blocked
1580000,1,1,1224,1,0,tick,0,0,3,1000,1000000,1000,0,0,0,0,1000000000,1000000000,1000000000,,,0,,,,,107000,95000,107000,107,4000000000000,,armed,1580000,blocked,107000,95000,107000,107,5000000000000,,armed,1581000,blocked
1581000,1,1,1225,1,0,tick,0,0,3,1000,1000000,1000,0,0,0,0,1000000000,1000000000,1000000000,,,0,,,,,107000,95000,107000,107,5000000000000,,armed,1581000,blocked,107000,95000,107000,107,6000000000000,,armed,1582000,blocked
1582000,1,1,1226,1,0,tick,0,0,3,1000,1000000,1000,0,0,0,0,1000000000,1000000000,1000000000,,,0,,,,,107000,95000,107000,107,6000000000000,,armed,1582000,blocked,107000,95000,107000,107,7000000000000,,armed,1583000,scheduled
1583000,1,1,1227,1,0,tick,0,0,3,1000,1000000,1000,0,0,0,0,1000000000,1000000000,1000000000,,,1,107000,1000,0,1513,107000,95000,107000,107,7000000000000,,armed,1583000,scheduled,108000,95000,108000,108,0,,armed,1584000,blocked
1584000,1,1,1228,1,0,tick,0,0,3,1000,1000000,1000,0,0,0,0,1000000000,1000000000,1000000000,,,0,,,,,108000,95000,108000,108,0,,armed,1584000,blocked,108000,95000,108000,108,1000000000000,,armed,1585000,blocked
1584536,0,6,287,1,0,ack,0,0,3,1000,1000000,1000,0,0,0,0,1000000000,1000000000,,96000,0,0,,,,,108000,95000,108000,108,1000000000000,,armed,1585000,blocked,108000,96000,108000,108,1000000000000,,armed,1585000,blocked
1585000,1,1,1232,1,0,tick,0,0,3,1000,1000000,1000,0,0,0,0,1000000000,1000000000,1000000000,,,0,,,,,108000,96000,108000,108,1000000000000,,armed,1585000,blocked,108000,96000,108000,108,2000000000000,,armed,1586000,blocked
1586000,1,1,1233,1,0,tick,0,0,3,1000,1000000,1000,0,0,0,0,1000000000,1000000000,1000000000,,,0,,,,,108000,96000,108000,108,2000000000000,,armed,1586000,blocked,108000,96000,108000,108,3000000000000,,armed,1587000,blocked
1587000,1,1,1234,1,0,tick,0,0,3,1000,1000000,1000,0,0,0,0,1000000000,1000000000,1000000000,,,0,,,,,108000,96000,108000,108,3000000000000,,armed,1587000,blocked,108000,96000,108000,108,4000000000000,,armed,1588000,blocked
1588000,1,1,1235,1,0,tick,0,0,3,1000,1000000,1000,0,0,0,0,1000000000,1000000000,1000000000,,,0,,,,,108000,96000,108000,108,4000000000000,,armed,1588000,blocked,108000,96000,108000,108,5000000000000,,armed,1589000,blocked
1589000,1,1,1236,1,0,tick,0,0,3,1000,1000000,1000,0,0,0,0,1000000000,1000000000,1000000000,,,0,,,,,108000,96000,108000,108,5000000000000,,armed,1589000,blocked,108000,96000,108000,108,6000000000000,,armed,1590000,blocked
1590000,1,1,1237,1,0,tick,0,0,3,1000,1000000,1000,0,0,0,0,1000000000,1000000000,1000000000,,,0,,,,,108000,96000,108000,108,6000000000000,,armed,1590000,blocked,108000,96000,108000,108,7000000000000,,armed,1591000,scheduled
1591000,1,1,1238,1,0,tick,0,0,3,1000,1000000,1000,0,0,0,0,1000000000,1000000000,1000000000,,,1,108000,1000,0,1527,108000,96000,108000,108,7000000000000,,armed,1591000,scheduled,109000,96000,109000,109,0,,armed,1592000,blocked
1592000,1,1,1239,1,0,tick,0,0,3,1000,1000000,1000,0,0,0,0,1000000000,1000000000,1000000000,,,0,,,,,109000,96000,109000,109,0,,armed,1592000,blocked,109000,96000,109000,109,1000000000000,,armed,1593000,blocked
1592536,0,6,290,1,0,ack,0,0,3,1000,1000000,1000,0,0,0,0,1000000000,1000000000,,97000,0,0,,,,,109000,96000,109000,109,1000000000000,,armed,1593000,blocked,109000,97000,109000,109,1000000000000,,armed,1593000,blocked
1593000,1,1,1243,1,0,tick,0,0,3,1000,1000000,1000,0,0,0,0,1000000000,1000000000,1000000000,,,0,,,,,109000,97000,109000,109,1000000000000,,armed,1593000,blocked,109000,97000,109000,109,2000000000000,,armed,1594000,blocked
1594000,1,1,1244,1,0,tick,0,0,3,1000,1000000,1000,0,0,0,0,1000000000,1000000000,1000000000,,,0,,,,,109000,97000,109000,109,2000000000000,,armed,1594000,blocked,109000,97000,109000,109,3000000000000,,armed,1595000,blocked
1595000,1,1,1245,1,0,tick,0,0,3,1000,1000000,1000,0,0,0,0,1000000000,1000000000,1000000000,,,0,,,,,109000,97000,109000,109,3000000000000,,armed,1595000,blocked,109000,97000,109000,109,4000000000000,,armed,1596000,blocked
1596000,1,1,1246,1,0,tick,0,0,3,1000,1000000,1000,0,0,0,0,1000000000,1000000000,1000000000,,,0,,,,,109000,97000,109000,109,4000000000000,,armed,1596000,blocked,109000,97000,109000,109,5000000000000,,armed,1597000,blocked
1597000,1,1,1247,1,0,tick,0,0,3,1000,1000000,1000,0,0,0,0,1000000000,1000000000,1000000000,,,0,,,,,109000,97000,109000,109,5000000000000,,armed,1597000,blocked,109000,97000,109000,109,6000000000000,,armed,1598000,blocked
1598000,1,1,1248,1,0,tick,0,0,3,1000,1000000,1000,0,0,0,0,1000000000,1000000000,1000000000,,,0,,,,,109000,97000,109000,109,6000000000000,,armed,1598000,blocked,109000,97000,109000,109,7000000000000,,armed,1599000,scheduled
1599000,1,1,1249,1,0,tick,0,0,3,1000,1000000,1000,0,0,0,0,1000000000,1000000000,1000000000,,,1,109000,1000,0,1541,109000,97000,109000,109,7000000000000,,armed,1599000,scheduled,110000,97000,110000,110,0,,armed,1600000,blocked
1600000,1,1,1250,1,0,tick,0,0,3,1000,1000000,1000,0,0,0,0,1000000000,1000000000,1000000000,,,0,,,,,110000,97000,110000,110,0,,armed,1600000,blocked,110000,97000,110000,110,1000000000000,,armed,1601000,blocked
1600536,0,6,293,1,0,ack,0,0,3,1000,1000000,1000,0,0,0,0,1000000000,1000000000,,98000,0,0,,,,,110000,97000,110000,110,1000000000000,,armed,1601000,blocked,110000,98000,110000,110,1000000000000,,armed,1601000,blocked
1601000,1,1,1254,1,0,tick,0,0,3,1000,1000000,1000,0,0,0,0,1000000000,1000000000,1000000000,,,0,,,,,110000,98000,110000,110,1000000000000,,armed,1601000,blocked,110000,98000,110000,110,2000000000000,,armed,1602000,blocked
1602000,1,1,1255,1,0,tick,0,0,3,1000,1000000,1000,0,0,0,0,1000000000,1000000000,1000000000,,,0,,,,,110000,98000,110000,110,2000000000000,,armed,1602000,blocked,110000,98000,110000,110,3000000000000,,armed,1603000,blocked
1603000,1,1,1256,1,0,tick,0,0,3,1000,1000000,1000,0,0,0,0,1000000000,1000000000,1000000000,,,0,,,,,110000,98000,110000,110,3000000000000,,armed,1603000,blocked,110000,98000,110000,110,4000000000000,,armed,1604000,blocked
1604000,1,1,1257,1,0,tick,0,0,3,1000,1000000,1000,0,0,0,0,1000000000,1000000000,1000000000,,,0,,,,,110000,98000,110000,110,4000000000000,,armed,1604000,blocked,110000,98000,110000,110,5000000000000,,armed,1605000,blocked
1605000,1,1,1258,1,0,tick,0,0,3,1000,1000000,1000,0,0,0,0,1000000000,1000000000,1000000000,,,0,,,,,110000,98000,110000,110,5000000000000,,armed,1605000,blocked,110000,98000,110000,110,6000000000000,,armed,1606000,blocked
1606000,1,1,1259,1,0,tick,0,0,3,1000,1000000,1000,0,0,0,0,1000000000,1000000000,1000000000,,,0,,,,,110000,98000,110000,110,6000000000000,,armed,1606000,blocked,110000,98000,110000,110,7000000000000,,armed,1607000,scheduled
1607000,1,1,1260,1,0,tick,0,0,3,1000,1000000,1000,0,0,0,0,1000000000,1000000000,1000000000,,,1,110000,1000,0,1555,110000,98000,110000,110,7000000000000,,armed,1607000,scheduled,111000,98000,111000,111,0,,armed,1608000,blocked
1608000,1,1,1261,1,0,tick,0,0,3,1000,1000000,1000,0,0,0,0,1000000000,1000000000,1000000000,,,0,,,,,111000,98000,111000,111,0,,armed,1608000,blocked,111000,98000,111000,111,1000000000000,,armed,1609000,blocked
1608536,0,6,296,1,0,ack,0,0,3,1000,1000000,1000,0,0,0,0,1000000000,1000000000,,99000,0,0,,,,,111000,98000,111000,111,1000000000000,,armed,1609000,blocked,111000,99000,111000,111,1000000000000,,armed,1609000,blocked
1609000,1,1,1265,1,0,tick,0,0,3,1000,1000000,1000,0,0,0,0,1000000000,1000000000,1000000000,,,0,,,,,111000,99000,111000,111,1000000000000,,armed,1609000,blocked,111000,99000,111000,111,2000000000000,,armed,1610000,blocked
1610000,1,1,1266,1,0,tick,0,0,3,1000,1000000,1000,0,0,0,0,1000000000,1000000000,1000000000,,,0,,,,,111000,99000,111000,111,2000000000000,,armed,1610000,blocked,111000,99000,111000,111,3000000000000,,armed,1611000,blocked
1611000,1,1,1267,1,0,tick,0,0,3,1000,1000000,1000,0,0,0,0,1000000000,1000000000,1000000000,,,0,,,,,111000,99000,111000,111,3000000000000,,armed,1611000,blocked,111000,99000,111000,111,4000000000000,,armed,1612000,blocked
1612000,1,1,1268,1,0,tick,0,0,3,1000,1000000,1000,0,0,0,0,1000000000,1000000000,1000000000,,,0,,,,,111000,99000,111000,111,4000000000000,,armed,1612000,blocked,111000,99000,111000,111,5000000000000,,armed,1613000,blocked
1613000,1,1,1269,1,0,tick,0,0,3,1000,1000000,1000,0,0,0,0,1000000000,1000000000,1000000000,,,0,,,,,111000,99000,111000,111,5000000000000,,armed,1613000,blocked,111000,99000,111000,111,6000000000000,,armed,1614000,blocked
1614000,1,1,1270,1,0,tick,0,0,3,1000,1000000,1000,0,0,0,0,1000000000,1000000000,1000000000,,,0,,,,,111000,99000,111000,111,6000000000000,,armed,1614000,blocked,111000,99000,111000,111,7000000000000,,armed,1615000,scheduled
1615000,1,1,1271,1,0,tick,0,0,3,1000,1000000,1000,0,0,0,0,1000000000,1000000000,1000000000,,,1,111000,1000,0,1569,111000,99000,111000,111,7000000000000,,armed,1615000,scheduled,112000,99000,112000,112,0,,armed,1616000,blocked
1616000,1,1,1272,1,0,tick,0,0,3,1000,1000000,1000,0,0,0,0,1000000000,1000000000,1000000000,,,0,,,,,112000,99000,112000,112,0,,armed,1616000,blocked,112000,99000,112000,112,1000000000000,,armed,1617000,blocked
1616536,0,6,299,1,0,ack,0,0,3,1000,1000000,1000,0,0,0,0,1000000000,1000000000,,100000,0,0,,,,,112000,99000,112000,112,1000000000000,,armed,1617000,blocked,112000,100000,112000,112,1000000000000,,armed,1617000,blocked
1617000,1,1,1276,1,0,tick,0,0,3,1000,1000000,1000,0,0,0,0,1000000000,1000000000,1000000000,,,0,,,,,112000,100000,112000,112,1000000000000,,armed,1617000,blocked,112000,100000,112000,112,2000000000000,,armed,1618000,blocked
1618000,1,1,1277,1,0,tick,0,0,3,1000,1000000,1000,0,0,0,0,1000000000,1000000000,1000000000,,,0,,,,,112000,100000,112000,112,2000000000000,,armed,1618000,blocked,112000,100000,112000,112,3000000000000,,armed,1619000,blocked
1619000,1,1,1278,1,0,tick,0,0,3,1000,1000000,1000,0,0,0,0,1000000000,1000000000,1000000000,,,0,,,,,112000,100000,112000,112,3000000000000,,armed,1619000,blocked,112000,100000,112000,112,4000000000000,,armed,1620000,blocked
1620000,1,1,1279,1,0,tick,0,0,3,1000,1000000,1000,0,0,0,0,1000000000,1000000000,1000000000,,,0,,,,,112000,100000,112000,112,4000000000000,,armed,1620000,blocked,112000,100000,112000,112,5000000000000,,armed,1621000,blocked
1621000,1,1,1280,1,0,tick,0,0,3,1000,1000000,1000,0,0,0,0,1000000000,1000000000,1000000000,,,0,,,,,112000,100000,112000,112,5000000000000,,armed,1621000,blocked,112000,100000,112000,112,6000000000000,,armed,1622000,blocked
1622000,1,1,1281,1,0,tick,0,0,3,1000,1000000,1000,0,0,0,0,1000000000,1000000000,1000000000,,,0,,,,,112000,100000,112000,112,6000000000000,,armed,1622000,blocked,112000,100000,112000,112,7000000000000,,armed,1623000,scheduled
1623000,1,1,1282,1,0,tick,0,0,3,1000,1000000,1000,0,0,0,0,1000000000,1000000000,1000000000,,,1,112000,1000,0,1583,112000,100000,112000,112,7000000000000,,armed,1623000,scheduled,113000,100000,113000,113,0,,armed,1624000,blocked
1624000,1,1,1283,1,0,tick,0,0,3,1000,1000000,1000,0,0,0,0,1000000000,1000000000,1000000000,,,0,,,,,113000,100000,113000,113,0,,armed,1624000,blocked,113000,100000,113000,113,1000000000000,,armed,1625000,blocked
1624536,0,6,302,1,0,ack,0,0,3,1000,1000000,1000,0,0,0,0,1000000000,1000000000,,101000,0,0,,,,,113000,100000,113000,113,1000000000000,,armed,1625000,blocked,113000,101000,113000,113,1000000000000,,armed,1625000,blocked
1625000,1,1,1287,1,0,tick,0,0,3,1000,1000000,1000,0,0,0,0,1000000000,1000000000,1000000000,,,0,,,,,113000,101000,113000,113,1000000000000,,armed,1625000,blocked,113000,101000,113000,113,2000000000000,,armed,1626000,blocked
1626000,1,1,1288,1,0,tick,0,0,3,1000,1000000,1000,0,0,0,0,1000000000,1000000000,1000000000,,,0,,,,,113000,101000,113000,113,2000000000000,,armed,1626000,blocked,113000,101000,113000,113,3000000000000,,armed,1627000,blocked
1627000,1,1,1289,1,0,tick,0,0,3,1000,1000000,1000,0,0,0,0,1000000000,1000000000,1000000000,,,0,,,,,113000,101000,113000,113,3000000000000,,armed,1627000,blocked,113000,101000,113000,113,4000000000000,,armed,1628000,blocked
1628000,1,1,1290,1,0,tick,0,0,3,1000,1000000,1000,0,0,0,0,1000000000,1000000000,1000000000,,,0,,,,,113000,101000,113000,113,4000000000000,,armed,1628000,blocked,113000,101000,113000,113,5000000000000,,armed,1629000,blocked
1629000,1,1,1291,1,0,tick,0,0,3,1000,1000000,1000,0,0,0,0,1000000000,1000000000,1000000000,,,0,,,,,113000,101000,113000,113,5000000000000,,armed,1629000,blocked,113000,101000,113000,113,6000000000000,,armed,1630000,blocked
1630000,1,1,1292,1,0,tick,0,0,3,1000,1000000,1000,0,0,0,0,1000000000,1000000000,1000000000,,,0,,,,,113000,101000,113000,113,6000000000000,,armed,1630000,blocked,113000,101000,113000,113,7000000000000,,armed,1631000,scheduled
1631000,1,1,1293,1,0,tick,0,0,3,1000,1000000,1000,0,0,0,0,1000000000,1000000000,1000000000,,,1,113000,1000,0,1597,113000,101000,113000,113,7000000000000,,armed,1631000,scheduled,114000,101000,114000,114,0,,armed,1632000,blocked
1632000,1,1,1294,1,0,tick,0,0,3,1000,1000000,1000,0,0,0,0,1000000000,1000000000,1000000000,,,0,,,,,114000,101000,114000,114,0,,armed,1632000,blocked,114000,101000,114000,114,1000000000000,,armed,1633000,blocked
1632536,0,6,305,1,0,ack,0,0,3,1000,1000000,1000,0,0,0,0,1000000000,1000000000,,102000,0,0,,,,,114000,101000,114000,114,1000000000000,,armed,1633000,blocked,114000,102000,114000,114,1000000000000,,armed,1633000,blocked
1633000,1,1,1298,1,0,tick,0,0,3,1000,1000000,1000,0,0,0,0,1000000000,1000000000,1000000000,,,0,,,,,114000,102000,114000,114,1000000000000,,armed,1633000,blocked,114000,102000,114000,114,2000000000000,,armed,1634000,blocked
1634000,1,1,1299,1,0,tick,0,0,3,1000,1000000,1000,0,0,0,0,1000000000,1000000000,1000000000,,,0,,,,,114000,102000,114000,114,2000000000000,,armed,1634000,blocked,114000,102000,114000,114,3000000000000,,armed,1635000,blocked
1635000,1,1,1300,1,0,tick,0,0,3,1000,1000000,1000,0,0,0,0,1000000000,1000000000,1000000000,,,0,,,,,114000,102000,114000,114,3000000000000,,armed,1635000,blocked,114000,102000,114000,114,4000000000000,,armed,1636000,blocked
1636000,1,1,1301,1,0,tick,0,0,3,1000,1000000,1000,0,0,0,0,1000000000,1000000000,1000000000,,,0,,,,,114000,102000,114000,114,4000000000000,,armed,1636000,blocked,114000,102000,114000,114,5000000000000,,armed,1637000,blocked
1637000,1,1,1302,1,0,tick,0,0,3,1000,1000000,1000,0,0,0,0,1000000000,1000000000,1000000000,,,0,,,,,114000,102000,114000,114,5000000000000,,armed,1637000,blocked,114000,102000,114000,114,6000000000000,,armed,1638000,blocked
1638000,1,1,1303,1,0,tick,0,0,3,1000,1000000,1000,0,0,0,0,1000000000,1000000000,1000000000,,,0,,,,,114000,102000,114000,114,6000000000000,,armed,1638000,blocked,114000,102000,114000,114,7000000000000,,armed,1639000,scheduled
1639000,1,1,1304,1,0,tick,0,0,3,1000,1000000,1000,0,0,0,0,1000000000,1000000000,1000000000,,,1,114000,1000,0,1611,114000,102000,114000,114,7000000000000,,armed,1639000,scheduled,115000,102000,115000,115,0,,armed,1640000,blocked
1640000,1,1,1305,1,0,tick,0,0,3,1000,1000000,1000,0,0,0,0,1000000000,1000000000,1000000000,,,0,,,,,115000,102000,115000,115,0,,armed,1640000,blocked,115000,102000,115000,115,1000000000000,,armed,1641000,blocked
1640536,0,6,308,1,0,ack,0,0,3,1000,1000000,1000,0,0,0,0,1000000000,1000000000,,103000,0,0,,,,,115000,102000,115000,115,1000000000000,,armed,1641000,blocked,115000,103000,115000,115,1000000000000,,armed,1641000,blocked
1641000,1,1,1309,1,0,tick,0,0,3,1000,1000000,1000,0,0,0,0,1000000000,1000000000,1000000000,,,0,,,,,115000,103000,115000,115,1000000000000,,armed,1641000,blocked,115000,103000,115000,115,2000000000000,,armed,1642000,blocked
1642000,1,1,1310,1,0,tick,0,0,3,1000,1000000,1000,0,0,0,0,1000000000,1000000000,1000000000,,,0,,,,,115000,103000,115000,115,2000000000000,,armed,1642000,blocked,115000,103000,115000,115,3000000000000,,armed,1643000,blocked
1643000,1,1,1311,1,0,tick,0,0,3,1000,1000000,1000,0,0,0,0,1000000000,1000000000,1000000000,,,0,,,,,115000,103000,115000,115,3000000000000,,armed,1643000,blocked,115000,103000,115000,115,4000000000000,,armed,1644000,blocked
1644000,1,1,1312,1,0,tick,0,0,3,1000,1000000,1000,0,0,0,0,1000000000,1000000000,1000000000,,,0,,,,,115000,103000,115000,115,4000000000000,,armed,1644000,blocked,115000,103000,115000,115,5000000000000,,armed,1645000,blocked
1645000,1,1,1313,1,0,tick,0,0,3,1000,1000000,1000,0,0,0,0,1000000000,1000000000,1000000000,,,0,,,,,115000,103000,115000,115,5000000000000,,armed,1645000,blocked,115000,103000,115000,115,6000000000000,,armed,1646000,blocked
1646000,1,1,1314,1,0,tick,0,0,3,1000,1000000,1000,0,0,0,0,1000000000,1000000000,1000000000,,,0,,,,,115000,103000,115000,115,6000000000000,,armed,1646000,blocked,115000,103000,115000,115,7000000000000,,armed,1647000,scheduled
1647000,1,1,1315,1,0,tick,0,0,3,1000,1000000,1000,0,0,0,0,1000000000,1000000000,1000000000,,,1,115000,1000,0,1625,115000,103000,115000,115,7000000000000,,armed,1647000,scheduled,116000,103000,116000,116,0,,armed,1648000,blocked
1648000,1,1,1316,1,0,tick,0,0,3,1000,1000000,1000,0,0,0,0,1000000000,1000000000,1000000000,,,0,,,,,116000,103000,116000,116,0,,armed,1648000,blocked,116000,103000,116000,116,1000000000000,,armed,1649000,blocked
1649000,1,1,1320,1,0,tick,0,0,3,1000,1000000,1000,0,0,0,0,1000000000,1000000000,1000000000,,,0,,,,,116000,103000,116000,116,1000000000000,,armed,1649000,blocked,116000,103000,116000,116,2000000000000,,armed,1650000,blocked
1649048,0,9,149,2,1,ack,0,0,3,1000,1000000,1000,0,0,0,0,1000000000,1000000000,,50000,0,0,,,,,82000,49000,82000,82,0,,parked,,blocked,82000,50000,82000,82,0,,armed,1650000,blocked
1650000,1,1,1321,1,0,tick,0,0,3,1000,1000000,1000,0,0,0,0,1000000000,1000000000,1000000000,,,0,,,,,116000,103000,116000,116,2000000000000,,armed,1650000,blocked,116000,103000,116000,116,3000000000000,,armed,1651000,blocked
1650000,1,2,932,2,1,tick,1,0,3,1000,1000000,1000,0,0,0,0,1000000000,1000000000,,,,0,,,,,82000,50000,82000,82,0,,armed,1650000,blocked,82000,50000,82000,82,0,,parked,,blocked
1651000,1,1,1322,1,0,tick,0,0,3,1000,1000000,1000,0,0,0,0,1000000000,1000000000,1000000000,,,0,,,,,116000,103000,116000,116,3000000000000,,armed,1651000,blocked,116000,103000,116000,116,4000000000000,,armed,1652000,blocked
1652000,1,1,1323,1,0,tick,0,0,3,1000,1000000,1000,0,0,0,0,1000000000,1000000000,1000000000,,,0,,,,,116000,103000,116000,116,4000000000000,,armed,1652000,blocked,116000,103000,116000,116,5000000000000,,armed,1653000,blocked
1653000,1,1,1324,1,0,tick,0,0,3,1000,1000000,1000,0,0,0,0,1000000000,1000000000,1000000000,,,0,,,,,116000,103000,116000,116,5000000000000,,armed,1653000,blocked,116000,103000,116000,116,6000000000000,,armed,1654000,blocked
1654000,1,1,1325,1,0,tick,0,0,3,1000,1000000,1000,0,0,0,0,1000000000,1000000000,1000000000,,,0,,,,,116000,103000,116000,116,6000000000000,,armed,1654000,blocked,116000,103000,116000,116,7000000000000,,armed,1655000,scheduled
1655000,1,1,1326,1,0,tick,0,0,3,1000,1000000,1000,0,0,0,0,1000000000,1000000000,1000000000,,,1,116000,1000,0,1639,116000,103000,116000,116,7000000000000,,armed,1655000,scheduled,117000,103000,117000,117,0,,armed,1656000,blocked
1656000,1,1,1327,1,0,tick,0,0,3,1000,1000000,1000,0,0,0,0,1000000000,1000000000,1000000000,,,0,,,,,117000,103000,117000,117,0,,armed,1656000,blocked,117000,103000,117000,117,1000000000000,,armed,1657000,blocked
1657000,1,1,1331,1,0,tick,0,0,3,1000,1000000,1000,0,0,0,0,1000000000,1000000000,1000000000,,,0,,,,,117000,103000,117000,117,1000000000000,,armed,1657000,blocked,117000,103000,117000,117,2000000000000,,armed,1658000,blocked
1657048,0,9,152,2,1,ack,0,0,3,1000,1000000,1000,0,0,0,0,1000000000,1000000000,,51000,0,0,,,,,82000,50000,82000,82,0,,parked,,blocked,82000,51000,82000,82,0,,armed,1658000,blocked
1658000,1,1,1332,1,0,tick,0,0,3,1000,1000000,1000,0,0,0,0,1000000000,1000000000,1000000000,,,0,,,,,117000,103000,117000,117,2000000000000,,armed,1658000,blocked,117000,103000,117000,117,3000000000000,,armed,1659000,blocked
1658000,1,2,933,2,1,tick,1,0,3,1000,1000000,1000,0,0,0,0,1000000000,1000000000,,,,0,,,,,82000,51000,82000,82,0,,armed,1658000,blocked,82000,51000,82000,82,0,,parked,,blocked
1659000,1,1,1333,1,0,tick,0,0,3,1000,1000000,1000,0,0,0,0,1000000000,1000000000,1000000000,,,0,,,,,117000,103000,117000,117,3000000000000,,armed,1659000,blocked,117000,103000,117000,117,4000000000000,,armed,1660000,blocked
1660000,1,1,1334,1,0,tick,0,0,3,1000,1000000,1000,0,0,0,0,1000000000,1000000000,1000000000,,,0,,,,,117000,103000,117000,117,4000000000000,,armed,1660000,blocked,117000,103000,117000,117,5000000000000,,armed,1661000,blocked
1661000,1,1,1335,1,0,tick,0,0,3,1000,1000000,1000,0,0,0,0,1000000000,1000000000,1000000000,,,0,,,,,117000,103000,117000,117,5000000000000,,armed,1661000,blocked,117000,103000,117000,117,6000000000000,,armed,1662000,blocked
1662000,1,1,1336,1,0,tick,0,0,3,1000,1000000,1000,0,0,0,0,1000000000,1000000000,1000000000,,,0,,,,,117000,103000,117000,117,6000000000000,,armed,1662000,blocked,117000,103000,117000,117,7000000000000,,armed,1663000,scheduled
1663000,1,1,1337,1,0,tick,0,0,3,1000,1000000,1000,0,0,0,0,1000000000,1000000000,1000000000,,,1,117000,1000,0,1653,117000,103000,117000,117,7000000000000,,armed,1663000,scheduled,118000,103000,118000,118,0,,armed,1664000,blocked
1664000,1,1,1338,1,0,tick,0,0,3,1000,1000000,1000,0,0,0,0,1000000000,1000000000,1000000000,,,0,,,,,118000,103000,118000,118,0,,armed,1664000,blocked,118000,103000,118000,118,1000000000000,,armed,1665000,blocked
1665000,1,1,1342,1,0,tick,0,0,3,1000,1000000,1000,0,0,0,0,1000000000,1000000000,1000000000,,,0,,,,,118000,103000,118000,118,1000000000000,,armed,1665000,blocked,118000,103000,118000,118,2000000000000,,armed,1666000,blocked
1665048,0,9,155,2,1,ack,0,0,3,1000,1000000,1000,0,0,0,0,1000000000,1000000000,,52000,0,0,,,,,82000,51000,82000,82,0,,parked,,blocked,82000,52000,82000,82,0,,armed,1666000,blocked
1666000,1,1,1343,1,0,tick,0,0,3,1000,1000000,1000,0,0,0,0,1000000000,1000000000,1000000000,,,0,,,,,118000,103000,118000,118,2000000000000,,armed,1666000,blocked,118000,103000,118000,118,3000000000000,,armed,1667000,blocked
1666000,1,2,934,2,1,tick,1,0,3,1000,1000000,1000,0,0,0,0,1000000000,1000000000,,,,0,,,,,82000,52000,82000,82,0,,armed,1666000,blocked,82000,52000,82000,82,0,,parked,,blocked
1667000,1,1,1344,1,0,tick,0,0,3,1000,1000000,1000,0,0,0,0,1000000000,1000000000,1000000000,,,0,,,,,118000,103000,118000,118,3000000000000,,armed,1667000,blocked,118000,103000,118000,118,4000000000000,,armed,1668000,blocked
1668000,1,1,1345,1,0,tick,0,0,3,1000,1000000,1000,0,0,0,0,1000000000,1000000000,1000000000,,,0,,,,,118000,103000,118000,118,4000000000000,,armed,1668000,blocked,118000,103000,118000,118,5000000000000,,armed,1669000,blocked
1669000,1,1,1346,1,0,tick,0,0,3,1000,1000000,1000,0,0,0,0,1000000000,1000000000,1000000000,,,0,,,,,118000,103000,118000,118,5000000000000,,armed,1669000,blocked,118000,103000,118000,118,6000000000000,,armed,1670000,blocked
1670000,1,1,1347,1,0,tick,0,0,3,1000,1000000,1000,0,0,0,0,1000000000,1000000000,1000000000,,,0,,,,,118000,103000,118000,118,6000000000000,,armed,1670000,blocked,118000,103000,118000,118,7000000000000,,armed,1671000,scheduled
1671000,1,1,1348,1,0,tick,0,0,3,1000,1000000,1000,0,0,0,0,1000000000,1000000000,1000000000,,,1,118000,1000,0,1667,118000,103000,118000,118,7000000000000,,armed,1671000,scheduled,119000,103000,119000,119,0,,armed,1672000,blocked
1672000,1,1,1349,1,0,tick,0,0,3,1000,1000000,1000,0,0,0,0,1000000000,1000000000,1000000000,,,0,,,,,119000,103000,119000,119,0,,armed,1672000,blocked,119000,103000,119000,119,1000000000000,,armed,1673000,blocked
1673000,1,1,1353,1,0,tick,0,0,3,1000,1000000,1000,0,0,0,0,1000000000,1000000000,1000000000,,,0,,,,,119000,103000,119000,119,1000000000000,,armed,1673000,blocked,119000,103000,119000,119,2000000000000,,armed,1674000,blocked
1673048,0,9,158,2,1,ack,0,0,3,1000,1000000,1000,0,0,0,0,1000000000,1000000000,,53000,0,0,,,,,82000,52000,82000,82,0,,parked,,blocked,82000,53000,82000,82,0,,armed,1674000,blocked
1674000,1,1,1354,1,0,tick,0,0,3,1000,1000000,1000,0,0,0,0,1000000000,1000000000,1000000000,,,0,,,,,119000,103000,119000,119,2000000000000,,armed,1674000,blocked,119000,103000,119000,119,3000000000000,,armed,1675000,blocked
1674000,1,2,935,2,1,tick,1,0,3,1000,1000000,1000,0,0,0,0,1000000000,1000000000,,,,0,,,,,82000,53000,82000,82,0,,armed,1674000,blocked,82000,53000,82000,82,0,,parked,,blocked
1675000,1,1,1355,1,0,tick,0,0,3,1000,1000000,1000,0,0,0,0,1000000000,1000000000,1000000000,,,0,,,,,119000,103000,119000,119,3000000000000,,armed,1675000,blocked,119000,103000,119000,119,4000000000000,,armed,1676000,blocked
1676000,1,1,1356,1,0,tick,0,0,3,1000,1000000,1000,0,0,0,0,1000000000,1000000000,1000000000,,,0,,,,,119000,103000,119000,119,4000000000000,,armed,1676000,blocked,119000,103000,119000,119,5000000000000,,armed,1677000,blocked
1677000,1,1,1357,1,0,tick,0,0,3,1000,1000000,1000,0,0,0,0,1000000000,1000000000,1000000000,,,0,,,,,119000,103000,119000,119,5000000000000,,armed,1677000,blocked,119000,103000,119000,119,6000000000000,,armed,1678000,blocked
1678000,1,1,1358,1,0,tick,0,0,3,1000,1000000,1000,0,0,0,0,1000000000,1000000000,1000000000,,,0,,,,,119000,103000,119000,119,6000000000000,,armed,1678000,blocked,119000,103000,119000,119,7000000000000,,armed,1679000,scheduled
1679000,1,1,1359,1,0,tick,0,0,3,1000,1000000,1000,0,0,0,0,1000000000,1000000000,1000000000,,,1,119000,1000,0,1681,119000,103000,119000,119,7000000000000,,armed,1679000,scheduled,120000,103000,120000,120,0,,armed,1680000,blocked
1680000,1,1,1360,1,0,tick,0,0,3,1000,1000000,1000,0,0,0,0,1000000000,1000000000,1000000000,,,0,,,,,120000,103000,120000,120,0,,armed,1680000,blocked,120000,103000,120000,120,1000000000000,,armed,1681000,blocked
1681000,1,1,1364,1,0,tick,0,0,3,1000,1000000,1000,0,0,0,0,1000000000,1000000000,1000000000,,,0,,,,,120000,103000,120000,120,1000000000000,,armed,1681000,blocked,120000,103000,120000,120,2000000000000,,armed,1682000,blocked
1681048,0,9,161,2,1,ack,0,0,3,1000,1000000,1000,0,0,0,0,1000000000,1000000000,,54000,0,0,,,,,82000,53000,82000,82,0,,parked,,blocked,82000,54000,82000,82,0,,armed,1682000,blocked
1682000,1,1,1365,1,0,tick,0,0,3,1000,1000000,1000,0,0,0,0,1000000000,1000000000,1000000000,,,0,,,,,120000,103000,120000,120,2000000000000,,armed,1682000,blocked,120000,103000,120000,120,3000000000000,,armed,1683000,blocked
1682000,1,2,936,2,1,tick,1,0,3,1000,1000000,1000,0,0,0,0,1000000000,1000000000,,,,0,,,,,82000,54000,82000,82,0,,armed,1682000,blocked,82000,54000,82000,82,0,,parked,,blocked
1683000,1,1,1366,1,0,tick,0,0,3,1000,1000000,1000,0,0,0,0,1000000000,1000000000,1000000000,,,0,,,,,120000,103000,120000,120,3000000000000,,armed,1683000,blocked,120000,103000,120000,120,4000000000000,,armed,1684000,blocked
1684000,1,1,1367,1,0,tick,0,0,3,1000,1000000,1000,0,0,0,0,1000000000,1000000000,1000000000,,,0,,,,,120000,103000,120000,120,4000000000000,,armed,1684000,blocked,120000,103000,120000,120,5000000000000,,armed,1685000,blocked
1685000,1,1,1368,1,0,tick,0,0,3,1000,1000000,1000,0,0,0,0,1000000000,1000000000,1000000000,,,0,,,,,120000,103000,120000,120,5000000000000,,armed,1685000,blocked,120000,103000,120000,120,6000000000000,,armed,1686000,blocked
1686000,1,1,1369,1,0,tick,0,0,3,1000,1000000,1000,0,0,0,0,1000000000,1000000000,1000000000,,,0,,,,,120000,103000,120000,120,6000000000000,,armed,1686000,blocked,120000,103000,120000,120,7000000000000,,armed,1687000,scheduled
1687000,1,1,1370,1,0,tick,0,0,3,1000,1000000,1000,0,0,0,0,1000000000,1000000000,1000000000,,,1,120000,1000,0,1695,120000,103000,120000,120,7000000000000,,armed,1687000,scheduled,121000,103000,121000,121,0,,armed,1688000,blocked
1688000,1,1,1371,1,0,tick,0,0,3,1000,1000000,1000,0,0,0,0,1000000000,1000000000,1000000000,,,0,,,,,121000,103000,121000,121,0,,armed,1688000,blocked,121000,103000,121000,121,1000000000000,,armed,1689000,blocked
1689000,1,1,1375,1,0,tick,0,0,3,1000,1000000,1000,0,0,0,0,1000000000,1000000000,1000000000,,,0,,,,,121000,103000,121000,121,1000000000000,,armed,1689000,blocked,121000,103000,121000,121,2000000000000,,armed,1690000,blocked
1689048,0,9,164,2,1,ack,0,0,3,1000,1000000,1000,0,0,0,0,1000000000,1000000000,,55000,0,0,,,,,82000,54000,82000,82,0,,parked,,blocked,82000,55000,82000,82,0,,armed,1690000,blocked
1690000,1,1,1376,1,0,tick,0,0,3,1000,1000000,1000,0,0,0,0,1000000000,1000000000,1000000000,,,0,,,,,121000,103000,121000,121,2000000000000,,armed,1690000,blocked,121000,103000,121000,121,3000000000000,,armed,1691000,blocked
1690000,1,2,937,2,1,tick,1,0,3,1000,1000000,1000,0,0,0,0,1000000000,1000000000,,,,0,,,,,82000,55000,82000,82,0,,armed,1690000,blocked,82000,55000,82000,82,0,,parked,,blocked
1691000,1,1,1377,1,0,tick,0,0,3,1000,1000000,1000,0,0,0,0,1000000000,1000000000,1000000000,,,0,,,,,121000,103000,121000,121,3000000000000,,armed,1691000,blocked,121000,103000,121000,121,4000000000000,,armed,1692000,blocked
1692000,1,1,1378,1,0,tick,0,0,3,1000,1000000,1000,0,0,0,0,1000000000,1000000000,1000000000,,,0,,,,,121000,103000,121000,121,4000000000000,,armed,1692000,blocked,121000,103000,121000,121,5000000000000,,armed,1693000,blocked
1693000,1,1,1379,1,0,tick,0,0,3,1000,1000000,1000,0,0,0,0,1000000000,1000000000,1000000000,,,0,,,,,121000,103000,121000,121,5000000000000,,armed,1693000,blocked,121000,103000,121000,121,6000000000000,,armed,1694000,blocked
1694000,1,1,1380,1,0,tick,0,0,3,1000,1000000,1000,0,0,0,0,1000000000,1000000000,1000000000,,,0,,,,,121000,103000,121000,121,6000000000000,,armed,1694000,blocked,121000,103000,121000,121,7000000000000,,armed,1695000,scheduled
1695000,1,1,1381,1,0,tick,0,0,3,1000,1000000,1000,0,0,0,0,1000000000,1000000000,1000000000,,,1,121000,1000,0,1709,121000,103000,121000,121,7000000000000,,armed,1695000,scheduled,122000,103000,122000,122,0,,armed,1696000,blocked
1696000,1,1,1382,1,0,tick,0,0,3,1000,1000000,1000,0,0,0,0,1000000000,1000000000,1000000000,,,0,,,,,122000,103000,122000,122,0,,armed,1696000,blocked,122000,103000,122000,122,1000000000000,,armed,1697000,blocked
1697000,1,1,1386,1,0,tick,0,0,3,1000,1000000,1000,0,0,0,0,1000000000,1000000000,1000000000,,,0,,,,,122000,103000,122000,122,1000000000000,,armed,1697000,blocked,122000,103000,122000,122,2000000000000,,armed,1698000,blocked
1697048,0,9,167,2,1,ack,0,0,3,1000,1000000,1000,0,0,0,0,1000000000,1000000000,,56000,0,0,,,,,82000,55000,82000,82,0,,parked,,blocked,82000,56000,82000,82,0,,armed,1698000,blocked
1698000,1,1,1387,1,0,tick,0,0,3,1000,1000000,1000,0,0,0,0,1000000000,1000000000,1000000000,,,0,,,,,122000,103000,122000,122,2000000000000,,armed,1698000,blocked,122000,103000,122000,122,3000000000000,,armed,1699000,blocked
1698000,1,2,938,2,1,tick,1,0,3,1000,1000000,1000,0,0,0,0,1000000000,1000000000,,,,0,,,,,82000,56000,82000,82,0,,armed,1698000,blocked,82000,56000,82000,82,0,,parked,,blocked
1699000,1,1,1388,1,0,tick,0,0,3,1000,1000000,1000,0,0,0,0,1000000000,1000000000,1000000000,,,0,,,,,122000,103000,122000,122,3000000000000,,armed,1699000,blocked,122000,103000,122000,122,4000000000000,,armed,1700000,blocked
1700000,1,1,1389,1,0,tick,0,0,3,1000,1000000,1000,0,0,0,0,1000000000,1000000000,1000000000,,,0,,,,,122000,103000,122000,122,4000000000000,,armed,1700000,blocked,122000,103000,122000,122,5000000000000,,armed,1701000,blocked
1701000,1,1,1390,1,0,tick,0,0,3,1000,1000000,1000,0,0,0,0,1000000000,1000000000,1000000000,,,0,,,,,122000,103000,122000,122,5000000000000,,armed,1701000,blocked,122000,103000,122000,122,6000000000000,,armed,1702000,blocked
1702000,1,1,1391,1,0,tick,0,0,3,1000,1000000,1000,0,0,0,0,1000000000,1000000000,1000000000,,,0,,,,,122000,103000,122000,122,6000000000000,,armed,1702000,blocked,122000,103000,122000,122,7000000000000,,armed,1703000,scheduled
1703000,1,1,1392,1,0,tick,0,0,3,1000,1000000,1000,0,0,0,0,1000000000,1000000000,1000000000,,,1,122000,1000,0,1723,122000,103000,122000,122,7000000000000,,armed,1703000,scheduled,123000,103000,123000,123,0,,armed,1704000,blocked
1704000,1,1,1393,1,0,tick,0,0,3,1000,1000000,1000,0,0,0,0,1000000000,1000000000,1000000000,,,0,,,,,123000,103000,123000,123,0,,armed,1704000,blocked,123000,103000,123000,123,1000000000000,,armed,1705000,blocked
1705000,1,1,1397,1,0,tick,0,0,3,1000,1000000,1000,0,0,0,0,1000000000,1000000000,1000000000,,,0,,,,,123000,103000,123000,123,1000000000000,,armed,1705000,blocked,123000,103000,123000,123,2000000000000,,armed,1706000,blocked
1705048,0,9,170,2,1,ack,0,0,3,1000,1000000,1000,0,0,0,0,1000000000,1000000000,,57000,0,0,,,,,82000,56000,82000,82,0,,parked,,blocked,82000,57000,82000,82,0,,armed,1706000,blocked
1706000,1,1,1398,1,0,tick,0,0,3,1000,1000000,1000,0,0,0,0,1000000000,1000000000,1000000000,,,0,,,,,123000,103000,123000,123,2000000000000,,armed,1706000,blocked,123000,103000,123000,123,3000000000000,,armed,1707000,blocked
1706000,1,2,939,2,1,tick,1,0,3,1000,1000000,1000,0,0,0,0,1000000000,1000000000,,,,0,,,,,82000,57000,82000,82,0,,armed,1706000,blocked,82000,57000,82000,82,0,,parked,,blocked
1707000,1,1,1399,1,0,tick,0,0,3,1000,1000000,1000,0,0,0,0,1000000000,1000000000,1000000000,,,0,,,,,123000,103000,123000,123,3000000000000,,armed,1707000,blocked,123000,103000,123000,123,4000000000000,,armed,1708000,blocked
1708000,1,1,1400,1,0,tick,0,0,3,1000,1000000,1000,0,0,0,0,1000000000,1000000000,1000000000,,,0,,,,,123000,103000,123000,123,4000000000000,,armed,1708000,blocked,123000,103000,123000,123,5000000000000,,armed,1709000,blocked
1709000,1,1,1401,1,0,tick,0,0,3,1000,1000000,1000,0,0,0,0,1000000000,1000000000,1000000000,,,0,,,,,123000,103000,123000,123,5000000000000,,armed,1709000,blocked,123000,103000,123000,123,6000000000000,,armed,1710000,blocked
1710000,1,1,1402,1,0,tick,0,0,3,1000,1000000,1000,0,0,0,0,1000000000,1000000000,1000000000,,,0,,,,,123000,103000,123000,123,6000000000000,,armed,1710000,blocked,123000,103000,123000,123,7000000000000,,armed,1711000,scheduled
1711000,1,1,1403,1,0,tick,0,0,3,1000,1000000,1000,0,0,0,0,1000000000,1000000000,1000000000,,,1,123000,1000,0,1737,123000,103000,123000,123,7000000000000,,armed,1711000,scheduled,124000,103000,124000,124,0,,armed,1712000,blocked
1712000,1,1,1404,1,0,tick,1,0,3,1000,1000000,1000,0,0,0,0,1000000000,1000000000,,,,0,,,,,124000,103000,124000,124,0,,armed,1712000,blocked,124000,103000,124000,124,0,,parked,,blocked
1713048,0,9,173,2,1,ack,0,0,3,1000,1000000,1000,0,0,0,0,1000000000,1000000000,,58000,0,0,,,,,82000,57000,82000,82,0,,parked,,blocked,82000,58000,82000,82,0,,armed,1714000,blocked
1714000,1,2,940,2,1,tick,1,0,3,1000,1000000,1000,0,0,0,0,1000000000,1000000000,,,,0,,,,,82000,58000,82000,82,0,,armed,1714000,blocked,82000,58000,82000,82,0,,parked,,blocked
1721048,0,9,176,2,1,ack,0,0,3,1000,1000000,1000,0,0,0,0,1000000000,1000000000,,59000,0,0,,,,,82000,58000,82000,82,0,,parked,,blocked,82000,59000,82000,82,0,,armed,1722000,blocked
1722000,1,2,941,2,1,tick,1,0,3,1000,1000000,1000,0,0,0,0,1000000000,1000000000,,,,0,,,,,82000,59000,82000,82,0,,armed,1722000,blocked,82000,59000,82000,82,0,,parked,,blocked
1729048,0,9,179,2,1,ack,0,0,3,1000,1000000,1000,0,0,0,0,1000000000,1000000000,,60000,0,0,,,,,82000,59000,82000,82,0,,parked,,blocked,82000,60000,82000,82,0,,armed,1730000,blocked
1730000,1,2,942,2,1,tick,1,0,3,1000,1000000,1000,0,0,0,0,1000000000,1000000000,,,,0,,,,,82000,60000,82000,82,0,,armed,1730000,blocked,82000,60000,82000,82,0,,parked,,blocked
1737048,0,9,182,2,1,ack,0,0,3,1000,1000000,1000,0,0,0,0,1000000000,1000000000,,61000,0,0,,,,,82000,60000,82000,82,0,,parked,,blocked,82000,61000,82000,82,0,,armed,1738000,blocked
1738000,1,2,943,2,1,tick,1,0,3,1000,1000000,1000,0,0,0,0,1000000000,1000000000,,,,0,,,,,82000,61000,82000,82,0,,armed,1738000,blocked,82000,61000,82000,82,0,,parked,,blocked
1745560,0,12,152,3,2,ack,0,0,3,1000,1000000,1000,0,0,0,0,1000000000,1000000000,,51000,0,0,,,,,92000,50000,92000,92,0,,parked,,blocked,92000,51000,92000,92,0,,armed,1746000,blocked
1746000,1,3,1043,3,2,tick,1,0,3,1000,1000000,1000,0,0,0,0,1000000000,1000000000,,,,0,,,,,92000,51000,92000,92,0,,armed,1746000,blocked,92000,51000,92000,92,0,,parked,,blocked
1753560,0,12,155,3,2,ack,0,0,3,1000,1000000,1000,0,0,0,0,1000000000,1000000000,,52000,0,0,,,,,92000,51000,92000,92,0,,parked,,blocked,92000,52000,92000,92,0,,armed,1754000,blocked
1754000,1,3,1044,3,2,tick,1,0,3,1000,1000000,1000,0,0,0,0,1000000000,1000000000,,,,0,,,,,92000,52000,92000,92,0,,armed,1754000,blocked,92000,52000,92000,92,0,,parked,,blocked
1761560,0,12,158,3,2,ack,0,0,3,1000,1000000,1000,0,0,0,0,1000000000,1000000000,,53000,0,0,,,,,92000,52000,92000,92,0,,parked,,blocked,92000,53000,92000,92,0,,armed,1762000,blocked
1762000,1,3,1045,3,2,tick,1,0,3,1000,1000000,1000,0,0,0,0,1000000000,1000000000,,,,0,,,,,92000,53000,92000,92,0,,armed,1762000,blocked,92000,53000,92000,92,0,,parked,,blocked
1769560,0,12,161,3,2,ack,0,0,3,1000,1000000,1000,0,0,0,0,1000000000,1000000000,,54000,0,0,,,,,92000,53000,92000,92,0,,parked,,blocked,92000,54000,92000,92,0,,armed,1770000,blocked
1770000,1,3,1046,3,2,tick,1,0,3,1000,1000000,1000,0,0,0,0,1000000000,1000000000,,,,0,,,,,92000,54000,92000,92,0,,armed,1770000,blocked,92000,54000,92000,92,0,,parked,,blocked
1777560,0,12,164,3,2,ack,0,0,3,1000,1000000,1000,0,0,0,0,1000000000,1000000000,,55000,0,0,,,,,92000,54000,92000,92,0,,parked,,blocked,92000,55000,92000,92,0,,armed,1778000,blocked
1778000,1,3,1047,3,2,tick,1,0,3,1000,1000000,1000,0,0,0,0,1000000000,1000000000,,,,0,,,,,92000,55000,92000,92,0,,armed,1778000,blocked,92000,55000,92000,92,0,,parked,,blocked
1785560,0,12,167,3,2,ack,0,0,3,1000,1000000,1000,0,0,0,0,1000000000,1000000000,,56000,0,0,,,,,92000,55000,92000,92,0,,parked,,blocked,92000,56000,92000,92,0,,armed,1786000,blocked
1786000,1,3,1048,3,2,tick,1,0,3,1000,1000000,1000,0,0,0,0,1000000000,1000000000,,,,0,,,,,92000,56000,92000,92,0,,armed,1786000,blocked,92000,56000,92000,92,0,,parked,,blocked
1793560,0,12,170,3,2,ack,0,0,3,1000,1000000,1000,0,0,0,0,1000000000,1000000000,,57000,0,0,,,,,92000,56000,92000,92,0,,parked,,blocked,92000,57000,92000,92,0,,armed,1794000,blocked
1794000,1,3,1049,3,2,tick,1,0,3,1000,1000000,1000,0,0,0,0,1000000000,1000000000,,,,0,,,,,92000,57000,92000,92,0,,armed,1794000,blocked,92000,57000,92000,92,0,,parked,,blocked
1800536,0,13,249,3,2,resume,0,0,3,1000,1000000,1000,0,0,0,0,1000000000,1000000000,,,,0,,,,,92000,57000,92000,92,0,,parked,,blocked,92000,57000,92000,92,0,,armed,1801000,blocked
1801000,1,3,1050,3,2,tick,0,0,3,1000,1000000,1000,0,0,0,0,1000000000,1000000000,1000000000,,,0,,,,,92000,57000,92000,92,0,,armed,1801000,blocked,92000,57000,92000,92,1000000000000,,armed,1802000,blocked
1801560,0,12,173,3,2,ack,0,0,3,1000,1000000,1000,0,0,0,0,1000000000,1000000000,,58000,0,0,,,,,92000,57000,92000,92,1000000000000,,armed,1802000,blocked,92000,58000,92000,92,1000000000000,,armed,1802000,blocked
1802000,1,3,1051,3,2,tick,0,0,3,1000,1000000,1000,0,0,0,0,1000000000,1000000000,1000000000,,,0,,,,,92000,58000,92000,92,1000000000000,,armed,1802000,blocked,92000,58000,92000,92,2000000000000,,armed,1803000,blocked
1803000,1,3,1052,3,2,tick,0,0,3,1000,1000000,1000,0,0,0,0,1000000000,1000000000,1000000000,,,0,,,,,92000,58000,92000,92,2000000000000,,armed,1803000,blocked,92000,58000,92000,92,3000000000000,,armed,1804000,blocked
1804000,1,3,1053,3,2,tick,0,0,3,1000,1000000,1000,0,0,0,0,1000000000,1000000000,1000000000,,,0,,,,,92000,58000,92000,92,3000000000000,,armed,1804000,blocked,92000,58000,92000,92,4000000000000,,armed,1805000,blocked
1805000,1,3,1054,3,2,tick,0,0,3,1000,1000000,1000,0,0,0,0,1000000000,1000000000,1000000000,,,0,,,,,92000,58000,92000,92,4000000000000,,armed,1805000,blocked,92000,58000,92000,92,5000000000000,,armed,1806000,blocked
1806000,1,3,1055,3,2,tick,0,0,3,1000,1000000,1000,0,0,0,0,1000000000,1000000000,1000000000,,,0,,,,,92000,58000,92000,92,5000000000000,,armed,1806000,blocked,92000,58000,92000,92,6000000000000,,armed,1807000,blocked
1807000,1,3,1056,3,2,tick,0,0,3,1000,1000000,1000,0,0,0,0,1000000000,1000000000,1000000000,,,0,,,,,92000,58000,92000,92,6000000000000,,armed,1807000,blocked,92000,58000,92000,92,7000000000000,,armed,1808000,scheduled
1808000,1,3,1057,3,2,tick,0,0,3,1000,1000000,1000,0,0,0,0,1000000000,1000000000,1000000000,,,1,92000,1000,0,1305,92000,58000,92000,92,7000000000000,,armed,1808000,scheduled,93000,58000,93000,93,0,,armed,1809000,blocked
1808536,0,6,311,1,0,ack,0,0,3,1000,1000000,1000,0,0,0,0,1000000000,1000000000,,104000,0,0,,,,,124000,103000,124000,124,0,,parked,,blocked,124000,104000,124000,124,0,,armed,1809000,blocked
1809000,1,1,1408,1,0,tick,1,0,3,1000,1000000,1000,0,0,0,0,1000000000,1000000000,,,,0,,,,,124000,104000,124000,124,0,,armed,1809000,blocked,124000,104000,124000,124,0,,parked,,blocked
1809000,1,3,1058,3,2,tick,0,0,3,1000,1000000,1000,0,0,0,0,1000000000,1000000000,1000000000,,,0,,,,,93000,58000,93000,93,0,,armed,1809000,blocked,93000,58000,93000,93,1000000000000,,armed,1810000,blocked
1810000,1,3,1062,3,2,tick,0,0,3,1000,1000000,1000,0,0,0,0,1000000000,1000000000,1000000000,,,0,,,,,93000,58000,93000,93,1000000000000,,armed,1810000,blocked,93000,58000,93000,93,2000000000000,,armed,1811000,blocked
1811000,1,3,1063,3,2,tick,0,0,3,1000,1000000,1000,0,0,0,0,1000000000,1000000000,1000000000,,,0,,,,,93000,58000,93000,93,2000000000000,,armed,1811000,blocked,93000,58000,93000,93,3000000000000,,armed,1812000,blocked
1812000,1,3,1064,3,2,tick,0,0,3,1000,1000000,1000,0,0,0,0,1000000000,1000000000,1000000000,,,0,,,,,93000,58000,93000,93,3000000000000,,armed,1812000,blocked,93000,58000,93000,93,4000000000000,,armed,1813000,blocked
1813000,1,3,1065,3,2,tick,0,0,3,1000,1000000,1000,0,0,0,0,1000000000,1000000000,1000000000,,,0,,,,,93000,58000,93000,93,4000000000000,,armed,1813000,blocked,93000,58000,93000,93,5000000000000,,armed,1814000,blocked
1814000,1,3,1066,3,2,tick,0,0,3,1000,1000000,1000,0,0,0,0,1000000000,1000000000,1000000000,,,0,,,,,93000,58000,93000,93,5000000000000,,armed,1814000,blocked,93000,58000,93000,93,6000000000000,,armed,1815000,blocked
1815000,1,3,1067,3,2,tick,0,0,3,1000,1000000,1000,0,0,0,0,1000000000,1000000000,1000000000,,,0,,,,,93000,58000,93000,93,6000000000000,,armed,1815000,blocked,93000,58000,93000,93,7000000000000,,armed,1816000,scheduled
1816000,1,3,1068,3,2,tick,0,0,3,1000,1000000,1000,0,0,0,0,1000000000,1000000000,1000000000,,,1,93000,1000,0,1319,93000,58000,93000,93,7000000000000,,armed,1816000,scheduled,94000,58000,94000,94,0,,armed,1817000,blocked
1816536,0,6,314,1,0,ack,0,0,3,1000,1000000,1000,0,0,0,0,1000000000,1000000000,,105000,0,0,,,,,124000,104000,124000,124,0,,parked,,blocked,124000,105000,124000,124,0,,armed,1817000,blocked
1817000,1,1,1409,1,0,tick,1,0,3,1000,1000000,1000,0,0,0,0,1000000000,1000000000,,,,0,,,,,124000,105000,124000,124,0,,armed,1817000,blocked,124000,105000,124000,124,0,,parked,,blocked
1817000,1,3,1069,3,2,tick,0,0,3,1000,1000000,1000,0,0,0,0,1000000000,1000000000,1000000000,,,0,,,,,94000,58000,94000,94,0,,armed,1817000,blocked,94000,58000,94000,94,1000000000000,,armed,1818000,blocked
1818000,1,3,1073,3,2,tick,0,0,3,1000,1000000,1000,0,0,0,0,1000000000,1000000000,1000000000,,,0,,,,,94000,58000,94000,94,1000000000000,,armed,1818000,blocked,94000,58000,94000,94,2000000000000,,armed,1819000,blocked
1819000,1,3,1074,3,2,tick,0,0,3,1000,1000000,1000,0,0,0,0,1000000000,1000000000,1000000000,,,0,,,,,94000,58000,94000,94,2000000000000,,armed,1819000,blocked,94000,58000,94000,94,3000000000000,,armed,1820000,blocked
1820000,1,3,1075,3,2,tick,0,0,3,1000,1000000,1000,0,0,0,0,1000000000,1000000000,1000000000,,,0,,,,,94000,58000,94000,94,3000000000000,,armed,1820000,blocked,94000,58000,94000,94,4000000000000,,armed,1821000,blocked
1821000,1,3,1076,3,2,tick,0,0,3,1000,1000000,1000,0,0,0,0,1000000000,1000000000,1000000000,,,0,,,,,94000,58000,94000,94,4000000000000,,armed,1821000,blocked,94000,58000,94000,94,5000000000000,,armed,1822000,blocked
1822000,1,3,1077,3,2,tick,0,0,3,1000,1000000,1000,0,0,0,0,1000000000,1000000000,1000000000,,,0,,,,,94000,58000,94000,94,5000000000000,,armed,1822000,blocked,94000,58000,94000,94,6000000000000,,armed,1823000,blocked
1823000,1,3,1078,3,2,tick,0,0,3,1000,1000000,1000,0,0,0,0,1000000000,1000000000,1000000000,,,0,,,,,94000,58000,94000,94,6000000000000,,armed,1823000,blocked,94000,58000,94000,94,7000000000000,,armed,1824000,scheduled
1824000,1,3,1079,3,2,tick,0,0,3,1000,1000000,1000,0,0,0,0,1000000000,1000000000,1000000000,,,1,94000,1000,0,1333,94000,58000,94000,94,7000000000000,,armed,1824000,scheduled,95000,58000,95000,95,0,,armed,1825000,blocked
1824536,0,6,317,1,0,ack,0,0,3,1000,1000000,1000,0,0,0,0,1000000000,1000000000,,106000,0,0,,,,,124000,105000,124000,124,0,,parked,,blocked,124000,106000,124000,124,0,,armed,1825000,blocked
1825000,1,1,1410,1,0,tick,1,0,3,1000,1000000,1000,0,0,0,0,1000000000,1000000000,,,,0,,,,,124000,106000,124000,124,0,,armed,1825000,blocked,124000,106000,124000,124,0,,parked,,blocked
1825000,1,3,1080,3,2,tick,0,0,3,1000,1000000,1000,0,0,0,0,1000000000,1000000000,1000000000,,,0,,,,,95000,58000,95000,95,0,,armed,1825000,blocked,95000,58000,95000,95,1000000000000,,armed,1826000,blocked
1826000,1,3,1084,3,2,tick,0,0,3,1000,1000000,1000,0,0,0,0,1000000000,1000000000,1000000000,,,0,,,,,95000,58000,95000,95,1000000000000,,armed,1826000,blocked,95000,58000,95000,95,2000000000000,,armed,1827000,blocked
1827000,1,3,1085,3,2,tick,0,0,3,1000,1000000,1000,0,0,0,0,1000000000,1000000000,1000000000,,,0,,,,,95000,58000,95000,95,2000000000000,,armed,1827000,blocked,95000,58000,95000,95,3000000000000,,armed,1828000,blocked
1828000,1,3,1086,3,2,tick,0,0,3,1000,1000000,1000,0,0,0,0,1000000000,1000000000,1000000000,,,0,,,,,95000,58000,95000,95,3000000000000,,armed,1828000,blocked,95000,58000,95000,95,4000000000000,,armed,1829000,blocked
1829000,1,3,1087,3,2,tick,0,0,3,1000,1000000,1000,0,0,0,0,1000000000,1000000000,1000000000,,,0,,,,,95000,58000,95000,95,4000000000000,,armed,1829000,blocked,95000,58000,95000,95,5000000000000,,armed,1830000,blocked
1830000,1,3,1088,3,2,tick,0,0,3,1000,1000000,1000,0,0,0,0,1000000000,1000000000,1000000000,,,0,,,,,95000,58000,95000,95,5000000000000,,armed,1830000,blocked,95000,58000,95000,95,6000000000000,,armed,1831000,blocked
1831000,1,3,1089,3,2,tick,0,0,3,1000,1000000,1000,0,0,0,0,1000000000,1000000000,1000000000,,,0,,,,,95000,58000,95000,95,6000000000000,,armed,1831000,blocked,95000,58000,95000,95,7000000000000,,armed,1832000,scheduled
1832000,1,3,1090,3,2,tick,0,0,3,1000,1000000,1000,0,0,0,0,1000000000,1000000000,1000000000,,,1,95000,1000,0,1347,95000,58000,95000,95,7000000000000,,armed,1832000,scheduled,96000,58000,96000,96,0,,armed,1833000,blocked
1832536,0,6,320,1,0,ack,0,0,3,1000,1000000,1000,0,0,0,0,1000000000,1000000000,,107000,0,0,,,,,124000,106000,124000,124,0,,parked,,blocked,124000,107000,124000,124,0,,armed,1833000,blocked
1833000,1,1,1411,1,0,tick,1,0,3,1000,1000000,1000,0,0,0,0,1000000000,1000000000,,,,0,,,,,124000,107000,124000,124,0,,armed,1833000,blocked,124000,107000,124000,124,0,,parked,,blocked
1833000,1,3,1091,3,2,tick,0,0,3,1000,1000000,1000,0,0,0,0,1000000000,1000000000,1000000000,,,0,,,,,96000,58000,96000,96,0,,armed,1833000,blocked,96000,58000,96000,96,1000000000000,,armed,1834000,blocked
1834000,1,3,1095,3,2,tick,0,0,3,1000,1000000,1000,0,0,0,0,1000000000,1000000000,1000000000,,,0,,,,,96000,58000,96000,96,1000000000000,,armed,1834000,blocked,96000,58000,96000,96,2000000000000,,armed,1835000,blocked
1835000,1,3,1096,3,2,tick,0,0,3,1000,1000000,1000,0,0,0,0,1000000000,1000000000,1000000000,,,0,,,,,96000,58000,96000,96,2000000000000,,armed,1835000,blocked,96000,58000,96000,96,3000000000000,,armed,1836000,blocked
1836000,1,3,1097,3,2,tick,0,0,3,1000,1000000,1000,0,0,0,0,1000000000,1000000000,1000000000,,,0,,,,,96000,58000,96000,96,3000000000000,,armed,1836000,blocked,96000,58000,96000,96,4000000000000,,armed,1837000,blocked
1837000,1,3,1098,3,2,tick,0,0,3,1000,1000000,1000,0,0,0,0,1000000000,1000000000,1000000000,,,0,,,,,96000,58000,96000,96,4000000000000,,armed,1837000,blocked,96000,58000,96000,96,5000000000000,,armed,1838000,blocked
1838000,1,3,1099,3,2,tick,0,0,3,1000,1000000,1000,0,0,0,0,1000000000,1000000000,1000000000,,,0,,,,,96000,58000,96000,96,5000000000000,,armed,1838000,blocked,96000,58000,96000,96,6000000000000,,armed,1839000,blocked
1839000,1,3,1100,3,2,tick,0,0,3,1000,1000000,1000,0,0,0,0,1000000000,1000000000,1000000000,,,0,,,,,96000,58000,96000,96,6000000000000,,armed,1839000,blocked,96000,58000,96000,96,7000000000000,,armed,1840000,scheduled
1840000,1,3,1101,3,2,tick,0,0,3,1000,1000000,1000,0,0,0,0,1000000000,1000000000,1000000000,,,1,96000,1000,0,1361,96000,58000,96000,96,7000000000000,,armed,1840000,scheduled,97000,58000,97000,97,0,,armed,1841000,blocked
1840536,0,6,323,1,0,ack,0,0,3,1000,1000000,1000,0,0,0,0,1000000000,1000000000,,108000,0,0,,,,,124000,107000,124000,124,0,,parked,,blocked,124000,108000,124000,124,0,,armed,1841000,blocked
1841000,1,1,1412,1,0,tick,1,0,3,1000,1000000,1000,0,0,0,0,1000000000,1000000000,,,,0,,,,,124000,108000,124000,124,0,,armed,1841000,blocked,124000,108000,124000,124,0,,parked,,blocked
1841000,1,3,1102,3,2,tick,0,0,3,1000,1000000,1000,0,0,0,0,1000000000,1000000000,1000000000,,,0,,,,,97000,58000,97000,97,0,,armed,1841000,blocked,97000,58000,97000,97,1000000000000,,armed,1842000,blocked
1842000,1,3,1106,3,2,tick,0,0,3,1000,1000000,1000,0,0,0,0,1000000000,1000000000,1000000000,,,0,,,,,97000,58000,97000,97,1000000000000,,armed,1842000,blocked,97000,58000,97000,97,2000000000000,,armed,1843000,blocked
1843000,1,3,1107,3,2,tick,0,0,3,1000,1000000,1000,0,0,0,0,1000000000,1000000000,1000000000,,,0,,,,,97000,58000,97000,97,2000000000000,,armed,1843000,blocked,97000,58000,97000,97,3000000000000,,armed,1844000,blocked
1844000,1,3,1108,3,2,tick,0,0,3,1000,1000000,1000,0,0,0,0,1000000000,1000000000,1000000000,,,0,,,,,97000,58000,97000,97,3000000000000,,armed,1844000,blocked,97000,58000,97000,97,4000000000000,,armed,1845000,blocked
1845000,1,3,1109,3,2,tick,0,0,3,1000,1000000,1000,0,0,0,0,1000000000,1000000000,1000000000,,,0,,,,,97000,58000,97000,97,4000000000000,,armed,1845000,blocked,97000,58000,97000,97,5000000000000,,armed,1846000,blocked
1846000,1,3,1110,3,2,tick,0,0,3,1000,1000000,1000,0,0,0,0,1000000000,1000000000,1000000000,,,0,,,,,97000,58000,97000,97,5000000000000,,armed,1846000,blocked,97000,58000,97000,97,6000000000000,,armed,1847000,blocked
1847000,1,3,1111,3,2,tick,0,0,3,1000,1000000,1000,0,0,0,0,1000000000,1000000000,1000000000,,,0,,,,,97000,58000,97000,97,6000000000000,,armed,1847000,blocked,97000,58000,97000,97,7000000000000,,armed,1848000,scheduled
1848000,1,3,1112,3,2,tick,0,0,3,1000,1000000,1000,0,0,0,0,1000000000,1000000000,1000000000,,,1,97000,1000,0,1375,97000,58000,97000,97,7000000000000,,armed,1848000,scheduled,98000,58000,98000,98,0,,armed,1849000,blocked
1848536,0,6,326,1,0,ack,0,0,3,1000,1000000,1000,0,0,0,0,1000000000,1000000000,,109000,0,0,,,,,124000,108000,124000,124,0,,parked,,blocked,124000,109000,124000,124,0,,armed,1849000,blocked
1849000,1,1,1413,1,0,tick,1,0,3,1000,1000000,1000,0,0,0,0,1000000000,1000000000,,,,0,,,,,124000,109000,124000,124,0,,armed,1849000,blocked,124000,109000,124000,124,0,,parked,,blocked
1849000,1,3,1113,3,2,tick,0,0,3,1000,1000000,1000,0,0,0,0,1000000000,1000000000,1000000000,,,0,,,,,98000,58000,98000,98,0,,armed,1849000,blocked,98000,58000,98000,98,1000000000000,,armed,1850000,blocked
1850000,1,3,1117,3,2,tick,0,0,3,1000,1000000,1000,0,0,0,0,1000000000,1000000000,1000000000,,,0,,,,,98000,58000,98000,98,1000000000000,,armed,1850000,blocked,98000,58000,98000,98,2000000000000,,armed,1851000,blocked
1851000,1,3,1118,3,2,tick,0,0,3,1000,1000000,1000,0,0,0,0,1000000000,1000000000,1000000000,,,0,,,,,98000,58000,98000,98,2000000000000,,armed,1851000,blocked,98000,58000,98000,98,3000000000000,,armed,1852000,blocked
1852000,1,3,1119,3,2,tick,0,0,3,1000,1000000,1000,0,0,0,0,1000000000,1000000000,1000000000,,,0,,,,,98000,58000,98000,98,3000000000000,,armed,1852000,blocked,98000,58000,98000,98,4000000000000,,armed,1853000,blocked
1853000,1,3,1120,3,2,tick,0,0,3,1000,1000000,1000,0,0,0,0,1000000000,1000000000,1000000000,,,0,,,,,98000,58000,98000,98,4000000000000,,armed,1853000,blocked,98000,58000,98000,98,5000000000000,,armed,1854000,blocked
1854000,1,3,1121,3,2,tick,0,0,3,1000,1000000,1000,0,0,0,0,1000000000,1000000000,1000000000,,,0,,,,,98000,58000,98000,98,5000000000000,,armed,1854000,blocked,98000,58000,98000,98,6000000000000,,armed,1855000,blocked
1855000,1,3,1122,3,2,tick,0,0,3,1000,1000000,1000,0,0,0,0,1000000000,1000000000,1000000000,,,0,,,,,98000,58000,98000,98,6000000000000,,armed,1855000,blocked,98000,58000,98000,98,7000000000000,,armed,1856000,scheduled
1856000,1,3,1123,3,2,tick,0,0,3,1000,1000000,1000,0,0,0,0,1000000000,1000000000,1000000000,,,1,98000,1000,0,1389,98000,58000,98000,98,7000000000000,,armed,1856000,scheduled,99000,58000,99000,99,0,,armed,1857000,blocked
1856536,0,6,329,1,0,ack,0,0,3,1000,1000000,1000,0,0,0,0,1000000000,1000000000,,110000,0,0,,,,,124000,109000,124000,124,0,,parked,,blocked,124000,110000,124000,124,0,,armed,1857000,blocked
1857000,1,1,1414,1,0,tick,1,0,3,1000,1000000,1000,0,0,0,0,1000000000,1000000000,,,,0,,,,,124000,110000,124000,124,0,,armed,1857000,blocked,124000,110000,124000,124,0,,parked,,blocked
1857000,1,3,1124,3,2,tick,0,0,3,1000,1000000,1000,0,0,0,0,1000000000,1000000000,1000000000,,,0,,,,,99000,58000,99000,99,0,,armed,1857000,blocked,99000,58000,99000,99,1000000000000,,armed,1858000,blocked
1858000,1,3,1128,3,2,tick,0,0,3,1000,1000000,1000,0,0,0,0,1000000000,1000000000,1000000000,,,0,,,,,99000,58000,99000,99,1000000000000,,armed,1858000,blocked,99000,58000,99000,99,2000000000000,,armed,1859000,blocked
1859000,1,3,1129,3,2,tick,0,0,3,1000,1000000,1000,0,0,0,0,1000000000,1000000000,1000000000,,,0,,,,,99000,58000,99000,99,2000000000000,,armed,1859000,blocked,99000,58000,99000,99,3000000000000,,armed,1860000,blocked
1860000,1,3,1130,3,2,tick,0,0,3,1000,1000000,1000,0,0,0,0,1000000000,1000000000,1000000000,,,0,,,,,99000,58000,99000,99,3000000000000,,armed,1860000,blocked,99000,58000,99000,99,4000000000000,,armed,1861000,blocked
1861000,1,3,1131,3,2,tick,0,0,3,1000,1000000,1000,0,0,0,0,1000000000,1000000000,1000000000,,,0,,,,,99000,58000,99000,99,4000000000000,,armed,1861000,blocked,99000,58000,99000,99,5000000000000,,armed,1862000,blocked
1862000,1,3,1132,3,2,tick,0,0,3,1000,1000000,1000,0,0,0,0,1000000000,1000000000,1000000000,,,0,,,,,99000,58000,99000,99,5000000000000,,armed,1862000,blocked,99000,58000,99000,99,6000000000000,,armed,1863000,blocked
1863000,1,3,1133,3,2,tick,0,0,3,1000,1000000,1000,0,0,0,0,1000000000,1000000000,1000000000,,,0,,,,,99000,58000,99000,99,6000000000000,,armed,1863000,blocked,99000,58000,99000,99,7000000000000,,armed,1864000,scheduled
1864000,1,3,1134,3,2,tick,0,0,3,1000,1000000,1000,0,0,0,0,1000000000,1000000000,1000000000,,,1,99000,1000,0,1403,99000,58000,99000,99,7000000000000,,armed,1864000,scheduled,100000,58000,100000,100,0,,armed,1865000,blocked
1864536,0,6,332,1,0,ack,0,0,3,1000,1000000,1000,0,0,0,0,1000000000,1000000000,,111000,0,0,,,,,124000,110000,124000,124,0,,parked,,blocked,124000,111000,124000,124,0,,armed,1865000,blocked
1865000,1,1,1415,1,0,tick,1,0,3,1000,1000000,1000,0,0,0,0,1000000000,1000000000,,,,0,,,,,124000,111000,124000,124,0,,armed,1865000,blocked,124000,111000,124000,124,0,,parked,,blocked
1865000,1,3,1135,3,2,tick,0,0,3,1000,1000000,1000,0,0,0,0,1000000000,1000000000,1000000000,,,0,,,,,100000,58000,100000,100,0,,armed,1865000,blocked,100000,58000,100000,100,1000000000000,,armed,1866000,blocked
1866000,1,3,1139,3,2,tick,0,0,3,1000,1000000,1000,0,0,0,0,1000000000,1000000000,1000000000,,,0,,,,,100000,58000,100000,100,1000000000000,,armed,1866000,blocked,100000,58000,100000,100,2000000000000,,armed,1867000,blocked
1867000,1,3,1140,3,2,tick,0,0,3,1000,1000000,1000,0,0,0,0,1000000000,1000000000,1000000000,,,0,,,,,100000,58000,100000,100,2000000000000,,armed,1867000,blocked,100000,58000,100000,100,3000000000000,,armed,1868000,blocked
1868000,1,3,1141,3,2,tick,0,0,3,1000,1000000,1000,0,0,0,0,1000000000,1000000000,1000000000,,,0,,,,,100000,58000,100000,100,3000000000000,,armed,1868000,blocked,100000,58000,100000,100,4000000000000,,armed,1869000,blocked
1869000,1,3,1142,3,2,tick,0,0,3,1000,1000000,1000,0,0,0,0,1000000000,1000000000,1000000000,,,0,,,,,100000,58000,100000,100,4000000000000,,armed,1869000,blocked,100000,58000,100000,100,5000000000000,,armed,1870000,blocked
1870000,1,3,1143,3,2,tick,0,0,3,1000,1000000,1000,0,0,0,0,1000000000,1000000000,1000000000,,,0,,,,,100000,58000,100000,100,5000000000000,,armed,1870000,blocked,100000,58000,100000,100,6000000000000,,armed,1871000,blocked
1871000,1,3,1144,3,2,tick,0,0,3,1000,1000000,1000,0,0,0,0,1000000000,1000000000,1000000000,,,0,,,,,100000,58000,100000,100,6000000000000,,armed,1871000,blocked,100000,58000,100000,100,7000000000000,,armed,1872000,scheduled
1871512,0,7,717,1,0,resume,0,0,3,1000,1000000,1000,0,0,0,0,1000000000,1000000000,,,,0,,,,,124000,111000,124000,124,0,,parked,,blocked,124000,111000,124000,124,0,,armed,1872000,blocked
