time_ns,event_phase,event_origin_node,event_origin_sequence,node_id,queue_id,kind,controlled_link,controller,priority,xon_bytes,xoff_bytes,buffer_capacity_bytes,amount_bytes,occupancy_action,before_occupancy_bytes,before_asserted,after_occupancy_bytes,after_asserted,control_action,before_controllers,after_controllers
15000,0,1,11,7,0,threshold,1,,3,10000,20000,100000,1000,admit,0,0,1000,0,,,
15000,0,2,11,10,0,threshold,2,,3,10000,20000,100000,1000,admit,0,0,1000,0,,,
15000,0,3,11,13,0,threshold,3,,3,10000,20000,100000,1000,admit,0,0,1000,0,,,
15000,2,7,0,7,0,threshold,1,,3,10000,20000,100000,1000,drain,1000,0,0,0,,,
15000,2,10,0,10,0,threshold,2,,3,10000,20000,100000,1000,drain,1000,0,0,0,,,
15000,2,13,0,13,0,threshold,3,,3,10000,20000,100000,1000,drain,1000,0,0,0,,,
23000,0,1,22,7,0,threshold,1,,3,10000,20000,100000,1000,admit,0,0,1000,0,,,
23000,0,2,22,10,0,threshold,2,,3,10000,20000,100000,1000,admit,0,0,1000,0,,,
23000,0,3,22,13,0,threshold,3,,3,10000,20000,100000,1000,admit,0,0,1000,0,,,
23000,0,7,2,4,0,threshold,7,,3,10000,20000,100000,1000,admit,0,0,1000,0,,,
23000,0,10,2,7,0,threshold,10,,3,10000,20000,100000,1000,admit,0,0,1000,0,,,
23000,0,13,2,10,0,threshold,13,,3,10000,20000,100000,1000,admit,0,0,1000,0,,,
23000,2,4,0,4,0,threshold,7,,3,10000,20000,100000,1000,drain,1000,0,0,0,,,
23000,2,7,3,7,0,threshold,1,,3,10000,20000,100000,1000,drain,1000,0,0,0,,,
23000,2,10,3,10,0,threshold,2,,3,10000,20000,100000,1000,drain,1000,0,0,0,,,
23000,2,13,3,13,0,threshold,3,,3,10000,20000,100000,1000,drain,1000,0,0,0,,,
31000,0,1,33,7,0,threshold,1,,3,10000,20000,100000,1000,admit,0,0,1000,0,,,
31000,0,2,33,10,0,threshold,2,,3,10000,20000,100000,1000,admit,0,0,1000,0,,,
31000,0,3,33,13,0,threshold,3,,3,10000,20000,100000,1000,admit,0,0,1000,0,,,
31000,0,7,5,4,0,threshold,7,,3,10000,20000,100000,1000,admit,0,0,1000,0,,,
31000,0,10,5,7,0,threshold,10,,3,10000,20000,100000,1000,admit,1000,0,2000,0,,,
31000,0,13,5,10,0,threshold,13,,3,10000,20000,100000,1000,admit,1000,0,2000,0,,,
31000,2,4,3,4,0,threshold,7,,3,10000,20000,100000,1000,drain,1000,0,0,0,,,
31000,2,7,6,7,0,threshold,10,,3,10000,20000,100000,1000,drain,2000,0,1000,0,,,
31000,2,10,6,10,0,threshold,13,,3,10000,20000,100000,1000,drain,2000,0,1000,0,,,
31000,2,13,6,13,0,threshold,3,,3,10000,20000,100000,1000,drain,1000,0,0,0,,,
39000,0,1,44,7,0,threshold,1,,3,10000,20000,100000,1000,admit,1000,0,2000,0,,,
39000,0,2,44,10,0,threshold,2,,3,10000,20000,100000,1000,admit,1000,0,2000,0,,,
39000,0,3,44,13,0,threshold,3,,3,10000,20000,100000,1000,admit,0,0,1000,0,,,
39000,0,7,8,4,0,threshold,7,,3,10000,20000,100000,1000,admit,0,0,1000,0,,,
39000,0,10,8,7,0,threshold,10,,3,10000,20000,100000,1000,admit,1000,0,2000,0,,,
39000,0,13,8,10,0,threshold,13,,3,10000,20000,100000,1000,admit,1000,0,2000,0,,,
39000,2,4,6,4,0,threshold,7,,3,10000,20000,100000,1000,drain,1000,0,0,0,,,
39000,2,7,9,7,0,threshold,1,,3,10000,20000,100000,1000,drain,2000,0,1000,0,,,
39000,2,10,9,10,0,threshold,2,,3,10000,20000,100000,1000,drain,2000,0,1000,0,,,
39000,2,13,9,13,0,threshold,3,,3,10000,20000,100000,1000,drain,1000,0,0,0,,,
47000,0,1,55,7,0,threshold,1,,3,10000,20000,100000,1000,admit,1000,0,2000,0,,,
47000,0,2,55,10,0,threshold,2,,3,10000,20000,100000,1000,admit,1000,0,2000,0,,,
47000,0,3,55,13,0,threshold,3,,3,10000,20000,100000,1000,admit,0,0,1000,0,,,
47000,0,7,11,4,0,threshold,7,,3,10000,20000,100000,1000,admit,0,0,1000,0,,,
47000,0,10,11,7,0,threshold,10,,3,10000,20000,100000,1000,admit,2000,0,3000,0,,,
47000,0,13,11,10,0,threshold,13,,3,10000,20000,100000,1000,admit,2000,0,3000,0,,,
47000,2,4,9,4,0,threshold,7,,3,10000,20000,100000,1000,drain,1000,0,0,0,,,
47000,2,7,12,7,0,threshold,10,,3,10000,20000,100000,1000,drain,3000,0,2000,0,,,
47000,2,10,12,10,0,threshold,13,,3,10000,20000,100000,1000,drain,3000,0,2000,0,,,
47000,2,13,12,13,0,threshold,3,,3,10000,20000,100000,1000,drain,1000,0,0,0,,,
55000,0,1,66,7,0,threshold,1,,3,10000,20000,100000,1000,admit,2000,0,3000,0,,,
55000,0,2,66,10,0,threshold,2,,3,10000,20000,100000,1000,admit,2000,0,3000,0,,,
55000,0,3,66,13,0,threshold,3,,3,10000,20000,100000,1000,admit,0,0,1000,0,,,
55000,0,7,14,4,0,threshold,7,,3,10000,20000,100000,1000,admit,0,0,1000,0,,,
55000,0,10,14,7,0,threshold,10,,3,10000,20000,100000,1000,admit,2000,0,3000,0,,,
55000,0,13,14,10,0,threshold,13,,3,10000,20000,100000,1000,admit,2000,0,3000,0,,,
55000,2,4,12,4,0,threshold,7,,3,10000,20000,100000,1000,drain,1000,0,0,0,,,
55000,2,7,15,7,0,threshold,1,,3,10000,20000,100000,1000,drain,3000,0,2000,0,,,
55000,2,10,15,10,0,threshold,2,,3,10000,20000,100000,1000,drain,3000,0,2000,0,,,
55000,2,13,15,13,0,threshold,3,,3,10000,20000,100000,1000,drain,1000,0,0,0,,,
63000,0,1,77,7,0,threshold,1,,3,10000,20000,100000,1000,admit,2000,0,3000,0,,,
63000,0,2,77,10,0,threshold,2,,3,10000,20000,100000,1000,admit,2000,0,3000,0,,,
63000,0,3,77,13,0,threshold,3,,3,10000,20000,100000,1000,admit,0,0,1000,0,,,
63000,0,7,17,4,0,threshold,7,,3,10000,20000,100000,1000,admit,0,0,1000,0,,,
63000,0,10,17,7,0,threshold,10,,3,10000,20000,100000,1000,admit,3000,0,4000,0,,,
63000,0,13,17,10,0,threshold,13,,3,10000,20000,100000,1000,admit,3000,0,4000,0,,,
63000,2,4,15,4,0,threshold,7,,3,10000,20000,100000,1000,drain,1000,0,0,0,,,
63000,2,7,18,7,0,threshold,10,,3,10000,20000,100000,1000,drain,4000,0,3000,0,,,
63000,2,10,18,10,0,threshold,13,,3,10000,20000,100000,1000,drain,4000,0,3000,0,,,
63000,2,13,18,13,0,threshold,3,,3,10000,20000,100000,1000,drain,1000,0,0,0,,,
71000,0,1,88,7,0,threshold,1,,3,10000,20000,100000,1000,admit,3000,0,4000,0,,,
71000,0,2,88,10,0,threshold,2,,3,10000,20000,100000,1000,admit,3000,0,4000,0,,,
71000,0,3,88,13,0,threshold,3,,3,10000,20000,100000,1000,admit,0,0,1000,0,,,
71000,0,7,20,4,0,threshold,7,,3,10000,20000,100000,1000,admit,0,0,1000,0,,,
71000,0,10,20,7,0,threshold,10,,3,10000,20000,100000,1000,admit,3000,0,4000,0,,,
71000,0,13,20,10,0,threshold,13,,3,10000,20000,100000,1000,admit,3000,0,4000,0,,,
71000,2,4,18,4,0,threshold,7,,3,10000,20000,100000,1000,drain,1000,0,0,0,,,
71000,2,7,21,7,0,threshold,1,,3,10000,20000,100000,1000,drain,4000,0,3000,0,,,
71000,2,10,21,10,0,threshold,2,,3,10000,20000,100000,1000,drain,4000,0,3000,0,,,
71000,2,13,21,13,0,threshold,3,,3,10000,20000,100000,1000,drain,1000,0,0,0,,,
79000,0,1,99,7,0,threshold,1,,3,10000,20000,100000,1000,admit,3000,0,4000,0,,,
79000,0,2,99,10,0,threshold,2,,3,10000,20000,100000,1000,admit,3000,0,4000,0,,,
79000,0,3,99,13,0,threshold,3,,3,10000,20000,100000,1000,admit,0,0,1000,0,,,
79000,0,7,23,4,0,threshold,7,,3,10000,20000,100000,1000,admit,0,0,1000,0,,,
79000,0,10,23,7,0,threshold,10,,3,10000,20000,100000,1000,admit,4000,0,5000,0,,,
79000,0,13,23,10,0,threshold,13,,3,10000,20000,100000,1000,admit,4000,0,5000,0,,,
79000,2,4,21,4,0,threshold,7,,3,10000,20000,100000,1000,drain,1000,0,0,0,,,
79000,2,7,24,7,0,threshold,10,,3,10000,20000,100000,1000,drain,5000,0,4000,0,,,
79000,2,10,24,10,0,threshold,13,,3,10000,20000,100000,1000,drain,5000,0,4000,0,,,
79000,2,13,24,13,0,threshold,3,,3,10000,20000,100000,1000,drain,1000,0,0,0,,,
87000,0,1,110,7,0,threshold,1,,3,10000,20000,100000,1000,admit,4000,0,5000,0,,,
87000,0,2,110,10,0,threshold,2,,3,10000,20000,100000,1000,admit,4000,0,5000,0,,,
87000,0,3,110,13,0,threshold,3,,3,10000,20000,100000,1000,admit,0,0,1000,0,,,
87000,0,7,26,4,0,threshold,7,,3,10000,20000,100000,1000,admit,0,0,1000,0,,,
87000,0,10,26,7,0,threshold,10,,3,10000,20000,100000,1000,admit,4000,0,5000,0,,,
87000,0,13,26,10,0,threshold,13,,3,10000,20000,100000,1000,admit,4000,0,5000,0,,,
87000,2,4,24,4,0,threshold,7,,3,10000,20000,100000,1000,drain,1000,0,0,0,,,
87000,2,7,27,7,0,threshold,1,,3,10000,20000,100000,1000,drain,5000,0,4000,0,,,
87000,2,10,27,10,0,threshold,2,,3,10000,20000,100000,1000,drain,5000,0,4000,0,,,
87000,2,13,27,13,0,threshold,3,,3,10000,20000,100000,1000,drain,1000,0,0,0,,,
95000,0,1,121,7,0,threshold,1,,3,10000,20000,100000,1000,admit,4000,0,5000,0,,,
95000,0,2,121,10,0,threshold,2,,3,10000,20000,100000,1000,admit,4000,0,5000,0,,,
95000,0,3,121,13,0,threshold,3,,3,10000,20000,100000,1000,admit,0,0,1000,0,,,
95000,0,7,29,4,0,threshold,7,,3,10000,20000,100000,1000,admit,0,0,1000,0,,,
95000,0,10,29,7,0,threshold,10,,3,10000,20000,100000,1000,admit,5000,0,6000,0,,,
95000,0,13,29,10,0,threshold,13,,3,10000,20000,100000,1000,admit,5000,0,6000,0,,,
95000,2,4,27,4,0,threshold,7,,3,10000,20000,100000,1000,drain,1000,0,0,0,,,
95000,2,7,30,7,0,threshold,10,,3,10000,20000,100000,1000,drain,6000,0,5000,0,,,
95000,2,10,30,10,0,threshold,13,,3,10000,20000,100000,1000,drain,6000,0,5000,0,,,
95000,2,13,30,13,0,threshold,3,,3,10000,20000,100000,1000,drain,1000,0,0,0,,,
103000,0,1,132,7,0,threshold,1,,3,10000,20000,100000,1000,admit,5000,0,6000,0,,,
103000,0,2,132,10,0,threshold,2,,3,10000,20000,100000,1000,admit,5000,0,6000,0,,,
103000,0,3,132,13,0,threshold,3,,3,10000,20000,100000,1000,admit,0,0,1000,0,,,
103000,0,7,32,4,0,threshold,7,,3,10000,20000,100000,1000,admit,0,0,1000,0,,,
103000,0,10,32,7,0,threshold,10,,3,10000,20000,100000,1000,admit,5000,0,6000,0,,,
103000,0,13,32,10,0,threshold,13,,3,10000,20000,100000,1000,admit,5000,0,6000,0,,,
103000,2,4,30,4,0,threshold,7,,3,10000,20000,100000,1000,drain,1000,0,0,0,,,
103000,2,7,33,7,0,threshold,1,,3,10000,20000,100000,1000,drain,6000,0,5000,0,,,
103000,2,10,33,10,0,threshold,2,,3,10000,20000,100000,1000,drain,6000,0,5000,0,,,
103000,2,13,33,13,0,threshold,3,,3,10000,20000,100000,1000,drain,1000,0,0,0,,,
111000,0,1,143,7,0,threshold,1,,3,10000,20000,100000,1000,admit,5000,0,6000,0,,,
111000,0,2,143,10,0,threshold,2,,3,10000,20000,100000,1000,admit,5000,0,6000,0,,,
111000,0,3,143,13,0,threshold,3,,3,10000,20000,100000,1000,admit,0,0,1000,0,,,
111000,0,7,35,4,0,threshold,7,,3,10000,20000,100000,1000,admit,0,0,1000,0,,,
111000,0,10,35,7,0,threshold,10,,3,10000,20000,100000,1000,admit,6000,0,7000,0,,,
111000,0,13,35,10,0,threshold,13,,3,10000,20000,100000,1000,admit,6000,0,7000,0,,,
111000,2,4,33,4,0,threshold,7,,3,10000,20000,100000,1000,drain,1000,0,0,0,,,
111000,2,7,36,7,0,threshold,10,,3,10000,20000,100000,1000,drain,7000,0,6000,0,,,
111000,2,10,36,10,0,threshold,13,,3,10000,20000,100000,1000,drain,7000,0,6000,0,,,
111000,2,13,36,13,0,threshold,3,,3,10000,20000,100000,1000,drain,1000,0,0,0,,,
119000,0,1,154,7,0,threshold,1,,3,10000,20000,100000,1000,admit,6000,0,7000,0,,,
119000,0,2,154,10,0,threshold,2,,3,10000,20000,100000,1000,admit,6000,0,7000,0,,,
119000,0,3,154,13,0,threshold,3,,3,10000,20000,100000,1000,admit,0,0,1000,0,,,
119000,0,7,38,4,0,threshold,7,,3,10000,20000,100000,1000,admit,0,0,1000,0,,,
119000,0,10,38,7,0,threshold,10,,3,10000,20000,100000,1000,admit,6000,0,7000,0,,,
119000,0,13,38,10,0,threshold,13,,3,10000,20000,100000,1000,admit,6000,0,7000,0,,,
119000,2,4,36,4,0,threshold,7,,3,10000,20000,100000,1000,drain,1000,0,0,0,,,
119000,2,7,39,7,0,threshold,1,,3,10000,20000,100000,1000,drain,7000,0,6000,0,,,
119000,2,10,39,10,0,threshold,2,,3,10000,20000,100000,1000,drain,7000,0,6000,0,,,
119000,2,13,39,13,0,threshold,3,,3,10000,20000,100000,1000,drain,1000,0,0,0,,,
127000,0,1,165,7,0,threshold,1,,3,10000,20000,100000,1000,admit,6000,0,7000,0,,,
127000,0,2,165,10,0,threshold,2,,3,10000,20000,100000,1000,admit,6000,0,7000,0,,,
127000,0,3,165,13,0,threshold,3,,3,10000,20000,100000,1000,admit,0,0,1000,0,,,
127000,0,7,41,4,0,threshold,7,,3,10000,20000,100000,1000,admit,0,0,1000,0,,,
127000,0,10,41,7,0,threshold,10,,3,10000,20000,100000,1000,admit,7000,0,8000,0,,,
127000,0,13,41,10,0,threshold,13,,3,10000,20000,100000,1000,admit,7000,0,8000,0,,,
127000,2,4,39,4,0,threshold,7,,3,10000,20000,100000,1000,drain,1000,0,0,0,,,
127000,2,7,42,7,0,threshold,10,,3,10000,20000,100000,1000,drain,8000,0,7000,0,,,
127000,2,10,42,10,0,threshold,13,,3,10000,20000,100000,1000,drain,8000,0,7000,0,,,
127000,2,13,42,13,0,threshold,3,,3,10000,20000,100000,1000,drain,1000,0,0,0,,,
135000,0,1,176,7,0,threshold,1,,3,10000,20000,100000,1000,admit,7000,0,8000,0,,,
135000,0,2,176,10,0,threshold,2,,3,10000,20000,100000,1000,admit,7000,0,8000,0,,,
135000,0,3,176,13,0,threshold,3,,3,10000,20000,100000,1000,admit,0,0,1000,0,,,
135000,0,7,44,4,0,threshold,7,,3,10000,20000,100000,1000,admit,0,0,1000,0,,,
135000,0,10,44,7,0,threshold,10,,3,10000,20000,100000,1000,admit,7000,0,8000,0,,,
135000,0,13,44,10,0,threshold,13,,3,10000,20000,100000,1000,admit,7000,0,8000,0,,,
135000,2,4,42,4,0,threshold,7,,3,10000,20000,100000,1000,drain,1000,0,0,0,,,
135000,2,7,45,7,0,threshold,1,,3,10000,20000,100000,1000,drain,8000,0,7000,0,,,
135000,2,10,45,10,0,threshold,2,,3,10000,20000,100000,1000,drain,8000,0,7000,0,,,
135000,2,13,45,13,0,threshold,3,,3,10000,20000,100000,1000,drain,1000,0,0,0,,,
143000,0,1,187,7,0,threshold,1,,3,10000,20000,100000,1000,admit,7000,0,8000,0,,,
143000,0,2,187,10,0,threshold,2,,3,10000,20000,100000,1000,admit,7000,0,8000,0,,,
143000,0,3,187,13,0,threshold,3,,3,10000,20000,100000,1000,admit,0,0,1000,0,,,
143000,0,7,47,4,0,threshold,7,,3,10000,20000,100000,1000,admit,0,0,1000,0,,,
143000,0,10,47,7,0,threshold,10,,3,10000,20000,100000,1000,admit,8000,0,9000,0,,,
143000,0,13,47,10,0,threshold,13,,3,10000,20000,100000,1000,admit,8000,0,9000,0,,,
143000,2,4,45,4,0,threshold,7,,3,10000,20000,100000,1000,drain,1000,0,0,0,,,
143000,2,7,48,7,0,threshold,10,,3,10000,20000,100000,1000,drain,9000,0,8000,0,,,
143000,2,10,48,10,0,threshold,13,,3,10000,20000,100000,1000,drain,9000,0,8000,0,,,
143000,2,13,48,13,0,threshold,3,,3,10000,20000,100000,1000,drain,1000,0,0,0,,,
151000,0,1,198,7,0,threshold,1,,3,10000,20000,100000,1000,admit,8000,0,9000,0,,,
151000,0,2,198,10,0,threshold,2,,3,10000,20000,100000,1000,admit,8000,0,9000,0,,,
151000,0,3,198,13,0,threshold,3,,3,10000,20000,100000,1000,admit,0,0,1000,0,,,
151000,0,7,50,4,0,threshold,7,,3,10000,20000,100000,1000,admit,0,0,1000,0,,,
151000,0,10,50,7,0,threshold,10,,3,10000,20000,100000,1000,admit,8000,0,9000,0,,,
151000,0,13,50,10,0,threshold,13,,3,10000,20000,100000,1000,admit,8000,0,9000,0,,,
151000,2,4,48,4,0,threshold,7,,3,10000,20000,100000,1000,drain,1000,0,0,0,,,
151000,2,7,51,7,0,threshold,1,,3,10000,20000,100000,1000,drain,9000,0,8000,0,,,
151000,2,10,51,10,0,threshold,2,,3,10000,20000,100000,1000,drain,9000,0,8000,0,,,
151000,2,13,51,13,0,threshold,3,,3,10000,20000,100000,1000,drain,1000,0,0,0,,,
159000,0,1,209,7,0,threshold,1,,3,10000,20000,100000,1000,admit,8000,0,9000,0,,,
159000,0,2,209,10,0,threshold,2,,3,10000,20000,100000,1000,admit,8000,0,9000,0,,,
159000,0,3,209,13,0,threshold,3,,3,10000,20000,100000,1000,admit,0,0,1000,0,,,
159000,0,7,53,4,0,threshold,7,,3,10000,20000,100000,1000,admit,0,0,1000,0,,,
159000,0,10,53,7,0,threshold,10,,3,10000,20000,100000,1000,admit,9000,0,10000,0,,,
159000,0,13,53,10,0,threshold,13,,3,10000,20000,100000,1000,admit,9000,0,10000,0,,,
159000,2,4,51,4,0,threshold,7,,3,10000,20000,100000,1000,drain,1000,0,0,0,,,
159000,2,7,54,7,0,threshold,10,,3,10000,20000,100000,1000,drain,10000,0,9000,0,,,
159000,2,10,54,10,0,threshold,13,,3,10000,20000,100000,1000,drain,10000,0,9000,0,,,
159000,2,13,54,13,0,threshold,3,,3,10000,20000,100000,1000,drain,1000,0,0,0,,,
167000,0,1,220,7,0,threshold,1,,3,10000,20000,100000,1000,admit,9000,0,10000,0,,,
167000,0,2,220,10,0,threshold,2,,3,10000,20000,100000,1000,admit,9000,0,10000,0,,,
167000,0,3,220,13,0,threshold,3,,3,10000,20000,100000,1000,admit,0,0,1000,0,,,
167000,0,7,56,4,0,threshold,7,,3,10000,20000,100000,1000,admit,0,0,1000,0,,,
167000,0,10,56,7,0,threshold,10,,3,10000,20000,100000,1000,admit,9000,0,10000,0,,,
167000,0,13,56,10,0,threshold,13,,3,10000,20000,100000,1000,admit,9000,0,10000,0,,,
167000,2,4,54,4,0,threshold,7,,3,10000,20000,100000,1000,drain,1000,0,0,0,,,
167000,2,7,57,7,0,threshold,1,,3,10000,20000,100000,1000,drain,10000,0,9000,0,,,
167000,2,10,57,10,0,threshold,2,,3,10000,20000,100000,1000,drain,10000,0,9000,0,,,
167000,2,13,57,13,0,threshold,3,,3,10000,20000,100000,1000,drain,1000,0,0,0,,,
175000,0,1,231,7,0,threshold,1,,3,10000,20000,100000,1000,admit,9000,0,10000,0,,,
175000,0,2,231,10,0,threshold,2,,3,10000,20000,100000,1000,admit,9000,0,10000,0,,,
175000,0,3,231,13,0,threshold,3,,3,10000,20000,100000,1000,admit,0,0,1000,0,,,
175000,0,7,59,4,0,threshold,7,,3,10000,20000,100000,1000,admit,0,0,1000,0,,,
175000,0,10,59,7,0,threshold,10,,3,10000,20000,100000,1000,admit,10000,0,11000,0,,,
175000,0,13,59,10,0,threshold,13,,3,10000,20000,100000,1000,admit,10000,0,11000,0,,,
175000,2,4,57,4,0,threshold,7,,3,10000,20000,100000,1000,drain,1000,0,0,0,,,
175000,2,7,60,7,0,threshold,10,,3,10000,20000,100000,1000,drain,11000,0,10000,0,,,
175000,2,10,60,10,0,threshold,13,,3,10000,20000,100000,1000,drain,11000,0,10000,0,,,
175000,2,13,60,13,0,threshold,3,,3,10000,20000,100000,1000,drain,1000,0,0,0,,,
183000,0,1,242,7,0,threshold,1,,3,10000,20000,100000,1000,admit,10000,0,11000,0,,,
183000,0,2,242,10,0,threshold,2,,3,10000,20000,100000,1000,admit,10000,0,11000,0,,,
183000,0,3,242,13,0,threshold,3,,3,10000,20000,100000,1000,admit,0,0,1000,0,,,
183000,0,7,62,4,0,threshold,7,,3,10000,20000,100000,1000,admit,0,0,1000,0,,,
183000,0,10,62,7,0,threshold,10,,3,10000,20000,100000,1000,admit,10000,0,11000,0,,,
183000,0,13,62,10,0,threshold,13,,3,10000,20000,100000,1000,admit,10000,0,11000,0,,,
183000,2,4,60,4,0,threshold,7,,3,10000,20000,100000,1000,drain,1000,0,0,0,,,
183000,2,7,63,7,0,threshold,1,,3,10000,20000,100000,1000,drain,11000,0,10000,0,,,
183000,2,10,63,10,0,threshold,2,,3,10000,20000,100000,1000,drain,11000,0,10000,0,,,
183000,2,13,63,13,0,threshold,3,,3,10000,20000,100000,1000,drain,1000,0,0,0,,,
191000,0,1,253,7,0,threshold,1,,3,10000,20000,100000,1000,admit,10000,0,11000,0,,,
191000,0,2,253,10,0,threshold,2,,3,10000,20000,100000,1000,admit,10000,0,11000,0,,,
191000,0,3,253,13,0,threshold,3,,3,10000,20000,100000,1000,admit,0,0,1000,0,,,
191000,0,7,65,4,0,threshold,7,,3,10000,20000,100000,1000,admit,0,0,1000,0,,,
191000,0,10,65,7,0,threshold,10,,3,10000,20000,100000,1000,admit,11000,0,12000,0,,,
191000,0,13,65,10,0,threshold,13,,3,10000,20000,100000,1000,admit,11000,0,12000,0,,,
191000,2,4,63,4,0,threshold,7,,3,10000,20000,100000,1000,drain,1000,0,0,0,,,
191000,2,7,66,7,0,threshold,10,,3,10000,20000,100000,1000,drain,12000,0,11000,0,,,
191000,2,10,66,10,0,threshold,13,,3,10000,20000,100000,1000,drain,12000,0,11000,0,,,
191000,2,13,66,13,0,threshold,3,,3,10000,20000,100000,1000,drain,1000,0,0,0,,,
199000,0,1,264,7,0,threshold,1,,3,10000,20000,100000,1000,admit,11000,0,12000,0,,,
199000,0,2,264,10,0,threshold,2,,3,10000,20000,100000,1000,admit,11000,0,12000,0,,,
199000,0,3,264,13,0,threshold,3,,3,10000,20000,100000,1000,admit,0,0,1000,0,,,
199000,0,7,68,4,0,threshold,7,,3,10000,20000,100000,1000,admit,0,0,1000,0,,,
199000,0,10,68,7,0,threshold,10,,3,10000,20000,100000,1000,admit,11000,0,12000,0,,,
199000,0,13,68,10,0,threshold,13,,3,10000,20000,100000,1000,admit,11000,0,12000,0,,,
199000,2,4,66,4,0,threshold,7,,3,10000,20000,100000,1000,drain,1000,0,0,0,,,
199000,2,7,69,7,0,threshold,1,,3,10000,20000,100000,1000,drain,12000,0,11000,0,,,
199000,2,10,69,10,0,threshold,2,,3,10000,20000,100000,1000,drain,12000,0,11000,0,,,
199000,2,13,69,13,0,threshold,3,,3,10000,20000,100000,1000,drain,1000,0,0,0,,,
207000,0,1,275,7,0,threshold,1,,3,10000,20000,100000,1000,admit,11000,0,12000,0,,,
207000,0,2,275,10,0,threshold,2,,3,10000,20000,100000,1000,admit,11000,0,12000,0,,,
207000,0,3,275,13,0,threshold,3,,3,10000,20000,100000,1000,admit,0,0,1000,0,,,
207000,0,7,71,4,0,threshold,7,,3,10000,20000,100000,1000,admit,0,0,1000,0,,,
207000,0,10,71,7,0,threshold,10,,3,10000,20000,100000,1000,admit,12000,0,13000,0,,,
207000,0,13,71,10,0,threshold,13,,3,10000,20000,100000,1000,admit,12000,0,13000,0,,,
207000,2,4,69,4,0,threshold,7,,3,10000,20000,100000,1000,drain,1000,0,0,0,,,
207000,2,7,72,7,0,threshold,10,,3,10000,20000,100000,1000,drain,13000,0,12000,0,,,
207000,2,10,72,10,0,threshold,13,,3,10000,20000,100000,1000,drain,13000,0,12000,0,,,
207000,2,13,72,13,0,threshold,3,,3,10000,20000,100000,1000,drain,1000,0,0,0,,,
215000,0,1,286,7,0,threshold,1,,3,10000,20000,100000,1000,admit,12000,0,13000,0,,,
215000,0,2,286,10,0,threshold,2,,3,10000,20000,100000,1000,admit,12000,0,13000,0,,,
215000,0,3,286,13,0,threshold,3,,3,10000,20000,100000,1000,admit,0,0,1000,0,,,
215000,0,7,74,4,0,threshold,7,,3,10000,20000,100000,1000,admit,0,0,1000,0,,,
215000,0,10,74,7,0,threshold,10,,3,10000,20000,100000,1000,admit,12000,0,13000,0,,,
215000,0,13,74,10,0,threshold,13,,3,10000,20000,100000,1000,admit,12000,0,13000,0,,,
215000,2,4,72,4,0,threshold,7,,3,10000,20000,100000,1000,drain,1000,0,0,0,,,
215000,2,7,75,7,0,threshold,1,,3,10000,20000,100000,1000,drain,13000,0,12000,0,,,
215000,2,10,75,10,0,threshold,2,,3,10000,20000,100000,1000,drain,13000,0,12000,0,,,
215000,2,13,75,13,0,threshold,3,,3,10000,20000,100000,1000,drain,1000,0,0,0,,,
223000,0,1,297,7,0,threshold,1,,3,10000,20000,100000,1000,admit,12000,0,13000,0,,,
223000,0,2,297,10,0,threshold,2,,3,10000,20000,100000,1000,admit,12000,0,13000,0,,,
223000,0,3,297,13,0,threshold,3,,3,10000,20000,100000,1000,admit,0,0,1000,0,,,
223000,0,7,77,4,0,threshold,7,,3,10000,20000,100000,1000,admit,0,0,1000,0,,,
223000,0,10,77,7,0,threshold,10,,3,10000,20000,100000,1000,admit,13000,0,14000,0,,,
223000,0,13,77,10,0,threshold,13,,3,10000,20000,100000,1000,admit,13000,0,14000,0,,,
223000,2,4,75,4,0,threshold,7,,3,10000,20000,100000,1000,drain,1000,0,0,0,,,
223000,2,7,78,7,0,threshold,10,,3,10000,20000,100000,1000,drain,14000,0,13000,0,,,
223000,2,10,78,10,0,threshold,13,,3,10000,20000,100000,1000,drain,14000,0,13000,0,,,
223000,2,13,78,13,0,threshold,3,,3,10000,20000,100000,1000,drain,1000,0,0,0,,,
231000,0,1,308,7,0,threshold,1,,3,10000,20000,100000,1000,admit,13000,0,14000,0,,,
231000,0,2,308,10,0,threshold,2,,3,10000,20000,100000,1000,admit,13000,0,14000,0,,,
231000,0,3,308,13,0,threshold,3,,3,10000,20000,100000,1000,admit,0,0,1000,0,,,
231000,0,7,80,4,0,threshold,7,,3,10000,20000,100000,1000,admit,0,0,1000,0,,,
231000,0,10,80,7,0,threshold,10,,3,10000,20000,100000,1000,admit,13000,0,14000,0,,,
231000,0,13,80,10,0,threshold,13,,3,10000,20000,100000,1000,admit,13000,0,14000,0,,,
231000,2,4,78,4,0,threshold,7,,3,10000,20000,100000,1000,drain,1000,0,0,0,,,
231000,2,7,81,7,0,threshold,1,,3,10000,20000,100000,1000,drain,14000,0,13000,0,,,
231000,2,10,81,10,0,threshold,2,,3,10000,20000,100000,1000,drain,14000,0,13000,0,,,
231000,2,13,81,13,0,threshold,3,,3,10000,20000,100000,1000,drain,1000,0,0,0,,,
239000,0,1,319,7,0,threshold,1,,3,10000,20000,100000,1000,admit,13000,0,14000,0,,,
239000,0,2,319,10,0,threshold,2,,3,10000,20000,100000,1000,admit,13000,0,14000,0,,,
239000,0,3,319,13,0,threshold,3,,3,10000,20000,100000,1000,admit,0,0,1000,0,,,
239000,0,7,83,4,0,threshold,7,,3,10000,20000,100000,1000,admit,0,0,1000,0,,,
239000,0,10,83,7,0,threshold,10,,3,10000,20000,100000,1000,admit,14000,0,15000,0,,,
239000,0,13,83,10,0,threshold,13,,3,10000,20000,100000,1000,admit,14000,0,15000,0,,,
239000,2,4,81,4,0,threshold,7,,3,10000,20000,100000,1000,drain,1000,0,0,0,,,
239000,2,7,84,7,0,threshold,10,,3,10000,20000,100000,1000,drain,15000,0,14000,0,,,
239000,2,10,84,10,0,threshold,13,,3,10000,20000,100000,1000,drain,15000,0,14000,0,,,
239000,2,13,84,13,0,threshold,3,,3,10000,20000,100000,1000,drain,1000,0,0,0,,,
247000,0,1,330,7,0,threshold,1,,3,10000,20000,100000,1000,admit,14000,0,15000,0,,,
247000,0,2,330,10,0,threshold,2,,3,10000,20000,100000,1000,admit,14000,0,15000,0,,,
247000,0,3,330,13,0,threshold,3,,3,10000,20000,100000,1000,admit,0,0,1000,0,,,
247000,0,7,86,4,0,threshold,7,,3,10000,20000,100000,1000,admit,0,0,1000,0,,,
247000,0,10,86,7,0,threshold,10,,3,10000,20000,100000,1000,admit,14000,0,15000,0,,,
247000,0,13,86,10,0,threshold,13,,3,10000,20000,100000,1000,admit,14000,0,15000,0,,,
247000,2,4,84,4,0,threshold,7,,3,10000,20000,100000,1000,drain,1000,0,0,0,,,
247000,2,7,87,7,0,threshold,1,,3,10000,20000,100000,1000,drain,15000,0,14000,0,,,
247000,2,10,87,10,0,threshold,2,,3,10000,20000,100000,1000,drain,15000,0,14000,0,,,
247000,2,13,87,13,0,threshold,3,,3,10000,20000,100000,1000,drain,1000,0,0,0,,,
255000,0,1,341,7,0,threshold,1,,3,10000,20000,100000,1000,admit,14000,0,15000,0,,,
255000,0,2,341,10,0,threshold,2,,3,10000,20000,100000,1000,admit,14000,0,15000,0,,,
255000,0,3,341,13,0,threshold,3,,3,10000,20000,100000,1000,admit,0,0,1000,0,,,
255000,0,7,89,4,0,threshold,7,,3,10000,20000,100000,1000,admit,0,0,1000,0,,,
255000,0,10,89,7,0,threshold,10,,3,10000,20000,100000,1000,admit,15000,0,16000,0,,,
255000,0,13,89,10,0,threshold,13,,3,10000,20000,100000,1000,admit,15000,0,16000,0,,,
255000,2,4,87,4,0,threshold,7,,3,10000,20000,100000,1000,drain,1000,0,0,0,,,
255000,2,7,90,7,0,threshold,10,,3,10000,20000,100000,1000,drain,16000,0,15000,0,,,
255000,2,10,90,10,0,threshold,13,,3,10000,20000,100000,1000,drain,16000,0,15000,0,,,
255000,2,13,90,13,0,threshold,3,,3,10000,20000,100000,1000,drain,1000,0,0,0,,,
263000,0,1,352,7,0,threshold,1,,3,10000,20000,100000,1000,admit,15000,0,16000,0,,,
263000,0,2,352,10,0,threshold,2,,3,10000,20000,100000,1000,admit,15000,0,16000,0,,,
263000,0,3,352,13,0,threshold,3,,3,10000,20000,100000,1000,admit,0,0,1000,0,,,
263000,0,7,92,4,0,threshold,7,,3,10000,20000,100000,1000,admit,0,0,1000,0,,,
263000,0,10,92,7,0,threshold,10,,3,10000,20000,100000,1000,admit,15000,0,16000,0,,,
263000,0,13,92,10,0,threshold,13,,3,10000,20000,100000,1000,admit,15000,0,16000,0,,,
263000,2,4,90,4,0,threshold,7,,3,10000,20000,100000,1000,drain,1000,0,0,0,,,
263000,2,7,93,7,0,threshold,1,,3,10000,20000,100000,1000,drain,16000,0,15000,0,,,
263000,2,10,93,10,0,threshold,2,,3,10000,20000,100000,1000,drain,16000,0,15000,0,,,
263000,2,13,93,13,0,threshold,3,,3,10000,20000,100000,1000,drain,1000,0,0,0,,,
271000,0,1,363,7,0,threshold,1,,3,10000,20000,100000,1000,admit,15000,0,16000,0,,,
271000,0,2,363,10,0,threshold,2,,3,10000,20000,100000,1000,admit,15000,0,16000,0,,,
271000,0,3,363,13,0,threshold,3,,3,10000,20000,100000,1000,admit,0,0,1000,0,,,
271000,0,7,95,4,0,threshold,7,,3,10000,20000,100000,1000,admit,0,0,1000,0,,,
271000,0,10,95,7,0,threshold,10,,3,10000,20000,100000,1000,admit,16000,0,17000,0,,,
271000,0,13,95,10,0,threshold,13,,3,10000,20000,100000,1000,admit,16000,0,17000,0,,,
271000,2,4,93,4,0,threshold,7,,3,10000,20000,100000,1000,drain,1000,0,0,0,,,
271000,2,7,96,7,0,threshold,10,,3,10000,20000,100000,1000,drain,17000,0,16000,0,,,
271000,2,10,96,10,0,threshold,13,,3,10000,20000,100000,1000,drain,17000,0,16000,0,,,
271000,2,13,96,13,0,threshold,3,,3,10000,20000,100000,1000,drain,1000,0,0,0,,,
279000,0,1,374,7,0,threshold,1,,3,10000,20000,100000,1000,admit,16000,0,17000,0,,,
279000,0,2,374,10,0,threshold,2,,3,10000,20000,100000,1000,admit,16000,0,17000,0,,,
279000,0,3,374,13,0,threshold,3,,3,10000,20000,100000,1000,admit,0,0,1000,0,,,
279000,0,7,98,4,0,threshold,7,,3,10000,20000,100000,1000,admit,0,0,1000,0,,,
279000,0,10,98,7,0,threshold,10,,3,10000,20000,100000,1000,admit,16000,0,17000,0,,,
279000,0,13,98,10,0,threshold,13,,3,10000,20000,100000,1000,admit,16000,0,17000,0,,,
279000,2,4,96,4,0,threshold,7,,3,10000,20000,100000,1000,drain,1000,0,0,0,,,
279000,2,7,99,7,0,threshold,1,,3,10000,20000,100000,1000,drain,17000,0,16000,0,,,
279000,2,10,99,10,0,threshold,2,,3,10000,20000,100000,1000,drain,17000,0,16000,0,,,
279000,2,13,99,13,0,threshold,3,,3,10000,20000,100000,1000,drain,1000,0,0,0,,,
287000,0,1,385,7,0,threshold,1,,3,10000,20000,100000,1000,admit,16000,0,17000,0,,,
287000,0,2,385,10,0,threshold,2,,3,10000,20000,100000,1000,admit,16000,0,17000,0,,,
287000,0,3,385,13,0,threshold,3,,3,10000,20000,100000,1000,admit,0,0,1000,0,,,
287000,0,7,101,4,0,threshold,7,,3,10000,20000,100000,1000,admit,0,0,1000,0,,,
287000,0,10,101,7,0,threshold,10,,3,10000,20000,100000,1000,admit,17000,0,18000,0,,,
287000,0,13,101,10,0,threshold,13,,3,10000,20000,100000,1000,admit,17000,0,18000,0,,,
287000,2,4,99,4,0,threshold,7,,3,10000,20000,100000,1000,drain,1000,0,0,0,,,
287000,2,7,102,7,0,threshold,10,,3,10000,20000,100000,1000,drain,18000,0,17000,0,,,
287000,2,10,102,10,0,threshold,13,,3,10000,20000,100000,1000,drain,18000,0,17000,0,,,
287000,2,13,102,13,0,threshold,3,,3,10000,20000,100000,1000,drain,1000,0,0,0,,,
295000,0,1,396,7,0,threshold,1,,3,10000,20000,100000,1000,admit,17000,0,18000,0,,,
295000,0,2,396,10,0,threshold,2,,3,10000,20000,100000,1000,admit,17000,0,18000,0,,,
295000,0,3,396,13,0,threshold,3,,3,10000,20000,100000,1000,admit,0,0,1000,0,,,
295000,0,7,104,4,0,threshold,7,,3,10000,20000,100000,1000,admit,0,0,1000,0,,,
295000,0,10,104,7,0,threshold,10,,3,10000,20000,100000,1000,admit,17000,0,18000,0,,,
295000,0,13,104,10,0,threshold,13,,3,10000,20000,100000,1000,admit,17000,0,18000,0,,,
295000,2,4,102,4,0,threshold,7,,3,10000,20000,100000,1000,drain,1000,0,0,0,,,
295000,2,7,105,7,0,threshold,1,,3,10000,20000,100000,1000,drain,18000,0,17000,0,,,
295000,2,10,105,10,0,threshold,2,,3,10000,20000,100000,1000,drain,18000,0,17000,0,,,
295000,2,13,105,13,0,threshold,3,,3,10000,20000,100000,1000,drain,1000,0,0,0,,,
303000,0,1,407,7,0,threshold,1,,3,10000,20000,100000,1000,admit,17000,0,18000,0,,,
303000,0,2,407,10,0,threshold,2,,3,10000,20000,100000,1000,admit,17000,0,18000,0,,,
303000,0,3,407,13,0,threshold,3,,3,10000,20000,100000,1000,admit,0,0,1000,0,,,
303000,0,7,107,4,0,threshold,7,,3,10000,20000,100000,1000,admit,0,0,1000,0,,,
303000,0,10,107,7,0,threshold,10,,3,10000,20000,100000,1000,admit,18000,0,19000,0,,,
303000,0,13,107,10,0,threshold,13,,3,10000,20000,100000,1000,admit,18000,0,19000,0,,,
303000,2,4,105,4,0,threshold,7,,3,10000,20000,100000,1000,drain,1000,0,0,0,,,
303000,2,7,108,7,0,threshold,10,,3,10000,20000,100000,1000,drain,19000,0,18000,0,,,
303000,2,10,108,10,0,threshold,13,,3,10000,20000,100000,1000,drain,19000,0,18000,0,,,
303000,2,13,108,13,0,threshold,3,,3,10000,20000,100000,1000,drain,1000,0,0,0,,,
311000,0,1,418,7,0,threshold,1,,3,10000,20000,100000,1000,admit,18000,0,19000,0,,,
311000,0,2,418,10,0,threshold,2,,3,10000,20000,100000,1000,admit,18000,0,19000,0,,,
311000,0,3,418,13,0,threshold,3,,3,10000,20000,100000,1000,admit,0,0,1000,0,,,
311000,0,7,110,4,0,threshold,7,,3,10000,20000,100000,1000,admit,0,0,1000,0,,,
311000,0,10,110,7,0,threshold,10,,3,10000,20000,100000,1000,admit,18000,0,19000,0,,,
311000,0,13,110,10,0,threshold,13,,3,10000,20000,100000,1000,admit,18000,0,19000,0,,,
311000,2,4,108,4,0,threshold,7,,3,10000,20000,100000,1000,drain,1000,0,0,0,,,
311000,2,7,111,7,0,threshold,1,,3,10000,20000,100000,1000,drain,19000,0,18000,0,,,
311000,2,10,111,10,0,threshold,2,,3,10000,20000,100000,1000,drain,19000,0,18000,0,,,
311000,2,13,111,13,0,threshold,3,,3,10000,20000,100000,1000,drain,1000,0,0,0,,,
319000,0,1,429,7,0,threshold,1,,3,10000,20000,100000,1000,admit,18000,0,19000,0,,,
319000,0,2,429,10,0,threshold,2,,3,10000,20000,100000,1000,admit,18000,0,19000,0,,,
319000,0,3,429,13,0,threshold,3,,3,10000,20000,100000,1000,admit,0,0,1000,0,,,
319000,0,7,113,4,0,threshold,7,,3,10000,20000,100000,1000,admit,0,0,1000,0,,,
319000,0,10,113,7,0,threshold,10,,3,10000,20000,100000,1000,admit,19000,0,20000,1,pause,,
319000,0,13,113,10,0,threshold,13,,3,10000,20000,100000,1000,admit,19000,0,20000,1,pause,,
319000,2,4,111,4,0,threshold,7,,3,10000,20000,100000,1000,drain,1000,0,0,0,,,
319000,2,7,115,7,0,threshold,10,,3,10000,20000,100000,1000,drain,20000,1,19000,1,,,
319000,2,10,115,10,0,threshold,13,,3,10000,20000,100000,1000,drain,20000,1,19000,1,,,
319000,2,13,114,13,0,threshold,3,,3,10000,20000,100000,1000,drain,1000,0,0,0,,,
319512,0,7,114,10,0,control,10,7,3,,,,,,,,,,pause,,7
319512,0,10,114,13,0,control,13,10,3,,,,,,,,,,pause,,10
327000,0,1,440,7,0,threshold,1,,3,10000,20000,100000,1000,admit,19000,0,20000,1,pause,,
327000,0,2,440,10,0,threshold,2,,3,10000,20000,100000,1000,admit,19000,0,20000,1,pause,,
327000,0,3,440,13,0,threshold,3,,3,10000,20000,100000,1000,admit,0,0,1000,0,,,
327000,0,7,117,4,0,threshold,7,,3,10000,20000,100000,1000,admit,0,0,1000,0,,,
327000,0,10,117,7,0,threshold,10,,3,10000,20000,100000,1000,admit,19000,1,20000,1,,,
327000,0,13,116,10,0,threshold,13,,3,10000,20000,100000,1000,admit,19000,1,20000,1,,,
327000,2,4,114,4,0,threshold,7,,3,10000,20000,100000,1000,drain,1000,0,0,0,,,
327000,2,7,119,7,0,threshold,1,,3,10000,20000,100000,1000,drain,20000,1,19000,1,,,
327512,0,7,118,1,0,control,1,7,3,,,,,,,,,,pause,,7
327512,0,10,118,2,0,control,2,10,3,,,,,,,,,,pause,,10
335000,0,1,451,7,0,threshold,1,,3,10000,20000,100000,1000,admit,19000,1,20000,1,,,
335000,0,2,451,10,0,threshold,2,,3,10000,20000,100000,1000,admit,20000,1,21000,1,,,
335000,0,3,451,13,0,threshold,3,,3,10000,20000,100000,1000,admit,1000,0,2000,0,,,
335000,0,7,121,4,0,threshold,7,,3,10000,20000,100000,1000,admit,0,0,1000,0,,,
335000,2,4,117,4,0,threshold,7,,3,10000,20000,100000,1000,drain,1000,0,0,0,,,
335000,2,7,122,7,0,threshold,10,,3,10000,20000,100000,1000,drain,20000,1,19000,1,,,
343000,0,3,462,13,0,threshold,3,,3,10000,20000,100000,1000,admit,2000,0,3000,0,,,
343000,0,7,124,4,0,threshold,7,,3,10000,20000,100000,1000,admit,0,0,1000,0,,,
343000,2,4,120,4,0,threshold,7,,3,10000,20000,100000,1000,drain,1000,0,0,0,,,
343000,2,7,125,7,0,threshold,1,,3,10000,20000,100000,1000,drain,20000,1,19000,1,,,
351000,0,3,473,13,0,threshold,3,,3,10000,20000,100000,1000,admit,3000,0,4000,0,,,
351000,0,7,127,4,0,threshold,7,,3,10000,20000,100000,1000,admit,0,0,1000,0,,,
351000,2,4,123,4,0,threshold,7,,3,10000,20000,100000,1000,drain,1000,0,0,0,,,
351000,2,7,128,7,0,threshold,10,,3,10000,20000,100000,1000,drain,19000,1,18000,1,,,
359000,0,3,484,13,0,threshold,3,,3,10000,20000,100000,1000,admit,4000,0,5000,0,,,
359000,0,7,130,4,0,threshold,7,,3,10000,20000,100000,1000,admit,0,0,1000,0,,,
359000,2,4,126,4,0,threshold,7,,3,10000,20000,100000,1000,drain,1000,0,0,0,,,
359000,2,7,131,7,0,threshold,1,,3,10000,20000,100000,1000,drain,19000,1,18000,1,,,
367000,0,3,495,13,0,threshold,3,,3,10000,20000,100000,1000,admit,5000,0,6000,0,,,
367000,0,7,133,4,0,threshold,7,,3,10000,20000,100000,1000,admit,0,0,1000,0,,,
367000,2,4,129,4,0,threshold,7,,3,10000,20000,100000,1000,drain,1000,0,0,0,,,
367000,2,7,134,7,0,threshold,10,,3,10000,20000,100000,1000,drain,18000,1,17000,1,,,
375000,0,3,506,13,0,threshold,3,,3,10000,20000,100000,1000,admit,6000,0,7000,0,,,
375000,0,7,136,4,0,threshold,7,,3,10000,20000,100000,1000,admit,0,0,1000,0,,,
375000,2,4,132,4,0,threshold,7,,3,10000,20000,100000,1000,drain,1000,0,0,0,,,
375000,2,7,137,7,0,threshold,1,,3,10000,20000,100000,1000,drain,18000,1,17000,1,,,
383000,0,3,517,13,0,threshold,3,,3,10000,20000,100000,1000,admit,7000,0,8000,0,,,
383000,0,7,139,4,0,threshold,7,,3,10000,20000,100000,1000,admit,0,0,1000,0,,,
383000,2,4,135,4,0,threshold,7,,3,10000,20000,100000,1000,drain,1000,0,0,0,,,
383000,2,7,140,7,0,threshold,10,,3,10000,20000,100000,1000,drain,17000,1,16000,1,,,
391000,0,3,528,13,0,threshold,3,,3,10000,20000,100000,1000,admit,8000,0,9000,0,,,
391000,0,7,142,4,0,threshold,7,,3,10000,20000,100000,1000,admit,0,0,1000,0,,,
391000,2,4,138,4,0,threshold,7,,3,10000,20000,100000,1000,drain,1000,0,0,0,,,
391000,2,7,143,7,0,threshold,1,,3,10000,20000,100000,1000,drain,17000,1,16000,1,,,
399000,0,3,539,13,0,threshold,3,,3,10000,20000,100000,1000,admit,9000,0,10000,0,,,
399000,0,7,145,4,0,threshold,7,,3,10000,20000,100000,1000,admit,0,0,1000,0,,,
399000,2,4,141,4,0,threshold,7,,3,10000,20000,100000,1000,drain,1000,0,0,0,,,
399000,2,7,146,7,0,threshold,10,,3,10000,20000,100000,1000,drain,16000,1,15000,1,,,
407000,0,3,550,13,0,threshold,3,,3,10000,20000,100000,1000,admit,10000,0,11000,0,,,
407000,0,7,148,4,0,threshold,7,,3,10000,20000,100000,1000,admit,0,0,1000,0,,,
407000,2,4,144,4,0,threshold,7,,3,10000,20000,100000,1000,drain,1000,0,0,0,,,
407000,2,7,149,7,0,threshold,1,,3,10000,20000,100000,1000,drain,16000,1,15000,1,,,
415000,0,3,561,13,0,threshold,3,,3,10000,20000,100000,1000,admit,11000,0,12000,0,,,
415000,0,7,151,4,0,threshold,7,,3,10000,20000,100000,1000,admit,0,0,1000,0,,,
415000,2,4,147,4,0,threshold,7,,3,10000,20000,100000,1000,drain,1000,0,0,0,,,
415000,2,7,152,7,0,threshold,10,,3,10000,20000,100000,1000,drain,15000,1,14000,1,,,
423000,0,3,572,13,0,threshold,3,,3,10000,20000,100000,1000,admit,12000,0,13000,0,,,
423000,0,7,154,4,0,threshold,7,,3,10000,20000,100000,1000,admit,0,0,1000,0,,,
423000,2,4,150,4,0,threshold,7,,3,10000,20000,100000,1000,drain,1000,0,0,0,,,
423000,2,7,155,7,0,threshold,1,,3,10000,20000,100000,1000,drain,15000,1,14000,1,,,
431000,0,3,583,13,0,threshold,3,,3,10000,20000,100000,1000,admit,13000,0,14000,0,,,
431000,0,7,157,4,0,threshold,7,,3,10000,20000,100000,1000,admit,0,0,1000,0,,,
431000,2,4,153,4,0,threshold,7,,3,10000,20000,100000,1000,drain,1000,0,0,0,,,
431000,2,7,158,7,0,threshold,10,,3,10000,20000,100000,1000,drain,14000,1,13000,1,,,
439000,0,3,594,13,0,threshold,3,,3,10000,20000,100000,1000,admit,14000,0,15000,0,,,
439000,0,7,160,4,0,threshold,7,,3,10000,20000,100000,1000,admit,0,0,1000,0,,,
439000,2,4,156,4,0,threshold,7,,3,10000,20000,100000,1000,drain,1000,0,0,0,,,
439000,2,7,161,7,0,threshold,1,,3,10000,20000,100000,1000,drain,14000,1,13000,1,,,
447000,0,3,605,13,0,threshold,3,,3,10000,20000,100000,1000,admit,15000,0,16000,0,,,
447000,0,7,163,4,0,threshold,7,,3,10000,20000,100000,1000,admit,0,0,1000,0,,,
447000,2,4,159,4,0,threshold,7,,3,10000,20000,100000,1000,drain,1000,0,0,0,,,
447000,2,7,164,7,0,threshold,10,,3,10000,20000,100000,1000,drain,13000,1,12000,1,,,
455000,0,3,616,13,0,threshold,3,,3,10000,20000,100000,1000,admit,16000,0,17000,0,,,
455000,0,7,166,4,0,threshold,7,,3,10000,20000,100000,1000,admit,0,0,1000,0,,,
455000,2,4,162,4,0,threshold,7,,3,10000,20000,100000,1000,drain,1000,0,0,0,,,
455000,2,7,167,7,0,threshold,1,,3,10000,20000,100000,1000,drain,13000,1,12000,1,,,
463000,0,3,627,13,0,threshold,3,,3,10000,20000,100000,1000,admit,17000,0,18000,0,,,
463000,0,7,169,4,0,threshold,7,,3,10000,20000,100000,1000,admit,0,0,1000,0,,,
463000,2,4,165,4,0,threshold,7,,3,10000,20000,100000,1000,drain,1000,0,0,0,,,
463000,2,7,170,7,0,threshold,10,,3,10000,20000,100000,1000,drain,12000,1,11000,1,,,
471000,0,3,638,13,0,threshold,3,,3,10000,20000,100000,1000,admit,18000,0,19000,0,,,
471000,0,7,172,4,0,threshold,7,,3,10000,20000,100000,1000,admit,0,0,1000,0,,,
471000,2,4,168,4,0,threshold,7,,3,10000,20000,100000,1000,drain,1000,0,0,0,,,
471000,2,7,173,7,0,threshold,1,,3,10000,20000,100000,1000,drain,12000,1,11000,1,,,
479000,0,3,649,13,0,threshold,3,,3,10000,20000,100000,1000,admit,19000,0,20000,1,pause,,
479000,0,7,175,4,0,threshold,7,,3,10000,20000,100000,1000,admit,0,0,1000,0,,,
479000,2,4,171,4,0,threshold,7,,3,10000,20000,100000,1000,drain,1000,0,0,0,,,
479000,2,7,176,7,0,threshold,10,,3,10000,20000,100000,1000,drain,11000,1,10000,0,resume,,
479512,0,7,177,10,0,control,10,7,3,,,,,,,,,,resume,7,
479512,0,13,117,3,0,control,3,13,3,,,,,,,,,,pause,,13
479512,2,10,119,10,0,threshold,2,,3,10000,20000,100000,1000,drain,21000,1,20000,1,,,
487000,0,3,660,13,0,threshold,3,,3,10000,20000,100000,1000,admit,20000,1,21000,1,,,
487000,0,7,179,4,0,threshold,7,,3,10000,20000,100000,1000,admit,0,0,1000,0,,,
487000,2,4,174,4,0,threshold,7,,3,10000,20000,100000,1000,drain,1000,0,0,0,,,
487000,2,7,180,7,0,threshold,1,,3,10000,20000,100000,1000,drain,11000,1,10000,0,resume,,
487512,0,7,181,1,0,control,1,7,3,,,,,,,,,,resume,7,
487512,0,10,121,7,0,threshold,10,,3,10000,20000,100000,1000,admit,10000,0,11000,0,,,
487512,2,10,122,10,0,threshold,13,,3,10000,20000,100000,1000,drain,20000,1,19000,1,,,
495000,0,7,183,4,0,threshold,7,,3,10000,20000,100000,1000,admit,0,0,1000,0,,,
495000,2,4,177,4,0,threshold,7,,3,10000,20000,100000,1000,drain,1000,0,0,0,,,
495000,2,7,184,7,0,threshold,10,,3,10000,20000,100000,1000,drain,11000,0,10000,0,,,
495512,0,10,124,7,0,threshold,10,,3,10000,20000,100000,1000,admit,10000,0,11000,0,,,
495512,2,10,125,10,0,threshold,2,,3,10000,20000,100000,1000,drain,20000,1,19000,1,,,
503000,0,1,473,7,0,threshold,1,,3,10000,20000,100000,1000,admit,10000,0,11000,0,,,
503000,0,7,186,4,0,threshold,7,,3,10000,20000,100000,1000,admit,0,0,1000,0,,,
503000,2,4,180,4,0,threshold,7,,3,10000,20000,100000,1000,drain,1000,0,0,0,,,
503000,2,7,187,7,0,threshold,1,,3,10000,20000,100000,1000,drain,11000,0,10000,0,,,
503512,0,10,127,7,0,threshold,10,,3,10000,20000,100000,1000,admit,11000,0,12000,0,,,
503512,2,10,128,10,0,threshold,13,,3,10000,20000,100000,1000,drain,19000,1,18000,1,,,
511000,0,1,484,7,0,threshold,1,,3,10000,20000,100000,1000,admit,10000,0,11000,0,,,
511000,0,7,189,4,0,threshold,7,,3,10000,20000,100000,1000,admit,0,0,1000,0,,,
511000,2,4,183,4,0,threshold,7,,3,10000,20000,100000,1000,drain,1000,0,0,0,,,
511000,2,7,190,7,0,threshold,10,,3,10000,20000,100000,1000,drain,12000,0,11000,0,,,
511512,0,10,130,7,0,threshold,10,,3,10000,20000,100000,1000,admit,11000,0,12000,0,,,
511512,2,10,131,10,0,threshold,2,,3,10000,20000,100000,1000,drain,19000,1,18000,1,,,
519000,0,1,495,7,0,threshold,1,,3,10000,20000,100000,1000,admit,11000,0,12000,0,,,
519000,0,7,192,4,0,threshold,7,,3,10000,20000,100000,1000,admit,0,0,1000,0,,,
519000,2,4,186,4,0,threshold,7,,3,10000,20000,100000,1000,drain,1000,0,0,0,,,
519000,2,7,193,7,0,threshold,1,,3,10000,20000,100000,1000,drain,12000,0,11000,0,,,
519512,0,10,133,7,0,threshold,10,,3,10000,20000,100000,1000,admit,12000,0,13000,0,,,
519512,2,10,134,10,0,threshold,13,,3,10000,20000,100000,1000,drain,18000,1,17000,1,,,
527000,0,1,506,7,0,threshold,1,,3,10000,20000,100000,1000,admit,11000,0,12000,0,,,
527000,0,7,195,4,0,threshold,7,,3,10000,20000,100000,1000,admit,0,0,1000,0,,,
527000,2,4,189,4,0,threshold,7,,3,10000,20000,100000,1000,drain,1000,0,0,0,,,
527000,2,7,196,7,0,threshold,10,,3,10000,20000,100000,1000,drain,13000,0,12000,0,,,
527512,0,10,136,7,0,threshold,10,,3,10000,20000,100000,1000,admit,12000,0,13000,0,,,
527512,2,10,137,10,0,threshold,2,,3,10000,20000,100000,1000,drain,18000,1,17000,1,,,
535000,0,1,517,7,0,threshold,1,,3,10000,20000,100000,1000,admit,12000,0,13000,0,,,
535000,0,7,198,4,0,threshold,7,,3,10000,20000,100000,1000,admit,0,0,1000,0,,,
535000,2,4,192,4,0,threshold,7,,3,10000,20000,100000,1000,drain,1000,0,0,0,,,
535000,2,7,199,7,0,threshold,1,,3,10000,20000,100000,1000,drain,13000,0,12000,0,,,
535512,0,10,139,7,0,threshold,10,,3,10000,20000,100000,1000,admit,13000,0,14000,0,,,
535512,2,10,140,10,0,threshold,13,,3,10000,20000,100000,1000,drain,17000,1,16000,1,,,
543000,0,1,528,7,0,threshold,1,,3,10000,20000,100000,1000,admit,12000,0,13000,0,,,
543000,0,7,201,4,0,threshold,7,,3,10000,20000,100000,1000,admit,0,0,1000,0,,,
543000,2,4,195,4,0,threshold,7,,3,10000,20000,100000,1000,drain,1000,0,0,0,,,
543000,2,7,202,7,0,threshold,10,,3,10000,20000,100000,1000,drain,14000,0,13000,0,,,
543512,0,10,142,7,0,threshold,10,,3,10000,20000,100000,1000,admit,13000,0,14000,0,,,
543512,2,10,143,10,0,threshold,2,,3,10000,20000,100000,1000,drain,17000,1,16000,1,,,
551000,0,1,539,7,0,threshold,1,,3,10000,20000,100000,1000,admit,13000,0,14000,0,,,
551000,0,7,204,4,0,threshold,7,,3,10000,20000,100000,1000,admit,0,0,1000,0,,,
551000,2,4,198,4,0,threshold,7,,3,10000,20000,100000,1000,drain,1000,0,0,0,,,
551000,2,7,205,7,0,threshold,1,,3,10000,20000,100000,1000,drain,14000,0,13000,0,,,
551512,0,10,145,7,0,threshold,10,,3,10000,20000,100000,1000,admit,14000,0,15000,0,,,
551512,2,10,146,10,0,threshold,13,,3,10000,20000,100000,1000,drain,16000,1,15000,1,,,
559000,0,1,550,7,0,threshold,1,,3,10000,20000,100000,1000,admit,13000,0,14000,0,,,
559000,0,7,207,4,0,threshold,7,,3,10000,20000,100000,1000,admit,0,0,1000,0,,,
559000,2,4,201,4,0,threshold,7,,3,10000,20000,100000,1000,drain,1000,0,0,0,,,
559000,2,7,208,7,0,threshold,10,,3,10000,20000,100000,1000,drain,15000,0,14000,0,,,
559512,0,10,148,7,0,threshold,10,,3,10000,20000,100000,1000,admit,14000,0,15000,0,,,
559512,2,10,149,10,0,threshold,2,,3,10000,20000,100000,1000,drain,16000,1,15000,1,,,
567000,0,1,561,7,0,threshold,1,,3,10000,20000,100000,1000,admit,14000,0,15000,0,,,
567000,0,7,210,4,0,threshold,7,,3,10000,20000,100000,1000,admit,0,0,1000,0,,,
567000,2,4,204,4,0,threshold,7,,3,10000,20000,100000,1000,drain,1000,0,0,0,,,
567000,2,7,211,7,0,threshold,1,,3,10000,20000,100000,1000,drain,15000,0,14000,0,,,
567512,0,10,151,7,0,threshold,10,,3,10000,20000,100000,1000,admit,15000,0,16000,0,,,
567512,2,10,152,10,0,threshold,13,,3,10000,20000,100000,1000,drain,15000,1,14000,1,,,
575000,0,1,572,7,0,threshold,1,,3,10000,20000,100000,1000,admit,14000,0,15000,0,,,
575000,0,7,213,4,0,threshold,7,,3,10000,20000,100000,1000,admit,0,0,1000,0,,,
575000,2,4,207,4,0,threshold,7,,3,10000,20000,100000,1000,drain,1000,0,0,0,,,
575000,2,7,214,7,0,threshold,10,,3,10000,20000,100000,1000,drain,16000,0,15000,0,,,
575512,0,10,154,7,0,threshold,10,,3,10000,20000,100000,1000,admit,15000,0,16000,0,,,
575512,2,10,155,10,0,threshold,2,,3,10000,20000,100000,1000,drain,15000,1,14000,1,,,
583000,0,1,583,7,0,threshold,1,,3,10000,20000,100000,1000,admit,15000,0,16000,0,,,
583000,0,7,216,4,0,threshold,7,,3,10000,20000,100000,1000,admit,0,0,1000,0,,,
583000,2,4,210,4,0,threshold,7,,3,10000,20000,100000,1000,drain,1000,0,0,0,,,
583000,2,7,217,7,0,threshold,1,,3,10000,20000,100000,1000,drain,16000,0,15000,0,,,
583512,0,10,157,7,0,threshold,10,,3,10000,20000,100000,1000,admit,16000,0,17000,0,,,
583512,2,10,158,10,0,threshold,13,,3,10000,20000,100000,1000,drain,14000,1,13000,1,,,
591000,0,1,594,7,0,threshold,1,,3,10000,20000,100000,1000,admit,15000,0,16000,0,,,
591000,0,7,219,4,0,threshold,7,,3,10000,20000,100000,1000,admit,0,0,1000,0,,,
591000,2,4,213,4,0,threshold,7,,3,10000,20000,100000,1000,drain,1000,0,0,0,,,
591000,2,7,220,7,0,threshold,10,,3,10000,20000,100000,1000,drain,17000,0,16000,0,,,
591512,0,10,160,7,0,threshold,10,,3,10000,20000,100000,1000,admit,16000,0,17000,0,,,
591512,2,10,161,10,0,threshold,2,,3,10000,20000,100000,1000,drain,14000,1,13000,1,,,
599000,0,1,605,7,0,threshold,1,,3,10000,20000,100000,1000,admit,16000,0,17000,0,,,
599000,0,7,222,4,0,threshold,7,,3,10000,20000,100000,1000,admit,0,0,1000,0,,,
599000,2,4,216,4,0,threshold,7,,3,10000,20000,100000,1000,drain,1000,0,0,0,,,
599000,2,7,223,7,0,threshold,1,,3,10000,20000,100000,1000,drain,17000,0,16000,0,,,
599512,0,10,163,7,0,threshold,10,,3,10000,20000,100000,1000,admit,17000,0,18000,0,,,
599512,2,10,164,10,0,threshold,13,,3,10000,20000,100000,1000,drain,13000,1,12000,1,,,
607000,0,1,616,7,0,threshold,1,,3,10000,20000,100000,1000,admit,16000,0,17000,0,,,
607000,0,7,225,4,0,threshold,7,,3,10000,20000,100000,1000,admit,0,0,1000,0,,,
607000,2,4,219,4,0,threshold,7,,3,10000,20000,100000,1000,drain,1000,0,0,0,,,
607000,2,7,226,7,0,threshold,10,,3,10000,20000,100000,1000,drain,18000,0,17000,0,,,
607512,0,10,166,7,0,threshold,10,,3,10000,20000,100000,1000,admit,17000,0,18000,0,,,
607512,2,10,167,10,0,threshold,2,,3,10000,20000,100000,1000,drain,13000,1,12000,1,,,
615000,0,1,627,7,0,threshold,1,,3,10000,20000,100000,1000,admit,17000,0,18000,0,,,
615000,0,7,228,4,0,threshold,7,,3,10000,20000,100000,1000,admit,0,0,1000,0,,,
615000,2,4,222,4,0,threshold,7,,3,10000,20000,100000,1000,drain,1000,0,0,0,,,
615000,2,7,229,7,0,threshold,1,,3,10000,20000,100000,1000,drain,18000,0,17000,0,,,
615512,0,10,169,7,0,threshold,10,,3,10000,20000,100000,1000,admit,18000,0,19000,0,,,
615512,2,10,170,10,0,threshold,13,,3,10000,20000,100000,1000,drain,12000,1,11000,1,,,
623000,0,1,638,7,0,threshold,1,,3,10000,20000,100000,1000,admit,17000,0,18000,0,,,
623000,0,7,231,4,0,threshold,7,,3,10000,20000,100000,1000,admit,0,0,1000,0,,,
623000,2,4,225,4,0,threshold,7,,3,10000,20000,100000,1000,drain,1000,0,0,0,,,
623000,2,7,232,7,0,threshold,10,,3,10000,20000,100000,1000,drain,19000,0,18000,0,,,
623512,0,10,172,7,0,threshold,10,,3,10000,20000,100000,1000,admit,18000,0,19000,0,,,
623512,2,10,173,10,0,threshold,2,,3,10000,20000,100000,1000,drain,12000,1,11000,1,,,
631000,0,1,649,7,0,threshold,1,,3,10000,20000,100000,1000,admit,18000,0,19000,0,,,
631000,0,7,234,4,0,threshold,7,,3,10000,20000,100000,1000,admit,0,0,1000,0,,,
631000,2,4,228,4,0,threshold,7,,3,10000,20000,100000,1000,drain,1000,0,0,0,,,
631000,2,7,235,7,0,threshold,1,,3,10000,20000,100000,1000,drain,19000,0,18000,0,,,
631512,0,10,175,7,0,threshold,10,,3,10000,20000,100000,1000,admit,19000,0,20000,1,pause,,
631512,2,10,176,10,0,threshold,13,,3,10000,20000,100000,1000,drain,11000,1,10000,0,resume,,
632024,0,7,238,10,0,control,10,7,3,,,,,,,,,,pause,,7
632024,0,10,177,13,0,control,13,10,3,,,,,,,,,,resume,10,
632024,2,13,118,13,0,threshold,3,,3,10000,20000,100000,1000,drain,21000,1,20000,1,,,
639000,0,1,660,7,0,threshold,1,,3,10000,20000,100000,1000,admit,18000,0,19000,0,,,
639000,0,7,237,4,0,threshold,7,,3,10000,20000,100000,1000,admit,0,0,1000,0,,,
639000,2,4,231,4,0,threshold,7,,3,10000,20000,100000,1000,drain,1000,0,0,0,,,
639000,2,7,239,7,0,threshold,10,,3,10000,20000,100000,1000,drain,20000,1,19000,1,,,
639512,0,10,179,7,0,threshold,10,,3,10000,20000,100000,1000,admit,19000,1,20000,1,,,
640024,0,13,120,10,0,threshold,13,,3,10000,20000,100000,1000,admit,10000,0,11000,0,,,
640024,2,13,121,13,0,threshold,3,,3,10000,20000,100000,1000,drain,20000,1,19000,1,,,
647000,0,1,671,7,0,threshold,1,,3,10000,20000,100000,1000,admit,19000,0,20000,1,pause,,
647000,0,7,241,4,0,threshold,7,,3,10000,20000,100000,1000,admit,0,0,1000,0,,,
647000,2,4,234,4,0,threshold,7,,3,10000,20000,100000,1000,drain,1000,0,0,0,,,
647000,2,7,243,7,0,threshold,1,,3,10000,20000,100000,1000,drain,20000,1,19000,1,,,
647512,0,7,242,1,0,control,1,7,3,,,,,,,,,,pause,,7
648024,0,13,123,10,0,threshold,13,,3,10000,20000,100000,1000,admit,11000,0,12000,0,,,
648024,2,13,124,13,0,threshold,3,,3,10000,20000,100000,1000,drain,19000,1,18000,1,,,
655000,0,1,682,7,0,threshold,1,,3,10000,20000,100000,1000,admit,19000,1,20000,1,,,
655000,0,7,245,4,0,threshold,7,,3,10000,20000,100000,1000,admit,0,0,1000,0,,,
655000,2,4,237,4,0,threshold,7,,3,10000,20000,100000,1000,drain,1000,0,0,0,,,
655000,2,7,246,7,0,threshold,10,,3,10000,20000,100000,1000,drain,20000,1,19000,1,,,
656024,0,13,126,10,0,threshold,13,,3,10000,20000,100000,1000,admit,12000,0,13000,0,,,
656024,2,13,127,13,0,threshold,3,,3,10000,20000,100000,1000,drain,18000,1,17000,1,,,
663000,0,7,248,4,0,threshold,7,,3,10000,20000,100000,1000,admit,0,0,1000,0,,,
663000,2,4,240,4,0,threshold,7,,3,10000,20000,100000,1000,drain,1000,0,0,0,,,
663000,2,7,249,7,0,threshold,10,,3,10000,20000,100000,1000,drain,19000,1,18000,1,,,
664024,0,13,129,10,0,threshold,13,,3,10000,20000,100000,1000,admit,13000,0,14000,0,,,
664024,2,13,130,13,0,threshold,3,,3,10000,20000,100000,1000,drain,17000,1,16000,1,,,
671000,0,7,251,4,0,threshold,7,,3,10000,20000,100000,1000,admit,0,0,1000,0,,,
671000,2,4,243,4,0,threshold,7,,3,10000,20000,100000,1000,drain,1000,0,0,0,,,
671000,2,7,252,7,0,threshold,1,,3,10000,20000,100000,1000,drain,20000,1,19000,1,,,
672024,0,13,132,10,0,threshold,13,,3,10000,20000,100000,1000,admit,14000,0,15000,0,,,
672024,2,13,133,13,0,threshold,3,,3,10000,20000,100000,1000,drain,16000,1,15000,1,,,
679000,0,7,254,4,0,threshold,7,,3,10000,20000,100000,1000,admit,0,0,1000,0,,,
679000,2,4,246,4,0,threshold,7,,3,10000,20000,100000,1000,drain,1000,0,0,0,,,
679000,2,7,255,7,0,threshold,10,,3,10000,20000,100000,1000,drain,18000,1,17000,1,,,
680024,0,13,135,10,0,threshold,13,,3,10000,20000,100000,1000,admit,15000,0,16000,0,,,
680024,2,13,136,13,0,threshold,3,,3,10000,20000,100000,1000,drain,15000,1,14000,1,,,
687000,0,7,257,4,0,threshold,7,,3,10000,20000,100000,1000,admit,0,0,1000,0,,,
687000,2,4,249,4,0,threshold,7,,3,10000,20000,100000,1000,drain,1000,0,0,0,,,
687000,2,7,258,7,0,threshold,1,,3,10000,20000,100000,1000,drain,19000,1,18000,1,,,
688024,0,13,138,10,0,threshold,13,,3,10000,20000,100000,1000,admit,16000,0,17000,0,,,
688024,2,13,139,13,0,threshold,3,,3,10000,20000,100000,1000,drain,14000,1,13000,1,,,
695000,0,7,260,4,0,threshold,7,,3,10000,20000,100000,1000,admit,0,0,1000,0,,,
695000,2,4,252,4,0,threshold,7,,3,10000,20000,100000,1000,drain,1000,0,0,0,,,
695000,2,7,261,7,0,threshold,10,,3,10000,20000,100000,1000,drain,17000,1,16000,1,,,
696024,0,13,141,10,0,threshold,13,,3,10000,20000,100000,1000,admit,17000,0,18000,0,,,
696024,2,13,142,13,0,threshold,3,,3,10000,20000,100000,1000,drain,13000,1,12000,1,,,
703000,0,7,263,4,0,threshold,7,,3,10000,20000,100000,1000,admit,0,0,1000,0,,,
703000,2,4,255,4,0,threshold,7,,3,10000,20000,100000,1000,drain,1000,0,0,0,,,
703000,2,7,264,7,0,threshold,1,,3,10000,20000,100000,1000,drain,18000,1,17000,1,,,
704024,0,13,144,10,0,threshold,13,,3,10000,20000,100000,1000,admit,18000,0,19000,0,,,
704024,2,13,145,13,0,threshold,3,,3,10000,20000,100000,1000,drain,12000,1,11000,1,,,
711000,0,7,266,4,0,threshold,7,,3,10000,20000,100000,1000,admit,0,0,1000,0,,,
711000,2,4,258,4,0,threshold,7,,3,10000,20000,100000,1000,drain,1000,0,0,0,,,
711000,2,7,267,7,0,threshold,10,,3,10000,20000,100000,1000,drain,16000,1,15000,1,,,
712024,0,13,147,10,0,threshold,13,,3,10000,20000,100000,1000,admit,19000,0,20000,1,pause,,
712024,2,13,148,13,0,threshold,3,,3,10000,20000,100000,1000,drain,11000,1,10000,0,resume,,
712536,0,10,180,13,0,control,13,10,3,,,,,,,,,,pause,,10
712536,0,13,149,3,0,control,3,13,3,,,,,,,,,,resume,13,
719000,0,7,269,4,0,threshold,7,,3,10000,20000,100000,1000,admit,0,0,1000,0,,,
719000,2,4,261,4,0,threshold,7,,3,10000,20000,100000,1000,drain,1000,0,0,0,,,
719000,2,7,270,7,0,threshold,1,,3,10000,20000,100000,1000,drain,17000,1,16000,1,,,
720024,0,13,151,10,0,threshold,13,,3,10000,20000,100000,1000,admit,20000,1,21000,1,,,
727000,0,7,272,4,0,threshold,7,,3,10000,20000,100000,1000,admit,0,0,1000,0,,,
727000,2,4,264,4,0,threshold,7,,3,10000,20000,100000,1000,drain,1000,0,0,0,,,
727000,2,7,273,7,0,threshold,10,,3,10000,20000,100000,1000,drain,15000,1,14000,1,,,
728000,0,3,679,13,0,threshold,3,,3,10000,20000,100000,1000,admit,10000,0,11000,0,,,
735000,0,7,275,4,0,threshold,7,,3,10000,20000,100000,1000,admit,0,0,1000,0,,,
735000,2,4,267,4,0,threshold,7,,3,10000,20000,100000,1000,drain,1000,0,0,0,,,
735000,2,7,276,7,0,threshold,1,,3,10000,20000,100000,1000,drain,16000,1,15000,1,,,
736000,0,3,690,13,0,threshold,3,,3,10000,20000,100000,1000,admit,11000,0,12000,0,,,
743000,0,7,278,4,0,threshold,7,,3,10000,20000,100000,1000,admit,0,0,1000,0,,,
743000,2,4,270,4,0,threshold,7,,3,10000,20000,100000,1000,drain,1000,0,0,0,,,
743000,2,7,279,7,0,threshold,10,,3,10000,20000,100000,1000,drain,14000,1,13000,1,,,
744000,0,3,701,13,0,threshold,3,,3,10000,20000,100000,1000,admit,12000,0,13000,0,,,
751000,0,7,281,4,0,threshold,7,,3,10000,20000,100000,1000,admit,0,0,1000,0,,,
751000,2,4,273,4,0,threshold,7,,3,10000,20000,100000,1000,drain,1000,0,0,0,,,
751000,2,7,282,7,0,threshold,1,,3,10000,20000,100000,1000,drain,15000,1,14000,1,,,
752000,0,3,712,13,0,threshold,3,,3,10000,20000,100000,1000,admit,13000,0,14000,0,,,
759000,0,7,284,4,0,threshold,7,,3,10000,20000,100000,1000,admit,0,0,1000,0,,,
759000,2,4,276,4,0,threshold,7,,3,10000,20000,100000,1000,drain,1000,0,0,0,,,
759000,2,7,285,7,0,threshold,10,,3,10000,20000,100000,1000,drain,13000,1,12000,1,,,
760000,0,3,723,13,0,threshold,3,,3,10000,20000,100000,1000,admit,14000,0,15000,0,,,
767000,0,7,287,4,0,threshold,7,,3,10000,20000,100000,1000,admit,0,0,1000,0,,,
767000,2,4,279,4,0,threshold,7,,3,10000,20000,100000,1000,drain,1000,0,0,0,,,
767000,2,7,288,7,0,threshold,1,,3,10000,20000,100000,1000,drain,14000,1,13000,1,,,
768000,0,3,734,13,0,threshold,3,,3,10000,20000,100000,1000,admit,15000,0,16000,0,,,
775000,0,7,290,4,0,threshold,7,,3,10000,20000,100000,1000,admit,0,0,1000,0,,,
775000,2,4,282,4,0,threshold,7,,3,10000,20000,100000,1000,drain,1000,0,0,0,,,
775000,2,7,291,7,0,threshold,10,,3,10000,20000,100000,1000,drain,12000,1,11000,1,,,
776000,0,3,745,13,0,threshold,3,,3,10000,20000,100000,1000,admit,16000,0,17000,0,,,
783000,0,7,293,4,0,threshold,7,,3,10000,20000,100000,1000,admit,0,0,1000,0,,,
783000,2,4,285,4,0,threshold,7,,3,10000,20000,100000,1000,drain,1000,0,0,0,,,
783000,2,7,294,7,0,threshold,1,,3,10000,20000,100000,1000,drain,13000,1,12000,1,,,
784000,0,3,756,13,0,threshold,3,,3,10000,20000,100000,1000,admit,17000,0,18000,0,,,
791000,0,7,296,4,0,threshold,7,,3,10000,20000,100000,1000,admit,0,0,1000,0,,,
791000,2,4,288,4,0,threshold,7,,3,10000,20000,100000,1000,drain,1000,0,0,0,,,
791000,2,7,297,7,0,threshold,10,,3,10000,20000,100000,1000,drain,11000,1,10000,0,resume,,
791512,0,7,298,10,0,control,10,7,3,,,,,,,,,,resume,7,
791512,2,10,181,10,0,threshold,2,,3,10000,20000,100000,1000,drain,11000,1,10000,0,resume,,
792000,0,3,767,13,0,threshold,3,,3,10000,20000,100000,1000,admit,18000,0,19000,0,,,
792024,0,10,182,2,0,control,2,10,3,,,,,,,,,,resume,10,
799000,0,7,300,4,0,threshold,7,,3,10000,20000,100000,1000,admit,0,0,1000,0,,,
799000,2,4,291,4,0,threshold,7,,3,10000,20000,100000,1000,drain,1000,0,0,0,,,
799000,2,7,301,7,0,threshold,1,,3,10000,20000,100000,1000,drain,12000,1,11000,1,,,
799512,0,10,184,7,0,threshold,10,,3,10000,20000,100000,1000,admit,10000,0,11000,0,,,
799512,2,10,185,10,0,threshold,13,,3,10000,20000,100000,1000,drain,21000,1,20000,1,,,
800000,0,3,778,13,0,threshold,3,,3,10000,20000,100000,1000,admit,19000,0,20000,1,pause,,
800512,0,13,152,3,0,control,3,13,3,,,,,,,,,,pause,,13
807000,0,7,303,4,0,threshold,7,,3,10000,20000,100000,1000,admit,0,0,1000,0,,,
807000,2,4,294,4,0,threshold,7,,3,10000,20000,100000,1000,drain,1000,0,0,0,,,
807000,2,7,304,7,0,threshold,10,,3,10000,20000,100000,1000,drain,11000,0,10000,0,,,
807512,0,10,187,7,0,threshold,10,,3,10000,20000,100000,1000,admit,10000,0,11000,0,,,
807512,2,10,188,10,0,threshold,2,,3,10000,20000,100000,1000,drain,10000,0,9000,0,,,
808000,0,2,477,10,0,threshold,2,,3,10000,20000,100000,1000,admit,9000,0,10000,0,,,
808000,0,3,789,13,0,threshold,3,,3,10000,20000,100000,1000,admit,20000,1,21000,1,,,
815000,0,7,306,4,0,threshold,7,,3,10000,20000,100000,1000,admit,0,0,1000,0,,,
815000,2,4,297,4,0,threshold,7,,3,10000,20000,100000,1000,drain,1000,0,0,0,,,
815000,2,7,307,7,0,threshold,1,,3,10000,20000,100000,1000,drain,11000,1,10000,0,resume,,
815512,0,7,308,1,0,control,1,7,3,,,,,,,,,,resume,7,
815512,0,10,190,7,0,threshold,10,,3,10000,20000,100000,1000,admit,11000,0,12000,0,,,
815512,2,10,191,10,0,threshold,13,,3,10000,20000,100000,1000,drain,20000,1,19000,1,,,
816000,0,2,488,10,0,threshold,2,,3,10000,20000,100000,1000,admit,10000,0,11000,0,,,
823000,0,7,310,4,0,threshold,7,,3,10000,20000,100000,1000,admit,0,0,1000,0,,,
823000,2,4,300,4,0,threshold,7,,3,10000,20000,100000,1000,drain,1000,0,0,0,,,
823000,2,7,311,7,0,threshold,10,,3,10000,20000,100000,1000,drain,12000,0,11000,0,,,
823512,0,10,193,7,0,threshold,10,,3,10000,20000,100000,1000,admit,11000,0,12000,0,,,
823512,2,10,194,10,0,threshold,2,,3,10000,20000,100000,1000,drain,11000,0,10000,0,,,
824000,0,2,499,10,0,threshold,2,,3,10000,20000,100000,1000,admit,10000,0,11000,0,,,
831000,0,1,704,7,0,threshold,1,,3,10000,20000,100000,1000,admit,10000,0,11000,0,,,
831000,0,7,313,4,0,threshold,7,,3,10000,20000,100000,1000,admit,0,0,1000,0,,,
831000,2,4,303,4,0,threshold,7,,3,10000,20000,100000,1000,drain,1000,0,0,0,,,
831000,2,7,314,7,0,threshold,1,,3,10000,20000,100000,1000,drain,11000,0,10000,0,,,
831512,0,10,196,7,0,threshold,10,,3,10000,20000,100000,1000,admit,12000,0,13000,0,,,
831512,2,10,197,10,0,threshold,13,,3,10000,20000,100000,1000,drain,19000,1,18000,1,,,
832000,0,2,510,10,0,threshold,2,,3,10000,20000,100000,1000,admit,11000,0,12000,0,,,
839000,0,1,715,7,0,threshold,1,,3,10000,20000,100000,1000,admit,10000,0,11000,0,,,
839000,0,7,316,4,0,threshold,7,,3,10000,20000,100000,1000,admit,0,0,1000,0,,,
839000,2,4,306,4,0,threshold,7,,3,10000,20000,100000,1000,drain,1000,0,0,0,,,
839000,2,7,317,7,0,threshold,10,,3,10000,20000,100000,1000,drain,13000,0,12000,0,,,
839512,0,10,199,7,0,threshold,10,,3,10000,20000,100000,1000,admit,12000,0,13000,0,,,
839512,2,10,200,10,0,threshold,2,,3,10000,20000,100000,1000,drain,12000,0,11000,0,,,
840000,0,2,521,10,0,threshold,2,,3,10000,20000,100000,1000,admit,11000,0,12000,0,,,
847000,0,1,726,7,0,threshold,1,,3,10000,20000,100000,1000,admit,11000,0,12000,0,,,
847000,0,7,319,4,0,threshold,7,,3,10000,20000,100000,1000,admit,0,0,1000,0,,,
847000,2,4,309,4,0,threshold,7,,3,10000,20000,100000,1000,drain,1000,0,0,0,,,
847000,2,7,320,7,0,threshold,1,,3,10000,20000,100000,1000,drain,12000,0,11000,0,,,
847512,0,10,202,7,0,threshold,10,,3,10000,20000,100000,1000,admit,13000,0,14000,0,,,
847512,2,10,203,10,0,threshold,13,,3,10000,20000,100000,1000,drain,18000,1,17000,1,,,
848000,0,2,532,10,0,threshold,2,,3,10000,20000,100000,1000,admit,12000,0,13000,0,,,
855000,0,1,737,7,0,threshold,1,,3,10000,20000,100000,1000,admit,11000,0,12000,0,,,
855000,0,7,322,4,0,threshold,7,,3,10000,20000,100000,1000,admit,0,0,1000,0,,,
855000,2,4,312,4,0,threshold,7,,3,10000,20000,100000,1000,drain,1000,0,0,0,,,
855000,2,7,323,7,0,threshold,10,,3,10000,20000,100000,1000,drain,14000,0,13000,0,,,
855512,0,10,205,7,0,threshold,10,,3,10000,20000,100000,1000,admit,13000,0,14000,0,,,
855512,2,10,206,10,0,threshold,2,,3,10000,20000,100000,1000,drain,13000,0,12000,0,,,
856000,0,2,543,10,0,threshold,2,,3,10000,20000,100000,1000,admit,12000,0,13000,0,,,
863000,0,1,748,7,0,threshold,1,,3,10000,20000,100000,1000,admit,12000,0,13000,0,,,
863000,0,7,325,4,0,threshold,7,,3,10000,20000,100000,1000,admit,0,0,1000,0,,,
863000,2,4,315,4,0,threshold,7,,3,10000,20000,100000,1000,drain,1000,0,0,0,,,
863000,2,7,326,7,0,threshold,1,,3,10000,20000,100000,1000,drain,13000,0,12000,0,,,
863512,0,10,208,7,0,threshold,10,,3,10000,20000,100000,1000,admit,14000,0,15000,0,,,
863512,2,10,209,10,0,threshold,13,,3,10000,20000,100000,1000,drain,17000,1,16000,1,,,
864000,0,2,554,10,0,threshold,2,,3,10000,20000,100000,1000,admit,13000,0,14000,0,,,
871000,0,1,759,7,0,threshold,1,,3,10000,20000,100000,1000,admit,12000,0,13000,0,,,
871000,0,7,328,4,0,threshold,7,,3,10000,20000,100000,1000,admit,0,0,1000,0,,,
871000,2,4,318,4,0,threshold,7,,3,10000,20000,100000,1000,drain,1000,0,0,0,,,
871000,2,7,329,7,0,threshold,10,,3,10000,20000,100000,1000,drain,15000,0,14000,0,,,
871512,0,10,211,7,0,threshold,10,,3,10000,20000,100000,1000,admit,14000,0,15000,0,,,
871512,2,10,212,10,0,threshold,2,,3,10000,20000,100000,1000,drain,14000,0,13000,0,,,
872000,0,2,565,10,0,threshold,2,,3,10000,20000,100000,1000,admit,13000,0,14000,0,,,
879000,0,1,770,7,0,threshold,1,,3,10000,20000,100000,1000,admit,13000,0,14000,0,,,
879000,0,7,331,4,0,threshold,7,,3,10000,20000,100000,1000,admit,0,0,1000,0,,,
879000,2,4,321,4,0,threshold,7,,3,10000,20000,100000,1000,drain,1000,0,0,0,,,
879000,2,7,332,7,0,threshold,1,,3,10000,20000,100000,1000,drain,14000,0,13000,0,,,
879512,0,10,214,7,0,threshold,10,,3,10000,20000,100000,1000,admit,15000,0,16000,0,,,
879512,2,10,215,10,0,threshold,13,,3,10000,20000,100000,1000,drain,16000,1,15000,1,,,
880000,0,2,576,10,0,threshold,2,,3,10000,20000,100000,1000,admit,14000,0,15000,0,,,
887000,0,1,781,7,0,threshold,1,,3,10000,20000,100000,1000,admit,13000,0,14000,0,,,
887000,0,7,334,4,0,threshold,7,,3,10000,20000,100000,1000,admit,0,0,1000,0,,,
887000,2,4,324,4,0,threshold,7,,3,10000,20000,100000,1000,drain,1000,0,0,0,,,
887000,2,7,335,7,0,threshold,10,,3,10000,20000,100000,1000,drain,16000,0,15000,0,,,
887512,0,10,217,7,0,threshold,10,,3,10000,20000,100000,1000,admit,15000,0,16000,0,,,
887512,2,10,218,10,0,threshold,2,,3,10000,20000,100000,1000,drain,15000,0,14000,0,,,
888000,0,2,587,10,0,threshold,2,,3,10000,20000,100000,1000,admit,14000,0,15000,0,,,
895000,0,1,792,7,0,threshold,1,,3,10000,20000,100000,1000,admit,14000,0,15000,0,,,
895000,0,7,337,4,0,threshold,7,,3,10000,20000,100000,1000,admit,0,0,1000,0,,,
895000,2,4,327,4,0,threshold,7,,3,10000,20000,100000,1000,drain,1000,0,0,0,,,
895000,2,7,338,7,0,threshold,1,,3,10000,20000,100000,1000,drain,15000,0,14000,0,,,
895512,0,10,220,7,0,threshold,10,,3,10000,20000,100000,1000,admit,16000,0,17000,0,,,
895512,2,10,221,10,0,threshold,13,,3,10000,20000,100000,1000,drain,15000,1,14000,1,,,
896000,0,2,598,10,0,threshold,2,,3,10000,20000,100000,1000,admit,15000,0,16000,0,,,
903000,0,1,803,7,0,threshold,1,,3,10000,20000,100000,1000,admit,14000,0,15000,0,,,
903000,0,7,340,4,0,threshold,7,,3,10000,20000,100000,1000,admit,0,0,1000,0,,,
903000,2,4,330,4,0,threshold,7,,3,10000,20000,100000,1000,drain,1000,0,0,0,,,
903000,2,7,341,7,0,threshold,10,,3,10000,20000,100000,1000,drain,17000,0,16000,0,,,
903512,0,10,223,7,0,threshold,10,,3,10000,20000,100000,1000,admit,16000,0,17000,0,,,
903512,2,10,224,10,0,threshold,2,,3,10000,20000,100000,1000,drain,16000,0,15000,0,,,
904000,0,2,609,10,0,threshold,2,,3,10000,20000,100000,1000,admit,15000,0,16000,0,,,
911000,0,1,814,7,0,threshold,1,,3,10000,20000,100000,1000,admit,15000,0,16000,0,,,
911000,0,7,343,4,0,threshold,7,,3,10000,20000,100000,1000,admit,0,0,1000,0,,,
911000,2,4,333,4,0,threshold,7,,3,10000,20000,100000,1000,drain,1000,0,0,0,,,
911000,2,7,344,7,0,threshold,1,,3,10000,20000,100000,1000,drain,16000,0,15000,0,,,
911512,0,10,226,7,0,threshold,10,,3,10000,20000,100000,1000,admit,17000,0,18000,0,,,
911512,2,10,227,10,0,threshold,13,,3,10000,20000,100000,1000,drain,14000,1,13000,1,,,
912000,0,2,620,10,0,threshold,2,,3,10000,20000,100000,1000,admit,16000,0,17000,0,,,
919000,0,1,825,7,0,threshold,1,,3,10000,20000,100000,1000,admit,15000,0,16000,0,,,
919000,0,7,346,4,0,threshold,7,,3,10000,20000,100000,1000,admit,0,0,1000,0,,,
919000,2,4,336,4,0,threshold,7,,3,10000,20000,100000,1000,drain,1000,0,0,0,,,
919000,2,7,347,7,0,threshold,10,,3,10000,20000,100000,1000,drain,18000,0,17000,0,,,
919512,0,10,229,7,0,threshold,10,,3,10000,20000,100000,1000,admit,17000,0,18000,0,,,
919512,2,10,230,10,0,threshold,2,,3,10000,20000,100000,1000,drain,17000,0,16000,0,,,
920000,0,2,631,10,0,threshold,2,,3,10000,20000,100000,1000,admit,16000,0,17000,0,,,
927000,0,1,836,7,0,threshold,1,,3,10000,20000,100000,1000,admit,16000,0,17000,0,,,
927000,0,7,349,4,0,threshold,7,,3,10000,20000,100000,1000,admit,0,0,1000,0,,,
927000,2,4,339,4,0,threshold,7,,3,10000,20000,100000,1000,drain,1000,0,0,0,,,
927000,2,7,350,7,0,threshold,1,,3,10000,20000,100000,1000,drain,17000,0,16000,0,,,
927512,0,10,232,7,0,threshold,10,,3,10000,20000,100000,1000,admit,18000,0,19000,0,,,
927512,2,10,233,10,0,threshold,13,,3,10000,20000,100000,1000,drain,13000,1,12000,1,,,
928000,0,2,642,10,0,threshold,2,,3,10000,20000,100000,1000,admit,17000,0,18000,0,,,
935000,0,1,847,7,0,threshold,1,,3,10000,20000,100000,1000,admit,16000,0,17000,0,,,
935000,0,7,352,4,0,threshold,7,,3,10000,20000,100000,1000,admit,0,0,1000,0,,,
935000,2,4,342,4,0,threshold,7,,3,10000,20000,100000,1000,drain,1000,0,0,0,,,
935000,2,7,353,7,0,threshold,10,,3,10000,20000,100000,1000,drain,19000,0,18000,0,,,
935512,0,10,235,7,0,threshold,10,,3,10000,20000,100000,1000,admit,18000,0,19000,0,,,
935512,2,10,236,10,0,threshold,2,,3,10000,20000,100000,1000,drain,18000,0,17000,0,,,
936000,0,2,653,10,0,threshold,2,,3,10000,20000,100000,1000,admit,17000,0,18000,0,,,
943000,0,1,858,7,0,threshold,1,,3,10000,20000,100000,1000,admit,17000,0,18000,0,,,
943000,0,7,355,4,0,threshold,7,,3,10000,20000,100000,1000,admit,0,0,1000,0,,,
943000,2,4,345,4,0,threshold,7,,3,10000,20000,100000,1000,drain,1000,0,0,0,,,
943000,2,7,356,7,0,threshold,1,,3,10000,20000,100000,1000,drain,18000,0,17000,0,,,
943512,0,10,238,7,0,threshold,10,,3,10000,20000,100000,1000,admit,19000,0,20000,1,pause,,
943512,2,10,239,10,0,threshold,13,,3,10000,20000,100000,1000,drain,12000,1,11000,1,,,
944000,0,2,664,10,0,threshold,2,,3,10000,20000,100000,1000,admit,18000,0,19000,0,,,
944024,0,7,359,10,0,control,10,7,3,,,,,,,,,,pause,,7
951000,0,1,869,7,0,threshold,1,,3,10000,20000,100000,1000,admit,17000,0,18000,0,,,
951000,0,7,358,4,0,threshold,7,,3,10000,20000,100000,1000,admit,0,0,1000,0,,,
951000,2,4,348,4,0,threshold,7,,3,10000,20000,100000,1000,drain,1000,0,0,0,,,
951000,2,7,360,7,0,threshold,10,,3,10000,20000,100000,1000,drain,20000,1,19000,1,,,
951512,0,10,241,7,0,threshold,10,,3,10000,20000,100000,1000,admit,19000,1,20000,1,,,
952000,0,2,675,10,0,threshold,2,,3,10000,20000,100000,1000,admit,19000,0,20000,1,pause,,
952512,0,10,242,2,0,control,2,10,3,,,,,,,,,,pause,,10
959000,0,1,880,7,0,threshold,1,,3,10000,20000,100000,1000,admit,18000,0,19000,0,,,
959000,0,7,362,4,0,threshold,7,,3,10000,20000,100000,1000,admit,0,0,1000,0,,,
959000,2,4,351,4,0,threshold,7,,3,10000,20000,100000,1000,drain,1000,0,0,0,,,
959000,2,7,363,7,0,threshold,1,,3,10000,20000,100000,1000,drain,19000,0,18000,0,,,
960000,0,2,686,10,0,threshold,2,,3,10000,20000,100000,1000,admit,20000,1,21000,1,,,
967000,0,1,891,7,0,threshold,1,,3,10000,20000,100000,1000,admit,18000,0,19000,0,,,
967000,0,7,365,4,0,threshold,7,,3,10000,20000,100000,1000,admit,0,0,1000,0,,,
967000,2,4,354,4,0,threshold,7,,3,10000,20000,100000,1000,drain,1000,0,0,0,,,
967000,2,7,366,7,0,threshold,1,,3,10000,20000,100000,1000,drain,19000,0,18000,0,,,
975000,0,1,902,7,0,threshold,1,,3,10000,20000,100000,1000,admit,18000,0,19000,0,,,
975000,0,7,368,4,0,threshold,7,,3,10000,20000,100000,1000,admit,0,0,1000,0,,,
975000,2,4,357,4,0,threshold,7,,3,10000,20000,100000,1000,drain,1000,0,0,0,,,
975000,2,7,369,7,0,threshold,10,,3,10000,20000,100000,1000,drain,20000,1,19000,1,,,
983000,0,1,913,7,0,threshold,1,,3,10000,20000,100000,1000,admit,19000,0,20000,1,pause,,
983000,0,7,371,4,0,threshold,7,,3,10000,20000,100000,1000,admit,0,0,1000,0,,,
983000,2,4,360,4,0,threshold,7,,3,10000,20000,100000,1000,drain,1000,0,0,0,,,
983000,2,7,373,7,0,threshold,10,,3,10000,20000,100000,1000,drain,19000,1,18000,1,,,
983512,0,7,372,1,0,control,1,7,3,,,,,,,,,,pause,,7
991000,0,1,924,7,0,threshold,1,,3,10000,20000,100000,1000,admit,20000,1,21000,1,,,
991000,0,7,375,4,0,threshold,7,,3,10000,20000,100000,1000,admit,0,0,1000,0,,,
991000,2,4,363,4,0,threshold,7,,3,10000,20000,100000,1000,drain,1000,0,0,0,,,
991000,2,7,376,7,0,threshold,10,,3,10000,20000,100000,1000,drain,18000,1,17000,1,,,
999000,0,7,378,4,0,threshold,7,,3,10000,20000,100000,1000,admit,0,0,1000,0,,,
999000,2,4,366,4,0,threshold,7,,3,10000,20000,100000,1000,drain,1000,0,0,0,,,
999000,2,7,379,7,0,threshold,10,,3,10000,20000,100000,1000,drain,17000,1,16000,1,,,
1007000,0,7,381,4,0,threshold,7,,3,10000,20000,100000,1000,admit,0,0,1000,0,,,
1007000,2,4,369,4,0,threshold,7,,3,10000,20000,100000,1000,drain,1000,0,0,0,,,
1007000,2,7,382,7,0,threshold,1,,3,10000,20000,100000,1000,drain,21000,1,20000,1,,,
1015000,0,7,384,4,0,threshold,7,,3,10000,20000,100000,1000,admit,0,0,1000,0,,,
1015000,2,4,372,4,0,threshold,7,,3,10000,20000,100000,1000,drain,1000,0,0,0,,,
1015000,2,7,385,7,0,threshold,10,,3,10000,20000,100000,1000,drain,16000,1,15000,1,,,
1023000,0,7,387,4,0,threshold,7,,3,10000,20000,100000,1000,admit,0,0,1000,0,,,
1023000,2,4,375,4,0,threshold,7,,3,10000,20000,100000,1000,drain,1000,0,0,0,,,
1023000,2,7,388,7,0,threshold,1,,3,10000,20000,100000,1000,drain,20000,1,19000,1,,,
1031000,0,7,390,4,0,threshold,7,,3,10000,20000,100000,1000,admit,0,0,1000,0,,,
1031000,2,4,378,4,0,threshold,7,,3,10000,20000,100000,1000,drain,1000,0,0,0,,,
1031000,2,7,391,7,0,threshold,10,,3,10000,20000,100000,1000,drain,15000,1,14000,1,,,
1039000,0,7,393,4,0,threshold,7,,3,10000,20000,100000,1000,admit,0,0,1000,0,,,
1039000,2,4,381,4,0,threshold,7,,3,10000,20000,100000,1000,drain,1000,0,0,0,,,
1039000,2,7,394,7,0,threshold,1,,3,10000,20000,100000,1000,drain,19000,1,18000,1,,,
1047000,0,7,396,4,0,threshold,7,,3,10000,20000,100000,1000,admit,0,0,1000,0,,,
1047000,2,4,384,4,0,threshold,7,,3,10000,20000,100000,1000,drain,1000,0,0,0,,,
1047000,2,7,397,7,0,threshold,10,,3,10000,20000,100000,1000,drain,14000,1,13000,1,,,
1055000,0,7,399,4,0,threshold,7,,3,10000,20000,100000,1000,admit,0,0,1000,0,,,
1055000,2,4,387,4,0,threshold,7,,3,10000,20000,100000,1000,drain,1000,0,0,0,,,
1055000,2,7,400,7,0,threshold,1,,3,10000,20000,100000,1000,drain,18000,1,17000,1,,,
1063000,0,7,402,4,0,threshold,7,,3,10000,20000,100000,1000,admit,0,0,1000,0,,,
1063000,2,4,390,4,0,threshold,7,,3,10000,20000,100000,1000,drain,1000,0,0,0,,,
1063000,2,7,403,7,0,threshold,10,,3,10000,20000,100000,1000,drain,13000,1,12000,1,,,
1071000,0,7,405,4,0,threshold,7,,3,10000,20000,100000,1000,admit,0,0,1000,0,,,
1071000,2,4,393,4,0,threshold,7,,3,10000,20000,100000,1000,drain,1000,0,0,0,,,
1071000,2,7,406,7,0,threshold,1,,3,10000,20000,100000,1000,drain,17000,1,16000,1,,,
1079000,0,7,408,4,0,threshold,7,,3,10000,20000,100000,1000,admit,0,0,1000,0,,,
1079000,2,4,396,4,0,threshold,7,,3,10000,20000,100000,1000,drain,1000,0,0,0,,,
1079000,2,7,409,7,0,threshold,10,,3,10000,20000,100000,1000,drain,12000,1,11000,1,,,
1087000,0,7,411,4,0,threshold,7,,3,10000,20000,100000,1000,admit,0,0,1000,0,,,
1087000,2,4,399,4,0,threshold,7,,3,10000,20000,100000,1000,drain,1000,0,0,0,,,
1087000,2,7,412,7,0,threshold,1,,3,10000,20000,100000,1000,drain,16000,1,15000,1,,,
1095000,0,7,414,4,0,threshold,7,,3,10000,20000,100000,1000,admit,0,0,1000,0,,,
1095000,2,4,402,4,0,threshold,7,,3,10000,20000,100000,1000,drain,1000,0,0,0,,,
1095000,2,7,415,7,0,threshold,10,,3,10000,20000,100000,1000,drain,11000,1,10000,0,resume,,
1095512,0,7,416,10,0,control,10,7,3,,,,,,,,,,resume,7,
1095512,2,10,243,10,0,threshold,2,,3,10000,20000,100000,1000,drain,21000,1,20000,1,,,
1103000,0,7,418,4,0,threshold,7,,3,10000,20000,100000,1000,admit,0,0,1000,0,,,
1103000,2,4,405,4,0,threshold,7,,3,10000,20000,100000,1000,drain,1000,0,0,0,,,
1103000,2,7,419,7,0,threshold,1,,3,10000,20000,100000,1000,drain,15000,1,14000,1,,,
1103512,0,10,245,7,0,threshold,10,,3,10000,20000,100000,1000,admit,10000,0,11000,0,,,
1103512,2,10,246,10,0,threshold,13,,3,10000,20000,100000,1000,drain,11000,1,10000,0,resume,,
1104024,0,10,247,13,0,control,13,10,3,,,,,,,,,,resume,10,
1104024,2,13,153,13,0,threshold,3,,3,10000,20000,100000,1000,drain,21000,1,20000,1,,,
1111000,0,7,421,4,0,threshold,7,,3,10000,20000,100000,1000,admit,0,0,1000,0,,,
1111000,2,4,408,4,0,threshold,7,,3,10000,20000,100000,1000,drain,1000,0,0,0,,,
1111000,2,7,422,7,0,threshold,10,,3,10000,20000,100000,1000,drain,11000,0,10000,0,,,
1111512,0,10,249,7,0,threshold,10,,3,10000,20000,100000,1000,admit,10000,0,11000,0,,,
1111512,2,10,250,10,0,threshold,13,,3,10000,20000,100000,1000,drain,10000,0,9000,0,,,
1112024,0,13,155,10,0,threshold,13,,3,10000,20000,100000,1000,admit,9000,0,10000,0,,,
1112024,2,13,156,13,0,threshold,3,,3,10000,20000,100000,1000,drain,20000,1,19000,1,,,
1119000,0,7,424,4,0,threshold,7,,3,10000,20000,100000,1000,admit,0,0,1000,0,,,
1119000,2,4,411,4,0,threshold,7,,3,10000,20000,100000,1000,drain,1000,0,0,0,,,
1119000,2,7,425,7,0,threshold,1,,3,10000,20000,100000,1000,drain,14000,1,13000,1,,,
1119512,0,10,252,7,0,threshold,10,,3,10000,20000,100000,1000,admit,11000,0,12000,0,,,
1119512,2,10,253,10,0,threshold,13,,3,10000,20000,100000,1000,drain,10000,0,9000,0,,,
1120024,0,13,158,10,0,threshold,13,,3,10000,20000,100000,1000,admit,9000,0,10000,0,,,
1120024,2,13,159,13,0,threshold,3,,3,10000,20000,100000,1000,drain,19000,1,18000,1,,,
1127000,0,7,427,4,0,threshold,7,,3,10000,20000,100000,1000,admit,0,0,1000,0,,,
1127000,2,4,414,4,0,threshold,7,,3,10000,20000,100000,1000,drain,1000,0,0,0,,,
1127000,2,7,428,7,0,threshold,10,,3,10000,20000,100000,1000,drain,12000,0,11000,0,,,
1127512,0,10,255,7,0,threshold,10,,3,10000,20000,100000,1000,admit,11000,0,12000,0,,,
1127512,2,10,256,10,0,threshold,13,,3,10000,20000,100000,1000,drain,10000,0,9000,0,,,
1128024,0,13,161,10,0,threshold,13,,3,10000,20000,100000,1000,admit,9000,0,10000,0,,,
1128024,2,13,162,13,0,threshold,3,,3,10000,20000,100000,1000,drain,18000,1,17000,1,,,
1135000,0,7,430,4,0,threshold,7,,3,10000,20000,100000,1000,admit,0,0,1000,0,,,
1135000,2,4,417,4,0,threshold,7,,3,10000,20000,100000,1000,drain,1000,0,0,0,,,
1135000,2,7,431,7,0,threshold,1,,3,10000,20000,100000,1000,drain,13000,1,12000,1,,,
1135512,0,10,258,7,0,threshold,10,,3,10000,20000,100000,1000,admit,12000,0,13000,0,,,
1135512,2,10,259,10,0,threshold,13,,3,10000,20000,100000,1000,drain,10000,0,9000,0,,,
1136024,0,13,164,10,0,threshold,13,,3,10000,20000,100000,1000,admit,9000,0,10000,0,,,
1136024,2,13,165,13,0,threshold,3,,3,10000,20000,100000,1000,drain,17000,1,16000,1,,,
1143000,0,7,433,4,0,threshold,7,,3,10000,20000,100000,1000,admit,0,0,1000,0,,,
1143000,2,4,420,4,0,threshold,7,,3,10000,20000,100000,1000,drain,1000,0,0,0,,,
1143000,2,7,434,7,0,threshold,10,,3,10000,20000,100000,1000,drain,13000,0,12000,0,,,
1143512,0,10,261,7,0,threshold,10,,3,10000,20000,100000,1000,admit,12000,0,13000,0,,,
1143512,2,10,262,10,0,threshold,13,,3,10000,20000,100000,1000,drain,10000,0,9000,0,,,
1144024,0,13,167,10,0,threshold,13,,3,10000,20000,100000,1000,admit,9000,0,10000,0,,,
1144024,2,13,168,13,0,threshold,3,,3,10000,20000,100000,1000,drain,16000,1,15000,1,,,
1151000,0,7,436,4,0,threshold,7,,3,10000,20000,100000,1000,admit,0,0,1000,0,,,
1151000,2,4,423,4,0,threshold,7,,3,10000,20000,100000,1000,drain,1000,0,0,0,,,
1151000,2,7,437,7,0,threshold,1,,3,10000,20000,100000,1000,drain,12000,1,11000,1,,,
1151512,0,10,264,7,0,threshold,10,,3,10000,20000,100000,1000,admit,13000,0,14000,0,,,
1151512,2,10,265,10,0,threshold,13,,3,10000,20000,100000,1000,drain,10000,0,9000,0,,,
1152024,0,13,170,10,0,threshold,13,,3,10000,20000,100000,1000,admit,9000,0,10000,0,,,
1152024,2,13,171,13,0,threshold,3,,3,10000,20000,100000,1000,drain,15000,1,14000,1,,,
1159000,0,7,439,4,0,threshold,7,,3,10000,20000,100000,1000,admit,0,0,1000,0,,,
1159000,2,4,426,4,0,threshold,7,,3,10000,20000,100000,1000,drain,1000,0,0,0,,,
1159000,2,7,440,7,0,threshold,10,,3,10000,20000,100000,1000,drain,14000,0,13000,0,,,
1159512,0,10,267,7,0,threshold,10,,3,10000,20000,100000,1000,admit,13000,0,14000,0,,,
1159512,2,10,268,10,0,threshold,13,,3,10000,20000,100000,1000,drain,10000,0,9000,0,,,
1160024,0,13,173,10,0,threshold,13,,3,10000,20000,100000,1000,admit,9000,0,10000,0,,,
1160024,2,13,174,13,0,threshold,3,,3,10000,20000,100000,1000,drain,14000,1,13000,1,,,
1167000,0,7,442,4,0,threshold,7,,3,10000,20000,100000,1000,admit,0,0,1000,0,,,
1167000,2,4,429,4,0,threshold,7,,3,10000,20000,100000,1000,drain,1000,0,0,0,,,
1167000,2,7,443,7,0,threshold,1,,3,10000,20000,100000,1000,drain,11000,1,10000,0,resume,,
1167512,0,7,444,1,0,control,1,7,3,,,,,,,,,,resume,7,
1167512,0,10,270,7,0,threshold,10,,3,10000,20000,100000,1000,admit,14000,0,15000,0,,,
1167512,2,10,271,10,0,threshold,13,,3,10000,20000,100000,1000,drain,10000,0,9000,0,,,
1168024,0,13,176,10,0,threshold,13,,3,10000,20000,100000,1000,admit,9000,0,10000,0,,,
1168024,2,13,177,13,0,threshold,3,,3,10000,20000,100000,1000,drain,13000,1,12000,1,,,
1175000,0,7,446,4,0,threshold,7,,3,10000,20000,100000,1000,admit,0,0,1000,0,,,
1175000,2,4,432,4,0,threshold,7,,3,10000,20000,100000,1000,drain,1000,0,0,0,,,
1175000,2,7,447,7,0,threshold,10,,3,10000,20000,100000,1000,drain,15000,0,14000,0,,,
1175512,0,10,273,7,0,threshold,10,,3,10000,20000,100000,1000,admit,14000,0,15000,0,,,
1175512,2,10,274,10,0,threshold,13,,3,10000,20000,100000,1000,drain,10000,0,9000,0,,,
1176024,0,13,179,10,0,threshold,13,,3,10000,20000,100000,1000,admit,9000,0,10000,0,,,
1176024,2,13,180,13,0,threshold,3,,3,10000,20000,100000,1000,drain,12000,1,11000,1,,,
1183000,0,1,946,7,0,threshold,1,,3,10000,20000,100000,1000,admit,10000,0,11000,0,,,
1183000,0,7,449,4,0,threshold,7,,3,10000,20000,100000,1000,admit,0,0,1000,0,,,
1183000,2,4,435,4,0,threshold,7,,3,10000,20000,100000,1000,drain,1000,0,0,0,,,
1183000,2,7,450,7,0,threshold,1,,3,10000,20000,100000,1000,drain,11000,0,10000,0,,,
1183512,0,10,276,7,0,threshold,10,,3,10000,20000,100000,1000,admit,15000,0,16000,0,,,
1183512,2,10,277,10,0,threshold,13,,3,10000,20000,100000,1000,drain,10000,0,9000,0,,,
1184024,0,13,182,10,0,threshold,13,,3,10000,20000,100000,1000,admit,9000,0,10000,0,,,
1184024,2,13,183,13,0,threshold,3,,3,10000,20000,100000,1000,drain,11000,1,10000,0,resume,,
1184536,0,13,184,3,0,control,3,13,3,,,,,,,,,,resume,13,
1191000,0,1,957,7,0,threshold,1,,3,10000,20000,100000,1000,admit,10000,0,11000,0,,,
1191000,0,7,452,4,0,threshold,7,,3,10000,20000,100000,1000,admit,0,0,1000,0,,,
1191000,2,4,438,4,0,threshold,7,,3,10000,20000,100000,1000,drain,1000,0,0,0,,,
1191000,2,7,453,7,0,threshold,10,,3,10000,20000,100000,1000,drain,16000,0,15000,0,,,
1191512,0,10,279,7,0,threshold,10,,3,10000,20000,100000,1000,admit,15000,0,16000,0,,,
1191512,2,10,280,10,0,threshold,2,,3,10000,20000,100000,1000,drain,20000,1,19000,1,,,
1192024,0,13,186,10,0,threshold,13,,3,10000,20000,100000,1000,admit,10000,0,11000,0,,,
1192024,2,13,187,13,0,threshold,3,,3,10000,20000,100000,1000,drain,10000,0,9000,0,,,
1199000,0,1,968,7,0,threshold,1,,3,10000,20000,100000,1000,admit,11000,0,12000,0,,,
1199000,0,7,455,4,0,threshold,7,,3,10000,20000,100000,1000,admit,0,0,1000,0,,,
1199000,2,4,441,4,0,threshold,7,,3,10000,20000,100000,1000,drain,1000,0,0,0,,,
1199000,2,7,456,7,0,threshold,1,,3,10000,20000,100000,1000,drain,12000,0,11000,0,,,
1199512,0,10,282,7,0,threshold,10,,3,10000,20000,100000,1000,admit,16000,0,17000,0,,,
1199512,2,10,283,10,0,threshold,2,,3,10000,20000,100000,1000,drain,19000,1,18000,1,,,
1200000,0,3,814,13,0,threshold,3,,3,10000,20000,100000,1000,admit,9000,0,10000,0,,,
1200024,0,13,189,10,0,threshold,13,,3,10000,20000,100000,1000,admit,11000,0,12000,0,,,
1200024,2,13,190,13,0,threshold,3,,3,10000,20000,100000,1000,drain,10000,0,9000,0,,,
1207000,0,1,979,7,0,threshold,1,,3,10000,20000,100000,1000,admit,11000,0,12000,0,,,
1207000,0,7,458,4,0,threshold,7,,3,10000,20000,100000,1000,admit,0,0,1000,0,,,
1207000,2,4,444,4,0,threshold,7,,3,10000,20000,100000,1000,drain,1000,0,0,0,,,
1207000,2,7,459,7,0,threshold,10,,3,10000,20000,100000,1000,drain,17000,0,16000,0,,,
1207512,0,10,285,7,0,threshold,10,,3,10000,20000,100000,1000,admit,16000,0,17000,0,,,
1207512,2,10,286,10,0,threshold,2,,3,10000,20000,100000,1000,drain,18000,1,17000,1,,,
1208000,0,3,825,13,0,threshold,3,,3,10000,20000,100000,1000,admit,9000,0,10000,0,,,
1208024,0,13,192,10,0,threshold,13,,3,10000,20000,100000,1000,admit,12000,0,13000,0,,,
1208024,2,13,193,13,0,threshold,3,,3,10000,20000,100000,1000,drain,10000,0,9000,0,,,
1215000,0,1,990,7,0,threshold,1,,3,10000,20000,100000,1000,admit,12000,0,13000,0,,,
1215000,0,7,461,4,0,threshold,7,,3,10000,20000,100000,1000,admit,0,0,1000,0,,,
1215000,2,4,447,4,0,threshold,7,,3,10000,20000,100000,1000,drain,1000,0,0,0,,,
1215000,2,7,462,7,0,threshold,1,,3,10000,20000,100000,1000,drain,13000,0,12000,0,,,
1215512,0,10,288,7,0,threshold,10,,3,10000,20000,100000,1000,admit,17000,0,18000,0,,,
1215512,2,10,289,10,0,threshold,2,,3,10000,20000,100000,1000,drain,17000,1,16000,1,,,
1216000,0,3,836,13,0,threshold,3,,3,10000,20000,100000,1000,admit,9000,0,10000,0,,,
1216024,0,13,195,10,0,threshold,13,,3,10000,20000,100000,1000,admit,13000,0,14000,0,,,
1216024,2,13,196,13,0,threshold,3,,3,10000,20000,100000,1000,drain,10000,0,9000,0,,,
1223000,0,1,1001,7,0,threshold,1,,3,10000,20000,100000,1000,admit,12000,0,13000,0,,,
1223000,0,7,464,4,0,threshold,7,,3,10000,20000,100000,1000,admit,0,0,1000,0,,,
1223000,2,4,450,4,0,threshold,7,,3,10000,20000,100000,1000,drain,1000,0,0,0,,,
1223000,2,7,465,7,0,threshold,10,,3,10000,20000,100000,1000,drain,18000,0,17000,0,,,
1223512,0,10,291,7,0,threshold,10,,3,10000,20000,100000,1000,admit,17000,0,18000,0,,,
1223512,2,10,292,10,0,threshold,2,,3,10000,20000,100000,1000,drain,16000,1,15000,1,,,
1224000,0,3,847,13,0,threshold,3,,3,10000,20000,100000,1000,admit,9000,0,10000,0,,,
1224024,0,13,198,10,0,threshold,13,,3,10000,20000,100000,1000,admit,14000,0,15000,0,,,
1224024,2,13,199,13,0,threshold,3,,3,10000,20000,100000,1000,drain,10000,0,9000,0,,,
1231000,0,1,1012,7,0,threshold,1,,3,10000,20000,100000,1000,admit,13000,0,14000,0,,,
1231000,0,7,467,4,0,threshold,7,,3,10000,20000,100000,1000,admit,0,0,1000,0,,,
1231000,2,4,453,4,0,threshold,7,,3,10000,20000,100000,1000,drain,1000,0,0,0,,,
1231000,2,7,468,7,0,threshold,1,,3,10000,20000,100000,1000,drain,14000,0,13000,0,,,
1231512,0,10,294,7,0,threshold,10,,3,10000,20000,100000,1000,admit,18000,0,19000,0,,,
1231512,2,10,295,10,0,threshold,2,,3,10000,20000,100000,1000,drain,15000,1,14000,1,,,
1232000,0,3,858,13,0,threshold,3,,3,10000,20000,100000,1000,admit,9000,0,10000,0,,,
1232024,0,13,201,10,0,threshold,13,,3,10000,20000,100000,1000,admit,15000,0,16000,0,,,
1232024,2,13,202,13,0,threshold,3,,3,10000,20000,100000,1000,drain,10000,0,9000,0,,,
1239000,0,1,1023,7,0,threshold,1,,3,10000,20000,100000,1000,admit,13000,0,14000,0,,,
1239000,0,7,470,4,0,threshold,7,,3,10000,20000,100000,1000,admit,0,0,1000,0,,,
1239000,2,4,456,4,0,threshold,7,,3,10000,20000,100000,1000,drain,1000,0,0,0,,,
1239000,2,7,471,7,0,threshold,10,,3,10000,20000,100000,1000,drain,19000,0,18000,0,,,
1239512,0,10,297,7,0,threshold,10,,3,10000,20000,100000,1000,admit,18000,0,19000,0,,,
1239512,2,10,298,10,0,threshold,2,,3,10000,20000,100000,1000,drain,14000,1,13000,1,,,
1240000,0,3,869,13,0,threshold,3,,3,10000,20000,100000,1000,admit,9000,0,10000,0,,,
1240024,0,13,204,10,0,threshold,13,,3,10000,20000,100000,1000,admit,16000,0,17000,0,,,
1240024,2,13,205,13,0,threshold,3,,3,10000,20000,100000,1000,drain,10000,0,9000,0,,,
1247000,0,1,1034,7,0,threshold,1,,3,10000,20000,100000,1000,admit,14000,0,15000,0,,,
1247000,0,7,473,4,0,threshold,7,,3,10000,20000,100000,1000,admit,0,0,1000,0,,,
1247000,2,4,459,4,0,threshold,7,,3,10000,20000,100000,1000,drain,1000,0,0,0,,,
1247000,2,7,474,7,0,threshold,1,,3,10000,20000,100000,1000,drain,15000,0,14000,0,,,
1247512,0,10,300,7,0,threshold,10,,3,10000,20000,100000,1000,admit,19000,0,20000,1,pause,,
1247512,2,10,301,10,0,threshold,2,,3,10000,20000,100000,1000,drain,13000,1,12000,1,,,
1248000,0,3,880,13,0,threshold,3,,3,10000,20000,100000,1000,admit,9000,0,10000,0,,,
1248024,0,7,477,10,0,control,10,7,3,,,,,,,,,,pause,,7
1248024,0,13,207,10,0,threshold,13,,3,10000,20000,100000,1000,admit,17000,0,18000,0,,,
1248024,2,13,208,13,0,threshold,3,,3,10000,20000,100000,1000,drain,10000,0,9000,0,,,
1255000,0,1,1045,7,0,threshold,1,,3,10000,20000,100000,1000,admit,14000,0,15000,0,,,
1255000,0,7,476,4,0,threshold,7,,3,10000,20000,100000,1000,admit,0,0,1000,0,,,
1255000,2,4,462,4,0,threshold,7,,3,10000,20000,100000,1000,drain,1000,0,0,0,,,
1255000,2,7,478,7,0,threshold,10,,3,10000,20000,100000,1000,drain,20000,1,19000,1,,,
1255512,0,10,303,7,0,threshold,10,,3,10000,20000,100000,1000,admit,19000,1,20000,1,,,
1256000,0,3,891,13,0,threshold,3,,3,10000,20000,100000,1000,admit,9000,0,10000,0,,,
1256024,0,13,210,10,0,threshold,13,,3,10000,20000,100000,1000,admit,18000,0,19000,0,,,
1256024,2,13,211,13,0,threshold,3,,3,10000,20000,100000,1000,drain,10000,0,9000,0,,,
1263000,0,1,1056,7,0,threshold,1,,3,10000,20000,100000,1000,admit,15000,0,16000,0,,,
1263000,0,7,480,4,0,threshold,7,,3,10000,20000,100000,1000,admit,0,0,1000,0,,,
1263000,2,4,465,4,0,threshold,7,,3,10000,20000,100000,1000,drain,1000,0,0,0,,,
1263000,2,7,481,7,0,threshold,1,,3,10000,20000,100000,1000,drain,16000,0,15000,0,,,
1264000,0,3,902,13,0,threshold,3,,3,10000,20000,100000,1000,admit,9000,0,10000,0,,,
1264024,0,13,213,10,0,threshold,13,,3,10000,20000,100000,1000,admit,19000,0,20000,1,pause,,
1264024,2,13,214,13,0,threshold,3,,3,10000,20000,100000,1000,drain,10000,0,9000,0,,,
1264536,0,10,304,13,0,control,13,10,3,,,,,,,,,,pause,,10
1271000,0,1,1067,7,0,threshold,1,,3,10000,20000,100000,1000,admit,15000,0,16000,0,,,
1271000,0,7,483,4,0,threshold,7,,3,10000,20000,100000,1000,admit,0,0,1000,0,,,
1271000,2,4,468,4,0,threshold,7,,3,10000,20000,100000,1000,drain,1000,0,0,0,,,
1271000,2,7,484,7,0,threshold,1,,3,10000,20000,100000,1000,drain,16000,0,15000,0,,,
1272000,0,3,913,13,0,threshold,3,,3,10000,20000,100000,1000,admit,9000,0,10000,0,,,
1272024,0,13,216,10,0,threshold,13,,3,10000,20000,100000,1000,admit,20000,1,21000,1,,,
1279000,0,1,1078,7,0,threshold,1,,3,10000,20000,100000,1000,admit,15000,0,16000,0,,,
1279000,0,7,486,4,0,threshold,7,,3,10000,20000,100000,1000,admit,0,0,1000,0,,,
1279000,2,4,471,4,0,threshold,7,,3,10000,20000,100000,1000,drain,1000,0,0,0,,,
1279000,2,7,487,7,0,threshold,1,,3,10000,20000,100000,1000,drain,16000,0,15000,0,,,
1280000,0,3,924,13,0,threshold,3,,3,10000,20000,100000,1000,admit,10000,0,11000,0,,,
1287000,0,1,1089,7,0,threshold,1,,3,10000,20000,100000,1000,admit,15000,0,16000,0,,,
1287000,0,7,489,4,0,threshold,7,,3,10000,20000,100000,1000,admit,0,0,1000,0,,,
1287000,2,4,474,4,0,threshold,7,,3,10000,20000,100000,1000,drain,1000,0,0,0,,,
1287000,2,7,490,7,0,threshold,1,,3,10000,20000,100000,1000,drain,16000,0,15000,0,,,
1288000,0,3,935,13,0,threshold,3,,3,10000,20000,100000,1000,admit,11000,0,12000,0,,,
1295000,0,1,1100,7,0,threshold,1,,3,10000,20000,100000,1000,admit,15000,0,16000,0,,,
1295000,0,7,492,4,0,threshold,7,,3,10000,20000,100000,1000,admit,0,0,1000,0,,,
1295000,2,4,477,4,0,threshold,7,,3,10000,20000,100000,1000,drain,1000,0,0,0,,,
1295000,2,7,493,7,0,threshold,1,,3,10000,20000,100000,1000,drain,16000,0,15000,0,,,
1296000,0,3,946,13,0,threshold,3,,3,10000,20000,100000,1000,admit,12000,0,13000,0,,,
1303000,0,1,1111,7,0,threshold,1,,3,10000,20000,100000,1000,admit,15000,0,16000,0,,,
1303000,0,7,495,4,0,threshold,7,,3,10000,20000,100000,1000,admit,0,0,1000,0,,,
1303000,2,4,480,4,0,threshold,7,,3,10000,20000,100000,1000,drain,1000,0,0,0,,,
1303000,2,7,496,7,0,threshold,10,,3,10000,20000,100000,1000,drain,20000,1,19000,1,,,
1304000,0,3,957,13,0,threshold,3,,3,10000,20000,100000,1000,admit,13000,0,14000,0,,,
1311000,0,1,1122,7,0,threshold,1,,3,10000,20000,100000,1000,admit,16000,0,17000,0,,,
1311000,0,7,498,4,0,threshold,7,,3,10000,20000,100000,1000,admit,0,0,1000,0,,,
1311000,2,4,483,4,0,threshold,7,,3,10000,20000,100000,1000,drain,1000,0,0,0,,,
1311000,2,7,499,7,0,threshold,10,,3,10000,20000,100000,1000,drain,19000,1,18000,1,,,
1312000,0,3,968,13,0,threshold,3,,3,10000,20000,100000,1000,admit,14000,0,15000,0,,,
1319000,0,1,1133,7,0,threshold,1,,3,10000,20000,100000,1000,admit,17000,0,18000,0,,,
1319000,0,7,501,4,0,threshold,7,,3,10000,20000,100000,1000,admit,0,0,1000,0,,,
1319000,2,4,486,4,0,threshold,7,,3,10000,20000,100000,1000,drain,1000,0,0,0,,,
1319000,2,7,502,7,0,threshold,10,,3,10000,20000,100000,1000,drain,18000,1,17000,1,,,
1320000,0,3,979,13,0,threshold,3,,3,10000,20000,100000,1000,admit,15000,0,16000,0,,,
1327000,0,1,1144,7,0,threshold,1,,3,10000,20000,100000,1000,admit,18000,0,19000,0,,,
1327000,0,7,504,4,0,threshold,7,,3,10000,20000,100000,1000,admit,0,0,1000,0,,,
1327000,2,4,489,4,0,threshold,7,,3,10000,20000,100000,1000,drain,1000,0,0,0,,,
1327000,2,7,505,7,0,threshold,10,,3,10000,20000,100000,1000,drain,17000,1,16000,1,,,
1328000,0,3,990,13,0,threshold,3,,3,10000,20000,100000,1000,admit,16000,0,17000,0,,,
1335000,0,1,1155,7,0,threshold,1,,3,10000,20000,100000,1000,admit,19000,0,20000,1,pause,,
1335000,0,7,507,4,0,threshold,7,,3,10000,20000,100000,1000,admit,0,0,1000,0,,,
1335000,2,4,492,4,0,threshold,7,,3,10000,20000,100000,1000,drain,1000,0,0,0,,,
1335000,2,7,509,7,0,threshold,10,,3,10000,20000,100000,1000,drain,16000,1,15000,1,,,
1335512,0,7,508,1,0,control,1,7,3,,,,,,,,,,pause,,7
1336000,0,3,1001,13,0,threshold,3,,3,10000,20000,100000,1000,admit,17000,0,18000,0,,,
1343000,0,1,1166,7,0,threshold,1,,3,10000,20000,100000,1000,admit,20000,1,21000,1,,,
1343000,0,7,511,4,0,threshold,7,,3,10000,20000,100000,1000,admit,0,0,1000,0,,,
1343000,2,4,495,4,0,threshold,7,,3,10000,20000,100000,1000,drain,1000,0,0,0,,,
1343000,2,7,512,7,0,threshold,10,,3,10000,20000,100000,1000,drain,15000,1,14000,1,,,
1344000,0,3,1012,13,0,threshold,3,,3,10000,20000,100000,1000,admit,18000,0,19000,0,,,
1351000,0,7,514,4,0,threshold,7,,3,10000,20000,100000,1000,admit,0,0,1000,0,,,
1351000,2,4,498,4,0,threshold,7,,3,10000,20000,100000,1000,drain,1000,0,0,0,,,
1351000,2,7,515,7,0,threshold,10,,3,10000,20000,100000,1000,drain,14000,1,13000,1,,,
1352000,0,3,1023,13,0,threshold,3,,3,10000,20000,100000,1000,admit,19000,0,20000,1,pause,,
1352512,0,13,217,3,0,control,3,13,3,,,,,,,,,,pause,,13
1359000,0,7,517,4,0,threshold,7,,3,10000,20000,100000,1000,admit,0,0,1000,0,,,
1359000,2,4,501,4,0,threshold,7,,3,10000,20000,100000,1000,drain,1000,0,0,0,,,
1359000,2,7,518,7,0,threshold,10,,3,10000,20000,100000,1000,drain,13000,1,12000,1,,,
1360000,0,3,1034,13,0,threshold,3,,3,10000,20000,100000,1000,admit,20000,1,21000,1,,,
1367000,0,7,520,4,0,threshold,7,,3,10000,20000,100000,1000,admit,0,0,1000,0,,,
1367000,2,4,504,4,0,threshold,7,,3,10000,20000,100000,1000,drain,1000,0,0,0,,,
1367000,2,7,521,7,0,threshold,10,,3,10000,20000,100000,1000,drain,12000,1,11000,1,,,
1375000,0,7,523,4,0,threshold,7,,3,10000,20000,100000,1000,admit,0,0,1000,0,,,
1375000,2,4,507,4,0,threshold,7,,3,10000,20000,100000,1000,drain,1000,0,0,0,,,
1375000,2,7,524,7,0,threshold,10,,3,10000,20000,100000,1000,drain,11000,1,10000,0,resume,,
1375512,0,7,525,10,0,control,10,7,3,,,,,,,,,,resume,7,
1375512,2,10,305,10,0,threshold,2,,3,10000,20000,100000,1000,drain,12000,1,11000,1,,,
1383000,0,7,527,4,0,threshold,7,,3,10000,20000,100000,1000,admit,0,0,1000,0,,,
1383000,2,4,510,4,0,threshold,7,,3,10000,20000,100000,1000,drain,1000,0,0,0,,,
1383000,2,7,528,7,0,threshold,1,,3,10000,20000,100000,1000,drain,21000,1,20000,1,,,
1383512,0,10,307,7,0,threshold,10,,3,10000,20000,100000,1000,admit,10000,0,11000,0,,,
1383512,2,10,308,10,0,threshold,2,,3,10000,20000,100000,1000,drain,11000,1,10000,0,resume,,
1384024,0,10,309,2,0,control,2,10,3,,,,,,,,,,resume,10,
1391000,0,7,530,4,0,threshold,7,,3,10000,20000,100000,1000,admit,0,0,1000,0,,,
1391000,2,4,513,4,0,threshold,7,,3,10000,20000,100000,1000,drain,1000,0,0,0,,,
1391000,2,7,531,7,0,threshold,10,,3,10000,20000,100000,1000,drain,11000,0,10000,0,,,
1391512,0,10,311,7,0,threshold,10,,3,10000,20000,100000,1000,admit,10000,0,11000,0,,,
1391512,2,10,312,10,0,threshold,2,,3,10000,20000,100000,1000,drain,10000,0,9000,0,,,
1399000,0,7,533,4,0,threshold,7,,3,10000,20000,100000,1000,admit,0,0,1000,0,,,
1399000,2,4,516,4,0,threshold,7,,3,10000,20000,100000,1000,drain,1000,0,0,0,,,
1399000,2,7,534,7,0,threshold,1,,3,10000,20000,100000,1000,drain,20000,1,19000,1,,,
1399512,0,10,314,7,0,threshold,10,,3,10000,20000,100000,1000,admit,11000,0,12000,0,,,
1399512,2,10,315,10,0,threshold,2,,3,10000,20000,100000,1000,drain,9000,0,8000,0,,,
1400000,0,2,710,10,0,threshold,2,,3,10000,20000,100000,1000,admit,8000,0,9000,0,,,
1407000,0,7,536,4,0,threshold,7,,3,10000,20000,100000,1000,admit,0,0,1000,0,,,
1407000,2,4,519,4,0,threshold,7,,3,10000,20000,100000,1000,drain,1000,0,0,0,,,
1407000,2,7,537,7,0,threshold,10,,3,10000,20000,100000,1000,drain,12000,0,11000,0,,,
1407512,0,10,317,7,0,threshold,10,,3,10000,20000,100000,1000,admit,11000,0,12000,0,,,
1407512,2,10,318,10,0,threshold,2,,3,10000,20000,100000,1000,drain,9000,0,8000,0,,,
1408000,0,2,721,10,0,threshold,2,,3,10000,20000,100000,1000,admit,8000,0,9000,0,,,
1415000,0,7,539,4,0,threshold,7,,3,10000,20000,100000,1000,admit,0,0,1000,0,,,
1415000,2,4,522,4,0,threshold,7,,3,10000,20000,100000,1000,drain,1000,0,0,0,,,
1415000,2,7,540,7,0,threshold,1,,3,10000,20000,100000,1000,drain,19000,1,18000,1,,,
1415512,0,10,320,7,0,threshold,10,,3,10000,20000,100000,1000,admit,12000,0,13000,0,,,
1415512,2,10,321,10,0,threshold,2,,3,10000,20000,100000,1000,drain,9000,0,8000,0,,,
1416000,0,2,732,10,0,threshold,2,,3,10000,20000,100000,1000,admit,8000,0,9000,0,,,
1423000,0,7,542,4,0,threshold,7,,3,10000,20000,100000,1000,admit,0,0,1000,0,,,
1423000,2,4,525,4,0,threshold,7,,3,10000,20000,100000,1000,drain,1000,0,0,0,,,
1423000,2,7,543,7,0,threshold,10,,3,10000,20000,100000,1000,drain,13000,0,12000,0,,,
1423512,0,10,323,7,0,threshold,10,,3,10000,20000,100000,1000,admit,12000,0,13000,0,,,
1423512,2,10,324,10,0,threshold,2,,3,10000,20000,100000,1000,drain,9000,0,8000,0,,,
1424000,0,2,743,10,0,threshold,2,,3,10000,20000,100000,1000,admit,8000,0,9000,0,,,
1431000,0,7,545,4,0,threshold,7,,3,10000,20000,100000,1000,admit,0,0,1000,0,,,
1431000,2,4,528,4,0,threshold,7,,3,10000,20000,100000,1000,drain,1000,0,0,0,,,
1431000,2,7,546,7,0,threshold,1,,3,10000,20000,100000,1000,drain,18000,1,17000,1,,,
1431512,0,10,326,7,0,threshold,10,,3,10000,20000,100000,1000,admit,13000,0,14000,0,,,
1431512,2,10,327,10,0,threshold,2,,3,10000,20000,100000,1000,drain,9000,0,8000,0,,,
1432000,0,2,754,10,0,threshold,2,,3,10000,20000,100000,1000,admit,8000,0,9000,0,,,
1439000,0,7,548,4,0,threshold,7,,3,10000,20000,100000,1000,admit,0,0,1000,0,,,
1439000,2,4,531,4,0,threshold,7,,3,10000,20000,100000,1000,drain,1000,0,0,0,,,
1439000,2,7,549,7,0,threshold,10,,3,10000,20000,100000,1000,drain,14000,0,13000,0,,,
1439512,0,10,329,7,0,threshold,10,,3,10000,20000,100000,1000,admit,13000,0,14000,0,,,
1439512,2,10,330,10,0,threshold,2,,3,10000,20000,100000,1000,drain,9000,0,8000,0,,,
1440000,0,2,765,10,0,threshold,2,,3,10000,20000,100000,1000,admit,8000,0,9000,0,,,
1447000,0,7,551,4,0,threshold,7,,3,10000,20000,100000,1000,admit,0,0,1000,0,,,
1447000,2,4,534,4,0,threshold,7,,3,10000,20000,100000,1000,drain,1000,0,0,0,,,
1447000,2,7,552,7,0,threshold,1,,3,10000,20000,100000,1000,drain,17000,1,16000,1,,,
1447512,0,10,332,7,0,threshold,10,,3,10000,20000,100000,1000,admit,14000,0,15000,0,,,
1447512,2,10,333,10,0,threshold,2,,3,10000,20000,100000,1000,drain,9000,0,8000,0,,,
1448000,0,2,776,10,0,threshold,2,,3,10000,20000,100000,1000,admit,8000,0,9000,0,,,
1455000,0,7,554,4,0,threshold,7,,3,10000,20000,100000,1000,admit,0,0,1000,0,,,
1455000,2,4,537,4,0,threshold,7,,3,10000,20000,100000,1000,drain,1000,0,0,0,,,
1455000,2,7,555,7,0,threshold,10,,3,10000,20000,100000,1000,drain,15000,0,14000,0,,,
1455512,0,10,335,7,0,threshold,10,,3,10000,20000,100000,1000,admit,14000,0,15000,0,,,
1455512,2,10,336,10,0,threshold,2,,3,10000,20000,100000,1000,drain,9000,0,8000,0,,,
1456000,0,2,787,10,0,threshold,2,,3,10000,20000,100000,1000,admit,8000,0,9000,0,,,
1463000,0,7,557,4,0,threshold,7,,3,10000,20000,100000,1000,admit,0,0,1000,0,,,
1463000,2,4,540,4,0,threshold,7,,3,10000,20000,100000,1000,drain,1000,0,0,0,,,
1463000,2,7,558,7,0,threshold,1,,3,10000,20000,100000,1000,drain,16000,1,15000,1,,,
1463512,0,10,338,7,0,threshold,10,,3,10000,20000,100000,1000,admit,15000,0,16000,0,,,
1463512,2,10,339,10,0,threshold,2,,3,10000,20000,100000,1000,drain,9000,0,8000,0,,,
1464000,0,2,798,10,0,threshold,2,,3,10000,20000,100000,1000,admit,8000,0,9000,0,,,
1471000,0,7,560,4,0,threshold,7,,3,10000,20000,100000,1000,admit,0,0,1000,0,,,
1471000,2,4,543,4,0,threshold,7,,3,10000,20000,100000,1000,drain,1000,0,0,0,,,
1471000,2,7,561,7,0,threshold,10,,3,10000,20000,100000,1000,drain,16000,0,15000,0,,,
1471512,0,10,341,7,0,threshold,10,,3,10000,20000,100000,1000,admit,15000,0,16000,0,,,
1471512,2,10,342,10,0,threshold,13,,3,10000,20000,100000,1000,drain,21000,1,20000,1,,,
1472000,0,2,809,10,0,threshold,2,,3,10000,20000,100000,1000,admit,9000,0,10000,0,,,
1479000,0,7,563,4,0,threshold,7,,3,10000,20000,100000,1000,admit,0,0,1000,0,,,
1479000,2,4,546,4,0,threshold,7,,3,10000,20000,100000,1000,drain,1000,0,0,0,,,
1479000,2,7,564,7,0,threshold,1,,3,10000,20000,100000,1000,drain,15000,1,14000,1,,,
1479512,0,10,344,7,0,threshold,10,,3,10000,20000,100000,1000,admit,16000,0,17000,0,,,
1479512,2,10,345,10,0,threshold,13,,3,10000,20000,100000,1000,drain,20000,1,19000,1,,,
1480000,0,2,820,10,0,threshold,2,,3,10000,20000,100000,1000,admit,10000,0,11000,0,,,
1487000,0,7,566,4,0,threshold,7,,3,10000,20000,100000,1000,admit,0,0,1000,0,,,
1487000,2,4,549,4,0,threshold,7,,3,10000,20000,100000,1000,drain,1000,0,0,0,,,
1487000,2,7,567,7,0,threshold,10,,3,10000,20000,100000,1000,drain,17000,0,16000,0,,,
1487512,0,10,347,7,0,threshold,10,,3,10000,20000,100000,1000,admit,16000,0,17000,0,,,
1487512,2,10,348,10,0,threshold,13,,3,10000,20000,100000,1000,drain,19000,1,18000,1,,,
1488000,0,2,831,10,0,threshold,2,,3,10000,20000,100000,1000,admit,11000,0,12000,0,,,
1495000,0,7,569,4,0,threshold,7,,3,10000,20000,100000,1000,admit,0,0,1000,0,,,
1495000,2,4,552,4,0,threshold,7,,3,10000,20000,100000,1000,drain,1000,0,0,0,,,
1495000,2,7,570,7,0,threshold,1,,3,10000,20000,100000,1000,drain,14000,1,13000,1,,,
1495512,0,10,350,7,0,threshold,10,,3,10000,20000,100000,1000,admit,17000,0,18000,0,,,
1495512,2,10,351,10,0,threshold,13,,3,10000,20000,100000,1000,drain,18000,1,17000,1,,,
1496000,0,2,842,10,0,threshold,2,,3,10000,20000,100000,1000,admit,12000,0,13000,0,,,
1503000,0,7,572,4,0,threshold,7,,3,10000,20000,100000,1000,admit,0,0,1000,0,,,
1503000,2,4,555,4,0,threshold,7,,3,10000,20000,100000,1000,drain,1000,0,0,0,,,
1503000,2,7,573,7,0,threshold,10,,3,10000,20000,100000,1000,drain,18000,0,17000,0,,,
1503512,0,10,353,7,0,threshold,10,,3,10000,20000,100000,1000,admit,17000,0,18000,0,,,
1503512,2,10,354,10,0,threshold,13,,3,10000,20000,100000,1000,drain,17000,1,16000,1,,,
1504000,0,2,853,10,0,threshold,2,,3,10000,20000,100000,1000,admit,13000,0,14000,0,,,
1511000,0,7,575,4,0,threshold,7,,3,10000,20000,100000,1000,admit,0,0,1000,0,,,
1511000,2,4,558,4,0,threshold,7,,3,10000,20000,100000,1000,drain,1000,0,0,0,,,
1511000,2,7,576,7,0,threshold,1,,3,10000,20000,100000,1000,drain,13000,1,12000,1,,,
1511512,0,10,356,7,0,threshold,10,,3,10000,20000,100000,1000,admit,18000,0,19000,0,,,
1511512,2,10,357,10,0,threshold,13,,3,10000,20000,100000,1000,drain,16000,1,15000,1,,,
1512000,0,2,864,10,0,threshold,2,,3,10000,20000,100000,1000,admit,14000,0,15000,0,,,
1519000,0,7,578,4,0,threshold,7,,3,10000,20000,100000,1000,admit,0,0,1000,0,,,
1519000,2,4,561,4,0,threshold,7,,3,10000,20000,100000,1000,drain,1000,0,0,0,,,
1519000,2,7,579,7,0,threshold,10,,3,10000,20000,100000,1000,drain,19000,0,18000,0,,,
1519512,0,10,359,7,0,threshold,10,,3,10000,20000,100000,1000,admit,18000,0,19000,0,,,
1519512,2,10,360,10,0,threshold,13,,3,10000,20000,100000,1000,drain,15000,1,14000,1,,,
1520000,0,2,875,10,0,threshold,2,,3,10000,20000,100000,1000,admit,15000,0,16000,0,,,
1527000,0,7,581,4,0,threshold,7,,3,10000,20000,100000,1000,admit,0,0,1000,0,,,
1527000,2,4,564,4,0,threshold,7,,3,10000,20000,100000,1000,drain,1000,0,0,0,,,
1527000,2,7,582,7,0,threshold,1,,3,10000,20000,100000,1000,drain,12000,1,11000,1,,,
1527512,0,10,362,7,0,threshold,10,,3,10000,20000,100000,1000,admit,19000,0,20000,1,pause,,
1527512,2,10,363,10,0,threshold,13,,3,10000,20000,100000,1000,drain,14000,1,13000,1,,,
1528000,0,2,886,10,0,threshold,2,,3,10000,20000,100000,1000,admit,16000,0,17000,0,,,
1528024,0,7,585,10,0,control,10,7,3,,,,,,,,,,pause,,7
1535000,0,7,584,4,0,threshold,7,,3,10000,20000,100000,1000,admit,0,0,1000,0,,,
1535000,2,4,567,4,0,threshold,7,,3,10000,20000,100000,1000,drain,1000,0,0,0,,,
1535000,2,7,586,7,0,threshold,10,,3,10000,20000,100000,1000,drain,20000,1,19000,1,,,
1535512,0,10,365,7,0,threshold,10,,3,10000,20000,100000,1000,admit,19000,1,20000,1,,,
1536000,0,2,897,10,0,threshold,2,,3,10000,20000,100000,1000,admit,17000,0,18000,0,,,
1543000,0,7,588,4,0,threshold,7,,3,10000,20000,100000,1000,admit,0,0,1000,0,,,
1543000,2,4,570,4,0,threshold,7,,3,10000,20000,100000,1000,drain,1000,0,0,0,,,
1543000,2,7,589,7,0,threshold,1,,3,10000,20000,100000,1000,drain,11000,1,10000,0,resume,,
1543512,0,7,590,1,0,control,1,7,3,,,,,,,,,,resume,7,
1544000,0,2,908,10,0,threshold,2,,3,10000,20000,100000,1000,admit,18000,0,19000,0,,,
1551000,0,7,592,4,0,threshold,7,,3,10000,20000,100000,1000,admit,0,0,1000,0,,,
1551000,2,4,573,4,0,threshold,7,,3,10000,20000,100000,1000,drain,1000,0,0,0,,,
1551000,2,7,593,7,0,threshold,1,,3,10000,20000,100000,1000,drain,10000,0,9000,0,,,
1552000,0,2,919,10,0,threshold,2,,3,10000,20000,100000,1000,admit,19000,0,20000,1,pause,,
1552512,0,10,366,2,0,control,2,10,3,,,,,,,,,,pause,,10
1559000,0,1,1187,7,0,threshold,1,,3,10000,20000,100000,1000,admit,9000,0,10000,0,,,
1559000,0,7,595,4,0,threshold,7,,3,10000,20000,100000,1000,admit,0,0,1000,0,,,
1559000,2,4,576,4,0,threshold,7,,3,10000,20000,100000,1000,drain,1000,0,0,0,,,
1559000,2,7,596,7,0,threshold,1,,3,10000,20000,100000,1000,drain,10000,0,9000,0,,,
1560000,0,2,930,10,0,threshold,2,,3,10000,20000,100000,1000,admit,20000,1,21000,1,,,
1567000,0,1,1198,7,0,threshold,1,,3,10000,20000,100000,1000,admit,9000,0,10000,0,,,
1567000,0,7,598,4,0,threshold,7,,3,10000,20000,100000,1000,admit,0,0,1000,0,,,
1567000,2,4,579,4,0,threshold,7,,3,10000,20000,100000,1000,drain,1000,0,0,0,,,
1567000,2,7,599,7,0,threshold,1,,3,10000,20000,100000,1000,drain,10000,0,9000,0,,,
1575000,0,1,1209,7,0,threshold,1,,3,10000,20000,100000,1000,admit,9000,0,10000,0,,,
1575000,0,7,601,4,0,threshold,7,,3,10000,20000,100000,1000,admit,0,0,1000,0,,,
1575000,2,4,582,4,0,threshold,7,,3,10000,20000,100000,1000,drain,1000,0,0,0,,,
1575000,2,7,602,7,0,threshold,1,,3,10000,20000,100000,1000,drain,10000,0,9000,0,,,
1583000,0,1,1220,7,0,threshold,1,,3,10000,20000,100000,1000,admit,9000,0,10000,0,,,
1583000,0,7,604,4,0,threshold,7,,3,10000,20000,100000,1000,admit,0,0,1000,0,,,
1583000,2,4,585,4,0,threshold,7,,3,10000,20000,100000,1000,drain,1000,0,0,0,,,
1583000,2,7,605,7,0,threshold,1,,3,10000,20000,100000,1000,drain,10000,0,9000,0,,,
1591000,0,1,1231,7,0,threshold,1,,3,10000,20000,100000,1000,admit,9000,0,10000,0,,,
1591000,0,7,607,4,0,threshold,7,,3,10000,20000,100000,1000,admit,0,0,1000,0,,,
1591000,2,4,588,4,0,threshold,7,,3,10000,20000,100000,1000,drain,1000,0,0,0,,,
1591000,2,7,608,7,0,threshold,1,,3,10000,20000,100000,1000,drain,10000,0,9000,0,,,
1599000,0,1,1242,7,0,threshold,1,,3,10000,20000,100000,1000,admit,9000,0,10000,0,,,
1599000,0,7,610,4,0,threshold,7,,3,10000,20000,100000,1000,admit,0,0,1000,0,,,
1599000,2,4,591,4,0,threshold,7,,3,10000,20000,100000,1000,drain,1000,0,0,0,,,
1599000,2,7,611,7,0,threshold,1,,3,10000,20000,100000,1000,drain,10000,0,9000,0,,,
1607000,0,1,1253,7,0,threshold,1,,3,10000,20000,100000,1000,admit,9000,0,10000,0,,,
1607000,0,7,613,4,0,threshold,7,,3,10000,20000,100000,1000,admit,0,0,1000,0,,,
1607000,2,4,594,4,0,threshold,7,,3,10000,20000,100000,1000,drain,1000,0,0,0,,,
1607000,2,7,614,7,0,threshold,1,,3,10000,20000,100000,1000,drain,10000,0,9000,0,,,
1615000,0,1,1264,7,0,threshold,1,,3,10000,20000,100000,1000,admit,9000,0,10000,0,,,
1615000,0,7,616,4,0,threshold,7,,3,10000,20000,100000,1000,admit,0,0,1000,0,,,
1615000,2,4,597,4,0,threshold,7,,3,10000,20000,100000,1000,drain,1000,0,0,0,,,
1615000,2,7,617,7,0,threshold,1,,3,10000,20000,100000,1000,drain,10000,0,9000,0,,,
1623000,0,1,1275,7,0,threshold,1,,3,10000,20000,100000,1000,admit,9000,0,10000,0,,,
1623000,0,7,619,4,0,threshold,7,,3,10000,20000,100000,1000,admit,0,0,1000,0,,,
1623000,2,4,600,4,0,threshold,7,,3,10000,20000,100000,1000,drain,1000,0,0,0,,,
1623000,2,7,620,7,0,threshold,1,,3,10000,20000,100000,1000,drain,10000,0,9000,0,,,
1631000,0,1,1286,7,0,threshold,1,,3,10000,20000,100000,1000,admit,9000,0,10000,0,,,
1631000,0,7,622,4,0,threshold,7,,3,10000,20000,100000,1000,admit,0,0,1000,0,,,
1631000,2,4,603,4,0,threshold,7,,3,10000,20000,100000,1000,drain,1000,0,0,0,,,
1631000,2,7,623,7,0,threshold,10,,3,10000,20000,100000,1000,drain,20000,1,19000,1,,,
1639000,0,1,1297,7,0,threshold,1,,3,10000,20000,100000,1000,admit,10000,0,11000,0,,,
1639000,0,7,625,4,0,threshold,7,,3,10000,20000,100000,1000,admit,0,0,1000,0,,,
1639000,2,4,606,4,0,threshold,7,,3,10000,20000,100000,1000,drain,1000,0,0,0,,,
1639000,2,7,626,7,0,threshold,10,,3,10000,20000,100000,1000,drain,19000,1,18000,1,,,
1647000,0,1,1308,7,0,threshold,1,,3,10000,20000,100000,1000,admit,11000,0,12000,0,,,
1647000,0,7,628,4,0,threshold,7,,3,10000,20000,100000,1000,admit,0,0,1000,0,,,
1647000,2,4,609,4,0,threshold,7,,3,10000,20000,100000,1000,drain,1000,0,0,0,,,
1647000,2,7,629,7,0,threshold,10,,3,10000,20000,100000,1000,drain,18000,1,17000,1,,,
1655000,0,1,1319,7,0,threshold,1,,3,10000,20000,100000,1000,admit,12000,0,13000,0,,,
1655000,0,7,631,4,0,threshold,7,,3,10000,20000,100000,1000,admit,0,0,1000,0,,,
1655000,2,4,612,4,0,threshold,7,,3,10000,20000,100000,1000,drain,1000,0,0,0,,,
1655000,2,7,632,7,0,threshold,10,,3,10000,20000,100000,1000,drain,17000,1,16000,1,,,
1663000,0,1,1330,7,0,threshold,1,,3,10000,20000,100000,1000,admit,13000,0,14000,0,,,
1663000,0,7,634,4,0,threshold,7,,3,10000,20000,100000,1000,admit,0,0,1000,0,,,
1663000,2,4,615,4,0,threshold,7,,3,10000,20000,100000,1000,drain,1000,0,0,0,,,
1663000,2,7,635,7,0,threshold,10,,3,10000,20000,100000,1000,drain,16000,1,15000,1,,,
1671000,0,1,1341,7,0,threshold,1,,3,10000,20000,100000,1000,admit,14000,0,15000,0,,,
1671000,0,7,637,4,0,threshold,7,,3,10000,20000,100000,1000,admit,0,0,1000,0,,,
1671000,2,4,618,4,0,threshold,7,,3,10000,20000,100000,1000,drain,1000,0,0,0,,,
1671000,2,7,638,7,0,threshold,10,,3,10000,20000,100000,1000,drain,15000,1,14000,1,,,
1679000,0,1,1352,7,0,threshold,1,,3,10000,20000,100000,1000,admit,15000,0,16000,0,,,
1679000,0,7,640,4,0,threshold,7,,3,10000,20000,100000,1000,admit,0,0,1000,0,,,
1679000,2,4,621,4,0,threshold,7,,3,10000,20000,100000,1000,drain,1000,0,0,0,,,
1679000,2,7,641,7,0,threshold,10,,3,10000,20000,100000,1000,drain,14000,1,13000,1,,,
1687000,0,1,1363,7,0,threshold,1,,3,10000,20000,100000,1000,admit,16000,0,17000,0,,,
1687000,0,7,643,4,0,threshold,7,,3,10000,20000,100000,1000,admit,0,0,1000,0,,,
1687000,2,4,624,4,0,threshold,7,,3,10000,20000,100000,1000,drain,1000,0,0,0,,,
1687000,2,7,644,7,0,threshold,10,,3,10000,20000,100000,1000,drain,13000,1,12000,1,,,
1695000,0,1,1374,7,0,threshold,1,,3,10000,20000,100000,1000,admit,17000,0,18000,0,,,
1695000,0,7,646,4,0,threshold,7,,3,10000,20000,100000,1000,admit,0,0,1000,0,,,
1695000,2,4,627,4,0,threshold,7,,3,10000,20000,100000,1000,drain,1000,0,0,0,,,
1695000,2,7,647,7,0,threshold,10,,3,10000,20000,100000,1000,drain,12000,1,11000,1,,,
1703000,0,1,1385,7,0,threshold,1,,3,10000,20000,100000,1000,admit,18000,0,19000,0,,,
1703000,0,7,649,4,0,threshold,7,,3,10000,20000,100000,1000,admit,0,0,1000,0,,,
1703000,2,4,630,4,0,threshold,7,,3,10000,20000,100000,1000,drain,1000,0,0,0,,,
1703000,2,7,650,7,0,threshold,10,,3,10000,20000,100000,1000,drain,11000,1,10000,0,resume,,
1703512,0,7,651,10,0,control,10,7,3,,,,,,,,,,resume,7,
1703512,2,10,367,10,0,threshold,13,,3,10000,20000,100000,1000,drain,13000,1,12000,1,,,
1711000,0,1,1396,7,0,threshold,1,,3,10000,20000,100000,1000,admit,19000,0,20000,1,pause,,
1711000,0,7,653,4,0,threshold,7,,3,10000,20000,100000,1000,admit,0,0,1000,0,,,
1711000,2,4,633,4,0,threshold,7,,3,10000,20000,100000,1000,drain,1000,0,0,0,,,
1711000,2,7,655,7,0,threshold,10,,3,10000,20000,100000,1000,drain,10000,0,9000,0,,,
1711512,0,7,654,1,0,control,1,7,3,,,,,,,,,,pause,,7
1711512,0,10,369,7,0,threshold,10,,3,10000,20000,100000,1000,admit,9000,0,10000,0,,,
1711512,2,10,370,10,0,threshold,13,,3,10000,20000,100000,1000,drain,12000,1,11000,1,,,
1719000,0,1,1407,7,0,threshold,1,,3,10000,20000,100000,1000,admit,20000,1,21000,1,,,
1719000,0,7,657,4,0,threshold,7,,3,10000,20000,100000,1000,admit,0,0,1000,0,,,
1719000,2,4,636,4,0,threshold,7,,3,10000,20000,100000,1000,drain,1000,0,0,0,,,
1719000,2,7,658,7,0,threshold,10,,3,10000,20000,100000,1000,drain,10000,0,9000,0,,,
1719512,0,10,372,7,0,threshold,10,,3,10000,20000,100000,1000,admit,9000,0,10000,0,,,
1719512,2,10,373,10,0,threshold,13,,3,10000,20000,100000,1000,drain,11000,1,10000,0,resume,,
1720024,0,10,374,13,0,control,13,10,3,,,,,,,,,,resume,10,
1720024,2,13,218,13,0,threshold,3,,3,10000,20000,100000,1000,drain,21000,1,20000,1,,,
1727000,0,7,660,4,0,threshold,7,,3,10000,20000,100000,1000,admit,0,0,1000,0,,,
1727000,2,4,639,4,0,threshold,7,,3,10000,20000,100000,1000,drain,1000,0,0,0,,,
1727000,2,7,661,7,0,threshold,10,,3,10000,20000,100000,1000,drain,10000,0,9000,0,,,
1727512,0,10,376,7,0,threshold,10,,3,10000,20000,100000,1000,admit,9000,0,10000,0,,,
1727512,2,10,377,10,0,threshold,13,,3,10000,20000,100000,1000,drain,10000,0,9000,0,,,
1728024,0,13,220,10,0,threshold,13,,3,10000,20000,100000,1000,admit,9000,0,10000,0,,,
1728024,2,13,221,13,0,threshold,3,,3,10000,20000,100000,1000,drain,20000,1,19000,1,,,
1735000,0,7,663,4,0,threshold,7,,3,10000,20000,100000,1000,admit,0,0,1000,0,,,
1735000,2,4,642,4,0,threshold,7,,3,10000,20000,100000,1000,drain,1000,0,0,0,,,
1735000,2,7,664,7,0,threshold,10,,3,10000,20000,100000,1000,drain,10000,0,9000,0,,,
1735512,0,10,379,7,0,threshold,10,,3,10000,20000,100000,1000,admit,9000,0,10000,0,,,
1735512,2,10,380,10,0,threshold,13,,3,10000,20000,100000,1000,drain,10000,0,9000,0,,,
1736024,0,13,223,10,0,threshold,13,,3,10000,20000,100000,1000,admit,9000,0,10000,0,,,
1736024,2,13,224,13,0,threshold,3,,3,10000,20000,100000,1000,drain,19000,1,18000,1,,,
1743000,0,7,666,4,0,threshold,7,,3,10000,20000,100000,1000,admit,0,0,1000,0,,,
1743000,2,4,645,4,0,threshold,7,,3,10000,20000,100000,1000,drain,1000,0,0,0,,,
1743000,2,7,667,7,0,threshold,10,,3,10000,20000,100000,1000,drain,10000,0,9000,0,,,
1743512,0,10,382,7,0,threshold,10,,3,10000,20000,100000,1000,admit,9000,0,10000,0,,,
1743512,2,10,383,10,0,threshold,13,,3,10000,20000,100000,1000,drain,10000,0,9000,0,,,
1744024,0,13,226,10,0,threshold,13,,3,10000,20000,100000,1000,admit,9000,0,10000,0,,,
1744024,2,13,227,13,0,threshold,3,,3,10000,20000,100000,1000,drain,18000,1,17000,1,,,
1751000,0,7,669,4,0,threshold,7,,3,10000,20000,100000,1000,admit,0,0,1000,0,,,
1751000,2,4,648,4,0,threshold,7,,3,10000,20000,100000,1000,drain,1000,0,0,0,,,
1751000,2,7,670,7,0,threshold,10,,3,10000,20000,100000,1000,drain,10000,0,9000,0,,,
1751512,0,10,385,7,0,threshold,10,,3,10000,20000,100000,1000,admit,9000,0,10000,0,,,
1751512,2,10,386,10,0,threshold,13,,3,10000,20000,100000,1000,drain,10000,0,9000,0,,,
1752024,0,13,229,10,0,threshold,13,,3,10000,20000,100000,1000,admit,9000,0,10000,0,,,
1752024,2,13,230,13,0,threshold,3,,3,10000,20000,100000,1000,drain,17000,1,16000,1,,,
1759000,0,7,672,4,0,threshold,7,,3,10000,20000,100000,1000,admit,0,0,1000,0,,,
1759000,2,4,651,4,0,threshold,7,,3,10000,20000,100000,1000,drain,1000,0,0,0,,,
1759000,2,7,673,7,0,threshold,10,,3,10000,20000,100000,1000,drain,10000,0,9000,0,,,
1759512,0,10,388,7,0,threshold,10,,3,10000,20000,100000,1000,admit,9000,0,10000,0,,,
1759512,2,10,389,10,0,threshold,13,,3,10000,20000,100000,1000,drain,10000,0,9000,0,,,
1760024,0,13,232,10,0,threshold,13,,3,10000,20000,100000,1000,admit,9000,0,10000,0,,,
1760024,2,13,233,13,0,threshold,3,,3,10000,20000,100000,1000,drain,16000,1,15000,1,,,
1767000,0,7,675,4,0,threshold,7,,3,10000,20000,100000,1000,admit,0,0,1000,0,,,
1767000,2,4,654,4,0,threshold,7,,3,10000,20000,100000,1000,drain,1000,0,0,0,,,
1767000,2,7,676,7,0,threshold,10,,3,10000,20000,100000,1000,drain,10000,0,9000,0,,,
1767512,0,10,391,7,0,threshold,10,,3,10000,20000,100000,1000,admit,9000,0,10000,0,,,
1767512,2,10,392,10,0,threshold,13,,3,10000,20000,100000,1000,drain,10000,0,9000,0,,,
1768024,0,13,235,10,0,threshold,13,,3,10000,20000,100000,1000,admit,9000,0,10000,0,,,
1768024,2,13,236,13,0,threshold,3,,3,10000,20000,100000,1000,drain,15000,1,14000,1,,,
1775000,0,7,678,4,0,threshold,7,,3,10000,20000,100000,1000,admit,0,0,1000,0,,,
1775000,2,4,657,4,0,threshold,7,,3,10000,20000,100000,1000,drain,1000,0,0,0,,,
1775000,2,7,679,7,0,threshold,10,,3,10000,20000,100000,1000,drain,10000,0,9000,0,,,
1775512,0,10,394,7,0,threshold,10,,3,10000,20000,100000,1000,admit,9000,0,10000,0,,,
1775512,2,10,395,10,0,threshold,13,,3,10000,20000,100000,1000,drain,10000,0,9000,0,,,
1776024,0,13,238,10,0,threshold,13,,3,10000,20000,100000,1000,admit,9000,0,10000,0,,,
1776024,2,13,239,13,0,threshold,3,,3,10000,20000,100000,1000,drain,14000,1,13000,1,,,
1783000,0,7,681,4,0,threshold,7,,3,10000,20000,100000,1000,admit,0,0,1000,0,,,
1783000,2,4,660,4,0,threshold,7,,3,10000,20000,100000,1000,drain,1000,0,0,0,,,
1783000,2,7,682,7,0,threshold,10,,3,10000,20000,100000,1000,drain,10000,0,9000,0,,,
1783512,0,10,397,7,0,threshold,10,,3,10000,20000,100000,1000,admit,9000,0,10000,0,,,
1783512,2,10,398,10,0,threshold,13,,3,10000,20000,100000,1000,drain,10000,0,9000,0,,,
1784024,0,13,241,10,0,threshold,13,,3,10000,20000,100000,1000,admit,9000,0,10000,0,,,
1784024,2,13,242,13,0,threshold,3,,3,10000,20000,100000,1000,drain,13000,1,12000,1,,,
1791000,0,7,684,4,0,threshold,7,,3,10000,20000,100000,1000,admit,0,0,1000,0,,,
1791000,2,4,663,4,0,threshold,7,,3,10000,20000,100000,1000,drain,1000,0,0,0,,,
1791000,2,7,685,7,0,threshold,1,,3,10000,20000,100000,1000,drain,21000,1,20000,1,,,
1791512,0,10,400,7,0,threshold,10,,3,10000,20000,100000,1000,admit,10000,0,11000,0,,,
1791512,2,10,401,10,0,threshold,13,,3,10000,20000,100000,1000,drain,10000,0,9000,0,,,
1792024,0,13,244,10,0,threshold,13,,3,10000,20000,100000,1000,admit,9000,0,10000,0,,,
1792024,2,13,245,13,0,threshold,3,,3,10000,20000,100000,1000,drain,12000,1,11000,1,,,
1799000,0,7,687,4,0,threshold,7,,3,10000,20000,100000,1000,admit,0,0,1000,0,,,
1799000,2,4,666,4,0,threshold,7,,3,10000,20000,100000,1000,drain,1000,0,0,0,,,
1799000,2,7,688,7,0,threshold,1,,3,10000,20000,100000,1000,drain,20000,1,19000,1,,,
1799512,0,10,403,7,0,threshold,10,,3,10000,20000,100000,1000,admit,11000,0,12000,0,,,
1799512,2,10,404,10,0,threshold,13,,3,10000,20000,100000,1000,drain,10000,0,9000,0,,,
1800024,0,13,247,10,0,threshold,13,,3,10000,20000,100000,1000,admit,9000,0,10000,0,,,
1800024,2,13,248,13,0,threshold,3,,3,10000,20000,100000,1000,drain,11000,1,10000,0,resume,,
1800536,0,13,249,3,0,control,3,13,3,,,,,,,,,,resume,13,
1807000,0,7,690,4,0,threshold,7,,3,10000,20000,100000,1000,admit,0,0,1000,0,,,
1807000,2,4,669,4,0,threshold,7,,3,10000,20000,100000,1000,drain,1000,0,0,0,,,
1807000,2,7,691,7,0,threshold,1,,3,10000,20000,100000,1000,drain,19000,1,18000,1,,,
1807512,0,10,406,7,0,threshold,10,,3,10000,20000,100000,1000,admit,12000,0,13000,0,,,
1807512,2,10,407,10,0,threshold,2,,3,10000,20000,100000,1000,drain,21000,1,20000,1,,,
1808024,0,13,251,10,0,threshold,13,,3,10000,20000,100000,1000,admit,10000,0,11000,0,,,
1808024,2,13,252,13,0,threshold,3,,3,10000,20000,100000,1000,drain,10000,0,9000,0,,,
1815000,0,7,693,4,0,threshold,7,,3,10000,20000,100000,1000,admit,0,0,1000,0,,,
1815000,2,4,672,4,0,threshold,7,,3,10000,20000,100000,1000,drain,1000,0,0,0,,,
1815000,2,7,694,7,0,threshold,1,,3,10000,20000,100000,1000,drain,18000,1,17000,1,,,
1815512,0,10,409,7,0,threshold,10,,3,10000,20000,100000,1000,admit,13000,0,14000,0,,,
1815512,2,10,410,10,0,threshold,2,,3,10000,20000,100000,1000,drain,20000,1,19000,1,,,
1816000,0,3,1061,13,0,threshold,3,,3,10000,20000,100000,1000,admit,9000,0,10000,0,,,
1816024,0,13,254,10,0,threshold,13,,3,10000,20000,100000,1000,admit,11000,0,12000,0,,,
1816024,2,13,255,13,0,threshold,3,,3,10000,20000,100000,1000,drain,10000,0,9000,0,,,
1823000,0,7,696,4,0,threshold,7,,3,10000,20000,100000,1000,admit,0,0,1000,0,,,
1823000,2,4,675,4,0,threshold,7,,3,10000,20000,100000,1000,drain,1000,0,0,0,,,
1823000,2,7,697,7,0,threshold,1,,3,10000,20000,100000,1000,drain,17000,1,16000,1,,,
1823512,0,10,412,7,0,threshold,10,,3,10000,20000,100000,1000,admit,14000,0,15000,0,,,
1823512,2,10,413,10,0,threshold,2,,3,10000,20000,100000,1000,drain,19000,1,18000,1,,,
1824000,0,3,1072,13,0,threshold,3,,3,10000,20000,100000,1000,admit,9000,0,10000,0,,,
1824024,0,13,257,10,0,threshold,13,,3,10000,20000,100000,1000,admit,12000,0,13000,0,,,
1824024,2,13,258,13,0,threshold,3,,3,10000,20000,100000,1000,drain,10000,0,9000,0,,,
1831000,0,7,699,4,0,threshold,7,,3,10000,20000,100000,1000,admit,0,0,1000,0,,,
1831000,2,4,678,4,0,threshold,7,,3,10000,20000,100000,1000,drain,1000,0,0,0,,,
1831000,2,7,700,7,0,threshold,1,,3,10000,20000,100000,1000,drain,16000,1,15000,1,,,
1831512,0,10,415,7,0,threshold,10,,3,10000,20000,100000,1000,admit,15000,0,16000,0,,,
1831512,2,10,416,10,0,threshold,2,,3,10000,20000,100000,1000,drain,18000,1,17000,1,,,
1832000,0,3,1083,13,0,threshold,3,,3,10000,20000,100000,1000,admit,9000,0,10000,0,,,
1832024,0,13,260,10,0,threshold,13,,3,10000,20000,100000,1000,admit,13000,0,14000,0,,,
1832024,2,13,261,13,0,threshold,3,,3,10000,20000,100000,1000,drain,10000,0,9000,0,,,
1839000,0,7,702,4,0,threshold,7,,3,10000,20000,100000,1000,admit,0,0,1000,0,,,
1839000,2,4,681,4,0,threshold,7,,3,10000,20000,100000,1000,drain,1000,0,0,0,,,
1839000,2,7,703,7,0,threshold,1,,3,10000,20000,100000,1000,drain,15000,1,14000,1,,,
1839512,0,10,418,7,0,threshold,10,,3,10000,20000,100000,1000,admit,16000,0,17000,0,,,
1839512,2,10,419,10,0,threshold,2,,3,10000,20000,100000,1000,drain,17000,1,16000,1,,,
1840000,0,3,1094,13,0,threshold,3,,3,10000,20000,100000,1000,admit,9000,0,10000,0,,,
1840024,0,13,263,10,0,threshold,13,,3,10000,20000,100000,1000,admit,14000,0,15000,0,,,
1840024,2,13,264,13,0,threshold,3,,3,10000,20000,100000,1000,drain,10000,0,9000,0,,,
1847000,0,7,705,4,0,threshold,7,,3,10000,20000,100000,1000,admit,0,0,1000,0,,,
1847000,2,4,684,4,0,threshold,7,,3,10000,20000,100000,1000,drain,1000,0,0,0,,,
1847000,2,7,706,7,0,threshold,1,,3,10000,20000,100000,1000,drain,14000,1,13000,1,,,
1847512,0,10,421,7,0,threshold,10,,3,10000,20000,100000,1000,admit,17000,0,18000,0,,,
1847512,2,10,422,10,0,threshold,2,,3,10000,20000,100000,1000,drain,16000,1,15000,1,,,
1848000,0,3,1105,13,0,threshold,3,,3,10000,20000,100000,1000,admit,9000,0,10000,0,,,
1848024,0,13,266,10,0,threshold,13,,3,10000,20000,100000,1000,admit,15000,0,16000,0,,,
1848024,2,13,267,13,0,threshold,3,,3,10000,20000,100000,1000,drain,10000,0,9000,0,,,
1855000,0,7,708,4,0,threshold,7,,3,10000,20000,100000,1000,admit,0,0,1000,0,,,
1855000,2,4,687,4,0,threshold,7,,3,10000,20000,100000,1000,drain,1000,0,0,0,,,
1855000,2,7,709,7,0,threshold,1,,3,10000,20000,100000,1000,drain,13000,1,12000,1,,,
1855512,0,10,424,7,0,threshold,10,,3,10000,20000,100000,1000,admit,18000,0,19000,0,,,
1855512,2,10,425,10,0,threshold,2,,3,10000,20000,100000,1000,drain,15000,1,14000,1,,,
1856000,0,3,1116,13,0,threshold,3,,3,10000,20000,100000,1000,admit,9000,0,10000,0,,,
1856024,0,13,269,10,0,threshold,13,,3,10000,20000,100000,1000,admit,16000,0,17000,0,,,
1856024,2,13,270,13,0,threshold,3,,3,10000,20000,100000,1000,drain,10000,0,9000,0,,,
1863000,0,7,711,4,0,threshold,7,,3,10000,20000,100000,1000,admit,0,0,1000,0,,,
1863000,2,4,690,4,0,threshold,7,,3,10000,20000,100000,1000,drain,1000,0,0,0,,,
1863000,2,7,712,7,0,threshold,1,,3,10000,20000,100000,1000,drain,12000,1,11000,1,,,
1863512,0,10,427,7,0,threshold,10,,3,10000,20000,100000,1000,admit,19000,0,20000,1,pause,,
1863512,2,10,428,10,0,threshold,2,,3,10000,20000,100000,1000,drain,14000,1,13000,1,,,
1864000,0,3,1127,13,0,threshold,3,,3,10000,20000,100000,1000,admit,9000,0,10000,0,,,
1864024,0,7,715,10,0,control,10,7,3,,,,,,,,,,pause,,7
1864024,0,13,272,10,0,threshold,13,,3,10000,20000,100000,1000,admit,17000,0,18000,0,,,
1864024,2,13,273,13,0,threshold,3,,3,10000,20000,100000,1000,drain,10000,0,9000,0,,,
1871000,0,7,714,4,0,threshold,7,,3,10000,20000,100000,1000,admit,0,0,1000,0,,,
1871000,2,4,693,4,0,threshold,7,,3,10000,20000,100000,1000,drain,1000,0,0,0,,,
1871000,2,7,716,7,0,threshold,1,,3,10000,20000,100000,1000,drain,11000,1,10000,0,resume,,
1871512,0,7,717,1,0,control,1,7,3,,,,,,,,,,resume,7,
1871512,0,10,430,7,0,threshold,10,,3,10000,20000,100000,1000,admit,20000,1,21000,1,,,
