time_ns,event_phase,event_origin_node,event_origin_sequence,node_id,flow_id,kind,class_paused,window_blocked,data_class,mtu_bytes,total_bytes,pacing_interval_ns,first_pacing_time_ns,rto_ns,window_bytes,variable_window,maximum_rate_bps,initial_rate_bps,rate_bps,input_acknowledgment,input_ce_echo,emitted,emitted_psn,emitted_bytes,emitted_retransmission,emitted_payload,before_next_psn,before_snd_una,before_bytes_emitted,before_packets_emitted,before_credit_quanta,before_rto_deadline_ns,before_pacer,before_next_tick_ns,before_status,after_next_psn,after_snd_una,after_bytes_emitted,after_packets_emitted,after_credit_quanta,after_rto_deadline_ns,after_pacer,after_next_tick_ns,after_status,congestion_control
500000,1,2,0,2,1,tick,0,0,0,1000,30000,1000,500000,1000000,0,0,1000000000,1000000000,1000000000,,,0,,,,,0,0,0,0,0,,armed,500000,blocked,0,0,0,0,1000000000000,,armed,501000,blocked,dcqcn
501000,1,2,1,2,1,tick,0,0,0,1000,30000,1000,500000,1000000,0,0,1000000000,1000000000,1000000000,,,0,,,,,0,0,0,0,1000000000000,,armed,501000,blocked,0,0,0,0,2000000000000,,armed,502000,blocked,dcqcn
502000,1,2,2,2,1,tick,0,0,0,1000,30000,1000,500000,1000000,0,0,1000000000,1000000000,1000000000,,,0,,,,,0,0,0,0,2000000000000,,armed,502000,blocked,0,0,0,0,3000000000000,,armed,503000,blocked,dcqcn
503000,1,2,3,2,1,tick,0,0,0,1000,30000,1000,500000,1000000,0,0,1000000000,1000000000,1000000000,,,0,,,,,0,0,0,0,3000000000000,,armed,503000,blocked,0,0,0,0,4000000000000,,armed,504000,blocked,dcqcn
504000,1,2,4,2,1,tick,0,0,0,1000,30000,1000,500000,1000000,0,0,1000000000,1000000000,1000000000,,,0,,,,,0,0,0,0,4000000000000,,armed,504000,blocked,0,0,0,0,5000000000000,,armed,505000,blocked,dcqcn
505000,1,2,5,2,1,tick,0,0,0,1000,30000,1000,500000,1000000,0,0,1000000000,1000000000,1000000000,,,0,,,,,0,0,0,0,5000000000000,,armed,505000,blocked,0,0,0,0,6000000000000,,armed,506000,blocked,dcqcn
506000,1,2,6,2,1,tick,0,0,0,1000,30000,1000,500000,1000000,0,0,1000000000,1000000000,1000000000,,,0,,,,,0,0,0,0,6000000000000,,armed,506000,blocked,0,0,0,0,7000000000000,,armed,507000,scheduled,dcqcn
507000,1,2,7,2,1,tick,0,0,0,1000,30000,1000,500000,1000000,0,0,1000000000,1000000000,1000000000,,,1,0,1000,0,16,0,0,0,0,7000000000000,,armed,507000,scheduled,1000,0,1000,1,0,1507000,armed,508000,blocked,dcqcn
508000,1,2,8,2,1,tick,0,0,0,1000,30000,1000,500000,1000000,0,0,1000000000,1000000000,1000000000,,,0,,,,,1000,0,1000,1,0,1507000,armed,508000,blocked,1000,0,1000,1,1000000000000,1507000,armed,509000,blocked,dcqcn
509000,1,2,13,2,1,tick,0,0,0,1000,30000,1000,500000,1000000,0,0,1000000000,1000000000,1000000000,,,0,,,,,1000,0,1000,1,1000000000000,1507000,armed,509000,blocked,1000,0,1000,1,2000000000000,1507000,armed,510000,blocked,dcqcn
510000,1,2,14,2,1,tick,0,0,0,1000,30000,1000,500000,1000000,0,0,1000000000,1000000000,1000000000,,,0,,,,,1000,0,1000,1,2000000000000,1507000,armed,510000,blocked,1000,0,1000,1,3000000000000,1507000,armed,511000,blocked,dcqcn
511000,1,2,15,2,1,tick,0,0,0,1000,30000,1000,500000,1000000,0,0,1000000000,1000000000,1000000000,,,0,,,,,1000,0,1000,1,3000000000000,1507000,armed,511000,blocked,1000,0,1000,1,4000000000000,1507000,armed,512000,blocked,dcqcn
512000,1,2,16,2,1,tick,0,0,0,1000,30000,1000,500000,1000000,0,0,1000000000,1000000000,1000000000,,,0,,,,,1000,0,1000,1,4000000000000,1507000,armed,512000,blocked,1000,0,1000,1,5000000000000,1507000,armed,513000,blocked,dcqcn
513000,1,2,17,2,1,tick,0,0,0,1000,30000,1000,500000,1000000,0,0,1000000000,1000000000,1000000000,,,0,,,,,1000,0,1000,1,5000000000000,1507000,armed,513000,blocked,1000,0,1000,1,6000000000000,1507000,armed,514000,blocked,dcqcn
514000,1,2,18,2,1,tick,0,0,0,1000,30000,1000,500000,1000000,0,0,1000000000,1000000000,1000000000,,,0,,,,,1000,0,1000,1,6000000000000,1507000,armed,514000,blocked,1000,0,1000,1,7000000000000,1507000,armed,515000,scheduled,dcqcn
515000,1,2,19,2,1,tick,0,0,0,1000,30000,1000,500000,1000000,0,0,1000000000,1000000000,1000000000,,,1,1000,1000,0,30,1000,0,1000,1,7000000000000,1507000,armed,515000,scheduled,2000,0,2000,2,0,1507000,armed,516000,blocked,dcqcn
516000,1,2,20,2,1,tick,0,0,0,1000,30000,1000,500000,1000000,0,0,1000000000,1000000000,1000000000,,,0,,,,,2000,0,2000,2,0,1507000,armed,516000,blocked,2000,0,2000,2,1000000000000,1507000,armed,517000,blocked,dcqcn
517000,1,2,24,2,1,tick,0,0,0,1000,30000,1000,500000,1000000,0,0,1000000000,1000000000,1000000000,,,0,,,,,2000,0,2000,2,1000000000000,1507000,armed,517000,blocked,2000,0,2000,2,2000000000000,1507000,armed,518000,blocked,dcqcn
518000,1,2,25,2,1,tick,0,0,0,1000,30000,1000,500000,1000000,0,0,1000000000,1000000000,1000000000,,,0,,,,,2000,0,2000,2,2000000000000,1507000,armed,518000,blocked,2000,0,2000,2,3000000000000,1507000,armed,519000,blocked,dcqcn
519000,1,2,26,2,1,tick,0,0,0,1000,30000,1000,500000,1000000,0,0,1000000000,1000000000,1000000000,,,0,,,,,2000,0,2000,2,3000000000000,1507000,armed,519000,blocked,2000,0,2000,2,4000000000000,1507000,armed,520000,blocked,dcqcn
520000,1,2,27,2,1,tick,0,0,0,1000,30000,1000,500000,1000000,0,0,1000000000,1000000000,1000000000,,,0,,,,,2000,0,2000,2,4000000000000,1507000,armed,520000,blocked,2000,0,2000,2,5000000000000,1507000,armed,521000,blocked,dcqcn
521000,1,2,28,2,1,tick,0,0,0,1000,30000,1000,500000,1000000,0,0,1000000000,1000000000,1000000000,,,0,,,,,2000,0,2000,2,5000000000000,1507000,armed,521000,blocked,2000,0,2000,2,6000000000000,1507000,armed,522000,blocked,dcqcn
522000,1,2,29,2,1,tick,0,0,0,1000,30000,1000,500000,1000000,0,0,1000000000,1000000000,1000000000,,,0,,,,,2000,0,2000,2,6000000000000,1507000,armed,522000,blocked,2000,0,2000,2,7000000000000,1507000,armed,523000,scheduled,dcqcn
523000,1,2,30,2,1,tick,0,0,0,1000,30000,1000,500000,1000000,0,0,1000000000,1000000000,1000000000,,,1,2000,1000,0,44,2000,0,2000,2,7000000000000,1507000,armed,523000,scheduled,3000,0,3000,3,0,1507000,armed,524000,blocked,dcqcn
524000,1,2,31,2,1,tick,0,0,0,1000,30000,1000,500000,1000000,0,0,1000000000,1000000000,1000000000,,,0,,,,,3000,0,3000,3,0,1507000,armed,524000,blocked,3000,0,3000,3,1000000000000,1507000,armed,525000,blocked,dcqcn
525000,1,2,35,2,1,tick,0,0,0,1000,30000,1000,500000,1000000,0,0,1000000000,1000000000,1000000000,,,0,,,,,3000,0,3000,3,1000000000000,1507000,armed,525000,blocked,3000,0,3000,3,2000000000000,1507000,armed,526000,blocked,dcqcn
526000,1,2,36,2,1,tick,0,0,0,1000,30000,1000,500000,1000000,0,0,1000000000,1000000000,1000000000,,,0,,,,,3000,0,3000,3,2000000000000,1507000,armed,526000,blocked,3000,0,3000,3,3000000000000,1507000,armed,527000,blocked,dcqcn
527000,1,2,37,2,1,tick,0,0,0,1000,30000,1000,500000,1000000,0,0,1000000000,1000000000,1000000000,,,0,,,,,3000,0,3000,3,3000000000000,1507000,armed,527000,blocked,3000,0,3000,3,4000000000000,1507000,armed,528000,blocked,dcqcn
528000,1,2,38,2,1,tick,0,0,0,1000,30000,1000,500000,1000000,0,0,1000000000,1000000000,1000000000,,,0,,,,,3000,0,3000,3,4000000000000,1507000,armed,528000,blocked,3000,0,3000,3,5000000000000,1507000,armed,529000,blocked,dcqcn
529000,1,2,39,2,1,tick,0,0,0,1000,30000,1000,500000,1000000,0,0,1000000000,1000000000,1000000000,,,0,,,,,3000,0,3000,3,5000000000000,1507000,armed,529000,blocked,3000,0,3000,3,6000000000000,1507000,armed,530000,blocked,dcqcn
530000,1,2,40,2,1,tick,0,0,0,1000,30000,1000,500000,1000000,0,0,1000000000,1000000000,1000000000,,,0,,,,,3000,0,3000,3,6000000000000,1507000,armed,530000,blocked,3000,0,3000,3,7000000000000,1507000,armed,531000,scheduled,dcqcn
531000,1,2,41,2,1,tick,0,0,0,1000,30000,1000,500000,1000000,0,0,1000000000,1000000000,1000000000,,,1,3000,1000,0,58,3000,0,3000,3,7000000000000,1507000,armed,531000,scheduled,4000,0,4000,4,0,1507000,armed,532000,blocked,dcqcn
532000,1,2,42,2,1,tick,0,0,0,1000,30000,1000,500000,1000000,0,0,1000000000,1000000000,1000000000,,,0,,,,,4000,0,4000,4,0,1507000,armed,532000,blocked,4000,0,4000,4,1000000000000,1507000,armed,533000,blocked,dcqcn
533000,1,2,46,2,1,tick,0,0,0,1000,30000,1000,500000,1000000,0,0,1000000000,1000000000,1000000000,,,0,,,,,4000,0,4000,4,1000000000000,1507000,armed,533000,blocked,4000,0,4000,4,2000000000000,1507000,armed,534000,blocked,dcqcn
534000,1,2,47,2,1,tick,0,0,0,1000,30000,1000,500000,1000000,0,0,1000000000,1000000000,1000000000,,,0,,,,,4000,0,4000,4,2000000000000,1507000,armed,534000,blocked,4000,0,4000,4,3000000000000,1507000,armed,535000,blocked,dcqcn
535000,1,2,48,2,1,tick,0,0,0,1000,30000,1000,500000,1000000,0,0,1000000000,1000000000,1000000000,,,0,,,,,4000,0,4000,4,3000000000000,1507000,armed,535000,blocked,4000,0,4000,4,4000000000000,1507000,armed,536000,blocked,dcqcn
536000,1,2,49,2,1,tick,0,0,0,1000,30000,1000,500000,1000000,0,0,1000000000,1000000000,1000000000,,,0,,,,,4000,0,4000,4,4000000000000,1507000,armed,536000,blocked,4000,0,4000,4,5000000000000,1507000,armed,537000,blocked,dcqcn
537000,1,2,50,2,1,tick,0,0,0,1000,30000,1000,500000,1000000,0,0,1000000000,1000000000,1000000000,,,0,,,,,4000,0,4000,4,5000000000000,1507000,armed,537000,blocked,4000,0,4000,4,6000000000000,1507000,armed,538000,blocked,dcqcn
538000,1,2,51,2,1,tick,0,0,0,1000,30000,1000,500000,1000000,0,0,1000000000,1000000000,1000000000,,,0,,,,,4000,0,4000,4,6000000000000,1507000,armed,538000,blocked,4000,0,4000,4,7000000000000,1507000,armed,539000,scheduled,dcqcn
539000,1,2,52,2,1,tick,0,0,0,1000,30000,1000,500000,1000000,0,0,1000000000,1000000000,1000000000,,,1,4000,1000,0,72,4000,0,4000,4,7000000000000,1507000,armed,539000,scheduled,5000,0,5000,5,0,1507000,armed,540000,blocked,dcqcn
540000,1,2,53,2,1,tick,0,0,0,1000,30000,1000,500000,1000000,0,0,1000000000,1000000000,1000000000,,,0,,,,,5000,0,5000,5,0,1507000,armed,540000,blocked,5000,0,5000,5,1000000000000,1507000,armed,541000,blocked,dcqcn
541000,1,2,57,2,1,tick,0,0,0,1000,30000,1000,500000,1000000,0,0,1000000000,1000000000,1000000000,,,0,,,,,5000,0,5000,5,1000000000000,1507000,armed,541000,blocked,5000,0,5000,5,2000000000000,1507000,armed,542000,blocked,dcqcn
542000,1,2,58,2,1,tick,0,0,0,1000,30000,1000,500000,1000000,0,0,1000000000,1000000000,1000000000,,,0,,,,,5000,0,5000,5,2000000000000,1507000,armed,542000,blocked,5000,0,5000,5,3000000000000,1507000,armed,543000,blocked,dcqcn
543000,1,2,59,2,1,tick,0,0,0,1000,30000,1000,500000,1000000,0,0,1000000000,1000000000,1000000000,,,0,,,,,5000,0,5000,5,3000000000000,1507000,armed,543000,blocked,5000,0,5000,5,4000000000000,1507000,armed,544000,blocked,dcqcn
544000,1,2,60,2,1,tick,0,0,0,1000,30000,1000,500000,1000000,0,0,1000000000,1000000000,1000000000,,,0,,,,,5000,0,5000,5,4000000000000,1507000,armed,544000,blocked,5000,0,5000,5,5000000000000,1507000,armed,545000,blocked,dcqcn
544048,0,9,2,2,1,ack,0,0,0,1000,30000,1000,500000,1000000,0,0,1000000000,1000000000,,1000,0,0,,,,,5000,0,5000,5,5000000000000,1507000,armed,545000,blocked,5000,1000,5000,5,5000000000000,1544048,armed,545000,blocked,dcqcn
545000,1,2,61,2,1,tick,0,0,0,1000,30000,1000,500000,1000000,0,0,1000000000,1000000000,1000000000,,,0,,,,,5000,1000,5000,5,5000000000000,1544048,armed,545000,blocked,5000,1000,5000,5,6000000000000,1544048,armed,546000,blocked,dcqcn
546000,1,2,63,2,1,tick,0,0,0,1000,30000,1000,500000,1000000,0,0,1000000000,1000000000,1000000000,,,0,,,,,5000,1000,5000,5,6000000000000,1544048,armed,546000,blocked,5000,1000,5000,5,7000000000000,1544048,armed,547000,scheduled,dcqcn
547000,1,2,64,2,1,tick,0,0,0,1000,30000,1000,500000,1000000,0,0,1000000000,1000000000,1000000000,,,1,5000,1000,0,86,5000,1000,5000,5,7000000000000,1544048,armed,547000,scheduled,6000,1000,6000,6,0,1544048,armed,548000,blocked,dcqcn
548000,1,2,65,2,1,tick,0,0,0,1000,30000,1000,500000,1000000,0,0,1000000000,1000000000,1000000000,,,0,,,,,6000,1000,6000,6,0,1544048,armed,548000,blocked,6000,1000,6000,6,1000000000000,1544048,armed,549000,blocked,dcqcn
549000,1,2,69,2,1,tick,0,0,0,1000,30000,1000,500000,1000000,0,0,1000000000,1000000000,1000000000,,,0,,,,,6000,1000,6000,6,1000000000000,1544048,armed,549000,blocked,6000,1000,6000,6,2000000000000,1544048,armed,550000,blocked,dcqcn
550000,1,2,70,2,1,tick,0,0,0,1000,30000,1000,500000,1000000,0,0,1000000000,1000000000,1000000000,,,0,,,,,6000,1000,6000,6,2000000000000,1544048,armed,550000,blocked,6000,1000,6000,6,3000000000000,1544048,armed,551000,blocked,dcqcn
551000,1,2,71,2,1,tick,0,0,0,1000,30000,1000,500000,1000000,0,0,1000000000,1000000000,1000000000,,,0,,,,,6000,1000,6000,6,3000000000000,1544048,armed,551000,blocked,6000,1000,6000,6,4000000000000,1544048,armed,552000,blocked,dcqcn
552000,1,2,72,2,1,tick,0,0,0,1000,30000,1000,500000,1000000,0,0,1000000000,1000000000,1000000000,,,0,,,,,6000,1000,6000,6,4000000000000,1544048,armed,552000,blocked,6000,1000,6000,6,5000000000000,1544048,armed,553000,blocked,dcqcn
553000,1,2,73,2,1,tick,0,0,0,1000,30000,1000,500000,1000000,0,0,1000000000,1000000000,1000000000,,,0,,,,,6000,1000,6000,6,5000000000000,1544048,armed,553000,blocked,6000,1000,6000,6,6000000000000,1544048,armed,554000,blocked,dcqcn
554000,1,2,74,2,1,tick,0,0,0,1000,30000,1000,500000,1000000,0,0,1000000000,1000000000,1000000000,,,0,,,,,6000,1000,6000,6,6000000000000,1544048,armed,554000,blocked,6000,1000,6000,6,7000000000000,1544048,armed,555000,scheduled,dcqcn
555000,1,2,75,2,1,tick,0,0,0,1000,30000,1000,500000,1000000,0,0,1000000000,1000000000,1000000000,,,1,6000,1000,0,100,6000,1000,6000,6,7000000000000,1544048,armed,555000,scheduled,7000,1000,7000,7,0,1544048,armed,556000,blocked,dcqcn
556000,1,2,76,2,1,tick,0,0,0,1000,30000,1000,500000,1000000,0,0,1000000000,1000000000,1000000000,,,0,,,,,7000,1000,7000,7,0,1544048,armed,556000,blocked,7000,1000,7000,7,1000000000000,1544048,armed,557000,blocked,dcqcn
557000,1,2,80,2,1,tick,0,0,0,1000,30000,1000,500000,1000000,0,0,1000000000,1000000000,1000000000,,,0,,,,,7000,1000,7000,7,1000000000000,1544048,armed,557000,blocked,7000,1000,7000,7,2000000000000,1544048,armed,558000,blocked,dcqcn
558000,1,2,81,2,1,tick,0,0,0,1000,30000,1000,500000,1000000,0,0,1000000000,1000000000,1000000000,,,0,,,,,7000,1000,7000,7,2000000000000,1544048,armed,558000,blocked,7000,1000,7000,7,3000000000000,1544048,armed,559000,blocked,dcqcn
559000,1,2,82,2,1,tick,0,0,0,1000,30000,1000,500000,1000000,0,0,1000000000,1000000000,1000000000,,,0,,,,,7000,1000,7000,7,3000000000000,1544048,armed,559000,blocked,7000,1000,7000,7,4000000000000,1544048,armed,560000,blocked,dcqcn
560000,1,2,83,2,1,tick,0,0,0,1000,30000,1000,500000,1000000,0,0,1000000000,1000000000,1000000000,,,0,,,,,7000,1000,7000,7,4000000000000,1544048,armed,560000,blocked,7000,1000,7000,7,5000000000000,1544048,armed,561000,blocked,dcqcn
560048,0,9,5,2,1,ack,0,0,0,1000,30000,1000,500000,1000000,0,0,1000000000,1000000000,,2000,0,0,,,,,7000,1000,7000,7,5000000000000,1544048,armed,561000,blocked,7000,2000,7000,7,5000000000000,1560048,armed,561000,blocked,dcqcn
561000,1,2,84,2,1,tick,0,0,0,1000,30000,1000,500000,1000000,0,0,1000000000,1000000000,1000000000,,,0,,,,,7000,2000,7000,7,5000000000000,1560048,armed,561000,blocked,7000,2000,7000,7,6000000000000,1560048,armed,562000,blocked,dcqcn
562000,1,2,86,2,1,tick,0,0,0,1000,30000,1000,500000,1000000,0,0,1000000000,1000000000,1000000000,,,0,,,,,7000,2000,7000,7,6000000000000,1560048,armed,562000,blocked,7000,2000,7000,7,7000000000000,1560048,armed,563000,scheduled,dcqcn
563000,1,2,87,2,1,tick,0,0,0,1000,30000,1000,500000,1000000,0,0,1000000000,1000000000,1000000000,,,1,7000,1000,0,114,7000,2000,7000,7,7000000000000,1560048,armed,563000,scheduled,8000,2000,8000,8,0,1560048,armed,564000,blocked,dcqcn
564000,1,2,88,2,1,tick,0,0,0,1000,30000,1000,500000,1000000,0,0,1000000000,1000000000,1000000000,,,0,,,,,8000,2000,8000,8,0,1560048,armed,564000,blocked,8000,2000,8000,8,1000000000000,1560048,armed,565000,blocked,dcqcn
565000,1,2,92,2,1,tick,0,0,0,1000,30000,1000,500000,1000000,0,0,1000000000,1000000000,1000000000,,,0,,,,,8000,2000,8000,8,1000000000000,1560048,armed,565000,blocked,8000,2000,8000,8,2000000000000,1560048,armed,566000,blocked,dcqcn
566000,1,2,93,2,1,tick,0,0,0,1000,30000,1000,500000,1000000,0,0,1000000000,1000000000,1000000000,,,0,,,,,8000,2000,8000,8,2000000000000,1560048,armed,566000,blocked,8000,2000,8000,8,3000000000000,1560048,armed,567000,blocked,dcqcn
567000,1,2,94,2,1,tick,0,0,0,1000,30000,1000,500000,1000000,0,0,1000000000,1000000000,1000000000,,,0,,,,,8000,2000,8000,8,3000000000000,1560048,armed,567000,blocked,8000,2000,8000,8,4000000000000,1560048,armed,568000,blocked,dcqcn
568000,1,2,95,2,1,tick,0,0,0,1000,30000,1000,500000,1000000,0,0,1000000000,1000000000,1000000000,,,0,,,,,8000,2000,8000,8,4000000000000,1560048,armed,568000,blocked,8000,2000,8000,8,5000000000000,1560048,armed,569000,blocked,dcqcn
569000,1,2,96,2,1,tick,0,0,0,1000,30000,1000,500000,1000000,0,0,1000000000,1000000000,1000000000,,,0,,,,,8000,2000,8000,8,5000000000000,1560048,armed,569000,blocked,8000,2000,8000,8,6000000000000,1560048,armed,570000,blocked,dcqcn
570000,1,2,97,2,1,tick,0,0,0,1000,30000,1000,500000,1000000,0,0,1000000000,1000000000,1000000000,,,0,,,,,8000,2000,8000,8,6000000000000,1560048,armed,570000,blocked,8000,2000,8000,8,7000000000000,1560048,armed,571000,scheduled,dcqcn
571000,1,2,98,2,1,tick,0,0,0,1000,30000,1000,500000,1000000,0,0,1000000000,1000000000,1000000000,,,1,8000,1000,0,128,8000,2000,8000,8,7000000000000,1560048,armed,571000,scheduled,9000,2000,9000,9,0,1560048,armed,572000,blocked,dcqcn
572000,1,2,99,2,1,tick,0,0,0,1000,30000,1000,500000,1000000,0,0,1000000000,1000000000,1000000000,,,0,,,,,9000,2000,9000,9,0,1560048,armed,572000,blocked,9000,2000,9000,9,1000000000000,1560048,armed,573000,blocked,dcqcn
573000,1,2,103,2,1,tick,0,0,0,1000,30000,1000,500000,1000000,0,0,1000000000,1000000000,1000000000,,,0,,,,,9000,2000,9000,9,1000000000000,1560048,armed,573000,blocked,9000,2000,9000,9,2000000000000,1560048,armed,574000,blocked,dcqcn
574000,1,2,104,2,1,tick,0,0,0,1000,30000,1000,500000,1000000,0,0,1000000000,1000000000,1000000000,,,0,,,,,9000,2000,9000,9,2000000000000,1560048,armed,574000,blocked,9000,2000,9000,9,3000000000000,1560048,armed,575000,blocked,dcqcn
575000,1,2,105,2,1,tick,0,0,0,1000,30000,1000,500000,1000000,0,0,1000000000,1000000000,1000000000,,,0,,,,,9000,2000,9000,9,3000000000000,1560048,armed,575000,blocked,9000,2000,9000,9,4000000000000,1560048,armed,576000,blocked,dcqcn
576000,1,2,106,2,1,tick,0,0,0,1000,30000,1000,500000,1000000,0,0,1000000000,1000000000,1000000000,,,0,,,,,9000,2000,9000,9,4000000000000,1560048,armed,576000,blocked,9000,2000,9000,9,5000000000000,1560048,armed,577000,blocked,dcqcn
576048,0,9,8,2,1,ack,0,0,0,1000,30000,1000,500000,1000000,0,0,1000000000,1000000000,,3000,0,0,,,,,9000,2000,9000,9,5000000000000,1560048,armed,577000,blocked,9000,3000,9000,9,5000000000000,1576048,armed,577000,blocked,dcqcn
577000,1,2,107,2,1,tick,0,0,0,1000,30000,1000,500000,1000000,0,0,1000000000,1000000000,1000000000,,,0,,,,,9000,3000,9000,9,5000000000000,1576048,armed,577000,blocked,9000,3000,9000,9,6000000000000,1576048,armed,578000,blocked,dcqcn
578000,1,2,109,2,1,tick,0,0,0,1000,30000,1000,500000,1000000,0,0,1000000000,1000000000,1000000000,,,0,,,,,9000,3000,9000,9,6000000000000,1576048,armed,578000,blocked,9000,3000,9000,9,7000000000000,1576048,armed,579000,scheduled,dcqcn
579000,1,2,110,2,1,tick,0,0,0,1000,30000,1000,500000,1000000,0,0,1000000000,1000000000,1000000000,,,1,9000,1000,0,142,9000,3000,9000,9,7000000000000,1576048,armed,579000,scheduled,10000,3000,10000,10,0,1576048,armed,580000,blocked,dcqcn
580000,1,2,111,2,1,tick,0,0,0,1000,30000,1000,500000,1000000,0,0,1000000000,1000000000,1000000000,,,0,,,,,10000,3000,10000,10,0,1576048,armed,580000,blocked,10000,3000,10000,10,1000000000000,1576048,armed,581000,blocked,dcqcn
581000,1,2,115,2,1,tick,0,0,0,1000,30000,1000,500000,1000000,0,0,1000000000,1000000000,1000000000,,,0,,,,,10000,3000,10000,10,1000000000000,1576048,armed,581000,blocked,10000,3000,10000,10,2000000000000,1576048,armed,582000,blocked,dcqcn
582000,1,2,116,2,1,tick,0,0,0,1000,30000,1000,500000,1000000,0,0,1000000000,1000000000,1000000000,,,0,,,,,10000,3000,10000,10,2000000000000,1576048,armed,582000,blocked,10000,3000,10000,10,3000000000000,1576048,armed,583000,blocked,dcqcn
583000,1,2,117,2,1,tick,0,0,0,1000,30000,1000,500000,1000000,0,0,1000000000,1000000000,1000000000,,,0,,,,,10000,3000,10000,10,3000000000000,1576048,armed,583000,blocked,10000,3000,10000,10,4000000000000,1576048,armed,584000,blocked,dcqcn
584000,1,2,118,2,1,tick,0,0,0,1000,30000,1000,500000,1000000,0,0,1000000000,1000000000,1000000000,,,0,,,,,10000,3000,10000,10,4000000000000,1576048,armed,584000,blocked,10000,3000,10000,10,5000000000000,1576048,armed,585000,blocked,dcqcn
585000,1,2,119,2,1,tick,0,0,0,1000,30000,1000,500000,1000000,0,0,1000000000,1000000000,1000000000,,,0,,,,,10000,3000,10000,10,5000000000000,1576048,armed,585000,blocked,10000,3000,10000,10,6000000000000,1576048,armed,586000,blocked,dcqcn
586000,1,2,120,2,1,tick,0,0,0,1000,30000,1000,500000,1000000,0,0,1000000000,1000000000,1000000000,,,0,,,,,10000,3000,10000,10,6000000000000,1576048,armed,586000,blocked,10000,3000,10000,10,7000000000000,1576048,armed,587000,scheduled,dcqcn
587000,1,2,121,2,1,tick,0,0,0,1000,30000,1000,500000,1000000,0,0,1000000000,1000000000,1000000000,,,1,10000,1000,0,156,10000,3000,10000,10,7000000000000,1576048,armed,587000,scheduled,11000,3000,11000,11,0,1576048,armed,588000,blocked,dcqcn
588000,1,2,122,2,1,tick,0,0,0,1000,30000,1000,500000,1000000,0,0,1000000000,1000000000,1000000000,,,0,,,,,11000,3000,11000,11,0,1576048,armed,588000,blocked,11000,3000,11000,11,1000000000000,1576048,armed,589000,blocked,dcqcn
589000,1,2,126,2,1,tick,0,0,0,1000,30000,1000,500000,1000000,0,0,1000000000,1000000000,1000000000,,,0,,,,,11000,3000,11000,11,1000000000000,1576048,armed,589000,blocked,11000,3000,11000,11,2000000000000,1576048,armed,590000,blocked,dcqcn
590000,1,2,127,2,1,tick,0,0,0,1000,30000,1000,500000,1000000,0,0,1000000000,1000000000,1000000000,,,0,,,,,11000,3000,11000,11,2000000000000,1576048,armed,590000,blocked,11000,3000,11000,11,3000000000000,1576048,armed,591000,blocked,dcqcn
591000,1,2,128,2,1,tick,0,0,0,1000,30000,1000,500000,1000000,0,0,1000000000,1000000000,1000000000,,,0,,,,,11000,3000,11000,11,3000000000000,1576048,armed,591000,blocked,11000,3000,11000,11,4000000000000,1576048,armed,592000,blocked,dcqcn
592000,1,2,129,2,1,tick,0,0,0,1000,30000,1000,500000,1000000,0,0,1000000000,1000000000,1000000000,,,0,,,,,11000,3000,11000,11,4000000000000,1576048,armed,592000,blocked,11000,3000,11000,11,5000000000000,1576048,armed,593000,blocked,dcqcn
592048,0,9,11,2,1,ack,0,0,0,1000,30000,1000,500000,1000000,0,0,1000000000,1000000000,,4000,0,0,,,,,11000,3000,11000,11,5000000000000,1576048,armed,593000,blocked,11000,4000,11000,11,5000000000000,1592048,armed,593000,blocked,dcqcn
593000,1,2,130,2,1,tick,0,0,0,1000,30000,1000,500000,1000000,0,0,1000000000,1000000000,1000000000,,,0,,,,,11000,4000,11000,11,5000000000000,1592048,armed,593000,blocked,11000,4000,11000,11,6000000000000,1592048,armed,594000,blocked,dcqcn
594000,1,2,132,2,1,tick,0,0,0,1000,30000,1000,500000,1000000,0,0,1000000000,1000000000,1000000000,,,0,,,,,11000,4000,11000,11,6000000000000,1592048,armed,594000,blocked,11000,4000,11000,11,7000000000000,1592048,armed,595000,scheduled,dcqcn
595000,1,2,133,2,1,tick,0,0,0,1000,30000,1000,500000,1000000,0,0,1000000000,1000000000,1000000000,,,1,11000,1000,0,170,11000,4000,11000,11,7000000000000,1592048,armed,595000,scheduled,12000,4000,12000,12,0,1592048,armed,596000,blocked,dcqcn
596000,1,2,134,2,1,tick,0,0,0,1000,30000,1000,500000,1000000,0,0,1000000000,1000000000,1000000000,,,0,,,,,12000,4000,12000,12,0,1592048,armed,596000,blocked,12000,4000,12000,12,1000000000000,1592048,armed,597000,blocked,dcqcn
597000,1,2,138,2,1,tick,0,0,0,1000,30000,1000,500000,1000000,0,0,1000000000,1000000000,1000000000,,,0,,,,,12000,4000,12000,12,1000000000000,1592048,armed,597000,blocked,12000,4000,12000,12,2000000000000,1592048,armed,598000,blocked,dcqcn
598000,1,2,139,2,1,tick,0,0,0,1000,30000,1000,500000,1000000,0,0,1000000000,1000000000,1000000000,,,0,,,,,12000,4000,12000,12,2000000000000,1592048,armed,598000,blocked,12000,4000,12000,12,3000000000000,1592048,armed,599000,blocked,dcqcn
599000,1,2,140,2,1,tick,0,0,0,1000,30000,1000,500000,1000000,0,0,1000000000,1000000000,1000000000,,,0,,,,,12000,4000,12000,12,3000000000000,1592048,armed,599000,blocked,12000,4000,12000,12,4000000000000,1592048,armed,600000,blocked,dcqcn
600000,1,2,141,2,1,tick,0,0,0,1000,30000,1000,500000,1000000,0,0,1000000000,1000000000,1000000000,,,0,,,,,12000,4000,12000,12,4000000000000,1592048,armed,600000,blocked,12000,4000,12000,12,5000000000000,1592048,armed,601000,blocked,dcqcn
601000,1,2,142,2,1,tick,0,0,0,1000,30000,1000,500000,1000000,0,0,1000000000,1000000000,1000000000,,,0,,,,,12000,4000,12000,12,5000000000000,1592048,armed,601000,blocked,12000,4000,12000,12,6000000000000,1592048,armed,602000,blocked,dcqcn
602000,1,2,143,2,1,tick,0,0,0,1000,30000,1000,500000,1000000,0,0,1000000000,1000000000,1000000000,,,0,,,,,12000,4000,12000,12,6000000000000,1592048,armed,602000,blocked,12000,4000,12000,12,7000000000000,1592048,armed,603000,scheduled,dcqcn
603000,1,2,144,2,1,tick,0,0,0,1000,30000,1000,500000,1000000,0,0,1000000000,1000000000,1000000000,,,1,12000,1000,0,184,12000,4000,12000,12,7000000000000,1592048,armed,603000,scheduled,13000,4000,13000,13,0,1592048,armed,604000,blocked,dcqcn
604000,1,2,145,2,1,tick,0,0,0,1000,30000,1000,500000,1000000,0,0,1000000000,1000000000,1000000000,,,0,,,,,13000,4000,13000,13,0,1592048,armed,604000,blocked,13000,4000,13000,13,1000000000000,1592048,armed,605000,blocked,dcqcn
605000,1,2,149,2,1,tick,0,0,0,1000,30000,1000,500000,1000000,0,0,1000000000,1000000000,1000000000,,,0,,,,,13000,4000,13000,13,1000000000000,1592048,armed,605000,blocked,13000,4000,13000,13,2000000000000,1592048,armed,606000,blocked,dcqcn
606000,1,2,150,2,1,tick,0,0,0,1000,30000,1000,500000,1000000,0,0,1000000000,1000000000,1000000000,,,0,,,,,13000,4000,13000,13,2000000000000,1592048,armed,606000,blocked,13000,4000,13000,13,3000000000000,1592048,armed,607000,blocked,dcqcn
607000,1,2,151,2,1,tick,0,0,0,1000,30000,1000,500000,1000000,0,0,1000000000,1000000000,1000000000,,,0,,,,,13000,4000,13000,13,3000000000000,1592048,armed,607000,blocked,13000,4000,13000,13,4000000000000,1592048,armed,608000,blocked,dcqcn
608000,1,2,152,2,1,tick,0,0,0,1000,30000,1000,500000,1000000,0,0,1000000000,1000000000,1000000000,,,0,,,,,13000,4000,13000,13,4000000000000,1592048,armed,608000,blocked,13000,4000,13000,13,5000000000000,1592048,armed,609000,blocked,dcqcn
608048,0,9,14,2,1,ack,0,0,0,1000,30000,1000,500000,1000000,0,0,1000000000,1000000000,,5000,0,0,,,,,13000,4000,13000,13,5000000000000,1592048,armed,609000,blocked,13000,5000,13000,13,5000000000000,1608048,armed,609000,blocked,dcqcn
609000,1,2,153,2,1,tick,0,0,0,1000,30000,1000,500000,1000000,0,0,1000000000,1000000000,1000000000,,,0,,,,,13000,5000,13000,13,5000000000000,1608048,armed,609000,blocked,13000,5000,13000,13,6000000000000,1608048,armed,610000,blocked,dcqcn
610000,1,2,155,2,1,tick,0,0,0,1000,30000,1000,500000,1000000,0,0,1000000000,1000000000,1000000000,,,0,,,,,13000,5000,13000,13,6000000000000,1608048,armed,610000,blocked,13000,5000,13000,13,7000000000000,1608048,armed,611000,scheduled,dcqcn
611000,1,2,156,2,1,tick,0,0,0,1000,30000,1000,500000,1000000,0,0,1000000000,1000000000,1000000000,,,1,13000,1000,0,198,13000,5000,13000,13,7000000000000,1608048,armed,611000,scheduled,14000,5000,14000,14,0,1608048,armed,612000,blocked,dcqcn
612000,1,2,157,2,1,tick,0,0,0,1000,30000,1000,500000,1000000,0,0,1000000000,1000000000,1000000000,,,0,,,,,14000,5000,14000,14,0,1608048,armed,612000,blocked,14000,5000,14000,14,1000000000000,1608048,armed,613000,blocked,dcqcn
613000,1,2,161,2,1,tick,0,0,0,1000,30000,1000,500000,1000000,0,0,1000000000,1000000000,1000000000,,,0,,,,,14000,5000,14000,14,1000000000000,1608048,armed,613000,blocked,14000,5000,14000,14,2000000000000,1608048,armed,614000,blocked,dcqcn
614000,1,2,162,2,1,tick,0,0,0,1000,30000,1000,500000,1000000,0,0,1000000000,1000000000,1000000000,,,0,,,,,14000,5000,14000,14,2000000000000,1608048,armed,614000,blocked,14000,5000,14000,14,3000000000000,1608048,armed,615000,blocked,dcqcn
615000,1,2,163,2,1,tick,0,0,0,1000,30000,1000,500000,1000000,0,0,1000000000,1000000000,1000000000,,,0,,,,,14000,5000,14000,14,3000000000000,1608048,armed,615000,blocked,14000,5000,14000,14,4000000000000,1608048,armed,616000,blocked,dcqcn
616000,1,2,164,2,1,tick,0,0,0,1000,30000,1000,500000,1000000,0,0,1000000000,1000000000,1000000000,,,0,,,,,14000,5000,14000,14,4000000000000,1608048,armed,616000,blocked,14000,5000,14000,14,5000000000000,1608048,armed,617000,blocked,dcqcn
617000,1,2,165,2,1,tick,0,0,0,1000,30000,1000,500000,1000000,0,0,1000000000,1000000000,1000000000,,,0,,,,,14000,5000,14000,14,5000000000000,1608048,armed,617000,blocked,14000,5000,14000,14,6000000000000,1608048,armed,618000,blocked,dcqcn
618000,1,2,166,2,1,tick,0,0,0,1000,30000,1000,500000,1000000,0,0,1000000000,1000000000,1000000000,,,0,,,,,14000,5000,14000,14,6000000000000,1608048,armed,618000,blocked,14000,5000,14000,14,7000000000000,1608048,armed,619000,scheduled,dcqcn
619000,1,2,167,2,1,tick,0,0,0,1000,30000,1000,500000,1000000,0,0,1000000000,1000000000,1000000000,,,1,14000,1000,0,212,14000,5000,14000,14,7000000000000,1608048,armed,619000,scheduled,15000,5000,15000,15,0,1608048,armed,620000,blocked,dcqcn
620000,1,2,168,2,1,tick,0,0,0,1000,30000,1000,500000,1000000,0,0,1000000000,1000000000,1000000000,,,0,,,,,15000,5000,15000,15,0,1608048,armed,620000,blocked,15000,5000,15000,15,1000000000000,1608048,armed,621000,blocked,dcqcn
621000,1,2,172,2,1,tick,0,0,0,1000,30000,1000,500000,1000000,0,0,1000000000,1000000000,1000000000,,,0,,,,,15000,5000,15000,15,1000000000000,1608048,armed,621000,blocked,15000,5000,15000,15,2000000000000,1608048,armed,622000,blocked,dcqcn
622000,1,2,173,2,1,tick,0,0,0,1000,30000,1000,500000,1000000,0,0,1000000000,1000000000,1000000000,,,0,,,,,15000,5000,15000,15,2000000000000,1608048,armed,622000,blocked,15000,5000,15000,15,3000000000000,1608048,armed,623000,blocked,dcqcn
623000,1,2,174,2,1,tick,0,0,0,1000,30000,1000,500000,1000000,0,0,1000000000,1000000000,1000000000,,,0,,,,,15000,5000,15000,15,3000000000000,1608048,armed,623000,blocked,15000,5000,15000,15,4000000000000,1608048,armed,624000,blocked,dcqcn
624000,1,2,175,2,1,tick,0,0,0,1000,30000,1000,500000,1000000,0,0,1000000000,1000000000,1000000000,,,0,,,,,15000,5000,15000,15,4000000000000,1608048,armed,624000,blocked,15000,5000,15000,15,5000000000000,1608048,armed,625000,blocked,dcqcn
624048,0,9,17,2,1,ack,0,0,0,1000,30000,1000,500000,1000000,0,0,1000000000,1000000000,,6000,0,0,,,,,15000,5000,15000,15,5000000000000,1608048,armed,625000,blocked,15000,6000,15000,15,5000000000000,1624048,armed,625000,blocked,dcqcn
625000,1,2,176,2,1,tick,0,0,0,1000,30000,1000,500000,1000000,0,0,1000000000,1000000000,1000000000,,,0,,,,,15000,6000,15000,15,5000000000000,1624048,armed,625000,blocked,15000,6000,15000,15,6000000000000,1624048,armed,626000,blocked,dcqcn
626000,1,2,178,2,1,tick,0,0,0,1000,30000,1000,500000,1000000,0,0,1000000000,1000000000,1000000000,,,0,,,,,15000,6000,15000,15,6000000000000,1624048,armed,626000,blocked,15000,6000,15000,15,7000000000000,1624048,armed,627000,scheduled,dcqcn
627000,1,2,179,2,1,tick,0,0,0,1000,30000,1000,500000,1000000,0,0,1000000000,1000000000,1000000000,,,1,15000,1000,0,226,15000,6000,15000,15,7000000000000,1624048,armed,627000,scheduled,16000,6000,16000,16,0,1624048,armed,628000,blocked,dcqcn
628000,1,2,180,2,1,tick,0,0,0,1000,30000,1000,500000,1000000,0,0,1000000000,1000000000,1000000000,,,0,,,,,16000,6000,16000,16,0,1624048,armed,628000,blocked,16000,6000,16000,16,1000000000000,1624048,armed,629000,blocked,dcqcn
629000,1,2,184,2,1,tick,0,0,0,1000,30000,1000,500000,1000000,0,0,1000000000,1000000000,1000000000,,,0,,,,,16000,6000,16000,16,1000000000000,1624048,armed,629000,blocked,16000,6000,16000,16,2000000000000,1624048,armed,630000,blocked,dcqcn
630000,1,2,185,2,1,tick,0,0,0,1000,30000,1000,500000,1000000,0,0,1000000000,1000000000,1000000000,,,0,,,,,16000,6000,16000,16,2000000000000,1624048,armed,630000,blocked,16000,6000,16000,16,3000000000000,1624048,armed,631000,blocked,dcqcn
631000,1,2,186,2,1,tick,0,0,0,1000,30000,1000,500000,1000000,0,0,1000000000,1000000000,1000000000,,,0,,,,,16000,6000,16000,16,3000000000000,1624048,armed,631000,blocked,16000,6000,16000,16,4000000000000,1624048,armed,632000,blocked,dcqcn
632000,1,2,187,2,1,tick,0,0,0,1000,30000,1000,500000,1000000,0,0,1000000000,1000000000,1000000000,,,0,,,,,16000,6000,16000,16,4000000000000,1624048,armed,632000,blocked,16000,6000,16000,16,5000000000000,1624048,armed,633000,blocked,dcqcn
633000,1,2,188,2,1,tick,0,0,0,1000,30000,1000,500000,1000000,0,0,1000000000,1000000000,1000000000,,,0,,,,,16000,6000,16000,16,5000000000000,1624048,armed,633000,blocked,16000,6000,16000,16,6000000000000,1624048,armed,634000,blocked,dcqcn
634000,1,2,189,2,1,tick,0,0,0,1000,30000,1000,500000,1000000,0,0,1000000000,1000000000,1000000000,,,0,,,,,16000,6000,16000,16,6000000000000,1624048,armed,634000,blocked,16000,6000,16000,16,7000000000000,1624048,armed,635000,scheduled,dcqcn
635000,1,2,190,2,1,tick,0,0,0,1000,30000,1000,500000,1000000,0,0,1000000000,1000000000,1000000000,,,1,16000,1000,0,240,16000,6000,16000,16,7000000000000,1624048,armed,635000,scheduled,17000,6000,17000,17,0,1624048,armed,636000,blocked,dcqcn
636000,1,2,191,2,1,tick,0,0,0,1000,30000,1000,500000,1000000,0,0,1000000000,1000000000,1000000000,,,0,,,,,17000,6000,17000,17,0,1624048,armed,636000,blocked,17000,6000,17000,17,1000000000000,1624048,armed,637000,blocked,dcqcn
637000,1,2,195,2,1,tick,0,0,0,1000,30000,1000,500000,1000000,0,0,1000000000,1000000000,1000000000,,,0,,,,,17000,6000,17000,17,1000000000000,1624048,armed,637000,blocked,17000,6000,17000,17,2000000000000,1624048,armed,638000,blocked,dcqcn
638000,1,2,196,2,1,tick,0,0,0,1000,30000,1000,500000,1000000,0,0,1000000000,1000000000,1000000000,,,0,,,,,17000,6000,17000,17,2000000000000,1624048,armed,638000,blocked,17000,6000,17000,17,3000000000000,1624048,armed,639000,blocked,dcqcn
639000,1,2,197,2,1,tick,0,0,0,1000,30000,1000,500000,1000000,0,0,1000000000,1000000000,1000000000,,,0,,,,,17000,6000,17000,17,3000000000000,1624048,armed,639000,blocked,17000,6000,17000,17,4000000000000,1624048,armed,640000,blocked,dcqcn
640000,1,2,198,2,1,tick,0,0,0,1000,30000,1000,500000,1000000,0,0,1000000000,1000000000,1000000000,,,0,,,,,17000,6000,17000,17,4000000000000,1624048,armed,640000,blocked,17000,6000,17000,17,5000000000000,1624048,armed,641000,blocked,dcqcn
640048,0,9,20,2,1,ack,0,0,0,1000,30000,1000,500000,1000000,0,0,1000000000,1000000000,,7000,0,0,,,,,17000,6000,17000,17,5000000000000,1624048,armed,641000,blocked,17000,7000,17000,17,5000000000000,1640048,armed,641000,blocked,dcqcn
641000,1,2,199,2,1,tick,0,0,0,1000,30000,1000,500000,1000000,0,0,1000000000,1000000000,1000000000,,,0,,,,,17000,7000,17000,17,5000000000000,1640048,armed,641000,blocked,17000,7000,17000,17,6000000000000,1640048,armed,642000,blocked,dcqcn
642000,1,2,201,2,1,tick,0,0,0,1000,30000,1000,500000,1000000,0,0,1000000000,1000000000,1000000000,,,0,,,,,17000,7000,17000,17,6000000000000,1640048,armed,642000,blocked,17000,7000,17000,17,7000000000000,1640048,armed,643000,scheduled,dcqcn
643000,1,2,202,2,1,tick,0,0,0,1000,30000,1000,500000,1000000,0,0,1000000000,1000000000,1000000000,,,1,17000,1000,0,254,17000,7000,17000,17,7000000000000,1640048,armed,643000,scheduled,18000,7000,18000,18,0,1640048,armed,644000,blocked,dcqcn
644000,1,2,203,2,1,tick,0,0,0,1000,30000,1000,500000,1000000,0,0,1000000000,1000000000,1000000000,,,0,,,,,18000,7000,18000,18,0,1640048,armed,644000,blocked,18000,7000,18000,18,1000000000000,1640048,armed,645000,blocked,dcqcn
645000,1,2,207,2,1,tick,0,0,0,1000,30000,1000,500000,1000000,0,0,1000000000,1000000000,1000000000,,,0,,,,,18000,7000,18000,18,1000000000000,1640048,armed,645000,blocked,18000,7000,18000,18,2000000000000,1640048,armed,646000,blocked,dcqcn
646000,1,2,208,2,1,tick,0,0,0,1000,30000,1000,500000,1000000,0,0,1000000000,1000000000,1000000000,,,0,,,,,18000,7000,18000,18,2000000000000,1640048,armed,646000,blocked,18000,7000,18000,18,3000000000000,1640048,armed,647000,blocked,dcqcn
647000,1,2,209,2,1,tick,0,0,0,1000,30000,1000,500000,1000000,0,0,1000000000,1000000000,1000000000,,,0,,,,,18000,7000,18000,18,3000000000000,1640048,armed,647000,blocked,18000,7000,18000,18,4000000000000,1640048,armed,648000,blocked,dcqcn
648000,1,2,210,2,1,tick,0,0,0,1000,30000,1000,500000,1000000,0,0,1000000000,1000000000,1000000000,,,0,,,,,18000,7000,18000,18,4000000000000,1640048,armed,648000,blocked,18000,7000,18000,18,5000000000000,1640048,armed,649000,blocked,dcqcn
649000,1,2,211,2,1,tick,0,0,0,1000,30000,1000,500000,1000000,0,0,1000000000,1000000000,1000000000,,,0,,,,,18000,7000,18000,18,5000000000000,1640048,armed,649000,blocked,18000,7000,18000,18,6000000000000,1640048,armed,650000,blocked,dcqcn
650000,1,2,212,2,1,tick,0,0,0,1000,30000,1000,500000,1000000,0,0,1000000000,1000000000,1000000000,,,0,,,,,18000,7000,18000,18,6000000000000,1640048,armed,650000,blocked,18000,7000,18000,18,7000000000000,1640048,armed,651000,scheduled,dcqcn
651000,1,2,213,2,1,tick,0,0,0,1000,30000,1000,500000,1000000,0,0,1000000000,1000000000,1000000000,,,1,18000,1000,0,268,18000,7000,18000,18,7000000000000,1640048,armed,651000,scheduled,19000,7000,19000,19,0,1640048,armed,652000,blocked,dcqcn
652000,1,2,214,2,1,tick,0,0,0,1000,30000,1000,500000,1000000,0,0,1000000000,1000000000,1000000000,,,0,,,,,19000,7000,19000,19,0,1640048,armed,652000,blocked,19000,7000,19000,19,1000000000000,1640048,armed,653000,blocked,dcqcn
653000,1,2,218,2,1,tick,0,0,0,1000,30000,1000,500000,1000000,0,0,1000000000,1000000000,1000000000,,,0,,,,,19000,7000,19000,19,1000000000000,1640048,armed,653000,blocked,19000,7000,19000,19,2000000000000,1640048,armed,654000,blocked,dcqcn
654000,1,2,219,2,1,tick,0,0,0,1000,30000,1000,500000,1000000,0,0,1000000000,1000000000,1000000000,,,0,,,,,19000,7000,19000,19,2000000000000,1640048,armed,654000,blocked,19000,7000,19000,19,3000000000000,1640048,armed,655000,blocked,dcqcn
655000,1,2,220,2,1,tick,0,0,0,1000,30000,1000,500000,1000000,0,0,1000000000,1000000000,1000000000,,,0,,,,,19000,7000,19000,19,3000000000000,1640048,armed,655000,blocked,19000,7000,19000,19,4000000000000,1640048,armed,656000,blocked,dcqcn
656000,1,2,221,2,1,tick,0,0,0,1000,30000,1000,500000,1000000,0,0,1000000000,1000000000,1000000000,,,0,,,,,19000,7000,19000,19,4000000000000,1640048,armed,656000,blocked,19000,7000,19000,19,5000000000000,1640048,armed,657000,blocked,dcqcn
656048,0,9,23,2,1,ack,0,0,0,1000,30000,1000,500000,1000000,0,0,1000000000,1000000000,,8000,1,0,,,,,19000,7000,19000,19,5000000000000,1640048,armed,657000,blocked,19000,8000,19000,19,5000000000000,1656048,armed,657000,blocked,dcqcn
657000,1,2,222,2,1,tick,0,0,0,1000,30000,1000,500000,1000000,0,0,1000000000,1000000000,1000000000,,,0,,,,,19000,8000,19000,19,5000000000000,1656048,armed,657000,blocked,19000,8000,19000,19,6000000000000,1656048,armed,658000,blocked,dcqcn
658000,1,2,224,2,1,tick,0,0,0,1000,30000,1000,500000,1000000,0,0,1000000000,1000000000,1000000000,,,0,,,,,19000,8000,19000,19,6000000000000,1656048,armed,658000,blocked,19000,8000,19000,19,7000000000000,1656048,armed,659000,scheduled,dcqcn
659000,1,2,225,2,1,tick,0,0,0,1000,30000,1000,500000,1000000,0,0,1000000000,1000000000,1000000000,,,1,19000,1000,0,282,19000,8000,19000,19,7000000000000,1656048,armed,659000,scheduled,20000,8000,20000,20,0,1656048,armed,660000,blocked,dcqcn
660000,1,2,226,2,1,tick,0,0,0,1000,30000,1000,500000,1000000,0,0,1000000000,1000000000,1000000000,,,0,,,,,20000,8000,20000,20,0,1656048,armed,660000,blocked,20000,8000,20000,20,1000000000000,1656048,armed,661000,blocked,dcqcn
661000,1,2,230,2,1,tick,0,0,0,1000,30000,1000,500000,1000000,0,0,1000000000,1000000000,507766842,,,0,,,,,20000,8000,20000,20,1000000000000,1656048,armed,661000,blocked,20000,8000,20000,20,1507766842000,1656048,armed,662000,blocked,dcqcn
662000,1,2,231,2,1,tick,0,0,0,1000,30000,1000,500000,1000000,0,0,1000000000,1000000000,507766842,,,0,,,,,20000,8000,20000,20,1507766842000,1656048,armed,662000,blocked,20000,8000,20000,20,2015533684000,1656048,armed,663000,blocked,dcqcn
663000,1,2,232,2,1,tick,0,0,0,1000,30000,1000,500000,1000000,0,0,1000000000,1000000000,507766842,,,0,,,,,20000,8000,20000,20,2015533684000,1656048,armed,663000,blocked,20000,8000,20000,20,2523300526000,1656048,armed,664000,blocked,dcqcn
664000,1,2,233,2,1,tick,0,0,0,1000,30000,1000,500000,1000000,0,0,1000000000,1000000000,507766842,,,0,,,,,20000,8000,20000,20,2523300526000,1656048,armed,664000,blocked,20000,8000,20000,20,3031067368000,1656048,armed,665000,blocked,dcqcn
665000,1,2,234,2,1,tick,0,0,0,1000,30000,1000,500000,1000000,0,0,1000000000,1000000000,507766842,,,0,,,,,20000,8000,20000,20,3031067368000,1656048,armed,665000,blocked,20000,8000,20000,20,3538834210000,1656048,armed,666000,blocked,dcqcn
666000,1,2,235,2,1,tick,0,0,0,1000,30000,1000,500000,1000000,0,0,1000000000,1000000000,507766842,,,0,,,,,20000,8000,20000,20,3538834210000,1656048,armed,666000,blocked,20000,8000,20000,20,4046601052000,1656048,armed,667000,blocked,dcqcn
667000,1,2,236,2,1,tick,0,0,0,1000,30000,1000,500000,1000000,0,0,1000000000,1000000000,507766842,,,0,,,,,20000,8000,20000,20,4046601052000,1656048,armed,667000,blocked,20000,8000,20000,20,4554367894000,1656048,armed,668000,blocked,dcqcn
668000,1,2,237,2,1,tick,0,0,0,1000,30000,1000,500000,1000000,0,0,1000000000,1000000000,507766842,,,0,,,,,20000,8000,20000,20,4554367894000,1656048,armed,668000,blocked,20000,8000,20000,20,5062134736000,1656048,armed,669000,blocked,dcqcn
669000,1,2,238,2,1,tick,0,0,0,1000,30000,1000,500000,1000000,0,0,1000000000,1000000000,507766842,,,0,,,,,20000,8000,20000,20,5062134736000,1656048,armed,669000,blocked,20000,8000,20000,20,5569901578000,1656048,armed,670000,blocked,dcqcn
670000,1,2,239,2,1,tick,0,0,0,1000,30000,1000,500000,1000000,0,0,1000000000,1000000000,507766842,,,0,,,,,20000,8000,20000,20,5569901578000,1656048,armed,670000,blocked,20000,8000,20000,20,6077668420000,1656048,armed,671000,blocked,dcqcn
671000,1,2,240,2,1,tick,0,0,0,1000,30000,1000,500000,1000000,0,0,1000000000,1000000000,507766842,,,0,,,,,20000,8000,20000,20,6077668420000,1656048,armed,671000,blocked,20000,8000,20000,20,6585435262000,1656048,armed,672000,blocked,dcqcn
672000,1,2,241,2,1,tick,0,0,0,1000,30000,1000,500000,1000000,0,0,1000000000,1000000000,507766842,,,0,,,,,20000,8000,20000,20,6585435262000,1656048,armed,672000,blocked,20000,8000,20000,20,7093202104000,1656048,armed,673000,blocked,dcqcn
673000,1,2,242,2,1,tick,0,0,0,1000,30000,1000,500000,1000000,0,0,1000000000,1000000000,507766842,,,0,,,,,20000,8000,20000,20,7093202104000,1656048,armed,673000,blocked,20000,8000,20000,20,7600968946000,1656048,armed,674000,scheduled,dcqcn
674000,1,2,243,2,1,tick,0,0,0,1000,30000,1000,500000,1000000,0,0,1000000000,1000000000,507766842,,,1,20000,1000,0,296,20000,8000,20000,20,7600968946000,1656048,armed,674000,scheduled,21000,8000,21000,21,108735788000,1656048,armed,675000,blocked,dcqcn
675000,1,2,244,2,1,tick,0,0,0,1000,30000,1000,500000,1000000,0,0,1000000000,1000000000,507766842,,,0,,,,,21000,8000,21000,21,108735788000,1656048,armed,675000,blocked,21000,8000,21000,21,616502630000,1656048,armed,676000,blocked,dcqcn
676000,1,2,248,2,1,tick,0,0,0,1000,30000,1000,500000,1000000,0,0,1000000000,1000000000,507766842,,,0,,,,,21000,8000,21000,21,616502630000,1656048,armed,676000,blocked,21000,8000,21000,21,1124269472000,1656048,armed,677000,blocked,dcqcn
677000,1,2,249,2,1,tick,0,0,0,1000,30000,1000,500000,1000000,0,0,1000000000,1000000000,507766842,,,0,,,,,21000,8000,21000,21,1124269472000,1656048,armed,677000,blocked,21000,8000,21000,21,1632036314000,1656048,armed,678000,blocked,dcqcn
678000,1,2,250,2,1,tick,0,0,0,1000,30000,1000,500000,1000000,0,0,1000000000,1000000000,507766842,,,0,,,,,21000,8000,21000,21,1632036314000,1656048,armed,678000,blocked,21000,8000,21000,21,2139803156000,1656048,armed,679000,blocked,dcqcn
679000,1,2,251,2,1,tick,0,0,0,1000,30000,1000,500000,1000000,0,0,1000000000,1000000000,507766842,,,0,,,,,21000,8000,21000,21,2139803156000,1656048,armed,679000,blocked,21000,8000,21000,21,2647569998000,1656048,armed,680000,blocked,dcqcn
680000,1,2,252,2,1,tick,0,0,0,1000,30000,1000,500000,1000000,0,0,1000000000,1000000000,507766842,,,0,,,,,21000,8000,21000,21,2647569998000,1656048,armed,680000,blocked,21000,8000,21000,21,3155336840000,1656048,armed,681000,blocked,dcqcn
681000,1,2,253,2,1,tick,0,0,0,1000,30000,1000,500000,1000000,0,0,1000000000,1000000000,507766842,,,0,,,,,21000,8000,21000,21,3155336840000,1656048,armed,681000,blocked,21000,8000,21000,21,3663103682000,1656048,armed,682000,blocked,dcqcn
682000,1,2,254,2,1,tick,0,0,0,1000,30000,1000,500000,1000000,0,0,1000000000,1000000000,507766842,,,0,,,,,21000,8000,21000,21,3663103682000,1656048,armed,682000,blocked,21000,8000,21000,21,4170870524000,1656048,armed,683000,blocked,dcqcn
683000,1,2,255,2,1,tick,0,0,0,1000,30000,1000,500000,1000000,0,0,1000000000,1000000000,507766842,,,0,,,,,21000,8000,21000,21,4170870524000,1656048,armed,683000,blocked,21000,8000,21000,21,4678637366000,1656048,armed,684000,blocked,dcqcn
684000,1,2,256,2,1,tick,0,0,0,1000,30000,1000,500000,1000000,0,0,1000000000,1000000000,507766842,,,0,,,,,21000,8000,21000,21,4678637366000,1656048,armed,684000,blocked,21000,8000,21000,21,5186404208000,1656048,armed,685000,blocked,dcqcn
685000,1,2,257,2,1,tick,0,0,0,1000,30000,1000,500000,1000000,0,0,1000000000,1000000000,507766842,,,0,,,,,21000,8000,21000,21,5186404208000,1656048,armed,685000,blocked,21000,8000,21000,21,5694171050000,1656048,armed,686000,blocked,dcqcn
686000,1,2,258,2,1,tick,0,0,0,1000,30000,1000,500000,1000000,0,0,1000000000,1000000000,507766842,,,0,,,,,21000,8000,21000,21,5694171050000,1656048,armed,686000,blocked,21000,8000,21000,21,6201937892000,1656048,armed,687000,blocked,dcqcn
687000,1,2,259,2,1,tick,0,0,0,1000,30000,1000,500000,1000000,0,0,1000000000,1000000000,507766842,,,0,,,,,21000,8000,21000,21,6201937892000,1656048,armed,687000,blocked,21000,8000,21000,21,6709704734000,1656048,armed,688000,blocked,dcqcn
688000,1,2,260,2,1,tick,0,0,0,1000,30000,1000,500000,1000000,0,0,1000000000,1000000000,507766842,,,0,,,,,21000,8000,21000,21,6709704734000,1656048,armed,688000,blocked,21000,8000,21000,21,7217471576000,1656048,armed,689000,blocked,dcqcn
688048,0,9,26,2,1,nack,0,0,0,1000,30000,1000,500000,1000000,0,0,1000000000,1000000000,,8000,1,0,,,,,21000,8000,21000,21,7217471576000,1656048,armed,689000,blocked,8000,8000,21000,21,7217471576000,1688048,armed,689000,blocked,dcqcn
689000,1,2,261,2,1,tick,0,0,0,1000,30000,1000,500000,1000000,0,0,1000000000,1000000000,282778613,,,0,,,,,8000,8000,21000,21,7217471576000,1688048,armed,689000,blocked,8000,8000,21000,21,7500250189000,1688048,armed,690000,blocked,dcqcn
690000,1,2,263,2,1,tick,0,0,0,1000,30000,1000,500000,1000000,0,0,1000000000,1000000000,282778613,,,0,,,,,8000,8000,21000,21,7500250189000,1688048,armed,690000,blocked,8000,8000,21000,21,7783028802000,1688048,armed,691000,scheduled,dcqcn
691000,1,2,264,2,1,tick,0,0,0,1000,30000,1000,500000,1000000,0,0,1000000000,1000000000,282778613,,,1,8000,1000,1,310,8000,8000,21000,21,7783028802000,1688048,armed,691000,scheduled,9000,8000,21000,21,65807415000,1688048,armed,692000,blocked,dcqcn
692000,1,2,265,2,1,tick,0,0,0,1000,30000,1000,500000,1000000,0,0,1000000000,1000000000,282778613,,,0,,,,,9000,8000,21000,21,65807415000,1688048,armed,692000,blocked,9000,8000,21000,21,348586028000,1688048,armed,693000,blocked,dcqcn
693000,1,2,269,2,1,tick,0,0,0,1000,30000,1000,500000,1000000,0,0,1000000000,1000000000,282778613,,,0,,,,,9000,8000,21000,21,348586028000,1688048,armed,693000,blocked,9000,8000,21000,21,631364641000,1688048,armed,694000,blocked,dcqcn
694000,1,2,270,2,1,tick,0,0,0,1000,30000,1000,500000,1000000,0,0,1000000000,1000000000,282778613,,,0,,,,,9000,8000,21000,21,631364641000,1688048,armed,694000,blocked,9000,8000,21000,21,914143254000,1688048,armed,695000,blocked,dcqcn
695000,1,2,271,2,1,tick,0,0,0,1000,30000,1000,500000,1000000,0,0,1000000000,1000000000,282778613,,,0,,,,,9000,8000,21000,21,914143254000,1688048,armed,695000,blocked,9000,8000,21000,21,1196921867000,1688048,armed,696000,blocked,dcqcn
696000,1,2,272,2,1,tick,0,0,0,1000,30000,1000,500000,1000000,0,0,1000000000,1000000000,282778613,,,0,,,,,9000,8000,21000,21,1196921867000,1688048,armed,696000,blocked,9000,8000,21000,21,1479700480000,1688048,armed,697000,blocked,dcqcn
697000,1,2,273,2,1,tick,0,0,0,1000,30000,1000,500000,1000000,0,0,1000000000,1000000000,282778613,,,0,,,,,9000,8000,21000,21,1479700480000,1688048,armed,697000,blocked,9000,8000,21000,21,1762479093000,1688048,armed,698000,blocked,dcqcn
698000,1,2,274,2,1,tick,0,0,0,1000,30000,1000,500000,1000000,0,0,1000000000,1000000000,282778613,,,0,,,,,9000,8000,21000,21,1762479093000,1688048,armed,698000,blocked,9000,8000,21000,21,2045257706000,1688048,armed,699000,blocked,dcqcn
699000,1,2,275,2,1,tick,0,0,0,1000,30000,1000,500000,1000000,0,0,1000000000,1000000000,282778613,,,0,,,,,9000,8000,21000,21,2045257706000,1688048,armed,699000,blocked,9000,8000,21000,21,2328036319000,1688048,armed,700000,blocked,dcqcn
700000,1,2,276,2,1,tick,0,0,0,1000,30000,1000,500000,1000000,0,0,1000000000,1000000000,282778613,,,0,,,,,9000,8000,21000,21,2328036319000,1688048,armed,700000,blocked,9000,8000,21000,21,2610814932000,1688048,armed,701000,blocked,dcqcn
701000,1,2,277,2,1,tick,0,0,0,1000,30000,1000,500000,1000000,0,0,1000000000,1000000000,282778613,,,0,,,,,9000,8000,21000,21,2610814932000,1688048,armed,701000,blocked,9000,8000,21000,21,2893593545000,1688048,armed,702000,blocked,dcqcn
702000,1,2,278,2,1,tick,0,0,0,1000,30000,1000,500000,1000000,0,0,1000000000,1000000000,282778613,,,0,,,,,9000,8000,21000,21,2893593545000,1688048,armed,702000,blocked,9000,8000,21000,21,3176372158000,1688048,armed,703000,blocked,dcqcn
703000,1,2,279,2,1,tick,0,0,0,1000,30000,1000,500000,1000000,0,0,1000000000,1000000000,282778613,,,0,,,,,9000,8000,21000,21,3176372158000,1688048,armed,703000,blocked,9000,8000,21000,21,3459150771000,1688048,armed,704000,blocked,dcqcn
704000,1,2,280,2,1,tick,0,0,0,1000,30000,1000,500000,1000000,0,0,1000000000,1000000000,282778613,,,0,,,,,9000,8000,21000,21,3459150771000,1688048,armed,704000,blocked,9000,8000,21000,21,3741929384000,1688048,armed,705000,blocked,dcqcn
705000,1,2,281,2,1,tick,0,0,0,1000,30000,1000,500000,1000000,0,0,1000000000,1000000000,282778613,,,0,,,,,9000,8000,21000,21,3741929384000,1688048,armed,705000,blocked,9000,8000,21000,21,4024707997000,1688048,armed,706000,blocked,dcqcn
706000,1,2,282,2,1,tick,0,0,0,1000,30000,1000,500000,1000000,0,0,1000000000,1000000000,282778613,,,0,,,,,9000,8000,21000,21,4024707997000,1688048,armed,706000,blocked,9000,8000,21000,21,4307486610000,1688048,armed,707000,blocked,dcqcn
707000,1,2,283,2,1,tick,0,0,0,1000,30000,1000,500000,1000000,0,0,1000000000,1000000000,282778613,,,0,,,,,9000,8000,21000,21,4307486610000,1688048,armed,707000,blocked,9000,8000,21000,21,4590265223000,1688048,armed,708000,blocked,dcqcn
708000,1,2,284,2,1,tick,0,0,0,1000,30000,1000,500000,1000000,0,0,1000000000,1000000000,282778613,,,0,,,,,9000,8000,21000,21,4590265223000,1688048,armed,708000,blocked,9000,8000,21000,21,4873043836000,1688048,armed,709000,blocked,dcqcn
709000,1,2,285,2,1,tick,0,0,0,1000,30000,1000,500000,1000000,0,0,1000000000,1000000000,282778613,,,0,,,,,9000,8000,21000,21,4873043836000,1688048,armed,709000,blocked,9000,8000,21000,21,5155822449000,1688048,armed,710000,blocked,dcqcn
710000,1,2,286,2,1,tick,0,0,0,1000,30000,1000,500000,1000000,0,0,1000000000,1000000000,282778613,,,0,,,,,9000,8000,21000,21,5155822449000,1688048,armed,710000,blocked,9000,8000,21000,21,5438601062000,1688048,armed,711000,blocked,dcqcn
711000,1,2,287,2,1,tick,0,0,0,1000,30000,1000,500000,1000000,0,0,1000000000,1000000000,282778613,,,0,,,,,9000,8000,21000,21,5438601062000,1688048,armed,711000,blocked,9000,8000,21000,21,5721379675000,1688048,armed,712000,blocked,dcqcn
712000,1,2,288,2,1,tick,0,0,0,1000,30000,1000,500000,1000000,0,0,1000000000,1000000000,282778613,,,0,,,,,9000,8000,21000,21,5721379675000,1688048,armed,712000,blocked,9000,8000,21000,21,6004158288000,1688048,armed,713000,blocked,dcqcn
713000,1,2,289,2,1,tick,0,0,0,1000,30000,1000,500000,1000000,0,0,1000000000,1000000000,282778613,,,0,,,,,9000,8000,21000,21,6004158288000,1688048,armed,713000,blocked,9000,8000,21000,21,6286936901000,1688048,armed,714000,blocked,dcqcn
714000,1,2,290,2,1,tick,0,0,0,1000,30000,1000,500000,1000000,0,0,1000000000,1000000000,282778613,,,0,,,,,9000,8000,21000,21,6286936901000,1688048,armed,714000,blocked,9000,8000,21000,21,6569715514000,1688048,armed,715000,blocked,dcqcn
715000,1,2,291,2,1,tick,0,0,0,1000,30000,1000,500000,1000000,0,0,1000000000,1000000000,282778613,,,0,,,,,9000,8000,21000,21,6569715514000,1688048,armed,715000,blocked,9000,8000,21000,21,6852494127000,1688048,armed,716000,blocked,dcqcn
716000,1,2,292,2,1,tick,0,0,0,1000,30000,1000,500000,1000000,0,0,1000000000,1000000000,282778613,,,0,,,,,9000,8000,21000,21,6852494127000,1688048,armed,716000,blocked,9000,8000,21000,21,7135272740000,1688048,armed,717000,blocked,dcqcn
717000,1,2,293,2,1,tick,0,0,0,1000,30000,1000,500000,1000000,0,0,1000000000,1000000000,282778613,,,0,,,,,9000,8000,21000,21,7135272740000,1688048,armed,717000,blocked,9000,8000,21000,21,7418051353000,1688048,armed,718000,blocked,dcqcn
718000,1,2,294,2,1,tick,0,0,0,1000,30000,1000,500000,1000000,0,0,1000000000,1000000000,282778613,,,0,,,,,9000,8000,21000,21,7418051353000,1688048,armed,718000,blocked,9000,8000,21000,21,7700829966000,1688048,armed,719000,blocked,dcqcn
719000,1,2,295,2,1,tick,0,0,0,1000,30000,1000,500000,1000000,0,0,1000000000,1000000000,282778613,,,0,,,,,9000,8000,21000,21,7700829966000,1688048,armed,719000,blocked,9000,8000,21000,21,7983608579000,1688048,armed,720000,scheduled,dcqcn
720000,1,2,296,2,1,tick,0,0,0,1000,30000,1000,500000,1000000,0,0,1000000000,1000000000,282778613,,,1,9000,1000,1,324,9000,8000,21000,21,7983608579000,1688048,armed,720000,scheduled,10000,8000,21000,21,266387192000,1688048,armed,721000,blocked,dcqcn
721000,1,2,297,2,1,tick,0,0,0,1000,30000,1000,500000,1000000,0,0,1000000000,1000000000,282778613,,,0,,,,,10000,8000,21000,21,266387192000,1688048,armed,721000,blocked,10000,8000,21000,21,549165805000,1688048,armed,722000,blocked,dcqcn
722000,1,2,301,2,1,tick,0,0,0,1000,30000,1000,500000,1000000,0,0,1000000000,1000000000,282778613,,,0,,,,,10000,8000,21000,21,549165805000,1688048,armed,722000,blocked,10000,8000,21000,21,831944418000,1688048,armed,723000,blocked,dcqcn
723000,1,2,302,2,1,tick,0,0,0,1000,30000,1000,500000,1000000,0,0,1000000000,1000000000,282778613,,,0,,,,,10000,8000,21000,21,831944418000,1688048,armed,723000,blocked,10000,8000,21000,21,1114723031000,1688048,armed,724000,blocked,dcqcn
724000,1,2,303,2,1,tick,0,0,0,1000,30000,1000,500000,1000000,0,0,1000000000,1000000000,282778613,,,0,,,,,10000,8000,21000,21,1114723031000,1688048,armed,724000,blocked,10000,8000,21000,21,1397501644000,1688048,armed,725000,blocked,dcqcn
725000,1,2,304,2,1,tick,0,0,0,1000,30000,1000,500000,1000000,0,0,1000000000,1000000000,282778613,,,0,,,,,10000,8000,21000,21,1397501644000,1688048,armed,725000,blocked,10000,8000,21000,21,1680280257000,1688048,armed,726000,blocked,dcqcn
726000,1,2,305,2,1,tick,0,0,0,1000,30000,1000,500000,1000000,0,0,1000000000,1000000000,282778613,,,0,,,,,10000,8000,21000,21,1680280257000,1688048,armed,726000,blocked,10000,8000,21000,21,1963058870000,1688048,armed,727000,blocked,dcqcn
727000,1,2,306,2,1,tick,0,0,0,1000,30000,1000,500000,1000000,0,0,1000000000,1000000000,282778613,,,0,,,,,10000,8000,21000,21,1963058870000,1688048,armed,727000,blocked,10000,8000,21000,21,2245837483000,1688048,armed,728000,blocked,dcqcn
728000,1,2,307,2,1,tick,0,0,0,1000,30000,1000,500000,1000000,0,0,1000000000,1000000000,282778613,,,0,,,,,10000,8000,21000,21,2245837483000,1688048,armed,728000,blocked,10000,8000,21000,21,2528616096000,1688048,armed,729000,blocked,dcqcn
729000,1,2,308,2,1,tick,0,0,0,1000,30000,1000,500000,1000000,0,0,1000000000,1000000000,282778613,,,0,,,,,10000,8000,21000,21,2528616096000,1688048,armed,729000,blocked,10000,8000,21000,21,2811394709000,1688048,armed,730000,blocked,dcqcn
730000,1,2,309,2,1,tick,0,0,0,1000,30000,1000,500000,1000000,0,0,1000000000,1000000000,282778613,,,0,,,,,10000,8000,21000,21,2811394709000,1688048,armed,730000,blocked,10000,8000,21000,21,3094173322000,1688048,armed,731000,blocked,dcqcn
731000,1,2,310,2,1,tick,0,0,0,1000,30000,1000,500000,1000000,0,0,1000000000,1000000000,282778613,,,0,,,,,10000,8000,21000,21,3094173322000,1688048,armed,731000,blocked,10000,8000,21000,21,3376951935000,1688048,armed,732000,blocked,dcqcn
732000,1,2,311,2,1,tick,0,0,0,1000,30000,1000,500000,1000000,0,0,1000000000,1000000000,282778613,,,0,,,,,10000,8000,21000,21,3376951935000,1688048,armed,732000,blocked,10000,8000,21000,21,3659730548000,1688048,armed,733000,blocked,dcqcn
733000,1,2,312,2,1,tick,0,0,0,1000,30000,1000,500000,1000000,0,0,1000000000,1000000000,282778613,,,0,,,,,10000,8000,21000,21,3659730548000,1688048,armed,733000,blocked,10000,8000,21000,21,3942509161000,1688048,armed,734000,blocked,dcqcn
734000,1,2,313,2,1,tick,0,0,0,1000,30000,1000,500000,1000000,0,0,1000000000,1000000000,282778613,,,0,,,,,10000,8000,21000,21,3942509161000,1688048,armed,734000,blocked,10000,8000,21000,21,4225287774000,1688048,armed,735000,blocked,dcqcn
735000,1,2,314,2,1,tick,0,0,0,1000,30000,1000,500000,1000000,0,0,1000000000,1000000000,282778613,,,0,,,,,10000,8000,21000,21,4225287774000,1688048,armed,735000,blocked,10000,8000,21000,21,4508066387000,1688048,armed,736000,blocked,dcqcn
736000,1,2,315,2,1,tick,0,0,0,1000,30000,1000,500000,1000000,0,0,1000000000,1000000000,282778613,,,0,,,,,10000,8000,21000,21,4508066387000,1688048,armed,736000,blocked,10000,8000,21000,21,4790845000000,1688048,armed,737000,blocked,dcqcn
737000,1,2,316,2,1,tick,0,0,0,1000,30000,1000,500000,1000000,0,0,1000000000,1000000000,282778613,,,0,,,,,10000,8000,21000,21,4790845000000,1688048,armed,737000,blocked,10000,8000,21000,21,5073623613000,1688048,armed,738000,blocked,dcqcn
738000,1,2,317,2,1,tick,0,0,0,1000,30000,1000,500000,1000000,0,0,1000000000,1000000000,282778613,,,0,,,,,10000,8000,21000,21,5073623613000,1688048,armed,738000,blocked,10000,8000,21000,21,5356402226000,1688048,armed,739000,blocked,dcqcn
739000,1,2,318,2,1,tick,0,0,0,1000,30000,1000,500000,1000000,0,0,1000000000,1000000000,641389306,,,0,,,,,10000,8000,21000,21,5356402226000,1688048,armed,739000,blocked,10000,8000,21000,21,5997791532000,1688048,armed,740000,blocked,dcqcn
740000,1,2,319,2,1,tick,0,0,0,1000,30000,1000,500000,1000000,0,0,1000000000,1000000000,641389306,,,0,,,,,10000,8000,21000,21,5997791532000,1688048,armed,740000,blocked,10000,8000,21000,21,6639180838000,1688048,armed,741000,blocked,dcqcn
741000,1,2,320,2,1,tick,0,0,0,1000,30000,1000,500000,1000000,0,0,1000000000,1000000000,641389306,,,0,,,,,10000,8000,21000,21,6639180838000,1688048,armed,741000,blocked,10000,8000,21000,21,7280570144000,1688048,armed,742000,blocked,dcqcn
742000,1,2,321,2,1,tick,0,0,0,1000,30000,1000,500000,1000000,0,0,1000000000,1000000000,641389306,,,0,,,,,10000,8000,21000,21,7280570144000,1688048,armed,742000,blocked,10000,8000,21000,21,7921959450000,1688048,armed,743000,scheduled,dcqcn
743000,1,2,322,2,1,tick,0,0,0,1000,30000,1000,500000,1000000,0,0,1000000000,1000000000,641389306,,,1,10000,1000,1,338,10000,8000,21000,21,7921959450000,1688048,armed,743000,scheduled,11000,8000,21000,21,563348756000,1688048,armed,744000,blocked,dcqcn
744000,1,2,323,2,1,tick,0,0,0,1000,30000,1000,500000,1000000,0,0,1000000000,1000000000,641389306,,,0,,,,,11000,8000,21000,21,563348756000,1688048,armed,744000,blocked,11000,8000,21000,21,1204738062000,1688048,armed,745000,blocked,dcqcn
745000,1,2,327,2,1,tick,0,0,0,1000,30000,1000,500000,1000000,0,0,1000000000,1000000000,641389306,,,0,,,,,11000,8000,21000,21,1204738062000,1688048,armed,745000,blocked,11000,8000,21000,21,1846127368000,1688048,armed,746000,blocked,dcqcn
746000,1,2,328,2,1,tick,0,0,0,1000,30000,1000,500000,1000000,0,0,1000000000,1000000000,641389306,,,0,,,,,11000,8000,21000,21,1846127368000,1688048,armed,746000,blocked,11000,8000,21000,21,2487516674000,1688048,armed,747000,blocked,dcqcn
747000,1,2,329,2,1,tick,0,0,0,1000,30000,1000,500000,1000000,0,0,1000000000,1000000000,641389306,,,0,,,,,11000,8000,21000,21,2487516674000,1688048,armed,747000,blocked,11000,8000,21000,21,3128905980000,1688048,armed,748000,blocked,dcqcn
748000,1,2,330,2,1,tick,0,0,0,1000,30000,1000,500000,1000000,0,0,1000000000,1000000000,641389306,,,0,,,,,11000,8000,21000,21,3128905980000,1688048,armed,748000,blocked,11000,8000,21000,21,3770295286000,1688048,armed,749000,blocked,dcqcn
749000,1,2,331,2,1,tick,0,0,0,1000,30000,1000,500000,1000000,0,0,1000000000,1000000000,641389306,,,0,,,,,11000,8000,21000,21,3770295286000,1688048,armed,749000,blocked,11000,8000,21000,21,4411684592000,1688048,armed,750000,blocked,dcqcn
750000,1,2,332,2,1,tick,0,0,0,1000,30000,1000,500000,1000000,0,0,1000000000,1000000000,641389306,,,0,,,,,11000,8000,21000,21,4411684592000,1688048,armed,750000,blocked,11000,8000,21000,21,5053073898000,1688048,armed,751000,blocked,dcqcn
751000,1,2,333,2,1,tick,0,0,0,1000,30000,1000,500000,1000000,0,0,1000000000,1000000000,641389306,,,0,,,,,11000,8000,21000,21,5053073898000,1688048,armed,751000,blocked,11000,8000,21000,21,5694463204000,1688048,armed,752000,blocked,dcqcn
752000,1,2,334,2,1,tick,0,0,0,1000,30000,1000,500000,1000000,0,0,1000000000,1000000000,641389306,,,0,,,,,11000,8000,21000,21,5694463204000,1688048,armed,752000,blocked,11000,8000,21000,21,6335852510000,1688048,armed,753000,blocked,dcqcn
753000,1,2,335,2,1,tick,0,0,0,1000,30000,1000,500000,1000000,0,0,1000000000,1000000000,641389306,,,0,,,,,11000,8000,21000,21,6335852510000,1688048,armed,753000,blocked,11000,8000,21000,21,6977241816000,1688048,armed,754000,blocked,dcqcn
754000,1,2,336,2,1,tick,0,0,0,1000,30000,1000,500000,1000000,0,0,1000000000,1000000000,641389306,,,0,,,,,11000,8000,21000,21,6977241816000,1688048,armed,754000,blocked,11000,8000,21000,21,7618631122000,1688048,armed,755000,scheduled,dcqcn
755000,1,2,337,2,1,tick,0,0,0,1000,30000,1000,500000,1000000,0,0,1000000000,1000000000,641389306,,,1,11000,1000,1,352,11000,8000,21000,21,7618631122000,1688048,armed,755000,scheduled,12000,8000,21000,21,260020428000,1688048,armed,756000,blocked,dcqcn
756000,1,2,338,2,1,tick,0,0,0,1000,30000,1000,500000,1000000,0,0,1000000000,1000000000,641389306,,,0,,,,,12000,8000,21000,21,260020428000,1688048,armed,756000,blocked,12000,8000,21000,21,901409734000,1688048,armed,757000,blocked,dcqcn
757000,1,2,342,2,1,tick,0,0,0,1000,30000,1000,500000,1000000,0,0,1000000000,1000000000,641389306,,,0,,,,,12000,8000,21000,21,901409734000,1688048,armed,757000,blocked,12000,8000,21000,21,1542799040000,1688048,armed,758000,blocked,dcqcn
758000,1,2,343,2,1,tick,0,0,0,1000,30000,1000,500000,1000000,0,0,1000000000,1000000000,641389306,,,0,,,,,12000,8000,21000,21,1542799040000,1688048,armed,758000,blocked,12000,8000,21000,21,2184188346000,1688048,armed,759000,blocked,dcqcn
759000,1,2,344,2,1,tick,0,0,0,1000,30000,1000,500000,1000000,0,0,1000000000,1000000000,641389306,,,0,,,,,12000,8000,21000,21,2184188346000,1688048,armed,759000,blocked,12000,8000,21000,21,2825577652000,1688048,armed,760000,blocked,dcqcn
760000,1,2,345,2,1,tick,0,0,0,1000,30000,1000,500000,1000000,0,0,1000000000,1000000000,641389306,,,0,,,,,12000,8000,21000,21,2825577652000,1688048,armed,760000,blocked,12000,8000,21000,21,3466966958000,1688048,armed,761000,blocked,dcqcn
761000,1,2,346,2,1,tick,0,0,0,1000,30000,1000,500000,1000000,0,0,1000000000,1000000000,641389306,,,0,,,,,12000,8000,21000,21,3466966958000,1688048,armed,761000,blocked,12000,8000,21000,21,4108356264000,1688048,armed,762000,blocked,dcqcn
762000,1,2,347,2,1,tick,0,0,0,1000,30000,1000,500000,1000000,0,0,1000000000,1000000000,641389306,,,0,,,,,12000,8000,21000,21,4108356264000,1688048,armed,762000,blocked,12000,8000,21000,21,4749745570000,1688048,armed,763000,blocked,dcqcn
763000,1,2,348,2,1,tick,0,0,0,1000,30000,1000,500000,1000000,0,0,1000000000,1000000000,641389306,,,0,,,,,12000,8000,21000,21,4749745570000,1688048,armed,763000,blocked,12000,8000,21000,21,5391134876000,1688048,armed,764000,blocked,dcqcn
764000,1,2,349,2,1,tick,0,0,0,1000,30000,1000,500000,1000000,0,0,1000000000,1000000000,641389306,,,0,,,,,12000,8000,21000,21,5391134876000,1688048,armed,764000,blocked,12000,8000,21000,21,6032524182000,1688048,armed,765000,blocked,dcqcn
765000,1,2,350,2,1,tick,0,0,0,1000,30000,1000,500000,1000000,0,0,1000000000,1000000000,641389306,,,0,,,,,12000,8000,21000,21,6032524182000,1688048,armed,765000,blocked,12000,8000,21000,21,6673913488000,1688048,armed,766000,blocked,dcqcn
766000,1,2,351,2,1,tick,0,0,0,1000,30000,1000,500000,1000000,0,0,1000000000,1000000000,641389306,,,0,,,,,12000,8000,21000,21,6673913488000,1688048,armed,766000,blocked,12000,8000,21000,21,7315302794000,1688048,armed,767000,blocked,dcqcn
767000,1,2,352,2,1,tick,0,0,0,1000,30000,1000,500000,1000000,0,0,1000000000,1000000000,641389306,,,0,,,,,12000,8000,21000,21,7315302794000,1688048,armed,767000,blocked,12000,8000,21000,21,7956692100000,1688048,armed,768000,scheduled,dcqcn
768000,1,2,353,2,1,tick,0,0,0,1000,30000,1000,500000,1000000,0,0,1000000000,1000000000,641389306,,,1,12000,1000,1,366,12000,8000,21000,21,7956692100000,1688048,armed,768000,scheduled,13000,8000,21000,21,598081406000,1688048,armed,769000,blocked,dcqcn
769000,1,2,354,2,1,tick,0,0,0,1000,30000,1000,500000,1000000,0,0,1000000000,1000000000,641389306,,,0,,,,,13000,8000,21000,21,598081406000,1688048,armed,769000,blocked,13000,8000,21000,21,1239470712000,1688048,armed,770000,blocked,dcqcn
770000,1,2,358,2,1,tick,0,0,0,1000,30000,1000,500000,1000000,0,0,1000000000,1000000000,641389306,,,0,,,,,13000,8000,21000,21,1239470712000,1688048,armed,770000,blocked,13000,8000,21000,21,1880860018000,1688048,armed,771000,blocked,dcqcn
771000,1,2,359,2,1,tick,0,0,0,1000,30000,1000,500000,1000000,0,0,1000000000,1000000000,641389306,,,0,,,,,13000,8000,21000,21,1880860018000,1688048,armed,771000,blocked,13000,8000,21000,21,2522249324000,1688048,armed,772000,blocked,dcqcn
772000,1,2,360,2,1,tick,0,0,0,1000,30000,1000,500000,1000000,0,0,1000000000,1000000000,641389306,,,0,,,,,13000,8000,21000,21,2522249324000,1688048,armed,772000,blocked,13000,8000,21000,21,3163638630000,1688048,armed,773000,blocked,dcqcn
773000,1,2,361,2,1,tick,0,0,0,1000,30000,1000,500000,1000000,0,0,1000000000,1000000000,641389306,,,0,,,,,13000,8000,21000,21,3163638630000,1688048,armed,773000,blocked,13000,8000,21000,21,3805027936000,1688048,armed,774000,blocked,dcqcn
774000,1,2,362,2,1,tick,0,0,0,1000,30000,1000,500000,1000000,0,0,1000000000,1000000000,641389306,,,0,,,,,13000,8000,21000,21,3805027936000,1688048,armed,774000,blocked,13000,8000,21000,21,4446417242000,1688048,armed,775000,blocked,dcqcn
775000,1,2,363,2,1,tick,0,0,0,1000,30000,1000,500000,1000000,0,0,1000000000,1000000000,641389306,,,0,,,,,13000,8000,21000,21,4446417242000,1688048,armed,775000,blocked,13000,8000,21000,21,5087806548000,1688048,armed,776000,blocked,dcqcn
776000,1,2,364,2,1,tick,0,0,0,1000,30000,1000,500000,1000000,0,0,1000000000,1000000000,641389306,,,0,,,,,13000,8000,21000,21,5087806548000,1688048,armed,776000,blocked,13000,8000,21000,21,5729195854000,1688048,armed,777000,blocked,dcqcn
777000,1,2,365,2,1,tick,0,0,0,1000,30000,1000,500000,1000000,0,0,1000000000,1000000000,641389306,,,0,,,,,13000,8000,21000,21,5729195854000,1688048,armed,777000,blocked,13000,8000,21000,21,6370585160000,1688048,armed,778000,blocked,dcqcn
778000,1,2,366,2,1,tick,0,0,0,1000,30000,1000,500000,1000000,0,0,1000000000,1000000000,641389306,,,0,,,,,13000,8000,21000,21,6370585160000,1688048,armed,778000,blocked,13000,8000,21000,21,7011974466000,1688048,armed,779000,blocked,dcqcn
779000,1,2,367,2,1,tick,0,0,0,1000,30000,1000,500000,1000000,0,0,1000000000,1000000000,641389306,,,0,,,,,13000,8000,21000,21,7011974466000,1688048,armed,779000,blocked,13000,8000,21000,21,7653363772000,1688048,armed,780000,scheduled,dcqcn
780000,1,2,368,2,1,tick,0,0,0,1000,30000,1000,500000,1000000,0,0,1000000000,1000000000,641389306,,,1,13000,1000,1,380,13000,8000,21000,21,7653363772000,1688048,armed,780000,scheduled,14000,8000,21000,21,294753078000,1688048,armed,781000,blocked,dcqcn
781000,1,2,369,2,1,tick,0,0,0,1000,30000,1000,500000,1000000,0,0,1000000000,1000000000,641389306,,,0,,,,,14000,8000,21000,21,294753078000,1688048,armed,781000,blocked,14000,8000,21000,21,936142384000,1688048,armed,782000,blocked,dcqcn
782000,1,2,373,2,1,tick,0,0,0,1000,30000,1000,500000,1000000,0,0,1000000000,1000000000,641389306,,,0,,,,,14000,8000,21000,21,936142384000,1688048,armed,782000,blocked,14000,8000,21000,21,1577531690000,1688048,armed,783000,blocked,dcqcn
783000,1,2,374,2,1,tick,0,0,0,1000,30000,1000,500000,1000000,0,0,1000000000,1000000000,641389306,,,0,,,,,14000,8000,21000,21,1577531690000,1688048,armed,783000,blocked,14000,8000,21000,21,2218920996000,1688048,armed,784000,blocked,dcqcn
784000,1,2,375,2,1,tick,0,0,0,1000,30000,1000,500000,1000000,0,0,1000000000,1000000000,641389306,,,0,,,,,14000,8000,21000,21,2218920996000,1688048,armed,784000,blocked,14000,8000,21000,21,2860310302000,1688048,armed,785000,blocked,dcqcn
785000,1,2,376,2,1,tick,0,0,0,1000,30000,1000,500000,1000000,0,0,1000000000,1000000000,641389306,,,0,,,,,14000,8000,21000,21,2860310302000,1688048,armed,785000,blocked,14000,8000,21000,21,3501699608000,1688048,armed,786000,blocked,dcqcn
786000,1,2,377,2,1,tick,0,0,0,1000,30000,1000,500000,1000000,0,0,1000000000,1000000000,641389306,,,0,,,,,14000,8000,21000,21,3501699608000,1688048,armed,786000,blocked,14000,8000,21000,21,4143088914000,1688048,armed,787000,blocked,dcqcn
787000,1,2,378,2,1,tick,0,0,0,1000,30000,1000,500000,1000000,0,0,1000000000,1000000000,641389306,,,0,,,,,14000,8000,21000,21,4143088914000,1688048,armed,787000,blocked,14000,8000,21000,21,4784478220000,1688048,armed,788000,blocked,dcqcn
788000,1,2,379,2,1,tick,0,0,0,1000,30000,1000,500000,1000000,0,0,1000000000,1000000000,641389306,,,0,,,,,14000,8000,21000,21,4784478220000,1688048,armed,788000,blocked,14000,8000,21000,21,5425867526000,1688048,armed,789000,blocked,dcqcn
789000,1,2,380,2,1,tick,0,0,0,1000,30000,1000,500000,1000000,0,0,1000000000,1000000000,820694653,,,0,,,,,14000,8000,21000,21,5425867526000,1688048,armed,789000,blocked,14000,8000,21000,21,6246562179000,1688048,armed,790000,blocked,dcqcn
790000,1,2,381,2,1,tick,0,0,0,1000,30000,1000,500000,1000000,0,0,1000000000,1000000000,820694653,,,0,,,,,14000,8000,21000,21,6246562179000,1688048,armed,790000,blocked,14000,8000,21000,21,7067256832000,1688048,armed,791000,blocked,dcqcn
791000,1,2,382,2,1,tick,0,0,0,1000,30000,1000,500000,1000000,0,0,1000000000,1000000000,820694653,,,0,,,,,14000,8000,21000,21,7067256832000,1688048,armed,791000,blocked,14000,8000,21000,21,7887951485000,1688048,armed,792000,scheduled,dcqcn
792000,1,2,383,2,1,tick,0,0,0,1000,30000,1000,500000,1000000,0,0,1000000000,1000000000,820694653,,,1,14000,1000,1,394,14000,8000,21000,21,7887951485000,1688048,armed,792000,scheduled,15000,8000,21000,21,708646138000,1688048,armed,793000,blocked,dcqcn
793000,1,2,384,2,1,tick,0,0,0,1000,30000,1000,500000,1000000,0,0,1000000000,1000000000,820694653,,,0,,,,,15000,8000,21000,21,708646138000,1688048,armed,793000,blocked,15000,8000,21000,21,1529340791000,1688048,armed,794000,blocked,dcqcn
794000,1,2,388,2,1,tick,0,0,0,1000,30000,1000,500000,1000000,0,0,1000000000,1000000000,820694653,,,0,,,,,15000,8000,21000,21,1529340791000,1688048,armed,794000,blocked,15000,8000,21000,21,2350035444000,1688048,armed,795000,blocked,dcqcn
795000,1,2,389,2,1,tick,0,0,0,1000,30000,1000,500000,1000000,0,0,1000000000,1000000000,820694653,,,0,,,,,15000,8000,21000,21,2350035444000,1688048,armed,795000,blocked,15000,8000,21000,21,3170730097000,1688048,armed,796000,blocked,dcqcn
796000,1,2,390,2,1,tick,0,0,0,1000,30000,1000,500000,1000000,0,0,1000000000,1000000000,820694653,,,0,,,,,15000,8000,21000,21,3170730097000,1688048,armed,796000,blocked,15000,8000,21000,21,3991424750000,1688048,armed,797000,blocked,dcqcn
797000,1,2,391,2,1,tick,0,0,0,1000,30000,1000,500000,1000000,0,0,1000000000,1000000000,820694653,,,0,,,,,15000,8000,21000,21,3991424750000,1688048,armed,797000,blocked,15000,8000,21000,21,4812119403000,1688048,armed,798000,blocked,dcqcn
798000,1,2,392,2,1,tick,0,0,0,1000,30000,1000,500000,1000000,0,0,1000000000,1000000000,820694653,,,0,,,,,15000,8000,21000,21,4812119403000,1688048,armed,798000,blocked,15000,8000,21000,21,5632814056000,1688048,armed,799000,blocked,dcqcn
799000,1,2,393,2,1,tick,0,0,0,1000,30000,1000,500000,1000000,0,0,1000000000,1000000000,820694653,,,0,,,,,15000,8000,21000,21,5632814056000,1688048,armed,799000,blocked,15000,8000,21000,21,6453508709000,1688048,armed,800000,blocked,dcqcn
800000,1,2,394,2,1,tick,0,0,0,1000,30000,1000,500000,1000000,0,0,1000000000,1000000000,820694653,,,0,,,,,15000,8000,21000,21,6453508709000,1688048,armed,800000,blocked,15000,8000,21000,21,7274203362000,1688048,armed,801000,scheduled,dcqcn
801000,1,2,395,2,1,tick,0,0,0,1000,30000,1000,500000,1000000,0,0,1000000000,1000000000,820694653,,,1,15000,1000,1,408,15000,8000,21000,21,7274203362000,1688048,armed,801000,scheduled,16000,8000,21000,21,94898015000,1688048,armed,802000,blocked,dcqcn
802000,1,2,396,2,1,tick,0,0,0,1000,30000,1000,500000,1000000,0,0,1000000000,1000000000,820694653,,,0,,,,,16000,8000,21000,21,94898015000,1688048,armed,802000,blocked,16000,8000,21000,21,915592668000,1688048,armed,803000,blocked,dcqcn
803000,1,2,400,2,1,tick,0,0,0,1000,30000,1000,500000,1000000,0,0,1000000000,1000000000,820694653,,,0,,,,,16000,8000,21000,21,915592668000,1688048,armed,803000,blocked,16000,8000,21000,21,1736287321000,1688048,armed,804000,blocked,dcqcn
804000,1,2,401,2,1,tick,0,0,0,1000,30000,1000,500000,1000000,0,0,1000000000,1000000000,820694653,,,0,,,,,16000,8000,21000,21,1736287321000,1688048,armed,804000,blocked,16000,8000,21000,21,2556981974000,1688048,armed,805000,blocked,dcqcn
805000,1,2,402,2,1,tick,0,0,0,1000,30000,1000,500000,1000000,0,0,1000000000,1000000000,820694653,,,0,,,,,16000,8000,21000,21,2556981974000,1688048,armed,805000,blocked,16000,8000,21000,21,3377676627000,1688048,armed,806000,blocked,dcqcn
806000,1,2,403,2,1,tick,0,0,0,1000,30000,1000,500000,1000000,0,0,1000000000,1000000000,820694653,,,0,,,,,16000,8000,21000,21,3377676627000,1688048,armed,806000,blocked,16000,8000,21000,21,4198371280000,1688048,armed,807000,blocked,dcqcn
807000,1,2,404,2,1,tick,0,0,0,1000,30000,1000,500000,1000000,0,0,1000000000,1000000000,820694653,,,0,,,,,16000,8000,21000,21,4198371280000,1688048,armed,807000,blocked,16000,8000,21000,21,5019065933000,1688048,armed,808000,blocked,dcqcn
808000,1,2,405,2,1,tick,0,0,0,1000,30000,1000,500000,1000000,0,0,1000000000,1000000000,820694653,,,0,,,,,16000,8000,21000,21,5019065933000,1688048,armed,808000,blocked,16000,8000,21000,21,5839760586000,1688048,armed,809000,blocked,dcqcn
809000,1,2,406,2,1,tick,0,0,0,1000,30000,1000,500000,1000000,0,0,1000000000,1000000000,820694653,,,0,,,,,16000,8000,21000,21,5839760586000,1688048,armed,809000,blocked,16000,8000,21000,21,6660455239000,1688048,armed,810000,blocked,dcqcn
810000,1,2,407,2,1,tick,0,0,0,1000,30000,1000,500000,1000000,0,0,1000000000,1000000000,820694653,,,0,,,,,16000,8000,21000,21,6660455239000,1688048,armed,810000,blocked,16000,8000,21000,21,7481149892000,1688048,armed,811000,scheduled,dcqcn
811000,1,2,408,2,1,tick,0,0,0,1000,30000,1000,500000,1000000,0,0,1000000000,1000000000,820694653,,,1,16000,1000,1,422,16000,8000,21000,21,7481149892000,1688048,armed,811000,scheduled,17000,8000,21000,21,301844545000,1688048,armed,812000,blocked,dcqcn
812000,1,2,409,2,1,tick,0,0,0,1000,30000,1000,500000,1000000,0,0,1000000000,1000000000,820694653,,,0,,,,,17000,8000,21000,21,301844545000,1688048,armed,812000,blocked,17000,8000,21000,21,1122539198000,1688048,armed,813000,blocked,dcqcn
813000,1,2,413,2,1,tick,0,0,0,1000,30000,1000,500000,1000000,0,0,1000000000,1000000000,820694653,,,0,,,,,17000,8000,21000,21,1122539198000,1688048,armed,813000,blocked,17000,8000,21000,21,1943233851000,1688048,armed,814000,blocked,dcqcn
814000,1,2,414,2,1,tick,0,0,0,1000,30000,1000,500000,1000000,0,0,1000000000,1000000000,820694653,,,0,,,,,17000,8000,21000,21,1943233851000,1688048,armed,814000,blocked,17000,8000,21000,21,2763928504000,1688048,armed,815000,blocked,dcqcn
815000,1,2,415,2,1,tick,0,0,0,1000,30000,1000,500000,1000000,0,0,1000000000,1000000000,820694653,,,0,,,,,17000,8000,21000,21,2763928504000,1688048,armed,815000,blocked,17000,8000,21000,21,3584623157000,1688048,armed,816000,blocked,dcqcn
816000,1,2,416,2,1,tick,0,0,0,1000,30000,1000,500000,1000000,0,0,1000000000,1000000000,820694653,,,0,,,,,17000,8000,21000,21,3584623157000,1688048,armed,816000,blocked,17000,8000,21000,21,4405317810000,1688048,armed,817000,blocked,dcqcn
817000,1,2,417,2,1,tick,0,0,0,1000,30000,1000,500000,1000000,0,0,1000000000,1000000000,820694653,,,0,,,,,17000,8000,21000,21,4405317810000,1688048,armed,817000,blocked,17000,8000,21000,21,5226012463000,1688048,armed,818000,blocked,dcqcn
818000,1,2,418,2,1,tick,0,0,0,1000,30000,1000,500000,1000000,0,0,1000000000,1000000000,820694653,,,0,,,,,17000,8000,21000,21,5226012463000,1688048,armed,818000,blocked,17000,8000,21000,21,6046707116000,1688048,armed,819000,blocked,dcqcn
819000,1,2,419,2,1,tick,0,0,0,1000,30000,1000,500000,1000000,0,0,1000000000,1000000000,820694653,,,0,,,,,17000,8000,21000,21,6046707116000,1688048,armed,819000,blocked,17000,8000,21000,21,6867401769000,1688048,armed,820000,blocked,dcqcn
820000,1,2,420,2,1,tick,0,0,0,1000,30000,1000,500000,1000000,0,0,1000000000,1000000000,820694653,,,0,,,,,17000,8000,21000,21,6867401769000,1688048,armed,820000,blocked,17000,8000,21000,21,7688096422000,1688048,armed,821000,scheduled,dcqcn
821000,1,2,421,2,1,tick,0,0,0,1000,30000,1000,500000,1000000,0,0,1000000000,1000000000,820694653,,,1,17000,1000,1,436,17000,8000,21000,21,7688096422000,1688048,armed,821000,scheduled,18000,8000,21000,21,508791075000,1688048,armed,822000,blocked,dcqcn
822000,1,2,422,2,1,tick,0,0,0,1000,30000,1000,500000,1000000,0,0,1000000000,1000000000,820694653,,,0,,,,,18000,8000,21000,21,508791075000,1688048,armed,822000,blocked,18000,8000,21000,21,1329485728000,1688048,armed,823000,blocked,dcqcn
823000,1,2,426,2,1,tick,0,0,0,1000,30000,1000,500000,1000000,0,0,1000000000,1000000000,820694653,,,0,,,,,18000,8000,21000,21,1329485728000,1688048,armed,823000,blocked,18000,8000,21000,21,2150180381000,1688048,armed,824000,blocked,dcqcn
824000,1,2,427,2,1,tick,0,0,0,1000,30000,1000,500000,1000000,0,0,1000000000,1000000000,820694653,,,0,,,,,18000,8000,21000,21,2150180381000,1688048,armed,824000,blocked,18000,8000,21000,21,2970875034000,1688048,armed,825000,blocked,dcqcn
825000,1,2,428,2,1,tick,0,0,0,1000,30000,1000,500000,1000000,0,0,1000000000,1000000000,820694653,,,0,,,,,18000,8000,21000,21,2970875034000,1688048,armed,825000,blocked,18000,8000,21000,21,3791569687000,1688048,armed,826000,blocked,dcqcn
826000,1,2,429,2,1,tick,0,0,0,1000,30000,1000,500000,1000000,0,0,1000000000,1000000000,820694653,,,0,,,,,18000,8000,21000,21,3791569687000,1688048,armed,826000,blocked,18000,8000,21000,21,4612264340000,1688048,armed,827000,blocked,dcqcn
827000,1,2,430,2,1,tick,0,0,0,1000,30000,1000,500000,1000000,0,0,1000000000,1000000000,820694653,,,0,,,,,18000,8000,21000,21,4612264340000,1688048,armed,827000,blocked,18000,8000,21000,21,5432958993000,1688048,armed,828000,blocked,dcqcn
828000,1,2,431,2,1,tick,0,0,0,1000,30000,1000,500000,1000000,0,0,1000000000,1000000000,820694653,,,0,,,,,18000,8000,21000,21,5432958993000,1688048,armed,828000,blocked,18000,8000,21000,21,6253653646000,1688048,armed,829000,blocked,dcqcn
829000,1,2,432,2,1,tick,0,0,0,1000,30000,1000,500000,1000000,0,0,1000000000,1000000000,820694653,,,0,,,,,18000,8000,21000,21,6253653646000,1688048,armed,829000,blocked,18000,8000,21000,21,7074348299000,1688048,armed,830000,blocked,dcqcn
830000,1,2,433,2,1,tick,0,0,0,1000,30000,1000,500000,1000000,0,0,1000000000,1000000000,820694653,,,0,,,,,18000,8000,21000,21,7074348299000,1688048,armed,830000,blocked,18000,8000,21000,21,7895042952000,1688048,armed,831000,scheduled,dcqcn
831000,1,2,434,2,1,tick,0,0,0,1000,30000,1000,500000,1000000,0,0,1000000000,1000000000,820694653,,,1,18000,1000,1,450,18000,8000,21000,21,7895042952000,1688048,armed,831000,scheduled,19000,8000,21000,21,715737605000,1688048,armed,832000,blocked,dcqcn
832000,1,2,435,2,1,tick,0,0,0,1000,30000,1000,500000,1000000,0,0,1000000000,1000000000,820694653,,,0,,,,,19000,8000,21000,21,715737605000,1688048,armed,832000,blocked,19000,8000,21000,21,1536432258000,1688048,armed,833000,blocked,dcqcn
833000,1,2,439,2,1,tick,0,0,0,1000,30000,1000,500000,1000000,0,0,1000000000,1000000000,820694653,,,0,,,,,19000,8000,21000,21,1536432258000,1688048,armed,833000,blocked,19000,8000,21000,21,2357126911000,1688048,armed,834000,blocked,dcqcn
834000,1,2,440,2,1,tick,0,0,0,1000,30000,1000,500000,1000000,0,0,1000000000,1000000000,820694653,,,0,,,,,19000,8000,21000,21,2357126911000,1688048,armed,834000,blocked,19000,8000,21000,21,3177821564000,1688048,armed,835000,blocked,dcqcn
835000,1,2,441,2,1,tick,0,0,0,1000,30000,1000,500000,1000000,0,0,1000000000,1000000000,820694653,,,0,,,,,19000,8000,21000,21,3177821564000,1688048,armed,835000,blocked,19000,8000,21000,21,3998516217000,1688048,armed,836000,blocked,dcqcn
836000,1,2,442,2,1,tick,0,0,0,1000,30000,1000,500000,1000000,0,0,1000000000,1000000000,820694653,,,0,,,,,19000,8000,21000,21,3998516217000,1688048,armed,836000,blocked,19000,8000,21000,21,4819210870000,1688048,armed,837000,blocked,dcqcn
837000,1,2,443,2,1,tick,0,0,0,1000,30000,1000,500000,1000000,0,0,1000000000,1000000000,820694653,,,0,,,,,19000,8000,21000,21,4819210870000,1688048,armed,837000,blocked,19000,8000,21000,21,5639905523000,1688048,armed,838000,blocked,dcqcn
838000,1,2,444,2,1,tick,0,0,0,1000,30000,1000,500000,1000000,0,0,1000000000,1000000000,820694653,,,0,,,,,19000,8000,21000,21,5639905523000,1688048,armed,838000,blocked,19000,8000,21000,21,6460600176000,1688048,armed,839000,blocked,dcqcn
839000,1,2,445,2,1,tick,0,0,0,1000,30000,1000,500000,1000000,0,0,1000000000,1000000000,910347326,,,0,,,,,19000,8000,21000,21,6460600176000,1688048,armed,839000,blocked,19000,8000,21000,21,7370947502000,1688048,armed,840000,scheduled,dcqcn
840000,1,2,446,2,1,tick,0,0,0,1000,30000,1000,500000,1000000,0,0,1000000000,1000000000,910347326,,,1,19000,1000,1,464,19000,8000,21000,21,7370947502000,1688048,armed,840000,scheduled,20000,8000,21000,21,281294828000,1688048,armed,841000,blocked,dcqcn
841000,1,2,447,2,1,tick,0,0,0,1000,30000,1000,500000,1000000,0,0,1000000000,1000000000,910347326,,,0,,,,,20000,8000,21000,21,281294828000,1688048,armed,841000,blocked,20000,8000,21000,21,1191642154000,1688048,armed,842000,blocked,dcqcn
842000,1,2,451,2,1,tick,0,0,0,1000,30000,1000,500000,1000000,0,0,1000000000,1000000000,910347326,,,0,,,,,20000,8000,21000,21,1191642154000,1688048,armed,842000,blocked,20000,8000,21000,21,2101989480000,1688048,armed,843000,blocked,dcqcn
843000,1,2,452,2,1,tick,0,0,0,1000,30000,1000,500000,1000000,0,0,1000000000,1000000000,910347326,,,0,,,,,20000,8000,21000,21,2101989480000,1688048,armed,843000,blocked,20000,8000,21000,21,3012336806000,1688048,armed,844000,blocked,dcqcn
844000,1,2,453,2,1,tick,0,0,0,1000,30000,1000,500000,1000000,0,0,1000000000,1000000000,910347326,,,0,,,,,20000,8000,21000,21,3012336806000,1688048,armed,844000,blocked,20000,8000,21000,21,3922684132000,1688048,armed,845000,blocked,dcqcn
845000,1,2,454,2,1,tick,0,0,0,1000,30000,1000,500000,1000000,0,0,1000000000,1000000000,910347326,,,0,,,,,20000,8000,21000,21,3922684132000,1688048,armed,845000,blocked,20000,8000,21000,21,4833031458000,1688048,armed,846000,blocked,dcqcn
846000,1,2,455,2,1,tick,0,0,0,1000,30000,1000,500000,1000000,0,0,1000000000,1000000000,910347326,,,0,,,,,20000,8000,21000,21,4833031458000,1688048,armed,846000,blocked,20000,8000,21000,21,5743378784000,1688048,armed,847000,blocked,dcqcn
847000,1,2,456,2,1,tick,0,0,0,1000,30000,1000,500000,1000000,0,0,1000000000,1000000000,910347326,,,0,,,,,20000,8000,21000,21,5743378784000,1688048,armed,847000,blocked,20000,8000,21000,21,6653726110000,1688048,armed,848000,blocked,dcqcn
848000,1,2,457,2,1,tick,0,0,0,1000,30000,1000,500000,1000000,0,0,1000000000,1000000000,910347326,,,0,,,,,20000,8000,21000,21,6653726110000,1688048,armed,848000,blocked,20000,8000,21000,21,7564073436000,1688048,armed,849000,scheduled,dcqcn
849000,1,2,458,2,1,tick,0,0,0,1000,30000,1000,500000,1000000,0,0,1000000000,1000000000,910347326,,,1,20000,1000,1,478,20000,8000,21000,21,7564073436000,1688048,armed,849000,scheduled,21000,8000,21000,21,474420762000,1688048,armed,850000,blocked,dcqcn
850000,1,2,459,2,1,tick,0,0,0,1000,30000,1000,500000,1000000,0,0,1000000000,1000000000,910347326,,,0,,,,,21000,8000,21000,21,474420762000,1688048,armed,850000,blocked,21000,8000,21000,21,1384768088000,1688048,armed,851000,blocked,dcqcn
851000,1,2,463,2,1,tick,0,0,0,1000,30000,1000,500000,1000000,0,0,1000000000,1000000000,910347326,,,0,,,,,21000,8000,21000,21,1384768088000,1688048,armed,851000,blocked,21000,8000,21000,21,2295115414000,1688048,armed,852000,blocked,dcqcn
852000,1,2,464,2,1,tick,0,0,0,1000,30000,1000,500000,1000000,0,0,1000000000,1000000000,910347326,,,0,,,,,21000,8000,21000,21,2295115414000,1688048,armed,852000,blocked,21000,8000,21000,21,3205462740000,1688048,armed,853000,blocked,dcqcn
853000,1,2,465,2,1,tick,0,0,0,1000,30000,1000,500000,1000000,0,0,1000000000,1000000000,910347326,,,0,,,,,21000,8000,21000,21,3205462740000,1688048,armed,853000,blocked,21000,8000,21000,21,4115810066000,1688048,armed,854000,blocked,dcqcn
854000,1,2,466,2,1,tick,0,0,0,1000,30000,1000,500000,1000000,0,0,1000000000,1000000000,910347326,,,0,,,,,21000,8000,21000,21,4115810066000,1688048,armed,854000,blocked,21000,8000,21000,21,5026157392000,1688048,armed,855000,blocked,dcqcn
855000,1,2,467,2,1,tick,0,0,0,1000,30000,1000,500000,1000000,0,0,1000000000,1000000000,910347326,,,0,,,,,21000,8000,21000,21,5026157392000,1688048,armed,855000,blocked,21000,8000,21000,21,5936504718000,1688048,armed,856000,blocked,dcqcn
856000,1,2,468,2,1,tick,0,0,0,1000,30000,1000,500000,1000000,0,0,1000000000,1000000000,910347326,,,0,,,,,21000,8000,21000,21,5936504718000,1688048,armed,856000,blocked,21000,8000,21000,21,6846852044000,1688048,armed,857000,blocked,dcqcn
857000,1,2,469,2,1,tick,0,0,0,1000,30000,1000,500000,1000000,0,0,1000000000,1000000000,910347326,,,0,,,,,21000,8000,21000,21,6846852044000,1688048,armed,857000,blocked,21000,8000,21000,21,7757199370000,1688048,armed,858000,scheduled,dcqcn
858000,1,2,470,2,1,tick,0,0,0,1000,30000,1000,500000,1000000,0,0,1000000000,1000000000,910347326,,,1,21000,1000,0,492,21000,8000,21000,21,7757199370000,1688048,armed,858000,scheduled,22000,8000,22000,22,667546696000,1688048,armed,859000,blocked,dcqcn
859000,1,2,471,2,1,tick,0,0,0,1000,30000,1000,500000,1000000,0,0,1000000000,1000000000,910347326,,,0,,,,,22000,8000,22000,22,667546696000,1688048,armed,859000,blocked,22000,8000,22000,22,1577894022000,1688048,armed,860000,blocked,dcqcn
860000,1,2,475,2,1,tick,0,0,0,1000,30000,1000,500000,1000000,0,0,1000000000,1000000000,910347326,,,0,,,,,22000,8000,22000,22,1577894022000,1688048,armed,860000,blocked,22000,8000,22000,22,2488241348000,1688048,armed,861000,blocked,dcqcn
861000,1,2,476,2,1,tick,0,0,0,1000,30000,1000,500000,1000000,0,0,1000000000,1000000000,910347326,,,0,,,,,22000,8000,22000,22,2488241348000,1688048,armed,861000,blocked,22000,8000,22000,22,3398588674000,1688048,armed,862000,blocked,dcqcn
862000,1,2,477,2,1,tick,0,0,0,1000,30000,1000,500000,1000000,0,0,1000000000,1000000000,910347326,,,0,,,,,22000,8000,22000,22,3398588674000,1688048,armed,862000,blocked,22000,8000,22000,22,4308936000000,1688048,armed,863000,blocked,dcqcn
863000,1,2,478,2,1,tick,0,0,0,1000,30000,1000,500000,1000000,0,0,1000000000,1000000000,910347326,,,0,,,,,22000,8000,22000,22,4308936000000,1688048,armed,863000,blocked,22000,8000,22000,22,5219283326000,1688048,armed,864000,blocked,dcqcn
864000,1,2,479,2,1,tick,0,0,0,1000,30000,1000,500000,1000000,0,0,1000000000,1000000000,910347326,,,0,,,,,22000,8000,22000,22,5219283326000,1688048,armed,864000,blocked,22000,8000,22000,22,6129630652000,1688048,armed,865000,blocked,dcqcn
865000,1,2,480,2,1,tick,0,0,0,1000,30000,1000,500000,1000000,0,0,1000000000,1000000000,910347326,,,0,,,,,22000,8000,22000,22,6129630652000,1688048,armed,865000,blocked,22000,8000,22000,22,7039977978000,1688048,armed,866000,blocked,dcqcn
866000,1,2,481,2,1,tick,0,0,0,1000,30000,1000,500000,1000000,0,0,1000000000,1000000000,910347326,,,0,,,,,22000,8000,22000,22,7039977978000,1688048,armed,866000,blocked,22000,8000,22000,22,7950325304000,1688048,armed,867000,scheduled,dcqcn
867000,1,2,482,2,1,tick,0,0,0,1000,30000,1000,500000,1000000,0,0,1000000000,1000000000,910347326,,,1,22000,1000,0,506,22000,8000,22000,22,7950325304000,1688048,armed,867000,scheduled,23000,8000,23000,23,860672630000,1688048,armed,868000,blocked,dcqcn
868000,1,2,483,2,1,tick,0,0,0,1000,30000,1000,500000,1000000,0,0,1000000000,1000000000,910347326,,,0,,,,,23000,8000,23000,23,860672630000,1688048,armed,868000,blocked,23000,8000,23000,23,1771019956000,1688048,armed,869000,blocked,dcqcn
869000,1,2,487,2,1,tick,0,0,0,1000,30000,1000,500000,1000000,0,0,1000000000,1000000000,910347326,,,0,,,,,23000,8000,23000,23,1771019956000,1688048,armed,869000,blocked,23000,8000,23000,23,2681367282000,1688048,armed,870000,blocked,dcqcn
870000,1,2,488,2,1,tick,0,0,0,1000,30000,1000,500000,1000000,0,0,1000000000,1000000000,910347326,,,0,,,,,23000,8000,23000,23,2681367282000,1688048,armed,870000,blocked,23000,8000,23000,23,3591714608000,1688048,armed,871000,blocked,dcqcn
871000,1,2,489,2,1,tick,0,0,0,1000,30000,1000,500000,1000000,0,0,1000000000,1000000000,910347326,,,0,,,,,23000,8000,23000,23,3591714608000,1688048,armed,871000,blocked,23000,8000,23000,23,4502061934000,1688048,armed,872000,blocked,dcqcn
872000,1,2,490,2,1,tick,0,0,0,1000,30000,1000,500000,1000000,0,0,1000000000,1000000000,910347326,,,0,,,,,23000,8000,23000,23,4502061934000,1688048,armed,872000,blocked,23000,8000,23000,23,5412409260000,1688048,armed,873000,blocked,dcqcn
873000,1,2,491,2,1,tick,0,0,0,1000,30000,1000,500000,1000000,0,0,1000000000,1000000000,910347326,,,0,,,,,23000,8000,23000,23,5412409260000,1688048,armed,873000,blocked,23000,8000,23000,23,6322756586000,1688048,armed,874000,blocked,dcqcn
874000,1,2,492,2,1,tick,0,0,0,1000,30000,1000,500000,1000000,0,0,1000000000,1000000000,910347326,,,0,,,,,23000,8000,23000,23,6322756586000,1688048,armed,874000,blocked,23000,8000,23000,23,7233103912000,1688048,armed,875000,scheduled,dcqcn
875000,1,2,493,2,1,tick,0,0,0,1000,30000,1000,500000,1000000,0,0,1000000000,1000000000,910347326,,,1,23000,1000,0,520,23000,8000,23000,23,7233103912000,1688048,armed,875000,scheduled,24000,8000,24000,24,143451238000,1688048,armed,876000,blocked,dcqcn
876000,1,2,494,2,1,tick,0,0,0,1000,30000,1000,500000,1000000,0,0,1000000000,1000000000,910347326,,,0,,,,,24000,8000,24000,24,143451238000,1688048,armed,876000,blocked,24000,8000,24000,24,1053798564000,1688048,armed,877000,blocked,dcqcn
877000,1,2,498,2,1,tick,0,0,0,1000,30000,1000,500000,1000000,0,0,1000000000,1000000000,910347326,,,0,,,,,24000,8000,24000,24,1053798564000,1688048,armed,877000,blocked,24000,8000,24000,24,1964145890000,1688048,armed,878000,blocked,dcqcn
878000,1,2,499,2,1,tick,0,0,0,1000,30000,1000,500000,1000000,0,0,1000000000,1000000000,910347326,,,0,,,,,24000,8000,24000,24,1964145890000,1688048,armed,878000,blocked,24000,8000,24000,24,2874493216000,1688048,armed,879000,blocked,dcqcn
879000,1,2,500,2,1,tick,0,0,0,1000,30000,1000,500000,1000000,0,0,1000000000,1000000000,910347326,,,0,,,,,24000,8000,24000,24,2874493216000,1688048,armed,879000,blocked,24000,8000,24000,24,3784840542000,1688048,armed,880000,blocked,dcqcn
880000,1,2,501,2,1,tick,0,0,0,1000,30000,1000,500000,1000000,0,0,1000000000,1000000000,910347326,,,0,,,,,24000,8000,24000,24,3784840542000,1688048,armed,880000,blocked,24000,8000,24000,24,4695187868000,1688048,armed,881000,blocked,dcqcn
881000,1,2,502,2,1,tick,0,0,0,1000,30000,1000,500000,1000000,0,0,1000000000,1000000000,910347326,,,0,,,,,24000,8000,24000,24,4695187868000,1688048,armed,881000,blocked,24000,8000,24000,24,5605535194000,1688048,armed,882000,blocked,dcqcn
882000,1,2,503,2,1,tick,0,0,0,1000,30000,1000,500000,1000000,0,0,1000000000,1000000000,910347326,,,0,,,,,24000,8000,24000,24,5605535194000,1688048,armed,882000,blocked,24000,8000,24000,24,6515882520000,1688048,armed,883000,blocked,dcqcn
883000,1,2,504,2,1,tick,0,0,0,1000,30000,1000,500000,1000000,0,0,1000000000,1000000000,910347326,,,0,,,,,24000,8000,24000,24,6515882520000,1688048,armed,883000,blocked,24000,8000,24000,24,7426229846000,1688048,armed,884000,scheduled,dcqcn
884000,1,2,505,2,1,tick,0,0,0,1000,30000,1000,500000,1000000,0,0,1000000000,1000000000,910347326,,,1,24000,1000,0,534,24000,8000,24000,24,7426229846000,1688048,armed,884000,scheduled,25000,8000,25000,25,336577172000,1688048,armed,885000,blocked,dcqcn
885000,1,2,506,2,1,tick,0,0,0,1000,30000,1000,500000,1000000,0,0,1000000000,1000000000,910347326,,,0,,,,,25000,8000,25000,25,336577172000,1688048,armed,885000,blocked,25000,8000,25000,25,1246924498000,1688048,armed,886000,blocked,dcqcn
886000,1,2,510,2,1,tick,0,0,0,1000,30000,1000,500000,1000000,0,0,1000000000,1000000000,910347326,,,0,,,,,25000,8000,25000,25,1246924498000,1688048,armed,886000,blocked,25000,8000,25000,25,2157271824000,1688048,armed,887000,blocked,dcqcn
887000,1,2,511,2,1,tick,0,0,0,1000,30000,1000,500000,1000000,0,0,1000000000,1000000000,910347326,,,0,,,,,25000,8000,25000,25,2157271824000,1688048,armed,887000,blocked,25000,8000,25000,25,3067619150000,1688048,armed,888000,blocked,dcqcn
888000,1,2,512,2,1,tick,0,0,0,1000,30000,1000,500000,1000000,0,0,1000000000,1000000000,910347326,,,0,,,,,25000,8000,25000,25,3067619150000,1688048,armed,888000,blocked,25000,8000,25000,25,3977966476000,1688048,armed,889000,blocked,dcqcn
889000,1,2,513,2,1,tick,0,0,0,1000,30000,1000,500000,1000000,0,0,1000000000,1000000000,955173663,,,0,,,,,25000,8000,25000,25,3977966476000,1688048,armed,889000,blocked,25000,8000,25000,25,4933140139000,1688048,armed,890000,blocked,dcqcn
890000,1,2,514,2,1,tick,0,0,0,1000,30000,1000,500000,1000000,0,0,1000000000,1000000000,955173663,,,0,,,,,25000,8000,25000,25,4933140139000,1688048,armed,890000,blocked,25000,8000,25000,25,5888313802000,1688048,armed,891000,blocked,dcqcn
891000,1,2,515,2,1,tick,0,0,0,1000,30000,1000,500000,1000000,0,0,1000000000,1000000000,955173663,,,0,,,,,25000,8000,25000,25,5888313802000,1688048,armed,891000,blocked,25000,8000,25000,25,6843487465000,1688048,armed,892000,blocked,dcqcn
892000,1,2,516,2,1,tick,0,0,0,1000,30000,1000,500000,1000000,0,0,1000000000,1000000000,955173663,,,0,,,,,25000,8000,25000,25,6843487465000,1688048,armed,892000,blocked,25000,8000,25000,25,7798661128000,1688048,armed,893000,scheduled,dcqcn
893000,1,2,517,2,1,tick,0,0,0,1000,30000,1000,500000,1000000,0,0,1000000000,1000000000,955173663,,,1,25000,1000,0,548,25000,8000,25000,25,7798661128000,1688048,armed,893000,scheduled,26000,8000,26000,26,753834791000,1688048,armed,894000,blocked,dcqcn
894000,1,2,518,2,1,tick,0,0,0,1000,30000,1000,500000,1000000,0,0,1000000000,1000000000,955173663,,,0,,,,,26000,8000,26000,26,753834791000,1688048,armed,894000,blocked,26000,8000,26000,26,1709008454000,1688048,armed,895000,blocked,dcqcn
895000,1,2,522,2,1,tick,0,0,0,1000,30000,1000,500000,1000000,0,0,1000000000,1000000000,955173663,,,0,,,,,26000,8000,26000,26,1709008454000,1688048,armed,895000,blocked,26000,8000,26000,26,2664182117000,1688048,armed,896000,blocked,dcqcn
896000,1,2,523,2,1,tick,0,0,0,1000,30000,1000,500000,1000000,0,0,1000000000,1000000000,955173663,,,0,,,,,26000,8000,26000,26,2664182117000,1688048,armed,896000,blocked,26000,8000,26000,26,3619355780000,1688048,armed,897000,blocked,dcqcn
897000,1,2,524,2,1,tick,0,0,0,1000,30000,1000,500000,1000000,0,0,1000000000,1000000000,955173663,,,0,,,,,26000,8000,26000,26,3619355780000,1688048,armed,897000,blocked,26000,8000,26000,26,4574529443000,1688048,armed,898000,blocked,dcqcn
898000,1,2,525,2,1,tick,0,0,0,1000,30000,1000,500000,1000000,0,0,1000000000,1000000000,955173663,,,0,,,,,26000,8000,26000,26,4574529443000,1688048,armed,898000,blocked,26000,8000,26000,26,5529703106000,1688048,armed,899000,blocked,dcqcn
899000,1,2,526,2,1,tick,0,0,0,1000,30000,1000,500000,1000000,0,0,1000000000,1000000000,955173663,,,0,,,,,26000,8000,26000,26,5529703106000,1688048,armed,899000,blocked,26000,8000,26000,26,6484876769000,1688048,armed,900000,blocked,dcqcn
900000,1,2,527,2,1,tick,0,0,0,1000,30000,1000,500000,1000000,0,0,1000000000,1000000000,955173663,,,0,,,,,26000,8000,26000,26,6484876769000,1688048,armed,900000,blocked,26000,8000,26000,26,7440050432000,1688048,armed,901000,scheduled,dcqcn
901000,1,2,528,2,1,tick,0,0,0,1000,30000,1000,500000,1000000,0,0,1000000000,1000000000,955173663,,,1,26000,1000,0,562,26000,8000,26000,26,7440050432000,1688048,armed,901000,scheduled,27000,8000,27000,27,395224095000,1688048,armed,902000,blocked,dcqcn
902000,1,2,529,2,1,tick,0,0,0,1000,30000,1000,500000,1000000,0,0,1000000000,1000000000,955173663,,,0,,,,,27000,8000,27000,27,395224095000,1688048,armed,902000,blocked,27000,8000,27000,27,1350397758000,1688048,armed,903000,blocked,dcqcn
903000,1,2,533,2,1,tick,0,0,0,1000,30000,1000,500000,1000000,0,0,1000000000,1000000000,955173663,,,0,,,,,27000,8000,27000,27,1350397758000,1688048,armed,903000,blocked,27000,8000,27000,27,2305571421000,1688048,armed,904000,blocked,dcqcn
904000,1,2,534,2,1,tick,0,0,0,1000,30000,1000,500000,1000000,0,0,1000000000,1000000000,955173663,,,0,,,,,27000,8000,27000,27,2305571421000,1688048,armed,904000,blocked,27000,8000,27000,27,3260745084000,1688048,armed,905000,blocked,dcqcn
905000,1,2,535,2,1,tick,0,0,0,1000,30000,1000,500000,1000000,0,0,1000000000,1000000000,955173663,,,0,,,,,27000,8000,27000,27,3260745084000,1688048,armed,905000,blocked,27000,8000,27000,27,4215918747000,1688048,armed,906000,blocked,dcqcn
906000,1,2,536,2,1,tick,0,0,0,1000,30000,1000,500000,1000000,0,0,1000000000,1000000000,955173663,,,0,,,,,27000,8000,27000,27,4215918747000,1688048,armed,906000,blocked,27000,8000,27000,27,5171092410000,1688048,armed,907000,blocked,dcqcn
907000,1,2,537,2,1,tick,0,0,0,1000,30000,1000,500000,1000000,0,0,1000000000,1000000000,955173663,,,0,,,,,27000,8000,27000,27,5171092410000,1688048,armed,907000,blocked,27000,8000,27000,27,6126266073000,1688048,armed,908000,blocked,dcqcn
908000,1,2,538,2,1,tick,0,0,0,1000,30000,1000,500000,1000000,0,0,1000000000,1000000000,955173663,,,0,,,,,27000,8000,27000,27,6126266073000,1688048,armed,908000,blocked,27000,8000,27000,27,7081439736000,1688048,armed,909000,scheduled,dcqcn
909000,1,2,539,2,1,tick,0,0,0,1000,30000,1000,500000,1000000,0,0,1000000000,1000000000,955173663,,,1,27000,1000,0,576,27000,8000,27000,27,7081439736000,1688048,armed,909000,scheduled,28000,8000,28000,28,36613399000,1688048,armed,910000,blocked,dcqcn
910000,1,2,540,2,1,tick,0,0,0,1000,30000,1000,500000,1000000,0,0,1000000000,1000000000,955173663,,,0,,,,,28000,8000,28000,28,36613399000,1688048,armed,910000,blocked,28000,8000,28000,28,991787062000,1688048,armed,911000,blocked,dcqcn
911000,1,2,544,2,1,tick,0,0,0,1000,30000,1000,500000,1000000,0,0,1000000000,1000000000,955173663,,,0,,,,,28000,8000,28000,28,991787062000,1688048,armed,911000,blocked,28000,8000,28000,28,1946960725000,1688048,armed,912000,blocked,dcqcn
912000,1,2,545,2,1,tick,0,0,0,1000,30000,1000,500000,1000000,0,0,1000000000,1000000000,955173663,,,0,,,,,28000,8000,28000,28,1946960725000,1688048,armed,912000,blocked,28000,8000,28000,28,2902134388000,1688048,armed,913000,blocked,dcqcn
913000,1,2,546,2,1,tick,0,0,0,1000,30000,1000,500000,1000000,0,0,1000000000,1000000000,955173663,,,0,,,,,28000,8000,28000,28,2902134388000,1688048,armed,913000,blocked,28000,8000,28000,28,3857308051000,1688048,armed,914000,blocked,dcqcn
914000,1,2,547,2,1,tick,0,0,0,1000,30000,1000,500000,1000000,0,0,1000000000,1000000000,955173663,,,0,,,,,28000,8000,28000,28,3857308051000,1688048,armed,914000,blocked,28000,8000,28000,28,4812481714000,1688048,armed,915000,blocked,dcqcn
915000,1,2,548,2,1,tick,0,0,0,1000,30000,1000,500000,1000000,0,0,1000000000,1000000000,955173663,,,0,,,,,28000,8000,28000,28,4812481714000,1688048,armed,915000,blocked,28000,8000,28000,28,5767655377000,1688048,armed,916000,blocked,dcqcn
916000,1,2,549,2,1,tick,0,0,0,1000,30000,1000,500000,1000000,0,0,1000000000,1000000000,955173663,,,0,,,,,28000,8000,28000,28,5767655377000,1688048,armed,916000,blocked,28000,8000,28000,28,6722829040000,1688048,armed,917000,blocked,dcqcn
917000,1,2,550,2,1,tick,0,0,0,1000,30000,1000,500000,1000000,0,0,1000000000,1000000000,955173663,,,0,,,,,28000,8000,28000,28,6722829040000,1688048,armed,917000,blocked,28000,8000,28000,28,7678002703000,1688048,armed,918000,scheduled,dcqcn
918000,1,2,551,2,1,tick,0,0,0,1000,30000,1000,500000,1000000,0,0,1000000000,1000000000,955173663,,,1,28000,1000,0,590,28000,8000,28000,28,7678002703000,1688048,armed,918000,scheduled,29000,8000,29000,29,633176366000,1688048,armed,919000,blocked,dcqcn
919000,1,2,552,2,1,tick,0,0,0,1000,30000,1000,500000,1000000,0,0,1000000000,1000000000,955173663,,,0,,,,,29000,8000,29000,29,633176366000,1688048,armed,919000,blocked,29000,8000,29000,29,1588350029000,1688048,armed,920000,blocked,dcqcn
920000,1,2,556,2,1,tick,0,0,0,1000,30000,1000,500000,1000000,0,0,1000000000,1000000000,955173663,,,0,,,,,29000,8000,29000,29,1588350029000,1688048,armed,920000,blocked,29000,8000,29000,29,2543523692000,1688048,armed,921000,blocked,dcqcn
921000,1,2,557,2,1,tick,0,0,0,1000,30000,1000,500000,1000000,0,0,1000000000,1000000000,955173663,,,0,,,,,29000,8000,29000,29,2543523692000,1688048,armed,921000,blocked,29000,8000,29000,29,3498697355000,1688048,armed,922000,blocked,dcqcn
922000,1,2,558,2,1,tick,0,0,0,1000,30000,1000,500000,1000000,0,0,1000000000,1000000000,955173663,,,0,,,,,29000,8000,29000,29,3498697355000,1688048,armed,922000,blocked,29000,8000,29000,29,4453871018000,1688048,armed,923000,blocked,dcqcn
923000,1,2,559,2,1,tick,0,0,0,1000,30000,1000,500000,1000000,0,0,1000000000,1000000000,955173663,,,0,,,,,29000,8000,29000,29,4453871018000,1688048,armed,923000,blocked,29000,8000,29000,29,5409044681000,1688048,armed,924000,blocked,dcqcn
924000,1,2,560,2,1,tick,0,0,0,1000,30000,1000,500000,1000000,0,0,1000000000,1000000000,955173663,,,0,,,,,29000,8000,29000,29,5409044681000,1688048,armed,924000,blocked,29000,8000,29000,29,6364218344000,1688048,armed,925000,blocked,dcqcn
925000,1,2,561,2,1,tick,0,0,0,1000,30000,1000,500000,1000000,0,0,1000000000,1000000000,955173663,,,0,,,,,29000,8000,29000,29,6364218344000,1688048,armed,925000,blocked,29000,8000,29000,29,7319392007000,1688048,armed,926000,scheduled,dcqcn
926000,1,2,562,2,1,tick,0,0,0,1000,30000,1000,500000,1000000,0,0,1000000000,1000000000,955173663,,,1,29000,1000,0,604,29000,8000,29000,29,7319392007000,1688048,armed,926000,scheduled,30000,8000,30000,30,274565670000,1688048,parked,,blocked,dcqcn
1688048,1,2,262,2,1,timeout,0,0,0,1000,30000,1000,500000,1000000,0,0,1000000000,1000000000,,,,0,,,,,30000,8000,30000,30,274565670000,1688048,parked,,blocked,8000,8000,30000,30,274565670000,2688048,armed,1689000,blocked,dcqcn
1689000,1,2,566,2,1,tick,0,0,0,1000,30000,1000,500000,1000000,0,0,1000000000,1000000000,999999316,,,0,,,,,8000,8000,30000,30,274565670000,2688048,armed,1689000,blocked,8000,8000,30000,30,1274564986000,2688048,armed,1690000,blocked,dcqcn
1690000,1,2,568,2,1,tick,0,0,0,1000,30000,1000,500000,1000000,0,0,1000000000,1000000000,999999316,,,0,,,,,8000,8000,30000,30,1274564986000,2688048,armed,1690000,blocked,8000,8000,30000,30,2274564302000,2688048,armed,1691000,blocked,dcqcn
1691000,1,2,569,2,1,tick,0,0,0,1000,30000,1000,500000,1000000,0,0,1000000000,1000000000,999999316,,,0,,,,,8000,8000,30000,30,2274564302000,2688048,armed,1691000,blocked,8000,8000,30000,30,3274563618000,2688048,armed,1692000,blocked,dcqcn
1692000,1,2,570,2,1,tick,0,0,0,1000,30000,1000,500000,1000000,0,0,1000000000,1000000000,999999316,,,0,,,,,8000,8000,30000,30,3274563618000,2688048,armed,1692000,blocked,8000,8000,30000,30,4274562934000,2688048,armed,1693000,blocked,dcqcn
1693000,1,2,571,2,1,tick,0,0,0,1000,30000,1000,500000,1000000,0,0,1000000000,1000000000,999999316,,,0,,,,,8000,8000,30000,30,4274562934000,2688048,armed,1693000,blocked,8000,8000,30000,30,5274562250000,2688048,armed,1694000,blocked,dcqcn
1694000,1,2,572,2,1,tick,0,0,0,1000,30000,1000,500000,1000000,0,0,1000000000,1000000000,999999316,,,0,,,,,8000,8000,30000,30,5274562250000,2688048,armed,1694000,blocked,8000,8000,30000,30,6274561566000,2688048,armed,1695000,blocked,dcqcn
1695000,1,2,573,2,1,tick,0,0,0,1000,30000,1000,500000,1000000,0,0,1000000000,1000000000,999999316,,,0,,,,,8000,8000,30000,30,6274561566000,2688048,armed,1695000,blocked,8000,8000,30000,30,7274560882000,2688048,armed,1696000,scheduled,dcqcn
1696000,1,2,574,2,1,tick,0,0,0,1000,30000,1000,500000,1000000,0,0,1000000000,1000000000,999999316,,,1,8000,1000,1,618,8000,8000,30000,30,7274560882000,2688048,armed,1696000,scheduled,9000,8000,30000,30,274560198000,2688048,armed,1697000,blocked,dcqcn
1697000,1,2,575,2,1,tick,0,0,0,1000,30000,1000,500000,1000000,0,0,1000000000,1000000000,999999316,,,0,,,,,9000,8000,30000,30,274560198000,2688048,armed,1697000,blocked,9000,8000,30000,30,1274559514000,2688048,armed,1698000,blocked,dcqcn
1698000,1,2,579,2,1,tick,0,0,0,1000,30000,1000,500000,1000000,0,0,1000000000,1000000000,999999316,,,0,,,,,9000,8000,30000,30,1274559514000,2688048,armed,1698000,blocked,9000,8000,30000,30,2274558830000,2688048,armed,1699000,blocked,dcqcn
1699000,1,2,580,2,1,tick,0,0,0,1000,30000,1000,500000,1000000,0,0,1000000000,1000000000,999999316,,,0,,,,,9000,8000,30000,30,2274558830000,2688048,armed,1699000,blocked,9000,8000,30000,30,3274558146000,2688048,armed,1700000,blocked,dcqcn
1700000,1,2,581,2,1,tick,0,0,0,1000,30000,1000,500000,1000000,0,0,1000000000,1000000000,999999316,,,0,,,,,9000,8000,30000,30,3274558146000,2688048,armed,1700000,blocked,9000,8000,30000,30,4274557462000,2688048,armed,1701000,blocked,dcqcn
1701000,1,2,582,2,1,tick,0,0,0,1000,30000,1000,500000,1000000,0,0,1000000000,1000000000,999999316,,,0,,,,,9000,8000,30000,30,4274557462000,2688048,armed,1701000,blocked,9000,8000,30000,30,5274556778000,2688048,armed,1702000,blocked,dcqcn
1702000,1,2,583,2,1,tick,0,0,0,1000,30000,1000,500000,1000000,0,0,1000000000,1000000000,999999316,,,0,,,,,9000,8000,30000,30,5274556778000,2688048,armed,1702000,blocked,9000,8000,30000,30,6274556094000,2688048,armed,1703000,blocked,dcqcn
1703000,1,2,584,2,1,tick,0,0,0,1000,30000,1000,500000,1000000,0,0,1000000000,1000000000,999999316,,,0,,,,,9000,8000,30000,30,6274556094000,2688048,armed,1703000,blocked,9000,8000,30000,30,7274555410000,2688048,armed,1704000,scheduled,dcqcn
1704000,1,2,585,2,1,tick,0,0,0,1000,30000,1000,500000,1000000,0,0,1000000000,1000000000,999999316,,,1,9000,1000,1,632,9000,8000,30000,30,7274555410000,2688048,armed,1704000,scheduled,10000,8000,30000,30,274554726000,2688048,armed,1705000,blocked,dcqcn
1705000,1,2,586,2,1,tick,0,0,0,1000,30000,1000,500000,1000000,0,0,1000000000,1000000000,999999316,,,0,,,,,10000,8000,30000,30,274554726000,2688048,armed,1705000,blocked,10000,8000,30000,30,1274554042000,2688048,armed,1706000,blocked,dcqcn
1706000,1,2,590,2,1,tick,0,0,0,1000,30000,1000,500000,1000000,0,0,1000000000,1000000000,999999316,,,0,,,,,10000,8000,30000,30,1274554042000,2688048,armed,1706000,blocked,10000,8000,30000,30,2274553358000,2688048,armed,1707000,blocked,dcqcn
1707000,1,2,591,2,1,tick,0,0,0,1000,30000,1000,500000,1000000,0,0,1000000000,1000000000,999999316,,,0,,,,,10000,8000,30000,30,2274553358000,2688048,armed,1707000,blocked,10000,8000,30000,30,3274552674000,2688048,armed,1708000,blocked,dcqcn
1708000,1,2,592,2,1,tick,0,0,0,1000,30000,1000,500000,1000000,0,0,1000000000,1000000000,999999316,,,0,,,,,10000,8000,30000,30,3274552674000,2688048,armed,1708000,blocked,10000,8000,30000,30,4274551990000,2688048,armed,1709000,blocked,dcqcn
1709000,1,2,593,2,1,tick,0,0,0,1000,30000,1000,500000,1000000,0,0,1000000000,1000000000,999999316,,,0,,,,,10000,8000,30000,30,4274551990000,2688048,armed,1709000,blocked,10000,8000,30000,30,5274551306000,2688048,armed,1710000,blocked,dcqcn
1710000,1,2,594,2,1,tick,0,0,0,1000,30000,1000,500000,1000000,0,0,1000000000,1000000000,999999316,,,0,,,,,10000,8000,30000,30,5274551306000,2688048,armed,1710000,blocked,10000,8000,30000,30,6274550622000,2688048,armed,1711000,blocked,dcqcn
1711000,1,2,595,2,1,tick,0,0,0,1000,30000,1000,500000,1000000,0,0,1000000000,1000000000,999999316,,,0,,,,,10000,8000,30000,30,6274550622000,2688048,armed,1711000,blocked,10000,8000,30000,30,7274549938000,2688048,armed,1712000,scheduled,dcqcn
1712000,1,2,596,2,1,tick,0,0,0,1000,30000,1000,500000,1000000,0,0,1000000000,1000000000,999999316,,,1,10000,1000,1,646,10000,8000,30000,30,7274549938000,2688048,armed,1712000,scheduled,11000,8000,30000,30,274549254000,2688048,armed,1713000,blocked,dcqcn
1713000,1,2,597,2,1,tick,0,0,0,1000,30000,1000,500000,1000000,0,0,1000000000,1000000000,999999316,,,0,,,,,11000,8000,30000,30,274549254000,2688048,armed,1713000,blocked,11000,8000,30000,30,1274548570000,2688048,armed,1714000,blocked,dcqcn
1714000,1,2,601,2,1,tick,0,0,0,1000,30000,1000,500000,1000000,0,0,1000000000,1000000000,999999316,,,0,,,,,11000,8000,30000,30,1274548570000,2688048,armed,1714000,blocked,11000,8000,30000,30,2274547886000,2688048,armed,1715000,blocked,dcqcn
1715000,1,2,602,2,1,tick,0,0,0,1000,30000,1000,500000,1000000,0,0,1000000000,1000000000,999999316,,,0,,,,,11000,8000,30000,30,2274547886000,2688048,armed,1715000,blocked,11000,8000,30000,30,3274547202000,2688048,armed,1716000,blocked,dcqcn
1716000,1,2,603,2,1,tick,0,0,0,1000,30000,1000,500000,1000000,0,0,1000000000,1000000000,999999316,,,0,,,,,11000,8000,30000,30,3274547202000,2688048,armed,1716000,blocked,11000,8000,30000,30,4274546518000,2688048,armed,1717000,blocked,dcqcn
1717000,1,2,604,2,1,tick,0,0,0,1000,30000,1000,500000,1000000,0,0,1000000000,1000000000,999999316,,,0,,,,,11000,8000,30000,30,4274546518000,2688048,armed,1717000,blocked,11000,8000,30000,30,5274545834000,2688048,armed,1718000,blocked,dcqcn
1718000,1,2,605,2,1,tick,0,0,0,1000,30000,1000,500000,1000000,0,0,1000000000,1000000000,999999316,,,0,,,,,11000,8000,30000,30,5274545834000,2688048,armed,1718000,blocked,11000,8000,30000,30,6274545150000,2688048,armed,1719000,blocked,dcqcn
1719000,1,2,606,2,1,tick,0,0,0,1000,30000,1000,500000,1000000,0,0,1000000000,1000000000,999999316,,,0,,,,,11000,8000,30000,30,6274545150000,2688048,armed,1719000,blocked,11000,8000,30000,30,7274544466000,2688048,armed,1720000,scheduled,dcqcn
1720000,1,2,607,2,1,tick,0,0,0,1000,30000,1000,500000,1000000,0,0,1000000000,1000000000,999999316,,,1,11000,1000,1,660,11000,8000,30000,30,7274544466000,2688048,armed,1720000,scheduled,12000,8000,30000,30,274543782000,2688048,armed,1721000,blocked,dcqcn
1721000,1,2,608,2,1,tick,0,0,0,1000,30000,1000,500000,1000000,0,0,1000000000,1000000000,999999316,,,0,,,,,12000,8000,30000,30,274543782000,2688048,armed,1721000,blocked,12000,8000,30000,30,1274543098000,2688048,armed,1722000,blocked,dcqcn
1722000,1,2,612,2,1,tick,0,0,0,1000,30000,1000,500000,1000000,0,0,1000000000,1000000000,999999316,,,0,,,,,12000,8000,30000,30,1274543098000,2688048,armed,1722000,blocked,12000,8000,30000,30,2274542414000,2688048,armed,1723000,blocked,dcqcn
1723000,1,2,613,2,1,tick,0,0,0,1000,30000,1000,500000,1000000,0,0,1000000000,1000000000,999999316,,,0,,,,,12000,8000,30000,30,2274542414000,2688048,armed,1723000,blocked,12000,8000,30000,30,3274541730000,2688048,armed,1724000,blocked,dcqcn
1724000,1,2,614,2,1,tick,0,0,0,1000,30000,1000,500000,1000000,0,0,1000000000,1000000000,999999316,,,0,,,,,12000,8000,30000,30,3274541730000,2688048,armed,1724000,blocked,12000,8000,30000,30,4274541046000,2688048,armed,1725000,blocked,dcqcn
1725000,1,2,615,2,1,tick,0,0,0,1000,30000,1000,500000,1000000,0,0,1000000000,1000000000,999999316,,,0,,,,,12000,8000,30000,30,4274541046000,2688048,armed,1725000,blocked,12000,8000,30000,30,5274540362000,2688048,armed,1726000,blocked,dcqcn
1726000,1,2,616,2,1,tick,0,0,0,1000,30000,1000,500000,1000000,0,0,1000000000,1000000000,999999316,,,0,,,,,12000,8000,30000,30,5274540362000,2688048,armed,1726000,blocked,12000,8000,30000,30,6274539678000,2688048,armed,1727000,blocked,dcqcn
1727000,1,2,617,2,1,tick,0,0,0,1000,30000,1000,500000,1000000,0,0,1000000000,1000000000,999999316,,,0,,,,,12000,8000,30000,30,6274539678000,2688048,armed,1727000,blocked,12000,8000,30000,30,7274538994000,2688048,armed,1728000,scheduled,dcqcn
1728000,1,2,618,2,1,tick,0,0,0,1000,30000,1000,500000,1000000,0,0,1000000000,1000000000,999999316,,,1,12000,1000,1,674,12000,8000,30000,30,7274538994000,2688048,armed,1728000,scheduled,13000,8000,30000,30,274538310000,2688048,armed,1729000,blocked,dcqcn
1729000,1,2,619,2,1,tick,0,0,0,1000,30000,1000,500000,1000000,0,0,1000000000,1000000000,999999316,,,0,,,,,13000,8000,30000,30,274538310000,2688048,armed,1729000,blocked,13000,8000,30000,30,1274537626000,2688048,armed,1730000,blocked,dcqcn
1730000,1,2,623,2,1,tick,0,0,0,1000,30000,1000,500000,1000000,0,0,1000000000,1000000000,999999316,,,0,,,,,13000,8000,30000,30,1274537626000,2688048,armed,1730000,blocked,13000,8000,30000,30,2274536942000,2688048,armed,1731000,blocked,dcqcn
1731000,1,2,624,2,1,tick,0,0,0,1000,30000,1000,500000,1000000,0,0,1000000000,1000000000,999999316,,,0,,,,,13000,8000,30000,30,2274536942000,2688048,armed,1731000,blocked,13000,8000,30000,30,3274536258000,2688048,armed,1732000,blocked,dcqcn
1732000,1,2,625,2,1,tick,0,0,0,1000,30000,1000,500000,1000000,0,0,1000000000,1000000000,999999316,,,0,,,,,13000,8000,30000,30,3274536258000,2688048,armed,1732000,blocked,13000,8000,30000,30,4274535574000,2688048,armed,1733000,blocked,dcqcn
1733000,1,2,626,2,1,tick,0,0,0,1000,30000,1000,500000,1000000,0,0,1000000000,1000000000,999999316,,,0,,,,,13000,8000,30000,30,4274535574000,2688048,armed,1733000,blocked,13000,8000,30000,30,5274534890000,2688048,armed,1734000,blocked,dcqcn
1734000,1,2,627,2,1,tick,0,0,0,1000,30000,1000,500000,1000000,0,0,1000000000,1000000000,999999316,,,0,,,,,13000,8000,30000,30,5274534890000,2688048,armed,1734000,blocked,13000,8000,30000,30,6274534206000,2688048,armed,1735000,blocked,dcqcn
1735000,1,2,628,2,1,tick,0,0,0,1000,30000,1000,500000,1000000,0,0,1000000000,1000000000,999999316,,,0,,,,,13000,8000,30000,30,6274534206000,2688048,armed,1735000,blocked,13000,8000,30000,30,7274533522000,2688048,armed,1736000,scheduled,dcqcn
1736000,1,2,629,2,1,tick,0,0,0,1000,30000,1000,500000,1000000,0,0,1000000000,1000000000,999999316,,,1,13000,1000,1,688,13000,8000,30000,30,7274533522000,2688048,armed,1736000,scheduled,14000,8000,30000,30,274532838000,2688048,armed,1737000,blocked,dcqcn
1737000,1,2,630,2,1,tick,0,0,0,1000,30000,1000,500000,1000000,0,0,1000000000,1000000000,999999316,,,0,,,,,14000,8000,30000,30,274532838000,2688048,armed,1737000,blocked,14000,8000,30000,30,1274532154000,2688048,armed,1738000,blocked,dcqcn
1738000,1,2,634,2,1,tick,0,0,0,1000,30000,1000,500000,1000000,0,0,1000000000,1000000000,999999316,,,0,,,,,14000,8000,30000,30,1274532154000,2688048,armed,1738000,blocked,14000,8000,30000,30,2274531470000,2688048,armed,1739000,blocked,dcqcn
1739000,1,2,635,2,1,tick,0,0,0,1000,30000,1000,500000,1000000,0,0,1000000000,1000000000,999999658,,,0,,,,,14000,8000,30000,30,2274531470000,2688048,armed,1739000,blocked,14000,8000,30000,30,3274531128000,2688048,armed,1740000,blocked,dcqcn
1740000,1,2,636,2,1,tick,0,0,0,1000,30000,1000,500000,1000000,0,0,1000000000,1000000000,999999658,,,0,,,,,14000,8000,30000,30,3274531128000,2688048,armed,1740000,blocked,14000,8000,30000,30,4274530786000,2688048,armed,1741000,blocked,dcqcn
1741000,1,2,637,2,1,tick,0,0,0,1000,30000,1000,500000,1000000,0,0,1000000000,1000000000,999999658,,,0,,,,,14000,8000,30000,30,4274530786000,2688048,armed,1741000,blocked,14000,8000,30000,30,5274530444000,2688048,armed,1742000,blocked,dcqcn
1742000,1,2,638,2,1,tick,0,0,0,1000,30000,1000,500000,1000000,0,0,1000000000,1000000000,999999658,,,0,,,,,14000,8000,30000,30,5274530444000,2688048,armed,1742000,blocked,14000,8000,30000,30,6274530102000,2688048,armed,1743000,blocked,dcqcn
1743000,1,2,639,2,1,tick,0,0,0,1000,30000,1000,500000,1000000,0,0,1000000000,1000000000,999999658,,,0,,,,,14000,8000,30000,30,6274530102000,2688048,armed,1743000,blocked,14000,8000,30000,30,7274529760000,2688048,armed,1744000,scheduled,dcqcn
1744000,1,2,640,2,1,tick,0,0,0,1000,30000,1000,500000,1000000,0,0,1000000000,1000000000,999999658,,,1,14000,1000,1,702,14000,8000,30000,30,7274529760000,2688048,armed,1744000,scheduled,15000,8000,30000,30,274529418000,2688048,armed,1745000,blocked,dcqcn
1745000,1,2,641,2,1,tick,0,0,0,1000,30000,1000,500000,1000000,0,0,1000000000,1000000000,999999658,,,0,,,,,15000,8000,30000,30,274529418000,2688048,armed,1745000,blocked,15000,8000,30000,30,1274529076000,2688048,armed,1746000,blocked,dcqcn
1746000,1,2,645,2,1,tick,0,0,0,1000,30000,1000,500000,1000000,0,0,1000000000,1000000000,999999658,,,0,,,,,15000,8000,30000,30,1274529076000,2688048,armed,1746000,blocked,15000,8000,30000,30,2274528734000,2688048,armed,1747000,blocked,dcqcn
1747000,1,2,646,2,1,tick,0,0,0,1000,30000,1000,500000,1000000,0,0,1000000000,1000000000,999999658,,,0,,,,,15000,8000,30000,30,2274528734000,2688048,armed,1747000,blocked,15000,8000,30000,30,3274528392000,2688048,armed,1748000,blocked,dcqcn
1748000,1,2,647,2,1,tick,0,0,0,1000,30000,1000,500000,1000000,0,0,1000000000,1000000000,999999658,,,0,,,,,15000,8000,30000,30,3274528392000,2688048,armed,1748000,blocked,15000,8000,30000,30,4274528050000,2688048,armed,1749000,blocked,dcqcn
1749000,1,2,648,2,1,tick,0,0,0,1000,30000,1000,500000,1000000,0,0,1000000000,1000000000,999999658,,,0,,,,,15000,8000,30000,30,4274528050000,2688048,armed,1749000,blocked,15000,8000,30000,30,5274527708000,2688048,armed,1750000,blocked,dcqcn
1750000,1,2,649,2,1,tick,0,0,0,1000,30000,1000,500000,1000000,0,0,1000000000,1000000000,999999658,,,0,,,,,15000,8000,30000,30,5274527708000,2688048,armed,1750000,blocked,15000,8000,30000,30,6274527366000,2688048,armed,1751000,blocked,dcqcn
1751000,1,2,650,2,1,tick,0,0,0,1000,30000,1000,500000,1000000,0,0,1000000000,1000000000,999999658,,,0,,,,,15000,8000,30000,30,6274527366000,2688048,armed,1751000,blocked,15000,8000,30000,30,7274527024000,2688048,armed,1752000,scheduled,dcqcn
1752000,1,2,651,2,1,tick,0,0,0,1000,30000,1000,500000,1000000,0,0,1000000000,1000000000,999999658,,,1,15000,1000,1,716,15000,8000,30000,30,7274527024000,2688048,armed,1752000,scheduled,16000,8000,30000,30,274526682000,2688048,armed,1753000,blocked,dcqcn
1752048,0,9,29,2,1,ack,0,0,0,1000,30000,1000,500000,1000000,0,0,1000000000,1000000000,,9000,0,0,,,,,16000,8000,30000,30,274526682000,2688048,armed,1753000,blocked,16000,9000,30000,30,274526682000,2752048,armed,1753000,blocked,dcqcn
1753000,1,2,652,2,1,tick,0,0,0,1000,30000,1000,500000,1000000,0,0,1000000000,1000000000,999999658,,,0,,,,,16000,9000,30000,30,274526682000,2752048,armed,1753000,blocked,16000,9000,30000,30,1274526340000,2752048,armed,1754000,blocked,dcqcn
1754000,1,2,657,2,1,tick,0,0,0,1000,30000,1000,500000,1000000,0,0,1000000000,1000000000,999999658,,,0,,,,,16000,9000,30000,30,1274526340000,2752048,armed,1754000,blocked,16000,9000,30000,30,2274525998000,2752048,armed,1755000,blocked,dcqcn
1755000,1,2,658,2,1,tick,0,0,0,1000,30000,1000,500000,1000000,0,0,1000000000,1000000000,999999658,,,0,,,,,16000,9000,30000,30,2274525998000,2752048,armed,1755000,blocked,16000,9000,30000,30,3274525656000,2752048,armed,1756000,blocked,dcqcn
1756000,1,2,659,2,1,tick,0,0,0,1000,30000,1000,500000,1000000,0,0,1000000000,1000000000,999999658,,,0,,,,,16000,9000,30000,30,3274525656000,2752048,armed,1756000,blocked,16000,9000,30000,30,4274525314000,2752048,armed,1757000,blocked,dcqcn
1757000,1,2,660,2,1,tick,0,0,0,1000,30000,1000,500000,1000000,0,0,1000000000,1000000000,999999658,,,0,,,,,16000,9000,30000,30,4274525314000,2752048,armed,1757000,blocked,16000,9000,30000,30,5274524972000,2752048,armed,1758000,blocked,dcqcn
1758000,1,2,661,2,1,tick,0,0,0,1000,30000,1000,500000,1000000,0,0,1000000000,1000000000,999999658,,,0,,,,,16000,9000,30000,30,5274524972000,2752048,armed,1758000,blocked,16000,9000,30000,30,6274524630000,2752048,armed,1759000,blocked,dcqcn
1759000,1,2,662,2,1,tick,0,0,0,1000,30000,1000,500000,1000000,0,0,1000000000,1000000000,999999658,,,0,,,,,16000,9000,30000,30,6274524630000,2752048,armed,1759000,blocked,16000,9000,30000,30,7274524288000,2752048,armed,1760000,scheduled,dcqcn
1760000,1,2,663,2,1,tick,0,0,0,1000,30000,1000,500000,1000000,0,0,1000000000,1000000000,999999658,,,1,16000,1000,1,730,16000,9000,30000,30,7274524288000,2752048,armed,1760000,scheduled,17000,9000,30000,30,274523946000,2752048,armed,1761000,blocked,dcqcn
1761000,1,2,664,2,1,tick,0,0,0,1000,30000,1000,500000,1000000,0,0,1000000000,1000000000,999999658,,,0,,,,,17000,9000,30000,30,274523946000,2752048,armed,1761000,blocked,17000,9000,30000,30,1274523604000,2752048,armed,1762000,blocked,dcqcn
1762000,1,2,668,2,1,tick,0,0,0,1000,30000,1000,500000,1000000,0,0,1000000000,1000000000,999999658,,,0,,,,,17000,9000,30000,30,1274523604000,2752048,armed,1762000,blocked,17000,9000,30000,30,2274523262000,2752048,armed,1763000,blocked,dcqcn
1763000,1,2,669,2,1,tick,0,0,0,1000,30000,1000,500000,1000000,0,0,1000000000,1000000000,999999658,,,0,,,,,17000,9000,30000,30,2274523262000,2752048,armed,1763000,blocked,17000,9000,30000,30,3274522920000,2752048,armed,1764000,blocked,dcqcn
1764000,1,2,670,2,1,tick,0,0,0,1000,30000,1000,500000,1000000,0,0,1000000000,1000000000,999999658,,,0,,,,,17000,9000,30000,30,3274522920000,2752048,armed,1764000,blocked,17000,9000,30000,30,4274522578000,2752048,armed,1765000,blocked,dcqcn
1765000,1,2,671,2,1,tick,0,0,0,1000,30000,1000,500000,1000000,0,0,1000000000,1000000000,999999658,,,0,,,,,17000,9000,30000,30,4274522578000,2752048,armed,1765000,blocked,17000,9000,30000,30,5274522236000,2752048,armed,1766000,blocked,dcqcn
1766000,1,2,672,2,1,tick,0,0,0,1000,30000,1000,500000,1000000,0,0,1000000000,1000000000,999999658,,,0,,,,,17000,9000,30000,30,5274522236000,2752048,armed,1766000,blocked,17000,9000,30000,30,6274521894000,2752048,armed,1767000,blocked,dcqcn
1767000,1,2,673,2,1,tick,0,0,0,1000,30000,1000,500000,1000000,0,0,1000000000,1000000000,999999658,,,0,,,,,17000,9000,30000,30,6274521894000,2752048,armed,1767000,blocked,17000,9000,30000,30,7274521552000,2752048,armed,1768000,scheduled,dcqcn
1768000,1,2,674,2,1,tick,0,0,0,1000,30000,1000,500000,1000000,0,0,1000000000,1000000000,999999658,,,1,17000,1000,1,744,17000,9000,30000,30,7274521552000,2752048,armed,1768000,scheduled,18000,9000,30000,30,274521210000,2752048,armed,1769000,blocked,dcqcn
1768048,0,9,32,2,1,ack,0,0,0,1000,30000,1000,500000,1000000,0,0,1000000000,1000000000,,10000,0,0,,,,,18000,9000,30000,30,274521210000,2752048,armed,1769000,blocked,18000,10000,30000,30,274521210000,2768048,armed,1769000,blocked,dcqcn
1769000,1,2,675,2,1,tick,0,0,0,1000,30000,1000,500000,1000000,0,0,1000000000,1000000000,999999658,,,0,,,,,18000,10000,30000,30,274521210000,2768048,armed,1769000,blocked,18000,10000,30000,30,1274520868000,2768048,armed,1770000,blocked,dcqcn
1770000,1,2,680,2,1,tick,0,0,0,1000,30000,1000,500000,1000000,0,0,1000000000,1000000000,999999658,,,0,,,,,18000,10000,30000,30,1274520868000,2768048,armed,1770000,blocked,18000,10000,30000,30,2274520526000,2768048,armed,1771000,blocked,dcqcn
1771000,1,2,681,2,1,tick,0,0,0,1000,30000,1000,500000,1000000,0,0,1000000000,1000000000,999999658,,,0,,,,,18000,10000,30000,30,2274520526000,2768048,armed,1771000,blocked,18000,10000,30000,30,3274520184000,2768048,armed,1772000,blocked,dcqcn
1772000,1,2,682,2,1,tick,0,0,0,1000,30000,1000,500000,1000000,0,0,1000000000,1000000000,999999658,,,0,,,,,18000,10000,30000,30,3274520184000,2768048,armed,1772000,blocked,18000,10000,30000,30,4274519842000,2768048,armed,1773000,blocked,dcqcn
1773000,1,2,683,2,1,tick,0,0,0,1000,30000,1000,500000,1000000,0,0,1000000000,1000000000,999999658,,,0,,,,,18000,10000,30000,30,4274519842000,2768048,armed,1773000,blocked,18000,10000,30000,30,5274519500000,2768048,armed,1774000,blocked,dcqcn
1774000,1,2,684,2,1,tick,0,0,0,1000,30000,1000,500000,1000000,0,0,1000000000,1000000000,999999658,,,0,,,,,18000,10000,30000,30,5274519500000,2768048,armed,1774000,blocked,18000,10000,30000,30,6274519158000,2768048,armed,1775000,blocked,dcqcn
1775000,1,2,685,2,1,tick,0,0,0,1000,30000,1000,500000,1000000,0,0,1000000000,1000000000,999999658,,,0,,,,,18000,10000,30000,30,6274519158000,2768048,armed,1775000,blocked,18000,10000,30000,30,7274518816000,2768048,armed,1776000,scheduled,dcqcn
1776000,1,2,686,2,1,tick,0,0,0,1000,30000,1000,500000,1000000,0,0,1000000000,1000000000,999999658,,,1,18000,1000,1,758,18000,10000,30000,30,7274518816000,2768048,armed,1776000,scheduled,19000,10000,30000,30,274518474000,2768048,armed,1777000,blocked,dcqcn
1777000,1,2,687,2,1,tick,0,0,0,1000,30000,1000,500000,1000000,0,0,1000000000,1000000000,999999658,,,0,,,,,19000,10000,30000,30,274518474000,2768048,armed,1777000,blocked,19000,10000,30000,30,1274518132000,2768048,armed,1778000,blocked,dcqcn
1778000,1,2,691,2,1,tick,0,0,0,1000,30000,1000,500000,1000000,0,0,1000000000,1000000000,999999658,,,0,,,,,19000,10000,30000,30,1274518132000,2768048,armed,1778000,blocked,19000,10000,30000,30,2274517790000,2768048,armed,1779000,blocked,dcqcn
1779000,1,2,692,2,1,tick,0,0,0,1000,30000,1000,500000,1000000,0,0,1000000000,1000000000,999999658,,,0,,,,,19000,10000,30000,30,2274517790000,2768048,armed,1779000,blocked,19000,10000,30000,30,3274517448000,2768048,armed,1780000,blocked,dcqcn
1780000,1,2,693,2,1,tick,0,0,0,1000,30000,1000,500000,1000000,0,0,1000000000,1000000000,999999658,,,0,,,,,19000,10000,30000,30,3274517448000,2768048,armed,1780000,blocked,19000,10000,30000,30,4274517106000,2768048,armed,1781000,blocked,dcqcn
1781000,1,2,694,2,1,tick,0,0,0,1000,30000,1000,500000,1000000,0,0,1000000000,1000000000,999999658,,,0,,,,,19000,10000,30000,30,4274517106000,2768048,armed,1781000,blocked,19000,10000,30000,30,5274516764000,2768048,armed,1782000,blocked,dcqcn
1782000,1,2,695,2,1,tick,0,0,0,1000,30000,1000,500000,1000000,0,0,1000000000,1000000000,999999658,,,0,,,,,19000,10000,30000,30,5274516764000,2768048,armed,1782000,blocked,19000,10000,30000,30,6274516422000,2768048,armed,1783000,blocked,dcqcn
1783000,1,2,696,2,1,tick,0,0,0,1000,30000,1000,500000,1000000,0,0,1000000000,1000000000,999999658,,,0,,,,,19000,10000,30000,30,6274516422000,2768048,armed,1783000,blocked,19000,10000,30000,30,7274516080000,2768048,armed,1784000,scheduled,dcqcn
1784000,1,2,697,2,1,tick,0,0,0,1000,30000,1000,500000,1000000,0,0,1000000000,1000000000,999999658,,,1,19000,1000,1,772,19000,10000,30000,30,7274516080000,2768048,armed,1784000,scheduled,20000,10000,30000,30,274515738000,2768048,armed,1785000,blocked,dcqcn
1784048,0,9,35,2,1,ack,0,0,0,1000,30000,1000,500000,1000000,0,0,1000000000,1000000000,,11000,0,0,,,,,20000,10000,30000,30,274515738000,2768048,armed,1785000,blocked,20000,11000,30000,30,274515738000,2784048,armed,1785000,blocked,dcqcn
1785000,1,2,698,2,1,tick,0,0,0,1000,30000,1000,500000,1000000,0,0,1000000000,1000000000,999999658,,,0,,,,,20000,11000,30000,30,274515738000,2784048,armed,1785000,blocked,20000,11000,30000,30,1274515396000,2784048,armed,1786000,blocked,dcqcn
1786000,1,2,703,2,1,tick,0,0,0,1000,30000,1000,500000,1000000,0,0,1000000000,1000000000,999999658,,,0,,,,,20000,11000,30000,30,1274515396000,2784048,armed,1786000,blocked,20000,11000,30000,30,2274515054000,2784048,armed,1787000,blocked,dcqcn
1787000,1,2,704,2,1,tick,0,0,0,1000,30000,1000,500000,1000000,0,0,1000000000,1000000000,999999658,,,0,,,,,20000,11000,30000,30,2274515054000,2784048,armed,1787000,blocked,20000,11000,30000,30,3274514712000,2784048,armed,1788000,blocked,dcqcn
1788000,1,2,705,2,1,tick,0,0,0,1000,30000,1000,500000,1000000,0,0,1000000000,1000000000,999999658,,,0,,,,,20000,11000,30000,30,3274514712000,2784048,armed,1788000,blocked,20000,11000,30000,30,4274514370000,2784048,armed,1789000,blocked,dcqcn
1789000,1,2,706,2,1,tick,0,0,0,1000,30000,1000,500000,1000000,0,0,1000000000,1000000000,999999829,,,0,,,,,20000,11000,30000,30,4274514370000,2784048,armed,1789000,blocked,20000,11000,30000,30,5274514199000,2784048,armed,1790000,blocked,dcqcn
1790000,1,2,707,2,1,tick,0,0,0,1000,30000,1000,500000,1000000,0,0,1000000000,1000000000,999999829,,,0,,,,,20000,11000,30000,30,5274514199000,2784048,armed,1790000,blocked,20000,11000,30000,30,6274514028000,2784048,armed,1791000,blocked,dcqcn
1791000,1,2,708,2,1,tick,0,0,0,1000,30000,1000,500000,1000000,0,0,1000000000,1000000000,999999829,,,0,,,,,20000,11000,30000,30,6274514028000,2784048,armed,1791000,blocked,20000,11000,30000,30,7274513857000,2784048,armed,1792000,scheduled,dcqcn
1792000,1,2,709,2,1,tick,0,0,0,1000,30000,1000,500000,1000000,0,0,1000000000,1000000000,999999829,,,1,20000,1000,1,786,20000,11000,30000,30,7274513857000,2784048,armed,1792000,scheduled,21000,11000,30000,30,274513686000,2784048,armed,1793000,blocked,dcqcn
1793000,1,2,710,2,1,tick,0,0,0,1000,30000,1000,500000,1000000,0,0,1000000000,1000000000,999999829,,,0,,,,,21000,11000,30000,30,274513686000,2784048,armed,1793000,blocked,21000,11000,30000,30,1274513515000,2784048,armed,1794000,blocked,dcqcn
1794000,1,2,714,2,1,tick,0,0,0,1000,30000,1000,500000,1000000,0,0,1000000000,1000000000,999999829,,,0,,,,,21000,11000,30000,30,1274513515000,2784048,armed,1794000,blocked,21000,11000,30000,30,2274513344000,2784048,armed,1795000,blocked,dcqcn
1795000,1,2,715,2,1,tick,0,0,0,1000,30000,1000,500000,1000000,0,0,1000000000,1000000000,999999829,,,0,,,,,21000,11000,30000,30,2274513344000,2784048,armed,1795000,blocked,21000,11000,30000,30,3274513173000,2784048,armed,1796000,blocked,dcqcn
1796000,1,2,716,2,1,tick,0,0,0,1000,30000,1000,500000,1000000,0,0,1000000000,1000000000,999999829,,,0,,,,,21000,11000,30000,30,3274513173000,2784048,armed,1796000,blocked,21000,11000,30000,30,4274513002000,2784048,armed,1797000,blocked,dcqcn
1797000,1,2,717,2,1,tick,0,0,0,1000,30000,1000,500000,1000000,0,0,1000000000,1000000000,999999829,,,0,,,,,21000,11000,30000,30,4274513002000,2784048,armed,1797000,blocked,21000,11000,30000,30,5274512831000,2784048,armed,1798000,blocked,dcqcn
1798000,1,2,718,2,1,tick,0,0,0,1000,30000,1000,500000,1000000,0,0,1000000000,1000000000,999999829,,,0,,,,,21000,11000,30000,30,5274512831000,2784048,armed,1798000,blocked,21000,11000,30000,30,6274512660000,2784048,armed,1799000,blocked,dcqcn
1799000,1,2,719,2,1,tick,0,0,0,1000,30000,1000,500000,1000000,0,0,1000000000,1000000000,999999829,,,0,,,,,21000,11000,30000,30,6274512660000,2784048,armed,1799000,blocked,21000,11000,30000,30,7274512489000,2784048,armed,1800000,scheduled,dcqcn
1800000,1,2,720,2,1,tick,0,0,0,1000,30000,1000,500000,1000000,0,0,1000000000,1000000000,999999829,,,1,21000,1000,1,800,21000,11000,30000,30,7274512489000,2784048,armed,1800000,scheduled,22000,11000,30000,30,274512318000,2784048,armed,1801000,blocked,dcqcn
1800048,0,9,38,2,1,ack,0,0,0,1000,30000,1000,500000,1000000,0,0,1000000000,1000000000,,12000,0,0,,,,,22000,11000,30000,30,274512318000,2784048,armed,1801000,blocked,22000,12000,30000,30,274512318000,2800048,armed,1801000,blocked,dcqcn
1801000,1,2,721,2,1,tick,0,0,0,1000,30000,1000,500000,1000000,0,0,1000000000,1000000000,999999829,,,0,,,,,22000,12000,30000,30,274512318000,2800048,armed,1801000,blocked,22000,12000,30000,30,1274512147000,2800048,armed,1802000,blocked,dcqcn
1802000,1,2,726,2,1,tick,0,0,0,1000,30000,1000,500000,1000000,0,0,1000000000,1000000000,999999829,,,0,,,,,22000,12000,30000,30,1274512147000,2800048,armed,1802000,blocked,22000,12000,30000,30,2274511976000,2800048,armed,1803000,blocked,dcqcn
1803000,1,2,727,2,1,tick,0,0,0,1000,30000,1000,500000,1000000,0,0,1000000000,1000000000,999999829,,,0,,,,,22000,12000,30000,30,2274511976000,2800048,armed,1803000,blocked,22000,12000,30000,30,3274511805000,2800048,armed,1804000,blocked,dcqcn
1804000,1,2,728,2,1,tick,0,0,0,1000,30000,1000,500000,1000000,0,0,1000000000,1000000000,999999829,,,0,,,,,22000,12000,30000,30,3274511805000,2800048,armed,1804000,blocked,22000,12000,30000,30,4274511634000,2800048,armed,1805000,blocked,dcqcn
1805000,1,2,729,2,1,tick,0,0,0,1000,30000,1000,500000,1000000,0,0,1000000000,1000000000,999999829,,,0,,,,,22000,12000,30000,30,4274511634000,2800048,armed,1805000,blocked,22000,12000,30000,30,5274511463000,2800048,armed,1806000,blocked,dcqcn
1806000,1,2,730,2,1,tick,0,0,0,1000,30000,1000,500000,1000000,0,0,1000000000,1000000000,999999829,,,0,,,,,22000,12000,30000,30,5274511463000,2800048,armed,1806000,blocked,22000,12000,30000,30,6274511292000,2800048,armed,1807000,blocked,dcqcn
1807000,1,2,731,2,1,tick,0,0,0,1000,30000,1000,500000,1000000,0,0,1000000000,1000000000,999999829,,,0,,,,,22000,12000,30000,30,6274511292000,2800048,armed,1807000,blocked,22000,12000,30000,30,7274511121000,2800048,armed,1808000,scheduled,dcqcn
1808000,1,2,732,2,1,tick,0,0,0,1000,30000,1000,500000,1000000,0,0,1000000000,1000000000,999999829,,,1,22000,1000,1,814,22000,12000,30000,30,7274511121000,2800048,armed,1808000,scheduled,23000,12000,30000,30,274510950000,2800048,armed,1809000,blocked,dcqcn
1809000,1,2,733,2,1,tick,0,0,0,1000,30000,1000,500000,1000000,0,0,1000000000,1000000000,999999829,,,0,,,,,23000,12000,30000,30,274510950000,2800048,armed,1809000,blocked,23000,12000,30000,30,1274510779000,2800048,armed,1810000,blocked,dcqcn
1810000,1,2,737,2,1,tick,0,0,0,1000,30000,1000,500000,1000000,0,0,1000000000,1000000000,999999829,,,0,,,,,23000,12000,30000,30,1274510779000,2800048,armed,1810000,blocked,23000,12000,30000,30,2274510608000,2800048,armed,1811000,blocked,dcqcn
1811000,1,2,738,2,1,tick,0,0,0,1000,30000,1000,500000,1000000,0,0,1000000000,1000000000,999999829,,,0,,,,,23000,12000,30000,30,2274510608000,2800048,armed,1811000,blocked,23000,12000,30000,30,3274510437000,2800048,armed,1812000,blocked,dcqcn
1812000,1,2,739,2,1,tick,0,0,0,1000,30000,1000,500000,1000000,0,0,1000000000,1000000000,999999829,,,0,,,,,23000,12000,30000,30,3274510437000,2800048,armed,1812000,blocked,23000,12000,30000,30,4274510266000,2800048,armed,1813000,blocked,dcqcn
1813000,1,2,740,2,1,tick,0,0,0,1000,30000,1000,500000,1000000,0,0,1000000000,1000000000,999999829,,,0,,,,,23000,12000,30000,30,4274510266000,2800048,armed,1813000,blocked,23000,12000,30000,30,5274510095000,2800048,armed,1814000,blocked,dcqcn
1814000,1,2,741,2,1,tick,0,0,0,1000,30000,1000,500000,1000000,0,0,1000000000,1000000000,999999829,,,0,,,,,23000,12000,30000,30,5274510095000,2800048,armed,1814000,blocked,23000,12000,30000,30,6274509924000,2800048,armed,1815000,blocked,dcqcn
1815000,1,2,742,2,1,tick,0,0,0,1000,30000,1000,500000,1000000,0,0,1000000000,1000000000,999999829,,,0,,,,,23000,12000,30000,30,6274509924000,2800048,armed,1815000,blocked,23000,12000,30000,30,7274509753000,2800048,armed,1816000,scheduled,dcqcn
1816000,1,2,743,2,1,tick,0,0,0,1000,30000,1000,500000,1000000,0,0,1000000000,1000000000,999999829,,,1,23000,1000,1,828,23000,12000,30000,30,7274509753000,2800048,armed,1816000,scheduled,24000,12000,30000,30,274509582000,2800048,armed,1817000,blocked,dcqcn
1816048,0,9,41,2,1,ack,0,0,0,1000,30000,1000,500000,1000000,0,0,1000000000,1000000000,,13000,0,0,,,,,24000,12000,30000,30,274509582000,2800048,armed,1817000,blocked,24000,13000,30000,30,274509582000,2816048,armed,1817000,blocked,dcqcn
1817000,1,2,744,2,1,tick,0,0,0,1000,30000,1000,500000,1000000,0,0,1000000000,1000000000,999999829,,,0,,,,,24000,13000,30000,30,274509582000,2816048,armed,1817000,blocked,24000,13000,30000,30,1274509411000,2816048,armed,1818000,blocked,dcqcn
1818000,1,2,749,2,1,tick,0,0,0,1000,30000,1000,500000,1000000,0,0,1000000000,1000000000,999999829,,,0,,,,,24000,13000,30000,30,1274509411000,2816048,armed,1818000,blocked,24000,13000,30000,30,2274509240000,2816048,armed,1819000,blocked,dcqcn
1819000,1,2,750,2,1,tick,0,0,0,1000,30000,1000,500000,1000000,0,0,1000000000,1000000000,999999829,,,0,,,,,24000,13000,30000,30,2274509240000,2816048,armed,1819000,blocked,24000,13000,30000,30,3274509069000,2816048,armed,1820000,blocked,dcqcn
1820000,1,2,751,2,1,tick,0,0,0,1000,30000,1000,500000,1000000,0,0,1000000000,1000000000,999999829,,,0,,,,,24000,13000,30000,30,3274509069000,2816048,armed,1820000,blocked,24000,13000,30000,30,4274508898000,2816048,armed,1821000,blocked,dcqcn
1821000,1,2,752,2,1,tick,0,0,0,1000,30000,1000,500000,1000000,0,0,1000000000,1000000000,999999829,,,0,,,,,24000,13000,30000,30,4274508898000,2816048,armed,1821000,blocked,24000,13000,30000,30,5274508727000,2816048,armed,1822000,blocked,dcqcn
1822000,1,2,753,2,1,tick,0,0,0,1000,30000,1000,500000,1000000,0,0,1000000000,1000000000,999999829,,,0,,,,,24000,13000,30000,30,5274508727000,2816048,armed,1822000,blocked,24000,13000,30000,30,6274508556000,2816048,armed,1823000,blocked,dcqcn
1823000,1,2,754,2,1,tick,0,0,0,1000,30000,1000,500000,1000000,0,0,1000000000,1000000000,999999829,,,0,,,,,24000,13000,30000,30,6274508556000,2816048,armed,1823000,blocked,24000,13000,30000,30,7274508385000,2816048,armed,1824000,scheduled,dcqcn
1824000,1,2,755,2,1,tick,0,0,0,1000,30000,1000,500000,1000000,0,0,1000000000,1000000000,999999829,,,1,24000,1000,1,842,24000,13000,30000,30,7274508385000,2816048,armed,1824000,scheduled,25000,13000,30000,30,274508214000,2816048,armed,1825000,blocked,dcqcn
1825000,1,2,756,2,1,tick,0,0,0,1000,30000,1000,500000,1000000,0,0,1000000000,1000000000,999999829,,,0,,,,,25000,13000,30000,30,274508214000,2816048,armed,1825000,blocked,25000,13000,30000,30,1274508043000,2816048,armed,1826000,blocked,dcqcn
1826000,1,2,760,2,1,tick,0,0,0,1000,30000,1000,500000,1000000,0,0,1000000000,1000000000,999999829,,,0,,,,,25000,13000,30000,30,1274508043000,2816048,armed,1826000,blocked,25000,13000,30000,30,2274507872000,2816048,armed,1827000,blocked,dcqcn
1827000,1,2,761,2,1,tick,0,0,0,1000,30000,1000,500000,1000000,0,0,1000000000,1000000000,999999829,,,0,,,,,25000,13000,30000,30,2274507872000,2816048,armed,1827000,blocked,25000,13000,30000,30,3274507701000,2816048,armed,1828000,blocked,dcqcn
1828000,1,2,762,2,1,tick,0,0,0,1000,30000,1000,500000,1000000,0,0,1000000000,1000000000,999999829,,,0,,,,,25000,13000,30000,30,3274507701000,2816048,armed,1828000,blocked,25000,13000,30000,30,4274507530000,2816048,armed,1829000,blocked,dcqcn
1829000,1,2,763,2,1,tick,0,0,0,1000,30000,1000,500000,1000000,0,0,1000000000,1000000000,999999829,,,0,,,,,25000,13000,30000,30,4274507530000,2816048,armed,1829000,blocked,25000,13000,30000,30,5274507359000,2816048,armed,1830000,blocked,dcqcn
1830000,1,2,764,2,1,tick,0,0,0,1000,30000,1000,500000,1000000,0,0,1000000000,1000000000,999999829,,,0,,,,,25000,13000,30000,30,5274507359000,2816048,armed,1830000,blocked,25000,13000,30000,30,6274507188000,2816048,armed,1831000,blocked,dcqcn
1831000,1,2,765,2,1,tick,0,0,0,1000,30000,1000,500000,1000000,0,0,1000000000,1000000000,999999829,,,0,,,,,25000,13000,30000,30,6274507188000,2816048,armed,1831000,blocked,25000,13000,30000,30,7274507017000,2816048,armed,1832000,scheduled,dcqcn
1832000,1,2,766,2,1,tick,0,0,0,1000,30000,1000,500000,1000000,0,0,1000000000,1000000000,999999829,,,1,25000,1000,1,856,25000,13000,30000,30,7274507017000,2816048,armed,1832000,scheduled,26000,13000,30000,30,274506846000,2816048,armed,1833000,blocked,dcqcn
1832048,0,9,44,2,1,ack,0,0,0,1000,30000,1000,500000,1000000,0,0,1000000000,1000000000,,14000,1,0,,,,,26000,13000,30000,30,274506846000,2816048,armed,1833000,blocked,26000,14000,30000,30,274506846000,2832048,armed,1833000,blocked,dcqcn
1833000,1,2,767,2,1,tick,0,0,0,1000,30000,1000,500000,1000000,0,0,1000000000,1000000000,993012376,,,0,,,,,26000,14000,30000,30,274506846000,2832048,armed,1833000,blocked,26000,14000,30000,30,1267519222000,2832048,armed,1834000,blocked,dcqcn
1834000,1,2,772,2,1,tick,0,0,0,1000,30000,1000,500000,1000000,0,0,1000000000,1000000000,993012376,,,0,,,,,26000,14000,30000,30,1267519222000,2832048,armed,1834000,blocked,26000,14000,30000,30,2260531598000,2832048,armed,1835000,blocked,dcqcn
1835000,1,2,773,2,1,tick,0,0,0,1000,30000,1000,500000,1000000,0,0,1000000000,1000000000,993012376,,,0,,,,,26000,14000,30000,30,2260531598000,2832048,armed,1835000,blocked,26000,14000,30000,30,3253543974000,2832048,armed,1836000,blocked,dcqcn
1836000,1,2,774,2,1,tick,0,0,0,1000,30000,1000,500000,1000000,0,0,1000000000,1000000000,993012376,,,0,,,,,26000,14000,30000,30,3253543974000,2832048,armed,1836000,blocked,26000,14000,30000,30,4246556350000,2832048,armed,1837000,blocked,dcqcn
1837000,1,2,775,2,1,tick,0,0,0,1000,30000,1000,500000,1000000,0,0,1000000000,1000000000,993012376,,,0,,,,,26000,14000,30000,30,4246556350000,2832048,armed,1837000,blocked,26000,14000,30000,30,5239568726000,2832048,armed,1838000,blocked,dcqcn
1838000,1,2,776,2,1,tick,0,0,0,1000,30000,1000,500000,1000000,0,0,1000000000,1000000000,993012376,,,0,,,,,26000,14000,30000,30,5239568726000,2832048,armed,1838000,blocked,26000,14000,30000,30,6232581102000,2832048,armed,1839000,blocked,dcqcn
1839000,1,2,777,2,1,tick,0,0,0,1000,30000,1000,500000,1000000,0,0,1000000000,1000000000,993012376,,,0,,,,,26000,14000,30000,30,6232581102000,2832048,armed,1839000,blocked,26000,14000,30000,30,7225593478000,2832048,armed,1840000,scheduled,dcqcn
1840000,1,2,778,2,1,tick,0,0,0,1000,30000,1000,500000,1000000,0,0,1000000000,1000000000,993012376,,,1,26000,1000,1,870,26000,14000,30000,30,7225593478000,2832048,armed,1840000,scheduled,27000,14000,30000,30,218605854000,2832048,armed,1841000,blocked,dcqcn
1841000,1,2,779,2,1,tick,0,0,0,1000,30000,1000,500000,1000000,0,0,1000000000,1000000000,993012376,,,0,,,,,27000,14000,30000,30,218605854000,2832048,armed,1841000,blocked,27000,14000,30000,30,1211618230000,2832048,armed,1842000,blocked,dcqcn
1842000,1,2,783,2,1,tick,0,0,0,1000,30000,1000,500000,1000000,0,0,1000000000,1000000000,993012376,,,0,,,,,27000,14000,30000,30,1211618230000,2832048,armed,1842000,blocked,27000,14000,30000,30,2204630606000,2832048,armed,1843000,blocked,dcqcn
1843000,1,2,784,2,1,tick,0,0,0,1000,30000,1000,500000,1000000,0,0,1000000000,1000000000,993012376,,,0,,,,,27000,14000,30000,30,2204630606000,2832048,armed,1843000,blocked,27000,14000,30000,30,3197642982000,2832048,armed,1844000,blocked,dcqcn
1844000,1,2,785,2,1,tick,0,0,0,1000,30000,1000,500000,1000000,0,0,1000000000,1000000000,993012376,,,0,,,,,27000,14000,30000,30,3197642982000,2832048,armed,1844000,blocked,27000,14000,30000,30,4190655358000,2832048,armed,1845000,blocked,dcqcn
1845000,1,2,786,2,1,tick,0,0,0,1000,30000,1000,500000,1000000,0,0,1000000000,1000000000,993012376,,,0,,,,,27000,14000,30000,30,4190655358000,2832048,armed,1845000,blocked,27000,14000,30000,30,5183667734000,2832048,armed,1846000,blocked,dcqcn
1846000,1,2,787,2,1,tick,0,0,0,1000,30000,1000,500000,1000000,0,0,1000000000,1000000000,993012376,,,0,,,,,27000,14000,30000,30,5183667734000,2832048,armed,1846000,blocked,27000,14000,30000,30,6176680110000,2832048,armed,1847000,blocked,dcqcn
1847000,1,2,788,2,1,tick,0,0,0,1000,30000,1000,500000,1000000,0,0,1000000000,1000000000,993012376,,,0,,,,,27000,14000,30000,30,6176680110000,2832048,armed,1847000,blocked,27000,14000,30000,30,7169692486000,2832048,armed,1848000,scheduled,dcqcn
1848000,1,2,789,2,1,tick,0,0,0,1000,30000,1000,500000,1000000,0,0,1000000000,1000000000,993012376,,,1,27000,1000,1,884,27000,14000,30000,30,7169692486000,2832048,armed,1848000,scheduled,28000,14000,30000,30,162704862000,2832048,armed,1849000,blocked,dcqcn
1849000,1,2,790,2,1,tick,0,0,0,1000,30000,1000,500000,1000000,0,0,1000000000,1000000000,993012376,,,0,,,,,28000,14000,30000,30,162704862000,2832048,armed,1849000,blocked,28000,14000,30000,30,1155717238000,2832048,armed,1850000,blocked,dcqcn
1850000,1,2,794,2,1,tick,0,0,0,1000,30000,1000,500000,1000000,0,0,1000000000,1000000000,993012376,,,0,,,,,28000,14000,30000,30,1155717238000,2832048,armed,1850000,blocked,28000,14000,30000,30,2148729614000,2832048,armed,1851000,blocked,dcqcn
1851000,1,2,795,2,1,tick,0,0,0,1000,30000,1000,500000,1000000,0,0,1000000000,1000000000,993012376,,,0,,,,,28000,14000,30000,30,2148729614000,2832048,armed,1851000,blocked,28000,14000,30000,30,3141741990000,2832048,armed,1852000,blocked,dcqcn
1852000,1,2,796,2,1,tick,0,0,0,1000,30000,1000,500000,1000000,0,0,1000000000,1000000000,993012376,,,0,,,,,28000,14000,30000,30,3141741990000,2832048,armed,1852000,blocked,28000,14000,30000,30,4134754366000,2832048,armed,1853000,blocked,dcqcn
1853000,1,2,797,2,1,tick,0,0,0,1000,30000,1000,500000,1000000,0,0,1000000000,1000000000,993012376,,,0,,,,,28000,14000,30000,30,4134754366000,2832048,armed,1853000,blocked,28000,14000,30000,30,5127766742000,2832048,armed,1854000,blocked,dcqcn
1854000,1,2,798,2,1,tick,0,0,0,1000,30000,1000,500000,1000000,0,0,1000000000,1000000000,993012376,,,0,,,,,28000,14000,30000,30,5127766742000,2832048,armed,1854000,blocked,28000,14000,30000,30,6120779118000,2832048,armed,1855000,blocked,dcqcn
1855000,1,2,799,2,1,tick,0,0,0,1000,30000,1000,500000,1000000,0,0,1000000000,1000000000,993012376,,,0,,,,,28000,14000,30000,30,6120779118000,2832048,armed,1855000,blocked,28000,14000,30000,30,7113791494000,2832048,armed,1856000,scheduled,dcqcn
1856000,1,2,800,2,1,tick,0,0,0,1000,30000,1000,500000,1000000,0,0,1000000000,1000000000,993012376,,,1,28000,1000,1,898,28000,14000,30000,30,7113791494000,2832048,armed,1856000,scheduled,29000,14000,30000,30,106803870000,2832048,armed,1857000,blocked,dcqcn
1857000,1,2,801,2,1,tick,0,0,0,1000,30000,1000,500000,1000000,0,0,1000000000,1000000000,993012376,,,0,,,,,29000,14000,30000,30,106803870000,2832048,armed,1857000,blocked,29000,14000,30000,30,1099816246000,2832048,armed,1858000,blocked,dcqcn
1858000,1,2,805,2,1,tick,0,0,0,1000,30000,1000,500000,1000000,0,0,1000000000,1000000000,993012376,,,0,,,,,29000,14000,30000,30,1099816246000,2832048,armed,1858000,blocked,29000,14000,30000,30,2092828622000,2832048,armed,1859000,blocked,dcqcn
1859000,1,2,806,2,1,tick,0,0,0,1000,30000,1000,500000,1000000,0,0,1000000000,1000000000,993012376,,,0,,,,,29000,14000,30000,30,2092828622000,2832048,armed,1859000,blocked,29000,14000,30000,30,3085840998000,2832048,armed,1860000,blocked,dcqcn
1860000,1,2,807,2,1,tick,0,0,0,1000,30000,1000,500000,1000000,0,0,1000000000,1000000000,993012376,,,0,,,,,29000,14000,30000,30,3085840998000,2832048,armed,1860000,blocked,29000,14000,30000,30,4078853374000,2832048,armed,1861000,blocked,dcqcn
1861000,1,2,808,2,1,tick,0,0,0,1000,30000,1000,500000,1000000,0,0,1000000000,1000000000,993012376,,,0,,,,,29000,14000,30000,30,4078853374000,2832048,armed,1861000,blocked,29000,14000,30000,30,5071865750000,2832048,armed,1862000,blocked,dcqcn
1862000,1,2,809,2,1,tick,0,0,0,1000,30000,1000,500000,1000000,0,0,1000000000,1000000000,993012376,,,0,,,,,29000,14000,30000,30,5071865750000,2832048,armed,1862000,blocked,29000,14000,30000,30,6064878126000,2832048,armed,1863000,blocked,dcqcn
1863000,1,2,810,2,1,tick,0,0,0,1000,30000,1000,500000,1000000,0,0,1000000000,1000000000,993012376,,,0,,,,,29000,14000,30000,30,6064878126000,2832048,armed,1863000,blocked,29000,14000,30000,30,7057890502000,2832048,armed,1864000,scheduled,dcqcn
1864000,1,2,811,2,1,tick,0,0,0,1000,30000,1000,500000,1000000,0,0,1000000000,1000000000,993012376,,,1,29000,1000,1,912,29000,14000,30000,30,7057890502000,2832048,armed,1864000,scheduled,30000,14000,30000,30,50902878000,2832048,parked,,blocked,dcqcn
1864048,0,9,47,2,1,nack,0,0,0,1000,30000,1000,500000,1000000,0,0,1000000000,1000000000,,14000,1,0,,,,,30000,14000,30000,30,50902878000,2832048,parked,,blocked,14000,14000,30000,30,50902878000,2864048,armed,1865000,blocked,dcqcn
1865000,1,2,815,2,1,tick,0,0,0,1000,30000,1000,500000,1000000,0,0,1000000000,1000000000,984951079,,,0,,,,,14000,14000,30000,30,50902878000,2864048,armed,1865000,blocked,14000,14000,30000,30,1035853957000,2864048,armed,1866000,blocked,dcqcn
1866000,1,2,817,2,1,tick,0,0,0,1000,30000,1000,500000,1000000,0,0,1000000000,1000000000,984951079,,,0,,,,,14000,14000,30000,30,1035853957000,2864048,armed,1866000,blocked,14000,14000,30000,30,2020805036000,2864048,armed,1867000,blocked,dcqcn
1867000,1,2,818,2,1,tick,0,0,0,1000,30000,1000,500000,1000000,0,0,1000000000,1000000000,984951079,,,0,,,,,14000,14000,30000,30,2020805036000,2864048,armed,1867000,blocked,14000,14000,30000,30,3005756115000,2864048,armed,1868000,blocked,dcqcn
1868000,1,2,819,2,1,tick,0,0,0,1000,30000,1000,500000,1000000,0,0,1000000000,1000000000,984951079,,,0,,,,,14000,14000,30000,30,3005756115000,2864048,armed,1868000,blocked,14000,14000,30000,30,3990707194000,2864048,armed,1869000,blocked,dcqcn
1869000,1,2,820,2,1,tick,0,0,0,1000,30000,1000,500000,1000000,0,0,1000000000,1000000000,984951079,,,0,,,,,14000,14000,30000,30,3990707194000,2864048,armed,1869000,blocked,14000,14000,30000,30,4975658273000,2864048,armed,1870000,blocked,dcqcn
1870000,1,2,821,2,1,tick,0,0,0,1000,30000,1000,500000,1000000,0,0,1000000000,1000000000,984951079,,,0,,,,,14000,14000,30000,30,4975658273000,2864048,armed,1870000,blocked,14000,14000,30000,30,5960609352000,2864048,armed,1871000,blocked,dcqcn
1871000,1,2,822,2,1,tick,0,0,0,1000,30000,1000,500000,1000000,0,0,1000000000,1000000000,984951079,,,0,,,,,14000,14000,30000,30,5960609352000,2864048,armed,1871000,blocked,14000,14000,30000,30,6945560431000,2864048,armed,1872000,blocked,dcqcn
1872000,1,2,823,2,1,tick,0,0,0,1000,30000,1000,500000,1000000,0,0,1000000000,1000000000,984951079,,,0,,,,,14000,14000,30000,30,6945560431000,2864048,armed,1872000,blocked,14000,14000,30000,30,7930511510000,2864048,armed,1873000,scheduled,dcqcn
1873000,1,2,824,2,1,tick,0,0,0,1000,30000,1000,500000,1000000,0,0,1000000000,1000000000,984951079,,,1,14000,1000,1,926,14000,14000,30000,30,7930511510000,2864048,armed,1873000,scheduled,15000,14000,30000,30,915462589000,2864048,armed,1874000,blocked,dcqcn
1874000,1,2,825,2,1,tick,0,0,0,1000,30000,1000,500000,1000000,0,0,1000000000,1000000000,984951079,,,0,,,,,15000,14000,30000,30,915462589000,2864048,armed,1874000,blocked,15000,14000,30000,30,1900413668000,2864048,armed,1875000,blocked,dcqcn
1875000,1,2,829,2,1,tick,0,0,0,1000,30000,1000,500000,1000000,0,0,1000000000,1000000000,984951079,,,0,,,,,15000,14000,30000,30,1900413668000,2864048,armed,1875000,blocked,15000,14000,30000,30,2885364747000,2864048,armed,1876000,blocked,dcqcn
1876000,1,2,830,2,1,tick,0,0,0,1000,30000,1000,500000,1000000,0,0,1000000000,1000000000,984951079,,,0,,,,,15000,14000,30000,30,2885364747000,2864048,armed,1876000,blocked,15000,14000,30000,30,3870315826000,2864048,armed,1877000,blocked,dcqcn
1877000,1,2,831,2,1,tick,0,0,0,1000,30000,1000,500000,1000000,0,0,1000000000,1000000000,984951079,,,0,,,,,15000,14000,30000,30,3870315826000,2864048,armed,1877000,blocked,15000,14000,30000,30,4855266905000,2864048,armed,1878000,blocked,dcqcn
1878000,1,2,832,2,1,tick,0,0,0,1000,30000,1000,500000,1000000,0,0,1000000000,1000000000,984951079,,,0,,,,,15000,14000,30000,30,4855266905000,2864048,armed,1878000,blocked,15000,14000,30000,30,5840217984000,2864048,armed,1879000,blocked,dcqcn
1879000,1,2,833,2,1,tick,0,0,0,1000,30000,1000,500000,1000000,0,0,1000000000,1000000000,984951079,,,0,,,,,15000,14000,30000,30,5840217984000,2864048,armed,1879000,blocked,15000,14000,30000,30,6825169063000,2864048,armed,1880000,blocked,dcqcn
1880000,1,2,834,2,1,tick,0,0,0,1000,30000,1000,500000,1000000,0,0,1000000000,1000000000,984951079,,,0,,,,,15000,14000,30000,30,6825169063000,2864048,armed,1880000,blocked,15000,14000,30000,30,7810120142000,2864048,armed,1881000,scheduled,dcqcn
1881000,1,2,835,2,1,tick,0,0,0,1000,30000,1000,500000,1000000,0,0,1000000000,1000000000,984951079,,,1,15000,1000,1,940,15000,14000,30000,30,7810120142000,2864048,armed,1881000,scheduled,16000,14000,30000,30,795071221000,2864048,armed,1882000,blocked,dcqcn
1882000,1,2,836,2,1,tick,0,0,0,1000,30000,1000,500000,1000000,0,0,1000000000,1000000000,984951079,,,0,,,,,16000,14000,30000,30,795071221000,2864048,armed,1882000,blocked,16000,14000,30000,30,1780022300000,2864048,armed,1883000,blocked,dcqcn
1883000,1,2,840,2,1,tick,0,0,0,1000,30000,1000,500000,1000000,0,0,1000000000,1000000000,984951079,,,0,,,,,16000,14000,30000,30,1780022300000,2864048,armed,1883000,blocked,16000,14000,30000,30,2764973379000,2864048,armed,1884000,blocked,dcqcn
1884000,1,2,841,2,1,tick,0,0,0,1000,30000,1000,500000,1000000,0,0,1000000000,1000000000,984951079,,,0,,,,,16000,14000,30000,30,2764973379000,2864048,armed,1884000,blocked,16000,14000,30000,30,3749924458000,2864048,armed,1885000,blocked,dcqcn
1885000,1,2,842,2,1,tick,0,0,0,1000,30000,1000,500000,1000000,0,0,1000000000,1000000000,984951079,,,0,,,,,16000,14000,30000,30,3749924458000,2864048,armed,1885000,blocked,16000,14000,30000,30,4734875537000,2864048,armed,1886000,blocked,dcqcn
1886000,1,2,843,2,1,tick,0,0,0,1000,30000,1000,500000,1000000,0,0,1000000000,1000000000,984951079,,,0,,,,,16000,14000,30000,30,4734875537000,2864048,armed,1886000,blocked,16000,14000,30000,30,5719826616000,2864048,armed,1887000,blocked,dcqcn
1887000,1,2,844,2,1,tick,0,0,0,1000,30000,1000,500000,1000000,0,0,1000000000,1000000000,984951079,,,0,,,,,16000,14000,30000,30,5719826616000,2864048,armed,1887000,blocked,16000,14000,30000,30,6704777695000,2864048,armed,1888000,blocked,dcqcn
1888000,1,2,845,2,1,tick,0,0,0,1000,30000,1000,500000,1000000,0,0,1000000000,1000000000,984951079,,,0,,,,,16000,14000,30000,30,6704777695000,2864048,armed,1888000,blocked,16000,14000,30000,30,7689728774000,2864048,armed,1889000,scheduled,dcqcn
1889000,1,2,846,2,1,tick,0,0,0,1000,30000,1000,500000,1000000,0,0,1000000000,1000000000,984951079,,,1,16000,1000,1,954,16000,14000,30000,30,7689728774000,2864048,armed,1889000,scheduled,17000,14000,30000,30,674679853000,2864048,armed,1890000,blocked,dcqcn
1890000,1,2,847,2,1,tick,0,0,0,1000,30000,1000,500000,1000000,0,0,1000000000,1000000000,984951079,,,0,,,,,17000,14000,30000,30,674679853000,2864048,armed,1890000,blocked,17000,14000,30000,30,1659630932000,2864048,armed,1891000,blocked,dcqcn
1891000,1,2,851,2,1,tick,0,0,0,1000,30000,1000,500000,1000000,0,0,1000000000,1000000000,984951079,,,0,,,,,17000,14000,30000,30,1659630932000,2864048,armed,1891000,blocked,17000,14000,30000,30,2644582011000,2864048,armed,1892000,blocked,dcqcn
1892000,1,2,852,2,1,tick,0,0,0,1000,30000,1000,500000,1000000,0,0,1000000000,1000000000,984951079,,,0,,,,,17000,14000,30000,30,2644582011000,2864048,armed,1892000,blocked,17000,14000,30000,30,3629533090000,2864048,armed,1893000,blocked,dcqcn
1893000,1,2,853,2,1,tick,0,0,0,1000,30000,1000,500000,1000000,0,0,1000000000,1000000000,984951079,,,0,,,,,17000,14000,30000,30,3629533090000,2864048,armed,1893000,blocked,17000,14000,30000,30,4614484169000,2864048,armed,1894000,blocked,dcqcn
1894000,1,2,854,2,1,tick,0,0,0,1000,30000,1000,500000,1000000,0,0,1000000000,1000000000,984951079,,,0,,,,,17000,14000,30000,30,4614484169000,2864048,armed,1894000,blocked,17000,14000,30000,30,5599435248000,2864048,armed,1895000,blocked,dcqcn
1895000,1,2,855,2,1,tick,0,0,0,1000,30000,1000,500000,1000000,0,0,1000000000,1000000000,984951079,,,0,,,,,17000,14000,30000,30,5599435248000,2864048,armed,1895000,blocked,17000,14000,30000,30,6584386327000,2864048,armed,1896000,blocked,dcqcn
1896000,1,2,856,2,1,tick,0,0,0,1000,30000,1000,500000,1000000,0,0,1000000000,1000000000,984951079,,,0,,,,,17000,14000,30000,30,6584386327000,2864048,armed,1896000,blocked,17000,14000,30000,30,7569337406000,2864048,armed,1897000,scheduled,dcqcn
1897000,1,2,857,2,1,tick,0,0,0,1000,30000,1000,500000,1000000,0,0,1000000000,1000000000,984951079,,,1,17000,1000,1,968,17000,14000,30000,30,7569337406000,2864048,armed,1897000,scheduled,18000,14000,30000,30,554288485000,2864048,armed,1898000,blocked,dcqcn
1898000,1,2,858,2,1,tick,0,0,0,1000,30000,1000,500000,1000000,0,0,1000000000,1000000000,984951079,,,0,,,,,18000,14000,30000,30,554288485000,2864048,armed,1898000,blocked,18000,14000,30000,30,1539239564000,2864048,armed,1899000,blocked,dcqcn
1899000,1,2,862,2,1,tick,0,0,0,1000,30000,1000,500000,1000000,0,0,1000000000,1000000000,984951079,,,0,,,,,18000,14000,30000,30,1539239564000,2864048,armed,1899000,blocked,18000,14000,30000,30,2524190643000,2864048,armed,1900000,blocked,dcqcn
1900000,1,2,863,2,1,tick,0,0,0,1000,30000,1000,500000,1000000,0,0,1000000000,1000000000,984951079,,,0,,,,,18000,14000,30000,30,2524190643000,2864048,armed,1900000,blocked,18000,14000,30000,30,3509141722000,2864048,armed,1901000,blocked,dcqcn
1901000,1,2,864,2,1,tick,0,0,0,1000,30000,1000,500000,1000000,0,0,1000000000,1000000000,984951079,,,0,,,,,18000,14000,30000,30,3509141722000,2864048,armed,1901000,blocked,18000,14000,30000,30,4494092801000,2864048,armed,1902000,blocked,dcqcn
1902000,1,2,865,2,1,tick,0,0,0,1000,30000,1000,500000,1000000,0,0,1000000000,1000000000,984951079,,,0,,,,,18000,14000,30000,30,4494092801000,2864048,armed,1902000,blocked,18000,14000,30000,30,5479043880000,2864048,armed,1903000,blocked,dcqcn
1903000,1,2,866,2,1,tick,0,0,0,1000,30000,1000,500000,1000000,0,0,1000000000,1000000000,984951079,,,0,,,,,18000,14000,30000,30,5479043880000,2864048,armed,1903000,blocked,18000,14000,30000,30,6463994959000,2864048,armed,1904000,blocked,dcqcn
1904000,1,2,867,2,1,tick,0,0,0,1000,30000,1000,500000,1000000,0,0,1000000000,1000000000,984951079,,,0,,,,,18000,14000,30000,30,6463994959000,2864048,armed,1904000,blocked,18000,14000,30000,30,7448946038000,2864048,armed,1905000,scheduled,dcqcn
1905000,1,2,868,2,1,tick,0,0,0,1000,30000,1000,500000,1000000,0,0,1000000000,1000000000,984951079,,,1,18000,1000,1,982,18000,14000,30000,30,7448946038000,2864048,armed,1905000,scheduled,19000,14000,30000,30,433897117000,2864048,armed,1906000,blocked,dcqcn
1906000,1,2,869,2,1,tick,0,0,0,1000,30000,1000,500000,1000000,0,0,1000000000,1000000000,984951079,,,0,,,,,19000,14000,30000,30,433897117000,2864048,armed,1906000,blocked,19000,14000,30000,30,1418848196000,2864048,armed,1907000,blocked,dcqcn
1907000,1,2,873,2,1,tick,0,0,0,1000,30000,1000,500000,1000000,0,0,1000000000,1000000000,984951079,,,0,,,,,19000,14000,30000,30,1418848196000,2864048,armed,1907000,blocked,19000,14000,30000,30,2403799275000,2864048,armed,1908000,blocked,dcqcn
1908000,1,2,874,2,1,tick,0,0,0,1000,30000,1000,500000,1000000,0,0,1000000000,1000000000,984951079,,,0,,,,,19000,14000,30000,30,2403799275000,2864048,armed,1908000,blocked,19000,14000,30000,30,3388750354000,2864048,armed,1909000,blocked,dcqcn
1909000,1,2,875,2,1,tick,0,0,0,1000,30000,1000,500000,1000000,0,0,1000000000,1000000000,984951079,,,0,,,,,19000,14000,30000,30,3388750354000,2864048,armed,1909000,blocked,19000,14000,30000,30,4373701433000,2864048,armed,1910000,blocked,dcqcn
1910000,1,2,876,2,1,tick,0,0,0,1000,30000,1000,500000,1000000,0,0,1000000000,1000000000,984951079,,,0,,,,,19000,14000,30000,30,4373701433000,2864048,armed,1910000,blocked,19000,14000,30000,30,5358652512000,2864048,armed,1911000,blocked,dcqcn
1911000,1,2,877,2,1,tick,0,0,0,1000,30000,1000,500000,1000000,0,0,1000000000,1000000000,984951079,,,0,,,,,19000,14000,30000,30,5358652512000,2864048,armed,1911000,blocked,19000,14000,30000,30,6343603591000,2864048,armed,1912000,blocked,dcqcn
1912000,1,2,878,2,1,tick,0,0,0,1000,30000,1000,500000,1000000,0,0,1000000000,1000000000,984951079,,,0,,,,,19000,14000,30000,30,6343603591000,2864048,armed,1912000,blocked,19000,14000,30000,30,7328554670000,2864048,armed,1913000,scheduled,dcqcn
1913000,1,2,879,2,1,tick,0,0,0,1000,30000,1000,500000,1000000,0,0,1000000000,1000000000,984951079,,,1,19000,1000,1,996,19000,14000,30000,30,7328554670000,2864048,armed,1913000,scheduled,20000,14000,30000,30,313505749000,2864048,armed,1914000,blocked,dcqcn
1914000,1,2,880,2,1,tick,0,0,0,1000,30000,1000,500000,1000000,0,0,1000000000,1000000000,984951079,,,0,,,,,20000,14000,30000,30,313505749000,2864048,armed,1914000,blocked,20000,14000,30000,30,1298456828000,2864048,armed,1915000,blocked,dcqcn
1915000,1,2,884,2,1,tick,0,0,0,1000,30000,1000,500000,1000000,0,0,1000000000,1000000000,992475453,,,0,,,,,20000,14000,30000,30,1298456828000,2864048,armed,1915000,blocked,20000,14000,30000,30,2290932281000,2864048,armed,1916000,blocked,dcqcn
1916000,1,2,885,2,1,tick,0,0,0,1000,30000,1000,500000,1000000,0,0,1000000000,1000000000,992475453,,,0,,,,,20000,14000,30000,30,2290932281000,2864048,armed,1916000,blocked,20000,14000,30000,30,3283407734000,2864048,armed,1917000,blocked,dcqcn
1917000,1,2,886,2,1,tick,0,0,0,1000,30000,1000,500000,1000000,0,0,1000000000,1000000000,992475453,,,0,,,,,20000,14000,30000,30,3283407734000,2864048,armed,1917000,blocked,20000,14000,30000,30,4275883187000,2864048,armed,1918000,blocked,dcqcn
1918000,1,2,887,2,1,tick,0,0,0,1000,30000,1000,500000,1000000,0,0,1000000000,1000000000,992475453,,,0,,,,,20000,14000,30000,30,4275883187000,2864048,armed,1918000,blocked,20000,14000,30000,30,5268358640000,2864048,armed,1919000,blocked,dcqcn
1919000,1,2,888,2,1,tick,0,0,0,1000,30000,1000,500000,1000000,0,0,1000000000,1000000000,992475453,,,0,,,,,20000,14000,30000,30,5268358640000,2864048,armed,1919000,blocked,20000,14000,30000,30,6260834093000,2864048,armed,1920000,blocked,dcqcn
1920000,1,2,889,2,1,tick,0,0,0,1000,30000,1000,500000,1000000,0,0,1000000000,1000000000,992475453,,,0,,,,,20000,14000,30000,30,6260834093000,2864048,armed,1920000,blocked,20000,14000,30000,30,7253309546000,2864048,armed,1921000,scheduled,dcqcn
1921000,1,2,890,2,1,tick,0,0,0,1000,30000,1000,500000,1000000,0,0,1000000000,1000000000,992475453,,,1,20000,1000,1,1010,20000,14000,30000,30,7253309546000,2864048,armed,1921000,scheduled,21000,14000,30000,30,245784999000,2864048,armed,1922000,blocked,dcqcn
1922000,1,2,891,2,1,tick,0,0,0,1000,30000,1000,500000,1000000,0,0,1000000000,1000000000,992475453,,,0,,,,,21000,14000,30000,30,245784999000,2864048,armed,1922000,blocked,21000,14000,30000,30,1238260452000,2864048,armed,1923000,blocked,dcqcn
1923000,1,2,895,2,1,tick,0,0,0,1000,30000,1000,500000,1000000,0,0,1000000000,1000000000,992475453,,,0,,,,,21000,14000,30000,30,1238260452000,2864048,armed,1923000,blocked,21000,14000,30000,30,2230735905000,2864048,armed,1924000,blocked,dcqcn
1924000,1,2,896,2,1,tick,0,0,0,1000,30000,1000,500000,1000000,0,0,1000000000,1000000000,992475453,,,0,,,,,21000,14000,30000,30,2230735905000,2864048,armed,1924000,blocked,21000,14000,30000,30,3223211358000,2864048,armed,1925000,blocked,dcqcn
1925000,1,2,897,2,1,tick,0,0,0,1000,30000,1000,500000,1000000,0,0,1000000000,1000000000,992475453,,,0,,,,,21000,14000,30000,30,3223211358000,2864048,armed,1925000,blocked,21000,14000,30000,30,4215686811000,2864048,armed,1926000,blocked,dcqcn
1926000,1,2,898,2,1,tick,0,0,0,1000,30000,1000,500000,1000000,0,0,1000000000,1000000000,992475453,,,0,,,,,21000,14000,30000,30,4215686811000,2864048,armed,1926000,blocked,21000,14000,30000,30,5208162264000,2864048,armed,1927000,blocked,dcqcn
1927000,1,2,899,2,1,tick,0,0,0,1000,30000,1000,500000,1000000,0,0,1000000000,1000000000,992475453,,,0,,,,,21000,14000,30000,30,5208162264000,2864048,armed,1927000,blocked,21000,14000,30000,30,6200637717000,2864048,armed,1928000,blocked,dcqcn
1928000,1,2,900,2,1,tick,0,0,0,1000,30000,1000,500000,1000000,0,0,1000000000,1000000000,992475453,,,0,,,,,21000,14000,30000,30,6200637717000,2864048,armed,1928000,blocked,21000,14000,30000,30,7193113170000,2864048,armed,1929000,scheduled,dcqcn
1929000,1,2,901,2,1,tick,0,0,0,1000,30000,1000,500000,1000000,0,0,1000000000,1000000000,992475453,,,1,21000,1000,1,1024,21000,14000,30000,30,7193113170000,2864048,armed,1929000,scheduled,22000,14000,30000,30,185588623000,2864048,armed,1930000,blocked,dcqcn
1930000,1,2,902,2,1,tick,0,0,0,1000,30000,1000,500000,1000000,0,0,1000000000,1000000000,992475453,,,0,,,,,22000,14000,30000,30,185588623000,2864048,armed,1930000,blocked,22000,14000,30000,30,1178064076000,2864048,armed,1931000,blocked,dcqcn
1931000,1,2,906,2,1,tick,0,0,0,1000,30000,1000,500000,1000000,0,0,1000000000,1000000000,992475453,,,0,,,,,22000,14000,30000,30,1178064076000,2864048,armed,1931000,blocked,22000,14000,30000,30,2170539529000,2864048,armed,1932000,blocked,dcqcn
1932000,1,2,907,2,1,tick,0,0,0,1000,30000,1000,500000,1000000,0,0,1000000000,1000000000,992475453,,,0,,,,,22000,14000,30000,30,2170539529000,2864048,armed,1932000,blocked,22000,14000,30000,30,3163014982000,2864048,armed,1933000,blocked,dcqcn
1933000,1,2,908,2,1,tick,0,0,0,1000,30000,1000,500000,1000000,0,0,1000000000,1000000000,992475453,,,0,,,,,22000,14000,30000,30,3163014982000,2864048,armed,1933000,blocked,22000,14000,30000,30,4155490435000,2864048,armed,1934000,blocked,dcqcn
1934000,1,2,909,2,1,tick,0,0,0,1000,30000,1000,500000,1000000,0,0,1000000000,1000000000,992475453,,,0,,,,,22000,14000,30000,30,4155490435000,2864048,armed,1934000,blocked,22000,14000,30000,30,5147965888000,2864048,armed,1935000,blocked,dcqcn
1935000,1,2,910,2,1,tick,0,0,0,1000,30000,1000,500000,1000000,0,0,1000000000,1000000000,992475453,,,0,,,,,22000,14000,30000,30,5147965888000,2864048,armed,1935000,blocked,22000,14000,30000,30,6140441341000,2864048,armed,1936000,blocked,dcqcn
1936000,1,2,911,2,1,tick,0,0,0,1000,30000,1000,500000,1000000,0,0,1000000000,1000000000,992475453,,,0,,,,,22000,14000,30000,30,6140441341000,2864048,armed,1936000,blocked,22000,14000,30000,30,7132916794000,2864048,armed,1937000,scheduled,dcqcn
1937000,1,2,912,2,1,tick,0,0,0,1000,30000,1000,500000,1000000,0,0,1000000000,1000000000,992475453,,,1,22000,1000,1,1038,22000,14000,30000,30,7132916794000,2864048,armed,1937000,scheduled,23000,14000,30000,30,125392247000,2864048,armed,1938000,blocked,dcqcn
1938000,1,2,913,2,1,tick,0,0,0,1000,30000,1000,500000,1000000,0,0,1000000000,1000000000,992475453,,,0,,,,,23000,14000,30000,30,125392247000,2864048,armed,1938000,blocked,23000,14000,30000,30,1117867700000,2864048,armed,1939000,blocked,dcqcn
1939000,1,2,917,2,1,tick,0,0,0,1000,30000,1000,500000,1000000,0,0,1000000000,1000000000,992475453,,,0,,,,,23000,14000,30000,30,1117867700000,2864048,armed,1939000,blocked,23000,14000,30000,30,2110343153000,2864048,armed,1940000,blocked,dcqcn
1940000,1,2,918,2,1,tick,0,0,0,1000,30000,1000,500000,1000000,0,0,1000000000,1000000000,992475453,,,0,,,,,23000,14000,30000,30,2110343153000,2864048,armed,1940000,blocked,23000,14000,30000,30,3102818606000,2864048,armed,1941000,blocked,dcqcn
1941000,1,2,919,2,1,tick,0,0,0,1000,30000,1000,500000,1000000,0,0,1000000000,1000000000,992475453,,,0,,,,,23000,14000,30000,30,3102818606000,2864048,armed,1941000,blocked,23000,14000,30000,30,4095294059000,2864048,armed,1942000,blocked,dcqcn
1942000,1,2,920,2,1,tick,0,0,0,1000,30000,1000,500000,1000000,0,0,1000000000,1000000000,992475453,,,0,,,,,23000,14000,30000,30,4095294059000,2864048,armed,1942000,blocked,23000,14000,30000,30,5087769512000,2864048,armed,1943000,blocked,dcqcn
1943000,1,2,921,2,1,tick,0,0,0,1000,30000,1000,500000,1000000,0,0,1000000000,1000000000,992475453,,,0,,,,,23000,14000,30000,30,5087769512000,2864048,armed,1943000,blocked,23000,14000,30000,30,6080244965000,2864048,armed,1944000,blocked,dcqcn
1944000,1,2,922,2,1,tick,0,0,0,1000,30000,1000,500000,1000000,0,0,1000000000,1000000000,992475453,,,0,,,,,23000,14000,30000,30,6080244965000,2864048,armed,1944000,blocked,23000,14000,30000,30,7072720418000,2864048,armed,1945000,scheduled,dcqcn
1945000,1,2,923,2,1,tick,0,0,0,1000,30000,1000,500000,1000000,0,0,1000000000,1000000000,992475453,,,1,23000,1000,1,1052,23000,14000,30000,30,7072720418000,2864048,armed,1945000,scheduled,24000,14000,30000,30,65195871000,2864048,armed,1946000,blocked,dcqcn
1946000,1,2,924,2,1,tick,0,0,0,1000,30000,1000,500000,1000000,0,0,1000000000,1000000000,992475453,,,0,,,,,24000,14000,30000,30,65195871000,2864048,armed,1946000,blocked,24000,14000,30000,30,1057671324000,2864048,armed,1947000,blocked,dcqcn
1947000,1,2,928,2,1,tick,0,0,0,1000,30000,1000,500000,1000000,0,0,1000000000,1000000000,992475453,,,0,,,,,24000,14000,30000,30,1057671324000,2864048,armed,1947000,blocked,24000,14000,30000,30,2050146777000,2864048,armed,1948000,blocked,dcqcn
1948000,1,2,929,2,1,tick,0,0,0,1000,30000,1000,500000,1000000,0,0,1000000000,1000000000,992475453,,,0,,,,,24000,14000,30000,30,2050146777000,2864048,armed,1948000,blocked,24000,14000,30000,30,3042622230000,2864048,armed,1949000,blocked,dcqcn
1949000,1,2,930,2,1,tick,0,0,0,1000,30000,1000,500000,1000000,0,0,1000000000,1000000000,992475453,,,0,,,,,24000,14000,30000,30,3042622230000,2864048,armed,1949000,blocked,24000,14000,30000,30,4035097683000,2864048,armed,1950000,blocked,dcqcn
1950000,1,2,931,2,1,tick,0,0,0,1000,30000,1000,500000,1000000,0,0,1000000000,1000000000,992475453,,,0,,,,,24000,14000,30000,30,4035097683000,2864048,armed,1950000,blocked,24000,14000,30000,30,5027573136000,2864048,armed,1951000,blocked,dcqcn
1951000,1,2,932,2,1,tick,0,0,0,1000,30000,1000,500000,1000000,0,0,1000000000,1000000000,992475453,,,0,,,,,24000,14000,30000,30,5027573136000,2864048,armed,1951000,blocked,24000,14000,30000,30,6020048589000,2864048,armed,1952000,blocked,dcqcn
1952000,1,2,933,2,1,tick,0,0,0,1000,30000,1000,500000,1000000,0,0,1000000000,1000000000,992475453,,,0,,,,,24000,14000,30000,30,6020048589000,2864048,armed,1952000,blocked,24000,14000,30000,30,7012524042000,2864048,armed,1953000,scheduled,dcqcn
1953000,1,2,934,2,1,tick,0,0,0,1000,30000,1000,500000,1000000,0,0,1000000000,1000000000,992475453,,,1,24000,1000,1,1066,24000,14000,30000,30,7012524042000,2864048,armed,1953000,scheduled,25000,14000,30000,30,4999495000,2864048,armed,1954000,blocked,dcqcn
1954000,1,2,935,2,1,tick,0,0,0,1000,30000,1000,500000,1000000,0,0,1000000000,1000000000,992475453,,,0,,,,,25000,14000,30000,30,4999495000,2864048,armed,1954000,blocked,25000,14000,30000,30,997474948000,2864048,armed,1955000,blocked,dcqcn
1955000,1,2,939,2,1,tick,0,0,0,1000,30000,1000,500000,1000000,0,0,1000000000,1000000000,992475453,,,0,,,,,25000,14000,30000,30,997474948000,2864048,armed,1955000,blocked,25000,14000,30000,30,1989950401000,2864048,armed,1956000,blocked,dcqcn
1956000,1,2,940,2,1,tick,0,0,0,1000,30000,1000,500000,1000000,0,0,1000000000,1000000000,992475453,,,0,,,,,25000,14000,30000,30,1989950401000,2864048,armed,1956000,blocked,25000,14000,30000,30,2982425854000,2864048,armed,1957000,blocked,dcqcn
1957000,1,2,941,2,1,tick,0,0,0,1000,30000,1000,500000,1000000,0,0,1000000000,1000000000,992475453,,,0,,,,,25000,14000,30000,30,2982425854000,2864048,armed,1957000,blocked,25000,14000,30000,30,3974901307000,2864048,armed,1958000,blocked,dcqcn
1958000,1,2,942,2,1,tick,0,0,0,1000,30000,1000,500000,1000000,0,0,1000000000,1000000000,992475453,,,0,,,,,25000,14000,30000,30,3974901307000,2864048,armed,1958000,blocked,25000,14000,30000,30,4967376760000,2864048,armed,1959000,blocked,dcqcn
1959000,1,2,943,2,1,tick,0,0,0,1000,30000,1000,500000,1000000,0,0,1000000000,1000000000,992475453,,,0,,,,,25000,14000,30000,30,4967376760000,2864048,armed,1959000,blocked,25000,14000,30000,30,5959852213000,2864048,armed,1960000,blocked,dcqcn
1960000,1,2,944,2,1,tick,0,0,0,1000,30000,1000,500000,1000000,0,0,1000000000,1000000000,992475453,,,0,,,,,25000,14000,30000,30,5959852213000,2864048,armed,1960000,blocked,25000,14000,30000,30,6952327666000,2864048,armed,1961000,blocked,dcqcn
1961000,1,2,945,2,1,tick,0,0,0,1000,30000,1000,500000,1000000,0,0,1000000000,1000000000,992475453,,,0,,,,,25000,14000,30000,30,6952327666000,2864048,armed,1961000,blocked,25000,14000,30000,30,7944803119000,2864048,armed,1962000,scheduled,dcqcn
1962000,1,2,946,2,1,tick,0,0,0,1000,30000,1000,500000,1000000,0,0,1000000000,1000000000,992475453,,,1,25000,1000,1,1080,25000,14000,30000,30,7944803119000,2864048,armed,1962000,scheduled,26000,14000,30000,30,937278572000,2864048,armed,1963000,blocked,dcqcn
1963000,1,2,947,2,1,tick,0,0,0,1000,30000,1000,500000,1000000,0,0,1000000000,1000000000,992475453,,,0,,,,,26000,14000,30000,30,937278572000,2864048,armed,1963000,blocked,26000,14000,30000,30,1929754025000,2864048,armed,1964000,blocked,dcqcn
1964000,1,2,951,2,1,tick,0,0,0,1000,30000,1000,500000,1000000,0,0,1000000000,1000000000,992475453,,,0,,,,,26000,14000,30000,30,1929754025000,2864048,armed,1964000,blocked,26000,14000,30000,30,2922229478000,2864048,armed,1965000,blocked,dcqcn
1965000,1,2,952,2,1,tick,0,0,0,1000,30000,1000,500000,1000000,0,0,1000000000,1000000000,996237726,,,0,,,,,26000,14000,30000,30,2922229478000,2864048,armed,1965000,blocked,26000,14000,30000,30,3918467204000,2864048,armed,1966000,blocked,dcqcn
1966000,1,2,953,2,1,tick,0,0,0,1000,30000,1000,500000,1000000,0,0,1000000000,1000000000,996237726,,,0,,,,,26000,14000,30000,30,3918467204000,2864048,armed,1966000,blocked,26000,14000,30000,30,4914704930000,2864048,armed,1967000,blocked,dcqcn
1967000,1,2,954,2,1,tick,0,0,0,1000,30000,1000,500000,1000000,0,0,1000000000,1000000000,996237726,,,0,,,,,26000,14000,30000,30,4914704930000,2864048,armed,1967000,blocked,26000,14000,30000,30,5910942656000,2864048,armed,1968000,blocked,dcqcn
1968000,1,2,955,2,1,tick,0,0,0,1000,30000,1000,500000,1000000,0,0,1000000000,1000000000,996237726,,,0,,,,,26000,14000,30000,30,5910942656000,2864048,armed,1968000,blocked,26000,14000,30000,30,6907180382000,2864048,armed,1969000,blocked,dcqcn
1969000,1,2,956,2,1,tick,0,0,0,1000,30000,1000,500000,1000000,0,0,1000000000,1000000000,996237726,,,0,,,,,26000,14000,30000,30,6907180382000,2864048,armed,1969000,blocked,26000,14000,30000,30,7903418108000,2864048,armed,1970000,scheduled,dcqcn
1970000,1,2,957,2,1,tick,0,0,0,1000,30000,1000,500000,1000000,0,0,1000000000,1000000000,996237726,,,1,26000,1000,1,1094,26000,14000,30000,30,7903418108000,2864048,armed,1970000,scheduled,27000,14000,30000,30,899655834000,2864048,armed,1971000,blocked,dcqcn
1971000,1,2,958,2,1,tick,0,0,0,1000,30000,1000,500000,1000000,0,0,1000000000,1000000000,996237726,,,0,,,,,27000,14000,30000,30,899655834000,2864048,armed,1971000,blocked,27000,14000,30000,30,1895893560000,2864048,armed,1972000,blocked,dcqcn
1972000,1,2,962,2,1,tick,0,0,0,1000,30000,1000,500000,1000000,0,0,1000000000,1000000000,996237726,,,0,,,,,27000,14000,30000,30,1895893560000,2864048,armed,1972000,blocked,27000,14000,30000,30,2892131286000,2864048,armed,1973000,blocked,dcqcn
1973000,1,2,963,2,1,tick,0,0,0,1000,30000,1000,500000,1000000,0,0,1000000000,1000000000,996237726,,,0,,,,,27000,14000,30000,30,2892131286000,2864048,armed,1973000,blocked,27000,14000,30000,30,3888369012000,2864048,armed,1974000,blocked,dcqcn
1974000,1,2,964,2,1,tick,0,0,0,1000,30000,1000,500000,1000000,0,0,1000000000,1000000000,996237726,,,0,,,,,27000,14000,30000,30,3888369012000,2864048,armed,1974000,blocked,27000,14000,30000,30,4884606738000,2864048,armed,1975000,blocked,dcqcn
1975000,1,2,965,2,1,tick,0,0,0,1000,30000,1000,500000,1000000,0,0,1000000000,1000000000,996237726,,,0,,,,,27000,14000,30000,30,4884606738000,2864048,armed,1975000,blocked,27000,14000,30000,30,5880844464000,2864048,armed,1976000,blocked,dcqcn
1976000,1,2,966,2,1,tick,0,0,0,1000,30000,1000,500000,1000000,0,0,1000000000,1000000000,996237726,,,0,,,,,27000,14000,30000,30,5880844464000,2864048,armed,1976000,blocked,27000,14000,30000,30,6877082190000,2864048,armed,1977000,blocked,dcqcn
1977000,1,2,967,2,1,tick,0,0,0,1000,30000,1000,500000,1000000,0,0,1000000000,1000000000,996237726,,,0,,,,,27000,14000,30000,30,6877082190000,2864048,armed,1977000,blocked,27000,14000,30000,30,7873319916000,2864048,armed,1978000,scheduled,dcqcn
1978000,1,2,968,2,1,tick,0,0,0,1000,30000,1000,500000,1000000,0,0,1000000000,1000000000,996237726,,,1,27000,1000,1,1108,27000,14000,30000,30,7873319916000,2864048,armed,1978000,scheduled,28000,14000,30000,30,869557642000,2864048,armed,1979000,blocked,dcqcn
1979000,1,2,969,2,1,tick,0,0,0,1000,30000,1000,500000,1000000,0,0,1000000000,1000000000,996237726,,,0,,,,,28000,14000,30000,30,869557642000,2864048,armed,1979000,blocked,28000,14000,30000,30,1865795368000,2864048,armed,1980000,blocked,dcqcn
1980000,1,2,973,2,1,tick,0,0,0,1000,30000,1000,500000,1000000,0,0,1000000000,1000000000,996237726,,,0,,,,,28000,14000,30000,30,1865795368000,2864048,armed,1980000,blocked,28000,14000,30000,30,2862033094000,2864048,armed,1981000,blocked,dcqcn
1981000,1,2,974,2,1,tick,0,0,0,1000,30000,1000,500000,1000000,0,0,1000000000,1000000000,996237726,,,0,,,,,28000,14000,30000,30,2862033094000,2864048,armed,1981000,blocked,28000,14000,30000,30,3858270820000,2864048,armed,1982000,blocked,dcqcn
1982000,1,2,975,2,1,tick,0,0,0,1000,30000,1000,500000,1000000,0,0,1000000000,1000000000,996237726,,,0,,,,,28000,14000,30000,30,3858270820000,2864048,armed,1982000,blocked,28000,14000,30000,30,4854508546000,2864048,armed,1983000,blocked,dcqcn
1983000,1,2,976,2,1,tick,0,0,0,1000,30000,1000,500000,1000000,0,0,1000000000,1000000000,996237726,,,0,,,,,28000,14000,30000,30,4854508546000,2864048,armed,1983000,blocked,28000,14000,30000,30,5850746272000,2864048,armed,1984000,blocked,dcqcn
1984000,1,2,977,2,1,tick,0,0,0,1000,30000,1000,500000,1000000,0,0,1000000000,1000000000,996237726,,,0,,,,,28000,14000,30000,30,5850746272000,2864048,armed,1984000,blocked,28000,14000,30000,30,6846983998000,2864048,armed,1985000,blocked,dcqcn
1985000,1,2,978,2,1,tick,0,0,0,1000,30000,1000,500000,1000000,0,0,1000000000,1000000000,996237726,,,0,,,,,28000,14000,30000,30,6846983998000,2864048,armed,1985000,blocked,28000,14000,30000,30,7843221724000,2864048,armed,1986000,scheduled,dcqcn
1986000,1,2,979,2,1,tick,0,0,0,1000,30000,1000,500000,1000000,0,0,1000000000,1000000000,996237726,,,1,28000,1000,1,1122,28000,14000,30000,30,7843221724000,2864048,armed,1986000,scheduled,29000,14000,30000,30,839459450000,2864048,armed,1987000,blocked,dcqcn
1987000,1,2,980,2,1,tick,0,0,0,1000,30000,1000,500000,1000000,0,0,1000000000,1000000000,996237726,,,0,,,,,29000,14000,30000,30,839459450000,2864048,armed,1987000,blocked,29000,14000,30000,30,1835697176000,2864048,armed,1988000,blocked,dcqcn
1988000,1,2,984,2,1,tick,0,0,0,1000,30000,1000,500000,1000000,0,0,1000000000,1000000000,996237726,,,0,,,,,29000,14000,30000,30,1835697176000,2864048,armed,1988000,blocked,29000,14000,30000,30,2831934902000,2864048,armed,1989000,blocked,dcqcn
1989000,1,2,985,2,1,tick,0,0,0,1000,30000,1000,500000,1000000,0,0,1000000000,1000000000,996237726,,,0,,,,,29000,14000,30000,30,2831934902000,2864048,armed,1989000,blocked,29000,14000,30000,30,3828172628000,2864048,armed,1990000,blocked,dcqcn
1990000,1,2,986,2,1,tick,0,0,0,1000,30000,1000,500000,1000000,0,0,1000000000,1000000000,996237726,,,0,,,,,29000,14000,30000,30,3828172628000,2864048,armed,1990000,blocked,29000,14000,30000,30,4824410354000,2864048,armed,1991000,blocked,dcqcn
1991000,1,2,987,2,1,tick,0,0,0,1000,30000,1000,500000,1000000,0,0,1000000000,1000000000,996237726,,,0,,,,,29000,14000,30000,30,4824410354000,2864048,armed,1991000,blocked,29000,14000,30000,30,5820648080000,2864048,armed,1992000,blocked,dcqcn
1992000,1,2,988,2,1,tick,0,0,0,1000,30000,1000,500000,1000000,0,0,1000000000,1000000000,996237726,,,0,,,,,29000,14000,30000,30,5820648080000,2864048,armed,1992000,blocked,29000,14000,30000,30,6816885806000,2864048,armed,1993000,blocked,dcqcn
1993000,1,2,989,2,1,tick,0,0,0,1000,30000,1000,500000,1000000,0,0,1000000000,1000000000,996237726,,,0,,,,,29000,14000,30000,30,6816885806000,2864048,armed,1993000,blocked,29000,14000,30000,30,7813123532000,2864048,armed,1994000,scheduled,dcqcn
1994000,1,2,990,2,1,tick,0,0,0,1000,30000,1000,500000,1000000,0,0,1000000000,1000000000,996237726,,,1,29000,1000,1,1136,29000,14000,30000,30,7813123532000,2864048,armed,1994000,scheduled,30000,14000,30000,30,809361258000,2864048,parked,,blocked,dcqcn
2864048,1,2,816,2,1,timeout,0,0,0,1000,30000,1000,500000,1000000,0,0,1000000000,1000000000,,,,0,,,,,30000,14000,30000,30,809361258000,2864048,parked,,blocked,14000,14000,30000,30,809361258000,3864048,armed,2865000,blocked,dcqcn
2865000,1,2,994,2,1,tick,0,0,0,1000,30000,1000,500000,1000000,0,0,1000000000,1000000000,999999985,,,0,,,,,14000,14000,30000,30,809361258000,3864048,armed,2865000,blocked,14000,14000,30000,30,1809361243000,3864048,armed,2866000,blocked,dcqcn
2866000,1,2,996,2,1,tick,0,0,0,1000,30000,1000,500000,1000000,0,0,1000000000,1000000000,999999985,,,0,,,,,14000,14000,30000,30,1809361243000,3864048,armed,2866000,blocked,14000,14000,30000,30,2809361228000,3864048,armed,2867000,blocked,dcqcn
2867000,1,2,997,2,1,tick,0,0,0,1000,30000,1000,500000,1000000,0,0,1000000000,1000000000,999999985,,,0,,,,,14000,14000,30000,30,2809361228000,3864048,armed,2867000,blocked,14000,14000,30000,30,3809361213000,3864048,armed,2868000,blocked,dcqcn
2868000,1,2,998,2,1,tick,0,0,0,1000,30000,1000,500000,1000000,0,0,1000000000,1000000000,999999985,,,0,,,,,14000,14000,30000,30,3809361213000,3864048,armed,2868000,blocked,14000,14000,30000,30,4809361198000,3864048,armed,2869000,blocked,dcqcn
2869000,1,2,999,2,1,tick,0,0,0,1000,30000,1000,500000,1000000,0,0,1000000000,1000000000,999999985,,,0,,,,,14000,14000,30000,30,4809361198000,3864048,armed,2869000,blocked,14000,14000,30000,30,5809361183000,3864048,armed,2870000,blocked,dcqcn
2870000,1,2,1000,2,1,tick,0,0,0,1000,30000,1000,500000,1000000,0,0,1000000000,1000000000,999999985,,,0,,,,,14000,14000,30000,30,5809361183000,3864048,armed,2870000,blocked,14000,14000,30000,30,6809361168000,3864048,armed,2871000,blocked,dcqcn
2871000,1,2,1001,2,1,tick,0,0,0,1000,30000,1000,500000,1000000,0,0,1000000000,1000000000,999999985,,,0,,,,,14000,14000,30000,30,6809361168000,3864048,armed,2871000,blocked,14000,14000,30000,30,7809361153000,3864048,armed,2872000,scheduled,dcqcn
2872000,1,2,1002,2,1,tick,0,0,0,1000,30000,1000,500000,1000000,0,0,1000000000,1000000000,999999985,,,1,14000,1000,1,1150,14000,14000,30000,30,7809361153000,3864048,armed,2872000,scheduled,15000,14000,30000,30,809361138000,3864048,armed,2873000,blocked,dcqcn
2873000,1,2,1003,2,1,tick,0,0,0,1000,30000,1000,500000,1000000,0,0,1000000000,1000000000,999999985,,,0,,,,,15000,14000,30000,30,809361138000,3864048,armed,2873000,blocked,15000,14000,30000,30,1809361123000,3864048,armed,2874000,blocked,dcqcn
2874000,1,2,1007,2,1,tick,0,0,0,1000,30000,1000,500000,1000000,0,0,1000000000,1000000000,999999985,,,0,,,,,15000,14000,30000,30,1809361123000,3864048,armed,2874000,blocked,15000,14000,30000,30,2809361108000,3864048,armed,2875000,blocked,dcqcn
2875000,1,2,1008,2,1,tick,0,0,0,1000,30000,1000,500000,1000000,0,0,1000000000,1000000000,999999985,,,0,,,,,15000,14000,30000,30,2809361108000,3864048,armed,2875000,blocked,15000,14000,30000,30,3809361093000,3864048,armed,2876000,blocked,dcqcn
2876000,1,2,1009,2,1,tick,0,0,0,1000,30000,1000,500000,1000000,0,0,1000000000,1000000000,999999985,,,0,,,,,15000,14000,30000,30,3809361093000,3864048,armed,2876000,blocked,15000,14000,30000,30,4809361078000,3864048,armed,2877000,blocked,dcqcn
2877000,1,2,1010,2,1,tick,0,0,0,1000,30000,1000,500000,1000000,0,0,1000000000,1000000000,999999985,,,0,,,,,15000,14000,30000,30,4809361078000,3864048,armed,2877000,blocked,15000,14000,30000,30,5809361063000,3864048,armed,2878000,blocked,dcqcn
2878000,1,2,1011,2,1,tick,0,0,0,1000,30000,1000,500000,1000000,0,0,1000000000,1000000000,999999985,,,0,,,,,15000,14000,30000,30,5809361063000,3864048,armed,2878000,blocked,15000,14000,30000,30,6809361048000,3864048,armed,2879000,blocked,dcqcn
2879000,1,2,1012,2,1,tick,0,0,0,1000,30000,1000,500000,1000000,0,0,1000000000,1000000000,999999985,,,0,,,,,15000,14000,30000,30,6809361048000,3864048,armed,2879000,blocked,15000,14000,30000,30,7809361033000,3864048,armed,2880000,scheduled,dcqcn
2880000,1,2,1013,2,1,tick,0,0,0,1000,30000,1000,500000,1000000,0,0,1000000000,1000000000,999999985,,,1,15000,1000,1,1164,15000,14000,30000,30,7809361033000,3864048,armed,2880000,scheduled,16000,14000,30000,30,809361018000,3864048,armed,2881000,blocked,dcqcn
2881000,1,2,1014,2,1,tick,0,0,0,1000,30000,1000,500000,1000000,0,0,1000000000,1000000000,999999985,,,0,,,,,16000,14000,30000,30,809361018000,3864048,armed,2881000,blocked,16000,14000,30000,30,1809361003000,3864048,armed,2882000,blocked,dcqcn
2882000,1,2,1018,2,1,tick,0,0,0,1000,30000,1000,500000,1000000,0,0,1000000000,1000000000,999999985,,,0,,,,,16000,14000,30000,30,1809361003000,3864048,armed,2882000,blocked,16000,14000,30000,30,2809360988000,3864048,armed,2883000,blocked,dcqcn
2883000,1,2,1019,2,1,tick,0,0,0,1000,30000,1000,500000,1000000,0,0,1000000000,1000000000,999999985,,,0,,,,,16000,14000,30000,30,2809360988000,3864048,armed,2883000,blocked,16000,14000,30000,30,3809360973000,3864048,armed,2884000,blocked,dcqcn
2884000,1,2,1020,2,1,tick,0,0,0,1000,30000,1000,500000,1000000,0,0,1000000000,1000000000,999999985,,,0,,,,,16000,14000,30000,30,3809360973000,3864048,armed,2884000,blocked,16000,14000,30000,30,4809360958000,3864048,armed,2885000,blocked,dcqcn
2885000,1,2,1021,2,1,tick,0,0,0,1000,30000,1000,500000,1000000,0,0,1000000000,1000000000,999999985,,,0,,,,,16000,14000,30000,30,4809360958000,3864048,armed,2885000,blocked,16000,14000,30000,30,5809360943000,3864048,armed,2886000,blocked,dcqcn
2886000,1,2,1022,2,1,tick,0,0,0,1000,30000,1000,500000,1000000,0,0,1000000000,1000000000,999999985,,,0,,,,,16000,14000,30000,30,5809360943000,3864048,armed,2886000,blocked,16000,14000,30000,30,6809360928000,3864048,armed,2887000,blocked,dcqcn
2887000,1,2,1023,2,1,tick,0,0,0,1000,30000,1000,500000,1000000,0,0,1000000000,1000000000,999999985,,,0,,,,,16000,14000,30000,30,6809360928000,3864048,armed,2887000,blocked,16000,14000,30000,30,7809360913000,3864048,armed,2888000,scheduled,dcqcn
2888000,1,2,1024,2,1,tick,0,0,0,1000,30000,1000,500000,1000000,0,0,1000000000,1000000000,999999985,,,1,16000,1000,1,1178,16000,14000,30000,30,7809360913000,3864048,armed,2888000,scheduled,17000,14000,30000,30,809360898000,3864048,armed,2889000,blocked,dcqcn
2889000,1,2,1025,2,1,tick,0,0,0,1000,30000,1000,500000,1000000,0,0,1000000000,1000000000,999999985,,,0,,,,,17000,14000,30000,30,809360898000,3864048,armed,2889000,blocked,17000,14000,30000,30,1809360883000,3864048,armed,2890000,blocked,dcqcn
2890000,1,2,1029,2,1,tick,0,0,0,1000,30000,1000,500000,1000000,0,0,1000000000,1000000000,999999985,,,0,,,,,17000,14000,30000,30,1809360883000,3864048,armed,2890000,blocked,17000,14000,30000,30,2809360868000,3864048,armed,2891000,blocked,dcqcn
2891000,1,2,1030,2,1,tick,0,0,0,1000,30000,1000,500000,1000000,0,0,1000000000,1000000000,999999985,,,0,,,,,17000,14000,30000,30,2809360868000,3864048,armed,2891000,blocked,17000,14000,30000,30,3809360853000,3864048,armed,2892000,blocked,dcqcn
2892000,1,2,1031,2,1,tick,0,0,0,1000,30000,1000,500000,1000000,0,0,1000000000,1000000000,999999985,,,0,,,,,17000,14000,30000,30,3809360853000,3864048,armed,2892000,blocked,17000,14000,30000,30,4809360838000,3864048,armed,2893000,blocked,dcqcn
2893000,1,2,1032,2,1,tick,0,0,0,1000,30000,1000,500000,1000000,0,0,1000000000,1000000000,999999985,,,0,,,,,17000,14000,30000,30,4809360838000,3864048,armed,2893000,blocked,17000,14000,30000,30,5809360823000,3864048,armed,2894000,blocked,dcqcn
2894000,1,2,1033,2,1,tick,0,0,0,1000,30000,1000,500000,1000000,0,0,1000000000,1000000000,999999985,,,0,,,,,17000,14000,30000,30,5809360823000,3864048,armed,2894000,blocked,17000,14000,30000,30,6809360808000,3864048,armed,2895000,blocked,dcqcn
2895000,1,2,1034,2,1,tick,0,0,0,1000,30000,1000,500000,1000000,0,0,1000000000,1000000000,999999985,,,0,,,,,17000,14000,30000,30,6809360808000,3864048,armed,2895000,blocked,17000,14000,30000,30,7809360793000,3864048,armed,2896000,scheduled,dcqcn
2896000,1,2,1035,2,1,tick,0,0,0,1000,30000,1000,500000,1000000,0,0,1000000000,1000000000,999999985,,,1,17000,1000,1,1192,17000,14000,30000,30,7809360793000,3864048,armed,2896000,scheduled,18000,14000,30000,30,809360778000,3864048,armed,2897000,blocked,dcqcn
2897000,1,2,1036,2,1,tick,0,0,0,1000,30000,1000,500000,1000000,0,0,1000000000,1000000000,999999985,,,0,,,,,18000,14000,30000,30,809360778000,3864048,armed,2897000,blocked,18000,14000,30000,30,1809360763000,3864048,armed,2898000,blocked,dcqcn
2898000,1,2,1040,2,1,tick,0,0,0,1000,30000,1000,500000,1000000,0,0,1000000000,1000000000,999999985,,,0,,,,,18000,14000,30000,30,1809360763000,3864048,armed,2898000,blocked,18000,14000,30000,30,2809360748000,3864048,armed,2899000,blocked,dcqcn
2899000,1,2,1041,2,1,tick,0,0,0,1000,30000,1000,500000,1000000,0,0,1000000000,1000000000,999999985,,,0,,,,,18000,14000,30000,30,2809360748000,3864048,armed,2899000,blocked,18000,14000,30000,30,3809360733000,3864048,armed,2900000,blocked,dcqcn
2900000,1,2,1042,2,1,tick,0,0,0,1000,30000,1000,500000,1000000,0,0,1000000000,1000000000,999999985,,,0,,,,,18000,14000,30000,30,3809360733000,3864048,armed,2900000,blocked,18000,14000,30000,30,4809360718000,3864048,armed,2901000,blocked,dcqcn
2901000,1,2,1043,2,1,tick,0,0,0,1000,30000,1000,500000,1000000,0,0,1000000000,1000000000,999999985,,,0,,,,,18000,14000,30000,30,4809360718000,3864048,armed,2901000,blocked,18000,14000,30000,30,5809360703000,3864048,armed,2902000,blocked,dcqcn
2902000,1,2,1044,2,1,tick,0,0,0,1000,30000,1000,500000,1000000,0,0,1000000000,1000000000,999999985,,,0,,,,,18000,14000,30000,30,5809360703000,3864048,armed,2902000,blocked,18000,14000,30000,30,6809360688000,3864048,armed,2903000,blocked,dcqcn
2903000,1,2,1045,2,1,tick,0,0,0,1000,30000,1000,500000,1000000,0,0,1000000000,1000000000,999999985,,,0,,,,,18000,14000,30000,30,6809360688000,3864048,armed,2903000,blocked,18000,14000,30000,30,7809360673000,3864048,armed,2904000,scheduled,dcqcn
2904000,1,2,1046,2,1,tick,0,0,0,1000,30000,1000,500000,1000000,0,0,1000000000,1000000000,999999985,,,1,18000,1000,1,1206,18000,14000,30000,30,7809360673000,3864048,armed,2904000,scheduled,19000,14000,30000,30,809360658000,3864048,armed,2905000,blocked,dcqcn
2905000,1,2,1047,2,1,tick,0,0,0,1000,30000,1000,500000,1000000,0,0,1000000000,1000000000,999999985,,,0,,,,,19000,14000,30000,30,809360658000,3864048,armed,2905000,blocked,19000,14000,30000,30,1809360643000,3864048,armed,2906000,blocked,dcqcn
2906000,1,2,1051,2,1,tick,0,0,0,1000,30000,1000,500000,1000000,0,0,1000000000,1000000000,999999985,,,0,,,,,19000,14000,30000,30,1809360643000,3864048,armed,2906000,blocked,19000,14000,30000,30,2809360628000,3864048,armed,2907000,blocked,dcqcn
2907000,1,2,1052,2,1,tick,0,0,0,1000,30000,1000,500000,1000000,0,0,1000000000,1000000000,999999985,,,0,,,,,19000,14000,30000,30,2809360628000,3864048,armed,2907000,blocked,19000,14000,30000,30,3809360613000,3864048,armed,2908000,blocked,dcqcn
2908000,1,2,1053,2,1,tick,0,0,0,1000,30000,1000,500000,1000000,0,0,1000000000,1000000000,999999985,,,0,,,,,19000,14000,30000,30,3809360613000,3864048,armed,2908000,blocked,19000,14000,30000,30,4809360598000,3864048,armed,2909000,blocked,dcqcn
2909000,1,2,1054,2,1,tick,0,0,0,1000,30000,1000,500000,1000000,0,0,1000000000,1000000000,999999985,,,0,,,,,19000,14000,30000,30,4809360598000,3864048,armed,2909000,blocked,19000,14000,30000,30,5809360583000,3864048,armed,2910000,blocked,dcqcn
2910000,1,2,1055,2,1,tick,0,0,0,1000,30000,1000,500000,1000000,0,0,1000000000,1000000000,999999985,,,0,,,,,19000,14000,30000,30,5809360583000,3864048,armed,2910000,blocked,19000,14000,30000,30,6809360568000,3864048,armed,2911000,blocked,dcqcn
2911000,1,2,1056,2,1,tick,0,0,0,1000,30000,1000,500000,1000000,0,0,1000000000,1000000000,999999985,,,0,,,,,19000,14000,30000,30,6809360568000,3864048,armed,2911000,blocked,19000,14000,30000,30,7809360553000,3864048,armed,2912000,scheduled,dcqcn
2912000,1,2,1057,2,1,tick,0,0,0,1000,30000,1000,500000,1000000,0,0,1000000000,1000000000,999999985,,,1,19000,1000,1,1220,19000,14000,30000,30,7809360553000,3864048,armed,2912000,scheduled,20000,14000,30000,30,809360538000,3864048,armed,2913000,blocked,dcqcn
2912048,0,9,50,2,1,ack,0,0,0,1000,30000,1000,500000,1000000,0,0,1000000000,1000000000,,15000,0,0,,,,,20000,14000,30000,30,809360538000,3864048,armed,2913000,blocked,20000,15000,30000,30,809360538000,3912048,armed,2913000,blocked,dcqcn
2913000,1,2,1058,2,1,tick,0,0,0,1000,30000,1000,500000,1000000,0,0,1000000000,1000000000,999999985,,,0,,,,,20000,15000,30000,30,809360538000,3912048,armed,2913000,blocked,20000,15000,30000,30,1809360523000,3912048,armed,2914000,blocked,dcqcn
2914000,1,2,1063,2,1,tick,0,0,0,1000,30000,1000,500000,1000000,0,0,1000000000,1000000000,999999985,,,0,,,,,20000,15000,30000,30,1809360523000,3912048,armed,2914000,blocked,20000,15000,30000,30,2809360508000,3912048,armed,2915000,blocked,dcqcn
2915000,1,2,1064,2,1,tick,0,0,0,1000,30000,1000,500000,1000000,0,0,1000000000,1000000000,999999992,,,0,,,,,20000,15000,30000,30,2809360508000,3912048,armed,2915000,blocked,20000,15000,30000,30,3809360500000,3912048,armed,2916000,blocked,dcqcn
2916000,1,2,1065,2,1,tick,0,0,0,1000,30000,1000,500000,1000000,0,0,1000000000,1000000000,999999992,,,0,,,,,20000,15000,30000,30,3809360500000,3912048,armed,2916000,blocked,20000,15000,30000,30,4809360492000,3912048,armed,2917000,blocked,dcqcn
2917000,1,2,1066,2,1,tick,0,0,0,1000,30000,1000,500000,1000000,0,0,1000000000,1000000000,999999992,,,0,,,,,20000,15000,30000,30,4809360492000,3912048,armed,2917000,blocked,20000,15000,30000,30,5809360484000,3912048,armed,2918000,blocked,dcqcn
2918000,1,2,1067,2,1,tick,0,0,0,1000,30000,1000,500000,1000000,0,0,1000000000,1000000000,999999992,,,0,,,,,20000,15000,30000,30,5809360484000,3912048,armed,2918000,blocked,20000,15000,30000,30,6809360476000,3912048,armed,2919000,blocked,dcqcn
2919000,1,2,1068,2,1,tick,0,0,0,1000,30000,1000,500000,1000000,0,0,1000000000,1000000000,999999992,,,0,,,,,20000,15000,30000,30,6809360476000,3912048,armed,2919000,blocked,20000,15000,30000,30,7809360468000,3912048,armed,2920000,scheduled,dcqcn
2920000,1,2,1069,2,1,tick,0,0,0,1000,30000,1000,500000,1000000,0,0,1000000000,1000000000,999999992,,,1,20000,1000,1,1234,20000,15000,30000,30,7809360468000,3912048,armed,2920000,scheduled,21000,15000,30000,30,809360460000,3912048,armed,2921000,blocked,dcqcn
2921000,1,2,1070,2,1,tick,0,0,0,1000,30000,1000,500000,1000000,0,0,1000000000,1000000000,999999992,,,0,,,,,21000,15000,30000,30,809360460000,3912048,armed,2921000,blocked,21000,15000,30000,30,1809360452000,3912048,armed,2922000,blocked,dcqcn
2922000,1,2,1074,2,1,tick,0,0,0,1000,30000,1000,500000,1000000,0,0,1000000000,1000000000,999999992,,,0,,,,,21000,15000,30000,30,1809360452000,3912048,armed,2922000,blocked,21000,15000,30000,30,2809360444000,3912048,armed,2923000,blocked,dcqcn
2923000,1,2,1075,2,1,tick,0,0,0,1000,30000,1000,500000,1000000,0,0,1000000000,1000000000,999999992,,,0,,,,,21000,15000,30000,30,2809360444000,3912048,armed,2923000,blocked,21000,15000,30000,30,3809360436000,3912048,armed,2924000,blocked,dcqcn
2924000,1,2,1076,2,1,tick,0,0,0,1000,30000,1000,500000,1000000,0,0,1000000000,1000000000,999999992,,,0,,,,,21000,15000,30000,30,3809360436000,3912048,armed,2924000,blocked,21000,15000,30000,30,4809360428000,3912048,armed,2925000,blocked,dcqcn
2925000,1,2,1077,2,1,tick,0,0,0,1000,30000,1000,500000,1000000,0,0,1000000000,1000000000,999999992,,,0,,,,,21000,15000,30000,30,4809360428000,3912048,armed,2925000,blocked,21000,15000,30000,30,5809360420000,3912048,armed,2926000,blocked,dcqcn
2926000,1,2,1078,2,1,tick,0,0,0,1000,30000,1000,500000,1000000,0,0,1000000000,1000000000,999999992,,,0,,,,,21000,15000,30000,30,5809360420000,3912048,armed,2926000,blocked,21000,15000,30000,30,6809360412000,3912048,armed,2927000,blocked,dcqcn
2927000,1,2,1079,2,1,tick,0,0,0,1000,30000,1000,500000,1000000,0,0,1000000000,1000000000,999999992,,,0,,,,,21000,15000,30000,30,6809360412000,3912048,armed,2927000,blocked,21000,15000,30000,30,7809360404000,3912048,armed,2928000,scheduled,dcqcn
2928000,1,2,1080,2,1,tick,0,0,0,1000,30000,1000,500000,1000000,0,0,1000000000,1000000000,999999992,,,1,21000,1000,1,1248,21000,15000,30000,30,7809360404000,3912048,armed,2928000,scheduled,22000,15000,30000,30,809360396000,3912048,armed,2929000,blocked,dcqcn
2928048,0,9,53,2,1,ack,0,0,0,1000,30000,1000,500000,1000000,0,0,1000000000,1000000000,,16000,0,0,,,,,22000,15000,30000,30,809360396000,3912048,armed,2929000,blocked,22000,16000,30000,30,809360396000,3928048,armed,2929000,blocked,dcqcn
2929000,1,2,1081,2,1,tick,0,0,0,1000,30000,1000,500000,1000000,0,0,1000000000,1000000000,999999992,,,0,,,,,22000,16000,30000,30,809360396000,3928048,armed,2929000,blocked,22000,16000,30000,30,1809360388000,3928048,armed,2930000,blocked,dcqcn
2930000,1,2,1086,2,1,tick,0,0,0,1000,30000,1000,500000,1000000,0,0,1000000000,1000000000,999999992,,,0,,,,,22000,16000,30000,30,1809360388000,3928048,armed,2930000,blocked,22000,16000,30000,30,2809360380000,3928048,armed,2931000,blocked,dcqcn
2931000,1,2,1087,2,1,tick,0,0,0,1000,30000,1000,500000,1000000,0,0,1000000000,1000000000,999999992,,,0,,,,,22000,16000,30000,30,2809360380000,3928048,armed,2931000,blocked,22000,16000,30000,30,3809360372000,3928048,armed,2932000,blocked,dcqcn
2932000,1,2,1088,2,1,tick,0,0,0,1000,30000,1000,500000,1000000,0,0,1000000000,1000000000,999999992,,,0,,,,,22000,16000,30000,30,3809360372000,3928048,armed,2932000,blocked,22000,16000,30000,30,4809360364000,3928048,armed,2933000,blocked,dcqcn
2933000,1,2,1089,2,1,tick,0,0,0,1000,30000,1000,500000,1000000,0,0,1000000000,1000000000,999999992,,,0,,,,,22000,16000,30000,30,4809360364000,3928048,armed,2933000,blocked,22000,16000,30000,30,5809360356000,3928048,armed,2934000,blocked,dcqcn
2934000,1,2,1090,2,1,tick,0,0,0,1000,30000,1000,500000,1000000,0,0,1000000000,1000000000,999999992,,,0,,,,,22000,16000,30000,30,5809360356000,3928048,armed,2934000,blocked,22000,16000,30000,30,6809360348000,3928048,armed,2935000,blocked,dcqcn
2935000,1,2,1091,2,1,tick,0,0,0,1000,30000,1000,500000,1000000,0,0,1000000000,1000000000,999999992,,,0,,,,,22000,16000,30000,30,6809360348000,3928048,armed,2935000,blocked,22000,16000,30000,30,7809360340000,3928048,armed,2936000,scheduled,dcqcn
2936000,1,2,1092,2,1,tick,0,0,0,1000,30000,1000,500000,1000000,0,0,1000000000,1000000000,999999992,,,1,22000,1000,1,1262,22000,16000,30000,30,7809360340000,3928048,armed,2936000,scheduled,23000,16000,30000,30,809360332000,3928048,armed,2937000,blocked,dcqcn
2937000,1,2,1093,2,1,tick,0,0,0,1000,30000,1000,500000,1000000,0,0,1000000000,1000000000,999999992,,,0,,,,,23000,16000,30000,30,809360332000,3928048,armed,2937000,blocked,23000,16000,30000,30,1809360324000,3928048,armed,2938000,blocked,dcqcn
2938000,1,2,1097,2,1,tick,0,0,0,1000,30000,1000,500000,1000000,0,0,1000000000,1000000000,999999992,,,0,,,,,23000,16000,30000,30,1809360324000,3928048,armed,2938000,blocked,23000,16000,30000,30,2809360316000,3928048,armed,2939000,blocked,dcqcn
2939000,1,2,1098,2,1,tick,0,0,0,1000,30000,1000,500000,1000000,0,0,1000000000,1000000000,999999992,,,0,,,,,23000,16000,30000,30,2809360316000,3928048,armed,2939000,blocked,23000,16000,30000,30,3809360308000,3928048,armed,2940000,blocked,dcqcn
2940000,1,2,1099,2,1,tick,0,0,0,1000,30000,1000,500000,1000000,0,0,1000000000,1000000000,999999992,,,0,,,,,23000,16000,30000,30,3809360308000,3928048,armed,2940000,blocked,23000,16000,30000,30,4809360300000,3928048,armed,2941000,blocked,dcqcn
2941000,1,2,1100,2,1,tick,0,0,0,1000,30000,1000,500000,1000000,0,0,1000000000,1000000000,999999992,,,0,,,,,23000,16000,30000,30,4809360300000,3928048,armed,2941000,blocked,23000,16000,30000,30,5809360292000,3928048,armed,2942000,blocked,dcqcn
2942000,1,2,1101,2,1,tick,0,0,0,1000,30000,1000,500000,1000000,0,0,1000000000,1000000000,999999992,,,0,,,,,23000,16000,30000,30,5809360292000,3928048,armed,2942000,blocked,23000,16000,30000,30,6809360284000,3928048,armed,2943000,blocked,dcqcn
2943000,1,2,1102,2,1,tick,0,0,0,1000,30000,1000,500000,1000000,0,0,1000000000,1000000000,999999992,,,0,,,,,23000,16000,30000,30,6809360284000,3928048,armed,2943000,blocked,23000,16000,30000,30,7809360276000,3928048,armed,2944000,scheduled,dcqcn
2944000,1,2,1103,2,1,tick,0,0,0,1000,30000,1000,500000,1000000,0,0,1000000000,1000000000,999999992,,,1,23000,1000,1,1276,23000,16000,30000,30,7809360276000,3928048,armed,2944000,scheduled,24000,16000,30000,30,809360268000,3928048,armed,2945000,blocked,dcqcn
2944048,0,9,56,2,1,ack,0,0,0,1000,30000,1000,500000,1000000,0,0,1000000000,1000000000,,17000,0,0,,,,,24000,16000,30000,30,809360268000,3928048,armed,2945000,blocked,24000,17000,30000,30,809360268000,3944048,armed,2945000,blocked,dcqcn
2945000,1,2,1104,2,1,tick,0,0,0,1000,30000,1000,500000,1000000,0,0,1000000000,1000000000,999999992,,,0,,,,,24000,17000,30000,30,809360268000,3944048,armed,2945000,blocked,24000,17000,30000,30,1809360260000,3944048,armed,2946000,blocked,dcqcn
2946000,1,2,1109,2,1,tick,0,0,0,1000,30000,1000,500000,1000000,0,0,1000000000,1000000000,999999992,,,0,,,,,24000,17000,30000,30,1809360260000,3944048,armed,2946000,blocked,24000,17000,30000,30,2809360252000,3944048,armed,2947000,blocked,dcqcn
2947000,1,2,1110,2,1,tick,0,0,0,1000,30000,1000,500000,1000000,0,0,1000000000,1000000000,999999992,,,0,,,,,24000,17000,30000,30,2809360252000,3944048,armed,2947000,blocked,24000,17000,30000,30,3809360244000,3944048,armed,2948000,blocked,dcqcn
2948000,1,2,1111,2,1,tick,0,0,0,1000,30000,1000,500000,1000000,0,0,1000000000,1000000000,999999992,,,0,,,,,24000,17000,30000,30,3809360244000,3944048,armed,2948000,blocked,24000,17000,30000,30,4809360236000,3944048,armed,2949000,blocked,dcqcn
2949000,1,2,1112,2,1,tick,0,0,0,1000,30000,1000,500000,1000000,0,0,1000000000,1000000000,999999992,,,0,,,,,24000,17000,30000,30,4809360236000,3944048,armed,2949000,blocked,24000,17000,30000,30,5809360228000,3944048,armed,2950000,blocked,dcqcn
2950000,1,2,1113,2,1,tick,0,0,0,1000,30000,1000,500000,1000000,0,0,1000000000,1000000000,999999992,,,0,,,,,24000,17000,30000,30,5809360228000,3944048,armed,2950000,blocked,24000,17000,30000,30,6809360220000,3944048,armed,2951000,blocked,dcqcn
2951000,1,2,1114,2,1,tick,0,0,0,1000,30000,1000,500000,1000000,0,0,1000000000,1000000000,999999992,,,0,,,,,24000,17000,30000,30,6809360220000,3944048,armed,2951000,blocked,24000,17000,30000,30,7809360212000,3944048,armed,2952000,scheduled,dcqcn
2952000,1,2,1115,2,1,tick,0,0,0,1000,30000,1000,500000,1000000,0,0,1000000000,1000000000,999999992,,,1,24000,1000,1,1290,24000,17000,30000,30,7809360212000,3944048,armed,2952000,scheduled,25000,17000,30000,30,809360204000,3944048,armed,2953000,blocked,dcqcn
2953000,1,2,1116,2,1,tick,0,0,0,1000,30000,1000,500000,1000000,0,0,1000000000,1000000000,999999992,,,0,,,,,25000,17000,30000,30,809360204000,3944048,armed,2953000,blocked,25000,17000,30000,30,1809360196000,3944048,armed,2954000,blocked,dcqcn
2954000,1,2,1120,2,1,tick,0,0,0,1000,30000,1000,500000,1000000,0,0,1000000000,1000000000,999999992,,,0,,,,,25000,17000,30000,30,1809360196000,3944048,armed,2954000,blocked,25000,17000,30000,30,2809360188000,3944048,armed,2955000,blocked,dcqcn
2955000,1,2,1121,2,1,tick,0,0,0,1000,30000,1000,500000,1000000,0,0,1000000000,1000000000,999999992,,,0,,,,,25000,17000,30000,30,2809360188000,3944048,armed,2955000,blocked,25000,17000,30000,30,3809360180000,3944048,armed,2956000,blocked,dcqcn
2956000,1,2,1122,2,1,tick,0,0,0,1000,30000,1000,500000,1000000,0,0,1000000000,1000000000,999999992,,,0,,,,,25000,17000,30000,30,3809360180000,3944048,armed,2956000,blocked,25000,17000,30000,30,4809360172000,3944048,armed,2957000,blocked,dcqcn
2957000,1,2,1123,2,1,tick,0,0,0,1000,30000,1000,500000,1000000,0,0,1000000000,1000000000,999999992,,,0,,,,,25000,17000,30000,30,4809360172000,3944048,armed,2957000,blocked,25000,17000,30000,30,5809360164000,3944048,armed,2958000,blocked,dcqcn
2958000,1,2,1124,2,1,tick,0,0,0,1000,30000,1000,500000,1000000,0,0,1000000000,1000000000,999999992,,,0,,,,,25000,17000,30000,30,5809360164000,3944048,armed,2958000,blocked,25000,17000,30000,30,6809360156000,3944048,armed,2959000,blocked,dcqcn
2959000,1,2,1125,2,1,tick,0,0,0,1000,30000,1000,500000,1000000,0,0,1000000000,1000000000,999999992,,,0,,,,,25000,17000,30000,30,6809360156000,3944048,armed,2959000,blocked,25000,17000,30000,30,7809360148000,3944048,armed,2960000,scheduled,dcqcn
2960000,1,2,1126,2,1,tick,0,0,0,1000,30000,1000,500000,1000000,0,0,1000000000,1000000000,999999992,,,1,25000,1000,1,1304,25000,17000,30000,30,7809360148000,3944048,armed,2960000,scheduled,26000,17000,30000,30,809360140000,3944048,armed,2961000,blocked,dcqcn
2960048,0,9,59,2,1,ack,0,0,0,1000,30000,1000,500000,1000000,0,0,1000000000,1000000000,,18000,0,0,,,,,26000,17000,30000,30,809360140000,3944048,armed,2961000,blocked,26000,18000,30000,30,809360140000,3960048,armed,2961000,blocked,dcqcn
2961000,1,2,1127,2,1,tick,0,0,0,1000,30000,1000,500000,1000000,0,0,1000000000,1000000000,999999992,,,0,,,,,26000,18000,30000,30,809360140000,3960048,armed,2961000,blocked,26000,18000,30000,30,1809360132000,3960048,armed,2962000,blocked,dcqcn
2962000,1,2,1132,2,1,tick,0,0,0,1000,30000,1000,500000,1000000,0,0,1000000000,1000000000,999999992,,,0,,,,,26000,18000,30000,30,1809360132000,3960048,armed,2962000,blocked,26000,18000,30000,30,2809360124000,3960048,armed,2963000,blocked,dcqcn
2963000,1,2,1133,2,1,tick,0,0,0,1000,30000,1000,500000,1000000,0,0,1000000000,1000000000,999999992,,,0,,,,,26000,18000,30000,30,2809360124000,3960048,armed,2963000,blocked,26000,18000,30000,30,3809360116000,3960048,armed,2964000,blocked,dcqcn
2964000,1,2,1134,2,1,tick,0,0,0,1000,30000,1000,500000,1000000,0,0,1000000000,1000000000,999999992,,,0,,,,,26000,18000,30000,30,3809360116000,3960048,armed,2964000,blocked,26000,18000,30000,30,4809360108000,3960048,armed,2965000,blocked,dcqcn
2965000,1,2,1135,2,1,tick,0,0,0,1000,30000,1000,500000,1000000,0,0,1000000000,1000000000,999999996,,,0,,,,,26000,18000,30000,30,4809360108000,3960048,armed,2965000,blocked,26000,18000,30000,30,5809360104000,3960048,armed,2966000,blocked,dcqcn
2966000,1,2,1136,2,1,tick,0,0,0,1000,30000,1000,500000,1000000,0,0,1000000000,1000000000,999999996,,,0,,,,,26000,18000,30000,30,5809360104000,3960048,armed,2966000,blocked,26000,18000,30000,30,6809360100000,3960048,armed,2967000,blocked,dcqcn
2967000,1,2,1137,2,1,tick,0,0,0,1000,30000,1000,500000,1000000,0,0,1000000000,1000000000,999999996,,,0,,,,,26000,18000,30000,30,6809360100000,3960048,armed,2967000,blocked,26000,18000,30000,30,7809360096000,3960048,armed,2968000,scheduled,dcqcn
2968000,1,2,1138,2,1,tick,0,0,0,1000,30000,1000,500000,1000000,0,0,1000000000,1000000000,999999996,,,1,26000,1000,1,1318,26000,18000,30000,30,7809360096000,3960048,armed,2968000,scheduled,27000,18000,30000,30,809360092000,3960048,armed,2969000,blocked,dcqcn
2969000,1,2,1139,2,1,tick,0,0,0,1000,30000,1000,500000,1000000,0,0,1000000000,1000000000,999999996,,,0,,,,,27000,18000,30000,30,809360092000,3960048,armed,2969000,blocked,27000,18000,30000,30,1809360088000,3960048,armed,2970000,blocked,dcqcn
2970000,1,2,1143,2,1,tick,0,0,0,1000,30000,1000,500000,1000000,0,0,1000000000,1000000000,999999996,,,0,,,,,27000,18000,30000,30,1809360088000,3960048,armed,2970000,blocked,27000,18000,30000,30,2809360084000,3960048,armed,2971000,blocked,dcqcn
2971000,1,2,1144,2,1,tick,0,0,0,1000,30000,1000,500000,1000000,0,0,1000000000,1000000000,999999996,,,0,,,,,27000,18000,30000,30,2809360084000,3960048,armed,2971000,blocked,27000,18000,30000,30,3809360080000,3960048,armed,2972000,blocked,dcqcn
2972000,1,2,1145,2,1,tick,0,0,0,1000,30000,1000,500000,1000000,0,0,1000000000,1000000000,999999996,,,0,,,,,27000,18000,30000,30,3809360080000,3960048,armed,2972000,blocked,27000,18000,30000,30,4809360076000,3960048,armed,2973000,blocked,dcqcn
2973000,1,2,1146,2,1,tick,0,0,0,1000,30000,1000,500000,1000000,0,0,1000000000,1000000000,999999996,,,0,,,,,27000,18000,30000,30,4809360076000,3960048,armed,2973000,blocked,27000,18000,30000,30,5809360072000,3960048,armed,2974000,blocked,dcqcn
2974000,1,2,1147,2,1,tick,0,0,0,1000,30000,1000,500000,1000000,0,0,1000000000,1000000000,999999996,,,0,,,,,27000,18000,30000,30,5809360072000,3960048,armed,2974000,blocked,27000,18000,30000,30,6809360068000,3960048,armed,2975000,blocked,dcqcn
2975000,1,2,1148,2,1,tick,0,0,0,1000,30000,1000,500000,1000000,0,0,1000000000,1000000000,999999996,,,0,,,,,27000,18000,30000,30,6809360068000,3960048,armed,2975000,blocked,27000,18000,30000,30,7809360064000,3960048,armed,2976000,scheduled,dcqcn
2976000,1,2,1149,2,1,tick,0,0,0,1000,30000,1000,500000,1000000,0,0,1000000000,1000000000,999999996,,,1,27000,1000,1,1332,27000,18000,30000,30,7809360064000,3960048,armed,2976000,scheduled,28000,18000,30000,30,809360060000,3960048,armed,2977000,blocked,dcqcn
2976048,0,9,62,2,1,ack,0,0,0,1000,30000,1000,500000,1000000,0,0,1000000000,1000000000,,19000,0,0,,,,,28000,18000,30000,30,809360060000,3960048,armed,2977000,blocked,28000,19000,30000,30,809360060000,3976048,armed,2977000,blocked,dcqcn
2977000,1,2,1150,2,1,tick,0,0,0,1000,30000,1000,500000,1000000,0,0,1000000000,1000000000,999999996,,,0,,,,,28000,19000,30000,30,809360060000,3976048,armed,2977000,blocked,28000,19000,30000,30,1809360056000,3976048,armed,2978000,blocked,dcqcn
2978000,1,2,1155,2,1,tick,0,0,0,1000,30000,1000,500000,1000000,0,0,1000000000,1000000000,999999996,,,0,,,,,28000,19000,30000,30,1809360056000,3976048,armed,2978000,blocked,28000,19000,30000,30,2809360052000,3976048,armed,2979000,blocked,dcqcn
2979000,1,2,1156,2,1,tick,0,0,0,1000,30000,1000,500000,1000000,0,0,1000000000,1000000000,999999996,,,0,,,,,28000,19000,30000,30,2809360052000,3976048,armed,2979000,blocked,28000,19000,30000,30,3809360048000,3976048,armed,2980000,blocked,dcqcn
2980000,1,2,1157,2,1,tick,0,0,0,1000,30000,1000,500000,1000000,0,0,1000000000,1000000000,999999996,,,0,,,,,28000,19000,30000,30,3809360048000,3976048,armed,2980000,blocked,28000,19000,30000,30,4809360044000,3976048,armed,2981000,blocked,dcqcn
2981000,1,2,1158,2,1,tick,0,0,0,1000,30000,1000,500000,1000000,0,0,1000000000,1000000000,999999996,,,0,,,,,28000,19000,30000,30,4809360044000,3976048,armed,2981000,blocked,28000,19000,30000,30,5809360040000,3976048,armed,2982000,blocked,dcqcn
2982000,1,2,1159,2,1,tick,0,0,0,1000,30000,1000,500000,1000000,0,0,1000000000,1000000000,999999996,,,0,,,,,28000,19000,30000,30,5809360040000,3976048,armed,2982000,blocked,28000,19000,30000,30,6809360036000,3976048,armed,2983000,blocked,dcqcn
2983000,1,2,1160,2,1,tick,0,0,0,1000,30000,1000,500000,1000000,0,0,1000000000,1000000000,999999996,,,0,,,,,28000,19000,30000,30,6809360036000,3976048,armed,2983000,blocked,28000,19000,30000,30,7809360032000,3976048,armed,2984000,scheduled,dcqcn
2984000,1,2,1161,2,1,tick,0,0,0,1000,30000,1000,500000,1000000,0,0,1000000000,1000000000,999999996,,,1,28000,1000,1,1346,28000,19000,30000,30,7809360032000,3976048,armed,2984000,scheduled,29000,19000,30000,30,809360028000,3976048,armed,2985000,blocked,dcqcn
2985000,1,2,1162,2,1,tick,0,0,0,1000,30000,1000,500000,1000000,0,0,1000000000,1000000000,999999996,,,0,,,,,29000,19000,30000,30,809360028000,3976048,armed,2985000,blocked,29000,19000,30000,30,1809360024000,3976048,armed,2986000,blocked,dcqcn
2986000,1,2,1166,2,1,tick,0,0,0,1000,30000,1000,500000,1000000,0,0,1000000000,1000000000,999999996,,,0,,,,,29000,19000,30000,30,1809360024000,3976048,armed,2986000,blocked,29000,19000,30000,30,2809360020000,3976048,armed,2987000,blocked,dcqcn
2987000,1,2,1167,2,1,tick,0,0,0,1000,30000,1000,500000,1000000,0,0,1000000000,1000000000,999999996,,,0,,,,,29000,19000,30000,30,2809360020000,3976048,armed,2987000,blocked,29000,19000,30000,30,3809360016000,3976048,armed,2988000,blocked,dcqcn
2988000,1,2,1168,2,1,tick,0,0,0,1000,30000,1000,500000,1000000,0,0,1000000000,1000000000,999999996,,,0,,,,,29000,19000,30000,30,3809360016000,3976048,armed,2988000,blocked,29000,19000,30000,30,4809360012000,3976048,armed,2989000,blocked,dcqcn
2989000,1,2,1169,2,1,tick,0,0,0,1000,30000,1000,500000,1000000,0,0,1000000000,1000000000,999999996,,,0,,,,,29000,19000,30000,30,4809360012000,3976048,armed,2989000,blocked,29000,19000,30000,30,5809360008000,3976048,armed,2990000,blocked,dcqcn
2990000,1,2,1170,2,1,tick,0,0,0,1000,30000,1000,500000,1000000,0,0,1000000000,1000000000,999999996,,,0,,,,,29000,19000,30000,30,5809360008000,3976048,armed,2990000,blocked,29000,19000,30000,30,6809360004000,3976048,armed,2991000,blocked,dcqcn
2991000,1,2,1171,2,1,tick,0,0,0,1000,30000,1000,500000,1000000,0,0,1000000000,1000000000,999999996,,,0,,,,,29000,19000,30000,30,6809360004000,3976048,armed,2991000,blocked,29000,19000,30000,30,7809360000000,3976048,armed,2992000,scheduled,dcqcn
2992000,1,2,1172,2,1,tick,0,0,0,1000,30000,1000,500000,1000000,0,0,1000000000,1000000000,999999996,,,1,29000,1000,1,1360,29000,19000,30000,30,7809360000000,3976048,armed,2992000,scheduled,30000,19000,30000,30,809359996000,3976048,parked,,blocked,dcqcn
2992048,0,9,65,2,1,ack,0,0,0,1000,30000,1000,500000,1000000,0,0,1000000000,1000000000,,20000,0,0,,,,,30000,19000,30000,30,809359996000,3976048,parked,,blocked,30000,20000,30000,30,809359996000,3992048,parked,,blocked,dcqcn
3008048,0,9,68,2,1,ack,0,0,0,1000,30000,1000,500000,1000000,0,0,1000000000,1000000000,,21000,0,0,,,,,30000,20000,30000,30,809359996000,3992048,parked,,blocked,30000,21000,30000,30,809359996000,4008048,parked,,blocked,dcqcn
3024048,0,9,71,2,1,ack,0,0,0,1000,30000,1000,500000,1000000,0,0,1000000000,1000000000,,22000,1,0,,,,,30000,21000,30000,30,809359996000,4008048,parked,,blocked,30000,22000,30000,30,809359996000,4024048,parked,,blocked,dcqcn
3032048,0,9,74,2,1,ack,0,0,0,1000,30000,1000,500000,1000000,0,0,1000000000,1000000000,,23000,1,0,,,,,30000,22000,30000,30,809359996000,4024048,parked,,blocked,30000,23000,30000,30,809359996000,4032048,parked,,blocked,dcqcn
3040048,0,9,77,2,1,ack,0,0,0,1000,30000,1000,500000,1000000,0,0,1000000000,1000000000,,24000,1,0,,,,,30000,23000,30000,30,809359996000,4032048,parked,,blocked,30000,24000,30000,30,809359996000,4040048,parked,,blocked,dcqcn
3048048,0,9,80,2,1,ack,0,0,0,1000,30000,1000,500000,1000000,0,0,1000000000,1000000000,,25000,1,0,,,,,30000,24000,30000,30,809359996000,4040048,parked,,blocked,30000,25000,30000,30,809359996000,4048048,parked,,blocked,dcqcn
3088048,0,9,83,2,1,nack,0,0,0,1000,30000,1000,500000,1000000,0,0,1000000000,1000000000,,25000,1,0,,,,,30000,25000,30000,30,809359996000,4048048,parked,,blocked,25000,25000,30000,30,809359996000,4088048,armed,3089000,blocked,dcqcn
3089000,1,2,1182,2,1,tick,0,0,0,1000,30000,1000,500000,1000000,0,0,1000000000,1000000000,972623644,,,0,,,,,25000,25000,30000,30,809359996000,4088048,armed,3089000,blocked,25000,25000,30000,30,1781983640000,4088048,armed,3090000,blocked,dcqcn
3090000,1,2,1184,2,1,tick,0,0,0,1000,30000,1000,500000,1000000,0,0,1000000000,1000000000,972623644,,,0,,,,,25000,25000,30000,30,1781983640000,4088048,armed,3090000,blocked,25000,25000,30000,30,2754607284000,4088048,armed,3091000,blocked,dcqcn
3091000,1,2,1185,2,1,tick,0,0,0,1000,30000,1000,500000,1000000,0,0,1000000000,1000000000,972623644,,,0,,,,,25000,25000,30000,30,2754607284000,4088048,armed,3091000,blocked,25000,25000,30000,30,3727230928000,4088048,armed,3092000,blocked,dcqcn
3092000,1,2,1186,2,1,tick,0,0,0,1000,30000,1000,500000,1000000,0,0,1000000000,1000000000,972623644,,,0,,,,,25000,25000,30000,30,3727230928000,4088048,armed,3092000,blocked,25000,25000,30000,30,4699854572000,4088048,armed,3093000,blocked,dcqcn
3093000,1,2,1187,2,1,tick,0,0,0,1000,30000,1000,500000,1000000,0,0,1000000000,1000000000,972623644,,,0,,,,,25000,25000,30000,30,4699854572000,4088048,armed,3093000,blocked,25000,25000,30000,30,5672478216000,4088048,armed,3094000,blocked,dcqcn
3094000,1,2,1188,2,1,tick,0,0,0,1000,30000,1000,500000,1000000,0,0,1000000000,1000000000,972623644,,,0,,,,,25000,25000,30000,30,5672478216000,4088048,armed,3094000,blocked,25000,25000,30000,30,6645101860000,4088048,armed,3095000,blocked,dcqcn
3095000,1,2,1189,2,1,tick,0,0,0,1000,30000,1000,500000,1000000,0,0,1000000000,1000000000,972623644,,,0,,,,,25000,25000,30000,30,6645101860000,4088048,armed,3095000,blocked,25000,25000,30000,30,7617725504000,4088048,armed,3096000,scheduled,dcqcn
3096000,1,2,1190,2,1,tick,0,0,0,1000,30000,1000,500000,1000000,0,0,1000000000,1000000000,972623644,,,1,25000,1000,1,1374,25000,25000,30000,30,7617725504000,4088048,armed,3096000,scheduled,26000,25000,30000,30,590349148000,4088048,armed,3097000,blocked,dcqcn
3097000,1,2,1191,2,1,tick,0,0,0,1000,30000,1000,500000,1000000,0,0,1000000000,1000000000,972623644,,,0,,,,,26000,25000,30000,30,590349148000,4088048,armed,3097000,blocked,26000,25000,30000,30,1562972792000,4088048,armed,3098000,blocked,dcqcn
3098000,1,2,1195,2,1,tick,0,0,0,1000,30000,1000,500000,1000000,0,0,1000000000,1000000000,972623644,,,0,,,,,26000,25000,30000,30,1562972792000,4088048,armed,3098000,blocked,26000,25000,30000,30,2535596436000,4088048,armed,3099000,blocked,dcqcn
3099000,1,2,1196,2,1,tick,0,0,0,1000,30000,1000,500000,1000000,0,0,1000000000,1000000000,972623644,,,0,,,,,26000,25000,30000,30,2535596436000,4088048,armed,3099000,blocked,26000,25000,30000,30,3508220080000,4088048,armed,3100000,blocked,dcqcn
3100000,1,2,1197,2,1,tick,0,0,0,1000,30000,1000,500000,1000000,0,0,1000000000,1000000000,972623644,,,0,,,,,26000,25000,30000,30,3508220080000,4088048,armed,3100000,blocked,26000,25000,30000,30,4480843724000,4088048,armed,3101000,blocked,dcqcn
3101000,1,2,1198,2,1,tick,0,0,0,1000,30000,1000,500000,1000000,0,0,1000000000,1000000000,972623644,,,0,,,,,26000,25000,30000,30,4480843724000,4088048,armed,3101000,blocked,26000,25000,30000,30,5453467368000,4088048,armed,3102000,blocked,dcqcn
3102000,1,2,1199,2,1,tick,0,0,0,1000,30000,1000,500000,1000000,0,0,1000000000,1000000000,972623644,,,0,,,,,26000,25000,30000,30,5453467368000,4088048,armed,3102000,blocked,26000,25000,30000,30,6426091012000,4088048,armed,3103000,blocked,dcqcn
3103000,1,2,1200,2,1,tick,0,0,0,1000,30000,1000,500000,1000000,0,0,1000000000,1000000000,972623644,,,0,,,,,26000,25000,30000,30,6426091012000,4088048,armed,3103000,blocked,26000,25000,30000,30,7398714656000,4088048,armed,3104000,scheduled,dcqcn
3104000,1,2,1201,2,1,tick,0,0,0,1000,30000,1000,500000,1000000,0,0,1000000000,1000000000,972623644,,,1,26000,1000,1,1388,26000,25000,30000,30,7398714656000,4088048,armed,3104000,scheduled,27000,25000,30000,30,371338300000,4088048,armed,3105000,blocked,dcqcn
3105000,1,2,1202,2,1,tick,0,0,0,1000,30000,1000,500000,1000000,0,0,1000000000,1000000000,972623644,,,0,,,,,27000,25000,30000,30,371338300000,4088048,armed,3105000,blocked,27000,25000,30000,30,1343961944000,4088048,armed,3106000,blocked,dcqcn
3106000,1,2,1206,2,1,tick,0,0,0,1000,30000,1000,500000,1000000,0,0,1000000000,1000000000,972623644,,,0,,,,,27000,25000,30000,30,1343961944000,4088048,armed,3106000,blocked,27000,25000,30000,30,2316585588000,4088048,armed,3107000,blocked,dcqcn
3107000,1,2,1207,2,1,tick,0,0,0,1000,30000,1000,500000,1000000,0,0,1000000000,1000000000,972623644,,,0,,,,,27000,25000,30000,30,2316585588000,4088048,armed,3107000,blocked,27000,25000,30000,30,3289209232000,4088048,armed,3108000,blocked,dcqcn
3108000,1,2,1208,2,1,tick,0,0,0,1000,30000,1000,500000,1000000,0,0,1000000000,1000000000,972623644,,,0,,,,,27000,25000,30000,30,3289209232000,4088048,armed,3108000,blocked,27000,25000,30000,30,4261832876000,4088048,armed,3109000,blocked,dcqcn
3109000,1,2,1209,2,1,tick,0,0,0,1000,30000,1000,500000,1000000,0,0,1000000000,1000000000,972623644,,,0,,,,,27000,25000,30000,30,4261832876000,4088048,armed,3109000,blocked,27000,25000,30000,30,5234456520000,4088048,armed,3110000,blocked,dcqcn
3110000,1,2,1210,2,1,tick,0,0,0,1000,30000,1000,500000,1000000,0,0,1000000000,1000000000,972623644,,,0,,,,,27000,25000,30000,30,5234456520000,4088048,armed,3110000,blocked,27000,25000,30000,30,6207080164000,4088048,armed,3111000,blocked,dcqcn
3111000,1,2,1211,2,1,tick,0,0,0,1000,30000,1000,500000,1000000,0,0,1000000000,1000000000,972623644,,,0,,,,,27000,25000,30000,30,6207080164000,4088048,armed,3111000,blocked,27000,25000,30000,30,7179703808000,4088048,armed,3112000,scheduled,dcqcn
3112000,1,2,1212,2,1,tick,0,0,0,1000,30000,1000,500000,1000000,0,0,1000000000,1000000000,972623644,,,1,27000,1000,1,1402,27000,25000,30000,30,7179703808000,4088048,armed,3112000,scheduled,28000,25000,30000,30,152327452000,4088048,armed,3113000,blocked,dcqcn
3113000,1,2,1213,2,1,tick,0,0,0,1000,30000,1000,500000,1000000,0,0,1000000000,1000000000,972623644,,,0,,,,,28000,25000,30000,30,152327452000,4088048,armed,3113000,blocked,28000,25000,30000,30,1124951096000,4088048,armed,3114000,blocked,dcqcn
3114000,1,2,1217,2,1,tick,0,0,0,1000,30000,1000,500000,1000000,0,0,1000000000,1000000000,972623644,,,0,,,,,28000,25000,30000,30,1124951096000,4088048,armed,3114000,blocked,28000,25000,30000,30,2097574740000,4088048,armed,3115000,blocked,dcqcn
3115000,1,2,1218,2,1,tick,0,0,0,1000,30000,1000,500000,1000000,0,0,1000000000,1000000000,972623644,,,0,,,,,28000,25000,30000,30,2097574740000,4088048,armed,3115000,blocked,28000,25000,30000,30,3070198384000,4088048,armed,3116000,blocked,dcqcn
3116000,1,2,1219,2,1,tick,0,0,0,1000,30000,1000,500000,1000000,0,0,1000000000,1000000000,972623644,,,0,,,,,28000,25000,30000,30,3070198384000,4088048,armed,3116000,blocked,28000,25000,30000,30,4042822028000,4088048,armed,3117000,blocked,dcqcn
3117000,1,2,1220,2,1,tick,0,0,0,1000,30000,1000,500000,1000000,0,0,1000000000,1000000000,972623644,,,0,,,,,28000,25000,30000,30,4042822028000,4088048,armed,3117000,blocked,28000,25000,30000,30,5015445672000,4088048,armed,3118000,blocked,dcqcn
3118000,1,2,1221,2,1,tick,0,0,0,1000,30000,1000,500000,1000000,0,0,1000000000,1000000000,972623644,,,0,,,,,28000,25000,30000,30,5015445672000,4088048,armed,3118000,blocked,28000,25000,30000,30,5988069316000,4088048,armed,3119000,blocked,dcqcn
3119000,1,2,1222,2,1,tick,0,0,0,1000,30000,1000,500000,1000000,0,0,1000000000,1000000000,972623644,,,0,,,,,28000,25000,30000,30,5988069316000,4088048,armed,3119000,blocked,28000,25000,30000,30,6960692960000,4088048,armed,3120000,blocked,dcqcn
3120000,1,2,1223,2,1,tick,0,0,0,1000,30000,1000,500000,1000000,0,0,1000000000,1000000000,972623644,,,0,,,,,28000,25000,30000,30,6960692960000,4088048,armed,3120000,blocked,28000,25000,30000,30,7933316604000,4088048,armed,3121000,scheduled,dcqcn
3121000,1,2,1224,2,1,tick,0,0,0,1000,30000,1000,500000,1000000,0,0,1000000000,1000000000,972623644,,,1,28000,1000,1,1416,28000,25000,30000,30,7933316604000,4088048,armed,3121000,scheduled,29000,25000,30000,30,905940248000,4088048,armed,3122000,blocked,dcqcn
3122000,1,2,1225,2,1,tick,0,0,0,1000,30000,1000,500000,1000000,0,0,1000000000,1000000000,972623644,,,0,,,,,29000,25000,30000,30,905940248000,4088048,armed,3122000,blocked,29000,25000,30000,30,1878563892000,4088048,armed,3123000,blocked,dcqcn
3123000,1,2,1229,2,1,tick,0,0,0,1000,30000,1000,500000,1000000,0,0,1000000000,1000000000,972623644,,,0,,,,,29000,25000,30000,30,1878563892000,4088048,armed,3123000,blocked,29000,25000,30000,30,2851187536000,4088048,armed,3124000,blocked,dcqcn
3124000,1,2,1230,2,1,tick,0,0,0,1000,30000,1000,500000,1000000,0,0,1000000000,1000000000,972623644,,,0,,,,,29000,25000,30000,30,2851187536000,4088048,armed,3124000,blocked,29000,25000,30000,30,3823811180000,4088048,armed,3125000,blocked,dcqcn
3125000,1,2,1231,2,1,tick,0,0,0,1000,30000,1000,500000,1000000,0,0,1000000000,1000000000,972623644,,,0,,,,,29000,25000,30000,30,3823811180000,4088048,armed,3125000,blocked,29000,25000,30000,30,4796434824000,4088048,armed,3126000,blocked,dcqcn
3126000,1,2,1232,2,1,tick,0,0,0,1000,30000,1000,500000,1000000,0,0,1000000000,1000000000,972623644,,,0,,,,,29000,25000,30000,30,4796434824000,4088048,armed,3126000,blocked,29000,25000,30000,30,5769058468000,4088048,armed,3127000,blocked,dcqcn
3127000,1,2,1233,2,1,tick,0,0,0,1000,30000,1000,500000,1000000,0,0,1000000000,1000000000,972623644,,,0,,,,,29000,25000,30000,30,5769058468000,4088048,armed,3127000,blocked,29000,25000,30000,30,6741682112000,4088048,armed,3128000,blocked,dcqcn
3128000,1,2,1234,2,1,tick,0,0,0,1000,30000,1000,500000,1000000,0,0,1000000000,1000000000,972623644,,,0,,,,,29000,25000,30000,30,6741682112000,4088048,armed,3128000,blocked,29000,25000,30000,30,7714305756000,4088048,armed,3129000,scheduled,dcqcn
3129000,1,2,1235,2,1,tick,0,0,0,1000,30000,1000,500000,1000000,0,0,1000000000,1000000000,972623644,,,1,29000,1000,1,1430,29000,25000,30000,30,7714305756000,4088048,armed,3129000,scheduled,30000,25000,30000,30,686929400000,4088048,parked,,blocked,dcqcn
3192048,0,9,86,2,1,ack,0,0,0,1000,30000,1000,500000,1000000,0,0,1000000000,1000000000,,26000,1,0,,,,,30000,25000,30000,30,686929400000,4088048,parked,,blocked,30000,26000,30000,30,686929400000,4192048,parked,,blocked,dcqcn
4192048,1,2,1239,2,1,timeout,0,0,0,1000,30000,1000,500000,1000000,0,0,1000000000,1000000000,,,,0,,,,,30000,26000,30000,30,686929400000,4192048,parked,,blocked,26000,26000,30000,30,686929400000,5192048,armed,4193000,blocked,dcqcn
4193000,1,2,1240,2,1,tick,0,0,0,1000,30000,1000,500000,1000000,0,0,1000000000,1000000000,999999976,,,0,,,,,26000,26000,30000,30,686929400000,5192048,armed,4193000,blocked,26000,26000,30000,30,1686929376000,5192048,armed,4194000,blocked,dcqcn
4194000,1,2,1242,2,1,tick,0,0,0,1000,30000,1000,500000,1000000,0,0,1000000000,1000000000,999999976,,,0,,,,,26000,26000,30000,30,1686929376000,5192048,armed,4194000,blocked,26000,26000,30000,30,2686929352000,5192048,armed,4195000,blocked,dcqcn
4195000,1,2,1243,2,1,tick,0,0,0,1000,30000,1000,500000,1000000,0,0,1000000000,1000000000,999999976,,,0,,,,,26000,26000,30000,30,2686929352000,5192048,armed,4195000,blocked,26000,26000,30000,30,3686929328000,5192048,armed,4196000,blocked,dcqcn
4196000,1,2,1244,2,1,tick,0,0,0,1000,30000,1000,500000,1000000,0,0,1000000000,1000000000,999999976,,,0,,,,,26000,26000,30000,30,3686929328000,5192048,armed,4196000,blocked,26000,26000,30000,30,4686929304000,5192048,armed,4197000,blocked,dcqcn
4197000,1,2,1245,2,1,tick,0,0,0,1000,30000,1000,500000,1000000,0,0,1000000000,1000000000,999999976,,,0,,,,,26000,26000,30000,30,4686929304000,5192048,armed,4197000,blocked,26000,26000,30000,30,5686929280000,5192048,armed,4198000,blocked,dcqcn
4198000,1,2,1246,2,1,tick,0,0,0,1000,30000,1000,500000,1000000,0,0,1000000000,1000000000,999999976,,,0,,,,,26000,26000,30000,30,5686929280000,5192048,armed,4198000,blocked,26000,26000,30000,30,6686929256000,5192048,armed,4199000,blocked,dcqcn
4199000,1,2,1247,2,1,tick,0,0,0,1000,30000,1000,500000,1000000,0,0,1000000000,1000000000,999999976,,,0,,,,,26000,26000,30000,30,6686929256000,5192048,armed,4199000,blocked,26000,26000,30000,30,7686929232000,5192048,armed,4200000,scheduled,dcqcn
4200000,1,2,1248,2,1,tick,0,0,0,1000,30000,1000,500000,1000000,0,0,1000000000,1000000000,999999976,,,1,26000,1000,1,1444,26000,26000,30000,30,7686929232000,5192048,armed,4200000,scheduled,27000,26000,30000,30,686929208000,5192048,armed,4201000,blocked,dcqcn
4201000,1,2,1249,2,1,tick,0,0,0,1000,30000,1000,500000,1000000,0,0,1000000000,1000000000,999999976,,,0,,,,,27000,26000,30000,30,686929208000,5192048,armed,4201000,blocked,27000,26000,30000,30,1686929184000,5192048,armed,4202000,blocked,dcqcn
4202000,1,2,1253,2,1,tick,0,0,0,1000,30000,1000,500000,1000000,0,0,1000000000,1000000000,999999976,,,0,,,,,27000,26000,30000,30,1686929184000,5192048,armed,4202000,blocked,27000,26000,30000,30,2686929160000,5192048,armed,4203000,blocked,dcqcn
4203000,1,2,1254,2,1,tick,0,0,0,1000,30000,1000,500000,1000000,0,0,1000000000,1000000000,999999976,,,0,,,,,27000,26000,30000,30,2686929160000,5192048,armed,4203000,blocked,27000,26000,30000,30,3686929136000,5192048,armed,4204000,blocked,dcqcn
4204000,1,2,1255,2,1,tick,0,0,0,1000,30000,1000,500000,1000000,0,0,1000000000,1000000000,999999976,,,0,,,,,27000,26000,30000,30,3686929136000,5192048,armed,4204000,blocked,27000,26000,30000,30,4686929112000,5192048,armed,4205000,blocked,dcqcn
4205000,1,2,1256,2,1,tick,0,0,0,1000,30000,1000,500000,1000000,0,0,1000000000,1000000000,999999976,,,0,,,,,27000,26000,30000,30,4686929112000,5192048,armed,4205000,blocked,27000,26000,30000,30,5686929088000,5192048,armed,4206000,blocked,dcqcn
4206000,1,2,1257,2,1,tick,0,0,0,1000,30000,1000,500000,1000000,0,0,1000000000,1000000000,999999976,,,0,,,,,27000,26000,30000,30,5686929088000,5192048,armed,4206000,blocked,27000,26000,30000,30,6686929064000,5192048,armed,4207000,blocked,dcqcn
4207000,1,2,1258,2,1,tick,0,0,0,1000,30000,1000,500000,1000000,0,0,1000000000,1000000000,999999976,,,0,,,,,27000,26000,30000,30,6686929064000,5192048,armed,4207000,blocked,27000,26000,30000,30,7686929040000,5192048,armed,4208000,scheduled,dcqcn
4208000,1,2,1259,2,1,tick,0,0,0,1000,30000,1000,500000,1000000,0,0,1000000000,1000000000,999999976,,,1,27000,1000,1,1458,27000,26000,30000,30,7686929040000,5192048,armed,4208000,scheduled,28000,26000,30000,30,686929016000,5192048,armed,4209000,blocked,dcqcn
4209000,1,2,1260,2,1,tick,0,0,0,1000,30000,1000,500000,1000000,0,0,1000000000,1000000000,999999976,,,0,,,,,28000,26000,30000,30,686929016000,5192048,armed,4209000,blocked,28000,26000,30000,30,1686928992000,5192048,armed,4210000,blocked,dcqcn
4210000,1,2,1264,2,1,tick,0,0,0,1000,30000,1000,500000,1000000,0,0,1000000000,1000000000,999999976,,,0,,,,,28000,26000,30000,30,1686928992000,5192048,armed,4210000,blocked,28000,26000,30000,30,2686928968000,5192048,armed,4211000,blocked,dcqcn
4211000,1,2,1265,2,1,tick,0,0,0,1000,30000,1000,500000,1000000,0,0,1000000000,1000000000,999999976,,,0,,,,,28000,26000,30000,30,2686928968000,5192048,armed,4211000,blocked,28000,26000,30000,30,3686928944000,5192048,armed,4212000,blocked,dcqcn
4212000,1,2,1266,2,1,tick,0,0,0,1000,30000,1000,500000,1000000,0,0,1000000000,1000000000,999999976,,,0,,,,,28000,26000,30000,30,3686928944000,5192048,armed,4212000,blocked,28000,26000,30000,30,4686928920000,5192048,armed,4213000,blocked,dcqcn
4213000,1,2,1267,2,1,tick,0,0,0,1000,30000,1000,500000,1000000,0,0,1000000000,1000000000,999999976,,,0,,,,,28000,26000,30000,30,4686928920000,5192048,armed,4213000,blocked,28000,26000,30000,30,5686928896000,5192048,armed,4214000,blocked,dcqcn
4214000,1,2,1268,2,1,tick,0,0,0,1000,30000,1000,500000,1000000,0,0,1000000000,1000000000,999999976,,,0,,,,,28000,26000,30000,30,5686928896000,5192048,armed,4214000,blocked,28000,26000,30000,30,6686928872000,5192048,armed,4215000,blocked,dcqcn
4215000,1,2,1269,2,1,tick,0,0,0,1000,30000,1000,500000,1000000,0,0,1000000000,1000000000,999999976,,,0,,,,,28000,26000,30000,30,6686928872000,5192048,armed,4215000,blocked,28000,26000,30000,30,7686928848000,5192048,armed,4216000,scheduled,dcqcn
4216000,1,2,1270,2,1,tick,0,0,0,1000,30000,1000,500000,1000000,0,0,1000000000,1000000000,999999976,,,1,28000,1000,1,1472,28000,26000,30000,30,7686928848000,5192048,armed,4216000,scheduled,29000,26000,30000,30,686928824000,5192048,armed,4217000,blocked,dcqcn
4217000,1,2,1271,2,1,tick,0,0,0,1000,30000,1000,500000,1000000,0,0,1000000000,1000000000,999999976,,,0,,,,,29000,26000,30000,30,686928824000,5192048,armed,4217000,blocked,29000,26000,30000,30,1686928800000,5192048,armed,4218000,blocked,dcqcn
4218000,1,2,1275,2,1,tick,0,0,0,1000,30000,1000,500000,1000000,0,0,1000000000,1000000000,999999976,,,0,,,,,29000,26000,30000,30,1686928800000,5192048,armed,4218000,blocked,29000,26000,30000,30,2686928776000,5192048,armed,4219000,blocked,dcqcn
4219000,1,2,1276,2,1,tick,0,0,0,1000,30000,1000,500000,1000000,0,0,1000000000,1000000000,999999976,,,0,,,,,29000,26000,30000,30,2686928776000,5192048,armed,4219000,blocked,29000,26000,30000,30,3686928752000,5192048,armed,4220000,blocked,dcqcn
4220000,1,2,1277,2,1,tick,0,0,0,1000,30000,1000,500000,1000000,0,0,1000000000,1000000000,999999976,,,0,,,,,29000,26000,30000,30,3686928752000,5192048,armed,4220000,blocked,29000,26000,30000,30,4686928728000,5192048,armed,4221000,blocked,dcqcn
4221000,1,2,1278,2,1,tick,0,0,0,1000,30000,1000,500000,1000000,0,0,1000000000,1000000000,999999976,,,0,,,,,29000,26000,30000,30,4686928728000,5192048,armed,4221000,blocked,29000,26000,30000,30,5686928704000,5192048,armed,4222000,blocked,dcqcn
4222000,1,2,1279,2,1,tick,0,0,0,1000,30000,1000,500000,1000000,0,0,1000000000,1000000000,999999976,,,0,,,,,29000,26000,30000,30,5686928704000,5192048,armed,4222000,blocked,29000,26000,30000,30,6686928680000,5192048,armed,4223000,blocked,dcqcn
4223000,1,2,1280,2,1,tick,0,0,0,1000,30000,1000,500000,1000000,0,0,1000000000,1000000000,999999976,,,0,,,,,29000,26000,30000,30,6686928680000,5192048,armed,4223000,blocked,29000,26000,30000,30,7686928656000,5192048,armed,4224000,scheduled,dcqcn
4224000,1,2,1281,2,1,tick,0,0,0,1000,30000,1000,500000,1000000,0,0,1000000000,1000000000,999999976,,,1,29000,1000,1,1486,29000,26000,30000,30,7686928656000,5192048,armed,4224000,scheduled,30000,26000,30000,30,686928632000,5192048,parked,,blocked,dcqcn
4241548,0,9,89,2,1,ack,0,0,0,1000,30000,1000,500000,1000000,0,0,1000000000,1000000000,,27000,0,0,,,,,30000,26000,30000,30,686928632000,5192048,parked,,blocked,30000,27000,30000,30,686928632000,5241548,parked,,blocked,dcqcn
4257548,0,9,92,2,1,ack,0,0,0,1000,30000,1000,500000,1000000,0,0,1000000000,1000000000,,28000,0,0,,,,,30000,27000,30000,30,686928632000,5241548,parked,,blocked,30000,28000,30000,30,686928632000,5257548,parked,,blocked,dcqcn
4265548,0,9,95,2,1,ack,0,0,0,1000,30000,1000,500000,1000000,0,0,1000000000,1000000000,,29000,0,0,,,,,30000,28000,30000,30,686928632000,5257548,parked,,blocked,30000,29000,30000,30,686928632000,5265548,parked,,blocked,dcqcn
4281548,0,9,98,2,1,ack,0,0,0,1000,30000,1000,500000,1000000,0,0,1000000000,1000000000,,30000,0,0,,,,,30000,29000,30000,30,686928632000,5265548,parked,,blocked,30000,30000,30000,30,686928632000,,parked,,finished,dcqcn
