time_ns,event_phase,event_origin_node,event_origin_sequence,node_id,queue_id,kind,controlled_link,controller,priority,xon_bytes,xoff_bytes,buffer_capacity_bytes,amount_bytes,occupancy_action,before_occupancy_bytes,before_asserted,after_occupancy_bytes,after_asserted,control_action,before_controllers,after_controllers
16000,0,5,2,8,0,threshold,5,,0,10000,20000,100000,1000,admit,0,0,1000,0,,,
16000,0,13,2,10,0,threshold,13,,0,10000,20000,100000,1000,admit,0,0,1000,0,,,
23000,0,8,2,11,0,threshold,8,,0,10000,20000,100000,1000,admit,0,0,1000,0,,,
23000,0,10,2,7,0,threshold,10,,0,10000,20000,100000,1000,admit,0,0,1000,0,,,
23000,2,7,0,7,0,threshold,10,,0,10000,20000,100000,1000,drain,1000,0,0,0,,,
23000,2,8,3,8,0,threshold,5,,0,10000,20000,100000,1000,drain,1000,0,0,0,,,
23000,2,10,3,10,0,threshold,13,,0,10000,20000,100000,1000,drain,1000,0,0,0,,,
23000,2,11,0,11,0,threshold,8,,0,10000,20000,100000,1000,drain,1000,0,0,0,,,
24000,0,5,5,8,0,threshold,5,,0,10000,20000,100000,1000,admit,0,0,1000,0,,,
24000,0,13,5,10,0,threshold,13,,0,10000,20000,100000,1000,admit,0,0,1000,0,,,
31000,0,7,2,4,0,threshold,7,,0,10000,20000,100000,1000,admit,0,0,1000,0,,,
31000,0,8,5,11,0,threshold,8,,0,10000,20000,100000,1000,admit,0,0,1000,0,,,
31000,0,10,5,7,0,threshold,10,,0,10000,20000,100000,1000,admit,0,0,1000,0,,,
31000,0,11,2,12,0,threshold,11,,0,10000,20000,100000,1000,admit,0,0,1000,0,,,
31000,2,4,0,4,0,threshold,7,,0,10000,20000,100000,1000,drain,1000,0,0,0,,,
31000,2,7,3,7,0,threshold,10,,0,10000,20000,100000,1000,drain,1000,0,0,0,,,
31000,2,11,3,11,0,threshold,8,,0,10000,20000,100000,1000,drain,1000,0,0,0,,,
31000,2,12,0,12,0,threshold,11,,0,10000,20000,100000,1000,drain,1000,0,0,0,,,
32000,0,5,8,8,0,threshold,5,,0,10000,20000,100000,1000,admit,1000,0,2000,0,,,
32000,0,13,8,10,0,threshold,13,,0,10000,20000,100000,1000,admit,1000,0,2000,0,,,
39000,0,7,5,4,0,threshold,7,,0,10000,20000,100000,1000,admit,0,0,1000,0,,,
39000,0,8,8,11,0,threshold,8,,0,10000,20000,100000,1000,admit,0,0,1000,0,,,
39000,0,10,8,7,0,threshold,10,,0,10000,20000,100000,1000,admit,0,0,1000,0,,,
39000,0,11,5,12,0,threshold,11,,0,10000,20000,100000,1000,admit,0,0,1000,0,,,
39000,2,4,3,4,0,threshold,7,,0,10000,20000,100000,1000,drain,1000,0,0,0,,,
39000,2,7,6,7,0,threshold,10,,0,10000,20000,100000,1000,drain,1000,0,0,0,,,
39000,2,8,9,8,0,threshold,5,,0,10000,20000,100000,1000,drain,2000,0,1000,0,,,
39000,2,10,9,10,0,threshold,13,,0,10000,20000,100000,1000,drain,2000,0,1000,0,,,
39000,2,11,6,11,0,threshold,8,,0,10000,20000,100000,1000,drain,1000,0,0,0,,,
39000,2,12,3,12,0,threshold,11,,0,10000,20000,100000,1000,drain,1000,0,0,0,,,
40000,0,5,11,8,0,threshold,5,,0,10000,20000,100000,1000,admit,1000,0,2000,0,,,
40000,0,13,11,10,0,threshold,13,,0,10000,20000,100000,1000,admit,1000,0,2000,0,,,
47000,0,7,8,4,0,threshold,7,,0,10000,20000,100000,1000,admit,0,0,1000,0,,,
47000,0,8,11,11,0,threshold,8,,0,10000,20000,100000,1000,admit,0,0,1000,0,,,
47000,0,10,11,7,0,threshold,10,,0,10000,20000,100000,1000,admit,0,0,1000,0,,,
47000,0,11,8,12,0,threshold,11,,0,10000,20000,100000,1000,admit,0,0,1000,0,,,
47000,2,4,6,4,0,threshold,7,,0,10000,20000,100000,1000,drain,1000,0,0,0,,,
47000,2,7,9,7,0,threshold,10,,0,10000,20000,100000,1000,drain,1000,0,0,0,,,
47000,2,11,9,11,0,threshold,8,,0,10000,20000,100000,1000,drain,1000,0,0,0,,,
47000,2,12,6,12,0,threshold,11,,0,10000,20000,100000,1000,drain,1000,0,0,0,,,
48000,0,5,14,8,0,threshold,5,,0,10000,20000,100000,1000,admit,2000,0,3000,0,,,
48000,0,13,14,10,0,threshold,13,,0,10000,20000,100000,1000,admit,2000,0,3000,0,,,
48512,0,5,17,8,0,threshold,5,,0,10000,20000,100000,64,admit,3000,0,3064,0,,,
48512,0,13,17,10,0,threshold,13,,0,10000,20000,100000,64,admit,3000,0,3064,0,,,
55000,0,7,11,4,0,threshold,7,,0,10000,20000,100000,1000,admit,0,0,1000,0,,,
55000,0,8,14,11,0,threshold,8,,0,10000,20000,100000,1000,admit,0,0,1000,0,,,
55000,0,10,14,7,0,threshold,10,,0,10000,20000,100000,1000,admit,0,0,1000,0,,,
55000,0,11,11,12,0,threshold,11,,0,10000,20000,100000,1000,admit,0,0,1000,0,,,
55000,2,4,9,4,0,threshold,7,,0,10000,20000,100000,1000,drain,1000,0,0,0,,,
55000,2,7,12,7,0,threshold,10,,0,10000,20000,100000,1000,drain,1000,0,0,0,,,
55000,2,8,15,8,0,threshold,5,,0,10000,20000,100000,1000,drain,3064,0,2064,0,,,
55000,2,10,15,10,0,threshold,13,,0,10000,20000,100000,1000,drain,3064,0,2064,0,,,
55000,2,11,12,11,0,threshold,8,,0,10000,20000,100000,1000,drain,1000,0,0,0,,,
55000,2,12,9,12,0,threshold,11,,0,10000,20000,100000,1000,drain,1000,0,0,0,,,
56512,0,5,20,8,0,threshold,5,,0,10000,20000,100000,1000,admit,2064,0,3064,0,,,
56512,0,13,20,10,0,threshold,13,,0,10000,20000,100000,1000,admit,2064,0,3064,0,,,
57024,0,5,23,8,0,threshold,5,,0,10000,20000,100000,64,admit,3064,0,3128,0,,,
57024,0,13,23,10,0,threshold,13,,0,10000,20000,100000,64,admit,3064,0,3128,0,,,
63000,0,7,14,4,0,threshold,7,,0,10000,20000,100000,1000,admit,0,0,1000,0,,,
63000,0,8,17,11,0,threshold,8,,0,10000,20000,100000,1000,admit,0,0,1000,0,,,
63000,0,10,17,7,0,threshold,10,,0,10000,20000,100000,1000,admit,0,0,1000,0,,,
63000,0,11,14,12,0,threshold,11,,0,10000,20000,100000,1000,admit,0,0,1000,0,,,
63000,2,4,12,4,0,threshold,7,,0,10000,20000,100000,1000,drain,1000,0,0,0,,,
63000,2,7,15,7,0,threshold,10,,0,10000,20000,100000,1000,drain,1000,0,0,0,,,
63000,2,11,15,11,0,threshold,8,,0,10000,20000,100000,1000,drain,1000,0,0,0,,,
63000,2,12,12,12,0,threshold,11,,0,10000,20000,100000,1000,drain,1000,0,0,0,,,
65024,0,5,26,8,0,threshold,5,,0,10000,20000,100000,1000,admit,3128,0,4128,0,,,
65024,0,13,26,10,0,threshold,13,,0,10000,20000,100000,1000,admit,3128,0,4128,0,,,
65536,0,5,29,8,0,threshold,5,,0,10000,20000,100000,64,admit,4128,0,4192,0,,,
65536,0,13,29,10,0,threshold,13,,0,10000,20000,100000,64,admit,4128,0,4192,0,,,
71000,0,7,17,4,0,threshold,7,,0,10000,20000,100000,1000,admit,0,0,1000,0,,,
71000,0,8,20,11,0,threshold,8,,0,10000,20000,100000,1000,admit,0,0,1000,0,,,
71000,0,10,20,7,0,threshold,10,,0,10000,20000,100000,1000,admit,0,0,1000,0,,,
71000,0,11,17,12,0,threshold,11,,0,10000,20000,100000,1000,admit,0,0,1000,0,,,
71000,2,4,15,4,0,threshold,7,,0,10000,20000,100000,1000,drain,1000,0,0,0,,,
71000,2,7,18,7,0,threshold,10,,0,10000,20000,100000,1000,drain,1000,0,0,0,,,
71000,2,8,21,8,0,threshold,5,,0,10000,20000,100000,1000,drain,4192,0,3192,0,,,
71000,2,10,21,10,0,threshold,13,,0,10000,20000,100000,1000,drain,4192,0,3192,0,,,
71000,2,11,18,11,0,threshold,8,,0,10000,20000,100000,1000,drain,1000,0,0,0,,,
71000,2,12,15,12,0,threshold,11,,0,10000,20000,100000,1000,drain,1000,0,0,0,,,
73536,0,5,32,8,0,threshold,5,,0,10000,20000,100000,1000,admit,3192,0,4192,0,,,
73536,0,13,32,10,0,threshold,13,,0,10000,20000,100000,1000,admit,3192,0,4192,0,,,
74048,0,5,35,8,0,threshold,5,,0,10000,20000,100000,64,admit,4192,0,4256,0,,,
74048,0,13,35,10,0,threshold,13,,0,10000,20000,100000,64,admit,4192,0,4256,0,,,
79000,0,7,20,4,0,threshold,7,,0,10000,20000,100000,1000,admit,0,0,1000,0,,,
79000,0,8,23,11,0,threshold,8,,0,10000,20000,100000,1000,admit,0,0,1000,0,,,
79000,0,10,23,7,0,threshold,10,,0,10000,20000,100000,1000,admit,0,0,1000,0,,,
79000,0,11,20,12,0,threshold,11,,0,10000,20000,100000,1000,admit,0,0,1000,0,,,
79000,2,4,18,4,0,threshold,7,,0,10000,20000,100000,1000,drain,1000,0,0,0,,,
79000,2,7,21,7,0,threshold,10,,0,10000,20000,100000,1000,drain,1000,0,0,0,,,
79000,2,11,21,11,0,threshold,8,,0,10000,20000,100000,1000,drain,1000,0,0,0,,,
79000,2,12,18,12,0,threshold,11,,0,10000,20000,100000,1000,drain,1000,0,0,0,,,
82048,0,5,38,8,0,threshold,5,,0,10000,20000,100000,1000,admit,4256,0,5256,0,,,
82048,0,13,38,10,0,threshold,13,,0,10000,20000,100000,1000,admit,4256,0,5256,0,,,
82560,0,5,41,8,0,threshold,5,,0,10000,20000,100000,64,admit,5256,0,5320,0,,,
82560,0,13,41,10,0,threshold,13,,0,10000,20000,100000,64,admit,5256,0,5320,0,,,
87000,0,7,23,4,0,threshold,7,,0,10000,20000,100000,1000,admit,0,0,1000,0,,,
87000,0,8,26,11,0,threshold,8,,0,10000,20000,100000,1000,admit,0,0,1000,0,,,
87000,0,10,26,7,0,threshold,10,,0,10000,20000,100000,1000,admit,0,0,1000,0,,,
87000,0,11,23,12,0,threshold,11,,0,10000,20000,100000,1000,admit,0,0,1000,0,,,
87000,2,4,21,4,0,threshold,7,,0,10000,20000,100000,1000,drain,1000,0,0,0,,,
87000,2,7,24,7,0,threshold,10,,0,10000,20000,100000,1000,drain,1000,0,0,0,,,
87000,2,8,27,8,0,threshold,5,,0,10000,20000,100000,1000,drain,5320,0,4320,0,,,
87000,2,10,27,10,0,threshold,13,,0,10000,20000,100000,1000,drain,5320,0,4320,0,,,
87000,2,11,24,11,0,threshold,8,,0,10000,20000,100000,1000,drain,1000,0,0,0,,,
87000,2,12,21,12,0,threshold,11,,0,10000,20000,100000,1000,drain,1000,0,0,0,,,
90560,0,5,44,8,0,threshold,5,,0,10000,20000,100000,1000,admit,4320,0,5320,0,,,
90560,0,13,44,10,0,threshold,13,,0,10000,20000,100000,1000,admit,4320,0,5320,0,,,
91072,0,5,47,8,0,threshold,5,,0,10000,20000,100000,64,admit,5320,0,5384,0,,,
91072,0,13,47,10,0,threshold,13,,0,10000,20000,100000,64,admit,5320,0,5384,0,,,
95000,0,7,26,4,0,threshold,7,,0,10000,20000,100000,1000,admit,0,0,1000,0,,,
95000,0,8,29,11,0,threshold,8,,0,10000,20000,100000,1000,admit,0,0,1000,0,,,
95000,0,10,29,7,0,threshold,10,,0,10000,20000,100000,1000,admit,0,0,1000,0,,,
95000,0,11,26,12,0,threshold,11,,0,10000,20000,100000,1000,admit,0,0,1000,0,,,
95000,2,4,24,4,0,threshold,7,,0,10000,20000,100000,1000,drain,1000,0,0,0,,,
95000,2,7,27,7,0,threshold,10,,0,10000,20000,100000,1000,drain,1000,0,0,0,,,
95000,2,8,30,8,0,threshold,5,,0,10000,20000,100000,64,drain,5384,0,5320,0,,,
95000,2,10,30,10,0,threshold,13,,0,10000,20000,100000,64,drain,5384,0,5320,0,,,
95000,2,11,27,11,0,threshold,8,,0,10000,20000,100000,1000,drain,1000,0,0,0,,,
95000,2,12,24,12,0,threshold,11,,0,10000,20000,100000,1000,drain,1000,0,0,0,,,
95512,0,8,32,9,0,threshold,8,,0,10000,20000,100000,64,admit,0,0,64,0,,,
95512,0,10,32,6,0,threshold,10,,0,10000,20000,100000,64,admit,0,0,64,0,,,
95512,2,6,0,6,0,threshold,10,,0,10000,20000,100000,64,drain,64,0,0,0,,,
95512,2,9,0,9,0,threshold,8,,0,10000,20000,100000,64,drain,64,0,0,0,,,
99072,0,5,50,8,0,threshold,5,,0,10000,20000,100000,1000,admit,5320,0,6320,0,,,
99072,0,13,50,10,0,threshold,13,,0,10000,20000,100000,1000,admit,5320,0,6320,0,,,
99584,0,5,53,8,0,threshold,5,,0,10000,20000,100000,64,admit,6320,0,6384,0,,,
99584,0,13,53,10,0,threshold,13,,0,10000,20000,100000,64,admit,6320,0,6384,0,,,
103000,0,7,29,4,0,threshold,7,,0,10000,20000,100000,1000,admit,0,0,1000,0,,,
103000,0,11,29,12,0,threshold,11,,0,10000,20000,100000,1000,admit,0,0,1000,0,,,
103000,2,4,27,4,0,threshold,7,,0,10000,20000,100000,1000,drain,1000,0,0,0,,,
103000,2,12,27,12,0,threshold,11,,0,10000,20000,100000,1000,drain,1000,0,0,0,,,
103512,0,8,35,11,0,threshold,8,,0,10000,20000,100000,1000,admit,0,0,1000,0,,,
103512,0,10,35,7,0,threshold,10,,0,10000,20000,100000,1000,admit,0,0,1000,0,,,
103512,2,7,30,7,0,threshold,10,,0,10000,20000,100000,1000,drain,1000,0,0,0,,,
103512,2,8,36,8,0,threshold,5,,0,10000,20000,100000,1000,drain,6384,0,5384,0,,,
103512,2,10,36,10,0,threshold,13,,0,10000,20000,100000,1000,drain,6384,0,5384,0,,,
103512,2,11,30,11,0,threshold,8,,0,10000,20000,100000,1000,drain,1000,0,0,0,,,
107584,0,5,56,8,0,threshold,5,,0,10000,20000,100000,1000,admit,5384,0,6384,0,,,
107584,0,13,56,10,0,threshold,13,,0,10000,20000,100000,1000,admit,5384,0,6384,0,,,
108096,0,5,59,8,0,threshold,5,,0,10000,20000,100000,64,admit,6384,0,6448,0,,,
108096,0,13,59,10,0,threshold,13,,0,10000,20000,100000,64,admit,6384,0,6448,0,,,
111512,0,7,32,4,0,threshold,7,,0,10000,20000,100000,1000,admit,0,0,1000,0,,,
111512,0,8,38,11,0,threshold,8,,0,10000,20000,100000,1000,admit,0,0,1000,0,,,
111512,0,10,38,7,0,threshold,10,,0,10000,20000,100000,1000,admit,0,0,1000,0,,,
111512,0,11,32,12,0,threshold,11,,0,10000,20000,100000,1000,admit,0,0,1000,0,,,
111512,2,4,30,4,0,threshold,7,,0,10000,20000,100000,1000,drain,1000,0,0,0,,,
111512,2,7,33,7,0,threshold,10,,0,10000,20000,100000,1000,drain,1000,0,0,0,,,
111512,2,8,39,8,0,threshold,5,,0,10000,20000,100000,64,drain,6448,0,6384,0,,,
111512,2,10,39,10,0,threshold,13,,0,10000,20000,100000,64,drain,6448,0,6384,0,,,
111512,2,11,33,11,0,threshold,8,,0,10000,20000,100000,1000,drain,1000,0,0,0,,,
111512,2,12,30,12,0,threshold,11,,0,10000,20000,100000,1000,drain,1000,0,0,0,,,
112024,0,8,41,11,0,threshold,8,,0,10000,20000,100000,64,admit,0,0,64,0,,,
112024,0,10,41,7,0,threshold,10,,0,10000,20000,100000,64,admit,0,0,64,0,,,
116096,0,5,62,8,0,threshold,5,,0,10000,20000,100000,1000,admit,6384,0,7384,0,,,
116096,0,13,62,10,0,threshold,13,,0,10000,20000,100000,1000,admit,6384,0,7384,0,,,
116608,0,5,65,8,0,threshold,5,,0,10000,20000,100000,64,admit,7384,0,7448,0,,,
116608,0,13,65,10,0,threshold,13,,0,10000,20000,100000,64,admit,7384,0,7448,0,,,
119512,0,7,35,4,0,threshold,7,,0,10000,20000,100000,1000,admit,0,0,1000,0,,,
119512,0,11,35,12,0,threshold,11,,0,10000,20000,100000,1000,admit,0,0,1000,0,,,
119512,2,4,33,4,0,threshold,7,,0,10000,20000,100000,1000,drain,1000,0,0,0,,,
119512,2,7,36,7,0,threshold,10,,0,10000,20000,100000,64,drain,64,0,0,0,,,
119512,2,11,36,11,0,threshold,8,,0,10000,20000,100000,64,drain,64,0,0,0,,,
119512,2,12,33,12,0,threshold,11,,0,10000,20000,100000,1000,drain,1000,0,0,0,,,
120024,0,7,38,4,0,threshold,7,,0,10000,20000,100000,64,admit,0,0,64,0,,,
120024,0,8,44,11,0,threshold,8,,0,10000,20000,100000,1000,admit,0,0,1000,0,,,
120024,0,10,44,7,0,threshold,10,,0,10000,20000,100000,1000,admit,0,0,1000,0,,,
120024,0,11,38,12,0,threshold,11,,0,10000,20000,100000,64,admit,0,0,64,0,,,
120024,2,7,39,7,0,threshold,10,,0,10000,20000,100000,1000,drain,1000,0,0,0,,,
120024,2,8,45,8,0,threshold,5,,0,10000,20000,100000,1000,drain,7448,0,6448,0,,,
120024,2,10,45,10,0,threshold,13,,0,10000,20000,100000,1000,drain,7448,0,6448,0,,,
120024,2,11,39,11,0,threshold,8,,0,10000,20000,100000,1000,drain,1000,0,0,0,,,
124608,0,5,68,8,0,threshold,5,,0,10000,20000,100000,1000,admit,6448,0,7448,0,,,
124608,0,13,68,10,0,threshold,13,,0,10000,20000,100000,1000,admit,6448,0,7448,0,,,
125120,0,5,71,8,0,threshold,5,,0,10000,20000,100000,64,admit,7448,0,7512,0,,,
125120,0,13,71,10,0,threshold,13,,0,10000,20000,100000,64,admit,7448,0,7512,0,,,
127512,2,4,36,4,0,threshold,7,,0,10000,20000,100000,64,drain,64,0,0,0,,,
127512,2,12,36,12,0,threshold,11,,0,10000,20000,100000,64,drain,64,0,0,0,,,
128024,0,7,41,4,0,threshold,7,,0,10000,20000,100000,1000,admit,0,0,1000,0,,,
128024,0,8,47,11,0,threshold,8,,0,10000,20000,100000,1000,admit,0,0,1000,0,,,
128024,0,10,47,7,0,threshold,10,,0,10000,20000,100000,1000,admit,0,0,1000,0,,,
128024,0,11,41,12,0,threshold,11,,0,10000,20000,100000,1000,admit,0,0,1000,0,,,
128024,2,4,39,4,0,threshold,7,,0,10000,20000,100000,1000,drain,1000,0,0,0,,,
128024,2,7,42,7,0,threshold,10,,0,10000,20000,100000,1000,drain,1000,0,0,0,,,
128024,2,8,48,8,0,threshold,5,,0,10000,20000,100000,64,drain,7512,0,7448,0,,,
128024,2,10,48,10,0,threshold,13,,0,10000,20000,100000,64,drain,7512,0,7448,0,,,
128024,2,11,42,11,0,threshold,8,,0,10000,20000,100000,1000,drain,1000,0,0,0,,,
128024,2,12,39,12,0,threshold,11,,0,10000,20000,100000,1000,drain,1000,0,0,0,,,
128536,0,8,50,9,0,threshold,8,,0,10000,20000,100000,64,admit,0,0,64,0,,,
128536,0,10,50,6,0,threshold,10,,0,10000,20000,100000,64,admit,0,0,64,0,,,
128536,2,6,3,6,0,threshold,10,,0,10000,20000,100000,64,drain,64,0,0,0,,,
128536,2,9,3,9,0,threshold,8,,0,10000,20000,100000,64,drain,64,0,0,0,,,
133120,0,5,74,8,0,threshold,5,,0,10000,20000,100000,1000,admit,7448,0,8448,0,,,
133120,0,13,74,10,0,threshold,13,,0,10000,20000,100000,1000,admit,7448,0,8448,0,,,
133632,0,5,77,8,0,threshold,5,,0,10000,20000,100000,64,admit,8448,0,8512,0,,,
133632,0,13,77,10,0,threshold,13,,0,10000,20000,100000,64,admit,8448,0,8512,0,,,
136024,0,7,44,4,0,threshold,7,,0,10000,20000,100000,1000,admit,0,0,1000,0,,,
136024,0,11,44,12,0,threshold,11,,0,10000,20000,100000,1000,admit,0,0,1000,0,,,
136024,2,4,42,4,0,threshold,7,,0,10000,20000,100000,1000,drain,1000,0,0,0,,,
136024,2,12,42,12,0,threshold,11,,0,10000,20000,100000,1000,drain,1000,0,0,0,,,
136536,0,8,53,11,0,threshold,8,,0,10000,20000,100000,1000,admit,0,0,1000,0,,,
136536,0,10,53,7,0,threshold,10,,0,10000,20000,100000,1000,admit,0,0,1000,0,,,
136536,2,7,45,7,0,threshold,10,,0,10000,20000,100000,1000,drain,1000,0,0,0,,,
136536,2,8,54,8,0,threshold,5,,0,10000,20000,100000,1000,drain,8512,0,7512,0,,,
136536,2,10,54,10,0,threshold,13,,0,10000,20000,100000,1000,drain,8512,0,7512,0,,,
136536,2,11,45,11,0,threshold,8,,0,10000,20000,100000,1000,drain,1000,0,0,0,,,
141632,0,5,80,8,0,threshold,5,,0,10000,20000,100000,1000,admit,7512,0,8512,0,,,
141632,0,13,80,10,0,threshold,13,,0,10000,20000,100000,1000,admit,7512,0,8512,0,,,
142144,0,5,83,8,0,threshold,5,,0,10000,20000,100000,64,admit,8512,0,8576,0,,,
142144,0,13,83,10,0,threshold,13,,0,10000,20000,100000,64,admit,8512,0,8576,0,,,
144536,0,7,47,4,0,threshold,7,,0,10000,20000,100000,1000,admit,0,0,1000,0,,,
144536,0,8,56,11,0,threshold,8,,0,10000,20000,100000,1000,admit,0,0,1000,0,,,
144536,0,10,56,7,0,threshold,10,,0,10000,20000,100000,1000,admit,0,0,1000,0,,,
144536,0,11,47,12,0,threshold,11,,0,10000,20000,100000,1000,admit,0,0,1000,0,,,
144536,2,4,45,4,0,threshold,7,,0,10000,20000,100000,1000,drain,1000,0,0,0,,,
144536,2,7,48,7,0,threshold,10,,0,10000,20000,100000,1000,drain,1000,0,0,0,,,
144536,2,8,57,8,0,threshold,5,,0,10000,20000,100000,64,drain,8576,0,8512,0,,,
144536,2,10,57,10,0,threshold,13,,0,10000,20000,100000,64,drain,8576,0,8512,0,,,
144536,2,11,48,11,0,threshold,8,,0,10000,20000,100000,1000,drain,1000,0,0,0,,,
144536,2,12,45,12,0,threshold,11,,0,10000,20000,100000,1000,drain,1000,0,0,0,,,
145048,0,8,59,11,0,threshold,8,,0,10000,20000,100000,64,admit,0,0,64,0,,,
145048,0,10,59,7,0,threshold,10,,0,10000,20000,100000,64,admit,0,0,64,0,,,
150144,0,5,86,8,0,threshold,5,,0,10000,20000,100000,1000,admit,8512,0,9512,0,,,
150144,0,13,86,10,0,threshold,13,,0,10000,20000,100000,1000,admit,8512,0,9512,0,,,
152536,0,7,50,4,0,threshold,7,,0,10000,20000,100000,1000,admit,0,0,1000,0,,,
152536,0,11,50,12,0,threshold,11,,0,10000,20000,100000,1000,admit,0,0,1000,0,,,
152536,2,4,48,4,0,threshold,7,,0,10000,20000,100000,1000,drain,1000,0,0,0,,,
152536,2,7,51,7,0,threshold,10,,0,10000,20000,100000,64,drain,64,0,0,0,,,
152536,2,11,51,11,0,threshold,8,,0,10000,20000,100000,64,drain,64,0,0,0,,,
152536,2,12,48,12,0,threshold,11,,0,10000,20000,100000,1000,drain,1000,0,0,0,,,
153048,0,7,53,4,0,threshold,7,,0,10000,20000,100000,64,admit,0,0,64,0,,,
153048,0,8,62,11,0,threshold,8,,0,10000,20000,100000,1000,admit,0,0,1000,0,,,
153048,0,10,62,7,0,threshold,10,,0,10000,20000,100000,1000,admit,0,0,1000,0,,,
153048,0,11,53,12,0,threshold,11,,0,10000,20000,100000,64,admit,0,0,64,0,,,
153048,2,7,54,7,0,threshold,10,,0,10000,20000,100000,1000,drain,1000,0,0,0,,,
153048,2,8,63,8,0,threshold,5,,0,10000,20000,100000,1000,drain,9512,0,8512,0,,,
153048,2,10,63,10,0,threshold,13,,0,10000,20000,100000,1000,drain,9512,0,8512,0,,,
153048,2,11,54,11,0,threshold,8,,0,10000,20000,100000,1000,drain,1000,0,0,0,,,
158144,0,5,89,8,0,threshold,5,,0,10000,20000,100000,1000,admit,8512,0,9512,0,,,
158144,0,13,89,10,0,threshold,13,,0,10000,20000,100000,1000,admit,8512,0,9512,0,,,
158656,0,5,92,8,0,threshold,5,,0,10000,20000,100000,64,admit,9512,0,9576,0,,,
158656,0,13,92,10,0,threshold,13,,0,10000,20000,100000,64,admit,9512,0,9576,0,,,
160536,2,4,51,4,0,threshold,7,,0,10000,20000,100000,64,drain,64,0,0,0,,,
160536,2,12,51,12,0,threshold,11,,0,10000,20000,100000,64,drain,64,0,0,0,,,
161048,0,7,56,4,0,threshold,7,,0,10000,20000,100000,1000,admit,0,0,1000,0,,,
161048,0,8,65,11,0,threshold,8,,0,10000,20000,100000,1000,admit,0,0,1000,0,,,
161048,0,10,65,7,0,threshold,10,,0,10000,20000,100000,1000,admit,0,0,1000,0,,,
161048,0,11,56,12,0,threshold,11,,0,10000,20000,100000,1000,admit,0,0,1000,0,,,
161048,2,4,54,4,0,threshold,7,,0,10000,20000,100000,1000,drain,1000,0,0,0,,,
161048,2,7,57,7,0,threshold,10,,0,10000,20000,100000,1000,drain,1000,0,0,0,,,
161048,2,8,66,8,0,threshold,5,,0,10000,20000,100000,64,drain,9576,0,9512,0,,,
161048,2,10,66,10,0,threshold,13,,0,10000,20000,100000,64,drain,9576,0,9512,0,,,
161048,2,11,57,11,0,threshold,8,,0,10000,20000,100000,1000,drain,1000,0,0,0,,,
161048,2,12,54,12,0,threshold,11,,0,10000,20000,100000,1000,drain,1000,0,0,0,,,
161560,0,8,68,9,0,threshold,8,,0,10000,20000,100000,64,admit,0,0,64,0,,,
161560,0,10,68,6,0,threshold,10,,0,10000,20000,100000,64,admit,0,0,64,0,,,
161560,2,6,6,6,0,threshold,10,,0,10000,20000,100000,64,drain,64,0,0,0,,,
161560,2,9,6,9,0,threshold,8,,0,10000,20000,100000,64,drain,64,0,0,0,,,
166656,0,5,95,8,0,threshold,5,,0,10000,20000,100000,1000,admit,9512,0,10512,0,,,
166656,0,13,95,10,0,threshold,13,,0,10000,20000,100000,1000,admit,9512,0,10512,0,,,
167168,0,5,98,8,0,threshold,5,,0,10000,20000,100000,64,admit,10512,0,10576,0,,,
167168,0,13,98,10,0,threshold,13,,0,10000,20000,100000,64,admit,10512,0,10576,0,,,
169048,0,7,59,4,0,threshold,7,,0,10000,20000,100000,1000,admit,0,0,1000,0,,,
169048,0,11,59,12,0,threshold,11,,0,10000,20000,100000,1000,admit,0,0,1000,0,,,
169048,2,4,57,4,0,threshold,7,,0,10000,20000,100000,1000,drain,1000,0,0,0,,,
169048,2,12,57,12,0,threshold,11,,0,10000,20000,100000,1000,drain,1000,0,0,0,,,
169560,0,8,71,11,0,threshold,8,,0,10000,20000,100000,1000,admit,0,0,1000,0,,,
169560,0,10,71,7,0,threshold,10,,0,10000,20000,100000,1000,admit,0,0,1000,0,,,
169560,2,7,60,7,0,threshold,10,,0,10000,20000,100000,1000,drain,1000,0,0,0,,,
169560,2,8,72,8,0,threshold,5,,0,10000,20000,100000,1000,drain,10576,0,9576,0,,,
169560,2,10,72,10,0,threshold,13,,0,10000,20000,100000,1000,drain,10576,0,9576,0,,,
169560,2,11,60,11,0,threshold,8,,0,10000,20000,100000,1000,drain,1000,0,0,0,,,
175168,0,5,101,8,0,threshold,5,,0,10000,20000,100000,1000,admit,9576,0,10576,0,,,
175168,0,13,101,10,0,threshold,13,,0,10000,20000,100000,1000,admit,9576,0,10576,0,,,
175680,0,5,104,8,0,threshold,5,,0,10000,20000,100000,64,admit,10576,0,10640,0,,,
175680,0,13,104,10,0,threshold,13,,0,10000,20000,100000,64,admit,10576,0,10640,0,,,
177560,0,7,62,4,0,threshold,7,,0,10000,20000,100000,1000,admit,0,0,1000,0,,,
177560,0,8,74,11,0,threshold,8,,0,10000,20000,100000,1000,admit,0,0,1000,0,,,
177560,0,10,74,7,0,threshold,10,,0,10000,20000,100000,1000,admit,0,0,1000,0,,,
177560,0,11,62,12,0,threshold,11,,0,10000,20000,100000,1000,admit,0,0,1000,0,,,
177560,2,4,60,4,0,threshold,7,,0,10000,20000,100000,1000,drain,1000,0,0,0,,,
177560,2,7,63,7,0,threshold,10,,0,10000,20000,100000,1000,drain,1000,0,0,0,,,
177560,2,8,75,8,0,threshold,5,,0,10000,20000,100000,64,drain,10640,0,10576,0,,,
177560,2,10,75,10,0,threshold,13,,0,10000,20000,100000,64,drain,10640,0,10576,0,,,
177560,2,11,63,11,0,threshold,8,,0,10000,20000,100000,1000,drain,1000,0,0,0,,,
177560,2,12,60,12,0,threshold,11,,0,10000,20000,100000,1000,drain,1000,0,0,0,,,
178072,0,8,77,11,0,threshold,8,,0,10000,20000,100000,64,admit,0,0,64,0,,,
178072,0,10,77,7,0,threshold,10,,0,10000,20000,100000,64,admit,0,0,64,0,,,
183680,0,5,107,8,0,threshold,5,,0,10000,20000,100000,1000,admit,10576,0,11576,0,,,
183680,0,13,107,10,0,threshold,13,,0,10000,20000,100000,1000,admit,10576,0,11576,0,,,
184192,0,5,110,8,0,threshold,5,,0,10000,20000,100000,64,admit,11576,0,11640,0,,,
184192,0,13,110,10,0,threshold,13,,0,10000,20000,100000,64,admit,11576,0,11640,0,,,
185560,0,7,65,4,0,threshold,7,,0,10000,20000,100000,1000,admit,0,0,1000,0,,,
185560,0,11,65,12,0,threshold,11,,0,10000,20000,100000,1000,admit,0,0,1000,0,,,
185560,2,4,63,4,0,threshold,7,,0,10000,20000,100000,1000,drain,1000,0,0,0,,,
185560,2,7,66,7,0,threshold,10,,0,10000,20000,100000,64,drain,64,0,0,0,,,
185560,2,11,66,11,0,threshold,8,,0,10000,20000,100000,64,drain,64,0,0,0,,,
185560,2,12,63,12,0,threshold,11,,0,10000,20000,100000,1000,drain,1000,0,0,0,,,
186072,0,7,68,4,0,threshold,7,,0,10000,20000,100000,64,admit,0,0,64,0,,,
186072,0,8,80,11,0,threshold,8,,0,10000,20000,100000,1000,admit,0,0,1000,0,,,
186072,0,10,80,7,0,threshold,10,,0,10000,20000,100000,1000,admit,0,0,1000,0,,,
186072,0,11,68,12,0,threshold,11,,0,10000,20000,100000,64,admit,0,0,64,0,,,
186072,2,7,69,7,0,threshold,10,,0,10000,20000,100000,1000,drain,1000,0,0,0,,,
186072,2,8,81,8,0,threshold,5,,0,10000,20000,100000,1000,drain,11640,0,10640,0,,,
186072,2,10,81,10,0,threshold,13,,0,10000,20000,100000,1000,drain,11640,0,10640,0,,,
186072,2,11,69,11,0,threshold,8,,0,10000,20000,100000,1000,drain,1000,0,0,0,,,
192192,0,5,113,8,0,threshold,5,,0,10000,20000,100000,1000,admit,10640,0,11640,0,,,
192192,0,13,113,10,0,threshold,13,,0,10000,20000,100000,1000,admit,10640,0,11640,0,,,
192704,0,5,116,8,0,threshold,5,,0,10000,20000,100000,64,admit,11640,0,11704,0,,,
192704,0,13,116,10,0,threshold,13,,0,10000,20000,100000,64,admit,11640,0,11704,0,,,
193560,2,4,66,4,0,threshold,7,,0,10000,20000,100000,64,drain,64,0,0,0,,,
193560,2,12,66,12,0,threshold,11,,0,10000,20000,100000,64,drain,64,0,0,0,,,
194072,0,7,71,4,0,threshold,7,,0,10000,20000,100000,1000,admit,0,0,1000,0,,,
194072,0,8,83,11,0,threshold,8,,0,10000,20000,100000,1000,admit,0,0,1000,0,,,
194072,0,10,83,7,0,threshold,10,,0,10000,20000,100000,1000,admit,0,0,1000,0,,,
194072,0,11,71,12,0,threshold,11,,0,10000,20000,100000,1000,admit,0,0,1000,0,,,
194072,2,4,69,4,0,threshold,7,,0,10000,20000,100000,1000,drain,1000,0,0,0,,,
194072,2,7,72,7,0,threshold,10,,0,10000,20000,100000,1000,drain,1000,0,0,0,,,
194072,2,8,84,8,0,threshold,5,,0,10000,20000,100000,64,drain,11704,0,11640,0,,,
194072,2,10,84,10,0,threshold,13,,0,10000,20000,100000,64,drain,11704,0,11640,0,,,
194072,2,11,72,11,0,threshold,8,,0,10000,20000,100000,1000,drain,1000,0,0,0,,,
194072,2,12,69,12,0,threshold,11,,0,10000,20000,100000,1000,drain,1000,0,0,0,,,
194584,0,8,86,9,0,threshold,8,,0,10000,20000,100000,64,admit,0,0,64,0,,,
194584,0,10,86,6,0,threshold,10,,0,10000,20000,100000,64,admit,0,0,64,0,,,
194584,2,6,9,6,0,threshold,10,,0,10000,20000,100000,64,drain,64,0,0,0,,,
194584,2,9,9,9,0,threshold,8,,0,10000,20000,100000,64,drain,64,0,0,0,,,
200704,0,5,119,8,0,threshold,5,,0,10000,20000,100000,1000,admit,11640,0,12640,0,,,
200704,0,13,119,10,0,threshold,13,,0,10000,20000,100000,1000,admit,11640,0,12640,0,,,
201216,0,5,122,8,0,threshold,5,,0,10000,20000,100000,64,admit,12640,0,12704,0,,,
201216,0,13,122,10,0,threshold,13,,0,10000,20000,100000,64,admit,12640,0,12704,0,,,
202072,0,7,74,4,0,threshold,7,,0,10000,20000,100000,1000,admit,0,0,1000,0,,,
202072,0,11,74,12,0,threshold,11,,0,10000,20000,100000,1000,admit,0,0,1000,0,,,
202072,2,4,72,4,0,threshold,7,,0,10000,20000,100000,1000,drain,1000,0,0,0,,,
202072,2,12,72,12,0,threshold,11,,0,10000,20000,100000,1000,drain,1000,0,0,0,,,
202584,0,8,89,11,0,threshold,8,,0,10000,20000,100000,1000,admit,0,0,1000,0,,,
202584,0,10,89,7,0,threshold,10,,0,10000,20000,100000,1000,admit,0,0,1000,0,,,
202584,2,7,75,7,0,threshold,10,,0,10000,20000,100000,1000,drain,1000,0,0,0,,,
202584,2,8,90,8,0,threshold,5,,0,10000,20000,100000,1000,drain,12704,0,11704,0,,,
202584,2,10,90,10,0,threshold,13,,0,10000,20000,100000,1000,drain,12704,0,11704,0,,,
202584,2,11,75,11,0,threshold,8,,0,10000,20000,100000,1000,drain,1000,0,0,0,,,
209216,0,5,125,8,0,threshold,5,,0,10000,20000,100000,1000,admit,11704,0,12704,0,,,
209216,0,13,125,10,0,threshold,13,,0,10000,20000,100000,1000,admit,11704,0,12704,0,,,
209728,0,5,128,8,0,threshold,5,,0,10000,20000,100000,64,admit,12704,0,12768,0,,,
209728,0,13,128,10,0,threshold,13,,0,10000,20000,100000,64,admit,12704,0,12768,0,,,
210584,0,7,77,4,0,threshold,7,,0,10000,20000,100000,1000,admit,0,0,1000,0,,,
210584,0,8,92,11,0,threshold,8,,0,10000,20000,100000,1000,admit,0,0,1000,0,,,
210584,0,10,92,7,0,threshold,10,,0,10000,20000,100000,1000,admit,0,0,1000,0,,,
210584,0,11,77,12,0,threshold,11,,0,10000,20000,100000,1000,admit,0,0,1000,0,,,
210584,2,4,75,4,0,threshold,7,,0,10000,20000,100000,1000,drain,1000,0,0,0,,,
210584,2,7,78,7,0,threshold,10,,0,10000,20000,100000,1000,drain,1000,0,0,0,,,
210584,2,8,93,8,0,threshold,5,,0,10000,20000,100000,64,drain,12768,0,12704,0,,,
210584,2,10,93,10,0,threshold,13,,0,10000,20000,100000,64,drain,12768,0,12704,0,,,
210584,2,11,78,11,0,threshold,8,,0,10000,20000,100000,1000,drain,1000,0,0,0,,,
210584,2,12,75,12,0,threshold,11,,0,10000,20000,100000,1000,drain,1000,0,0,0,,,
211096,0,8,95,11,0,threshold,8,,0,10000,20000,100000,64,admit,0,0,64,0,,,
211096,0,10,95,7,0,threshold,10,,0,10000,20000,100000,64,admit,0,0,64,0,,,
217728,0,5,131,8,0,threshold,5,,0,10000,20000,100000,1000,admit,12704,0,13704,0,,,
217728,0,13,131,10,0,threshold,13,,0,10000,20000,100000,1000,admit,12704,0,13704,0,,,
218240,0,5,134,8,0,threshold,5,,0,10000,20000,100000,64,admit,13704,0,13768,0,,,
218240,0,13,134,10,0,threshold,13,,0,10000,20000,100000,64,admit,13704,0,13768,0,,,
218584,0,7,80,4,0,threshold,7,,0,10000,20000,100000,1000,admit,0,0,1000,0,,,
218584,0,11,80,12,0,threshold,11,,0,10000,20000,100000,1000,admit,0,0,1000,0,,,
218584,2,4,78,4,0,threshold,7,,0,10000,20000,100000,1000,drain,1000,0,0,0,,,
218584,2,7,81,7,0,threshold,10,,0,10000,20000,100000,64,drain,64,0,0,0,,,
218584,2,11,81,11,0,threshold,8,,0,10000,20000,100000,64,drain,64,0,0,0,,,
218584,2,12,78,12,0,threshold,11,,0,10000,20000,100000,1000,drain,1000,0,0,0,,,
219096,0,7,83,4,0,threshold,7,,0,10000,20000,100000,64,admit,0,0,64,0,,,
219096,0,8,98,11,0,threshold,8,,0,10000,20000,100000,1000,admit,0,0,1000,0,,,
219096,0,10,98,7,0,threshold,10,,0,10000,20000,100000,1000,admit,0,0,1000,0,,,
219096,0,11,83,12,0,threshold,11,,0,10000,20000,100000,64,admit,0,0,64,0,,,
219096,2,7,84,7,0,threshold,10,,0,10000,20000,100000,1000,drain,1000,0,0,0,,,
219096,2,8,99,8,0,threshold,5,,0,10000,20000,100000,1000,drain,13768,0,12768,0,,,
219096,2,10,99,10,0,threshold,13,,0,10000,20000,100000,1000,drain,13768,0,12768,0,,,
219096,2,11,84,11,0,threshold,8,,0,10000,20000,100000,1000,drain,1000,0,0,0,,,
226240,0,5,137,8,0,threshold,5,,0,10000,20000,100000,1000,admit,12768,0,13768,0,,,
226240,0,13,137,10,0,threshold,13,,0,10000,20000,100000,1000,admit,12768,0,13768,0,,,
226584,2,4,81,4,0,threshold,7,,0,10000,20000,100000,64,drain,64,0,0,0,,,
226584,2,12,81,12,0,threshold,11,,0,10000,20000,100000,64,drain,64,0,0,0,,,
226752,0,5,140,8,0,threshold,5,,0,10000,20000,100000,64,admit,13768,0,13832,0,,,
226752,0,13,140,10,0,threshold,13,,0,10000,20000,100000,64,admit,13768,0,13832,0,,,
227096,0,7,86,4,0,threshold,7,,0,10000,20000,100000,1000,admit,0,0,1000,0,,,
227096,0,8,101,11,0,threshold,8,,0,10000,20000,100000,1000,admit,0,0,1000,0,,,
227096,0,10,101,7,0,threshold,10,,0,10000,20000,100000,1000,admit,0,0,1000,0,,,
227096,0,11,86,12,0,threshold,11,,0,10000,20000,100000,1000,admit,0,0,1000,0,,,
227096,2,4,84,4,0,threshold,7,,0,10000,20000,100000,1000,drain,1000,0,0,0,,,
227096,2,7,87,7,0,threshold,10,,0,10000,20000,100000,1000,drain,1000,0,0,0,,,
227096,2,8,102,8,0,threshold,5,,0,10000,20000,100000,64,drain,13832,0,13768,0,,,
227096,2,10,102,10,0,threshold,13,,0,10000,20000,100000,64,drain,13832,0,13768,0,,,
227096,2,11,87,11,0,threshold,8,,0,10000,20000,100000,1000,drain,1000,0,0,0,,,
227096,2,12,84,12,0,threshold,11,,0,10000,20000,100000,1000,drain,1000,0,0,0,,,
227608,0,8,104,9,0,threshold,8,,0,10000,20000,100000,64,admit,0,0,64,0,,,
227608,0,10,104,6,0,threshold,10,,0,10000,20000,100000,64,admit,0,0,64,0,,,
227608,2,6,12,6,0,threshold,10,,0,10000,20000,100000,64,drain,64,0,0,0,,,
227608,2,9,12,9,0,threshold,8,,0,10000,20000,100000,64,drain,64,0,0,0,,,
234752,0,5,143,8,0,threshold,5,,0,10000,20000,100000,1000,admit,13768,0,14768,0,,,
234752,0,13,143,10,0,threshold,13,,0,10000,20000,100000,1000,admit,13768,0,14768,0,,,
235096,0,7,89,4,0,threshold,7,,0,10000,20000,100000,1000,admit,0,0,1000,0,,,
235096,0,11,89,12,0,threshold,11,,0,10000,20000,100000,1000,admit,0,0,1000,0,,,
235096,2,4,87,4,0,threshold,7,,0,10000,20000,100000,1000,drain,1000,0,0,0,,,
235096,2,12,87,12,0,threshold,11,,0,10000,20000,100000,1000,drain,1000,0,0,0,,,
235264,0,5,146,8,0,threshold,5,,0,10000,20000,100000,64,admit,14768,0,14832,0,,,
235264,0,13,146,10,0,threshold,13,,0,10000,20000,100000,64,admit,14768,0,14832,0,,,
235608,0,8,107,11,0,threshold,8,,0,10000,20000,100000,1000,admit,0,0,1000,0,,,
235608,0,10,107,7,0,threshold,10,,0,10000,20000,100000,1000,admit,0,0,1000,0,,,
235608,2,7,90,7,0,threshold,10,,0,10000,20000,100000,1000,drain,1000,0,0,0,,,
235608,2,8,108,8,0,threshold,5,,0,10000,20000,100000,1000,drain,14832,0,13832,0,,,
235608,2,10,108,10,0,threshold,13,,0,10000,20000,100000,1000,drain,14832,0,13832,0,,,
235608,2,11,90,11,0,threshold,8,,0,10000,20000,100000,1000,drain,1000,0,0,0,,,
243264,0,5,149,8,0,threshold,5,,0,10000,20000,100000,1000,admit,13832,0,14832,0,,,
243264,0,13,149,10,0,threshold,13,,0,10000,20000,100000,1000,admit,13832,0,14832,0,,,
243608,0,7,92,4,0,threshold,7,,0,10000,20000,100000,1000,admit,0,0,1000,0,,,
243608,0,8,110,11,0,threshold,8,,0,10000,20000,100000,1000,admit,0,0,1000,0,,,
243608,0,10,110,7,0,threshold,10,,0,10000,20000,100000,1000,admit,0,0,1000,0,,,
243608,0,11,92,12,0,threshold,11,,0,10000,20000,100000,1000,admit,0,0,1000,0,,,
243608,2,4,90,4,0,threshold,7,,0,10000,20000,100000,1000,drain,1000,0,0,0,,,
243608,2,7,93,7,0,threshold,10,,0,10000,20000,100000,1000,drain,1000,0,0,0,,,
243608,2,8,111,8,0,threshold,5,,0,10000,20000,100000,64,drain,14832,0,14768,0,,,
243608,2,10,111,10,0,threshold,13,,0,10000,20000,100000,64,drain,14832,0,14768,0,,,
243608,2,11,93,11,0,threshold,8,,0,10000,20000,100000,1000,drain,1000,0,0,0,,,
243608,2,12,90,12,0,threshold,11,,0,10000,20000,100000,1000,drain,1000,0,0,0,,,
243776,0,5,152,8,0,threshold,5,,0,10000,20000,100000,64,admit,14768,0,14832,0,,,
243776,0,13,152,10,0,threshold,13,,0,10000,20000,100000,64,admit,14768,0,14832,0,,,
244120,0,8,113,11,0,threshold,8,,0,10000,20000,100000,64,admit,0,0,64,0,,,
244120,0,10,113,7,0,threshold,10,,0,10000,20000,100000,64,admit,0,0,64,0,,,
251608,0,7,95,4,0,threshold,7,,0,10000,20000,100000,1000,admit,0,0,1000,0,,,
251608,0,11,95,12,0,threshold,11,,0,10000,20000,100000,1000,admit,0,0,1000,0,,,
251608,2,4,93,4,0,threshold,7,,0,10000,20000,100000,1000,drain,1000,0,0,0,,,
251608,2,7,96,7,0,threshold,10,,0,10000,20000,100000,64,drain,64,0,0,0,,,
251608,2,11,96,11,0,threshold,8,,0,10000,20000,100000,64,drain,64,0,0,0,,,
251608,2,12,93,12,0,threshold,11,,0,10000,20000,100000,1000,drain,1000,0,0,0,,,
251776,0,5,155,8,0,threshold,5,,0,10000,20000,100000,1000,admit,14832,0,15832,0,,,
251776,0,13,155,10,0,threshold,13,,0,10000,20000,100000,1000,admit,14832,0,15832,0,,,
252120,0,7,98,4,0,threshold,7,,0,10000,20000,100000,64,admit,0,0,64,0,,,
252120,0,8,116,11,0,threshold,8,,0,10000,20000,100000,1000,admit,0,0,1000,0,,,
252120,0,10,116,7,0,threshold,10,,0,10000,20000,100000,1000,admit,0,0,1000,0,,,
252120,0,11,98,12,0,threshold,11,,0,10000,20000,100000,64,admit,0,0,64,0,,,
252120,2,7,99,7,0,threshold,10,,0,10000,20000,100000,1000,drain,1000,0,0,0,,,
252120,2,8,117,8,0,threshold,5,,0,10000,20000,100000,1000,drain,15832,0,14832,0,,,
252120,2,10,117,10,0,threshold,13,,0,10000,20000,100000,1000,drain,15832,0,14832,0,,,
252120,2,11,99,11,0,threshold,8,,0,10000,20000,100000,1000,drain,1000,0,0,0,,,
252288,0,5,158,8,0,threshold,5,,0,10000,20000,100000,64,admit,14832,0,14896,0,,,
252288,0,13,158,10,0,threshold,13,,0,10000,20000,100000,64,admit,14832,0,14896,0,,,
259608,2,4,96,4,0,threshold,7,,0,10000,20000,100000,64,drain,64,0,0,0,,,
259608,2,12,96,12,0,threshold,11,,0,10000,20000,100000,64,drain,64,0,0,0,,,
260120,0,7,101,4,0,threshold,7,,0,10000,20000,100000,1000,admit,0,0,1000,0,,,
260120,0,8,119,11,0,threshold,8,,0,10000,20000,100000,1000,admit,0,0,1000,0,,,
260120,0,10,119,7,0,threshold,10,,0,10000,20000,100000,1000,admit,0,0,1000,0,,,
260120,0,11,101,12,0,threshold,11,,0,10000,20000,100000,1000,admit,0,0,1000,0,,,
260120,2,4,99,4,0,threshold,7,,0,10000,20000,100000,1000,drain,1000,0,0,0,,,
260120,2,7,102,7,0,threshold,10,,0,10000,20000,100000,1000,drain,1000,0,0,0,,,
260120,2,8,120,8,0,threshold,5,,0,10000,20000,100000,64,drain,14896,0,14832,0,,,
260120,2,10,120,10,0,threshold,13,,0,10000,20000,100000,64,drain,14896,0,14832,0,,,
260120,2,11,102,11,0,threshold,8,,0,10000,20000,100000,1000,drain,1000,0,0,0,,,
260120,2,12,99,12,0,threshold,11,,0,10000,20000,100000,1000,drain,1000,0,0,0,,,
260288,0,5,161,8,0,threshold,5,,0,10000,20000,100000,1000,admit,14832,0,15832,0,,,
260288,0,13,161,10,0,threshold,13,,0,10000,20000,100000,1000,admit,14832,0,15832,0,,,
260632,0,8,122,9,0,threshold,8,,0,10000,20000,100000,64,admit,0,0,64,0,,,
260632,0,10,122,6,0,threshold,10,,0,10000,20000,100000,64,admit,0,0,64,0,,,
260632,2,6,15,6,0,threshold,10,,0,10000,20000,100000,64,drain,64,0,0,0,,,
260632,2,9,15,9,0,threshold,8,,0,10000,20000,100000,64,drain,64,0,0,0,,,
260800,0,5,164,8,0,threshold,5,,0,10000,20000,100000,64,admit,15832,0,15896,0,,,
260800,0,13,164,10,0,threshold,13,,0,10000,20000,100000,64,admit,15832,0,15896,0,,,
268120,0,7,104,4,0,threshold,7,,0,10000,20000,100000,1000,admit,0,0,1000,0,,,
268120,0,11,104,12,0,threshold,11,,0,10000,20000,100000,1000,admit,0,0,1000,0,,,
268120,2,4,102,4,0,threshold,7,,0,10000,20000,100000,1000,drain,1000,0,0,0,,,
268120,2,12,102,12,0,threshold,11,,0,10000,20000,100000,1000,drain,1000,0,0,0,,,
268632,0,8,125,11,0,threshold,8,,0,10000,20000,100000,1000,admit,0,0,1000,0,,,
268632,0,10,125,7,0,threshold,10,,0,10000,20000,100000,1000,admit,0,0,1000,0,,,
268632,2,7,105,7,0,threshold,10,,0,10000,20000,100000,1000,drain,1000,0,0,0,,,
268632,2,8,126,8,0,threshold,5,,0,10000,20000,100000,1000,drain,15896,0,14896,0,,,
268632,2,10,126,10,0,threshold,13,,0,10000,20000,100000,1000,drain,15896,0,14896,0,,,
268632,2,11,105,11,0,threshold,8,,0,10000,20000,100000,1000,drain,1000,0,0,0,,,
268800,0,5,167,8,0,threshold,5,,0,10000,20000,100000,1000,admit,14896,0,15896,0,,,
268800,0,13,167,10,0,threshold,13,,0,10000,20000,100000,1000,admit,14896,0,15896,0,,,
269312,0,5,170,8,0,threshold,5,,0,10000,20000,100000,64,admit,15896,0,15960,0,,,
269312,0,13,170,10,0,threshold,13,,0,10000,20000,100000,64,admit,15896,0,15960,0,,,
276632,0,7,107,4,0,threshold,7,,0,10000,20000,100000,1000,admit,0,0,1000,0,,,
276632,0,8,128,11,0,threshold,8,,0,10000,20000,100000,1000,admit,0,0,1000,0,,,
276632,0,10,128,7,0,threshold,10,,0,10000,20000,100000,1000,admit,0,0,1000,0,,,
276632,0,11,107,12,0,threshold,11,,0,10000,20000,100000,1000,admit,0,0,1000,0,,,
276632,2,4,105,4,0,threshold,7,,0,10000,20000,100000,1000,drain,1000,0,0,0,,,
276632,2,7,108,7,0,threshold,10,,0,10000,20000,100000,1000,drain,1000,0,0,0,,,
276632,2,8,129,8,0,threshold,5,,0,10000,20000,100000,64,drain,15960,0,15896,0,,,
276632,2,10,129,10,0,threshold,13,,0,10000,20000,100000,64,drain,15960,0,15896,0,,,
276632,2,11,108,11,0,threshold,8,,0,10000,20000,100000,1000,drain,1000,0,0,0,,,
276632,2,12,105,12,0,threshold,11,,0,10000,20000,100000,1000,drain,1000,0,0,0,,,
277144,0,8,131,11,0,threshold,8,,0,10000,20000,100000,64,admit,0,0,64,0,,,
277144,0,10,131,7,0,threshold,10,,0,10000,20000,100000,64,admit,0,0,64,0,,,
277312,0,5,173,8,0,threshold,5,,0,10000,20000,100000,1000,admit,15896,0,16896,0,,,
277312,0,13,173,10,0,threshold,13,,0,10000,20000,100000,1000,admit,15896,0,16896,0,,,
277824,0,5,176,8,0,threshold,5,,0,10000,20000,100000,64,admit,16896,0,16960,0,,,
277824,0,13,176,10,0,threshold,13,,0,10000,20000,100000,64,admit,16896,0,16960,0,,,
284632,0,7,110,4,0,threshold,7,,0,10000,20000,100000,1000,admit,0,0,1000,0,,,
284632,0,11,110,12,0,threshold,11,,0,10000,20000,100000,1000,admit,0,0,1000,0,,,
284632,2,4,108,4,0,threshold,7,,0,10000,20000,100000,1000,drain,1000,0,0,0,,,
284632,2,7,111,7,0,threshold,10,,0,10000,20000,100000,64,drain,64,0,0,0,,,
284632,2,11,111,11,0,threshold,8,,0,10000,20000,100000,64,drain,64,0,0,0,,,
284632,2,12,108,12,0,threshold,11,,0,10000,20000,100000,1000,drain,1000,0,0,0,,,
285144,0,7,113,4,0,threshold,7,,0,10000,20000,100000,64,admit,0,0,64,0,,,
285144,0,8,134,11,0,threshold,8,,0,10000,20000,100000,1000,admit,0,0,1000,0,,,
285144,0,10,134,7,0,threshold,10,,0,10000,20000,100000,1000,admit,0,0,1000,0,,,
285144,0,11,113,12,0,threshold,11,,0,10000,20000,100000,64,admit,0,0,64,0,,,
285144,2,7,114,7,0,threshold,10,,0,10000,20000,100000,1000,drain,1000,0,0,0,,,
285144,2,8,135,8,0,threshold,5,,0,10000,20000,100000,1000,drain,16960,0,15960,0,,,
285144,2,10,135,10,0,threshold,13,,0,10000,20000,100000,1000,drain,16960,0,15960,0,,,
285144,2,11,114,11,0,threshold,8,,0,10000,20000,100000,1000,drain,1000,0,0,0,,,
285824,0,5,179,8,0,threshold,5,,0,10000,20000,100000,1000,admit,15960,0,16960,0,,,
285824,0,13,179,10,0,threshold,13,,0,10000,20000,100000,1000,admit,15960,0,16960,0,,,
286336,0,5,182,8,0,threshold,5,,0,10000,20000,100000,64,admit,16960,0,17024,0,,,
286336,0,13,182,10,0,threshold,13,,0,10000,20000,100000,64,admit,16960,0,17024,0,,,
292632,2,4,111,4,0,threshold,7,,0,10000,20000,100000,64,drain,64,0,0,0,,,
292632,2,12,111,12,0,threshold,11,,0,10000,20000,100000,64,drain,64,0,0,0,,,
293144,0,7,116,4,0,threshold,7,,0,10000,20000,100000,1000,admit,0,0,1000,0,,,
293144,0,8,137,11,0,threshold,8,,0,10000,20000,100000,1000,admit,0,0,1000,0,,,
293144,0,10,137,7,0,threshold,10,,0,10000,20000,100000,1000,admit,0,0,1000,0,,,
293144,0,11,116,12,0,threshold,11,,0,10000,20000,100000,1000,admit,0,0,1000,0,,,
293144,2,4,114,4,0,threshold,7,,0,10000,20000,100000,1000,drain,1000,0,0,0,,,
293144,2,7,117,7,0,threshold,10,,0,10000,20000,100000,1000,drain,1000,0,0,0,,,
293144,2,11,117,11,0,threshold,8,,0,10000,20000,100000,1000,drain,1000,0,0,0,,,
293144,2,12,114,12,0,threshold,11,,0,10000,20000,100000,1000,drain,1000,0,0,0,,,
294336,0,5,185,8,0,threshold,5,,0,10000,20000,100000,1000,admit,17024,0,18024,0,,,
294336,0,13,185,10,0,threshold,13,,0,10000,20000,100000,1000,admit,17024,0,18024,0,,,
294848,0,5,188,8,0,threshold,5,,0,10000,20000,100000,64,admit,18024,0,18088,0,,,
294848,0,13,188,10,0,threshold,13,,0,10000,20000,100000,64,admit,18024,0,18088,0,,,
301144,0,7,119,4,0,threshold,7,,0,10000,20000,100000,1000,admit,0,0,1000,0,,,
301144,0,8,140,11,0,threshold,8,,0,10000,20000,100000,1000,admit,0,0,1000,0,,,
301144,0,10,140,7,0,threshold,10,,0,10000,20000,100000,1000,admit,0,0,1000,0,,,
301144,0,11,119,12,0,threshold,11,,0,10000,20000,100000,1000,admit,0,0,1000,0,,,
301144,2,4,117,4,0,threshold,7,,0,10000,20000,100000,1000,drain,1000,0,0,0,,,
301144,2,7,120,7,0,threshold,10,,0,10000,20000,100000,1000,drain,1000,0,0,0,,,
301144,2,8,141,8,0,threshold,5,,0,10000,20000,100000,1000,drain,18088,0,17088,0,,,
301144,2,10,141,10,0,threshold,13,,0,10000,20000,100000,1000,drain,18088,0,17088,0,,,
301144,2,11,120,11,0,threshold,8,,0,10000,20000,100000,1000,drain,1000,0,0,0,,,
301144,2,12,117,12,0,threshold,11,,0,10000,20000,100000,1000,drain,1000,0,0,0,,,
302848,0,5,191,8,0,threshold,5,,0,10000,20000,100000,1000,admit,17088,0,18088,0,,,
302848,0,13,191,10,0,threshold,13,,0,10000,20000,100000,1000,admit,17088,0,18088,0,,,
303360,0,5,194,8,0,threshold,5,,0,10000,20000,100000,64,admit,18088,0,18152,0,,,
303360,0,13,194,10,0,threshold,13,,0,10000,20000,100000,64,admit,18088,0,18152,0,,,
309144,0,7,122,4,0,threshold,7,,0,10000,20000,100000,1000,admit,0,0,1000,0,,,
309144,0,8,143,11,0,threshold,8,,0,10000,20000,100000,1000,admit,0,0,1000,0,,,
309144,0,10,143,7,0,threshold,10,,0,10000,20000,100000,1000,admit,0,0,1000,0,,,
309144,0,11,122,12,0,threshold,11,,0,10000,20000,100000,1000,admit,0,0,1000,0,,,
309144,2,4,120,4,0,threshold,7,,0,10000,20000,100000,1000,drain,1000,0,0,0,,,
309144,2,7,123,7,0,threshold,10,,0,10000,20000,100000,1000,drain,1000,0,0,0,,,
309144,2,8,144,8,0,threshold,5,,0,10000,20000,100000,64,drain,18152,0,18088,0,,,
309144,2,10,144,10,0,threshold,13,,0,10000,20000,100000,64,drain,18152,0,18088,0,,,
309144,2,11,123,11,0,threshold,8,,0,10000,20000,100000,1000,drain,1000,0,0,0,,,
309144,2,12,120,12,0,threshold,11,,0,10000,20000,100000,1000,drain,1000,0,0,0,,,
309656,0,8,146,9,0,threshold,8,,0,10000,20000,100000,64,admit,0,0,64,0,,,
309656,0,10,146,6,0,threshold,10,,0,10000,20000,100000,64,admit,0,0,64,0,,,
309656,2,6,18,6,0,threshold,10,,0,10000,20000,100000,64,drain,64,0,0,0,,,
309656,2,9,18,9,0,threshold,8,,0,10000,20000,100000,64,drain,64,0,0,0,,,
311360,0,5,197,8,0,threshold,5,,0,10000,20000,100000,1000,admit,18088,0,19088,0,,,
311360,0,13,197,10,0,threshold,13,,0,10000,20000,100000,1000,admit,18088,0,19088,0,,,
311872,0,5,200,8,0,threshold,5,,0,10000,20000,100000,64,admit,19088,0,19152,0,,,
311872,0,13,200,10,0,threshold,13,,0,10000,20000,100000,64,admit,19088,0,19152,0,,,
317144,0,7,125,4,0,threshold,7,,0,10000,20000,100000,1000,admit,0,0,1000,0,,,
317144,0,11,125,12,0,threshold,11,,0,10000,20000,100000,1000,admit,0,0,1000,0,,,
317144,2,4,123,4,0,threshold,7,,0,10000,20000,100000,1000,drain,1000,0,0,0,,,
317144,2,12,123,12,0,threshold,11,,0,10000,20000,100000,1000,drain,1000,0,0,0,,,
317656,0,8,149,11,0,threshold,8,,0,10000,20000,100000,1000,admit,0,0,1000,0,,,
317656,0,10,149,7,0,threshold,10,,0,10000,20000,100000,1000,admit,0,0,1000,0,,,
317656,2,7,126,7,0,threshold,10,,0,10000,20000,100000,1000,drain,1000,0,0,0,,,
317656,2,8,150,8,0,threshold,5,,0,10000,20000,100000,1000,drain,19152,0,18152,0,,,
317656,2,10,150,10,0,threshold,13,,0,10000,20000,100000,1000,drain,19152,0,18152,0,,,
317656,2,11,126,11,0,threshold,8,,0,10000,20000,100000,1000,drain,1000,0,0,0,,,
319872,0,5,203,8,0,threshold,5,,0,10000,20000,100000,1000,admit,18152,0,19152,0,,,
319872,0,13,203,10,0,threshold,13,,0,10000,20000,100000,1000,admit,18152,0,19152,0,,,
320384,0,5,206,8,0,threshold,5,,0,10000,20000,100000,64,admit,19152,0,19216,0,,,
320384,0,13,206,10,0,threshold,13,,0,10000,20000,100000,64,admit,19152,0,19216,0,,,
325656,0,7,128,4,0,threshold,7,,0,10000,20000,100000,1000,admit,0,0,1000,0,,,
325656,0,8,152,11,0,threshold,8,,0,10000,20000,100000,1000,admit,0,0,1000,0,,,
325656,0,10,152,7,0,threshold,10,,0,10000,20000,100000,1000,admit,0,0,1000,0,,,
325656,0,11,128,12,0,threshold,11,,0,10000,20000,100000,1000,admit,0,0,1000,0,,,
325656,2,4,126,4,0,threshold,7,,0,10000,20000,100000,1000,drain,1000,0,0,0,,,
325656,2,7,129,7,0,threshold,10,,0,10000,20000,100000,1000,drain,1000,0,0,0,,,
325656,2,11,129,11,0,threshold,8,,0,10000,20000,100000,1000,drain,1000,0,0,0,,,
325656,2,12,126,12,0,threshold,11,,0,10000,20000,100000,1000,drain,1000,0,0,0,,,
328384,0,5,209,8,0,threshold,5,,0,10000,20000,100000,1000,admit,19216,0,20216,1,pause,,
328384,0,13,209,10,0,threshold,13,,0,10000,20000,100000,1000,admit,19216,0,20216,1,pause,,
328896,0,5,212,8,0,threshold,5,,0,10000,20000,100000,64,admit,20216,1,20280,1,,,
328896,0,8,156,5,0,control,5,8,0,,,,,,,,,,pause,,8
328896,0,10,156,13,0,control,13,10,0,,,,,,,,,,pause,,10
328896,0,13,212,10,0,threshold,13,,0,10000,20000,100000,64,admit,20216,1,20280,1,,,
333656,0,7,131,4,0,threshold,7,,0,10000,20000,100000,1000,admit,0,0,1000,0,,,
333656,0,8,155,11,0,threshold,8,,0,10000,20000,100000,1000,admit,0,0,1000,0,,,
333656,0,10,155,7,0,threshold,10,,0,10000,20000,100000,1000,admit,0,0,1000,0,,,
333656,0,11,131,12,0,threshold,11,,0,10000,20000,100000,1000,admit,0,0,1000,0,,,
333656,2,4,129,4,0,threshold,7,,0,10000,20000,100000,1000,drain,1000,0,0,0,,,
333656,2,7,132,7,0,threshold,10,,0,10000,20000,100000,1000,drain,1000,0,0,0,,,
333656,2,8,157,8,0,threshold,5,,0,10000,20000,100000,64,drain,20280,1,20216,1,,,
333656,2,10,157,10,0,threshold,13,,0,10000,20000,100000,64,drain,20280,1,20216,1,,,
333656,2,11,132,11,0,threshold,8,,0,10000,20000,100000,1000,drain,1000,0,0,0,,,
333656,2,12,129,12,0,threshold,11,,0,10000,20000,100000,1000,drain,1000,0,0,0,,,
334168,0,8,159,11,0,threshold,8,,0,10000,20000,100000,64,admit,0,0,64,0,,,
334168,0,10,159,7,0,threshold,10,,0,10000,20000,100000,64,admit,0,0,64,0,,,
341656,0,7,134,4,0,threshold,7,,0,10000,20000,100000,1000,admit,0,0,1000,0,,,
341656,0,11,134,12,0,threshold,11,,0,10000,20000,100000,1000,admit,0,0,1000,0,,,
341656,2,4,132,4,0,threshold,7,,0,10000,20000,100000,1000,drain,1000,0,0,0,,,
341656,2,7,135,7,0,threshold,10,,0,10000,20000,100000,64,drain,64,0,0,0,,,
341656,2,11,135,11,0,threshold,8,,0,10000,20000,100000,64,drain,64,0,0,0,,,
341656,2,12,132,12,0,threshold,11,,0,10000,20000,100000,1000,drain,1000,0,0,0,,,
342168,0,7,137,4,0,threshold,7,,0,10000,20000,100000,64,admit,0,0,64,0,,,
342168,0,8,162,11,0,threshold,8,,0,10000,20000,100000,1000,admit,0,0,1000,0,,,
342168,0,10,162,7,0,threshold,10,,0,10000,20000,100000,1000,admit,0,0,1000,0,,,
342168,0,11,137,12,0,threshold,11,,0,10000,20000,100000,64,admit,0,0,64,0,,,
342168,2,7,138,7,0,threshold,10,,0,10000,20000,100000,1000,drain,1000,0,0,0,,,
342168,2,8,163,8,0,threshold,5,,0,10000,20000,100000,1000,drain,20216,1,19216,1,,,
342168,2,10,163,10,0,threshold,13,,0,10000,20000,100000,1000,drain,20216,1,19216,1,,,
342168,2,11,138,11,0,threshold,8,,0,10000,20000,100000,1000,drain,1000,0,0,0,,,
349656,2,4,135,4,0,threshold,7,,0,10000,20000,100000,64,drain,64,0,0,0,,,
349656,2,12,135,12,0,threshold,11,,0,10000,20000,100000,64,drain,64,0,0,0,,,
350168,0,7,140,4,0,threshold,7,,0,10000,20000,100000,1000,admit,0,0,1000,0,,,
350168,0,8,165,11,0,threshold,8,,0,10000,20000,100000,1000,admit,0,0,1000,0,,,
350168,0,10,165,7,0,threshold,10,,0,10000,20000,100000,1000,admit,0,0,1000,0,,,
350168,0,11,140,12,0,threshold,11,,0,10000,20000,100000,1000,admit,0,0,1000,0,,,
350168,2,4,138,4,0,threshold,7,,0,10000,20000,100000,1000,drain,1000,0,0,0,,,
350168,2,7,141,7,0,threshold,10,,0,10000,20000,100000,1000,drain,1000,0,0,0,,,
350168,2,8,166,8,0,threshold,5,,0,10000,20000,100000,64,drain,19216,1,19152,1,,,
350168,2,10,166,10,0,threshold,13,,0,10000,20000,100000,64,drain,19216,1,19152,1,,,
350168,2,11,141,11,0,threshold,8,,0,10000,20000,100000,1000,drain,1000,0,0,0,,,
350168,2,12,138,12,0,threshold,11,,0,10000,20000,100000,1000,drain,1000,0,0,0,,,
350680,0,8,168,9,0,threshold,8,,0,10000,20000,100000,64,admit,0,0,64,0,,,
350680,0,10,168,6,0,threshold,10,,0,10000,20000,100000,64,admit,0,0,64,0,,,
350680,2,6,21,6,0,threshold,10,,0,10000,20000,100000,64,drain,64,0,0,0,,,
350680,2,9,21,9,0,threshold,8,,0,10000,20000,100000,64,drain,64,0,0,0,,,
358168,0,7,143,4,0,threshold,7,,0,10000,20000,100000,1000,admit,0,0,1000,0,,,
358168,0,11,143,12,0,threshold,11,,0,10000,20000,100000,1000,admit,0,0,1000,0,,,
358168,2,4,141,4,0,threshold,7,,0,10000,20000,100000,1000,drain,1000,0,0,0,,,
358168,2,12,141,12,0,threshold,11,,0,10000,20000,100000,1000,drain,1000,0,0,0,,,
358680,0,8,171,11,0,threshold,8,,0,10000,20000,100000,1000,admit,0,0,1000,0,,,
358680,0,10,171,7,0,threshold,10,,0,10000,20000,100000,1000,admit,0,0,1000,0,,,
358680,2,7,144,7,0,threshold,10,,0,10000,20000,100000,1000,drain,1000,0,0,0,,,
358680,2,8,172,8,0,threshold,5,,0,10000,20000,100000,1000,drain,19152,1,18152,1,,,
358680,2,10,172,10,0,threshold,13,,0,10000,20000,100000,1000,drain,19152,1,18152,1,,,
358680,2,11,144,11,0,threshold,8,,0,10000,20000,100000,1000,drain,1000,0,0,0,,,
366680,0,7,146,4,0,threshold,7,,0,10000,20000,100000,1000,admit,0,0,1000,0,,,
366680,0,8,174,11,0,threshold,8,,0,10000,20000,100000,1000,admit,0,0,1000,0,,,
366680,0,10,174,7,0,threshold,10,,0,10000,20000,100000,1000,admit,0,0,1000,0,,,
366680,0,11,146,12,0,threshold,11,,0,10000,20000,100000,1000,admit,0,0,1000,0,,,
366680,2,4,144,4,0,threshold,7,,0,10000,20000,100000,1000,drain,1000,0,0,0,,,
366680,2,7,147,7,0,threshold,10,,0,10000,20000,100000,1000,drain,1000,0,0,0,,,
366680,2,8,175,8,0,threshold,5,,0,10000,20000,100000,64,drain,18152,1,18088,1,,,
366680,2,10,175,10,0,threshold,13,,0,10000,20000,100000,64,drain,18152,1,18088,1,,,
366680,2,11,147,11,0,threshold,8,,0,10000,20000,100000,1000,drain,1000,0,0,0,,,
366680,2,12,144,12,0,threshold,11,,0,10000,20000,100000,1000,drain,1000,0,0,0,,,
367192,0,8,177,11,0,threshold,8,,0,10000,20000,100000,64,admit,0,0,64,0,,,
367192,0,10,177,7,0,threshold,10,,0,10000,20000,100000,64,admit,0,0,64,0,,,
374680,0,7,149,4,0,threshold,7,,0,10000,20000,100000,1000,admit,0,0,1000,0,,,
374680,0,11,149,12,0,threshold,11,,0,10000,20000,100000,1000,admit,0,0,1000,0,,,
374680,2,4,147,4,0,threshold,7,,0,10000,20000,100000,1000,drain,1000,0,0,0,,,
374680,2,7,150,7,0,threshold,10,,0,10000,20000,100000,64,drain,64,0,0,0,,,
374680,2,11,150,11,0,threshold,8,,0,10000,20000,100000,64,drain,64,0,0,0,,,
374680,2,12,147,12,0,threshold,11,,0,10000,20000,100000,1000,drain,1000,0,0,0,,,
375192,0,7,152,4,0,threshold,7,,0,10000,20000,100000,64,admit,0,0,64,0,,,
375192,0,8,180,11,0,threshold,8,,0,10000,20000,100000,1000,admit,0,0,1000,0,,,
375192,0,10,180,7,0,threshold,10,,0,10000,20000,100000,1000,admit,0,0,1000,0,,,
375192,0,11,152,12,0,threshold,11,,0,10000,20000,100000,64,admit,0,0,64,0,,,
375192,2,7,153,7,0,threshold,10,,0,10000,20000,100000,1000,drain,1000,0,0,0,,,
375192,2,8,181,8,0,threshold,5,,0,10000,20000,100000,1000,drain,18088,1,17088,1,,,
375192,2,10,181,10,0,threshold,13,,0,10000,20000,100000,1000,drain,18088,1,17088,1,,,
375192,2,11,153,11,0,threshold,8,,0,10000,20000,100000,1000,drain,1000,0,0,0,,,
382680,2,4,150,4,0,threshold,7,,0,10000,20000,100000,64,drain,64,0,0,0,,,
382680,2,12,150,12,0,threshold,11,,0,10000,20000,100000,64,drain,64,0,0,0,,,
383192,0,7,155,4,0,threshold,7,,0,10000,20000,100000,1000,admit,0,0,1000,0,,,
383192,0,8,183,11,0,threshold,8,,0,10000,20000,100000,1000,admit,0,0,1000,0,,,
383192,0,10,183,7,0,threshold,10,,0,10000,20000,100000,1000,admit,0,0,1000,0,,,
383192,0,11,155,12,0,threshold,11,,0,10000,20000,100000,1000,admit,0,0,1000,0,,,
383192,2,4,153,4,0,threshold,7,,0,10000,20000,100000,1000,drain,1000,0,0,0,,,
383192,2,7,156,7,0,threshold,10,,0,10000,20000,100000,1000,drain,1000,0,0,0,,,
383192,2,8,184,8,0,threshold,5,,0,10000,20000,100000,64,drain,17088,1,17024,1,,,
383192,2,10,184,10,0,threshold,13,,0,10000,20000,100000,64,drain,17088,1,17024,1,,,
383192,2,11,156,11,0,threshold,8,,0,10000,20000,100000,1000,drain,1000,0,0,0,,,
383192,2,12,153,12,0,threshold,11,,0,10000,20000,100000,1000,drain,1000,0,0,0,,,
383704,0,8,186,9,0,threshold,8,,0,10000,20000,100000,64,admit,0,0,64,0,,,
383704,0,10,186,6,0,threshold,10,,0,10000,20000,100000,64,admit,0,0,64,0,,,
383704,2,6,24,6,0,threshold,10,,0,10000,20000,100000,64,drain,64,0,0,0,,,
383704,2,9,24,9,0,threshold,8,,0,10000,20000,100000,64,drain,64,0,0,0,,,
391192,0,7,158,4,0,threshold,7,,0,10000,20000,100000,1000,admit,0,0,1000,0,,,
391192,0,11,158,12,0,threshold,11,,0,10000,20000,100000,1000,admit,0,0,1000,0,,,
391192,2,4,156,4,0,threshold,7,,0,10000,20000,100000,1000,drain,1000,0,0,0,,,
391192,2,12,156,12,0,threshold,11,,0,10000,20000,100000,1000,drain,1000,0,0,0,,,
391704,0,8,189,11,0,threshold,8,,0,10000,20000,100000,1000,admit,0,0,1000,0,,,
391704,0,10,189,7,0,threshold,10,,0,10000,20000,100000,1000,admit,0,0,1000,0,,,
391704,2,7,159,7,0,threshold,10,,0,10000,20000,100000,1000,drain,1000,0,0,0,,,
391704,2,8,190,8,0,threshold,5,,0,10000,20000,100000,1000,drain,17024,1,16024,1,,,
391704,2,10,190,10,0,threshold,13,,0,10000,20000,100000,1000,drain,17024,1,16024,1,,,
391704,2,11,159,11,0,threshold,8,,0,10000,20000,100000,1000,drain,1000,0,0,0,,,
399704,0,7,161,4,0,threshold,7,,0,10000,20000,100000,1000,admit,0,0,1000,0,,,
399704,0,8,192,11,0,threshold,8,,0,10000,20000,100000,1000,admit,0,0,1000,0,,,
399704,0,10,192,7,0,threshold,10,,0,10000,20000,100000,1000,admit,0,0,1000,0,,,
399704,0,11,161,12,0,threshold,11,,0,10000,20000,100000,1000,admit,0,0,1000,0,,,
399704,2,4,159,4,0,threshold,7,,0,10000,20000,100000,1000,drain,1000,0,0,0,,,
399704,2,7,162,7,0,threshold,10,,0,10000,20000,100000,1000,drain,1000,0,0,0,,,
399704,2,8,193,8,0,threshold,5,,0,10000,20000,100000,64,drain,16024,1,15960,1,,,
399704,2,10,193,10,0,threshold,13,,0,10000,20000,100000,64,drain,16024,1,15960,1,,,
399704,2,11,162,11,0,threshold,8,,0,10000,20000,100000,1000,drain,1000,0,0,0,,,
399704,2,12,159,12,0,threshold,11,,0,10000,20000,100000,1000,drain,1000,0,0,0,,,
400216,0,8,195,11,0,threshold,8,,0,10000,20000,100000,64,admit,0,0,64,0,,,
400216,0,10,195,7,0,threshold,10,,0,10000,20000,100000,64,admit,0,0,64,0,,,
407704,0,7,164,4,0,threshold,7,,0,10000,20000,100000,1000,admit,0,0,1000,0,,,
407704,0,11,164,12,0,threshold,11,,0,10000,20000,100000,1000,admit,0,0,1000,0,,,
407704,2,4,162,4,0,threshold,7,,0,10000,20000,100000,1000,drain,1000,0,0,0,,,
407704,2,7,165,7,0,threshold,10,,0,10000,20000,100000,64,drain,64,0,0,0,,,
407704,2,11,165,11,0,threshold,8,,0,10000,20000,100000,64,drain,64,0,0,0,,,
407704,2,12,162,12,0,threshold,11,,0,10000,20000,100000,1000,drain,1000,0,0,0,,,
408216,0,7,167,4,0,threshold,7,,0,10000,20000,100000,64,admit,0,0,64,0,,,
408216,0,8,198,11,0,threshold,8,,0,10000,20000,100000,1000,admit,0,0,1000,0,,,
408216,0,10,198,7,0,threshold,10,,0,10000,20000,100000,1000,admit,0,0,1000,0,,,
408216,0,11,167,12,0,threshold,11,,0,10000,20000,100000,64,admit,0,0,64,0,,,
408216,2,7,168,7,0,threshold,10,,0,10000,20000,100000,1000,drain,1000,0,0,0,,,
408216,2,8,199,8,0,threshold,5,,0,10000,20000,100000,1000,drain,15960,1,14960,1,,,
408216,2,10,199,10,0,threshold,13,,0,10000,20000,100000,1000,drain,15960,1,14960,1,,,
408216,2,11,168,11,0,threshold,8,,0,10000,20000,100000,1000,drain,1000,0,0,0,,,
415704,2,4,165,4,0,threshold,7,,0,10000,20000,100000,64,drain,64,0,0,0,,,
415704,2,12,165,12,0,threshold,11,,0,10000,20000,100000,64,drain,64,0,0,0,,,
416216,0,7,170,4,0,threshold,7,,0,10000,20000,100000,1000,admit,0,0,1000,0,,,
416216,0,8,201,11,0,threshold,8,,0,10000,20000,100000,1000,admit,0,0,1000,0,,,
416216,0,10,201,7,0,threshold,10,,0,10000,20000,100000,1000,admit,0,0,1000,0,,,
416216,0,11,170,12,0,threshold,11,,0,10000,20000,100000,1000,admit,0,0,1000,0,,,
416216,2,4,168,4,0,threshold,7,,0,10000,20000,100000,1000,drain,1000,0,0,0,,,
416216,2,7,171,7,0,threshold,10,,0,10000,20000,100000,1000,drain,1000,0,0,0,,,
416216,2,8,202,8,0,threshold,5,,0,10000,20000,100000,64,drain,14960,1,14896,1,,,
416216,2,10,202,10,0,threshold,13,,0,10000,20000,100000,64,drain,14960,1,14896,1,,,
416216,2,11,171,11,0,threshold,8,,0,10000,20000,100000,1000,drain,1000,0,0,0,,,
416216,2,12,168,12,0,threshold,11,,0,10000,20000,100000,1000,drain,1000,0,0,0,,,
416728,0,8,204,9,0,threshold,8,,0,10000,20000,100000,64,admit,0,0,64,0,,,
416728,0,10,204,6,0,threshold,10,,0,10000,20000,100000,64,admit,0,0,64,0,,,
416728,2,6,27,6,0,threshold,10,,0,10000,20000,100000,64,drain,64,0,0,0,,,
416728,2,9,27,9,0,threshold,8,,0,10000,20000,100000,64,drain,64,0,0,0,,,
424216,0,7,173,4,0,threshold,7,,0,10000,20000,100000,1000,admit,0,0,1000,0,,,
424216,0,11,173,12,0,threshold,11,,0,10000,20000,100000,1000,admit,0,0,1000,0,,,
424216,2,4,171,4,0,threshold,7,,0,10000,20000,100000,1000,drain,1000,0,0,0,,,
424216,2,12,171,12,0,threshold,11,,0,10000,20000,100000,1000,drain,1000,0,0,0,,,
424728,0,8,207,11,0,threshold,8,,0,10000,20000,100000,1000,admit,0,0,1000,0,,,
424728,0,10,207,7,0,threshold,10,,0,10000,20000,100000,1000,admit,0,0,1000,0,,,
424728,2,7,174,7,0,threshold,10,,0,10000,20000,100000,1000,drain,1000,0,0,0,,,
424728,2,8,208,8,0,threshold,5,,0,10000,20000,100000,1000,drain,14896,1,13896,1,,,
424728,2,10,208,10,0,threshold,13,,0,10000,20000,100000,1000,drain,14896,1,13896,1,,,
424728,2,11,174,11,0,threshold,8,,0,10000,20000,100000,1000,drain,1000,0,0,0,,,
432728,0,7,176,4,0,threshold,7,,0,10000,20000,100000,1000,admit,0,0,1000,0,,,
432728,0,8,210,11,0,threshold,8,,0,10000,20000,100000,1000,admit,0,0,1000,0,,,
432728,0,10,210,7,0,threshold,10,,0,10000,20000,100000,1000,admit,0,0,1000,0,,,
432728,0,11,176,12,0,threshold,11,,0,10000,20000,100000,1000,admit,0,0,1000,0,,,
432728,2,4,174,4,0,threshold,7,,0,10000,20000,100000,1000,drain,1000,0,0,0,,,
432728,2,7,177,7,0,threshold,10,,0,10000,20000,100000,1000,drain,1000,0,0,0,,,
432728,2,8,211,8,0,threshold,5,,0,10000,20000,100000,64,drain,13896,1,13832,1,,,
432728,2,10,211,10,0,threshold,13,,0,10000,20000,100000,64,drain,13896,1,13832,1,,,
432728,2,11,177,11,0,threshold,8,,0,10000,20000,100000,1000,drain,1000,0,0,0,,,
432728,2,12,174,12,0,threshold,11,,0,10000,20000,100000,1000,drain,1000,0,0,0,,,
433240,0,8,213,11,0,threshold,8,,0,10000,20000,100000,64,admit,0,0,64,0,,,
433240,0,10,213,7,0,threshold,10,,0,10000,20000,100000,64,admit,0,0,64,0,,,
440728,0,7,179,4,0,threshold,7,,0,10000,20000,100000,1000,admit,0,0,1000,0,,,
440728,0,11,179,12,0,threshold,11,,0,10000,20000,100000,1000,admit,0,0,1000,0,,,
440728,2,4,177,4,0,threshold,7,,0,10000,20000,100000,1000,drain,1000,0,0,0,,,
440728,2,7,180,7,0,threshold,10,,0,10000,20000,100000,64,drain,64,0,0,0,,,
440728,2,11,180,11,0,threshold,8,,0,10000,20000,100000,64,drain,64,0,0,0,,,
440728,2,12,177,12,0,threshold,11,,0,10000,20000,100000,1000,drain,1000,0,0,0,,,
441240,0,7,182,4,0,threshold,7,,0,10000,20000,100000,64,admit,0,0,64,0,,,
441240,0,8,216,11,0,threshold,8,,0,10000,20000,100000,1000,admit,0,0,1000,0,,,
441240,0,10,216,7,0,threshold,10,,0,10000,20000,100000,1000,admit,0,0,1000,0,,,
441240,0,11,182,12,0,threshold,11,,0,10000,20000,100000,64,admit,0,0,64,0,,,
441240,2,7,183,7,0,threshold,10,,0,10000,20000,100000,1000,drain,1000,0,0,0,,,
441240,2,8,217,8,0,threshold,5,,0,10000,20000,100000,1000,drain,13832,1,12832,1,,,
441240,2,10,217,10,0,threshold,13,,0,10000,20000,100000,1000,drain,13832,1,12832,1,,,
441240,2,11,183,11,0,threshold,8,,0,10000,20000,100000,1000,drain,1000,0,0,0,,,
448728,2,4,180,4,0,threshold,7,,0,10000,20000,100000,64,drain,64,0,0,0,,,
448728,2,12,180,12,0,threshold,11,,0,10000,20000,100000,64,drain,64,0,0,0,,,
449240,0,7,185,4,0,threshold,7,,0,10000,20000,100000,1000,admit,0,0,1000,0,,,
449240,0,8,219,11,0,threshold,8,,0,10000,20000,100000,1000,admit,0,0,1000,0,,,
449240,0,10,219,7,0,threshold,10,,0,10000,20000,100000,1000,admit,0,0,1000,0,,,
449240,0,11,185,12,0,threshold,11,,0,10000,20000,100000,1000,admit,0,0,1000,0,,,
449240,2,4,183,4,0,threshold,7,,0,10000,20000,100000,1000,drain,1000,0,0,0,,,
449240,2,7,186,7,0,threshold,10,,0,10000,20000,100000,1000,drain,1000,0,0,0,,,
449240,2,8,220,8,0,threshold,5,,0,10000,20000,100000,64,drain,12832,1,12768,1,,,
449240,2,10,220,10,0,threshold,13,,0,10000,20000,100000,64,drain,12832,1,12768,1,,,
449240,2,11,186,11,0,threshold,8,,0,10000,20000,100000,1000,drain,1000,0,0,0,,,
449240,2,12,183,12,0,threshold,11,,0,10000,20000,100000,1000,drain,1000,0,0,0,,,
449752,0,8,222,9,0,threshold,8,,0,10000,20000,100000,64,admit,0,0,64,0,,,
449752,0,10,222,6,0,threshold,10,,0,10000,20000,100000,64,admit,0,0,64,0,,,
449752,2,6,30,6,0,threshold,10,,0,10000,20000,100000,64,drain,64,0,0,0,,,
449752,2,9,30,9,0,threshold,8,,0,10000,20000,100000,64,drain,64,0,0,0,,,
457240,0,7,188,4,0,threshold,7,,0,10000,20000,100000,1000,admit,0,0,1000,0,,,
457240,0,11,188,12,0,threshold,11,,0,10000,20000,100000,1000,admit,0,0,1000,0,,,
457240,2,4,186,4,0,threshold,7,,0,10000,20000,100000,1000,drain,1000,0,0,0,,,
457240,2,12,186,12,0,threshold,11,,0,10000,20000,100000,1000,drain,1000,0,0,0,,,
457752,0,8,225,11,0,threshold,8,,0,10000,20000,100000,1000,admit,0,0,1000,0,,,
457752,0,10,225,7,0,threshold,10,,0,10000,20000,100000,1000,admit,0,0,1000,0,,,
457752,2,7,189,7,0,threshold,10,,0,10000,20000,100000,1000,drain,1000,0,0,0,,,
457752,2,8,226,8,0,threshold,5,,0,10000,20000,100000,1000,drain,12768,1,11768,1,,,
457752,2,10,226,10,0,threshold,13,,0,10000,20000,100000,1000,drain,12768,1,11768,1,,,
457752,2,11,189,11,0,threshold,8,,0,10000,20000,100000,1000,drain,1000,0,0,0,,,
465752,0,7,191,4,0,threshold,7,,0,10000,20000,100000,1000,admit,0,0,1000,0,,,
465752,0,8,228,11,0,threshold,8,,0,10000,20000,100000,1000,admit,0,0,1000,0,,,
465752,0,10,228,7,0,threshold,10,,0,10000,20000,100000,1000,admit,0,0,1000,0,,,
465752,0,11,191,12,0,threshold,11,,0,10000,20000,100000,1000,admit,0,0,1000,0,,,
465752,2,4,189,4,0,threshold,7,,0,10000,20000,100000,1000,drain,1000,0,0,0,,,
465752,2,7,192,7,0,threshold,10,,0,10000,20000,100000,1000,drain,1000,0,0,0,,,
465752,2,8,229,8,0,threshold,5,,0,10000,20000,100000,64,drain,11768,1,11704,1,,,
465752,2,10,229,10,0,threshold,13,,0,10000,20000,100000,64,drain,11768,1,11704,1,,,
465752,2,11,192,11,0,threshold,8,,0,10000,20000,100000,1000,drain,1000,0,0,0,,,
465752,2,12,189,12,0,threshold,11,,0,10000,20000,100000,1000,drain,1000,0,0,0,,,
466264,0,8,231,11,0,threshold,8,,0,10000,20000,100000,64,admit,0,0,64,0,,,
466264,0,10,231,7,0,threshold,10,,0,10000,20000,100000,64,admit,0,0,64,0,,,
473752,0,7,194,4,0,threshold,7,,0,10000,20000,100000,1000,admit,0,0,1000,0,,,
473752,0,11,194,12,0,threshold,11,,0,10000,20000,100000,1000,admit,0,0,1000,0,,,
473752,2,4,192,4,0,threshold,7,,0,10000,20000,100000,1000,drain,1000,0,0,0,,,
473752,2,7,195,7,0,threshold,10,,0,10000,20000,100000,64,drain,64,0,0,0,,,
473752,2,11,195,11,0,threshold,8,,0,10000,20000,100000,64,drain,64,0,0,0,,,
473752,2,12,192,12,0,threshold,11,,0,10000,20000,100000,1000,drain,1000,0,0,0,,,
474264,0,7,197,4,0,threshold,7,,0,10000,20000,100000,64,admit,0,0,64,0,,,
474264,0,8,234,11,0,threshold,8,,0,10000,20000,100000,1000,admit,0,0,1000,0,,,
474264,0,10,234,7,0,threshold,10,,0,10000,20000,100000,1000,admit,0,0,1000,0,,,
474264,0,11,197,12,0,threshold,11,,0,10000,20000,100000,64,admit,0,0,64,0,,,
474264,2,7,198,7,0,threshold,10,,0,10000,20000,100000,1000,drain,1000,0,0,0,,,
474264,2,8,235,8,0,threshold,5,,0,10000,20000,100000,1000,drain,11704,1,10704,1,,,
474264,2,10,235,10,0,threshold,13,,0,10000,20000,100000,1000,drain,11704,1,10704,1,,,
474264,2,11,198,11,0,threshold,8,,0,10000,20000,100000,1000,drain,1000,0,0,0,,,
481752,2,4,195,4,0,threshold,7,,0,10000,20000,100000,64,drain,64,0,0,0,,,
481752,2,12,195,12,0,threshold,11,,0,10000,20000,100000,64,drain,64,0,0,0,,,
482264,0,7,200,4,0,threshold,7,,0,10000,20000,100000,1000,admit,0,0,1000,0,,,
482264,0,8,237,11,0,threshold,8,,0,10000,20000,100000,1000,admit,0,0,1000,0,,,
482264,0,10,237,7,0,threshold,10,,0,10000,20000,100000,1000,admit,0,0,1000,0,,,
482264,0,11,200,12,0,threshold,11,,0,10000,20000,100000,1000,admit,0,0,1000,0,,,
482264,2,4,198,4,0,threshold,7,,0,10000,20000,100000,1000,drain,1000,0,0,0,,,
482264,2,7,201,7,0,threshold,10,,0,10000,20000,100000,1000,drain,1000,0,0,0,,,
482264,2,8,238,8,0,threshold,5,,0,10000,20000,100000,64,drain,10704,1,10640,1,,,
482264,2,10,238,10,0,threshold,13,,0,10000,20000,100000,64,drain,10704,1,10640,1,,,
482264,2,11,201,11,0,threshold,8,,0,10000,20000,100000,1000,drain,1000,0,0,0,,,
482264,2,12,198,12,0,threshold,11,,0,10000,20000,100000,1000,drain,1000,0,0,0,,,
482776,0,8,240,9,0,threshold,8,,0,10000,20000,100000,64,admit,0,0,64,0,,,
482776,0,10,240,6,0,threshold,10,,0,10000,20000,100000,64,admit,0,0,64,0,,,
482776,2,6,33,6,0,threshold,10,,0,10000,20000,100000,64,drain,64,0,0,0,,,
482776,2,9,33,9,0,threshold,8,,0,10000,20000,100000,64,drain,64,0,0,0,,,
490264,0,7,203,4,0,threshold,7,,0,10000,20000,100000,1000,admit,0,0,1000,0,,,
490264,0,11,203,12,0,threshold,11,,0,10000,20000,100000,1000,admit,0,0,1000,0,,,
490264,2,4,201,4,0,threshold,7,,0,10000,20000,100000,1000,drain,1000,0,0,0,,,
490264,2,12,201,12,0,threshold,11,,0,10000,20000,100000,1000,drain,1000,0,0,0,,,
490776,0,8,243,11,0,threshold,8,,0,10000,20000,100000,1000,admit,0,0,1000,0,,,
490776,0,10,243,7,0,threshold,10,,0,10000,20000,100000,1000,admit,0,0,1000,0,,,
490776,2,7,204,7,0,threshold,10,,0,10000,20000,100000,1000,drain,1000,0,0,0,,,
490776,2,8,244,8,0,threshold,5,,0,10000,20000,100000,1000,drain,10640,1,9640,0,resume,,
490776,2,10,244,10,0,threshold,13,,0,10000,20000,100000,1000,drain,10640,1,9640,0,resume,,
490776,2,11,204,11,0,threshold,8,,0,10000,20000,100000,1000,drain,1000,0,0,0,,,
491288,0,8,245,5,0,control,5,8,0,,,,,,,,,,resume,8,
491288,0,10,245,13,0,control,13,10,0,,,,,,,,,,resume,10,
498776,0,7,206,4,0,threshold,7,,0,10000,20000,100000,1000,admit,0,0,1000,0,,,
498776,0,8,247,11,0,threshold,8,,0,10000,20000,100000,1000,admit,0,0,1000,0,,,
498776,0,10,247,7,0,threshold,10,,0,10000,20000,100000,1000,admit,0,0,1000,0,,,
498776,0,11,206,12,0,threshold,11,,0,10000,20000,100000,1000,admit,0,0,1000,0,,,
498776,2,4,204,4,0,threshold,7,,0,10000,20000,100000,1000,drain,1000,0,0,0,,,
498776,2,7,207,7,0,threshold,10,,0,10000,20000,100000,1000,drain,1000,0,0,0,,,
498776,2,8,248,8,0,threshold,5,,0,10000,20000,100000,64,drain,9640,0,9576,0,,,
498776,2,10,248,10,0,threshold,13,,0,10000,20000,100000,64,drain,9640,0,9576,0,,,
498776,2,11,207,11,0,threshold,8,,0,10000,20000,100000,1000,drain,1000,0,0,0,,,
498776,2,12,204,12,0,threshold,11,,0,10000,20000,100000,1000,drain,1000,0,0,0,,,
499288,0,5,215,8,0,threshold,5,,0,10000,20000,100000,1000,admit,9576,0,10576,0,,,
499288,0,8,250,11,0,threshold,8,,0,10000,20000,100000,64,admit,0,0,64,0,,,
499288,0,10,250,7,0,threshold,10,,0,10000,20000,100000,64,admit,0,0,64,0,,,
499288,0,13,215,10,0,threshold,13,,0,10000,20000,100000,1000,admit,9576,0,10576,0,,,
499800,0,5,218,8,0,threshold,5,,0,10000,20000,100000,64,admit,10576,0,10640,0,,,
499800,0,13,218,10,0,threshold,13,,0,10000,20000,100000,64,admit,10576,0,10640,0,,,
506776,0,7,209,4,0,threshold,7,,0,10000,20000,100000,1000,admit,0,0,1000,0,,,
506776,0,11,209,12,0,threshold,11,,0,10000,20000,100000,1000,admit,0,0,1000,0,,,
506776,2,4,207,4,0,threshold,7,,0,10000,20000,100000,1000,drain,1000,0,0,0,,,
506776,2,7,210,7,0,threshold,10,,0,10000,20000,100000,64,drain,64,0,0,0,,,
506776,2,11,210,11,0,threshold,8,,0,10000,20000,100000,64,drain,64,0,0,0,,,
506776,2,12,207,12,0,threshold,11,,0,10000,20000,100000,1000,drain,1000,0,0,0,,,
507288,0,7,212,4,0,threshold,7,,0,10000,20000,100000,64,admit,0,0,64,0,,,
507288,0,8,253,11,0,threshold,8,,0,10000,20000,100000,1000,admit,0,0,1000,0,,,
507288,0,10,253,7,0,threshold,10,,0,10000,20000,100000,1000,admit,0,0,1000,0,,,
507288,0,11,212,12,0,threshold,11,,0,10000,20000,100000,64,admit,0,0,64,0,,,
507288,2,7,213,7,0,threshold,10,,0,10000,20000,100000,1000,drain,1000,0,0,0,,,
507288,2,8,254,8,0,threshold,5,,0,10000,20000,100000,1000,drain,10640,0,9640,0,,,
507288,2,10,254,10,0,threshold,13,,0,10000,20000,100000,1000,drain,10640,0,9640,0,,,
507288,2,11,213,11,0,threshold,8,,0,10000,20000,100000,1000,drain,1000,0,0,0,,,
507800,0,5,221,8,0,threshold,5,,0,10000,20000,100000,1000,admit,9640,0,10640,0,,,
507800,0,13,221,10,0,threshold,13,,0,10000,20000,100000,1000,admit,9640,0,10640,0,,,
508312,0,5,224,8,0,threshold,5,,0,10000,20000,100000,64,admit,10640,0,10704,0,,,
508312,0,13,224,10,0,threshold,13,,0,10000,20000,100000,64,admit,10640,0,10704,0,,,
508824,0,5,227,8,0,threshold,5,,0,10000,20000,100000,64,admit,10704,0,10768,0,,,
508824,0,13,227,10,0,threshold,13,,0,10000,20000,100000,64,admit,10704,0,10768,0,,,
509336,0,5,230,8,0,threshold,5,,0,10000,20000,100000,64,admit,10768,0,10832,0,,,
509336,0,13,230,10,0,threshold,13,,0,10000,20000,100000,64,admit,10768,0,10832,0,,,
509848,0,5,233,8,0,threshold,5,,0,10000,20000,100000,64,admit,10832,0,10896,0,,,
509848,0,13,233,10,0,threshold,13,,0,10000,20000,100000,64,admit,10832,0,10896,0,,,
510360,0,5,236,8,0,threshold,5,,0,10000,20000,100000,64,admit,10896,0,10960,0,,,
510360,0,13,236,10,0,threshold,13,,0,10000,20000,100000,64,admit,10896,0,10960,0,,,
510872,0,5,239,8,0,threshold,5,,0,10000,20000,100000,64,admit,10960,0,11024,0,,,
510872,0,13,239,10,0,threshold,13,,0,10000,20000,100000,64,admit,10960,0,11024,0,,,
511384,0,5,242,8,0,threshold,5,,0,10000,20000,100000,64,admit,11024,0,11088,0,,,
511384,0,13,242,10,0,threshold,13,,0,10000,20000,100000,64,admit,11024,0,11088,0,,,
511896,0,5,245,8,0,threshold,5,,0,10000,20000,100000,64,admit,11088,0,11152,0,,,
511896,0,13,245,10,0,threshold,13,,0,10000,20000,100000,64,admit,11088,0,11152,0,,,
512408,0,5,248,8,0,threshold,5,,0,10000,20000,100000,64,admit,11152,0,11216,0,,,
512408,0,13,248,10,0,threshold,13,,0,10000,20000,100000,64,admit,11152,0,11216,0,,,
512920,0,5,251,8,0,threshold,5,,0,10000,20000,100000,64,admit,11216,0,11280,0,,,
512920,0,13,251,10,0,threshold,13,,0,10000,20000,100000,64,admit,11216,0,11280,0,,,
513432,0,5,254,8,0,threshold,5,,0,10000,20000,100000,64,admit,11280,0,11344,0,,,
513432,0,13,254,10,0,threshold,13,,0,10000,20000,100000,64,admit,11280,0,11344,0,,,
513944,0,5,257,8,0,threshold,5,,0,10000,20000,100000,64,admit,11344,0,11408,0,,,
513944,0,13,257,10,0,threshold,13,,0,10000,20000,100000,64,admit,11344,0,11408,0,,,
514456,0,5,260,8,0,threshold,5,,0,10000,20000,100000,64,admit,11408,0,11472,0,,,
514456,0,13,260,10,0,threshold,13,,0,10000,20000,100000,64,admit,11408,0,11472,0,,,
514776,2,4,210,4,0,threshold,7,,0,10000,20000,100000,64,drain,64,0,0,0,,,
514776,2,12,210,12,0,threshold,11,,0,10000,20000,100000,64,drain,64,0,0,0,,,
514968,0,5,263,8,0,threshold,5,,0,10000,20000,100000,64,admit,11472,0,11536,0,,,
514968,0,13,263,10,0,threshold,13,,0,10000,20000,100000,64,admit,11472,0,11536,0,,,
515288,0,7,215,4,0,threshold,7,,0,10000,20000,100000,1000,admit,0,0,1000,0,,,
515288,0,8,256,11,0,threshold,8,,0,10000,20000,100000,1000,admit,0,0,1000,0,,,
515288,0,10,256,7,0,threshold,10,,0,10000,20000,100000,1000,admit,0,0,1000,0,,,
515288,0,11,215,12,0,threshold,11,,0,10000,20000,100000,1000,admit,0,0,1000,0,,,
515288,2,4,213,4,0,threshold,7,,0,10000,20000,100000,1000,drain,1000,0,0,0,,,
515288,2,7,216,7,0,threshold,10,,0,10000,20000,100000,1000,drain,1000,0,0,0,,,
515288,2,8,257,8,0,threshold,5,,0,10000,20000,100000,64,drain,11536,0,11472,0,,,
515288,2,10,257,10,0,threshold,13,,0,10000,20000,100000,64,drain,11536,0,11472,0,,,
515288,2,11,216,11,0,threshold,8,,0,10000,20000,100000,1000,drain,1000,0,0,0,,,
515288,2,12,213,12,0,threshold,11,,0,10000,20000,100000,1000,drain,1000,0,0,0,,,
515480,0,5,266,8,0,threshold,5,,0,10000,20000,100000,64,admit,11472,0,11536,0,,,
515480,0,13,266,10,0,threshold,13,,0,10000,20000,100000,64,admit,11472,0,11536,0,,,
515800,0,8,259,9,0,threshold,8,,0,10000,20000,100000,64,admit,0,0,64,0,,,
515800,0,10,259,6,0,threshold,10,,0,10000,20000,100000,64,admit,0,0,64,0,,,
515800,2,6,36,6,0,threshold,10,,0,10000,20000,100000,64,drain,64,0,0,0,,,
515800,2,9,36,9,0,threshold,8,,0,10000,20000,100000,64,drain,64,0,0,0,,,
515992,0,5,269,8,0,threshold,5,,0,10000,20000,100000,64,admit,11536,0,11600,0,,,
515992,0,13,269,10,0,threshold,13,,0,10000,20000,100000,64,admit,11536,0,11600,0,,,
516504,0,5,272,8,0,threshold,5,,0,10000,20000,100000,64,admit,11600,0,11664,0,,,
516504,0,13,272,10,0,threshold,13,,0,10000,20000,100000,64,admit,11600,0,11664,0,,,
517016,0,5,275,8,0,threshold,5,,0,10000,20000,100000,64,admit,11664,0,11728,0,,,
517016,0,13,275,10,0,threshold,13,,0,10000,20000,100000,64,admit,11664,0,11728,0,,,
517528,0,5,278,8,0,threshold,5,,0,10000,20000,100000,64,admit,11728,0,11792,0,,,
517528,0,13,278,10,0,threshold,13,,0,10000,20000,100000,64,admit,11728,0,11792,0,,,
518040,0,5,281,8,0,threshold,5,,0,10000,20000,100000,64,admit,11792,0,11856,0,,,
518040,0,13,281,10,0,threshold,13,,0,10000,20000,100000,64,admit,11792,0,11856,0,,,
518552,0,5,284,8,0,threshold,5,,0,10000,20000,100000,64,admit,11856,0,11920,0,,,
518552,0,13,284,10,0,threshold,13,,0,10000,20000,100000,64,admit,11856,0,11920,0,,,
519064,0,5,287,8,0,threshold,5,,0,10000,20000,100000,64,admit,11920,0,11984,0,,,
519064,0,13,287,10,0,threshold,13,,0,10000,20000,100000,64,admit,11920,0,11984,0,,,
519576,0,5,290,8,0,threshold,5,,0,10000,20000,100000,64,admit,11984,0,12048,0,,,
519576,0,13,290,10,0,threshold,13,,0,10000,20000,100000,64,admit,11984,0,12048,0,,,
520088,0,5,293,8,0,threshold,5,,0,10000,20000,100000,64,admit,12048,0,12112,0,,,
520088,0,13,293,10,0,threshold,13,,0,10000,20000,100000,64,admit,12048,0,12112,0,,,
520600,0,5,296,8,0,threshold,5,,0,10000,20000,100000,64,admit,12112,0,12176,0,,,
520600,0,13,296,10,0,threshold,13,,0,10000,20000,100000,64,admit,12112,0,12176,0,,,
523288,0,7,218,4,0,threshold,7,,0,10000,20000,100000,1000,admit,0,0,1000,0,,,
523288,0,11,218,12,0,threshold,11,,0,10000,20000,100000,1000,admit,0,0,1000,0,,,
523288,2,4,216,4,0,threshold,7,,0,10000,20000,100000,1000,drain,1000,0,0,0,,,
523288,2,12,216,12,0,threshold,11,,0,10000,20000,100000,1000,drain,1000,0,0,0,,,
523800,0,8,262,11,0,threshold,8,,0,10000,20000,100000,1000,admit,0,0,1000,0,,,
523800,0,10,262,7,0,threshold,10,,0,10000,20000,100000,1000,admit,0,0,1000,0,,,
523800,2,7,219,7,0,threshold,10,,0,10000,20000,100000,1000,drain,1000,0,0,0,,,
523800,2,8,263,8,0,threshold,5,,0,10000,20000,100000,1000,drain,12176,0,11176,0,,,
523800,2,10,263,10,0,threshold,13,,0,10000,20000,100000,1000,drain,12176,0,11176,0,,,
523800,2,11,219,11,0,threshold,8,,0,10000,20000,100000,1000,drain,1000,0,0,0,,,
524312,0,5,299,8,0,threshold,5,,0,10000,20000,100000,64,admit,11176,0,11240,0,,,
524312,0,13,299,10,0,threshold,13,,0,10000,20000,100000,64,admit,11176,0,11240,0,,,
531800,0,7,221,4,0,threshold,7,,0,10000,20000,100000,1000,admit,0,0,1000,0,,,
531800,0,8,265,11,0,threshold,8,,0,10000,20000,100000,1000,admit,0,0,1000,0,,,
531800,0,10,265,7,0,threshold,10,,0,10000,20000,100000,1000,admit,0,0,1000,0,,,
531800,0,11,221,12,0,threshold,11,,0,10000,20000,100000,1000,admit,0,0,1000,0,,,
531800,2,4,219,4,0,threshold,7,,0,10000,20000,100000,1000,drain,1000,0,0,0,,,
531800,2,7,222,7,0,threshold,10,,0,10000,20000,100000,1000,drain,1000,0,0,0,,,
531800,2,8,266,8,0,threshold,5,,0,10000,20000,100000,64,drain,11240,0,11176,0,,,
531800,2,10,266,10,0,threshold,13,,0,10000,20000,100000,64,drain,11240,0,11176,0,,,
531800,2,11,222,11,0,threshold,8,,0,10000,20000,100000,1000,drain,1000,0,0,0,,,
531800,2,12,219,12,0,threshold,11,,0,10000,20000,100000,1000,drain,1000,0,0,0,,,
532312,0,5,302,8,0,threshold,5,,0,10000,20000,100000,64,admit,11176,0,11240,0,,,
532312,0,8,268,11,0,threshold,8,,0,10000,20000,100000,64,admit,0,0,64,0,,,
532312,0,10,268,7,0,threshold,10,,0,10000,20000,100000,64,admit,0,0,64,0,,,
532312,0,13,302,10,0,threshold,13,,0,10000,20000,100000,64,admit,11176,0,11240,0,,,
539800,0,7,224,4,0,threshold,7,,0,10000,20000,100000,1000,admit,0,0,1000,0,,,
539800,0,11,224,12,0,threshold,11,,0,10000,20000,100000,1000,admit,0,0,1000,0,,,
539800,2,4,222,4,0,threshold,7,,0,10000,20000,100000,1000,drain,1000,0,0,0,,,
539800,2,7,225,7,0,threshold,10,,0,10000,20000,100000,64,drain,64,0,0,0,,,
539800,2,11,225,11,0,threshold,8,,0,10000,20000,100000,64,drain,64,0,0,0,,,
539800,2,12,222,12,0,threshold,11,,0,10000,20000,100000,1000,drain,1000,0,0,0,,,
540312,0,7,227,4,0,threshold,7,,0,10000,20000,100000,64,admit,0,0,64,0,,,
540312,0,8,271,11,0,threshold,8,,0,10000,20000,100000,1000,admit,0,0,1000,0,,,
540312,0,10,271,7,0,threshold,10,,0,10000,20000,100000,1000,admit,0,0,1000,0,,,
540312,0,11,227,12,0,threshold,11,,0,10000,20000,100000,64,admit,0,0,64,0,,,
540312,2,7,228,7,0,threshold,10,,0,10000,20000,100000,1000,drain,1000,0,0,0,,,
540312,2,8,272,8,0,threshold,5,,0,10000,20000,100000,1000,drain,11240,0,10240,0,,,
540312,2,10,272,10,0,threshold,13,,0,10000,20000,100000,1000,drain,11240,0,10240,0,,,
540312,2,11,228,11,0,threshold,8,,0,10000,20000,100000,1000,drain,1000,0,0,0,,,
540824,0,5,305,8,0,threshold,5,,0,10000,20000,100000,64,admit,10240,0,10304,0,,,
540824,0,13,305,10,0,threshold,13,,0,10000,20000,100000,64,admit,10240,0,10304,0,,,
547800,2,4,225,4,0,threshold,7,,0,10000,20000,100000,64,drain,64,0,0,0,,,
547800,2,12,225,12,0,threshold,11,,0,10000,20000,100000,64,drain,64,0,0,0,,,
548312,0,7,230,4,0,threshold,7,,0,10000,20000,100000,1000,admit,0,0,1000,0,,,
548312,0,8,274,11,0,threshold,8,,0,10000,20000,100000,1000,admit,0,0,1000,0,,,
548312,0,10,274,7,0,threshold,10,,0,10000,20000,100000,1000,admit,0,0,1000,0,,,
548312,0,11,230,12,0,threshold,11,,0,10000,20000,100000,1000,admit,0,0,1000,0,,,
548312,2,4,228,4,0,threshold,7,,0,10000,20000,100000,1000,drain,1000,0,0,0,,,
548312,2,7,231,7,0,threshold,10,,0,10000,20000,100000,1000,drain,1000,0,0,0,,,
548312,2,8,275,8,0,threshold,5,,0,10000,20000,100000,64,drain,10304,0,10240,0,,,
548312,2,10,275,10,0,threshold,13,,0,10000,20000,100000,64,drain,10304,0,10240,0,,,
548312,2,11,231,11,0,threshold,8,,0,10000,20000,100000,1000,drain,1000,0,0,0,,,
548312,2,12,228,12,0,threshold,11,,0,10000,20000,100000,1000,drain,1000,0,0,0,,,
548824,0,5,308,8,0,threshold,5,,0,10000,20000,100000,64,admit,10240,0,10304,0,,,
548824,0,8,277,9,0,threshold,8,,0,10000,20000,100000,64,admit,0,0,64,0,,,
548824,0,10,277,6,0,threshold,10,,0,10000,20000,100000,64,admit,0,0,64,0,,,
548824,0,13,308,10,0,threshold,13,,0,10000,20000,100000,64,admit,10240,0,10304,0,,,
548824,2,6,39,6,0,threshold,10,,0,10000,20000,100000,64,drain,64,0,0,0,,,
548824,2,9,39,9,0,threshold,8,,0,10000,20000,100000,64,drain,64,0,0,0,,,
556312,0,7,233,4,0,threshold,7,,0,10000,20000,100000,1000,admit,0,0,1000,0,,,
556312,0,11,233,12,0,threshold,11,,0,10000,20000,100000,1000,admit,0,0,1000,0,,,
556312,2,4,231,4,0,threshold,7,,0,10000,20000,100000,1000,drain,1000,0,0,0,,,
556312,2,12,231,12,0,threshold,11,,0,10000,20000,100000,1000,drain,1000,0,0,0,,,
556824,0,8,280,11,0,threshold,8,,0,10000,20000,100000,1000,admit,0,0,1000,0,,,
556824,0,10,280,7,0,threshold,10,,0,10000,20000,100000,1000,admit,0,0,1000,0,,,
556824,2,7,234,7,0,threshold,10,,0,10000,20000,100000,1000,drain,1000,0,0,0,,,
556824,2,8,281,8,0,threshold,5,,0,10000,20000,100000,1000,drain,10304,0,9304,0,,,
556824,2,10,281,10,0,threshold,13,,0,10000,20000,100000,1000,drain,10304,0,9304,0,,,
556824,2,11,234,11,0,threshold,8,,0,10000,20000,100000,1000,drain,1000,0,0,0,,,
557336,0,5,311,8,0,threshold,5,,0,10000,20000,100000,64,admit,9304,0,9368,0,,,
557336,0,13,311,10,0,threshold,13,,0,10000,20000,100000,64,admit,9304,0,9368,0,,,
564824,0,7,236,4,0,threshold,7,,0,10000,20000,100000,1000,admit,0,0,1000,0,,,
564824,0,8,283,11,0,threshold,8,,0,10000,20000,100000,1000,admit,0,0,1000,0,,,
564824,0,10,283,7,0,threshold,10,,0,10000,20000,100000,1000,admit,0,0,1000,0,,,
564824,0,11,236,12,0,threshold,11,,0,10000,20000,100000,1000,admit,0,0,1000,0,,,
564824,2,4,234,4,0,threshold,7,,0,10000,20000,100000,1000,drain,1000,0,0,0,,,
564824,2,7,237,7,0,threshold,10,,0,10000,20000,100000,1000,drain,1000,0,0,0,,,
564824,2,8,284,8,0,threshold,5,,0,10000,20000,100000,64,drain,9368,0,9304,0,,,
564824,2,10,284,10,0,threshold,13,,0,10000,20000,100000,64,drain,9368,0,9304,0,,,
564824,2,11,237,11,0,threshold,8,,0,10000,20000,100000,1000,drain,1000,0,0,0,,,
564824,2,12,234,12,0,threshold,11,,0,10000,20000,100000,1000,drain,1000,0,0,0,,,
565336,0,5,314,8,0,threshold,5,,0,10000,20000,100000,64,admit,9304,0,9368,0,,,
565336,0,8,286,11,0,threshold,8,,0,10000,20000,100000,64,admit,0,0,64,0,,,
565336,0,10,286,7,0,threshold,10,,0,10000,20000,100000,64,admit,0,0,64,0,,,
565336,0,13,314,10,0,threshold,13,,0,10000,20000,100000,64,admit,9304,0,9368,0,,,
572824,0,7,239,4,0,threshold,7,,0,10000,20000,100000,1000,admit,0,0,1000,0,,,
572824,0,11,239,12,0,threshold,11,,0,10000,20000,100000,1000,admit,0,0,1000,0,,,
572824,2,4,237,4,0,threshold,7,,0,10000,20000,100000,1000,drain,1000,0,0,0,,,
572824,2,7,240,7,0,threshold,10,,0,10000,20000,100000,64,drain,64,0,0,0,,,
572824,2,11,240,11,0,threshold,8,,0,10000,20000,100000,64,drain,64,0,0,0,,,
572824,2,12,237,12,0,threshold,11,,0,10000,20000,100000,1000,drain,1000,0,0,0,,,
573336,0,7,242,4,0,threshold,7,,0,10000,20000,100000,64,admit,0,0,64,0,,,
573336,0,8,289,11,0,threshold,8,,0,10000,20000,100000,1000,admit,0,0,1000,0,,,
573336,0,10,289,7,0,threshold,10,,0,10000,20000,100000,1000,admit,0,0,1000,0,,,
573336,0,11,242,12,0,threshold,11,,0,10000,20000,100000,64,admit,0,0,64,0,,,
573336,2,7,243,7,0,threshold,10,,0,10000,20000,100000,1000,drain,1000,0,0,0,,,
573336,2,8,290,8,0,threshold,5,,0,10000,20000,100000,1000,drain,9368,0,8368,0,,,
573336,2,10,290,10,0,threshold,13,,0,10000,20000,100000,1000,drain,9368,0,8368,0,,,
573336,2,11,243,11,0,threshold,8,,0,10000,20000,100000,1000,drain,1000,0,0,0,,,
573848,0,5,317,8,0,threshold,5,,0,10000,20000,100000,64,admit,8368,0,8432,0,,,
573848,0,13,317,10,0,threshold,13,,0,10000,20000,100000,64,admit,8368,0,8432,0,,,
580824,2,4,240,4,0,threshold,7,,0,10000,20000,100000,64,drain,64,0,0,0,,,
580824,2,12,240,12,0,threshold,11,,0,10000,20000,100000,64,drain,64,0,0,0,,,
581336,0,7,245,4,0,threshold,7,,0,10000,20000,100000,1000,admit,0,0,1000,0,,,
581336,0,8,292,11,0,threshold,8,,0,10000,20000,100000,1000,admit,0,0,1000,0,,,
581336,0,10,292,7,0,threshold,10,,0,10000,20000,100000,1000,admit,0,0,1000,0,,,
581336,0,11,245,12,0,threshold,11,,0,10000,20000,100000,1000,admit,0,0,1000,0,,,
581336,2,4,243,4,0,threshold,7,,0,10000,20000,100000,1000,drain,1000,0,0,0,,,
581336,2,7,246,7,0,threshold,10,,0,10000,20000,100000,1000,drain,1000,0,0,0,,,
581336,2,8,293,8,0,threshold,5,,0,10000,20000,100000,64,drain,8432,0,8368,0,,,
581336,2,10,293,10,0,threshold,13,,0,10000,20000,100000,64,drain,8432,0,8368,0,,,
581336,2,11,246,11,0,threshold,8,,0,10000,20000,100000,1000,drain,1000,0,0,0,,,
581336,2,12,243,12,0,threshold,11,,0,10000,20000,100000,1000,drain,1000,0,0,0,,,
581848,0,5,320,8,0,threshold,5,,0,10000,20000,100000,64,admit,8368,0,8432,0,,,
581848,0,8,295,9,0,threshold,8,,0,10000,20000,100000,64,admit,0,0,64,0,,,
581848,0,10,295,6,0,threshold,10,,0,10000,20000,100000,64,admit,0,0,64,0,,,
581848,0,13,320,10,0,threshold,13,,0,10000,20000,100000,64,admit,8368,0,8432,0,,,
581848,2,6,42,6,0,threshold,10,,0,10000,20000,100000,64,drain,64,0,0,0,,,
581848,2,9,42,9,0,threshold,8,,0,10000,20000,100000,64,drain,64,0,0,0,,,
589336,0,7,248,4,0,threshold,7,,0,10000,20000,100000,1000,admit,0,0,1000,0,,,
589336,0,11,248,12,0,threshold,11,,0,10000,20000,100000,1000,admit,0,0,1000,0,,,
589336,2,4,246,4,0,threshold,7,,0,10000,20000,100000,1000,drain,1000,0,0,0,,,
589336,2,12,246,12,0,threshold,11,,0,10000,20000,100000,1000,drain,1000,0,0,0,,,
589848,0,8,298,11,0,threshold,8,,0,10000,20000,100000,1000,admit,0,0,1000,0,,,
589848,0,10,298,7,0,threshold,10,,0,10000,20000,100000,1000,admit,0,0,1000,0,,,
589848,2,7,249,7,0,threshold,10,,0,10000,20000,100000,1000,drain,1000,0,0,0,,,
589848,2,8,299,8,0,threshold,5,,0,10000,20000,100000,1000,drain,8432,0,7432,0,,,
589848,2,10,299,10,0,threshold,13,,0,10000,20000,100000,1000,drain,8432,0,7432,0,,,
589848,2,11,249,11,0,threshold,8,,0,10000,20000,100000,1000,drain,1000,0,0,0,,,
590360,0,5,323,8,0,threshold,5,,0,10000,20000,100000,64,admit,7432,0,7496,0,,,
590360,0,13,323,10,0,threshold,13,,0,10000,20000,100000,64,admit,7432,0,7496,0,,,
597848,0,7,251,4,0,threshold,7,,0,10000,20000,100000,1000,admit,0,0,1000,0,,,
597848,0,8,301,11,0,threshold,8,,0,10000,20000,100000,1000,admit,0,0,1000,0,,,
597848,0,10,301,7,0,threshold,10,,0,10000,20000,100000,1000,admit,0,0,1000,0,,,
597848,0,11,251,12,0,threshold,11,,0,10000,20000,100000,1000,admit,0,0,1000,0,,,
597848,2,4,249,4,0,threshold,7,,0,10000,20000,100000,1000,drain,1000,0,0,0,,,
597848,2,7,252,7,0,threshold,10,,0,10000,20000,100000,1000,drain,1000,0,0,0,,,
597848,2,11,252,11,0,threshold,8,,0,10000,20000,100000,1000,drain,1000,0,0,0,,,
597848,2,12,249,12,0,threshold,11,,0,10000,20000,100000,1000,drain,1000,0,0,0,,,
598360,0,5,326,8,0,threshold,5,,0,10000,20000,100000,64,admit,7496,0,7560,0,,,
598360,0,13,326,10,0,threshold,13,,0,10000,20000,100000,64,admit,7496,0,7560,0,,,
605848,0,7,254,4,0,threshold,7,,0,10000,20000,100000,1000,admit,0,0,1000,0,,,
605848,0,8,304,11,0,threshold,8,,0,10000,20000,100000,1000,admit,0,0,1000,0,,,
605848,0,10,304,7,0,threshold,10,,0,10000,20000,100000,1000,admit,0,0,1000,0,,,
605848,0,11,254,12,0,threshold,11,,0,10000,20000,100000,1000,admit,0,0,1000,0,,,
605848,2,4,252,4,0,threshold,7,,0,10000,20000,100000,1000,drain,1000,0,0,0,,,
605848,2,7,255,7,0,threshold,10,,0,10000,20000,100000,1000,drain,1000,0,0,0,,,
605848,2,8,305,8,0,threshold,5,,0,10000,20000,100000,64,drain,7560,0,7496,0,,,
605848,2,10,305,10,0,threshold,13,,0,10000,20000,100000,64,drain,7560,0,7496,0,,,
605848,2,11,255,11,0,threshold,8,,0,10000,20000,100000,1000,drain,1000,0,0,0,,,
605848,2,12,252,12,0,threshold,11,,0,10000,20000,100000,1000,drain,1000,0,0,0,,,
606360,0,8,307,11,0,threshold,8,,0,10000,20000,100000,64,admit,0,0,64,0,,,
606360,0,10,307,7,0,threshold,10,,0,10000,20000,100000,64,admit,0,0,64,0,,,
606872,0,5,329,8,0,threshold,5,,0,10000,20000,100000,64,admit,7496,0,7560,0,,,
606872,0,13,329,10,0,threshold,13,,0,10000,20000,100000,64,admit,7496,0,7560,0,,,
613848,0,7,257,4,0,threshold,7,,0,10000,20000,100000,1000,admit,0,0,1000,0,,,
613848,0,11,257,12,0,threshold,11,,0,10000,20000,100000,1000,admit,0,0,1000,0,,,
613848,2,4,255,4,0,threshold,7,,0,10000,20000,100000,1000,drain,1000,0,0,0,,,
613848,2,7,258,7,0,threshold,10,,0,10000,20000,100000,64,drain,64,0,0,0,,,
613848,2,11,258,11,0,threshold,8,,0,10000,20000,100000,64,drain,64,0,0,0,,,
613848,2,12,255,12,0,threshold,11,,0,10000,20000,100000,1000,drain,1000,0,0,0,,,
614360,0,7,260,4,0,threshold,7,,0,10000,20000,100000,64,admit,0,0,64,0,,,
614360,0,8,310,11,0,threshold,8,,0,10000,20000,100000,1000,admit,0,0,1000,0,,,
614360,0,10,310,7,0,threshold,10,,0,10000,20000,100000,1000,admit,0,0,1000,0,,,
614360,0,11,260,12,0,threshold,11,,0,10000,20000,100000,64,admit,0,0,64,0,,,
614360,2,7,261,7,0,threshold,10,,0,10000,20000,100000,1000,drain,1000,0,0,0,,,
614360,2,8,311,8,0,threshold,5,,0,10000,20000,100000,1000,drain,7560,0,6560,0,,,
614360,2,10,311,10,0,threshold,13,,0,10000,20000,100000,1000,drain,7560,0,6560,0,,,
614360,2,11,261,11,0,threshold,8,,0,10000,20000,100000,1000,drain,1000,0,0,0,,,
614872,0,5,332,8,0,threshold,5,,0,10000,20000,100000,64,admit,6560,0,6624,0,,,
614872,0,13,332,10,0,threshold,13,,0,10000,20000,100000,64,admit,6560,0,6624,0,,,
621848,2,4,258,4,0,threshold,7,,0,10000,20000,100000,64,drain,64,0,0,0,,,
621848,2,12,258,12,0,threshold,11,,0,10000,20000,100000,64,drain,64,0,0,0,,,
622360,0,7,263,4,0,threshold,7,,0,10000,20000,100000,1000,admit,0,0,1000,0,,,
622360,0,8,313,11,0,threshold,8,,0,10000,20000,100000,1000,admit,0,0,1000,0,,,
622360,0,10,313,7,0,threshold,10,,0,10000,20000,100000,1000,admit,0,0,1000,0,,,
622360,0,11,263,12,0,threshold,11,,0,10000,20000,100000,1000,admit,0,0,1000,0,,,
622360,2,4,261,4,0,threshold,7,,0,10000,20000,100000,1000,drain,1000,0,0,0,,,
622360,2,7,264,7,0,threshold,10,,0,10000,20000,100000,1000,drain,1000,0,0,0,,,
622360,2,8,314,8,0,threshold,5,,0,10000,20000,100000,64,drain,6624,0,6560,0,,,
622360,2,10,314,10,0,threshold,13,,0,10000,20000,100000,64,drain,6624,0,6560,0,,,
622360,2,11,264,11,0,threshold,8,,0,10000,20000,100000,1000,drain,1000,0,0,0,,,
622360,2,12,261,12,0,threshold,11,,0,10000,20000,100000,1000,drain,1000,0,0,0,,,
622872,0,5,335,8,0,threshold,5,,0,10000,20000,100000,64,admit,6560,0,6624,0,,,
622872,0,8,316,9,0,threshold,8,,0,10000,20000,100000,64,admit,0,0,64,0,,,
622872,0,10,316,6,0,threshold,10,,0,10000,20000,100000,64,admit,0,0,64,0,,,
622872,0,13,335,10,0,threshold,13,,0,10000,20000,100000,64,admit,6560,0,6624,0,,,
622872,2,6,45,6,0,threshold,10,,0,10000,20000,100000,64,drain,64,0,0,0,,,
622872,2,9,45,9,0,threshold,8,,0,10000,20000,100000,64,drain,64,0,0,0,,,
630360,0,7,266,4,0,threshold,7,,0,10000,20000,100000,1000,admit,0,0,1000,0,,,
630360,0,11,266,12,0,threshold,11,,0,10000,20000,100000,1000,admit,0,0,1000,0,,,
630360,2,4,264,4,0,threshold,7,,0,10000,20000,100000,1000,drain,1000,0,0,0,,,
630360,2,12,264,12,0,threshold,11,,0,10000,20000,100000,1000,drain,1000,0,0,0,,,
630872,0,8,319,11,0,threshold,8,,0,10000,20000,100000,1000,admit,0,0,1000,0,,,
630872,0,10,319,7,0,threshold,10,,0,10000,20000,100000,1000,admit,0,0,1000,0,,,
630872,2,7,267,7,0,threshold,10,,0,10000,20000,100000,1000,drain,1000,0,0,0,,,
630872,2,8,320,8,0,threshold,5,,0,10000,20000,100000,1000,drain,6624,0,5624,0,,,
630872,2,10,320,10,0,threshold,13,,0,10000,20000,100000,1000,drain,6624,0,5624,0,,,
630872,2,11,267,11,0,threshold,8,,0,10000,20000,100000,1000,drain,1000,0,0,0,,,
631384,0,5,338,8,0,threshold,5,,0,10000,20000,100000,64,admit,5624,0,5688,0,,,
631384,0,13,338,10,0,threshold,13,,0,10000,20000,100000,64,admit,5624,0,5688,0,,,
638872,0,7,269,4,0,threshold,7,,0,10000,20000,100000,1000,admit,0,0,1000,0,,,
638872,0,8,322,11,0,threshold,8,,0,10000,20000,100000,1000,admit,0,0,1000,0,,,
638872,0,10,322,7,0,threshold,10,,0,10000,20000,100000,1000,admit,0,0,1000,0,,,
638872,0,11,269,12,0,threshold,11,,0,10000,20000,100000,1000,admit,0,0,1000,0,,,
638872,2,4,267,4,0,threshold,7,,0,10000,20000,100000,1000,drain,1000,0,0,0,,,
638872,2,7,270,7,0,threshold,10,,0,10000,20000,100000,1000,drain,1000,0,0,0,,,
638872,2,8,323,8,0,threshold,5,,0,10000,20000,100000,64,drain,5688,0,5624,0,,,
638872,2,10,323,10,0,threshold,13,,0,10000,20000,100000,64,drain,5688,0,5624,0,,,
638872,2,11,270,11,0,threshold,8,,0,10000,20000,100000,1000,drain,1000,0,0,0,,,
638872,2,12,267,12,0,threshold,11,,0,10000,20000,100000,1000,drain,1000,0,0,0,,,
639384,0,5,341,8,0,threshold,5,,0,10000,20000,100000,64,admit,5624,0,5688,0,,,
639384,0,8,325,11,0,threshold,8,,0,10000,20000,100000,64,admit,0,0,64,0,,,
639384,0,10,325,7,0,threshold,10,,0,10000,20000,100000,64,admit,0,0,64,0,,,
639384,0,13,341,10,0,threshold,13,,0,10000,20000,100000,64,admit,5624,0,5688,0,,,
639384,2,8,326,8,0,threshold,5,,0,10000,20000,100000,1000,drain,5688,0,4688,0,,,
639384,2,10,326,10,0,threshold,13,,0,10000,20000,100000,1000,drain,5688,0,4688,0,,,
646872,0,7,272,4,0,threshold,7,,0,10000,20000,100000,1000,admit,0,0,1000,0,,,
646872,0,11,272,12,0,threshold,11,,0,10000,20000,100000,1000,admit,0,0,1000,0,,,
646872,2,4,270,4,0,threshold,7,,0,10000,20000,100000,1000,drain,1000,0,0,0,,,
646872,2,7,273,7,0,threshold,10,,0,10000,20000,100000,64,drain,64,0,0,0,,,
646872,2,11,273,11,0,threshold,8,,0,10000,20000,100000,64,drain,64,0,0,0,,,
646872,2,12,270,12,0,threshold,11,,0,10000,20000,100000,1000,drain,1000,0,0,0,,,
647384,0,7,275,4,0,threshold,7,,0,10000,20000,100000,64,admit,0,0,64,0,,,
647384,0,8,328,11,0,threshold,8,,0,10000,20000,100000,1000,admit,0,0,1000,0,,,
647384,0,10,328,7,0,threshold,10,,0,10000,20000,100000,1000,admit,0,0,1000,0,,,
647384,0,11,275,12,0,threshold,11,,0,10000,20000,100000,64,admit,0,0,64,0,,,
647384,2,7,276,7,0,threshold,10,,0,10000,20000,100000,1000,drain,1000,0,0,0,,,
647384,2,8,329,8,0,threshold,5,,0,10000,20000,100000,64,drain,4688,0,4624,0,,,
647384,2,10,329,10,0,threshold,13,,0,10000,20000,100000,64,drain,4688,0,4624,0,,,
647384,2,11,276,11,0,threshold,8,,0,10000,20000,100000,1000,drain,1000,0,0,0,,,
647896,0,5,344,8,0,threshold,5,,0,10000,20000,100000,64,admit,4624,0,4688,0,,,
647896,0,8,331,9,0,threshold,8,,0,10000,20000,100000,64,admit,0,0,64,0,,,
647896,0,10,331,6,0,threshold,10,,0,10000,20000,100000,64,admit,0,0,64,0,,,
647896,0,13,344,10,0,threshold,13,,0,10000,20000,100000,64,admit,4624,0,4688,0,,,
647896,2,6,48,6,0,threshold,10,,0,10000,20000,100000,64,drain,64,0,0,0,,,
647896,2,9,48,9,0,threshold,8,,0,10000,20000,100000,64,drain,64,0,0,0,,,
654872,2,4,273,4,0,threshold,7,,0,10000,20000,100000,64,drain,64,0,0,0,,,
654872,2,12,273,12,0,threshold,11,,0,10000,20000,100000,64,drain,64,0,0,0,,,
655384,0,7,278,4,0,threshold,7,,0,10000,20000,100000,1000,admit,0,0,1000,0,,,
655384,0,11,278,12,0,threshold,11,,0,10000,20000,100000,1000,admit,0,0,1000,0,,,
655384,2,4,276,4,0,threshold,7,,0,10000,20000,100000,1000,drain,1000,0,0,0,,,
655384,2,12,276,12,0,threshold,11,,0,10000,20000,100000,1000,drain,1000,0,0,0,,,
655896,0,5,347,8,0,threshold,5,,0,10000,20000,100000,64,admit,4688,0,4752,0,,,
655896,0,8,334,11,0,threshold,8,,0,10000,20000,100000,1000,admit,0,0,1000,0,,,
655896,0,10,334,7,0,threshold,10,,0,10000,20000,100000,1000,admit,0,0,1000,0,,,
655896,0,13,347,10,0,threshold,13,,0,10000,20000,100000,64,admit,4688,0,4752,0,,,
655896,2,7,279,7,0,threshold,10,,0,10000,20000,100000,1000,drain,1000,0,0,0,,,
655896,2,8,335,8,0,threshold,5,,0,10000,20000,100000,1000,drain,4752,0,3752,0,,,
655896,2,10,335,10,0,threshold,13,,0,10000,20000,100000,1000,drain,4752,0,3752,0,,,
655896,2,11,279,11,0,threshold,8,,0,10000,20000,100000,1000,drain,1000,0,0,0,,,
663896,0,7,281,4,0,threshold,7,,0,10000,20000,100000,1000,admit,0,0,1000,0,,,
663896,0,8,337,11,0,threshold,8,,0,10000,20000,100000,1000,admit,0,0,1000,0,,,
663896,0,10,337,7,0,threshold,10,,0,10000,20000,100000,1000,admit,0,0,1000,0,,,
663896,0,11,281,12,0,threshold,11,,0,10000,20000,100000,1000,admit,0,0,1000,0,,,
663896,2,4,279,4,0,threshold,7,,0,10000,20000,100000,1000,drain,1000,0,0,0,,,
663896,2,7,282,7,0,threshold,10,,0,10000,20000,100000,1000,drain,1000,0,0,0,,,
663896,2,8,338,8,0,threshold,5,,0,10000,20000,100000,64,drain,3752,0,3688,0,,,
663896,2,10,338,10,0,threshold,13,,0,10000,20000,100000,64,drain,3752,0,3688,0,,,
663896,2,11,282,11,0,threshold,8,,0,10000,20000,100000,1000,drain,1000,0,0,0,,,
663896,2,12,279,12,0,threshold,11,,0,10000,20000,100000,1000,drain,1000,0,0,0,,,
664408,0,5,350,8,0,threshold,5,,0,10000,20000,100000,64,admit,3688,0,3752,0,,,
664408,0,8,340,11,0,threshold,8,,0,10000,20000,100000,64,admit,0,0,64,0,,,
664408,0,10,340,7,0,threshold,10,,0,10000,20000,100000,64,admit,0,0,64,0,,,
664408,0,13,350,10,0,threshold,13,,0,10000,20000,100000,64,admit,3688,0,3752,0,,,
664408,2,8,341,8,0,threshold,5,,0,10000,20000,100000,1000,drain,3752,0,2752,0,,,
664408,2,10,341,10,0,threshold,13,,0,10000,20000,100000,1000,drain,3752,0,2752,0,,,
671896,0,7,284,4,0,threshold,7,,0,10000,20000,100000,1000,admit,0,0,1000,0,,,
671896,0,11,284,12,0,threshold,11,,0,10000,20000,100000,1000,admit,0,0,1000,0,,,
671896,2,4,282,4,0,threshold,7,,0,10000,20000,100000,1000,drain,1000,0,0,0,,,
671896,2,7,285,7,0,threshold,10,,0,10000,20000,100000,64,drain,64,0,0,0,,,
671896,2,11,285,11,0,threshold,8,,0,10000,20000,100000,64,drain,64,0,0,0,,,
671896,2,12,282,12,0,threshold,11,,0,10000,20000,100000,1000,drain,1000,0,0,0,,,
672408,0,7,287,4,0,threshold,7,,0,10000,20000,100000,64,admit,0,0,64,0,,,
672408,0,8,343,11,0,threshold,8,,0,10000,20000,100000,1000,admit,0,0,1000,0,,,
672408,0,10,343,7,0,threshold,10,,0,10000,20000,100000,1000,admit,0,0,1000,0,,,
672408,0,11,287,12,0,threshold,11,,0,10000,20000,100000,64,admit,0,0,64,0,,,
672408,2,7,288,7,0,threshold,10,,0,10000,20000,100000,1000,drain,1000,0,0,0,,,
672408,2,8,344,8,0,threshold,5,,0,10000,20000,100000,64,drain,2752,0,2688,0,,,
672408,2,10,344,10,0,threshold,13,,0,10000,20000,100000,64,drain,2752,0,2688,0,,,
672408,2,11,288,11,0,threshold,8,,0,10000,20000,100000,1000,drain,1000,0,0,0,,,
672920,0,5,353,8,0,threshold,5,,0,10000,20000,100000,64,admit,2688,0,2752,0,,,
672920,0,8,346,9,0,threshold,8,,0,10000,20000,100000,64,admit,0,0,64,0,,,
672920,0,10,346,6,0,threshold,10,,0,10000,20000,100000,64,admit,0,0,64,0,,,
672920,0,13,353,10,0,threshold,13,,0,10000,20000,100000,64,admit,2688,0,2752,0,,,
672920,2,6,51,6,0,threshold,10,,0,10000,20000,100000,64,drain,64,0,0,0,,,
672920,2,8,347,8,0,threshold,5,,0,10000,20000,100000,64,drain,2752,0,2688,0,,,
672920,2,9,51,9,0,threshold,8,,0,10000,20000,100000,64,drain,64,0,0,0,,,
672920,2,10,347,10,0,threshold,13,,0,10000,20000,100000,64,drain,2752,0,2688,0,,,
673432,0,8,349,11,0,threshold,8,,0,10000,20000,100000,64,admit,0,0,64,0,,,
673432,0,10,349,7,0,threshold,10,,0,10000,20000,100000,64,admit,0,0,64,0,,,
673432,2,8,350,8,0,threshold,5,,0,10000,20000,100000,64,drain,2688,0,2624,0,,,
673432,2,10,350,10,0,threshold,13,,0,10000,20000,100000,64,drain,2688,0,2624,0,,,
673944,0,8,352,9,0,threshold,8,,0,10000,20000,100000,64,admit,0,0,64,0,,,
673944,0,10,352,6,0,threshold,10,,0,10000,20000,100000,64,admit,0,0,64,0,,,
673944,2,6,54,6,0,threshold,10,,0,10000,20000,100000,64,drain,64,0,0,0,,,
673944,2,8,353,8,0,threshold,5,,0,10000,20000,100000,64,drain,2624,0,2560,0,,,
673944,2,9,54,9,0,threshold,8,,0,10000,20000,100000,64,drain,64,0,0,0,,,
673944,2,10,353,10,0,threshold,13,,0,10000,20000,100000,64,drain,2624,0,2560,0,,,
674456,0,8,355,11,0,threshold,8,,0,10000,20000,100000,64,admit,64,0,128,0,,,
674456,0,10,355,7,0,threshold,10,,0,10000,20000,100000,64,admit,64,0,128,0,,,
674456,2,8,356,8,0,threshold,5,,0,10000,20000,100000,64,drain,2560,0,2496,0,,,
674456,2,10,356,10,0,threshold,13,,0,10000,20000,100000,64,drain,2560,0,2496,0,,,
674968,0,8,358,9,0,threshold,8,,0,10000,20000,100000,64,admit,0,0,64,0,,,
674968,0,10,358,6,0,threshold,10,,0,10000,20000,100000,64,admit,0,0,64,0,,,
674968,2,6,57,6,0,threshold,10,,0,10000,20000,100000,64,drain,64,0,0,0,,,
674968,2,8,359,8,0,threshold,5,,0,10000,20000,100000,64,drain,2496,0,2432,0,,,
674968,2,9,57,9,0,threshold,8,,0,10000,20000,100000,64,drain,64,0,0,0,,,
674968,2,10,359,10,0,threshold,13,,0,10000,20000,100000,64,drain,2496,0,2432,0,,,
675480,0,8,361,9,0,threshold,8,,0,10000,20000,100000,64,admit,0,0,64,0,,,
675480,0,10,361,6,0,threshold,10,,0,10000,20000,100000,64,admit,0,0,64,0,,,
675480,2,6,60,6,0,threshold,10,,0,10000,20000,100000,64,drain,64,0,0,0,,,
675480,2,8,362,8,0,threshold,5,,0,10000,20000,100000,64,drain,2432,0,2368,0,,,
675480,2,9,60,9,0,threshold,8,,0,10000,20000,100000,64,drain,64,0,0,0,,,
675480,2,10,362,10,0,threshold,13,,0,10000,20000,100000,64,drain,2432,0,2368,0,,,
675992,0,8,364,11,0,threshold,8,,0,10000,20000,100000,64,admit,128,0,192,0,,,
675992,0,10,364,7,0,threshold,10,,0,10000,20000,100000,64,admit,128,0,192,0,,,
675992,2,8,365,8,0,threshold,5,,0,10000,20000,100000,64,drain,2368,0,2304,0,,,
675992,2,10,365,10,0,threshold,13,,0,10000,20000,100000,64,drain,2368,0,2304,0,,,
676504,0,8,367,9,0,threshold,8,,0,10000,20000,100000,64,admit,0,0,64,0,,,
676504,0,10,367,6,0,threshold,10,,0,10000,20000,100000,64,admit,0,0,64,0,,,
676504,2,6,63,6,0,threshold,10,,0,10000,20000,100000,64,drain,64,0,0,0,,,
676504,2,8,368,8,0,threshold,5,,0,10000,20000,100000,64,drain,2304,0,2240,0,,,
676504,2,9,63,9,0,threshold,8,,0,10000,20000,100000,64,drain,64,0,0,0,,,
676504,2,10,368,10,0,threshold,13,,0,10000,20000,100000,64,drain,2304,0,2240,0,,,
677016,0,8,370,11,0,threshold,8,,0,10000,20000,100000,64,admit,192,0,256,0,,,
677016,0,10,370,7,0,threshold,10,,0,10000,20000,100000,64,admit,192,0,256,0,,,
677016,2,8,371,8,0,threshold,5,,0,10000,20000,100000,64,drain,2240,0,2176,0,,,
677016,2,10,371,10,0,threshold,13,,0,10000,20000,100000,64,drain,2240,0,2176,0,,,
677528,0,8,373,9,0,threshold,8,,0,10000,20000,100000,64,admit,0,0,64,0,,,
677528,0,10,373,6,0,threshold,10,,0,10000,20000,100000,64,admit,0,0,64,0,,,
677528,2,6,66,6,0,threshold,10,,0,10000,20000,100000,64,drain,64,0,0,0,,,
677528,2,8,374,8,0,threshold,5,,0,10000,20000,100000,64,drain,2176,0,2112,0,,,
677528,2,9,66,9,0,threshold,8,,0,10000,20000,100000,64,drain,64,0,0,0,,,
677528,2,10,374,10,0,threshold,13,,0,10000,20000,100000,64,drain,2176,0,2112,0,,,
678040,0,8,376,11,0,threshold,8,,0,10000,20000,100000,64,admit,256,0,320,0,,,
678040,0,10,376,7,0,threshold,10,,0,10000,20000,100000,64,admit,256,0,320,0,,,
678040,2,8,377,8,0,threshold,5,,0,10000,20000,100000,64,drain,2112,0,2048,0,,,
678040,2,10,377,10,0,threshold,13,,0,10000,20000,100000,64,drain,2112,0,2048,0,,,
678552,0,8,379,9,0,threshold,8,,0,10000,20000,100000,64,admit,0,0,64,0,,,
678552,0,10,379,6,0,threshold,10,,0,10000,20000,100000,64,admit,0,0,64,0,,,
678552,2,6,69,6,0,threshold,10,,0,10000,20000,100000,64,drain,64,0,0,0,,,
678552,2,8,380,8,0,threshold,5,,0,10000,20000,100000,64,drain,2048,0,1984,0,,,
678552,2,9,69,9,0,threshold,8,,0,10000,20000,100000,64,drain,64,0,0,0,,,
678552,2,10,380,10,0,threshold,13,,0,10000,20000,100000,64,drain,2048,0,1984,0,,,
679064,0,8,382,11,0,threshold,8,,0,10000,20000,100000,64,admit,320,0,384,0,,,
679064,0,10,382,7,0,threshold,10,,0,10000,20000,100000,64,admit,320,0,384,0,,,
679064,2,8,383,8,0,threshold,5,,0,10000,20000,100000,64,drain,1984,0,1920,0,,,
679064,2,10,383,10,0,threshold,13,,0,10000,20000,100000,64,drain,1984,0,1920,0,,,
679576,0,8,385,9,0,threshold,8,,0,10000,20000,100000,64,admit,0,0,64,0,,,
679576,0,10,385,6,0,threshold,10,,0,10000,20000,100000,64,admit,0,0,64,0,,,
679576,2,6,72,6,0,threshold,10,,0,10000,20000,100000,64,drain,64,0,0,0,,,
679576,2,8,386,8,0,threshold,5,,0,10000,20000,100000,64,drain,1920,0,1856,0,,,
679576,2,9,72,9,0,threshold,8,,0,10000,20000,100000,64,drain,64,0,0,0,,,
679576,2,10,386,10,0,threshold,13,,0,10000,20000,100000,64,drain,1920,0,1856,0,,,
679896,2,4,285,4,0,threshold,7,,0,10000,20000,100000,64,drain,64,0,0,0,,,
679896,2,12,285,12,0,threshold,11,,0,10000,20000,100000,64,drain,64,0,0,0,,,
680088,0,8,388,11,0,threshold,8,,0,10000,20000,100000,64,admit,384,0,448,0,,,
680088,0,10,388,7,0,threshold,10,,0,10000,20000,100000,64,admit,384,0,448,0,,,
680088,2,8,389,8,0,threshold,5,,0,10000,20000,100000,64,drain,1856,0,1792,0,,,
680088,2,10,389,10,0,threshold,13,,0,10000,20000,100000,64,drain,1856,0,1792,0,,,
680408,0,7,290,4,0,threshold,7,,0,10000,20000,100000,1000,admit,0,0,1000,0,,,
680408,0,11,290,12,0,threshold,11,,0,10000,20000,100000,1000,admit,0,0,1000,0,,,
680408,2,4,288,4,0,threshold,7,,0,10000,20000,100000,1000,drain,1000,0,0,0,,,
680408,2,7,291,7,0,threshold,10,,0,10000,20000,100000,64,drain,448,0,384,0,,,
680408,2,11,291,11,0,threshold,8,,0,10000,20000,100000,64,drain,448,0,384,0,,,
680408,2,12,288,12,0,threshold,11,,0,10000,20000,100000,1000,drain,1000,0,0,0,,,
680600,0,8,391,9,0,threshold,8,,0,10000,20000,100000,64,admit,0,0,64,0,,,
680600,0,10,391,6,0,threshold,10,,0,10000,20000,100000,64,admit,0,0,64,0,,,
680600,2,6,75,6,0,threshold,10,,0,10000,20000,100000,64,drain,64,0,0,0,,,
680600,2,8,392,8,0,threshold,5,,0,10000,20000,100000,64,drain,1792,0,1728,0,,,
680600,2,9,75,9,0,threshold,8,,0,10000,20000,100000,64,drain,64,0,0,0,,,
680600,2,10,392,10,0,threshold,13,,0,10000,20000,100000,64,drain,1792,0,1728,0,,,
680920,0,5,356,8,0,threshold,5,,0,10000,20000,100000,64,admit,1728,0,1792,0,,,
680920,0,7,293,4,0,threshold,7,,0,10000,20000,100000,64,admit,0,0,64,0,,,
680920,0,11,293,12,0,threshold,11,,0,10000,20000,100000,64,admit,0,0,64,0,,,
680920,0,13,356,10,0,threshold,13,,0,10000,20000,100000,64,admit,1728,0,1792,0,,,
680920,2,7,294,7,0,threshold,10,,0,10000,20000,100000,64,drain,384,0,320,0,,,
680920,2,11,294,11,0,threshold,8,,0,10000,20000,100000,64,drain,384,0,320,0,,,
681112,0,8,394,11,0,threshold,8,,0,10000,20000,100000,64,admit,320,0,384,0,,,
681112,0,10,394,7,0,threshold,10,,0,10000,20000,100000,64,admit,320,0,384,0,,,
681112,2,8,395,8,0,threshold,5,,0,10000,20000,100000,64,drain,1792,0,1728,0,,,
681112,2,10,395,10,0,threshold,13,,0,10000,20000,100000,64,drain,1792,0,1728,0,,,
681432,0,7,296,4,0,threshold,7,,0,10000,20000,100000,64,admit,64,0,128,0,,,
681432,0,11,296,12,0,threshold,11,,0,10000,20000,100000,64,admit,64,0,128,0,,,
681432,2,7,297,7,0,threshold,10,,0,10000,20000,100000,64,drain,384,0,320,0,,,
681432,2,11,297,11,0,threshold,8,,0,10000,20000,100000,64,drain,384,0,320,0,,,
681624,0,8,397,9,0,threshold,8,,0,10000,20000,100000,64,admit,0,0,64,0,,,
681624,0,10,397,6,0,threshold,10,,0,10000,20000,100000,64,admit,0,0,64,0,,,
681624,2,6,78,6,0,threshold,10,,0,10000,20000,100000,64,drain,64,0,0,0,,,
681624,2,8,398,8,0,threshold,5,,0,10000,20000,100000,64,drain,1728,0,1664,0,,,
681624,2,9,78,9,0,threshold,8,,0,10000,20000,100000,64,drain,64,0,0,0,,,
681624,2,10,398,10,0,threshold,13,,0,10000,20000,100000,64,drain,1728,0,1664,0,,,
681944,0,7,299,4,0,threshold,7,,0,10000,20000,100000,64,admit,128,0,192,0,,,
681944,0,11,299,12,0,threshold,11,,0,10000,20000,100000,64,admit,128,0,192,0,,,
681944,2,7,300,7,0,threshold,10,,0,10000,20000,100000,64,drain,320,0,256,0,,,
681944,2,11,300,11,0,threshold,8,,0,10000,20000,100000,64,drain,320,0,256,0,,,
682136,0,8,400,11,0,threshold,8,,0,10000,20000,100000,64,admit,256,0,320,0,,,
682136,0,10,400,7,0,threshold,10,,0,10000,20000,100000,64,admit,256,0,320,0,,,
682136,2,8,401,8,0,threshold,5,,0,10000,20000,100000,64,drain,1664,0,1600,0,,,
682136,2,10,401,10,0,threshold,13,,0,10000,20000,100000,64,drain,1664,0,1600,0,,,
682456,0,7,302,4,0,threshold,7,,0,10000,20000,100000,64,admit,192,0,256,0,,,
682456,0,11,302,12,0,threshold,11,,0,10000,20000,100000,64,admit,192,0,256,0,,,
682456,2,7,303,7,0,threshold,10,,0,10000,20000,100000,64,drain,320,0,256,0,,,
682456,2,11,303,11,0,threshold,8,,0,10000,20000,100000,64,drain,320,0,256,0,,,
682648,0,8,403,9,0,threshold,8,,0,10000,20000,100000,64,admit,0,0,64,0,,,
682648,0,10,403,6,0,threshold,10,,0,10000,20000,100000,64,admit,0,0,64,0,,,
682648,2,6,81,6,0,threshold,10,,0,10000,20000,100000,64,drain,64,0,0,0,,,
682648,2,8,404,8,0,threshold,5,,0,10000,20000,100000,64,drain,1600,0,1536,0,,,
682648,2,9,81,9,0,threshold,8,,0,10000,20000,100000,64,drain,64,0,0,0,,,
682648,2,10,404,10,0,threshold,13,,0,10000,20000,100000,64,drain,1600,0,1536,0,,,
682968,0,7,305,4,0,threshold,7,,0,10000,20000,100000,64,admit,256,0,320,0,,,
682968,0,11,305,12,0,threshold,11,,0,10000,20000,100000,64,admit,256,0,320,0,,,
682968,2,7,306,7,0,threshold,10,,0,10000,20000,100000,64,drain,256,0,192,0,,,
682968,2,11,306,11,0,threshold,8,,0,10000,20000,100000,64,drain,256,0,192,0,,,
683160,0,8,406,11,0,threshold,8,,0,10000,20000,100000,64,admit,192,0,256,0,,,
683160,0,10,406,7,0,threshold,10,,0,10000,20000,100000,64,admit,192,0,256,0,,,
683160,2,8,407,8,0,threshold,5,,0,10000,20000,100000,64,drain,1536,0,1472,0,,,
683160,2,10,407,10,0,threshold,13,,0,10000,20000,100000,64,drain,1536,0,1472,0,,,
683480,0,7,308,4,0,threshold,7,,0,10000,20000,100000,64,admit,320,0,384,0,,,
683480,0,11,308,12,0,threshold,11,,0,10000,20000,100000,64,admit,320,0,384,0,,,
683480,2,7,309,7,0,threshold,10,,0,10000,20000,100000,64,drain,256,0,192,0,,,
683480,2,11,309,11,0,threshold,8,,0,10000,20000,100000,64,drain,256,0,192,0,,,
683672,0,8,409,9,0,threshold,8,,0,10000,20000,100000,64,admit,0,0,64,0,,,
683672,0,10,409,6,0,threshold,10,,0,10000,20000,100000,64,admit,0,0,64,0,,,
683672,2,6,84,6,0,threshold,10,,0,10000,20000,100000,64,drain,64,0,0,0,,,
683672,2,8,410,8,0,threshold,5,,0,10000,20000,100000,64,drain,1472,0,1408,0,,,
683672,2,9,84,9,0,threshold,8,,0,10000,20000,100000,64,drain,64,0,0,0,,,
683672,2,10,410,10,0,threshold,13,,0,10000,20000,100000,64,drain,1472,0,1408,0,,,
683992,0,7,311,4,0,threshold,7,,0,10000,20000,100000,64,admit,384,0,448,0,,,
683992,0,11,311,12,0,threshold,11,,0,10000,20000,100000,64,admit,384,0,448,0,,,
683992,2,7,312,7,0,threshold,10,,0,10000,20000,100000,64,drain,192,0,128,0,,,
683992,2,11,312,11,0,threshold,8,,0,10000,20000,100000,64,drain,192,0,128,0,,,
684184,0,8,412,11,0,threshold,8,,0,10000,20000,100000,64,admit,128,0,192,0,,,
684184,0,10,412,7,0,threshold,10,,0,10000,20000,100000,64,admit,128,0,192,0,,,
684184,2,8,413,8,0,threshold,5,,0,10000,20000,100000,64,drain,1408,0,1344,0,,,
684184,2,10,413,10,0,threshold,13,,0,10000,20000,100000,64,drain,1408,0,1344,0,,,
684504,0,7,314,4,0,threshold,7,,0,10000,20000,100000,64,admit,448,0,512,0,,,
684504,0,11,314,12,0,threshold,11,,0,10000,20000,100000,64,admit,448,0,512,0,,,
684504,2,7,315,7,0,threshold,10,,0,10000,20000,100000,64,drain,192,0,128,0,,,
684504,2,11,315,11,0,threshold,8,,0,10000,20000,100000,64,drain,192,0,128,0,,,
684696,0,8,415,9,0,threshold,8,,0,10000,20000,100000,64,admit,0,0,64,0,,,
684696,0,10,415,6,0,threshold,10,,0,10000,20000,100000,64,admit,0,0,64,0,,,
684696,2,6,87,6,0,threshold,10,,0,10000,20000,100000,64,drain,64,0,0,0,,,
684696,2,8,416,8,0,threshold,5,,0,10000,20000,100000,64,drain,1344,0,1280,0,,,
684696,2,9,87,9,0,threshold,8,,0,10000,20000,100000,64,drain,64,0,0,0,,,
684696,2,10,416,10,0,threshold,13,,0,10000,20000,100000,64,drain,1344,0,1280,0,,,
685016,0,7,317,4,0,threshold,7,,0,10000,20000,100000,64,admit,512,0,576,0,,,
685016,0,11,317,12,0,threshold,11,,0,10000,20000,100000,64,admit,512,0,576,0,,,
685016,2,7,318,7,0,threshold,10,,0,10000,20000,100000,64,drain,128,0,64,0,,,
685016,2,11,318,11,0,threshold,8,,0,10000,20000,100000,64,drain,128,0,64,0,,,
685208,0,8,418,11,0,threshold,8,,0,10000,20000,100000,64,admit,64,0,128,0,,,
685208,0,10,418,7,0,threshold,10,,0,10000,20000,100000,64,admit,64,0,128,0,,,
685208,2,8,419,8,0,threshold,5,,0,10000,20000,100000,64,drain,1280,0,1216,0,,,
685208,2,10,419,10,0,threshold,13,,0,10000,20000,100000,64,drain,1280,0,1216,0,,,
685528,0,7,320,4,0,threshold,7,,0,10000,20000,100000,64,admit,576,0,640,0,,,
685528,0,11,320,12,0,threshold,11,,0,10000,20000,100000,64,admit,576,0,640,0,,,
685528,2,7,321,7,0,threshold,10,,0,10000,20000,100000,64,drain,128,0,64,0,,,
685528,2,11,321,11,0,threshold,8,,0,10000,20000,100000,64,drain,128,0,64,0,,,
685720,0,8,421,9,0,threshold,8,,0,10000,20000,100000,64,admit,0,0,64,0,,,
685720,0,10,421,6,0,threshold,10,,0,10000,20000,100000,64,admit,0,0,64,0,,,
685720,2,6,90,6,0,threshold,10,,0,10000,20000,100000,64,drain,64,0,0,0,,,
685720,2,8,422,8,0,threshold,5,,0,10000,20000,100000,64,drain,1216,0,1152,0,,,
685720,2,9,90,9,0,threshold,8,,0,10000,20000,100000,64,drain,64,0,0,0,,,
685720,2,10,422,10,0,threshold,13,,0,10000,20000,100000,64,drain,1216,0,1152,0,,,
686040,0,7,323,4,0,threshold,7,,0,10000,20000,100000,64,admit,640,0,704,0,,,
686040,0,11,323,12,0,threshold,11,,0,10000,20000,100000,64,admit,640,0,704,0,,,
686040,2,7,324,7,0,threshold,10,,0,10000,20000,100000,64,drain,64,0,0,0,,,
686040,2,11,324,11,0,threshold,8,,0,10000,20000,100000,64,drain,64,0,0,0,,,
686232,0,8,424,11,0,threshold,8,,0,10000,20000,100000,64,admit,0,0,64,0,,,
686232,0,10,424,7,0,threshold,10,,0,10000,20000,100000,64,admit,0,0,64,0,,,
686232,2,8,425,8,0,threshold,5,,0,10000,20000,100000,64,drain,1152,0,1088,0,,,
686232,2,10,425,10,0,threshold,13,,0,10000,20000,100000,64,drain,1152,0,1088,0,,,
686552,0,7,326,4,0,threshold,7,,0,10000,20000,100000,64,admit,704,0,768,0,,,
686552,0,11,326,12,0,threshold,11,,0,10000,20000,100000,64,admit,704,0,768,0,,,
686552,2,7,327,7,0,threshold,10,,0,10000,20000,100000,64,drain,64,0,0,0,,,
686552,2,11,327,11,0,threshold,8,,0,10000,20000,100000,64,drain,64,0,0,0,,,
686744,0,8,427,9,0,threshold,8,,0,10000,20000,100000,64,admit,0,0,64,0,,,
686744,0,10,427,6,0,threshold,10,,0,10000,20000,100000,64,admit,0,0,64,0,,,
686744,2,6,93,6,0,threshold,10,,0,10000,20000,100000,64,drain,64,0,0,0,,,
686744,2,8,428,8,0,threshold,5,,0,10000,20000,100000,64,drain,1088,0,1024,0,,,
686744,2,9,93,9,0,threshold,8,,0,10000,20000,100000,64,drain,64,0,0,0,,,
686744,2,10,428,10,0,threshold,13,,0,10000,20000,100000,64,drain,1088,0,1024,0,,,
687064,0,7,329,4,0,threshold,7,,0,10000,20000,100000,64,admit,768,0,832,0,,,
687064,0,11,329,12,0,threshold,11,,0,10000,20000,100000,64,admit,768,0,832,0,,,
687256,0,8,430,11,0,threshold,8,,0,10000,20000,100000,64,admit,0,0,64,0,,,
687256,0,10,430,7,0,threshold,10,,0,10000,20000,100000,64,admit,0,0,64,0,,,
687256,2,7,330,7,0,threshold,10,,0,10000,20000,100000,64,drain,64,0,0,0,,,
687256,2,8,431,8,0,threshold,5,,0,10000,20000,100000,64,drain,1024,0,960,0,,,
687256,2,10,431,10,0,threshold,13,,0,10000,20000,100000,64,drain,1024,0,960,0,,,
687256,2,11,330,11,0,threshold,8,,0,10000,20000,100000,64,drain,64,0,0,0,,,
687768,0,7,332,4,0,threshold,7,,0,10000,20000,100000,64,admit,832,0,896,0,,,
687768,0,8,433,9,0,threshold,8,,0,10000,20000,100000,64,admit,0,0,64,0,,,
687768,0,10,433,6,0,threshold,10,,0,10000,20000,100000,64,admit,0,0,64,0,,,
687768,0,11,332,12,0,threshold,11,,0,10000,20000,100000,64,admit,832,0,896,0,,,
687768,2,6,96,6,0,threshold,10,,0,10000,20000,100000,64,drain,64,0,0,0,,,
687768,2,8,434,8,0,threshold,5,,0,10000,20000,100000,64,drain,960,0,896,0,,,
687768,2,9,96,9,0,threshold,8,,0,10000,20000,100000,64,drain,64,0,0,0,,,
687768,2,10,434,10,0,threshold,13,,0,10000,20000,100000,64,drain,960,0,896,0,,,
688280,0,8,436,11,0,threshold,8,,0,10000,20000,100000,64,admit,0,0,64,0,,,
688280,0,10,436,7,0,threshold,10,,0,10000,20000,100000,64,admit,0,0,64,0,,,
688280,2,7,333,7,0,threshold,10,,0,10000,20000,100000,64,drain,64,0,0,0,,,
688280,2,8,437,8,0,threshold,5,,0,10000,20000,100000,64,drain,896,0,832,0,,,
688280,2,10,437,10,0,threshold,13,,0,10000,20000,100000,64,drain,896,0,832,0,,,
688280,2,11,333,11,0,threshold,8,,0,10000,20000,100000,64,drain,64,0,0,0,,,
688408,2,4,291,4,0,threshold,7,,0,10000,20000,100000,64,drain,896,0,832,0,,,
688408,2,12,291,12,0,threshold,11,,0,10000,20000,100000,64,drain,896,0,832,0,,,
688792,0,7,335,4,0,threshold,7,,0,10000,20000,100000,64,admit,832,0,896,0,,,
688792,0,8,439,9,0,threshold,8,,0,10000,20000,100000,64,admit,0,0,64,0,,,
688792,0,10,439,6,0,threshold,10,,0,10000,20000,100000,64,admit,0,0,64,0,,,
688792,0,11,335,12,0,threshold,11,,0,10000,20000,100000,64,admit,832,0,896,0,,,
688792,2,6,99,6,0,threshold,10,,0,10000,20000,100000,64,drain,64,0,0,0,,,
688792,2,8,440,8,0,threshold,5,,0,10000,20000,100000,64,drain,832,0,768,0,,,
688792,2,9,99,9,0,threshold,8,,0,10000,20000,100000,64,drain,64,0,0,0,,,
688792,2,10,440,10,0,threshold,13,,0,10000,20000,100000,64,drain,832,0,768,0,,,
688920,2,4,294,4,0,threshold,7,,0,10000,20000,100000,64,drain,896,0,832,0,,,
688920,2,12,294,12,0,threshold,11,,0,10000,20000,100000,64,drain,896,0,832,0,,,
689304,0,8,442,11,0,threshold,8,,0,10000,20000,100000,64,admit,0,0,64,0,,,
689304,0,10,442,7,0,threshold,10,,0,10000,20000,100000,64,admit,0,0,64,0,,,
689304,2,7,336,7,0,threshold,10,,0,10000,20000,100000,64,drain,64,0,0,0,,,
689304,2,8,443,8,0,threshold,5,,0,10000,20000,100000,64,drain,768,0,704,0,,,
689304,2,10,443,10,0,threshold,13,,0,10000,20000,100000,64,drain,768,0,704,0,,,
689304,2,11,336,11,0,threshold,8,,0,10000,20000,100000,64,drain,64,0,0,0,,,
689432,0,5,359,8,0,threshold,5,,0,10000,20000,100000,64,admit,704,0,768,0,,,
689432,0,13,359,10,0,threshold,13,,0,10000,20000,100000,64,admit,704,0,768,0,,,
689432,2,4,297,4,0,threshold,7,,0,10000,20000,100000,64,drain,832,0,768,0,,,
689432,2,12,297,12,0,threshold,11,,0,10000,20000,100000,64,drain,832,0,768,0,,,
689816,0,7,338,4,0,threshold,7,,0,10000,20000,100000,64,admit,768,0,832,0,,,
689816,0,8,445,9,0,threshold,8,,0,10000,20000,100000,64,admit,0,0,64,0,,,
689816,0,10,445,6,0,threshold,10,,0,10000,20000,100000,64,admit,0,0,64,0,,,
689816,0,11,338,12,0,threshold,11,,0,10000,20000,100000,64,admit,768,0,832,0,,,
689816,2,6,102,6,0,threshold,10,,0,10000,20000,100000,64,drain,64,0,0,0,,,
689816,2,8,446,8,0,threshold,5,,0,10000,20000,100000,64,drain,768,0,704,0,,,
689816,2,9,102,9,0,threshold,8,,0,10000,20000,100000,64,drain,64,0,0,0,,,
689816,2,10,446,10,0,threshold,13,,0,10000,20000,100000,64,drain,768,0,704,0,,,
689944,2,4,300,4,0,threshold,7,,0,10000,20000,100000,64,drain,832,0,768,0,,,
689944,2,12,300,12,0,threshold,11,,0,10000,20000,100000,64,drain,832,0,768,0,,,
690328,0,8,448,11,0,threshold,8,,0,10000,20000,100000,64,admit,0,0,64,0,,,
690328,0,10,448,7,0,threshold,10,,0,10000,20000,100000,64,admit,0,0,64,0,,,
690328,2,7,339,7,0,threshold,10,,0,10000,20000,100000,64,drain,64,0,0,0,,,
690328,2,8,449,8,0,threshold,5,,0,10000,20000,100000,64,drain,704,0,640,0,,,
690328,2,10,449,10,0,threshold,13,,0,10000,20000,100000,64,drain,704,0,640,0,,,
690328,2,11,339,11,0,threshold,8,,0,10000,20000,100000,64,drain,64,0,0,0,,,
690456,2,4,303,4,0,threshold,7,,0,10000,20000,100000,64,drain,768,0,704,0,,,
690456,2,12,303,12,0,threshold,11,,0,10000,20000,100000,64,drain,768,0,704,0,,,
690840,0,7,341,4,0,threshold,7,,0,10000,20000,100000,64,admit,704,0,768,0,,,
690840,0,8,451,9,0,threshold,8,,0,10000,20000,100000,64,admit,0,0,64,0,,,
690840,0,10,451,6,0,threshold,10,,0,10000,20000,100000,64,admit,0,0,64,0,,,
690840,0,11,341,12,0,threshold,11,,0,10000,20000,100000,64,admit,704,0,768,0,,,
690840,2,6,105,6,0,threshold,10,,0,10000,20000,100000,64,drain,64,0,0,0,,,
690840,2,8,452,8,0,threshold,5,,0,10000,20000,100000,64,drain,640,0,576,0,,,
690840,2,9,105,9,0,threshold,8,,0,10000,20000,100000,64,drain,64,0,0,0,,,
690840,2,10,452,10,0,threshold,13,,0,10000,20000,100000,64,drain,640,0,576,0,,,
690968,2,4,306,4,0,threshold,7,,0,10000,20000,100000,64,drain,768,0,704,0,,,
690968,2,12,306,12,0,threshold,11,,0,10000,20000,100000,64,drain,768,0,704,0,,,
691352,0,8,454,11,0,threshold,8,,0,10000,20000,100000,64,admit,0,0,64,0,,,
691352,0,10,454,7,0,threshold,10,,0,10000,20000,100000,64,admit,0,0,64,0,,,
691352,2,7,342,7,0,threshold,10,,0,10000,20000,100000,64,drain,64,0,0,0,,,
691352,2,8,455,8,0,threshold,5,,0,10000,20000,100000,64,drain,576,0,512,0,,,
691352,2,10,455,10,0,threshold,13,,0,10000,20000,100000,64,drain,576,0,512,0,,,
691352,2,11,342,11,0,threshold,8,,0,10000,20000,100000,64,drain,64,0,0,0,,,
691480,2,4,309,4,0,threshold,7,,0,10000,20000,100000,64,drain,704,0,640,0,,,
691480,2,12,309,12,0,threshold,11,,0,10000,20000,100000,64,drain,704,0,640,0,,,
691864,0,7,344,4,0,threshold,7,,0,10000,20000,100000,64,admit,640,0,704,0,,,
691864,0,8,457,9,0,threshold,8,,0,10000,20000,100000,64,admit,0,0,64,0,,,
691864,0,10,457,6,0,threshold,10,,0,10000,20000,100000,64,admit,0,0,64,0,,,
691864,0,11,344,12,0,threshold,11,,0,10000,20000,100000,64,admit,640,0,704,0,,,
691864,2,6,108,6,0,threshold,10,,0,10000,20000,100000,64,drain,64,0,0,0,,,
691864,2,8,458,8,0,threshold,5,,0,10000,20000,100000,64,drain,512,0,448,0,,,
691864,2,9,108,9,0,threshold,8,,0,10000,20000,100000,64,drain,64,0,0,0,,,
691864,2,10,458,10,0,threshold,13,,0,10000,20000,100000,64,drain,512,0,448,0,,,
691992,2,4,312,4,0,threshold,7,,0,10000,20000,100000,64,drain,704,0,640,0,,,
691992,2,12,312,12,0,threshold,11,,0,10000,20000,100000,64,drain,704,0,640,0,,,
692376,0,8,460,9,0,threshold,8,,0,10000,20000,100000,64,admit,0,0,64,0,,,
692376,0,10,460,6,0,threshold,10,,0,10000,20000,100000,64,admit,0,0,64,0,,,
692376,2,6,111,6,0,threshold,10,,0,10000,20000,100000,64,drain,64,0,0,0,,,
692376,2,8,461,8,0,threshold,5,,0,10000,20000,100000,64,drain,448,0,384,0,,,
692376,2,9,111,9,0,threshold,8,,0,10000,20000,100000,64,drain,64,0,0,0,,,
692376,2,10,461,10,0,threshold,13,,0,10000,20000,100000,64,drain,448,0,384,0,,,
692504,2,4,315,4,0,threshold,7,,0,10000,20000,100000,64,drain,640,0,576,0,,,
692504,2,12,315,12,0,threshold,11,,0,10000,20000,100000,64,drain,640,0,576,0,,,
692888,0,8,463,11,0,threshold,8,,0,10000,20000,100000,64,admit,0,0,64,0,,,
692888,0,10,463,7,0,threshold,10,,0,10000,20000,100000,64,admit,0,0,64,0,,,
692888,2,7,345,7,0,threshold,10,,0,10000,20000,100000,64,drain,64,0,0,0,,,
692888,2,8,464,8,0,threshold,5,,0,10000,20000,100000,64,drain,384,0,320,0,,,
692888,2,10,464,10,0,threshold,13,,0,10000,20000,100000,64,drain,384,0,320,0,,,
692888,2,11,345,11,0,threshold,8,,0,10000,20000,100000,64,drain,64,0,0,0,,,
693016,2,4,318,4,0,threshold,7,,0,10000,20000,100000,64,drain,576,0,512,0,,,
693016,2,12,318,12,0,threshold,11,,0,10000,20000,100000,64,drain,576,0,512,0,,,
693400,0,7,347,4,0,threshold,7,,0,10000,20000,100000,64,admit,512,0,576,0,,,
693400,0,8,466,9,0,threshold,8,,0,10000,20000,100000,64,admit,0,0,64,0,,,
693400,0,10,466,6,0,threshold,10,,0,10000,20000,100000,64,admit,0,0,64,0,,,
693400,0,11,347,12,0,threshold,11,,0,10000,20000,100000,64,admit,512,0,576,0,,,
693400,2,6,114,6,0,threshold,10,,0,10000,20000,100000,64,drain,64,0,0,0,,,
693400,2,8,467,8,0,threshold,5,,0,10000,20000,100000,64,drain,320,0,256,0,,,
693400,2,9,114,9,0,threshold,8,,0,10000,20000,100000,64,drain,64,0,0,0,,,
693400,2,10,467,10,0,threshold,13,,0,10000,20000,100000,64,drain,320,0,256,0,,,
693528,2,4,321,4,0,threshold,7,,0,10000,20000,100000,64,drain,576,0,512,0,,,
693528,2,12,321,12,0,threshold,11,,0,10000,20000,100000,64,drain,576,0,512,0,,,
693912,0,8,469,11,0,threshold,8,,0,10000,20000,100000,64,admit,0,0,64,0,,,
693912,0,10,469,7,0,threshold,10,,0,10000,20000,100000,64,admit,0,0,64,0,,,
693912,2,7,348,7,0,threshold,10,,0,10000,20000,100000,64,drain,64,0,0,0,,,
693912,2,8,470,8,0,threshold,5,,0,10000,20000,100000,64,drain,256,0,192,0,,,
693912,2,10,470,10,0,threshold,13,,0,10000,20000,100000,64,drain,256,0,192,0,,,
693912,2,11,348,11,0,threshold,8,,0,10000,20000,100000,64,drain,64,0,0,0,,,
694040,2,4,324,4,0,threshold,7,,0,10000,20000,100000,64,drain,512,0,448,0,,,
694040,2,12,324,12,0,threshold,11,,0,10000,20000,100000,64,drain,512,0,448,0,,,
694424,0,7,350,4,0,threshold,7,,0,10000,20000,100000,64,admit,448,0,512,0,,,
694424,0,8,472,11,0,threshold,8,,0,10000,20000,100000,64,admit,0,0,64,0,,,
694424,0,10,472,7,0,threshold,10,,0,10000,20000,100000,64,admit,0,0,64,0,,,
694424,0,11,350,12,0,threshold,11,,0,10000,20000,100000,64,admit,448,0,512,0,,,
694424,2,7,351,7,0,threshold,10,,0,10000,20000,100000,64,drain,64,0,0,0,,,
694424,2,8,473,8,0,threshold,5,,0,10000,20000,100000,64,drain,192,0,128,0,,,
694424,2,10,473,10,0,threshold,13,,0,10000,20000,100000,64,drain,192,0,128,0,,,
694424,2,11,351,11,0,threshold,8,,0,10000,20000,100000,64,drain,64,0,0,0,,,
694552,2,4,327,4,0,threshold,7,,0,10000,20000,100000,64,drain,512,0,448,0,,,
694552,2,12,327,12,0,threshold,11,,0,10000,20000,100000,64,drain,512,0,448,0,,,
694936,0,7,353,4,0,threshold,7,,0,10000,20000,100000,64,admit,448,0,512,0,,,
694936,0,8,475,9,0,threshold,8,,0,10000,20000,100000,64,admit,0,0,64,0,,,
694936,0,10,475,6,0,threshold,10,,0,10000,20000,100000,64,admit,0,0,64,0,,,
694936,0,11,353,12,0,threshold,11,,0,10000,20000,100000,64,admit,448,0,512,0,,,
694936,2,6,117,6,0,threshold,10,,0,10000,20000,100000,64,drain,64,0,0,0,,,
694936,2,8,476,8,0,threshold,5,,0,10000,20000,100000,64,drain,128,0,64,0,,,
694936,2,9,117,9,0,threshold,8,,0,10000,20000,100000,64,drain,64,0,0,0,,,
694936,2,10,476,10,0,threshold,13,,0,10000,20000,100000,64,drain,128,0,64,0,,,
695064,2,4,330,4,0,threshold,7,,0,10000,20000,100000,64,drain,512,0,448,0,,,
695064,2,12,330,12,0,threshold,11,,0,10000,20000,100000,64,drain,512,0,448,0,,,
695448,0,8,478,11,0,threshold,8,,0,10000,20000,100000,64,admit,0,0,64,0,,,
695448,0,10,478,7,0,threshold,10,,0,10000,20000,100000,64,admit,0,0,64,0,,,
695448,2,7,354,7,0,threshold,10,,0,10000,20000,100000,64,drain,64,0,0,0,,,
695448,2,8,479,8,0,threshold,5,,0,10000,20000,100000,64,drain,64,0,0,0,,,
695448,2,10,479,10,0,threshold,13,,0,10000,20000,100000,64,drain,64,0,0,0,,,
695448,2,11,354,11,0,threshold,8,,0,10000,20000,100000,64,drain,64,0,0,0,,,
695576,2,4,333,4,0,threshold,7,,0,10000,20000,100000,64,drain,448,0,384,0,,,
695576,2,12,333,12,0,threshold,11,,0,10000,20000,100000,64,drain,448,0,384,0,,,
695960,0,7,356,4,0,threshold,7,,0,10000,20000,100000,64,admit,384,0,448,0,,,
695960,0,8,481,11,0,threshold,8,,0,10000,20000,100000,64,admit,0,0,64,0,,,
695960,0,10,481,7,0,threshold,10,,0,10000,20000,100000,64,admit,0,0,64,0,,,
695960,0,11,356,12,0,threshold,11,,0,10000,20000,100000,64,admit,384,0,448,0,,,
695960,2,7,357,7,0,threshold,10,,0,10000,20000,100000,64,drain,64,0,0,0,,,
695960,2,11,357,11,0,threshold,8,,0,10000,20000,100000,64,drain,64,0,0,0,,,
696088,2,4,336,4,0,threshold,7,,0,10000,20000,100000,64,drain,448,0,384,0,,,
696088,2,12,336,12,0,threshold,11,,0,10000,20000,100000,64,drain,448,0,384,0,,,
696472,0,7,359,4,0,threshold,7,,0,10000,20000,100000,64,admit,384,0,448,0,,,
696472,0,11,359,12,0,threshold,11,,0,10000,20000,100000,64,admit,384,0,448,0,,,
696600,2,4,339,4,0,threshold,7,,0,10000,20000,100000,64,drain,448,0,384,0,,,
696600,2,12,339,12,0,threshold,11,,0,10000,20000,100000,64,drain,448,0,384,0,,,
697112,2,4,342,4,0,threshold,7,,0,10000,20000,100000,64,drain,384,0,320,0,,,
697112,2,12,342,12,0,threshold,11,,0,10000,20000,100000,64,drain,384,0,320,0,,,
697624,2,4,345,4,0,threshold,7,,0,10000,20000,100000,64,drain,320,0,256,0,,,
697624,2,12,345,12,0,threshold,11,,0,10000,20000,100000,64,drain,320,0,256,0,,,
698136,2,4,348,4,0,threshold,7,,0,10000,20000,100000,64,drain,256,0,192,0,,,
698136,2,12,348,12,0,threshold,11,,0,10000,20000,100000,64,drain,256,0,192,0,,,
698648,2,4,351,4,0,threshold,7,,0,10000,20000,100000,64,drain,192,0,128,0,,,
698648,2,12,351,12,0,threshold,11,,0,10000,20000,100000,64,drain,192,0,128,0,,,
699160,2,4,354,4,0,threshold,7,,0,10000,20000,100000,64,drain,128,0,64,0,,,
699160,2,12,354,12,0,threshold,11,,0,10000,20000,100000,64,drain,128,0,64,0,,,
699672,2,4,357,4,0,threshold,7,,0,10000,20000,100000,64,drain,64,0,0,0,,,
699672,2,12,357,12,0,threshold,11,,0,10000,20000,100000,64,drain,64,0,0,0,,,
